8.1508,2.6475,0.6539,-2.6781,-0.3863,-3.2242,3.3388,3.0662,-3.1893,0.0409,4.8578,-8.2266,4.7636,7.2971,-2.6887,-5.8822,3.6192,9.5679,-3.9514,-6.9508,2.591,7.0277,-3.5044,3.7918,-7.4876,2.4561,5.4374,-5.0067,-4.596,6.8021,5.8476,-3.9799,-4.7338,-8.3954,8.5725,-3.0742,9.8275,4.3659,-2.724,1.4233,-5.0766,7.0989,-1.1302,-8.5747,6.6508,-6.385,8.0182,-0.2335,2.9979,-1.041,6.069,-9.3263,-0.6823,4.166,-2.0044,1.3585,6.7357,6.3324,9.9381,7.2495,6.2458,6.3984,-2.087,6.1511,5.6024,7.7912,5.7072,-6.9225,1.1921,-2.5679,-5.5505,-6.0213,2.3188,7.2481,1.516,1.0833,4.8039,-4.4633,0.0652,-6.1111,-9.0352,2.8475,-2.3937,-0.1007,1.3264,-3.2108,-5.8806,-6.1021,1.3788,9.6661,-9.3417,7.2105,3.7926,8.2802,-1.4945,-8.2557,-1.7603,7.8415,-8.3082,4.3301,-9.3491,3.9401,5.4173,-1.7864,-1.472,4.0697,9.8102,0.152,-1.0019,8.2989,-0.0628,-5.4415,-8.4485,4.7016,-7.8769,-2.439,-6.4886,5.2821,3.9014,9.753,-1.1751,-6.7659,-0.304,-9.8184,0.3179,8.9945,7.7379,1.132,-0.9217,-1.7541,-3.2475,9.8011,1.5707,7.2224,9.2289,0.6724,9.1925,9.3943,8.6503,-4.5848,1.4172,-5.755,2.7219,8.8297,-7.6086,-5.9336,1.5473,-1.2527,-6.052,9.324,-9.2942,-4.3993,-7.7004,2.0474,8.5363,1.381,9.8599,6.078,-3.8517,5.0711,-8.04,-9.8973,-8.5479,5.2009,-5.7553,9.6929,5.3068,-0.1747,4.6002,-8.9884,-7.8881,3.4221,-3.8379,7.201,0.8923,-2.4063,7.2807,7.4848,0.5546,-7.4336,6.3443,0.833,-3.8943,-8.1623,2.1697,2.4747,-9.7353,9.173,8.2338,-0.3174,-1.7466,1.0906,5.6921,1.1202,-0.1314,1.6101,-2.8033,4.9595,-4.5947,-1.5042
8.4851,2.8787,0.4957,-9.7992,-5.5064,9.0913,-3.2246,-7.4521,9.8448,-3.9239,-7.39,-3.66,7.3148,-4.7806,-9.3387,3.335,-6.1761,3.7851,0.6292,0.2393,-7.4322,-3.2388,-2.3735,9.83,-5.4609,-3.1822,2.4298,0.8835,8.0954,-9.3157,-2.9232,-7.1272,5.4299,5.9538,-8.8666,-5.6384,-3.0039,-0.8516,8.807,-0.0534,5.51,4.7137,8.7256,9.8987,9.5819,-0.6147,4.7056,-0.5116,-6.3184,0.313,1.4545,-1.812,8.2777,1.8012,4.599,9.4942,-5.9739,-0.9551,2.1172,-6.5099,-1.538,9.1983,-0.6703,-6.2526,2.192,-9.5344,0.8271,-3.5782,-3.9857,-8.9841,-8.5649,4.3454,6.5027,-6.3058,6.7797,0.6524,-8.5455,-7.5066,-1.7528,-4.5936,5.217,4.0656,-6.5089,-6.4041,4.2547,-1.5013,-8.1144,-6.2307,-4.9557,6.5213,-3.8871,-7.5054,-2.5421,1.3952,-8.8623,6.6469,-6.4109,6.6219,6.3862,-4.6036,7.916,8.6597,-2.1863,2.5718,-7.7185,-1.6555,-6.803,7.4049,-9.6877,5.8194,1.6121,-6.8216,2.4066,-7.4051,-8.8549,0.5558,-1.3183,1.4169,-3.1017,-7.4567,2.4277,-8.0591,9.9525,4.1652,-1.103,9.069,7.3525,8.3756,-9.7762,-8.328,8.1547,-1.4199,5.5647,-8.2102,-4.5665,9.673,7.2707,-3.6874,9.1401,-0.0152,-4.3922,-3.6368,0.9622,-6.6218,-4.0269,-5.1054,5.6463,-2.5341,-9.256,0.3729,8.4593,4.9406,1.0031,2.775,2.1428,5.6619,1.5782,0.226,-1.5167,-3.6972,7.0488,-8.3727,-2.067,5.3458,6.9474,-6.71,-3.5304,5.0348,1.9859,-3.9743,-0.6933,0.713,-8.6725,5.2721,3.4217,-9.9517,-3.7529,-1.6409,7.7968,6.2048,-9.3709,4.3276,2.0327,-0.9261,5.3072,9.1594,-2.2022,-9.893,-2.9833,8.6596,0.6455,2.1294,-5.7795,7.7182,-2.4235,-2.1952,-9.8765,-4.2063,5.0078,-3.3074
-8.7959,-9.9431,-9.1779,-7.2922,3.7705,9.9853,2.7844,-8.6022,9.7716,6.3983,5.4795,2.9122,-6.3565,5.5799,-2.9311,6.3438,2.6122,-6.8106,-1.6193,-2.2728,-8.5609,-7.7796,3.2956,-4.0218,9.9907,6.6185,-9.2726,-4.1855,-5.012,-1.8764,8.3134,5.4634,5.4131,-3.0542,-4.8164,3.8325,5.0743,-6.1076,4.48,-2.9876,-1.6294,-8.6407,1.1379,2.6364,1.3398,-1.865,1.2678,7.1588,-4.3691,-7.8325,8.9876,-9.9007,1.8854,0.0733,-2.4433,-0.0428,9.2001,-7.7798,-3.5924,-0.7868,-0.2305,0.2833,-4.4671,4.488,6.4248,9.4054,-0.0181,0.3225,8.8491,-4.2311,5.1641,-0.7773,-4.3559,3.4448,-3.6955,-9.3402,9.981,5.0892,8.6209,9.8541,-5.4103,8.5612,8.8814,-5.5046,2.2308,2.8206,7.4366,6.1995,-0.1417,-2.4778,3.7276,6.5875,-6.9946,8.4794,8.0978,9.1202,-8.2234,1.5872,2.6784,-9.932,-1.3236,-1.0081,-9.7838,1.8455,4.5293,8.1643,1.7682,2.8189,-4.4147,3.7712,-9.416,0.013,0.4822,-1.6062,3.0712,8.6239,-1.4844,-8.14,-1.9694,-3.7859,9.4121,1.9098,6.4537,3.9869,7.4099,-6.8754,-9.0539,6.7398,-4.5175,-8.1905,7.5452,8.6141,1.7018,-4.7061,-2.2747,7.4628,-8.1042,-0.5711,0.3912,0.2089,8.8153,-3.3233,-4.1911,9.5092,-7.1719,4.3048,-7.0518,3.6582,9.2855,0.3564,2.4385,3.3916,1.4668,-1.2731,4.7225,-4.967,-3.6982,2.76,-4.263,-3.1595,-1.3372,-3.1364,-3.0534,5.9055,-2.6344,8.0662,0.6165,5.2698,-4.4739,-1.2696,0.7043,8.4563,-7.364,-7.489,-4.9975,3.0377,4.0919,9.5081,-3.8164,-6.2636,-4.8193,-5.058,9.3396,1.3188,-3.327,0.4728,-0.0771,-1.8066,-9.0663,-8.7387,-7.1402,8.4759,-9.0807,9.3284,-8.4097,8.5741,-5.0706,-1.4815,7.8706,-9.5838
-5.6779,-4.3355,-1.3863,-2.7041,1.741,8.1663,-2.0628,5.5945,-4.0863,4.9267,2.0469,-0.3831,3.8729,5.6221,-2.4099,3.3265,7.3695,-6.3782,-6.6335,7.3181,7.9631,0.7712,1.6956,5.4508,6.0696,-6.7948,9.4628,5.7909,0.2401,-3.1079,-6.0656,4.744,-6.597,-7.347,-6.3784,-2.0351,-1.035,4.9373,-5.6214,-3.268,-1.4723,-4.3939,7.5208,-0.0444,9.5494,0.9315,-2.4258,-3.5166,9.8346,-5.1431,8.278,-4.9616,-2.0824,6.3647,-0.5333,-6.1965,0.1329,3.9669,8.8211,-5.775,1.3319,-1.5295,-4.1231,3.7994,5.8232,-6.0484,-9.343,-6.7141,-7.4557,0.9193,-0.8496,4.2473,8.859,6.9054,2.7043,2.5936,-8.5754,5.2014,-8.9485,5.201,5.8302,2.3531,-2.0085,7.6477,9.1978,-1.6891,-6.0738,-1.7573,-3.7783,-0.2894,-8.0649,-5.5543,-1.7577,-0.119,-1.9181,-5.1407,-4.5186,-0.8814,4.6943,-8.6817,-9.0924,-8.4907,-4.9139,-5.7041,9.9924,9.3344,-5.8683,-6.807,-1.2511,3.8354,7.6764,6.1926,3.8312,-2.9897,4.3382,-5.8389,3.2558,-7.9566,0.7715,4.8899,-3.455,8.2278,8.1885,7.5474,-0.4416,9.1349,-7.0402,-8.1832,8.793,-6.8444,8.5567,-6.4903,-6.8583,9.6517,3.5608,-1.7078,0.6687,-3.6936,1.8255,-1.3068,9.4822,3.6551,2.7197,-4.4057,9.0133,1.3351,8.4807,-3.4065,5.6869,-0.0339,-8.8692,-8.2076,9.1131,3.8503,-9.2073,6.9398,-4.9488,-7.4274,-1.1171,6.6601,5.4758,-1.4042,5.4079,6.9949,4.6393,4.4285,-1.8253,7.4551,2.4405,-7.5633,2.6043,2.7874,2.3696,-0.3315,5.1997,-5.3509,-3.7354,-7.25,6.776,7.3743,-0.3919,-2.8834,0.7086,0.9644,-1.9867,5.8317,3.3471,-1.5629,8.2976,6.7088,1.4046,3.3371,9.052,2.3623,2.5593,1.7355,-9.3007,-9.0205,7.9176,5.8503
-8.5896,-3.3781,6.9242,-9.5871,-2.5528,-7.4456,7.6986,7.8971,9.3219,-7.6608,-9.9828,5.6463,1.8512,-5.3629,6.5134,-3.4076,6.3201,3.8798,0.6,4.8389,-8.1493,8.8661,-1.8785,9.3508,8.0392,-1.4624,-7.3087,5.8487,1.3508,8.7963,2.7195,9.0819,-8.9803,-2.627,-8.7421,-5.6418,8.7978,7.4769,-3.5161,1.29,1.2493,-6.2494,5.5278,1.7931,2.5807,-4.8439,3.0418,6.0978,-9.0278,4.2858,-7.3294,-6.0661,-5.4455,-0.1182,2.7011,5.8837,9.3274,-2.0248,2.3676,-8.4985,6.0154,1.4351,8.0126,6.2906,-2.1042,1.1012,-3.7959,-6.3214,9.3155,1.1553,-1.5965,1.5996,-7.3657,1.8034,7.3203,-9.7227,7.919,-7.8864,-0.4327,2.0573,3.8487,6.1861,7.3736,9.7524,0.0954,4.9631,2.2836,-9.9195,-9.2245,2.2744,1.5635,5.1359,-5.2424,-5.9879,5.4606,-1.7864,4.6827,-6.8819,6.2888,-6.3778,-6.424,4.9111,3.6838,6.5527,-2.5006,-7.9355,4.8295,9.2204,2.8308,-8.9864,-3.5776,-5.6257,6.0297,-1.372,-9.8263,-4.1479,5.2135,-9.7386,7.1514,4.6767,-9.9279,4.2922,-9.1128,4.9624,8.3557,-8.8532,-8.6894,-7.8327,-9.0855,0.73,6.8891,-7.2801,0.9001,8.0708,-3.0547,-2.5124,-3.5125,5.2487,-2.3174,-1.0272,9.0869,7.7458,0.5362,4.6621,-7.4435,2.3205,2.1107,-5.9694,8.2528,2.66,0.7583,-9.9392,-5.9651,-9.3311,7.6909,5.8568,0.1744,7.1111,-8.6589,0.2349,-0.5226,2.4046,-4.9487,-6.9178,8.8566,5.0667,-8.5918,-9.7518,-2.5209,-3.7064,-0.0934,-0.7532,-5.0643,-6.5849,-6.0081,5.5344,-0.2501,9.8395,7.6559,6.1023,7.2637,-2.1772,-9.7551,7.1773,-1.2479,6.1879,7.3957,-8.1852,-7.1862,0.1821,5.623,6.0276,3.925,0.7112,6.0789,-1.3514,6.6828,2.5025,-6.8404,-2.4172
6.7525,6.6762,2.7599,8.0681,-0.4921,-1.2149,-7.0587,-9.346,-0.9691,3.4963,9.7926,-7.868,-3.919,1.4565,5.8258,9.2052,-1.248,-2.4683,-4.7308,3.685,-1.9293,5.4217,-7.397,4.5572,-2.5964,-3.9308,7.4681,-0.7852,8.656,-4.9595,-2.9312,1.056,0.4783,9.6254,6.7985,5.8008,2.3719,-5.2897,8.8274,5.0108,2.916,-8.398,3.6343,8.6687,8.6521,-2.3582,-0.0655,-6.2816,2.3188,4.496,-1.1545,-6.8343,2.496,9.5284,-9.1537,7.0781,-3.3425,1.9422,5.0715,-7.527,5.6783,0.2171,8.2886,2.0269,4.3897,8.0357,5.4784,2.2518,-0.6974,-2.5536,6.9158,2.2527,-3.1239,8.3926,-7.4462,0.9463,2.4936,-0.9601,1.1601,7.8072,-3.7288,-5.0561,-6.6615,-5.5834,-0.8325,7.0119,8.632,-9.7541,-4.6155,8.3125,9.3682,-6.2279,8.0277,-3.0143,-7.624,-4.6135,9.6565,2.4796,-4.9843,6.9989,-4.3872,-4.581,9.7181,6.5832,-8.0213,4.8344,8.0617,-2.9825,7.3878,-7.0249,9.7241,5.041,-9.0264,-2.4708,6.3134,-2.6593,-6.5817,-2.6322,9.115,-8.2361,-5.0866,-5.4374,6.8355,-0.9604,4.4676,-8.1054,-2.359,9.0732,7.9389,2.9446,4.9113,-1.387,5.1017,-7.7957,4.8723,6.5616,6.7748,-7.1285,-7.2251,-0.7969,5.2851,6.0401,0.0676,-3.2319,4.5511,9.7695,-7.3552,-4.4432,0.8096,5.8676,-7.2763,-1.4099,-0.0374,4.8386,-2.603,3.3175,0.8573,-4.6371,6.4893,-0.406,5.7653,1.6483,8.4954,9.9839,4.5966,-8.3234,-9.0562,9.5838,4.9419,2.7077,-5.1886,6.0508,7.6956,7.9076,9.3928,-0.7348,-6.697,1.1166,9.8494,-5.9258,-4.1548,-3.834,6.1496,0.1394,-0.8898,-3.7716,0.4895,-3.0176,-9.356,-2.173,-2.7022,-7.674,-4.5101,-6.5634,7.0614,8.371,4.8257,1.1749,-6.9682,-8.7734
7.8407,6.4245,-8.6713,-9.082,-9.9633,7.9121,-5.1787,6.1024,8.2808,-0.1538,2.7598,-3.5031,-2.165,-4.0545,-6.7331,-0.7798,2.7158,7.8407,-5.8684,2.5702,5.0553,9.7152,-4.8631,-5.8044,-7.1072,-7.8778,0.5299,-2.0294,-6.0229,-4.4596,1.2937,6.9911,-5.3431,8.7286,2.4548,-4.4407,3.6625,0.9104,-7.8352,4.1743,-7.3371,1.5229,6.3047,-8.0053,9.8782,-8.0145,9.4935,-0.943,0.1162,-7.3893,-4.1526,-0.1634,2.7714,-5.697,4.4721,-2.5727,0.174,-9.3744,-5.7484,2.6686,1.1632,-2.8124,-2.0789,-5.5755,5.5549,4.6961,6.9737,2.5405,-8.9367,-4.5852,8.5046,-2.4533,6.5658,-1.3818,4.6169,9.5303,9.5651,8.5544,6.3507,0.8182,-6.2975,-9.0587,6.2755,-7.5856,9.854,5.4729,6.8197,-4.265,8.0951,4.607,-8.6548,1.2442,-2.397,0.0029,-6.1428,-3.7361,-2.4605,7.1964,3.7871,6.7185,4.9338,-8.6441,-7.3888,-8.7149,6.4992,7.2116,-9.3338,-1.9053,7.5396,-0.0681,3.4455,8.3517,-4.1316,-2.047,-2.1096,-1.8795,5.6506,8.9816,6.0768,0.8857,-2.253,0.0142,9.3769,9.851,-6.2799,-3.7972,4.1207,2.5319,1.377,-2.33,-5.5059,7.623,7.7384,9.4006,-9.0354,-6.5591,-8.5088,1.0388,-9.8251,-6.2755,0.8989,4.9316,-6.0944,5.9775,-9.2128,-2.9288,6.311,-5.7676,8.0988,-6.9335,3.167,8.153,3.632,-5.8229,-1.3857,8.8783,-0.3911,5.6293,-5.1238,7.8068,3.7728,8.3671,0.4242,-7.823,-6.5233,-7.5377,7.441,-0.4568,-4.6667,-3.1434,5.5608,7.1893,3.4464,3.6824,3.1803,1.7079,-7.8869,3.2165,-5.8272,7.4144,-7.7254,-2.678,0.8962,1.0524,-3.2136,6.2147,-8.4592,-6.4555,0.7974,6.1164,-1.6491,8.4369,6.8064,9.457,2.7665,-1.4405,3.5879,7.0599,9.6503,9.8424
-5.6441,-0.8079,-5.3295,-8.038,5.9214,6.75,-3.9191,-4.6691,-4.2944,-2.1291,-1.736,5.4411,-7.0215,6.9135,-6.7138,7.6153,1.5749,-3.7544,-3.7854,5.6089,-1.5436,-7.135,4.195,4.2948,4.2068,8.0283,4.2029,-6.4449,8.8393,5.8985,-4.6655,2.8618,-9.8708,-1.9697,0.0329,9.3942,9.2012,-3.4119,-9.792,9.4996,4.0327,7.4686,-9.3334,-8.9278,-9.462,-5.8531,7.4162,6.1397,-3.264,-1.2884,7.6727,9.8685,-2.45,3.8847,-1.755,3.7633,-1.8402,-8.6226,-2.1794,-8.4473,-1.7581,-4.1976,-5.1609,5.5755,-7.2266,5.4637,-3.8397,2.0203,-1.1242,0.5665,1.1844,-6.6059,0.3055,2.6106,-2.8198,-5.7013,-3.1449,-6.2564,-5.7938,0.888,0.6159,8.4642,-8.1632,6.0096,-0.2723,-1.7476,-5.3934,6.7415,7.5283,-1.6624,-0.2053,1.4589,1.5266,4.6374,-5.2968,2.9669,4.4714,-7.0493,0.3599,7.6536,9.947,1.2437,2.7359,6.112,6.7111,0.196,-0.2231,-1.8731,0.0707,9.4838,-5.6112,6.9548,7.9509,-5.8961,2.8673,7.4295,-6.4533,-7.4059,-0.9653,-4.8209,4.7853,6.1268,1.4235,7.0024,7.5262,-4.5481,-6.0267,-3.0916,-3.7778,-1.6265,7.2024,7.2914,-5.0654,-2.1696,-4.9787,2.4084,9.1813,7.5396,-4.3129,8.2798,-7.7653,-1.8791,-7.9343,0.5026,-2.2119,-5.755,-6.8024,-4.0098,9.8112,5.4293,4.1255,9.6766,2.8582,9.4541,0.8039,-7.5814,-8.6432,2.8274,-9.8841,-5.1966,3.05,-7.6822,-9.8986,-6.3785,-2.7156,-8.9528,1.1387,5.3623,6.5345,-8.7122,-7.0507,4.5147,5.5691,2.7391,-8.3101,-9.485,6.6902,-4.763,-0.9647,1.1717,1.521,-9.3327,3.9595,7.5875,-2.2786,4.7598,-4.6905,9.5054,-6.837,5.4606,-7.7473,-9.8345,-5.9019,-8.5591,6.9521,0.2325,-1.4825,-3.99,0.2136,-5.7229
4.4619,-7.1789,3.2947,7.6054,9.4323,3.1056,-0.6747,5.2435,7.3126,-1.012,-6.3521,-8.5328,-8.8234,-0.9979,4.7352,-7.9683,4.1491,6.0098,0.0088,-2.4514,3.9972,9.3021,-2.8431,5.3086,-5.606,-4.6273,7.7339,9.6813,0.0852,1.7905,5.4226,8.8498,0.9123,0.1613,-6.3365,3.4316,1.5815,7.9961,6.0872,0.8213,-2.9936,-8.1181,0.1689,-8.224,1.0736,-3.1594,5.9223,2.9806,-1.7022,3.4577,-0.1692,7.2633,4.8022,-3.8019,-1.5326,-8.4459,9.813,-2.8439,-9.3096,-9.6247,-1.7237,-0.458,4.2289,-5.3773,-3.2143,-2.5477,3.2333,-2.2237,4.0712,3.6894,-2.0738,1.9723,-6.4465,9.4423,0.1627,-0.9513,-2.0307,-8.9449,-3.1429,0.6624,-3.8157,3.2241,-4.7333,-2.8367,-3.1708,-6.0794,-9.9926,-0.2435,6.9395,-5.6899,8.529,-0.6007,2.6609,0.8572,-4.7727,1.8946,-1.9177,-3.6414,4.9087,-7.7842,8.0159,9.7276,-2.7327,3.6059,3.4726,-5.6993,-4.3721,-7.4242,-0.7587,0.543,5.4767,-9.0005,-5.2168,-7.3242,2.2375,-9.1339,-3.3775,-9.9865,-1.0829,7.4033,5.7891,2.8615,-7.5383,-8.8288,7.1827,4.8304,2.9285,2.6775,5.245,6.0672,-1.9287,-9.2506,-3.7572,8.7808,6.5205,-7.7063,-8.9378,1.0187,-5.6863,-1.7444,2.6095,-2.3884,-2.7471,1.6842,-6.0731,5.1763,-3.9998,9.0754,1.4029,-7.3027,4.7947,1.4267,9.3648,4.0563,5.6335,-6.2255,-0.0446,2.4841,5.2373,-1.5309,1.7394,-0.1531,4.5637,-1.3188,3.8903,-7.6035,1.1021,3.1579,-5.3049,2.5168,0.334,-0.9463,8.3229,-0.1959,-1.7492,-5.1752,-7.2901,-0.1779,-1.9948,-9.0196,-5.2006,-2.1583,-2.0932,6.9064,-7.5568,8.0498,0.8119,6.1728,-0.7129,6.4079,-0.0635,6.638,9.3686,8.467,5.954,-4.9254,8.0495,-1.3818,-4.9376,3.0627
-2.9694,-7.0411,-1.2193,-5.14,6.7117,-5.9346,9.3932,-6.7989,0.686,4.9089,7.452,-9.7178,-8.3774,-1.3565,-3.6756,1.3297,8.177,8.8609,3.485,4.9506,-8.283,-9.408,-8.6526,4.3556,9.0895,9.3704,-8.0529,1.3797,-1.8907,7.2345,4.0977,-2.8397,-1.0673,-3.613,0.6685,-0.4581,-3.8975,-5.3779,-5.5842,-0.9826,2.0948,-5.2324,-9.8392,0.0175,4.3579,8.9833,-7.6766,5.4076,9.9913,0.7385,0.342,-1.2414,8.1626,-9.9941,1.6775,0.1676,-4.1764,6.6716,6.8089,5.8664,1.1145,-6.9959,2.7852,-2.2551,-0.4475,3.1233,-0.9303,-3.2213,7.5786,7.6264,6.6609,-2.1834,-4.9849,-6.65,2.4531,5.1341,-8.4928,3.6142,-6.3705,7.923,6.3421,-1.2395,-5.8619,-3.8512,-8.4362,-4.6812,-0.5641,1.8514,-8.4855,7.4803,6.4777,-8.5658,7.5968,-9.0858,-2.8286,-6.5411,-2.1989,-9.8518,5.8811,9.6597,0.3202,-5.0878,-6.0073,-3.7119,7.6547,-5.0914,0.2382,-8.583,-0.1633,-4.6144,8.6413,-2.0508,-6.5409,6.0354,6.8452,-5.3599,7.5199,7.2135,7.6709,6.2758,3.5896,-0.3676,-9.7573,5.798,-8.0404,-6.6492,-5.7278,-8.1136,2.3161,-1.9769,-6.0545,-1.8132,-2.1426,2.5725,-3.9265,5.5765,2.6903,-9.4433,-8.444,-2.2731,8.66,3.6139,-9.4612,-7.1326,5.1082,8.7138,3.523,-9.9719,6.465,1.8294,-6.0857,7.1284,5.9575,-6.9331,1.5424,-5.6364,0.599,-1.5635,-9.3764,3.0046,5.5713,0.8216,-9.2262,-6.8265,-7.313,3.2407,2.7338,3.4468,-9.5979,9.6377,5.2242,7.2699,-5.3993,6.9485,-0.9031,-5.1962,-6.1269,-8.8442,9.7698,-7.0402,7.7755,-2.6539,5.7024,2.3338,-9.3466,4.7356,8.6465,-3.2727,8.1037,9.7665,5.2037,-9.0771,-9.1868,9.8608,3.7444,-3.8543,2.5145,-4.5354,-0.8187,0.9001
-3.1578,-0.7846,7.8085,-1.3971,6.3575,-5.8627,-3.1937,3.682,1.9448,-5.6129,3.1891,-8.1038,-6.3026,-4.2881,-8.7279,-2.5777,4.5832,-5.2653,9.8987,9.2368,-4.3715,2.3083,8.9783,-5.0089,3.3845,-6.7529,1.8713,5.0714,-1.5606,-7.4192,6.1907,4.331,1.4115,6.8345,9.4387,-9.0082,7.4585,-2.3898,7.44,7.561,-7.8122,3.419,-6.6351,-7.0565,-7.8207,0.3582,1.4212,5.4212,-2.6788,-6.8598,-8.007,-3.0869,-6.7935,-6.9578,-6.4346,2.0954,1.3829,-9.5927,-7.3514,1.5367,-6.5442,7.6844,0.0202,9.4642,3.0349,-6.1366,-7.0852,4.1434,0.5114,-9.8312,-3.7754,1.2163,3.531,-5.9012,4.7613,-2.2252,-5.3597,9.2832,-9.3566,8.902,2.7039,5.6811,-6.6726,5.934,-6.5632,-2.9578,-4.8621,-8.1633,-2.5773,-6.5959,1.0343,5.8765,5.6381,-4.0999,-3.9035,-6.1678,7.6676,6.2281,-7.4134,6.4738,-1.0736,-3.6515,-5.514,6.6644,-0.4149,-1.8937,-3.5629,-6.4721,-0.698,-2.6695,-6.9115,-5.0062,-9.1531,-1.4961,2.8905,-0.7598,3.1751,0.2403,-6.2258,0.59,-1.4046,-6.2955,-4.1411,-6.3211,6.2716,-4.4599,-1.8358,4.7175,2.6553,7.4971,0.8286,6.2579,-5.7643,-2.9365,9.5484,0.6519,6.3439,8.0942,-8.3794,3.1002,-5.7405,-8.1405,8.705,-7.8013,-6.0114,-6.9952,-8.6355,9.3741,6.8152,-3.0321,4.7036,-3.2294,5.9825,2.0368,-2.9969,-3.9176,-5.9466,-5.6914,-8.4292,-9.5683,-1.3452,0.3547,6.3266,-7.6687,-9.8676,5.2357,9.2909,6.4617,-0.2845,9.3426,0.4466,-7.5371,-9.7087,3.4682,-7.8036,1.5413,-5.9025,-8.4286,7.0286,6.4833,2.5446,-4.0117,9.3495,7.8894,5.002,0.7257,-8.3763,8.3745,-4.5837,2.7798,-0.4011,-4.3481,5.9266,7.5908,0.7063,3.8404,4.9937,0.4573,-0.2007,-3.055
-0.8752,-5.508,-7.7269,6.6687,3.3637,4.6768,7.0612,-3.7339,4.566,-5.1207,2.9259,-2.0314,-4.018,3.8453,2.9578,6.8672,-3.674,8.3318,-4.8683,7.5801,7.5027,6.027,8.4827,-2.9938,2.5984,2.1319,-2.0367,3.9466,-3.6,-9.1649,4.5854,-5.6918,-7.263,-6.1104,1.5403,-8.742,6.2834,1.873,-0.4767,-6.7563,-6.0989,9.4507,-9.5666,-7.8558,-2.5569,-6.6258,-2.2272,1.9781,-5.526,9.5944,9.635,-7.3603,-9.1875,4.0488,-7.6251,1.3952,9.3384,9.6138,9.6107,-9.0487,0.3825,4.762,-1.2713,8.4554,8.2491,-3.1708,9.0837,1.4326,-0.7469,0.8184,-0.7846,-2.9029,1.8601,6.6437,8.5046,-8.5384,-5.3048,1.7614,-3.7525,4.141,2.3182,-4.1388,1.818,4.9213,5.559,8.1391,-8.3637,9.9667,-5.6978,4.7495,8.1722,-4.5307,8.0386,6.4818,9.0845,-8.3145,1.7264,-1.519,-9.9811,9.1188,5.0758,-3.4523,3.0584,9.2375,4.1327,5.1707,-3.51,-9.9457,9.995,5.6193,4.6916,5.9838,3.7205,-3.3523,9.8672,-0.2873,5.8255,-3.2698,-0.2079,0.2287,7.5584,2.2632,-0.7213,-9.7384,-7.0415,-2.8484,-7.5138,-6.9567,4.3039,3.2461,2.9747,-3.5088,-0.2676,3.553,9.363,9.5598,2.2111,-1.0696,8.393,8.9792,-8.2383,0.947,-0.2263,-1.618,8.26,0.1707,2.8339,0.7854,9.3462,1.6501,-3.5454,-9.184,-8.3159,7.8721,6.1734,-4.961,-0.6122,4.3591,-2.192,-0.3085,-8.3537,6.2676,-1.9285,4.8302,-6.3011,-3.2923,7.9986,0.5838,-9.7824,-7.1509,4.5995,0.9257,4.1028,-5.7289,2.8288,4.9495,-4.9851,9.5181,-8.8767,2.7705,6.1977,-2.4753,-7.4521,9.537,0.0841,2.1773,-0.9678,5.0896,-2.1366,8.0834,0.4152,-6.7007,-2.7919,-2.0948,-2.1676,-3.9802,3.9097,-5.6706,-9.0866,-7.8633
-5.0391,0.1716,2.3776,3.9098,4.9081,6.9074,8.5846,-1.6958,0.4398,-5.9157,4.4841,-0.775,-3.8429,3.5455,7.8434,-5.634,-9.2623,-6.8808,-3.6981,4.3516,-1.8409,3.9038,-5.5142,7.9055,-4.4701,-7.2053,5.4615,9.5195,8.6571,-9.4557,0.8767,-5.2924,7.9587,-8.0622,-2.6522,-0.4623,-2.074,6.9766,-2.7532,4.0298,5.9328,1.713,-6.3865,7.9474,6.5214,2.3137,6.0593,4.326,6.05,8.4231,6.5114,-0.1165,0.4747,6.5208,-7.4282,-2.7532,3.107,3.1697,0.5356,5.2183,-4.787,-8.9558,1.264,8.9099,8.4234,-0.4458,-9.6116,8.6863,-9.2264,2.0769,-2.8259,3.7993,5.3737,6.3721,9.1361,-1.0319,-0.223,5.956,2.8553,7.1897,6.1826,-4.7199,-3.3439,7.3999,7.6291,-6.3319,-9.4814,2.0361,9.9331,6.8135,-2.6282,-6.2984,2.6168,-3.2217,2.282,0.91,-3.2346,6.8059,-0.363,1.7719,2.8369,1.9849,2.9438,-6.7627,2.6537,8.2146,9.987,3.9826,6.7769,1.4228,-2.2642,2.8852,-1.8709,9.1102,9.3264,-0.199,-2.9952,-3.5541,9.8566,-1.5988,-4.0974,4.0673,-0.3432,0.1134,-8.7923,-5.9758,9.8189,-5.9726,-6.5812,2.6106,3.5091,4.6888,9.5273,5.4515,-1.486,-4.0759,-0.3243,3.9128,-4.3723,-0.0277,-9.6512,5.0809,4.8825,-0.6259,-9.2145,0.3626,5.4495,-0.7919,7.8079,-4.3443,-2.4945,2.9256,-9.6568,-7.0413,3.8969,-2.8449,-1.0448,-1.9043,1.1924,-5.4759,-0.6175,1.0986,2.3451,-5.8368,7.0246,1.8426,-2.7595,-5.6595,-7.5149,-5.1744,-0.0354,0.1022,4.7163,-7.0813,0.4937,-4.6077,2.1575,2.4035,1.0553,2.076,3.1211,-2.3193,-8.6189,5.1917,9.7354,-9.1371,2.8445,-7.1567,-6.9791,5.6409,-4.0986,9.2234,1.902,-8.2866,-6.5408,5.7033,8.4685,-4.7308,-7.0748,-6.402
1.8079,-4.9301,-6.8865,0.9242,3.2976,-5.5154,7.5064,-7.4476,-5.2969,0.2062,-9.3099,4.6544,7.5072,3.8341,3.948,1.6832,-8.2111,-9.2012,-3.2488,9.5658,-0.4803,1.3635,-7.847,8.9851,9.5117,7.1507,-4.6496,-0.2072,-7.1731,6.3563,-8.742,1.2895,7.2806,1.1192,7.517,6.441,6.6216,2.5576,-5.7565,5.4435,4.5287,7.0629,-1.1625,9.9676,-4.0761,7.516,-8.8892,5.3813,-6.5056,1.5232,6.3526,1.3246,-6.163,3.298,-1.8782,3.9021,7.0627,9.6415,-1.6852,-5.2433,8.5517,4.6418,3.0647,-7.4432,-4.6966,6.9516,-3.8589,4.3006,8.279,9.701,-2.3961,-0.6484,-9.0386,5.4162,-0.4862,2.9075,6.6557,8.7906,4.8475,6.9573,-8.5844,-6.8728,5.9312,1.2221,2.7731,-8.7311,-6.4628,-8.8485,-0.8705,6.243,-2.1691,-7.1056,8.3242,4.6503,1.0263,-2.5588,8.0713,4.7665,-3.3598,-8.9037,-1.7025,5.564,-2.4149,-7.9035,9.1505,0.5756,5.4068,-4.0139,2.957,6.2209,8.6483,9.4912,-9.2763,-3.5505,-0.406,0.0675,-0.105,-1.0638,7.3917,1.6453,-8.7819,-7.1104,-4.8384,-1.5567,-6.8247,-6.8314,-9.1736,-5.5178,-4.2904,7.608,6.4899,-8.2573,8.9615,3.4883,-1.1968,1.421,-5.0241,-6.2433,7.1503,-8.404,-4.2667,9.4946,4.6161,2.2218,-1.2221,9.1211,-5.9554,-3.6442,9.7626,-3.1492,-3.7795,4.3644,0.984,-3.9248,0.4331,8.0397,5.4113,-9.9566,4.2454,-4.2287,-1.2156,2.4375,0.484,-4.6137,9.4966,-8.7452,-1.0474,5.5316,2.3579,5.5013,-9.004,7.9275,6.5247,7.0905,-3.4712,9.9348,7.4727,1.8725,-1.9078,1.2588,-0.2932,-0.855,-1.8072,4.5631,-1.4736,6.3069,2.3074,7.041,2.5343,-1.2599,-3.3846,-1.9221,-5.7697,-8.5101,-5.081,-5.2103,9.9957,-6.3571,-0.4499,-2.9944
-4.1108,1.9925,-2.904,0.3988,0.97,9.6759,-8.2946,7.5566,-0.4856,6.9803,-8.248,6.1779,1.1972,2.7699,-5.3147,-7.628,5.8028,7.0917,2.5584,0.4473,0.7575,-5.8482,8.0562,1.0306,-4.7923,9.5217,-1.8219,7.7143,-2.7108,-8.8573,-6.1379,-6.0182,-7.8562,-2.3919,7.3252,6.0119,6.9951,6.0484,8.8131,3.6431,-9.989,3.3674,-4.1012,-2.5064,-7.1744,-0.105,1.378,-9.1371,6.6695,4.5397,-3.1966,3.7311,-4.8354,3.4175,-6.9157,4.1869,-2.2717,2.6337,7.4175,-8.1182,4.6363,4.4683,5.2657,-2.0908,-1.4661,-0.3783,-2.4789,0.9042,-0.2578,8.8991,-1.0522,-0.9498,1.1804,-5.0842,-0.4743,0.4037,-3.6378,-3.8272,-6.3665,4.0363,8.8272,9.908,1.4222,-9.6915,6.2601,-3.1157,4.6575,8.9059,0.2227,2.0289,-7.644,-9.3751,-2.3114,-2.8663,9.4625,-4.141,9.1864,4.2612,1.0387,-6.5335,2.2979,-4.6885,6.5453,2.5929,9.4819,-7.2996,2.2747,8.2227,-0.2946,7.4932,-0.9531,8.6584,-8.3372,7.823,-5.8357,3.24,-2.7595,-1.8901,3.58,8.4669,-9.978,-0.4864,9.5165,-1.6281,2.0119,0.4609,0.5612,-8.323,1.2784,-9.1563,6.3809,-2.2107,8.4396,1.7878,3.4438,-0.7605,8.9022,5.6652,-3.0628,-0.104,3.7369,8.5542,4.2858,6.1878,0.8463,7.0157,2.5988,5.9398,2.8494,6.0557,4.1654,-1.7131,9.0358,-8.0464,7.7965,-9.3436,-3.2262,9.2685,-8.2655,7.9198,1.3687,0.2336,8.3196,-5.8154,-0.3092,-0.6335,-1.2317,-0.529,6.2126,-9.6006,-2.3328,-7.9145,0.6111,-7.4564,-2.7131,-8.1919,-2.7172,-3.4363,-4.0401,6.1254,2.0474,-3.7313,-9.2447,-7.8819,-0.1786,1.2301,-4.2433,-3.8589,-0.5971,2.2941,-3.7597,0.3966,8.2744,4.5496,-4.911,1.1519,2.908,7.3375,-6.8943,-9.241
3.2028,-2.8079,3.0777,2.3175,7.0796,3.426,4.0937,7.7072,1.6224,6.4428,-6.9768,8.5131,-1.3106,1.6494,-0.9608,-1.8156,-8.432,2.2764,-3.4558,8.1477,-1.5921,-6.1488,3.7972,-2.6839,2.6537,4.9671,-6.6821,8.5151,7.6038,-8.5281,7.0007,9.8095,-9.6107,5.51,5.5201,9.2853,-9.3524,3.6753,-4.6224,-5.4432,8.3265,2.2729,-8.7115,-8.3858,3.9977,-1.9685,-1.9309,-0.5986,1.3464,-5.3682,-6.04,4.5455,7.8691,-9.3247,7.388,6.23,-3.0828,2.3296,-4.7263,-3.3427,2.5325,-7.9576,0.3282,7.4056,6.0088,-8.5366,-7.7679,3.6789,2.9796,3.9241,-2.6114,-9.7029,9.9399,-5.2064,2.3223,6.0469,-0.7214,4.114,8.526,8.1815,7.2397,-5.6282,1.145,-2.333,7.8177,8.4353,8.6721,-7.4332,3.4904,-5.255,3.9948,-9.9073,-9.904,7.6116,-5.8323,-6.6257,-4.9098,-0.7168,9.3276,-3.6045,-9.2461,-0.9857,0.2556,7.4977,6.9351,-2.1702,3.9948,-7.6277,-2.4749,1.0262,4.8667,-2.2286,8.891,-9.9105,-1.68,-9.211,9.8806,-4.5442,-0.4778,-6.8408,3.8741,2.355,1.7803,7.2906,-4.2201,9.1045,-8.1007,-8.6903,-5.2943,0.9871,1.9028,2.7668,6.4318,5.7628,6.1415,-5.7948,-0.7379,-2.17,-7.7606,5.9818,1.7195,-6.5976,4.9818,-4.5613,6.0961,-7.9973,0.5625,9.8299,-6.3606,8.8189,8.2879,-0.7203,8.6862,9.3019,-8.9856,-8.2865,6.1265,9.8955,-2.6947,2.0892,-5.2034,2.9442,5.576,-6.3071,9.5554,6.1887,8.1432,-9.3652,-6.932,5.3863,5.4843,-3.2721,-7.8677,1.9945,9.511,2.9562,1.3494,-5.6,-4.4783,0.4458,-7.4998,-9.7609,8.2866,9.3458,-6.9192,3.3889,-2.5108,-5.6005,-6.9468,5.3725,0.8017,-2.189,4.963,-7.6474,7.6696,4.2032,9.6274,-2.438,0.8166,-6.4407
8.9462,-8.128,-4.9596,8.1485,-3.285,-6.8236,3.5678,3.7671,-4.1479,-5.4044,0.0172,3.5558,1.6844,6.7475,-3.6664,-0.9741,8.8582,6.2266,-3.637,6.9972,-2.8655,-0.2143,2.7902,-6.0398,2.5053,-8.8628,8.6288,-2.508,-8.2898,1.6886,-8.7645,-0.3495,-6.218,-4.298,-6.5684,3.5977,-9.443,-1.5825,-5.9828,5.5958,8.2917,6.1355,-2.9043,-9.2796,-8.0438,0.6722,-0.3519,7.5271,-8.222,3.8373,-1.7777,7.3716,5.538,-2.6676,-0.5696,6.3927,-3.2859,9.9454,8.7694,-4.4263,4.1557,2.8086,-6.4026,4.2796,7.7117,7.5137,3.5593,8.9274,8.2729,8.7941,7.3978,-6.5191,-5.0711,-1.5261,-7.9788,-1.9328,-2.3629,6.6722,2.9341,-0.3513,-8.9667,5.0251,-0.844,-1.0051,-6.0677,-1.8964,-6.4657,2.8049,7.964,9.5321,-6.3605,-4.7533,-1.8273,6.7053,-2.6059,0.3038,5.1136,5.4756,8.2728,-2.0569,-8.853,-2.527,-9.672,-0.5209,-6.1344,-6.4338,0.1574,-4.3687,4.5252,5.9372,-4.3189,2.571,-6.612,5.7881,8.6116,-4.8698,-2.5582,-9.5004,-2.0368,-4.9112,-9.8463,-9.5227,-3.3463,-4.6388,4.3144,9.8159,1.7967,5.6325,-7.9413,-0.1787,-7.6208,-0.5785,-2.0333,-1.3948,0.0178,4.4373,3.8264,3.4341,-5.5153,-5.8722,8.4999,-5.541,8.0901,-8.492,2.2163,3.5682,-0.3768,3.0517,4.4979,3.0697,-1.315,-2.118,4.6236,-3.364,2.2745,-5.3588,-0.653,-7.8581,0.876,-5.7186,-5.8294,-0.9464,-0.3892,5.3166,-5.4221,7.4215,1.5544,1.4419,-0.7998,-9.0944,6.2744,-5.3446,1.2449,8.8075,-8.4792,-7.9312,7.5029,-6.3992,-9.9443,4.8564,2.986,-2.7717,-7.93,-4.1255,-9.1575,-3.4087,-5.7671,4.6872,7.2245,-0.9146,2.4745,5.4551,0.937,-1.7989,-0.3793,-5.8952,2.3948,-8.7112,8.3976,1.5023
-2.8113,-9.2644,-5.2335,-6.7744,-3.8162,-4.1894,3.0596,-4.5941,3.8691,5.3722,-9.0748,-2.9387,6.2823,-7.9818,3.5852,-4.3576,-8.4463,-5.2488,-9.7232,-3.2006,1.8152,5.3697,-8.2197,-8.4959,1.2794,-2.9144,-2.9542,8.2005,-8.7732,1.7092,-8.2483,-1.6512,-8.5455,6.3078,2.675,-9.3717,-9.6234,9.164,-7.4716,-3.6815,2.9379,-1.0014,-7.7853,2.0404,-4.5454,8.3265,-2.3309,-8.0866,-8.5314,-0.0592,6.198,-0.1822,0.1445,-9.4939,-2.1244,5.4825,0.996,4.2482,6.1629,-8.2377,4.3485,-4.7849,6.6606,-6.0642,1.886,-6.2826,5.5219,3.2002,-4.4626,1.3584,-0.5415,4.3891,1.9337,9.7058,4.1821,-9.9698,-4.2918,0.2898,1.8711,9.484,3.5649,-0.2877,-9.8847,-9.8784,-0.521,-6.7629,-8.1632,-2.4085,-2.0006,7.7284,5.4144,-9.382,8.7351,8.1795,3.5469,-6.737,7.6705,-4.9626,-4.6809,-2.6587,-6.8078,-1.2126,-0.2104,4.8279,-4.9245,-1.0113,3.4572,-0.1859,-6.4732,5.2193,8.4996,2.847,-4.8188,-6.1812,-6.7394,-2.6085,6.7639,7.2397,-4.2621,1.1455,3.3854,-8.3209,3.4483,2.2871,-3.723,8.3402,-0.7459,-9.997,-0.1083,-9.688,4.7202,2.8826,0.4961,2.7999,-1.4442,6.334,-2.2573,-1.2876,7.4447,2.1482,-9.965,-2.9762,9.2866,-5.5325,7.2692,1.1555,4.2941,5.612,-8.3043,0.2489,-6.7168,-5.5174,3.5172,5.6649,5.6574,-5.5916,0.8554,8.7222,-6.8343,-2.9541,-1.9286,-9.7952,-3.5915,4.2524,7.0418,-4.8693,7.4259,6.608,9.6252,7.7509,0.1499,-9.6719,-5.4197,-0.9738,-9.9545,-7.3347,8.2014,4.1629,-2.6706,-0.9876,0.3056,-7.2247,4.7355,1.3592,4.0881,0.2821,5.5754,8.0931,-8.7253,-0.2553,4.9741,-5.3256,-2.9834,-2.723,-0.8131,0.0718,7.7991,5.1263,4.4619,-3.9347
8.6841,6.3261,4.6146,0.0598,-8.6115,0.464,-3.8916,0.7014,-4.5064,-5.3251,5.1093,1.7821,-4.2453,4.7844,-0.5023,-9.3238,-9.1268,3.1975,-3.1769,8.2341,6.7011,7.8346,0.8266,-6.5337,-5.4289,5.4979,5.9474,-0.7736,-1.8461,-4.252,5.6303,4.6783,5.7267,-4.2077,2.4096,-9.4741,6.4402,6.3842,9.7631,8.7714,8.5351,2.6158,-5.3403,2.603,0.7537,-3.5692,-7.8337,7.9828,6.1981,4.3433,9.6135,-3.7428,6.5733,-8.8075,4.5256,2.1633,-3.2519,3.8117,9.7597,-8.518,3.3058,-2.455,8.0207,-2.882,0.0634,7.7112,-0.8361,1.508,-2.3189,7.5781,0.4934,-4.4671,-0.5439,-4.7693,-7.3771,0.8695,5.0511,-5.6794,9.6507,7.5539,7.0065,-1.8818,8.228,7.0049,-6.4682,9.1086,-5.4828,-6.1774,0.2059,9.609,-1.4831,-3.404,-4.0299,-8.4828,-4.3187,6.7764,-4.789,7.0085,-8.093,-0.1789,0.4381,8.7213,-6.8729,-9.9187,9.0931,2.2374,-1.2816,2.8171,-4.5525,-9.084,-9.1669,4.4465,-6.8665,6.6863,4.459,-7.2532,1.2307,6.5682,4.1094,9.1594,-2.0339,-3.8417,-2.9544,6.0346,8.9769,-0.1756,6.0143,6.9131,-6.7502,4.4493,-7.2871,-7.6686,8.1444,7.6469,-9.6624,2.5517,5.1095,6.6331,6.8544,1.2196,2.0986,7.7492,-4.1076,7.8067,-9.2259,-2.7558,8.244,-4.3183,-9.1704,-8.7566,-1.3528,-4.3108,-1.3253,-8.9934,5.3175,1.1914,-7.1008,7.1112,4.1981,1.7422,4.4512,1.1336,2.1426,4.9335,-3.4535,5.5176,-1.025,3.5256,7.3744,-0.2888,1.6409,2.4963,9.8722,-1.3228,-6.4655,-2.3821,4.9046,4.7987,5.7651,1.947,-2.2345,8.4289,-4.353,0.1613,2.4478,7.663,-0.4186,-3.6283,-3.9533,-7.3064,1.9875,-0.4923,5.3828,7.1133,9.5322,2.1943,3.0736,-1.657,5.1804,2.2099
-8.401,-0.1848,5.7435,-0.9579,5.8565,3.7648,3.89,0.6768,5.6282,-3.8525,-2.9968,-7.9713,8.3314,8.4187,-8.0672,7.5111,9.6546,-6.0697,1.4997,8.115,2.4601,6.0449,-5.3487,2.1262,4.4438,7.8851,-7.0761,-9.9426,8.2409,-4.4371,-0.5063,-9.8907,8.5035,0.1526,1.3949,-4.8654,7.8047,-0.529,-6.1556,9.1829,8.1524,3.1919,9.3706,7.1686,-4.231,-3.6982,5.4203,6.0387,9.0087,4.6526,7.8041,7.8967,-7.033,-2.0898,7.3432,-2.4262,8.5729,-9.7472,8.1002,9.7194,3.8522,3.8736,4.5521,-3.8555,-0.9015,4.5969,1.054,-0.0237,5.4856,-6.5733,-6.8694,6.8347,-9.0444,-3.1489,9.6671,-6.3032,-9.3218,4.9953,7.1309,8.7268,-9.3827,4.4984,3.8579,-4.2934,-8.4291,0.3241,5.807,3.5972,2.1735,-8.487,3.5465,8.1263,-5.653,-9.1333,9.9147,7.3008,-9.6368,9.6233,2.5024,4.0574,-1.7477,4.2408,0.7125,2.9433,-0.7301,-0.8485,4.6651,-4.7227,3.5193,-7.9479,-9.7523,4.1879,-7.0868,0.1634,5.5319,-8.4868,-7.4991,-3.9507,2.4775,1.4529,-7.5814,-6.5496,7.8229,5.1026,8.8322,-1.0566,-9.9709,8.8414,-3.03,-2.8187,2.8952,-7.8089,4.8655,-8.3267,-6.2348,3.898,-7.5823,-0.5403,3.4598,5.9657,7.7393,3.477,-8.4848,-3.8643,-2.4744,7.8499,4.2151,-2.7289,-0.3417,-0.9962,5.0127,6.2612,9.6874,5.0988,-8.341,7.6145,2.519,0.6268,4.8162,-4.6898,-3.4022,5.2344,0.8111,4.8829,-2.3659,3.0517,-7.3902,-9.4199,3.3189,-2.0172,5.4871,6.6506,-2.5878,1.2915,1.9185,2.1214,6.4146,-3.2844,-2.5086,0.8085,-8.705,-3.9444,3.9236,-3.1825,-0.1014,0.1091,5.44,3.5179,9.854,-1.3767,0.8915,-4.1107,-7.8449,8.0567,-8.8511,-2.6908,3.4954,-4.1053,2.0682,1.9754
-4.4381,-3.8484,7.7312,-2.8223,8.1355,-1.6851,4.0595,5.138,9.9454,-1.142,-2.2361,-6.9512,3.901,8.3631,4.6361,-2.0354,-2.2326,5.7175,9.9527,6.9789,-9.1852,6.3872,-6.1202,-8.6848,-4.4343,2.0259,-9.4493,7.3359,1.1663,0.5419,9.1663,-8.9607,6.7631,-3.781,1.2865,-7.4347,4.4897,6.0636,-7.4108,-2.3049,-8.3565,-2.0082,2.4475,6.004,-1.4287,-0.1726,-1.9676,-9.6758,-0.2883,7.6933,-8.7043,-4.6822,7.8928,8.3286,-3.0419,1.0223,8.8371,-0.6441,2.3534,1.5738,-8.2779,9.2785,0.5909,3.0526,-2.7687,-2.6557,3.142,8.2989,-3.8177,0.0498,-5.3023,8.6988,-3.1974,-3.3978,3.9013,6.178,6.058,5.6038,9.8356,3.7864,0.0829,-9.4416,7.8022,-7.2308,-5.1521,6.0732,6.4284,7.5915,-6.3616,4.4342,5.9545,0.7459,6.5172,-7.2506,7.6832,-9.1076,-2.0847,-8.2662,-6.9372,1.8491,6.0788,9.6768,-3.2077,-0.3235,-6.8733,0.6222,3.5739,9.0017,-7.7521,-2.7546,8.4641,-6.7506,-0.2491,-7.8429,3.7669,5.035,-4.3168,-3.0907,2.0373,7.0556,-2.5799,0.2892,3.232,-6.1838,-6.7705,5.7636,-3.8763,6.5418,-3.5772,-3.0049,0.9704,-5.2907,3.6212,-6.8775,4.8838,-8.8371,-9.9572,5.6455,-8.2755,8.1301,-0.8314,8.2785,-5.3675,8.2849,2.5167,-5.5438,-7.9752,-5.8552,7.1143,-5.6261,4.6883,-0.8622,5.9987,4.0051,2.2089,3.2589,-4.3401,-5.3889,-2.3073,2.5719,-2.2987,-9.8664,8.5223,-1.1117,6.5562,-5.9837,9.8832,-3.2643,-9.5744,4.0328,4.0971,0.4259,-2.5873,-4.3005,-1.3831,6.6709,5.3006,8.2377,-1.8358,-4.8403,-8.8166,8.7541,-8.5561,1.6939,6.1234,9.7412,-2.1263,3.4392,-8.4733,-4.1289,-4.8747,-7.8632,4.8074,-0.9621,1.9405,-3.6161,3.9234,-9.5651,0.3672,1.0525
-1.9559,4.0029,-5.3843,-4.3022,-2.2362,6.9806,6.4097,7.1282,7.0737,-8.6949,3.3923,8.5617,4.3235,-6.4842,3.1091,-0.8709,-3.4384,4.8879,-5.0656,-5.3677,-0.9667,-4.5247,4.7006,-8.7342,3.6604,-9.9158,-2.7593,5.2687,-7.8068,5.0539,3.398,2.7427,-5.1874,2.3859,-3.5149,-0.7718,-6.3639,-7.9485,-5.6805,-2.7197,1.2167,-3.8912,4.5107,-4.8901,0.0101,-2.5639,-9.708,-1.9991,4.7438,-0.5876,5.7125,-3.1179,2.1338,-4.6353,-0.1295,2.4053,-0.859,-5.0971,-7.4543,-3.645,7.844,-3.3296,8.21,-3.734,3.3999,-4.5553,2.5319,3.2019,4.7828,-1.2359,6.5703,2.4481,6.2287,-0.5405,1.4567,-0.7851,-0.7655,1.072,-9.7282,9.3462,2.7416,-2.1815,-4.1024,5.9142,4.9252,9.5262,2.6478,-6.8844,-2.1208,6.9396,-9.7186,5.8673,-7.4497,1.9327,5.5585,-5.6734,-7.9329,-1.0536,4.7459,0.9002,7.751,-2.7134,2.1298,6.5406,2.5516,8.8607,3.1209,-2.1207,-6.297,-9.9583,-4.0655,9.9652,6.8328,-8.665,7.9022,-0.7501,2.9086,1.0617,-2.3943,7.2734,-3.5072,1.533,5.2369,-4.6877,8.1495,7.2625,-2.4772,-1.5646,7.5598,-4.6573,-3.2368,5.132,-4.6626,7.9529,4.2588,-9.2609,0.8166,6.4535,5.623,-5.0379,-9.4514,-7.5892,-5.9349,3.5462,1.7502,4.9881,-7.6716,-9.4865,9.8036,-8.6814,-0.337,-4.0502,8.6593,-2.8953,4.3973,-0.2453,7.5918,-4.5063,9.4724,3.811,2.5342,2.8087,-9.2773,-2.4671,-3.1894,-1.877,0.32,8.1674,-7.9627,-5.0231,5.0877,-2.9879,8.6668,3.6121,-5.2765,-7.6264,2.0647,2.8769,-1.7284,2.9427,1.8674,1.4087,-2.915,6.4812,5.8932,9.916,7.3477,-5.4194,-0.7736,5.7928,7.537,-6.2638,1.1639,5.84,3.693,-3.1722,-3.929,5.8383,-9.3208,-2.2248
-7.9775,-2.3565,-1.0038,7.0112,7.7981,3.5161,2.1285,4.3331,1.852,-0.5307,-4.9967,-1.9758,9.9985,-2.7671,2.8744,3.087,3.0268,-1.6154,9.5675,-2.9792,5.7827,-0.796,-2.6913,-4.5913,9.6181,9.5637,1.8647,-8.626,8.8188,3.7036,-9.5849,6.0903,2.727,4.4032,-0.2275,8.612,3.8385,-6.1652,9.6916,-3.7001,-0.3135,-8.4266,0.1481,0.5157,-3.2104,-0.9427,-3.6739,-7.2956,-3.1196,-9.6459,7.1495,8.4386,-2.2,6.3016,8.7405,-3.1575,9.2162,9.4589,-2.2404,-2.7103,6.5939,-8.2355,-3.407,3.7458,7.9791,-8.8064,-6.092,2.6414,-1.6605,3.8798,5.7984,9.2078,-1.9097,-4.1521,8.0636,5.29,4.8742,7.1649,-2.7804,0.3556,2.1764,-6.0164,-2.0687,-7.4052,-5.021,-1.2402,-3.1149,4.9821,0.6882,-1.5666,-5.6417,0.9586,-5.8253,4.4651,-1.6153,6.5758,-0.3424,0.8464,7.7441,4.1995,1.2677,-5.9834,-7.2923,-0.253,-4.5916,7.7936,-2.8912,-3.2936,8.0068,4.55,2.2073,-0.9792,-1.49,-8.1382,3.0849,7.0212,2.2353,5.4341,-0.4928,5.6537,8.6333,3.6638,1.832,-4.9934,2.9864,-2.5729,-8.9595,-2.41,1.6515,-6.1988,1.579,-9.5149,-7.3607,-5.6673,-4.7744,-1.1882,-5.1384,7.5713,-4.8252,8.5324,9.1399,2.3586,2.659,2.9569,-5.5745,8.1885,-3.2807,-4.9876,3.6416,9.4724,-3.1398,7.0861,-5.8386,1.5312,8.8793,2.8592,5.3321,-1.7215,-3.8499,-9.7498,3.9244,-6.8122,2.8344,4.4151,-7.9501,-4.156,1.8146,9.7468,-0.4372,-7.6435,6.2443,-3.5467,1.3956,-1.133,8.0353,6.5793,-1.9412,-4.1075,-4.6641,9.4239,-6.4688,8.3684,-7.6964,0.248,-3.2149,0.6919,-7.4337,-1.1911,-2.0366,9.9697,-9.1336,-6.9054,-6.9585,3.6742,0.7355,-7.0673,-5.1394,4.6813,-2.4445,3.6838
-4.8308,9.959,-9.0968,-4.8153,1.8785,-2.3417,-7.9511,9.0311,1.9211,3.7616,6.7395,-3.8893,-8.662,-8.8141,-3.0168,7.6516,8.929,2.338,4.6828,-9.0259,3.452,0.9515,-1.8945,-6.0891,3.248,3.5663,2.7458,-3.917,-1.3293,-5.174,-8.8613,-3.6304,-2.089,-1.7183,-9.9077,3.5637,-3.4571,-2.7022,0.7004,-9.672,-4.5667,-9.9816,7.9704,-4.2085,1.7774,1.7343,-0.4395,8.981,3.6287,6.2775,-0.5743,-6.6511,-1.918,9.25,-8.0453,-4.8405,-7.5073,5.2699,-0.5451,-3.8163,6.2907,7.8571,3.8926,1.0804,-5.0827,-0.0657,0.4503,3.5267,6.3863,-8.9348,-9.5732,8.0734,1.0875,3.7315,-1.983,-2.396,-1.6768,-8.914,-3.1047,7.875,-8.5391,4.0121,5.2596,3.5974,4.0287,8.9041,3.9174,8.2181,2.8795,-3.6836,-1.6986,-4.7051,-3.7344,1.9954,-0.9098,-3.2961,6.7131,6.125,5.4386,0.6904,3.525,1.3013,5.2189,-0.3471,-9.6651,-8.901,-0.573,-6.7631,1.906,9.5491,5.7215,-7.8763,3.1762,-1.8534,7.575,-4.9751,-0.1542,-1.9243,-5.1838,3.8276,8.7213,-3.4775,6.6924,-2.7968,-0.1535,1.006,3.2039,-6.3873,-4.2214,-4.7668,5.8059,7.7221,-1.9198,-4.4761,-5.8683,-8.6504,-0.0598,-9.2385,-0.2892,-0.4064,6.1078,2.8603,-9.0555,4.2218,-2.0469,-9.5424,-9.3037,-1.3207,0.8635,-9.7398,0.675,9.2865,9.654,5.4417,-2.3065,-1.357,-6.7085,8.8287,5.8502,-3.1693,-9.0794,-1.0524,5.8405,7.2182,-7.8294,0.547,0.5157,9.073,-8.1492,1.0508,-6.4491,2.693,6.0877,-7.8977,-5.2396,-5.5203,-0.3768,-4.9678,0.0557,3.0283,9.4107,-6.7658,1.642,3.8377,8.0373,-4.4363,-0.2865,3.4183,1.9412,-6.1564,6.6199,0.1305,-1.2283,-1.1521,-4.0522,-4.8943,4.7006,-6.7019,9.3453,-4.1081
0.4789,-2.8269,4.0622,6.682,-2.8234,-2.0278,-8.4382,-8.6612,4.9235,-7.5952,4.4834,-9.9042,5.1861,9.0977,6.3792,-4.395,3.1778,9.3013,9.4539,-5.6754,-6.0492,1.8772,3.0794,-8.9717,6.7976,-5.957,7.829,0.6288,-4.4486,9.4733,4.2655,-8.6658,-2.8447,4.7786,8.6708,9.6803,-2.6338,6.7648,-3.3429,-2.6966,8.6987,-0.4112,8.7525,-4.9514,2.8205,-8.1283,-4.2974,3.929,2.2479,4.1827,-6.475,-1.6418,8.1152,-5.812,-6.1539,0.302,-3.0169,-3.9884,-8.0531,0.2122,-3.0856,-2.1007,-0.2848,-6.8726,4.463,-2.3184,-8.392,-4.8983,0.987,-9.429,8.6422,2.4838,8.6212,-1.0738,6.3949,-5.1312,-4.5033,8.0614,-9.7922,1.3305,-7.2951,6.8913,-6.5149,4.7539,2.2972,1.0036,3.198,2.2407,8.8531,-4.4131,8.7685,4.0411,-5.7387,0.791,-9.1009,-2.1017,-2.872,2.2659,-6.782,-1.1419,-9.7952,2.0457,-8.8035,5.3037,-0.8683,3.4125,8.1173,5.7201,-2.1448,3.3657,-2.2824,8.7494,0.1719,8.1803,6.5343,-8.9005,7.8488,-5.3287,-2.3537,-4.1966,-2.6666,1.3128,-9.4212,-4.8738,4.081,1.6169,8.5351,-4.6299,-4.3428,8.0642,-8.0578,1.8649,9.5565,4.3322,3.8122,-3.693,-9.6057,5.9571,-0.4117,-7.7868,5.397,6.4861,8.3894,0.9782,-1.3057,6.0869,0.4079,6.5752,7.375,7.3073,3.3148,-5.8676,-6.346,-8.9139,0.0996,-3.1197,8.9483,8.0152,0.6014,4.4236,-4.7958,-5.083,-4.4189,-6.7898,-7.9015,3.8708,-1.2809,-2.8405,-4.8697,6.3699,-3.07,4.4961,2.7902,-0.9261,-5.6069,3.4527,-4.5533,7.0894,5.9854,-1.1242,3.8006,5.1096,8.871,9.2484,2.7209,-3.6056,-6.0381,9.4636,-0.8539,-2.0251,-7.8445,4.4065,9.6978,5.563,-2.4773,9.2494,-0.3666,-0.1229,-1.7155,1.3544
4.3502,-1.8364,-9.5025,-1.8777,-5.7023,-1.4028,6.0638,2.8813,-4.2208,5.6521,-8.3394,1.6405,-1.5317,2.8177,9.6941,2.4476,-1.133,-8.6096,1.1792,-2.7372,-5.6161,2.5442,-6.5824,0.3571,2.6425,-8.307,8.5679,-2.2482,9.7674,-8.5256,-7.2177,-0.7764,6.1758,-4.9239,-1.8547,-6.4579,-6.2037,-1.2932,-1.8094,-2.0329,5.2386,-2.5063,4.3721,7.9846,-0.7529,4.1499,-3.5986,-8.8015,-3.9378,-7.1671,9.2767,5.6109,-7.4247,0.3123,-6.7068,-4.8289,7.8542,-0.4221,0.4694,1.0004,-2.6217,-7.7693,-8.2355,-6.9703,-5.6867,4.2457,-0.8545,6.8555,9.8474,7.4993,-1.8091,3.5181,-6.5234,-6.6026,6.8521,5.7569,8.4374,1.3335,1.5726,2.2458,-1.3213,7.3909,-8.3887,5.675,6.7319,-5.8237,-7.1349,-9.5096,8.2074,4.285,-7.5509,6.5745,8.2588,7.289,-3.2563,1.052,5.3521,2.1875,3.6531,7.4629,8.0666,6.2648,6.9626,-9.925,-8.1202,9.9656,4.0215,5.6502,-2.5537,-6.4592,-0.2525,4.2823,9.7298,-0.3721,1.3045,9.5854,5.006,-0.5189,-6.8452,5.144,-6.7203,-3.5418,8.9665,2.205,8.0878,7.5385,-3.3323,2.6712,-7.7544,-1.4086,-1.1209,9.1487,-6.237,5.6729,3.6938,9.1199,4.8998,-9.6992,0.0035,-0.0347,-0.2095,-5.8313,-2.0981,7.4783,-2.6377,7.6032,-3.8543,-5.7252,-0.4217,7.2734,-0.8457,-7.0354,-0.3164,0.4025,-0.1056,-1.1287,-5.1585,9.7941,2.322,-6.4132,5.7984,-3.0774,2.6507,9.7384,-3.8081,-0.7332,-6.9145,0.7117,-1.0665,-6.9752,3.7968,6.6928,2.7971,-5.7618,-1.7814,-0.0726,-9.6486,-4.067,-0.8905,-8.9995,-3.6325,-3.8232,4.6348,1.9272,2.3786,-2.7852,-4.737,-9.7012,1.5824,3.6376,2.6518,-5.9495,1.4864,-0.17,4.2141,-0.186,-7.3862,8.9453,-2.8392,-0.8653
-2.8148,6.8496,8.8468,-2.207,5.2415,-4.8921,8.7755,-2.9209,1.8393,5.6656,-8.5662,4.7246,-1.1115,1.9081,-7.9992,-9.1435,5.5794,-1.5273,3.9671,1.9908,4.7748,-9.3544,6.8033,3.9036,4.1346,5.8233,8.0365,5.8674,-6.3051,8.5672,9.0046,-8.162,0.8449,9.8585,-9.2912,7.8462,-0.6399,3.2483,-3.2679,-8.1614,-3.8151,2.1818,8.0999,1.577,-5.4611,2.9677,2.1524,-5.3211,-6.4983,-7.0542,7.051,6.012,-0.6552,-9.4955,-0.842,1.7784,4.8428,-8.3815,3.0813,6.4442,5.9893,2.9564,-1.7016,-6.2413,0.2359,-8.8083,5.2039,1.7903,-6.1834,-8.6307,1.0132,5.8676,0.0456,3.5823,9.7961,5.0945,8.7684,1.3856,0.8437,1.0382,6.3453,4.1927,0.4647,8.7797,-1.9252,8.1578,2.4935,-3.2522,4.2332,9.555,-6.0776,-3.1652,3.3793,-6.1576,1.58,1.2649,-2.906,9.9055,-1.2087,-2.4979,-5.0998,-2.6352,-9.3442,-8.8591,-4.7259,9.2093,-7.5084,4.3756,-0.2131,8.701,9.635,-5.7236,-9.3635,-3.0261,8.3566,2.1615,-1.8946,2.6646,3.7189,-1.3589,6.0646,7.3644,1.6045,-6.1051,8.3026,-4.2079,2.0213,3.6878,1.6191,-8.5301,-2.4095,-4.866,-8.8327,-5.3088,3.5409,-1.2082,1.805,5.1791,1.6106,9.636,6.6072,9.2118,-2.9467,2.1065,-0.3247,7.6738,-1.164,4.2154,-1.797,-1.4898,8.1291,-3.219,-4.7483,8.6767,-9.2519,-0.2118,-8.8504,3.362,9.316,-3.458,7.3008,5.9076,9.7038,7.573,-7.0375,0.4928,3.2211,-9.7209,-6.58,-5.8779,-7.2189,-6.828,-4.0993,8.4779,1.7781,-3.953,5.459,-9.5946,-2.1968,-6.3562,-8.0162,-9.7183,3.0112,-9.1539,-6.1758,-6.2546,-0.2027,-3.7921,7.9236,-7.4687,4.239,3.0331,-2.3243,-3.7011,-0.7063,3.9135,-9.6311,3.6888,2.7613,-8.3325
8.213,-6.5955,2.1896,-5.1285,2.3483,-9.2663,6.6943,-8.2169,-4.4793,-7.9752,7.3045,-2.3107,-2.84,-7.3258,-3.0656,1.2969,1.0628,-7.9292,2.5958,-8.794,9.1074,4.9116,0.4422,6.0767,-2.4837,3.9356,-4.9695,-2.0585,-2.0414,9.6301,-7.6105,1.3215,-2.7286,9.7947,9.4722,-7.3688,0.2356,-0.6242,-5.9823,8.4221,-7.8753,7.5937,-9.7951,-8.1749,0.7511,-3.9717,1.0813,-0.5277,-9.9768,-7.0681,4.698,9.339,-6.2912,7.4861,-7.4952,3.1758,4.9201,-6.5293,5.7229,7.5003,-5.5897,9.0448,1.0644,-1.3865,-6.3277,8.8666,-3.494,-1.1286,0.3098,2.0196,-0.7068,6.0313,-3.3983,9.8702,-0.2283,5.5168,-8.5909,-5.9627,4.6834,3.6763,-5.8347,9.2145,-4.073,3.6714,-5.0424,-2.3525,-3.8327,6.3904,-2.2256,0.111,3.7563,-3.5796,-7.9183,1.575,-2.0862,-6.6713,3.647,-4.8682,2.6422,-7.6543,-4.6234,-2.5875,2.721,-1.9097,3.8431,-1.0793,4.2894,-7.0904,3.3184,-6.5436,-2.1559,-6.7208,9.286,-7.3526,5.9339,-3.8668,6.3467,-0.212,-2.6398,-1.7773,-5.5208,0.0605,-3.3557,-8.0552,-1.1752,-4.6733,-1.9628,-9.7209,-6.9627,6.0523,2.629,8.6962,7.2208,-1.13,-2.6775,-4.9131,-6.7089,4.131,5.5076,-8.9788,-1.8272,-6.9861,0.4004,-7.8593,-0.3961,3.8776,5.8938,9.0379,9.9903,7.8399,0.3277,-2.2087,-2.3881,-9.3843,-8.3282,7.0396,-5.8392,-2.8091,1.483,-3.4555,-7.7228,1.5778,-3.9094,8.4306,0.5081,-6.9396,-8.7483,-8.7827,7.1631,-1.8651,9.3655,2.226,-7.7147,-3.5435,6.4381,8.4417,7.0052,-9.8482,-9.8122,9.9788,9.1712,5.2937,-6.4888,-3.8524,1.507,-5.8317,-6.7897,5.6507,7.9648,5.8443,7.0584,6.6612,7.3006,-7.6382,2.099,0.598,-4.0205,-9.9473,-3.438,5.5343
8.4519,0.9177,0.287,2.0947,-6.66,8.5753,-6.5565,2.1569,-5.465,0.0381,8.5781,-3.4265,-3.1684,6.5418,-1.7479,4.5944,-1.0596,-2.705,8.5702,9.2117,4.0287,2.7647,-9.1298,1.5474,2.8686,-2.9567,3.4456,8.134,-3.9156,-9.4158,-9.6591,-5.4079,-9.8974,-2.6581,0.4938,-6.9253,6.5447,-6.4411,-7.1827,-6.2739,-1.6281,-1.9575,-7.1335,-8.778,-3.3467,3.5109,2.9763,5.1859,1.8375,-7.7405,7.5795,9.8424,-7.0297,3.777,9.6991,-1.0359,9.738,-7.3557,4.4263,5.1366,4.0014,5.959,0.7427,-4.9784,9.3418,9.564,0.3241,-3.755,3.2873,4.7295,-9.4187,7.872,-1.9525,2.4727,6.4694,8.1842,9.1338,1.5845,2.7738,5.9713,-1.363,-7.264,1.3365,2.0495,7.1984,-2.4446,1.4435,-6.4612,7.2964,3.0035,-7.2862,-7.817,-3.6646,-6.7445,9.15,1.6143,6.6885,-7.1412,3.2497,3.2344,-1.0636,2.9983,-2.4811,-7.7984,-3.8216,4.9195,9.2847,9.4658,3.8197,0.7555,6.1412,6.7966,6.114,-8.6718,6.594,-2.8788,-4.0637,-8.7319,-9.6057,1.1257,-2.1179,5.8135,-5.0825,-6.7722,-8.8105,7.2784,-0.4643,0.4153,-5.5503,3.5018,-1.7414,-2.2889,6.4335,1.8785,1.3114,8.3137,-2.861,0.0884,-9.2432,0.3008,3.1486,-8.4382,2.0344,5.2465,7.7415,-2.8282,4.2143,-1.8052,-3.5846,-1.8006,-9.9091,1.2862,-5.6452,-9.9809,6.5375,4.2856,-2.8169,2.9461,-6.9406,-7.8426,-4.7433,-5.3945,-4.9004,-5.5475,-7.7913,0.6154,-1.7894,6.8007,-7.3037,-2.2465,-4.9403,-3.6522,2.451,-4.6825,6.7163,-2.7835,-0.3866,-4.6183,-3.2304,-4.8075,8.7236,0.2462,-2.0612,-5.9737,-6.3458,-9.1249,-7.2377,-4.9906,-0.4441,8.7565,6.0005,-2.8514,1.097,2.7407,4.8717,-9.6303,-0.5305,-2.1023,9.1474,1.7245
-2.0801,8.8835,0.8316,4.4556,-6.9573,-9.8066,-0.1209,9.7424,-6.1799,5.1763,1.1972,-5.1782,0.3955,3.4798,9.5941,8.4864,7.5884,8.1571,4.8081,2.5483,0.5336,0.4416,-9.8172,-3.4031,-1.9004,5.2643,-0.0009,3.2657,-7.7672,2.984,-9.4861,7.7211,6.8053,1.9405,-4.9945,-3.0706,2.2286,-8.7219,-9.018,6.718,8.375,-9.4197,-6.3338,2.3173,-7.5679,-1.05,-8.8236,-4.0745,-7.0664,1.8187,5.3054,8.7004,6.9209,-7.424,2.689,-0.7763,-3.4823,7.4349,9.9008,8.2397,3.411,-3.6651,2.0623,-9.6542,2.4256,-5.6743,7.6675,-0.7863,-5.5802,0.076,-2.9416,0.5727,2.1613,4.3245,-1.5271,-7.3874,-8.2068,1.9872,-9.1904,-3.1012,-8.2168,3.162,-0.439,0.8524,8.2109,-8.8975,-4.9501,-3.7663,-9.0873,-0.331,4.7131,-0.4915,-1.0285,3.7544,-6.1134,8.3365,-9.4895,-7.458,-8.6689,6.0067,9.5333,-5.1114,-4.1955,-2.9727,5.448,1.7776,-0.6163,8.708,0.8992,-2.1016,3.8577,2.5324,4.3822,-6.2614,-1.443,5.6515,-7.9498,3.3794,-2.0192,4.9343,-4.5798,-1.68,-6.7448,-7.0963,-5.6974,0.9057,-7.6073,-1.5852,-9.6492,-8.324,3.7524,3.065,-1.3965,-0.9937,-6.3876,6.8915,4.3883,4.9131,3.2625,-8.8585,9.2267,3.6265,-6.2181,-8.6302,-3.6375,7.4089,3.4463,1.3473,8.5848,-7.7559,-6.7361,1.0598,7.8968,9.958,-2.6646,-9.3191,1.0877,5.7071,8.5731,-4.4939,2.0322,2.0979,-5.0228,-1.2556,0.1546,-4.7101,-7.8769,1.034,2.0686,-8.77,7.4364,9.1037,-5.7218,-8.8886,8.216,-2.9572,-7.0414,1.6812,-6.9805,2.3345,-3.3654,1.0974,-5.2728,-7.6873,-5.2438,-9.551,-2.1809,9.6808,-1.4362,-2.4256,7.2849,-0.6095,-4.5254,4.8368,-3.1469,-8.6977,-2.4398,9.1061,9.3406,9.6179
8.2922,-8.059,-8.7781,-6.2228,-7.0756,9.4841,-7.7702,-6.7217,2.1913,3.3083,-6.4079,9.2911,6.1173,1.9017,-5.7023,9.0684,-4.591,-2.1637,3.0492,-7.9257,-6.2741,9.9357,3.4102,4.0418,-6.2391,1.9464,-0.7223,-4.5702,4.4085,-7.9296,-7.8025,5.9766,-6.4353,-8.3944,-6.8781,-4.7728,3.6435,6.4981,-5.1375,-2.7562,6.7046,0.5586,3.9626,-9.1497,-7.3697,9.7202,-1.8246,3.7821,-5.7353,6.0089,-1.4892,-5.156,2.3087,-7.3822,-5.7838,-3.8989,-9.6953,3.4369,5.3836,7.0549,-7.1034,-1.1086,2.9543,7.104,-0.8275,-1.7516,1.0848,5.4014,-7.8933,-3.8165,5.1399,7.7434,-0.7847,7.2439,-1.1426,7.6171,6.6413,-7.1806,6.1725,-4.9909,5.3734,2.5517,-6.7989,7.3276,2.1656,8.7635,5.1226,-6.0131,7.5046,3.2069,-5.5933,8.4386,4.0993,-5.7459,4.3587,-2.0204,-4.5493,-5.801,7.2992,-7.3773,-7.0502,9.8261,5.7313,6.3015,5.6628,-2.2163,-2.2254,-9.1053,-6.6992,-4.8382,-9.6206,1.1941,8.0401,-1.964,3.1229,-8.5455,-8.0742,-7.4849,-6.5481,1.2638,-2.4879,7.4571,8.6114,4.1836,-1.9102,-3.1661,7.6023,5.2945,4.5529,-1.4948,-8.2935,4.6757,-5.5642,9.8583,-3.2837,8.5111,-7.7059,4.5682,4.2506,0.8082,8.9039,-1.7847,-5.7243,-5.3401,5.4092,-9.2133,0.4064,-1.0977,-7.2943,7.2904,-6.1798,-8.3741,-0.479,-1.6224,-5.3212,4.3704,-5.8747,2.293,4.8874,6.2498,-6.6578,3.1531,-5.8352,4.8603,-1.2802,1.8782,-8.289,-8.5529,-2.4604,0.8781,3.7861,-8.5617,8.2159,-5.9442,-6.8927,2.0777,9.8797,8.1367,4.9954,6.5185,8.2671,-2.8396,-8.2324,6.1917,3.4301,7.4992,-8.9494,-8.5973,-7.1306,-6.5626,2.6431,6.1264,-6.0893,-9.5599,-5.571,9.3111,5.1763,4.8369,6.895,3.1901
-5.4831,5.6223,-6.024,0.5504,-2.5813,-5.0268,-1.5327,-0.0103,-7.8653,-8.0106,-8.6586,0.6306,4.0481,-8.931,-7.3854,1.6039,-1.945,5.8189,5.8558,-8.3419,-1.2845,-7.1916,6.0252,-2.3156,-3.2988,6.6022,9.9208,-2.8717,8.9733,8.9974,8.8573,-1.7954,8.0909,8.5935,3.5611,-2.7923,-4.8102,-7.7042,8.8838,5.7009,8.6866,-3.2827,-8.8513,5.1381,0.782,3.2096,-7.2205,-2.5251,-8.4993,-3.7106,9.92,-8.4069,-5.8118,1.2906,-1.2571,4.6514,-1.223,-5.9598,-0.1891,7.0751,-9.1461,5.9356,-9.6918,7.3889,5.5543,7.2082,-1.9629,6.3073,-6.6756,-2.4977,-1.2132,1.5945,6.7439,-0.2149,8.8462,-3.4856,0.4898,1.2553,5.4985,-1.3706,-6.8779,-8.3392,0.7013,7.139,5.5078,0.0703,-3.9059,-5.2743,-9.925,-9.8184,3.1372,1.5607,-2.3467,-9.5433,6.1636,5.9715,-1.2857,3.3578,6.0332,-0.6188,-5.3247,5.7383,-7.9876,-6.0289,8.2995,6.6102,-0.497,-4.2886,4.1882,7.9047,6.1192,5.0324,-7.3659,-0.9261,5.004,-3.5314,-4.1818,-8.2094,4.5161,-6.8966,-2.7055,1.7762,0.9218,5.1828,-0.4731,-7.6495,-7.3661,-7.7349,-8.5703,7.0633,0.21,-8.5939,5.0024,-8.1332,7.108,6.2879,8.7148,6.9774,5.3304,1.0153,-1.6853,-6.473,-3.4481,9.0954,1.0964,-4.0041,-8.283,7.9997,7.8325,0.0459,-3.1336,-9.7568,9.2517,-7.8792,-0.3986,-9.8564,8.5801,1.995,6.4246,2.3475,-1.2045,3.8947,-9.8498,4.572,7.5911,7.3132,-4.1147,-1.6329,7.0224,1.6941,5.393,1.1262,-8.6038,-5.5922,6.5306,4.4643,-1.9133,1.4778,-6.2256,-8.3163,5.646,-1.9191,-3.5686,3.4626,-0.724,-2.209,-6.7664,-7.3289,-1.3503,-5.8717,-2.885,8.2255,0.5992,-1.989,-1.8812,-7.8441,6.8284,0.674,5.7082,6.1712
-9.243,-5.7084,6.2394,-4.0416,9.7599,8.506,-7.2486,2.4238,4.9124,2.7513,9.9949,7.5909,8.1645,8.6399,1.917,-0.9018,8.964,-9.4701,1.7927,-3.8163,1.0397,-4.4752,-9.9896,1.0691,2.1375,-6.2675,7.546,-5.9598,5.1753,-0.968,-7.8672,6.6598,-0.1553,-8.6534,3.5668,3.7703,-7.446,-8.422,0.6747,-3.3768,-5.2863,8.7823,2.3555,-7.7792,9.1325,-3.4167,7.9937,9.9785,1.9372,-6.3852,-1.9194,-8.6392,4.9716,2.2733,-2.8807,6.3249,1.6331,-1.8553,-0.0929,-6.9637,4.6345,-1.3001,-1.8026,-1.3956,-1.6489,-0.897,9.5277,2.5537,-2.8332,-4.2016,7.0092,5.5578,4.6759,2.1914,-2.6771,8.6758,-1.2228,1.7346,3.1874,4.5336,-7.4478,-6.5736,-3.0782,7.9029,1.6655,3.2295,4.0328,0.1362,0.1057,2.8815,-6.2682,7.8917,4.5445,5.1595,7.8017,-0.2323,2.4223,9.5367,-3.2834,6.6303,-8.9208,-3.2838,-3.0223,-5.993,-1.7523,-5.6037,3.5634,6.5965,8.92,8.9588,8.6634,0.9049,-9.4547,4.3406,-0.7935,-0.7472,-3.6984,6.5749,1.6116,5.5457,1.7783,-6.8954,7.6816,4.6937,1.3536,-1.6942,6.682,9.5499,-8.535,-1.2486,-9.7516,0.1095,-2.1844,8.822,-8.1264,2.4889,9.0323,9.3626,3.0398,-7.4747,6.3176,-0.9086,-5.5813,-2.057,7.7105,-6.3222,6.4944,-9.3058,2.8122,-0.0875,0.5093,9.229,-3.998,9.5016,-5.5547,-2.3672,5.8283,-9.5874,-8.4192,-1.7059,3.3417,8.272,-8.7568,-2.7153,4.2583,1.6939,-6.8496,7.1125,-6.2767,-2.6287,-8.5408,0.8657,-6.4748,2.6978,-9.8725,9.5323,-5.8581,0.2857,6.9081,-3.888,7.85,-3.375,-3.545,7.7546,-4.0003,-3.833,-5.4638,6.4745,6.7443,9.7654,-5.5251,-9.996,6.0015,0.799,1.3145,-1.2293,-2.5881,2.102,-7.4346,-6.2105
4.2572,9.8692,-3.1242,-7.716,-8.3663,-8.2785,-3.1918,-4.6936,-1.6447,9.4099,8.3147,1.0305,7.6987,3.5576,-7.9102,7.4791,8.9074,-9.3387,-3.9543,8.769,2.1596,9.3236,-6.8044,-5.4677,5.9411,5.2074,-9.8267,-2.5677,-2.5846,8.9194,4.6338,-1.1143,-1.6115,5.662,5.1484,3.6653,-1.1446,-1.6837,0.3771,5.0181,-4.4153,9.0845,4.4843,6.6348,-5.8616,1.4862,2.745,-6.1975,7.4226,3.9327,-1.8213,-0.2789,-9.7099,-9.7667,4.4466,-8.8872,1.8039,-8.2388,9.5832,8.7817,-8.0256,-7.1836,3.6582,9.739,-6.0293,-2.4793,-5.9625,-1.9058,-7.9951,-4.0086,5.5392,-1.9727,9.145,6.7425,8.9113,-5.8616,-3.9475,6.0495,-0.3462,8.2857,2.8871,-1.3255,-9.6794,3.1779,3.589,1.1984,-5.1641,6.1036,3.0066,1.4537,1.7185,3.6753,-6.0116,-4.6866,-5.7656,-0.2217,-0.6309,1.9958,-6.3836,7.0187,-8.6617,7.2907,2.8277,-3.2628,-8.1425,9.957,8.2654,2.521,-5.4263,-6.5064,8.0816,7.9521,-3.4002,-3.5049,2.2335,1.7493,0.2626,-7.9145,4.9347,2.7717,5.2004,-9.9826,1.6161,2.3046,-2.8892,1.9149,-3.0269,-9.7619,-2.4467,7.3565,-4.7748,-7.2179,8.9223,3.0982,9.4901,-1.1137,-1.6185,-0.5219,3.1312,-0.4549,8.4802,-5.4923,4.4407,1.4332,-2.0892,-6.5204,9.9788,3.3047,-2.0063,-4.0149,-3.1503,2.5329,-1.4017,-5.6521,7.5485,-5.0285,-6.6398,-8.92,4.2084,0.7878,4.3718,-3.4832,-6.5638,-0.7096,-3.6804,0.9415,-7.0984,8.7765,4.1203,-9.756,-7.0241,3.5343,9.4786,2.0227,-3.6666,-0.4398,4.8727,-4.6887,9.551,-2.8077,9.6657,-2.0884,-5.2526,6.3644,-5.9002,4.2874,-7.0474,0.1681,-8.608,-0.4258,9.0234,-2.3834,-6.3231,3.6167,3.828,5.1113,1.0564,-3.3039,4.8719,-9.3959
2.9879,4.7592,1.4935,8.7029,6.4665,0.9876,-7.089,-6.4573,-2.1956,-6.3041,-8.2768,-2.843,-8.5273,1.0373,-0.9777,0.7282,-1.8307,-1.6124,-5.3497,-2.7646,1.1824,0.5817,7.9377,-0.6775,-9.2171,-4.8431,1.6943,-1.2145,2.7308,0.8358,1.9758,7.1827,-3.9589,4.7043,9.5019,-3.4219,7.7563,1.2257,-5.9565,-7.7519,8.0745,0.6893,0.0624,-7.9267,2.3639,8.7311,3.2297,7.4151,-8.4201,-7.5434,-0.2322,-6.082,9.1674,-2.5438,9.569,7.2448,8.5979,-3.1954,4.214,7.5414,-2.915,9.1014,2.7709,-6.7873,-6.0803,8.1278,-5.2992,-7.1524,-1.8784,-1.2532,-6.4296,-5.4663,6.4495,-9.7856,-0.2248,-4.1336,-0.5548,-4.9767,7.6404,-4.8695,-4.1131,6.6818,2.8722,0.8817,7.2437,4.0422,5.6186,4.2463,-4.8217,0.6772,-7.6627,-1.2639,1.6692,6.7727,-8.808,-8.6719,0.9209,3.3244,-7.4427,-8.1984,9.0862,0.6673,0.4507,-1.8624,3.1968,8.1807,-2.4422,-6.3556,9.9224,9.3418,-6.7807,-6.251,7.3103,-3.8314,-0.686,1.0442,5.2103,-7.7331,5.3863,4.63,-8.576,-8.9429,-3.2475,5.8803,6.8066,-1.3538,1.3932,-7.3481,-2.8171,8.3396,5.4469,8.893,-8.6543,-0.9086,-6.3481,-3.0699,-6.2567,-0.0647,5.599,-6.8033,6.9594,-4.9806,7.5293,3.5083,4.8307,-9.1106,0.8228,-0.5209,-8.8337,-7.5953,6.8906,7.3949,6.0473,3.8737,7.1744,2.9025,-1.3155,8.6603,-7.5466,6.2275,-3.9883,8.2569,5.213,-2.2649,1.7644,-0.8563,3.2405,-1.9046,4.586,-9.4894,0.9059,4.9747,-5.9679,3.5011,-3.8355,-0.5769,-3.1604,4.4181,4.2711,-5.5312,-7.1671,-6.3474,6.2976,5.9359,-1.3473,-3.1122,-0.1244,-2.0085,6.4873,-0.265,-5.046,-6.9983,0.3692,3.2382,7.8107,-9.6629,8.9573,-5.0835,2.8515,-0.8304
-0.8638,5.2294,4.4721,-0.7988,-3.3296,7.5465,-1.6127,0.1256,-6.7661,3.8382,-4.9964,5.3458,5.2139,-7.0504,4.5545,-7.691,5.3857,7.8023,4.1786,-5.9661,-9.7761,2.5346,-6.9616,-0.4575,-8.2385,-8.5721,8.0333,3.3668,6.4557,1.0897,-1.0958,-2.9835,4.1157,3.7946,5.3298,0.1149,2.7842,-5.9816,-3.3711,-0.6504,2.7784,9.3344,8.3083,5.9758,-2.6411,4.2261,1.8684,-7.4441,-0.6912,5.4019,0.9832,9.0026,4.4855,-9.878,-1.2848,-1.2628,8.6889,5.1864,7.5759,3.1363,8.8104,-3.2807,8.381,4.3736,-5.4546,2.6004,-6.4412,4.0242,6.5049,-6.3171,2.7938,4.351,-8.3368,-8.3026,-8.247,-7.1254,-1.1487,4.1787,7.05,-2.5863,-7.8392,-2.6953,9.3605,4.6265,8.3201,-1.6703,5.7275,3.54,4.9284,3.9885,-2.5291,4.9961,7.594,3.0541,-6.3558,-0.0014,1.0058,5.598,5.6521,7.1598,3.6922,0.6849,-3.4669,7.3423,2.8187,-1.8199,-1.0171,3.4543,-9.5234,7.5677,-9.7966,2.2813,2.1771,-7.8471,0.878,-7.4626,7.85,-4.9478,-6.1249,-8.944,-9.8893,-3.1779,-4.2154,5.9508,1.2213,6.5987,4.8362,7.258,2.6765,-4.4938,-4.9056,-8.8916,-2.113,3.669,0.6648,-8.6258,-8.1072,-3.4613,4.8377,4.7316,-9.5481,3.5158,5.18,8.0761,-8.2476,1.0895,1.6137,9.2563,0.6834,6.5052,-3.3456,-9.8153,9.3272,6.6849,5.92,5.8113,9.9622,5.6221,-4.3958,6.7027,5.9528,-2.8601,-3.9628,-1.4312,8.2375,1.1541,-1.4872,-5.1929,2.8654,4.5813,-1.6461,8.4589,4.0043,0.9126,-4.2463,2.5364,-5.4816,1.8643,5.2484,-3.6082,-4.9165,7.378,2.9186,1.6637,6.872,-1.0753,5.8097,-7.4448,-0.8258,-6.2303,8.0482,8.4562,5.8473,6.5642,0.8333,-6.9742,-7.7634,7.4593,-2.468,2.9922
9.0538,-6.2876,-9.4685,-4.5227,6.5785,8.5529,2.8881,3.7283,5.2594,-1.5452,-7.3615,-8.4106,-5.1289,7.7066,-9.8998,-7.5798,-6.1811,7.6843,9.8474,8.0733,-6.7714,6.8268,6.8185,-4.6883,4.8313,-2.5464,2.4225,-5.397,7.1072,-0.5102,1.4595,3.224,4.4115,-8.3425,2.984,0.0685,-5.5356,-9.9952,5.9913,3.2206,-3.3155,-2.6738,-4.1229,-0.3446,3.2191,8.6219,9.8349,-4.5246,-1.2032,-6.3318,7.0361,-2.2931,-5.9491,8.2496,-5.1811,-0.1035,8.64,2.182,-2.2613,9.9349,7.5504,5.4189,8.6344,-9.2113,-2.5753,-4.1409,4.7318,8.5544,4.2062,4.0675,-1.0972,-1.3111,-7.6511,0.9228,-4.459,5.3029,-2.1152,-0.1825,-3.5481,4.7271,2.0992,2.4673,8.6827,-3.5816,1.3469,7.7374,8.2217,2.8312,9.9222,4.5174,2.6477,-6.0775,1.4465,6.1652,8.6137,2.6656,-9.3751,-2.6836,-0.1797,-3.5597,2.9681,2.8069,3.3928,-2.2785,8.0696,-8.1347,3.2786,5.3058,4.4764,-8.2497,-6.2535,9.581,0.1174,-5.734,4.2132,-2.436,-0.6307,6.0241,-7.052,6.84,-6.9643,2.1187,6.673,-8.4351,2.4982,-7.0744,2.8587,4.6919,-6.4878,8.6019,-6.5902,1.4942,-9.0984,-9.4028,0.8446,-5.8596,9.4937,-3.4301,-4.7353,-2.5305,-5.8419,-0.5366,-0.2192,6.0183,-4.2327,4.6219,-3.548,4.7822,4.9648,-1.9559,-4.6425,-5.1298,6.484,-6.385,7.1647,1.7174,0.6709,9.2779,-9.6717,-9.5597,-0.311,8.4937,3.9014,1.1081,-6.7808,-0.1862,9.9191,6.9861,4.6541,5.615,3.2684,5.5638,-1.485,-0.9542,-7.3697,2.7131,-3.9336,6.1538,2.431,1.8953,-9.4839,6.6122,6.6947,4.2517,-7.0843,-5.3532,2.2372,-1.8006,-4.9655,-9.851,1.0625,5.7816,-7.2398,-9.8634,7.352,2.4142,6.0692,-1.8628,1.8657,-2.9353
-2.4552,5.4201,-9.9164,-6.5681,3.5697,4.1795,3.3312,-2.7745,-4.4764,-4.8238,8.613,0.8711,4.2722,-1.7557,2.2136,-9.5055,6.1655,2.129,3.9496,2.5401,3.4919,9.5189,-4.3356,0.3516,-6.7743,2.6086,-4.7769,-6.489,-5.0453,-8.1025,6.9483,2.8075,-6.4544,6.4426,4.8896,3.2051,5.3162,7.8119,-4.3737,1.1944,-7.4421,0.3502,1.3972,5.3074,-7.9462,0.8761,-7.8049,-5.1579,1.281,5.4894,-4.3499,0.7238,6.095,-1.2976,4.4066,-6.1411,-0.9118,-2.3177,5.3493,-7.878,-0.3183,6.1476,3.6912,5.6907,-8.2888,5.0803,-8.8109,3.8327,3.3451,2.7611,1.3692,-9.4103,6.3314,2.7562,3.6781,-3.6124,-9.1161,-9.2982,8.6283,6.846,-1.1517,1.2905,-8.9008,9.742,-6.0427,-2.8086,8.1608,7.2563,4.4973,-1.9698,-4.3863,7.6954,-9.2733,-2.21,-4.3763,-7.9182,-5.8303,8.3081,6.1894,-8.915,1.8125,-2.1587,-2.381,6.1493,5.9493,6.9485,7.8018,6.67,3.6525,0.7423,-7.1974,-2.6727,-2.2837,5.1007,-3.2419,-7.9491,-2.2837,3.525,-7.4362,-1.623,-7.8041,-1.0343,-1.2864,0.2568,8.2058,3.1167,-2.2491,-0.032,4.9813,1.9708,3.3746,4.4768,6.5871,-6.5323,1.9071,-4.834,5.9664,7.957,6.7921,9.2896,-0.3582,-6.2166,5.2066,0.8667,-6.3094,-0.7537,-2.6313,-0.5754,-3.9629,2.63,9.6886,2.0003,-7.0603,-5.0666,7.4867,-3.2101,-0.4278,5.8753,7.1972,1.8683,-3.7313,0.8152,-5.3728,-4.3553,0.8423,7.1413,-1.0471,4.1116,-8.0463,-6.6054,-4.5274,6.5349,-2.927,0.8595,-4.1634,-0.4558,-7.4303,-2.8681,4.3541,-3.2609,3.4071,-8.8679,-0.5168,0.4604,5.2819,8.2335,4.7467,-8.0248,-9.5024,-1.3043,0.2,-2.1412,-8.049,-3.4168,-4.0264,5.516,-9.2987,-2.8644,3.3452,-1.2475
-7.4652,-0.154,9.2288,0.2357,-7.7835,-9.8419,-2.384,1.4398,1.6446,4.0834,-7.4024,-9.4267,-6.7275,1.0807,-9.759,0.1222,5.813,-2.2758,2.5861,-7.8226,-8.6127,-4.3344,9.4386,5.54,9.4375,-4.6981,-2.5828,8.8662,3.6943,9.0266,-1.7462,-3.743,-3.7621,-1.0065,6.9494,-5.762,-0.2919,-6.6487,7.7707,1.218,3.9573,9.7409,-3.8131,7.179,6.9889,1.2692,2.6746,-2.2807,6.566,-5.4919,8.5565,-1.4134,-9.7633,-9.2608,8.4661,-0.1878,-9.4594,-7.6563,0.642,8.5543,-0.3065,-2.6698,-8.0477,7.4623,6.4096,3.0299,1.6458,-0.9787,-3.5517,-6.573,4.4638,6.4374,9.909,-3.2616,2.1033,0.4355,-2.3417,-2.6319,-4.8433,0.2159,0.6126,2.3293,8.3114,-2.7084,6.7278,9.0742,-6.6132,9.6091,-1.4127,0.2705,4.9243,-4.2603,-4.8868,6.0784,0.6348,-6.8497,5.0668,-3.5041,-9.3521,5.8233,-9.1388,0.5774,-5.5193,4.951,4.7715,-2.393,5.3373,-6.862,9.9545,3.7101,6.5316,2.1009,-9.693,-7.9887,7.2351,4.5046,-3.0819,5.1299,-3.9416,-3.4199,8.3146,9.4558,9.3348,-9.6545,-5.6516,-6.2364,-1.1569,3.5149,6.7012,5.181,-1.2439,-0.92,-9.1008,2.6264,-2.6778,2.0215,2.7037,-3.9727,-3.496,-5.9111,-0.2644,0.0367,-1.3731,-6.2459,-4.5102,3.0261,4.9677,-4.9968,7.3207,-1.0051,2.9917,0.2554,2.0214,2.9089,-5.012,-8.8101,-4.1785,-0.431,1.3837,0.6548,-6.8409,-8.5149,-3.4462,-8.31,-5.4904,-2.9563,8.0845,-6.6011,3.2399,-0.8252,-8.7766,-3.143,-2.2485,2.6474,9.5804,6.3413,-4.888,2.3763,8.0614,-2.8786,-5.942,-5.9944,3.8818,4.9222,-8.861,0.4994,1.0272,-0.2768,1.2319,1.1447,-1.7625,9.6438,-9.1328,-6.8013,5.2535,-6.3674,-4.1936,-0.617,0.0069,-0.323
-0.3308,-5.4804,-5.7935,9.2215,4.1195,-9.4895,4.2481,-3.7095,-8.3806,4.3714,0.3026,7.8354,5.3562,2.2045,-7.5889,-0.5139,-1.8544,2.5244,-7.7639,2.6114,2.4314,-5.7842,-5.3843,5.0563,7.4124,4.4699,1.9619,2.5743,-3.8402,-4.6698,-0.8534,9.348,3.254,6.8462,5.0036,7.8673,9.3887,1.0255,-8.8046,3.7831,-9.4437,2.7391,7.3315,-0.4793,-2.4247,6.8886,1.8567,0.9302,8.7596,-2.8913,-8.459,-3.2446,-2.056,5.433,-3.0413,1.0822,3.4079,-5.8938,-2.9862,9.663,-0.9962,-2.8652,-5.4928,8.2263,4.5149,-6.9753,3.7647,5.2532,9.2981,-7.5928,7.8317,-9.2845,-3.2194,7.4358,-9.2363,5.24,-5.1747,-5.2367,4.3926,4.3746,7.2347,-7.8872,5.0155,-7.2001,-2.4696,9.9658,7.1732,5.5389,-1.5471,6.8031,-6.0726,-0.8311,-2.8396,5.8072,-4.3492,4.1535,9.9177,8.5982,8.8296,-8.3814,9.473,5.8221,1.9625,3.2796,-4.8352,-7.4143,5.7904,5.7742,5.2234,-2.7064,6.4435,-4.517,7.6849,-9.1567,2.4644,4.9327,9.533,7.746,-6.8235,-0.1137,-4.9745,-7.9045,-6.9891,-4.7938,-1.3958,1.0726,0.5601,-4.4989,-0.3928,6.9846,6.4872,-5.9086,-8.8464,-0.1701,0.1793,-2.5586,-4.9131,-8.0121,2.5033,-1.0845,-8.6097,4.111,0.3893,-7.7647,2.0588,7.6139,2.743,9.5541,7.963,-5.2477,6.6298,1.4609,6.8852,3.3299,2.3917,3.6114,-3.6819,-8.2233,-1.1966,-0.0692,6.7243,2.3045,-8.9622,4.0474,4.8321,2.8688,0.1626,-8.7371,-3.1082,0.4961,5.7271,6.3563,-3.5432,8.3667,-9.3797,1.3874,-8.0424,-5.0403,9.4292,8.4549,-4.9588,4.9672,-7.522,-1.8091,0.2787,-0.4811,-0.0643,-0.472,4.0095,-4.0327,5.9328,3.7772,-7.2763,-0.5098,3.3024,2.3088,-4.2275,-9.1444,6.4698,-8.3217
-2.119,-2.4335,-6.1419,-7.7978,-3.8334,-2.6005,-8.1412,4.7819,-8.7765,2.3136,2.0408,-5.2559,3.7741,1.2865,-1.0637,-9.9663,-2.2208,7.581,6.1591,-2.5427,-1.0371,9.6691,2.4987,5.9323,-7.3602,-2.8802,2.6423,2.3397,-6.3351,-0.6615,-1.3294,0.6291,3.5697,8.932,4.1412,3.5208,0.933,9.6297,7.5594,-3.2891,3.7727,-1.5402,-5.8845,7.4566,-4.0705,-9.7733,0.7013,9.9066,1.9881,3.1541,0.3441,-8.7703,-8.4835,-3.3767,5.9338,6.124,6.6981,9.8105,-8.1007,0.9711,-8.5776,-9.8417,-6.8436,6.8202,-0.4286,8.3335,-2.294,-3.9913,-3.9001,-3.8784,-5.7261,9.465,4.8168,-8.6994,7.9834,0.7175,9.8656,-2.3684,3.8901,-7.6811,6.9649,0.9153,4.8002,-7.9456,-1.5063,-5.6427,8.2354,9.6896,-5.7597,-0.8058,2.096,4.8618,-4.7456,-8.7425,8.1013,9.0959,-2.8736,-6.2458,3.244,9.4682,-5.4646,-6.3872,-3.6641,8.4052,4.0063,-7.2324,8.2211,2.5975,-7.9948,-4.3114,2.7308,-0.8602,8.543,6.9583,-4.1662,-2.0762,-5.7421,-0.2461,-7.1976,-3.6514,8.325,4.5074,7.4604,7.7681,-1.19,6.6268,5.2046,-2.0915,1.501,-5.8027,-7.1643,-1.2913,-9.237,5.3409,8.1048,0.7304,5.2844,-7.2314,-4.0449,-1.5948,-9.3189,-0.2578,7.1171,-0.5167,-5.6951,6.5152,-2.8398,1.8111,6.02,0.9307,6.9161,3.4435,-5.0496,6.8035,1.2566,-3.7929,6.6057,8.3789,1.6188,3.1881,-0.6127,-8.9361,-6.0244,6.3388,4.9244,7.1089,4.3229,3.6529,-4.3658,-3.9641,5.0834,-1.292,6.6213,-4.1612,3.5082,-3.9915,7.2966,4.0096,4.4381,-7.8336,7.2057,-9.7924,-8.8579,1.6363,-3.0171,4.6289,5.5024,8.1576,1.1599,1.4069,-0.4572,1.3899,2.6479,6.8605,-5.9655,7.8432,-0.5847,-3.3249,-4.5009,-0.4265
-3.8519,-5.3615,-9.5389,5.8183,-5.7217,8.9118,-6.2495,-0.1959,-2.9674,-4.4173,-5.4831,7.9757,7.9095,9.5028,0.9689,3.7863,1.6855,-1.6726,-8.1578,-5.6277,-7.6374,-7.4499,-2.068,-3.0004,-0.4483,5.5018,8.8731,7.4978,1.2348,7.3548,-7.0302,7.3167,-5.184,-8.4969,5.3424,8.5702,-4.4131,0.9168,3.447,5.364,0.2639,-8.3908,-0.2845,-7.1701,-5.7893,0.2416,4.3576,-3.8672,9.9363,1.4263,-4.7828,7.2472,5.9831,7.8425,-8.6104,-5.941,6.7535,-2.099,5.3464,3.7343,-8.7354,-5.9281,5.9344,-3.9453,-3.0691,7.1078,6.0817,5.588,4.9555,5.7044,-2.8306,-1.0076,7.0131,7.4242,-2.922,0.8562,7.4113,6.1357,-8.9045,3.7301,4.3275,1.9801,3.6384,-3.7073,0.0885,8.3236,-1.9472,-5.6572,4.1268,-8.2152,0.2019,2.4536,-0.0899,3.7431,-0.7268,-2.4813,7.5307,3.7588,8.7878,-4.6925,7.3025,9.3749,-1.7248,-0.9585,4.8392,-2.122,-9.2357,-2.316,5.0084,-1.3947,0.9344,-3.7349,-8.4744,-6.5533,-4.4062,8.6792,-6.2261,7.7685,-4.5342,-2.184,-3.0616,-0.8704,5.5401,4.5573,7.4313,7.9297,-3.2655,6.7319,2.8499,-5.5656,-3.3889,2.9249,0.9964,9.6966,-8.214,0.1839,9.1142,-6.1338,8.4938,-4.4808,0.3343,-3.9338,-3.3755,2.8297,-3.9994,-6.4174,5.6522,-1.5673,8.7322,-6.862,-7.3478,-5.1111,-4.7305,-2.6496,6.5575,4.1765,5.916,4.6445,-6.2906,-0.5106,-5.5231,0.9125,-5.6664,9.5432,-2.267,-7.1423,9.7314,-4.5494,9.2837,4.3984,-4.009,-4.5442,-2.8867,9.1315,-5.7572,6.8322,8.6614,-5.0998,-1.1187,-3.099,4.7437,-3.9445,-7.7152,-1.8713,-9.7914,8.1869,3.9412,-9.1539,0.4121,3.4573,-6.374,-7.109,-4.6235,9.8063,-4.3138,5.705,-8.7387,7.9987,-8.1702,3.9871
-4.4614,-6.2185,9.1577,-4.2974,-5.5002,2.271,7.3848,2.7563,-1.4083,9.2221,3.2692,-3.323,4.1287,7.3766,-1.8077,8.8812,5.7162,-5.1915,-9.904,-9.1733,-4.5977,-4.7808,-6.8062,-0.8186,7.9519,-7.9279,4.5585,-2.4353,-4.2092,-9.5717,-9.4317,6.9789,0.5478,-2.8847,-5.7846,-0.4877,-9.2637,-2.4207,-7.0089,9.3802,1.1491,0.0572,-9.9571,-3.0848,2.6952,-3.2012,-5.8131,-3.7732,7.0222,3.2023,9.5938,-6.1641,9.4404,-6.158,-9.1195,5.0705,1.7654,5.3517,-4.8998,6.4066,-2.7619,9.8138,1.1254,-4.6742,-6.5774,-8.484,6.4528,3.7774,-1.0593,-3.5821,6.3929,-2.9279,2.1237,-2.5823,-5.8753,9.6924,-9.6278,0.288,-1.9438,8.0231,6.3933,9.8994,-7.5889,-0.0493,8.3978,-5.6572,7.4408,-1.6769,7.9812,9.8965,-6.5136,1.8158,0.258,-5.7146,4.035,-5.3898,-8.2567,7.6658,-5.039,-1.5846,-7.7384,-2.3568,-6.2155,-1.0825,-8.9538,2.2962,4.9918,8.7243,-8.2453,9.2986,8.5931,-0.1951,7.4261,-0.1101,-2.069,5.1137,-3.1027,-8.8723,-7.0264,-4.4435,-5.8652,-5.9741,-2.4427,7.1818,3.4492,-3.9539,6.5386,9.696,7.1644,-3.0348,-8.8755,-7.3013,8.4185,-1.9371,2.3847,-1.0629,-7.0165,-1.9516,4.0372,8.2247,-3.4979,-2.5523,0.3672,3.2,0.4532,8.0309,6.0037,6.7397,9.4861,5.8664,-0.7773,0.2126,-9.5474,8.4115,-3.8332,8.6454,-8.4464,-2.7906,-0.8924,9.5621,-4.3113,7.5341,-3.8227,6.2521,-8.1542,3.2421,2.7545,-3.4566,-7.3879,3.5844,5.5579,7.2026,-6.1646,6.9709,4.2582,-3.616,-1.8945,2.1426,2.4816,-0.6261,-2.972,-2.463,6.4298,-5.7777,5.2676,-3.4946,8.8745,2.3233,2.6759,-4.1775,0.4372,5.9481,-3.0234,7.3775,-8.1993,8.5957,9.606,0.9002,-0.7729,-5.9888
-2.3267,0.4354,-7.9497,-6.9494,-2.2009,8.872,-2.6555,0.6192,-3.339,6.3072,1.7329,-8.9523,9.8156,7.2696,4.9727,-7.7491,-1.6608,9.744,2.4173,6.4538,7.7229,7.8864,9.3879,3.4304,-3.3335,-6.7169,1.2708,8.068,3.5141,1.376,-6.4049,7.3817,-2.8643,-9.324,-5.9284,2.2299,5.9537,-5.0152,-5.8724,4.4813,-0.8762,-2.1252,-3.0206,-5.2673,-9.4526,-7.9778,-4.3905,-3.3115,-8.7511,8.7512,-1.8588,-4.0301,1.2615,3.4883,0.0861,-6.5691,6.2513,-5.2822,-8.7421,8.3007,7.1094,-3.3355,-6.483,4.1801,-7.7122,7.407,-0.4423,9.6259,6.8889,6.072,3.8619,-8.7417,7.0935,-2.3245,4.2887,-0.4937,1.574,0.3294,-0.9517,-1.3707,-4.376,9.8478,-7.5043,-9.1585,-1.1697,-5.357,2.8543,1.1301,-6.0469,7.7472,-3.0506,2.2085,-4.8207,-6.2598,1.9221,-9.5979,-3.0089,-1.1282,2.9156,-3.9392,-2.8481,-7.5287,4.0052,8.7814,0.6161,-6.9292,-7.8176,7.8524,9.9821,-1.2139,9.5624,-9.6811,8.2486,-3.2781,8.6598,3.9191,2.7221,-1.1884,-8.8128,-0.0809,-8.6512,-4.0983,-0.0904,-6.2204,-4.987,9.4155,-0.3009,1.0002,-3.7736,0.8751,2.2001,3.9718,8.8445,1.992,-7.954,5.1878,5.0401,-4.9598,-7.6001,-0.7683,1.3166,0.563,4.4668,-7.9705,3.2971,4.9954,5.5289,-5.7172,0.7199,-9.6235,-4.2301,9.7497,4.1931,7.5424,5.7247,8.0807,-9.4736,-4.1723,-6.9583,4.4666,5.6693,3.5096,2.3481,2.4748,-4.9851,-1.1873,-2.1365,-1.5842,7.6687,-7.8806,-6.6744,9.0931,4.3933,-3.5433,0.0263,-4.2317,-3.5047,-4.5486,-4.8737,-8.739,-9.9783,-5.3598,-3.4666,-4.7879,2.1031,0.4408,3.8236,5.8924,-9.538,-7.2962,1.373,8.09,7.7955,4.0855,1.6378,-8.3484,2.4641,5.6772,-2.63,-0.8533
-2.1128,1.9639,-3.3051,5.3817,0.0378,-4.7364,3.9924,0.5975,-0.8879,-3.6315,-4.7978,-0.4014,0.9847,8.9004,3.6203,-4.7201,3.5659,-4.4326,7.186,5.6996,-9.5257,-3.3884,5.4236,4.3101,7.1959,-9.0698,-1.9146,-7.3144,-2.4502,4.2756,-6.2978,7.0431,9.9972,9.2626,-4.9808,0.7925,-4.7617,0.3448,9.9113,-1.2964,-2.0675,3.9023,-6.9816,-4.414,7.9568,-0.3312,-6.7949,-9.596,5.1912,0.3047,0.5633,-7.663,-3.0836,-3.2548,-1.2619,-2.9754,-9.061,4.3765,-6.1163,0.2097,0.3566,3.8702,0.7051,5.617,1.2154,9.8316,-7.7512,-3.902,-7.0563,-1.235,3.4946,-0.8726,4.7178,3.7458,-4.1359,-2.9707,-7.9855,-2.4706,3.5219,-1.7323,7.7842,-0.31,-2.9691,-3.7517,6.2934,-2.9758,-0.5312,0.9421,-6.8361,-6.425,-1.752,1.0027,-7.1506,8.8305,1.115,8.8855,0.8858,0.8382,-3.5785,-3.5094,-1.5106,-8.4647,0.3349,-6.4432,-3.9726,-2.2234,4.3944,2.713,-7.2123,8.2165,-2.9128,1.7665,-7.9262,-7.745,6.0602,3.1929,5.3594,-6.4723,2.2529,8.2752,-3.1112,4.8253,6.1492,-7.3908,-5.7137,1.9509,-9.5548,-5.5508,5.1203,1.7315,-6.3659,-8.9379,-0.3471,3.7331,-3.5993,6.8795,-2.8035,3.7437,2.1074,-3.0362,-6.6779,8.9883,-8.4084,3.7756,-7.2311,-4.3812,1.9055,3.68,2.2252,2.9035,9.0572,-7.0704,3.1299,5.8715,2.6215,-2.371,-0.5912,1.0159,6.9076,2.6192,-0.5354,-9.6215,9.2814,-1.1212,-7.4501,4.0665,-7.9453,-9.662,-3.8913,5.0388,7.8006,-4.3139,-3.7405,-5.7631,-3.068,3.4141,3.6343,5.0014,-9.1046,1.4184,-5.9227,-3.6404,-4.9044,5.2736,-6.4559,4.9529,3.2383,-4.0871,-1.7803,6.5448,8.2136,7.7174,-8.8526,6.8807,3.1341,-3.849,5.3642,-0.8307,4.3202,2.1709
6.1743,3.0027,-5.1673,2.7713,-4.1797,-5.2024,-4.701,-9.0256,-3.2279,4.1795,6.4016,-0.8409,-1.7577,3.1616,5.7307,-6.2358,-8.3193,4.6094,9.8216,-3.2685,-5.6256,6.0478,-9.1001,-8.7136,3.6316,2.4815,9.7802,-3.1083,1.8118,2.1231,7.4529,4.9017,-6.089,-9.4525,2.9015,2.995,-4.076,-0.9526,4.8158,-9.3286,8.7324,-5.6808,-2.4254,1.4247,-1.6534,2.1895,-4.8188,-8.4948,-5.3647,0.455,-0.8692,-7.8562,-1.0562,2.9384,-4.6363,-9.1938,8.7253,4.1156,2.4313,-2.2315,-9.0291,9.336,6.1185,-8.4045,6.4472,9.2589,-3.6636,1.2029,-3.5277,6.334,0.1173,7.9168,8.3105,-2.9203,-8.488,6.7039,-0.4681,5.6641,1.3631,8.1296,-2.2398,-1.798,-1.1818,8.6961,-5.5892,7.811,-7.1267,5.4804,2.5923,-0.3994,4.4069,-0.0392,-6.6843,-2.6809,4.2166,-4.1643,-9.2645,2.3664,8.08,6.1633,-7.0473,1.0909,-3.4797,-7.3559,3.0637,8.0019,4.7578,9.5721,-5.5319,2.5137,5.3665,6.9141,-9.3558,7.3641,0.9697,-1.9098,-8.9396,9.6974,6.3826,8.4865,-9.1589,8.3968,-9.1138,-5.1009,7.1418,-7.0755,2.8546,9.0577,-3.5543,8.2434,-8.4929,-9.8561,-8.3216,9.0595,-8.6712,-7.4884,-9.2808,-7.6072,-3.0451,0.4957,-6.6218,7.8665,4.3921,1.6161,-6.4978,3.3921,-8.4004,7.7845,6.7965,-0.0906,1.036,-1.6108,-1.9794,9.7082,2.6633,-3.6141,7.9584,4.7506,-1.225,2.7751,7.513,-8.176,5.3714,8.8208,-9.6105,3.5328,-3.1406,-6.7352,9.4374,1.1841,2.984,-9.2503,-9.0955,4.3697,6.1385,6.5156,-1.4634,-7.0592,7.6664,-0.5,-9.2754,-2.3468,-7.2193,-7.1682,8.2905,-9.6214,7.5597,-1.3547,9.1841,4.3893,-1.4583,6.0068,-2.9955,-0.5137,-2.3168,3.6254,-7.024,-8.0415,-8.2466,9.2314
-1.1827,3.5536,-5.7251,-7.6647,5.5732,2.7374,9.7107,2.2589,7.3924,-7.476,-3.0502,4.6794,1.3137,-8.6188,-2.191,0.8979,6.2523,5.7715,7.6341,5.4245,1.2926,-2.3285,-0.4838,8.5944,-3.1296,-2.8907,-0.3228,-6.8281,1.316,-3.8479,-3.6961,-6.7021,-8.7338,0.5561,-7.8366,9.4353,7.5176,3.4855,3.824,2.8044,-9.6491,-8.1733,-9.2682,6.2014,4.2098,-8.615,-2.1017,-7.4264,8.3973,5.3956,-6.7288,1.2777,1.1536,3.5899,4.1734,-5.8213,3.4887,-8.6399,2.4097,5.3224,6.5019,3.6179,-8.6204,-4.1269,-3.9535,-8.654,4.5728,6.804,-5.1579,-6.4803,9.1591,-5.1687,7.0367,-8.4858,-9.0941,-5.3464,0.4802,1.2037,7.7046,-4.6623,-1.4785,4.9873,9.8053,5.3175,1.6424,-8.114,6.986,2.8277,-1.7099,-3.2449,-8.7338,-3.5216,6.8941,0.8551,-1.3633,-6.9652,-3.2209,-9.3869,-6.1017,-6.0325,-3.6089,-6.9039,7.2855,9.926,-2.7265,-7.6319,-5.527,3.8675,7.5955,-1.4171,8.6077,-8.5671,-0.7407,4.9021,2.0383,5.5114,-4.2395,8.4573,-6.3315,3.3564,-7.1181,5.532,2.7674,-9.5316,6.6193,-9.9131,-6.3201,-2.0194,0.6974,-5.4753,-2.5508,-1.6153,-0.8016,-5.4618,8.0425,-0.1947,-7.4404,-8.5318,-7.3499,6.8029,-3.7161,2.4264,3.587,2.9592,-9.8165,-6.2732,9.9606,-6.2951,-1.8018,4.306,2.6498,-5.7329,-6.6603,1.0903,-2.2709,8.9818,-0.7231,-9.4798,3.8832,8.1144,2.1318,0.274,-7.1801,-5.1991,-3.0662,7.5983,0.5232,-4.3652,-6.0052,-2.0208,-9.1201,0.5472,-2.0609,-9.6307,4.8667,0.2083,7.6556,-1.9825,-0.1585,-8.6296,1.4638,-8.9299,-7.6994,6.1069,2.8634,9.9911,0.8289,8.8033,0.6607,-1.4913,1.6502,7.3027,6.2092,-6.7948,4.1227,9.0335,-6.9242,2.868,-1.7708,0.9945
2.3793,8.2001,-5.4798,-5.7233,-5.2316,-2.6996,9.258,0.9208,0.0851,-1.3494,-2.9943,-7.8146,8.1174,-6.7108,-5.6337,8.6154,-3.1833,4.1742,9.0118,1.4061,-0.2398,-8.5942,9.7845,-0.1575,-7.9614,2.6931,-9.646,4.8079,9.2197,6.0798,-4.7399,-1.9432,-5.2371,2.7431,2.1658,5.4729,-8.2075,-4.6016,-6.7555,4.3111,1.7702,-2.6516,9.7063,0.3136,8.3794,2.16,4.4066,7.4693,-7.5058,1.3125,0.2279,-7.9201,-9.7784,0.7229,3.889,-5.2756,6.8152,1.2118,-5.0228,2.8981,-1.975,-5.6589,-8.4819,-6.3505,-1.6288,-8.1908,-3.2503,-2.5881,1.4049,7.3458,-0.065,-2.0698,3.8857,2.3081,9.8551,-5.9651,-7.939,6.4152,-4.3506,-7.7051,1.8609,2.4317,-4.8769,-8.9143,-1.2213,-2.3241,-6.2069,1.157,-9.1446,-4.4511,0.8014,4.0854,-8.3787,9.0053,7.9237,-7.2076,-2.5926,1.1456,-5.7794,9.338,8.7873,-4.4564,1.5314,-5.4587,0.0229,-0.5758,1.3258,-6.489,-2.7667,0.7382,-9.215,5.8791,-9.3375,0.2088,-0.3098,-5.9788,-2.6998,-0.2622,9.7601,0.897,4.3089,4.0233,8.7013,-2.7799,-8.7666,6.9411,-6.9257,0.828,2.0339,2.3017,-0.9143,1.7181,1.7791,-0.4586,9.4139,1.6989,1.2001,1.8546,-9.625,4.7061,-7.3273,-6.2079,-0.1444,6.4083,4.1423,2.4759,-8.2229,2.5852,0.2737,0.5889,8.9662,5.7358,3.6633,-8.9054,-7.3628,-7.1264,9.6377,1.2206,-5.0906,-3.9927,4.9639,8.2231,-5.1141,3.5095,3.5107,5.2875,-1.1003,7.8124,9.7871,5.4097,2.5287,-4.8068,5.8722,-9.1197,6.011,0.9148,2.2795,-4.1203,-5.0209,7.79,-8.7204,-9.0478,-5.7604,-2.8134,-9.733,4.1342,2.8348,-2.7097,8.1569,4.9816,-5.974,1.0848,6.8189,-6.4378,-1.5423,8.5131,-7.5177,0.4099,4.1102,-6.3687
9.9246,-5.2317,-5.9742,5.8468,9.591,-3.6294,8.7258,3.0318,-2.642,-1.4342,8.8356,-3.1662,-8.1765,0.8932,0.911,4.6261,-8.2428,9.3005,5.121,2.3491,-4.2996,-1.6304,-4.9804,9.8579,3.8889,5.0063,8.3692,-0.3942,9.0586,-8.463,4.3026,-1.8716,7.7299,-7.3319,-1.1905,-8.6868,-5.8217,2.0124,-4.1574,2.0405,-2.3379,9.7485,9.418,4.1697,-7.2545,8.3145,-8.1014,7.3985,1.3171,2.1199,8.1903,0.7714,0.5168,3.8871,-8.8872,-4.5606,-5.7316,-0.8102,-9.0313,-0.6922,-2.4605,8.8838,2.521,-2.1345,-0.3951,-3.4654,3.1929,-4.245,-1.0868,-6.7878,-7.8857,3.3669,6.1926,9.7342,-6.1503,6.6258,-1.4416,1.1417,-7.1074,-2.5309,-2.1832,7.6788,-0.7857,-9.0901,0.7411,5.216,-9.1749,3.6269,-8.928,1.0402,-9.8813,-0.8145,6.5564,-9.5584,6.4339,-6.3034,-8.9618,7.3956,3.877,1.8659,6.0746,4.8243,-5.86,8.1614,-5.2461,-2.0296,-0.0997,-8.6198,3.1799,1.5753,0.4763,7.2942,-1.8879,7.4145,4.9659,-8.2422,2.351,-8.997,1.5747,-2.7654,6.5654,5.8911,-4.3985,1.9535,-3.5483,9.2205,5.1424,-9.4608,-7.6969,-0.3365,7.6318,5.6839,-0.0805,-4.0791,1.1011,-3.868,3.4923,-8.5856,3.1073,8.4441,1.2237,0.6674,-9.6347,6.9978,-7.5632,9.8946,-9.6106,7.1546,-9.9868,8.3768,-3.2889,5.3787,-9.294,-0.9711,-2.3685,4.9718,3.2267,0.9935,1.962,-6.8935,3.7771,4.3295,-6.0288,7.084,2.8857,-9.438,1.4356,-1.089,4.4378,-9.3797,4.2268,1.9588,-0.3696,6.6881,3.3368,6.6271,6.6185,8.9333,5.1429,-7.5201,7.8158,-5.4645,-0.439,-2.5363,-2.1056,2.989,1.1613,-1.1368,-4.3914,-0.7814,-5.372,-7.1827,-9.9119,6.6185,8.6858,2.6616,7.1473,7.8014,9.9053,-4.0562
8.2382,9.3708,0.5564,-4.4343,5.819,-1.2035,-0.55,9.6397,-4.309,4.4938,-0.4454,-2.6445,9.4963,-8.7773,1.5731,-5.2334,3.0702,7.9296,-7.7931,8.8663,-1.6427,-6.8728,-1.444,9.7316,-2.7567,5.1997,-0.3225,-8.5105,-0.8449,0.0273,-7.2707,5.4355,0.4876,-5.3909,1.1744,5.3203,-6.1147,3.0884,5.4661,-1.5415,9.0515,1.0402,0.4436,-1.3149,1.0196,-3.1358,-0.2986,4.2683,-1.2576,5.0168,-4.5187,-6.9386,2.9295,3.5254,8.4003,-6.0888,0.1498,-7.7207,0.8267,-7.3109,3.0535,-9.2336,-6.9961,1.7448,2.8769,8.1581,2.1144,-1.5437,-9.7882,-2.9304,-9.723,9.6608,2.2983,9.3168,8.5709,2.5195,8.0887,8.4309,-0.0742,7.2218,5.4833,6.3205,-0.5067,-3.7284,9.9852,9.553,5.5781,-3.2983,-1.6457,4.6987,-8.7384,4.0381,3.2262,-1.5892,-1.3807,-8.6338,1.2394,2.7371,2.8982,6.2684,3.6004,2.2493,2.184,-1.4846,-7.3286,-3.6543,2.0071,-5.8669,3.4827,-4.2473,9.1725,5.4163,-1.6701,-6.0196,9.8551,-6.3816,9.1933,-9.7499,7.3309,-1.2299,-1.0441,8.0476,3.3889,9.6141,-4.7749,-6.9108,-8.1389,-7.2671,-2.3064,8.463,4.825,-1.2231,-5.6749,1.8035,-5.721,7.3353,-8.6438,9.3508,5.4013,7.3655,6.3795,-7.5249,3.8602,-2.1697,9.0543,-7.7811,4.8302,-2.972,-9.8568,4.291,-1.8194,-1.7443,8.7651,1.0371,-0.7331,-1.7564,-4.5161,-3.5866,3.5928,3.7792,-0.8619,1.0778,-5.2575,-0.0594,-3.3111,-2.557,9.9742,-9.7897,2.881,-3.1297,-9.0506,-1.896,7.7066,-9.5591,7.2197,-7.7718,-4.978,-9.5747,-4.0929,-1.2796,2.4168,3.776,5.5505,2.6821,1.5172,5.1728,-8.3149,4.3795,7.5253,7.9565,-4.5334,-2.6168,7.176,4.2139,1.5862,-5.4434,-4.7668,8.8216,-3.2123,-0.4906
-0.7219,-6.3342,4.4058,0.7338,-6.4515,-5.1612,-9.6966,8.8279,4.7908,1.7346,-4.6452,-9.8208,-5.5064,4.8814,-5.6783,7.222,-9.8697,-1.1469,-2.6517,3.6862,-1.3973,6.2548,8.575,-3.9854,-7.915,-6.4103,-1.8727,4.1558,4.7569,-8.9962,-8.1665,-6.1876,2.371,-5.9328,-4.0119,7.5148,-9.3203,6.3576,5.05,1.6892,7.1047,-1.2141,-4.2353,0.592,-6.2343,8.5489,-7.6985,2.0401,5.3321,3.6818,9.009,-8.0722,0.6625,9.7219,-9.5655,-3.4965,0.3833,-5.1176,9.0096,-4.9126,2.261,-5.188,-7.1165,4.6683,2.874,8.4347,8.6569,8.4276,-2.5241,0.7462,-2.2667,8.4813,8.8529,2.9088,8.7465,2.2993,0.0344,-0.1756,5.8113,1.5296,2.2118,-8.3963,0.0921,-2.9349,-5.0329,5.6699,-4.2657,-8.2884,6.6092,1.852,-0.7368,-0.3097,-8.3425,-0.9767,7.3745,5.3439,-2.7472,-7.033,9.34,4.0689,-2.4171,9.802,1.3735,4.184,2.3449,8.0166,0.4712,-0.6272,5.6767,-9.3912,-7.6865,2.8491,8.8243,6.7425,7.3182,-1.5581,-9.3184,-1.9361,5.904,-5.7731,-3.1934,2.3538,7.854,3.6341,2.0389,2.3851,0.6399,0.3052,-5.6608,9.0175,-4.5734,-5.2605,3.916,-5.0719,2.5977,-4.9665,-4.777,7.6939,-0.02,-8.5149,3.5325,-4.4417,8.1615,-7.2684,5.6441,-8.7232,5.7387,-5.5183,-9.967,-9.1323,9.3218,7.816,0.9237,-9.4226,3.6624,7.6255,-8.1945,-1.7782,-9.9224,2.3276,8.6449,-2.0783,4.5584,9.0919,8.5802,0.7062,3.3927,-4.365,8.1844,-4.1128,-7.1537,-9.0941,3.9632,-0.0963,-4.2202,6.0217,-6.1774,0.2982,-6.3411,6.7103,-5.7156,3.0197,-3.2918,6.6453,-2.3323,5.4446,0.5679,-7.2047,-9.111,5.224,-6.3356,2.7638,-1.509,-3.2478,-7.1801,6.3189,8.6644,-1.206,5.0763,5.8375
-2.2936,2.8644,-7.59,-1.9906,-0.2206,-4.6804,-3.7262,-3.233,-8.4048,-4.9063,-5.0939,7.1306,-4.6175,-7.1068,9.3777,-1.7147,-2.4682,1.1905,-2.9438,4.8614,5.1774,7.9282,7.7432,-2.8844,-7.783,4.4765,4.5496,-2.2976,7.6939,-6.313,7.3695,-8.015,2.7173,-2.9588,2.2593,-0.5091,1.7773,-6.0445,-3.991,2.9292,-2.0831,0.6137,8.9558,6.1876,-8.0885,-9.8644,8.3485,3.1259,4.1314,0.3653,1.0658,-1.7082,-0.9952,-0.7877,3.2298,-5.8553,2.3546,2.9217,8.8477,-7.7885,-2.825,-9.4727,3.5473,-5.9695,1.1159,-7.5564,-8.0386,0.7063,-6.3708,2.9191,6.6092,-9.2539,-0.1815,-1.0472,-5.002,6.6644,2.6392,-7.5083,-7.4141,-4.474,-9.649,3.3961,9.2225,-5.1147,4.9647,-2.3315,8.1919,6.2434,8.601,-0.1642,6.4812,1.7259,-1.8043,8.8351,-0.3598,1.4185,6.5051,-6.6806,-4.6889,-3.0495,-1.0464,1.7824,-1.4724,-8.619,1.8096,-8.5626,4.6801,-5.6469,0.855,-9.1534,-5.5585,-0.8747,7.6309,-5.1065,-5.7242,9.7169,-5.6104,-6.3183,2.001,2.5668,-3.6472,4.1447,6.2793,-7.068,-9.4223,-8.1224,7.6856,8.6657,4.0318,-6.1034,9.52,-6.1309,9.6415,2.8746,5.9704,-4.5076,-9.6275,-3.9815,-5.6878,1.0493,3.5154,-1.8896,2.8586,6.1023,7.7607,9.9575,-4.2661,6.0353,7.0298,9.0731,2.617,-5.0604,-2.4593,-2.0625,-4.0856,8.6927,7.0593,6.7849,0.8727,7.5015,3.9263,9.9927,-9.2944,-5.6742,9.9744,-7.5919,0.5121,7.7835,-9.8849,-1.9583,-8.0044,-6.7132,3.9949,0.2261,6.952,-2.2649,9.6825,5.4883,9.679,-9.2053,-6.022,-1.2589,-2.4882,9.7728,-2.6923,7.4186,6.4218,-4.3307,0.5011,-7.0014,-3.884,-4.0711,4.6125,-6.5556,1.5916,8.701,6.7915,9.1172,6.043,9.247
-5.7384,-4.5285,-2.3592,1.9859,3.9958,7.1029,7.302,6.9695,-2.711,7.675,4.03,-3.0298,-7.7059,1.7763,4.926,-0.7258,-2.7439,-3.2127,-8.9704,-6.812,-7.9166,-0.907,2.9632,-9.5567,-2.215,9.9036,7.6087,5.8277,-2.5457,3.8958,0.0737,-3.1975,-4.7748,-8.1778,-5.7856,8.3695,0.833,0.9868,9.0275,-7.3576,0.8731,-2.9962,9.6156,4.5034,7.3954,4.013,-9.5938,-9.4719,4.081,-4.419,-9.2106,-5.5221,0.968,-7.9677,5.2343,-2.3382,7.3349,4.8139,-4.2628,-6.7154,-5.1699,-5.0758,5.537,-9.9901,-9.4785,-6.7372,3.6105,-7.2484,-0.9212,1.3564,-5.9699,9.8756,1.2582,3.3195,1.6127,-8.9909,8.4808,-5.2347,4.3295,-3.5499,-8.2688,-4.1058,1.6459,6.8175,1.3025,0.4192,-0.9311,7.0227,-0.8001,-3.0052,-6.0242,3.4497,9.9924,3.7063,7.7745,-5.1703,-2.2748,-8.8813,4.5582,-0.7866,-5.1888,3.9209,-2.5802,7.7655,-5.7644,-1.3595,-5.6759,-6.3107,-7.4618,-4.0069,-2.1325,-6.6445,3.9447,4.1639,4.4999,-3.3792,0.3934,-3.8968,-6.637,7.8501,7.8056,1.3583,-1.4748,6.5413,1.3616,-0.8405,9.9127,8.801,8.2443,-0.5632,-1.5022,1.3271,5.1504,9.5267,-3.0731,-6.9339,3.8181,-4.7591,-9.6014,-3.4113,2.2678,-4.8075,4.6576,8.1817,2.9735,9.7873,4.8686,-5.7356,1.5415,-4.7152,3.056,-4.8378,7.5891,1.2118,4.6639,3.0888,6.3231,-4.9234,4.785,0.1905,5.0368,-2.3357,-4.3478,-4.3459,0.1711,-5.1873,-6.9785,0.0383,1.5403,-9.9583,-8.4833,8.6643,1.6863,-8.8689,6.1408,-8.4496,7.6281,8.9986,-4.9041,-0.6502,4.0115,4.6778,0.1396,-8.7763,6.6651,-8.4918,4.8352,5.3342,-3.3723,6.9624,-8.3508,-8.4858,2.9324,-0.9434,9.4647,-7.1564,-8.3265,-7.2197,-6.0994,7.5012
0.9144,1.2197,-4.1976,-9.3649,6.7052,-0.9026,1.2644,-4.5106,-7.3276,-7.8913,-2.2282,-3.2208,-8.0662,8.8176,-0.6067,-9.2897,1.9645,-8.6737,0.1309,-3.963,8.7427,8.845,-0.7946,5.5629,0.3659,5.6108,1.6591,-7.6905,-1.6852,5.4723,-5.3266,-0.2908,-0.231,4.2788,6.2374,-5.1773,-7.33,-1.3883,4.2719,9.0558,-0.3127,8.3118,-4.5173,7.0267,-9.5954,9.3172,9.6892,9.187,-0.037,6.7541,-6.1172,-1.6292,-1.7732,-9.38,7.7135,-4.6617,-2.1437,0.0563,1.7038,4.5794,7.1808,-5.0964,-3.4011,4.6918,1.2293,6.6513,-4.4659,-8.2983,4.0864,-3.9191,6.403,-4.2639,-6.6929,-2.7639,-8.5513,3.0165,-4.3966,3.8096,6.7683,-0.612,-3.8216,8.2518,-4.01,-1.0589,5.2792,-3.0106,7.6799,-7.9287,5.7308,7.725,-6.1847,-1.6422,6.1139,5.5035,2.0014,6.339,0.7872,-4.3078,4.1363,-3.321,1.6874,7.0978,-8.0247,-0.3306,-3.4156,4.6465,5.5994,-4.7091,8.2199,-5.939,0.4705,5.6906,3.7762,9.3087,1.5467,-9.6175,-9.7028,8.0199,-3.692,8.598,2.1586,8.9315,-3.1585,5.958,7.2403,-1.3581,-4.0786,-9.112,-1.6128,6.7918,2.5369,4.2248,-0.3367,-2.2991,-0.3504,3.5547,-2.1965,2.8411,9.0199,1.2883,0.553,8.0961,-3.9946,5.4138,2.5134,-7.5924,4.7035,-9.8499,4.382,-7.2931,9.4549,-0.1425,4.5488,0.7043,-5.8717,4.2118,-6.0411,-4.7902,4.1672,4.2021,9.3946,8.9169,7.918,0.3847,5.0641,2.8037,2.0194,2.0227,-9.3239,9.966,0.909,8.5937,2.4611,-5.6449,4.6468,5.6261,-6.7011,0.3844,3.7064,2.0769,2.8173,6.69,3.0115,-9.4757,-9.9409,-7.357,-5.0223,5.5314,5.647,0.9693,3.8408,-2.4023,7.9797,6.55,-3.1014,8.2311,-8.4984,3.447,-6.3528,9.521
-0.9153,-3.2247,-5.4187,-2.9672,-2.9448,-1.6783,0.4883,2.6779,4.6727,-5.0392,8.8775,-8.3128,4.3385,-6.2996,6.213,-0.78,0.2173,7.0173,-1.0412,7.7314,-7.5273,5.3903,-8.277,-1.6759,-3.279,2.5804,-6.4808,5.9206,9.5402,3.5954,7.7137,-3.1844,-2.4731,-7.9969,3.3754,-0.7269,-3.2751,-2.8819,4.9044,-6.5075,4.6435,8.0085,-8.1033,-3.3114,-6.81,9.1867,-8.5255,-4.4745,4.243,-5.5215,-9.9707,-8.1271,5.3138,0.5847,-8.1015,-3.7614,-8.9977,7.0476,-1.6918,7.0058,0.7814,-6.7394,6.8885,-3.9805,6.8099,0.7175,-3.8131,-4.4314,-2.7417,-8.2353,-0.0484,1.6291,9.517,-4.0208,-9.0143,-0.1216,5.3854,-2.9432,7.7164,6.4255,5.7656,5.0699,-3.2544,-0.8573,-6.2238,1.5221,-3.9428,-5.1152,-0.7935,3.6428,7.3854,-3.7339,3.2718,2.091,-6.5654,9.4362,-7.8396,4.5885,9.0616,-4.2157,-2.7681,-4.3863,3.7312,0.4374,9.668,-3.3718,5.64,-3.0833,7.2882,-2.6599,4.8057,-9.3944,8.8649,5.5703,2.664,8.4705,0.1135,-4.6067,-4.0649,5.9911,-5.721,5.1568,-6.1007,-3.2854,4.9694,-6.3978,-2.3931,-3.273,-0.2285,-1.0411,7.5533,-7.6598,-7.4083,-9.4923,-7.5634,-4.6726,-2.6958,-8.3805,5.2026,-0.6082,3.4099,0.6714,-6.2988,-0.7382,6.7282,-9.2079,9.9996,9.9737,7.4055,-5.3043,-6.9896,9.0656,4.225,2.372,-6.3538,-9.7101,-2.7202,1.3961,0.0172,5.729,5.537,-6.8566,-1.9111,-2.0259,-0.4625,0.0728,8.5851,6.3381,3.6136,3.1319,-8.2585,1.2477,5.2607,3.2632,0.7539,-3.1657,-0.921,0.6667,-6.448,-7.797,-3.9226,-5.8924,2.131,5.312,-9.4275,6.0488,0.3579,-1.8839,-4.7335,5.2047,6.2855,-1.0753,-9.2544,-7.2834,9.8704,-5.0431,5.9431,-3.1879,-2.2657,8.7485
9.7875,-6.8731,8.7649,-7.4826,1.0755,4.5416,2.7811,9.2488,1.246,1.6511,7.5157,-5.8255,-0.7709,8.8184,2.3137,-5.8554,-0.7087,-3.6128,-2.0932,7.7254,9.3908,4.3332,-7.6519,-4.9173,-4.5993,-4.9901,2.144,-1.5513,-9.477,-2.8861,-9.7085,6.2967,-8.5639,-5.4547,2.1348,-4.7983,-8.1077,0.8049,-2.3239,4.239,9.8879,-4.7009,2.7616,8.3954,3.4401,-1.804,5.3088,-3.5236,3.7081,2.8412,-6.6082,3.8408,-0.7543,9.6517,5.0651,4.595,4.2954,5.5576,3.6681,-1.3762,-2.464,7.0431,-0.7011,4.8346,-9.9098,5.375,9.5445,8.4767,-0.0277,8.9902,0.6051,4.4444,-6.1142,0.9589,-1.4265,5.6799,0.8567,-3.8019,7.0268,6.0627,5.2287,4.5648,6.1862,-2.356,2.2887,6.1896,-5.6367,-7.7628,2.1427,9.1514,6.921,-1.8735,-1.8342,-7.1434,1.2689,7.0256,5.9357,3.8061,6.5122,-0.707,-2.1156,9.7775,7.3631,-8.2666,-8.0383,-9.3167,3.3251,0.5029,8.6776,0.1498,4.1521,8.0083,5.7844,8.7898,-3.7087,5.0391,-9.2233,-1.4652,5.2752,-2.0492,-0.0759,4.1577,9.8333,-7.7738,-1.737,8.5166,-3.9381,3.7334,9.4493,7.6802,6.7023,-0.5584,0.3707,5.7956,3.946,8.6973,-6.6964,-5.925,8.5422,6.3854,-8.3263,-3.6587,5.2643,7.5614,0.1176,-3.4768,5.3573,-8.3581,-5.367,-1.8722,-3.3367,5.1717,9.8739,-8.8206,7.0162,8.7996,9.7596,3.4528,-5.8923,-0.9703,-0.1535,2.9931,5.0468,9.0746,-5.9292,-6.4747,-5.0638,-6.1515,-8.696,-1.6236,2.8177,-0.4585,2.2795,-8.8759,-8.9028,-7.429,-3.0086,8.1289,-0.135,6.1735,-6.0147,-5.3166,8.0728,-0.9492,9.8038,-6.0978,6.3713,6.5135,-7.9084,0.1156,-9.3355,-9.1415,-1.2896,2.6057,-1.1838,-5.4004,-1.3986,2.7349,6.1016,6.8497
6.6742,-0.8542,-2.5393,0.1573,9.8808,-8.5238,-1.2107,6.3949,0.1847,-9.0378,7.5968,-6.6382,-7.8479,-0.3977,6.9196,-1.5509,-7.4306,0.2678,0.5212,7.8584,-5.6554,5.2808,7.1413,-1.271,-0.6135,-8.882,-6.0635,0.3196,-3.7376,0.9881,-7.8194,6.8657,0.0931,-4.7349,-5.6637,7.3685,-6.0157,-2.1341,-8.0784,1.7909,4.0053,-1.1991,-4.3845,8.4874,2.7784,9.2236,3.8012,-0.4811,1.8608,-5.666,6.9014,4.5411,1.8922,-5.7942,2.6019,-0.0684,-9.8797,3.0366,2.5712,3.8545,3.7477,6.8982,5.422,8.5976,9.4527,-6.2536,5.179,6.1224,0.4885,1.6743,8.4204,-0.2973,-5.0771,-9.3204,0.8803,-2.4415,4.3143,-4.4325,2.7388,-6.7812,9.8168,7.1974,-3.5566,-4.9742,3.3439,-2.941,-2.5323,-9.1968,6.8789,-7.9629,6.9271,-1.3841,-6.1995,3.8819,-1.8863,-0.2477,-9.1665,2.4906,-0.2876,0.7266,-2.8816,8.4921,-3.7975,4.3944,8.2564,-3.0279,-2.7198,4.8033,8.46,-8.8218,-0.1353,6.2554,0.7942,3.5609,2.1555,-5.8445,-1.2379,-8.9957,-0.861,-3.5744,-9.406,1.4383,7.5079,7.4673,-3.4597,-2.9451,-3.0398,4.8976,5.522,2.6298,1.2176,0.8308,-7.7006,6.7251,-7.8115,-4.8667,3.6457,8.2412,-2.6679,7.5174,4.7097,7.0893,5.4554,-7.7444,1.1652,-8.4274,-4.0569,0.3804,-7.8156,-1.0417,4.1328,-8.1638,6.6268,-8.0543,2.1572,8.8238,-1.2345,1.7731,-7.8182,7.2264,6.6321,9.2154,-8.6035,-9.354,-7.2889,0.6419,7.7426,0.514,0.8558,1.6784,-5.5907,2.5676,1.4458,-0.1388,-0.8887,4.2718,-7.7633,4.8874,-2.0898,-7.9601,4.714,-3.4374,-2.2771,-6.6321,-0.5456,8.81,-9.7383,-3.8263,0.7167,-4.08,-5.6331,4.9063,-5.4262,1.0204,4.1491,-2.179,-3.3819,1.9523,3.9731,-4.6673
0.2498,6.7095,-6.566,5.7664,1.1068,-5.4718,-7.871,2.2047,-3.6153,1.2388,-6.4023,-5.8275,0.0468,-0.6355,6.7385,7.9715,-3.9241,5.6208,-2.0843,-3.9851,-9.4408,0.3545,-4.321,7.3966,-2.5526,0.7334,4.7146,5.4921,-2.5402,-6.1008,1.6969,9.7174,8.7766,-5.3969,8.1471,-8.701,-7.1035,-7.3178,-2.9801,1.6786,-9.8162,7.4936,3.7623,-8.5246,3.4562,-6.7429,-5.6088,1.1537,7.9325,5.3727,-2.1463,-8.1172,3.6415,5.6147,-9.8874,2.2309,-6.8771,6.4654,-3.8844,7.2674,6.2176,-0.4181,-1.993,-2.6983,7.8384,4.8534,-5.7996,5.4153,-7.7602,1.6741,2.2788,8.3458,-3.2256,-2.3805,9.8328,-3.2761,-7.8386,2.542,-9.3024,-4.0462,-3.2755,6.2759,6.4403,-3.8903,5.6004,-0.3456,-5.2428,4.4798,7.7786,8.5908,1.4148,4.2812,-7.3903,4.6589,7.6274,0.8703,-9.6565,8.1491,-0.055,-8.0851,-7.1163,-6.5183,7.6838,-2.3276,5.7877,0.8646,-6.0271,8.9465,0.0372,-9.8546,7.612,-9.6932,-8.9354,-3.5893,3.8441,-5.8279,6.3029,-3.9263,8.9008,-8.782,3.8891,7.2419,-4.193,4.1307,3.6923,2.9467,-8.5453,-2.4839,-2.392,-7.3256,3.8219,-1.4058,4.4973,0.8174,3.6399,7.5203,8.4739,0.4628,7.9023,-7.8505,-7.0485,-9.6656,7.454,1.9274,-8.2207,4.4877,8.1136,-2.8327,-5.5561,-6.0629,9.8923,1.3197,-0.7676,-3.2531,1.8474,7.7039,-8.6964,-1.4162,3.2163,6.8251,2.7818,7.2768,0.1867,7.1927,9.675,-8.7054,-4.1017,0.8311,-8.067,4.249,1.0751,0.2132,9.2638,1.1667,7.8263,-0.3991,0.3073,-3.9622,-0.8163,-1.7461,-2.7493,-8.0972,-2.724,5.6838,4.8211,-5.6831,8.8541,-6.2346,-8.5103,-0.1917,1.637,-1.7135,-2.9764,5.5323,2.2403,4.9095,-8.631,5.0819,4.2241,-4.8254
5.6515,9.7219,-9.5798,-1.0661,-4.1055,7.2904,-3.8109,-5.7582,-0.2479,3.4104,-1.3336,4.3645,9.9562,7.4745,3.3938,-4.6486,3.8975,-6.3234,-5.9823,0.7958,-1.845,1.9609,-4.8618,4.5991,-3.9994,4.4723,-3.8439,7.4732,-3.1878,3.2643,8.4851,-3.5176,-9.2882,3.1713,-7.9183,-6.1973,2.3485,-4.2057,0.5638,2.3202,9.069,-6.4119,-8.5197,-3.3202,-5.8647,7.2775,6.3984,4.8795,4.2035,7.7168,5.779,5.8164,-1.879,-1.4951,-0.8885,-1.2395,8.876,5.0191,-4.9442,-9.9645,0.8809,8.9974,4.8476,-3.2887,-6.4515,7.6552,5.1961,4.3562,-7.5298,4.7419,-2.5034,3.7349,-7.152,-1.8777,-5.7123,-6.6778,-7.8214,-6.2926,4.6917,-0.5565,4.6792,-9.1933,6.4269,9.7146,0.7388,-2.8742,-0.3614,7.638,-8.4973,9.2517,5.3807,-9.3006,2.2285,5.3329,6.8837,4.8684,-4.6255,-7.7939,0.8859,5.3179,-7.4606,9.9706,-1.9827,-6.6074,-8.4283,4.5645,-8.6463,2.4654,-2.123,-2.1795,6.5073,-0.6621,-3.4115,-2.2072,-2.5457,-0.3058,0.0359,-7.4938,4.421,2.5813,3.0011,9.9872,8.1805,-1.3436,-2.4294,5.7043,-4.3787,-1.0806,8.0391,9.0851,0.2831,-8.8948,-1.9621,3.908,6.4507,-9.5917,-7.3222,2.5921,9.4603,-9.378,-8.9817,4.3798,-0.5034,3.3241,2.4158,3.073,7.7445,9.1456,1.7053,-4.9577,-7.4604,-7.9246,-2.1936,7.3483,5.2169,-8.049,7.0704,6.8411,1.9618,2.7617,-0.4647,-7.6725,6.7021,6.3807,-0.5505,-7.4973,1.5759,1.2073,6.8842,-5.8636,-2.0344,-2.8084,-3.8963,-4.1273,-1.011,-1.5458,4.7229,3.8015,-6.8132,6.5412,3.1831,7.1806,8.7356,2.3873,-3.0466,-9.6327,1.3086,5.1193,1.083,0.3316,5.6671,3.6872,4.8911,-5.078,7.686,-2.254,-5.6828,-0.6222,4.6078,-4.6227
0.0712,2.456,1.7629,3.8446,-6.5851,-6.5231,8.8291,6.449,6.9361,-1.1238,5.6859,9.5957,4.8389,-0.6937,-6.4137,3.4938,3.5535,-4.9411,6.3921,-2.7554,1.9898,5.2985,2.1054,-3.0105,7.9472,-6.3671,7.9367,1.8023,7.93,9.7764,1.5029,3.554,-5.8088,7.9752,-4.6598,9.4225,-0.1208,-7.2013,6.8652,-6.2768,-0.4003,-7.8141,-1.5061,-3.2641,9.8666,1.7614,3.6012,2.1341,3.6414,4.4187,-9.911,-7.672,-0.3655,-0.7715,4.2157,7.3463,0.5433,-0.8707,4.613,5.123,2.9661,-8.1881,-5.0981,4.8593,-2.6588,3.1236,-2.2659,6.3122,5.0906,-3.687,-4.3769,-9.9103,0.4026,0.966,7.2698,9.9965,0.8713,3.0173,-7.7716,9.1653,-0.8018,3.5005,-4.3968,7.0979,-0.152,-3.8626,9.2899,-7.1561,3.9127,3.034,2.8129,7.9963,6.1072,-2.3273,2.4619,-4.0675,-2.8726,-5.4399,-4.881,-4.2128,-2.7992,9.5532,6.4003,9.5398,-4.9951,-1.7956,-6.9531,0.1212,-0.1402,3.3164,2.9224,6.5333,0.288,-5.3261,7.8505,4.966,-3.5949,8.0907,1.4028,-9.5126,-4.4615,-2.9944,8.7159,-7.7741,9.6908,-7.3783,9.6646,4.1268,8.7183,2.169,-9.2492,-1.9515,-8.5947,-4.0046,-9.7884,3.2351,0.9954,8.7195,6.3264,3.3877,-0.4256,-9.8132,-6.2184,-3.6448,7.0443,5.9988,-1.8111,7.7739,9.4314,-9.0936,-8.0684,1.5181,-4.751,1.8858,-1.6159,6.0026,1.9688,2.3252,-8.0456,5.1157,7.1881,-5.516,9.0527,0.6279,3.9201,-5.5503,-0.0073,-6.8531,-1.986,-0.2909,-4.9927,-0.0479,-2.9112,9.3446,-3.6763,-1.6467,-2.7556,6.6026,-6.2878,6.4737,1.9673,0.1117,7.0497,-6.6399,-8.4337,-3.199,5.9216,-6.6333,7.6067,5.0284,6.3611,-8.2083,-2.7087,-7.4839,8.9055,-3.8602,-3.3001,-0.4222,-6.4278,7.6713
-9.4724,-5.6232,-0.995,-3.7048,-6.0152,-6.8265,6.5183,-4.818,9.0651,1.9499,-6.3623,-4.5511,9.3337,1.9841,0.4291,-7.1396,-0.7463,-4.8332,-5.2024,1.543,5.9669,-0.919,9.3583,-4.6648,-2.0148,9.5512,-2.0263,8.8801,-4.9109,-8.0428,-4.0969,0.8289,-3.3612,1.1848,7.5938,4.4073,-4.743,-3.8723,9.1185,4.5369,0.8411,-1.6549,-6.5927,0.9179,-7.1755,1.3069,4.3575,9.3502,9.8852,3.8043,-8.7635,-2.1394,1.8474,-5.7456,1.4572,8.2834,-5.8955,-0.8647,9.3806,-2.5665,-3.7257,-7.1324,3.1609,-3.5051,7.6054,-6.2132,3.7852,-0.55,-3.4216,0.4079,9.1766,7.9522,-9.0843,7.4629,-4.2226,-7.191,-8.9918,-1.0327,-4.7568,-9.0976,8.4287,-3.7564,-4.0797,-9.4254,-5.7477,2.2807,-7.288,2.9143,7.6004,-2.7497,1.2481,-9.4321,4.9237,-1.6098,4.072,3.7901,0.5956,0.4214,-4.6243,-3.0713,-7.5738,2.3637,5.1297,1.4246,8.0163,9.2652,2.7414,-6.3464,-4.4505,5.8377,-8.0651,0.7212,6.7385,2.513,5.8501,-0.8483,-6.2369,-1.2888,5.5049,-3.6137,3.7924,-8.5922,-8.2651,-6.6764,6.0656,-9.7854,-2.8401,-0.6751,5.9679,8.2549,-9.7201,2.1572,-2.2962,5.1686,7.4575,5.7812,-7.372,4.9069,6.9835,4.2421,0.6531,-5.011,-3.4522,-7.8439,6.7813,-6.3963,3.5116,4.9324,4.8221,8.4538,1.1848,2.4481,0.2117,8.5085,-3.5922,3.9138,4.9853,8.8649,-8.4094,-8.4926,-7.9591,6.083,8.814,-1.1233,-8.9768,7.4947,9.0434,-6.8157,-2.0519,4.1658,7.2896,0.9942,-5.1096,-8.814,-0.6183,4.3895,5.9761,7.3417,8.1385,3.8682,1.4303,-6.5134,-6.7602,-4.9744,-3.9328,-4.029,-3.9612,6.9109,7.5353,0.6097,-3.7752,0.7395,4.031,-7.1905,-1.127,5.2096,4.8647,-0.6921,-4.7629,-1.161
4.7168,5.0407,-3.6889,-0.355,4.5985,-3.8946,-6.8228,8.4159,-9.6703,8.0444,2.8429,1.4692,-8.2256,-3.9633,-7.8288,0.6045,5.9323,9.8913,-1.826,5.3737,9.4762,1.1978,2.3785,1.19,0.9182,-1.7094,-9.7035,2.999,0.5143,-2.8951,2.4676,1.6192,6.4909,-3.2843,7.3909,-3.7254,-5.492,8.9685,-5.3389,0.7309,8.6502,-9.8896,6.4547,-3.6321,4.8708,2.6268,-7.0429,-8.2146,-0.1511,3.3877,7.459,7.6918,-3.662,3.8523,-7.2446,-7.5696,-4.5766,2.9084,2.7106,0.5264,5.0468,-9.9714,-0.9123,5.3573,-6.7021,9.8146,3.2475,3.1727,-4.5781,4.0145,9.8483,6.767,-3.8422,7.1161,-9.2428,1.2813,0.829,9.5734,-4.439,-6.9148,6.2857,-7.6177,-7.6615,8.9484,-9.4143,-7.1585,7.7123,4.7672,-3.6002,-7.8746,-3.863,5.064,2.1251,-5.0767,9.0135,4.7353,9.5178,-2.6787,8.4795,-8.8296,-4.2613,0.2506,-7.3715,-6.5468,-4.8507,-4.4054,6.6329,0.4391,5.3475,2.4795,-4.2713,-2.2253,-6.0392,1.2773,0.1567,-5.7379,-3.721,-7.3323,4.1949,6.8543,-1.8992,6.5807,2.4994,-7.8555,-6.1834,7.0418,6.6879,5.2298,5.6495,8.809,7.2015,-3.7829,7.5031,-2.9054,6.5965,2.031,-6.9045,-3.4112,8.8841,4.3845,7.587,3.7933,0.9995,-9.9727,-0.8874,3.1306,-6.4106,7.3441,-5.2383,7.6717,2.4882,8.7109,7.9497,-4.8579,-7.6527,-7.4572,-7.9045,-1.7362,-2.3884,8.3173,0.0867,1.147,4.3564,5.3267,4.3568,-8.9296,-8.264,2.8353,-2.7785,-9.582,3.5475,2.3517,2.7114,7.1135,6.7442,-1.1562,-2.4392,7.4707,1.9778,-5.6947,-0.5928,-0.8876,4.7413,3.8213,3.6835,7.4042,1.5171,4.7579,-2.6367,-2.86,-3.7415,-6.6511,7.7672,-3.8723,0.775,4.4475,1.9873,-6.4395,-6.8041,1.8727
-6.6028,-0.3795,3.3347,-8.4303,-9.7225,6.7895,-2.3003,9.7329,0.2317,5.1953,-1.6498,9.069,-2.182,2.1624,4.1773,-1.6033,-6.9859,7.2353,5.5725,-5.3134,7.6284,5.4046,-5.3562,0.4264,-9.9854,6.0023,-7.1812,3.3878,-8.1935,-6.5012,6.3505,9.5856,-3.5919,3.5004,6.738,-5.4632,6.1131,-5.0177,-6.0574,8.0769,-6.9168,-1.1741,9.362,2.6061,2.3601,-9.8677,4.1063,-3.7377,1.4453,5.554,-2.7373,3.8104,6.386,9.9113,-5.2007,7.6773,-3.2842,7.514,1.292,6.4491,6.9628,4.774,0.8094,-6.3249,8.7921,-3.1441,-8.3651,-9.3413,6.978,-1.6309,-0.6619,5.4276,-4.1648,9.4278,0.4653,-1.5008,-4.3043,-9.2376,6.4211,-8.14,0.3589,2.6239,7.9048,9.0878,8.5747,9.6091,-0.2741,-0.3184,9.1505,-1.3908,-7.3373,-8.6573,7.6636,-2.7354,-0.3827,1.7775,1.7219,2.4322,6.8656,-7.7839,-2.6529,-5.6076,7.7817,-6.9254,-0.2091,7.6903,-7.7426,0.7507,8.6218,4.6756,4.1564,8.5332,5.7899,4.49,-7.0073,-5.4148,-0.449,-4.0716,-8.8176,4.9763,-4.9505,1.7639,1.9615,-3.3954,-2.8288,8.6661,-4.691,0.7314,-5.1403,-2.5842,1.9114,-4.4935,3.3786,2.5272,1.1661,1.5418,-8.1963,-9.73,6.9145,-6.1159,2.186,-7.5927,6.9628,5.2794,0.9927,-8.4837,5.5144,8.9985,4.0763,8.4606,-1.7154,-6.3603,6.5607,-2.8317,-3.1526,-0.5971,8.089,-5.3213,-1.4218,-2.5316,2.7677,5.7015,4.483,0.7127,-4.1099,5.5081,7.2545,1.0159,-7.2523,4.7931,9.6567,-1.2945,7.6503,-8.3256,4.6312,5.5111,-9.5717,-5.9097,-8.3981,-2.9006,0.132,-0.4073,8.0874,4.8412,5.2161,-9.5999,7.9342,-5.8194,9.6751,-4.9056,9.3331,0.8053,5.457,9.1402,4.4729,7.877,0.806,-6.6262,-7.7407,-1.2036
5.0274,-7.5887,-6.3355,6.0148,-9.5056,-8.3473,-3.7507,-2.1043,3.0207,-1.0829,-5.5953,3.1596,1.0174,1.901,1.502,8.4793,-3.3189,-2.8426,-5.1394,-6.2061,1.7718,-2.4706,4.8784,4.9818,0.9089,6.3392,-8.7351,7.9741,-3.9877,9.4267,-8.6747,-5.3691,6.2624,-0.3087,3.9087,-2.7578,6.6633,6.2444,7.8564,5.528,1.8336,6.9526,0.7676,9.8567,-3.9637,-5.797,8.9367,9.1677,-7.9943,3.5196,-6.6036,7.04,-4.9002,4.3709,-3.4256,-5.8305,-4.9153,3.4378,-6.4125,-2.3502,-2.1612,1.5748,7.743,-9.8976,5.7222,5.1591,9.8023,-3.9392,-0.5061,9.7833,3.8605,-4.6982,-7.1646,-2.6781,-6.8444,-4.4967,-0.3618,8.107,-5.6678,4.5505,5.4287,-1.9984,7.3712,-0.8623,4.0318,-3.9817,4.2818,1.1076,9.3232,-7.5377,-6.6633,-7.8068,8.8703,1.1054,-2.3238,-9.773,2.4991,-9.5702,-6.2719,5.3428,0.9444,-6.6466,-4.7291,8.8604,9.3749,2.1301,-8.8994,1.1591,-7.2696,-6.9286,-0.7772,0.7768,-0.9717,-1.6435,-6.521,6.5426,-4.5632,1.7717,-8.0824,6.0102,5.7807,-9.1736,6.1291,-0.7321,0.174,-6.9921,-2.2717,4.0868,-5.6279,-5.7476,5.7387,3.057,-5.4821,2.5838,8.4059,-3.8685,-7.3074,-0.7652,-6.5618,4.5163,-9.8763,-9.1346,0.0325,1.4294,7.1979,6.4139,-8.6962,-9.0248,-8.607,-0.7471,7.1487,0.6966,9.0532,6.793,-6.0707,4.4082,1.3373,1.7918,5.2794,-0.8892,-6.0229,7.5574,5.6825,4.341,-9.0949,6.2429,5.8725,2.9432,0.5044,-0.8211,-6.4595,-7.0215,-9.8079,6.2018,-6.7428,-3.357,-8.0614,1.2751,-1.1755,1.919,8.7106,6.6649,3.1404,0.54,8.1747,7.7674,-3.5765,-3.7369,-1.0323,-5.1092,9.7292,0.7902,-3.4015,7.551,-2.2072,-5.9574,-6.1904,6.4814,2.0965,4.0436
-7.4982,-9.0258,7.3092,0.4858,-9.937,3.5563,-6.4365,7.7979,-0.3684,-2.4873,2.9833,8.3422,9.4965,4.1548,-1.9904,-6.8331,-8.0976,-8.0783,3.2257,9.4313,-6.152,-2.2992,7.8247,-2.8663,3.3022,-3.555,-8.4051,-5.2266,-0.1665,2.1065,3.8856,9.6031,-8.6558,2.444,6.0562,-5.5419,5.7612,0.668,4.4678,-1.0951,7.616,3.09,-5.3211,-4.8934,7.116,-6.2095,-0.1886,-3.4926,-7.685,-6.8281,-8.0687,6.0292,-6.2921,-2.5176,-8.5184,-0.041,5.4573,2.022,2.8315,1.4242,-1.536,9.3543,8.2377,4.3161,-7.6358,-2.0277,-5.0308,7.7777,-7.5153,-6.442,-0.007,-4.7538,-9.874,7.5023,1.5573,-4.039,-8.7479,5.685,2.5324,3.4924,-2.4195,4.4272,-8.8543,-7.9654,-4.7466,3.512,-4.9804,0.7965,1.2305,7.478,-9.2637,0.1399,-9.7987,-5.1026,8.261,-1.599,-9.9187,-2.9009,-9.1008,4.8427,9.9634,-9.0314,-7.5706,-2.5407,-6.3423,8.0049,4.6141,-2.3862,7.0833,-2.337,-2.58,3.3328,0.9788,-6.8582,-3.1837,4.2849,2.8557,5.5436,-6.5125,-4.0132,3.9113,-5.8208,-6.2504,-2.903,8.0372,-9.7581,-3.0239,8.6222,2.4718,7.1706,0.7281,5.9979,2.1692,0.0391,0.2021,2.6284,-4.6321,9.1642,-6.5208,-5.6497,5.628,6.989,5.104,5.4114,7.1247,2.5562,-8.5771,-2.9455,-1.7581,9.8524,-6.7595,-9.3883,-8.6927,-6.6927,9.5488,8.464,2.5632,0.3074,-5.9645,5.4294,3.991,-5.1634,-5.0868,-0.3915,1.6129,-7.4025,1.4502,-9.0545,8.1264,8.9915,2.0781,-1.0142,-4.547,-8.7027,9.3525,-6.9708,0.089,5.4067,0.5772,-5.1277,-2.7756,-1.268,9.9294,-3.586,9.9188,-7.2933,-5.5047,1.1076,-5.3025,-4.1645,0.5476,-4.3075,5.2225,0.1506,-4.7362,-7.944,4.1751,8.1088,8.6514,4.0745
5.2724,3.82,7.4144,-5.9475,0.8846,5.5389,-4.2057,-8.2043,-5.0707,-6.0811,0.5848,-9.7474,4.7069,8.0355,2.8904,0.9204,1.7882,6.4641,7.4939,6.4141,1.5016,-5.2097,4.7951,0.762,-3.0297,-9.2577,1.94,6.2285,6.6237,4.6066,9.3304,-4.919,-3.3401,-6.8326,-2.496,-3.3369,7.989,9.7103,9.1638,8.8133,0.7865,-7.5142,6.5943,5.584,-8.3174,-5.0984,-4.2812,-4.6439,2.6149,-0.3315,0.9276,3.6529,-8.4447,0.47,2.705,1.3871,1.7734,5.6109,3.8989,-9.0026,5.4009,6.7327,-3.2846,3.7052,-2.4979,9.701,5.2873,8.7332,-6.0039,-5.5874,-8.6434,-7.0172,8.161,-8.6488,4.7364,7.6066,-7.7611,4.9658,-1.2063,-9.9965,1.2737,9.7411,6.7686,7.0941,-0.9433,-3.0139,2.7868,-5.4737,-5.1123,-3.5627,3.1742,-0.5461,-6.0375,-5.8902,8.898,7.2953,-4.1437,-9.4756,8.7776,1.8645,6.1904,8.3949,-1.976,-4.9666,7.9106,8.0839,-5.7444,5.0669,7.7054,3.1996,-2.4762,-5.9544,-0.6258,8.8434,0.3427,9.5487,3.2879,9.0964,-9.2202,-9.0412,6.7822,4.5079,5.9602,2.6102,-4.1595,-0.5015,-9.866,-4.2791,4.4125,-3.6298,-1.8695,7.9255,-0.7321,-3.6616,-1.4501,6.5683,0.7403,-6.1821,4.7345,8.3453,1.5068,-3.9633,1.3704,6.9001,-3.2849,4.1362,5.4566,-2.0642,-0.2374,1.9974,-6.5654,0.3574,-5.9982,5.6013,-6.4775,-2.1633,4.8988,7.2145,1.7144,-8.7231,7.9313,-9.7308,3.2546,-9.759,-0.8881,3.7407,-2.3333,-3.2821,-5.479,6.2867,-3.6078,3.3207,0.6701,4.036,-1.1285,6.2719,8.5136,-3.4537,9.9591,-6.3409,-8.8951,6.9634,8.257,-4.9745,1.5736,4.5454,5.7815,2.8566,7.23,-3.5654,-9.5116,3.3127,2.6117,-0.4412,-1.6304,-0.8573,-5.7458,-3.1362,-7.6317,8.2287
1.7887,-4.0791,3.011,6.1596,3.153,-0.3608,-8.9145,-2.5983,-3.2568,-1.2252,-9.696,-6.1051,-1.2819,9.2101,9.8281,-1.5107,2.0031,9.1863,-9.4952,-5.967,8.7032,8.5216,2.5748,2.0997,5.0986,3.9745,1.1104,9.1692,5.1777,-1.1651,7.9534,7.6456,-9.4844,-2.2238,5.3431,-3.2802,-5.926,9.2249,3.143,-5.5099,7.0165,5.8293,0.3462,-3.4264,4.9403,-5.4625,-3.8975,-5.3278,6.5529,4.3031,6.5666,6.1592,0.0509,1.1875,7.0902,8.7257,-3.3827,-1.6072,4.9666,3.4589,-2.6459,-3.5569,-3.8415,-2.9725,0.8027,8.0567,-0.7636,8.8905,-6.4811,1.3947,8.7715,2.8616,4.4535,-8.972,7.9443,-8.285,4.3663,2.5492,1.7317,3.1606,2.4422,7.2333,-4.5426,6.0812,-0.8116,-6.1273,-4.0315,-2.6567,-5.0505,0.8385,-1.5912,2.8309,0.2251,6.0654,-4.4241,8.7325,0.265,2.216,2.1446,-6.9641,-7.666,3.5992,-4.3812,-5.0468,1.2629,9.3302,5.647,8.8241,2.3635,2.3166,-7.0216,-3.7145,-0.0482,1.6662,8.0754,9.88,-7.8853,8.8109,-2.7422,1.0654,-0.9613,1.8335,6.6788,-0.4112,-7.3417,-4.3329,7.0667,5.1712,-4.2901,3.6232,-2.291,-4.4653,9.8221,2.5,6.0387,9.0599,-7.1315,7.0821,-9.6476,0.6868,-7.9847,2.5633,-2.3814,-2.214,-8.6416,-7.6705,2.0495,6.8756,3.6635,-1.6408,1.018,-3.1402,4.6008,-8.7436,4.3215,9.228,-3.0427,-0.3399,1.6106,-1.4319,4.7562,-0.6674,-6.7501,-8.0026,8.2753,6.1002,-5.1185,-9.4591,-0.7925,1.9225,-3.6879,-3.5551,0.5996,-2.8318,5.573,-5.5617,7.7677,-8.1837,-3.1911,2.4043,-6.0654,0.5598,0.6041,1.1533,0.7548,-4.6614,9.0236,-2.776,8.6238,-4.6003,-1.1223,5.8675,3.9461,5.9876,3.2472,-0.5607,4.0487,-2.401,7.6264,8.67
-8.6423,-6.5387,9.1541,-0.8426,-6.2187,1.666,5.9431,4.2916,5.8555,8.7724,3.3694,6.8796,-0.6795,-9.3487,-0.9028,4.6122,-1.3019,-5.687,7.3683,-5.553,-3.0683,4.0035,7.28,-1.9592,5.3079,2.1354,6.418,1.9194,-2.8532,0.8439,-8.1871,8.2726,-6.27,3.4545,-3.5977,-1.2932,-9.8503,-8.9333,4.1324,-3.6416,9.4399,2.2354,-8.2891,2.5429,-2.1844,6.3777,-3.8262,-3.5317,1.2633,8.1007,-3.8104,-3.945,-4.1478,-1.1244,-9.2233,-6.0514,-4.8246,-2.046,-7.5684,3.5481,2.2948,-0.6752,-5.9294,9.0022,-5.1986,-1.8849,-8.0864,5.3859,6.7546,9.6,-5.1577,-4.2104,3.5745,0.3457,7.5358,5.8334,-3.8647,-4.317,9.3767,-2.1833,2.3619,9.2779,7.1382,2.1773,7.9619,0.5448,4.3391,1.8524,-7.4995,4.6991,-0.6778,4.8066,-6.9269,-0.2082,6.5282,8.6765,-1.4595,9.2977,-3.4045,9.5433,6.1951,4.8439,-6.1104,-0.4557,-8.9829,-7.4286,-9.2587,6.1251,5.2111,4.933,-4.9385,-6.7572,2.7826,3.8466,7.4115,5.8646,8.9613,-5.5309,-6.8571,-6.1987,5.192,-1.9076,3.2964,-7.2008,6.2488,-1.3321,4.1491,-1.2176,-7.7038,0.2214,1.9883,-4.2296,-8.9812,5.0651,3.2013,-1.3536,-1.1775,5.0849,-0.0998,6.0039,-5.4195,-0.4245,-6.4365,4.0695,0.437,3.1803,-7.4947,6.6137,-5.7163,9.2456,-1.5114,7.9908,1.5027,-7.5534,6.0084,2.4761,-4.6625,-6.7817,2.0952,-3.6111,-2.8573,-9.1707,-0.1079,-7.566,-8.559,-0.4411,-9.7586,5.6393,-1.1454,-2.8267,-7.7754,5.5339,-0.8423,-5.1352,8.1476,0.9783,9.2728,-9.6049,-9.2462,-4.957,-6.6281,1.2474,-5.1726,-3.4834,3.1103,9.9699,5.6304,1.5899,3.4656,5.5798,3.7355,7.2752,9.9632,4.4319,7.7343,6.7242,6.3888,-3.6643,-7.0698,5.8759
1.844,8.2542,7.5808,7.0507,8.5344,-2.8988,-0.3301,8.6601,-3.3924,1.499,-8.2927,-3.8195,1.1658,-4.0337,3.6011,-4.3716,9.1753,-4.5466,4.4236,-5.0361,8.2981,-1.0761,0.0874,-9.2438,-2.7888,-8.8238,-8.713,-7.6681,2.5961,1.7498,-5.0053,3.1106,-1.1907,-8.738,0.0882,-4.7977,2.1801,8.0906,3.0654,1.2528,-5.4993,-2.1214,-0.6765,2.3785,-0.4519,-6.5705,-7.5466,0.7708,-0.2824,6.5517,-8.8588,4.1484,2.6431,-1.3043,-8.3951,-1.122,8.9177,-1.8462,-3.1017,1.9379,9.5345,5.7422,2.4156,-9.9668,-7.1387,7.125,-7.5237,-3.7638,-8.7676,0.1669,-4.0842,1.1038,-4.6192,-4.5423,-1.2044,2.2626,7.6132,-5.331,-0.2202,-9.5062,-9.4281,-1.944,5.1493,-9.7604,-5.5085,-6.8175,-6.3519,-7.248,1.7119,7.6544,4.251,-3.3834,-6.89,2.2946,-9.0735,-2.8617,-3.9816,8.3824,4.5535,-6.5501,-6.1041,-9.4011,-0.5362,-6.8163,8.6261,-9.506,-4.2806,-0.6589,-3.4821,-2.5157,-7.1585,-0.8732,-1.2307,3.9549,-4.8511,7.564,3.1092,8.9989,-8.0725,-4.6711,-6.2807,6.8126,-0.6239,-5.9047,-7.9159,0.2102,1.8136,0.8586,-8.1098,0.6643,-5.4168,2.077,-2.9857,4.8957,-4.2391,8.068,-1.3677,-2.1829,-6.3392,9.2508,1.8097,0.5387,5.0633,1.4723,1.0867,-2.6979,-1.6653,-5.5738,7.9229,-9.8135,2.4653,2.7789,8.8595,-1.2092,8.1465,-8.2872,4.3848,3.9338,1.9808,1.6879,9.2792,8.53,5.3359,-6.0238,5.5729,0.024,-9.9564,2.9673,-6.473,-8.9985,1.1109,9.5764,-1.1477,3.6581,-5.9847,-0.6909,7.1823,3.162,-8.695,9.0142,-0.3916,9.6207,2.3803,-5.6169,-4.153,1.6107,9.546,7.4567,-0.7833,-0.6659,-1.0256,-9.3094,-7.1865,-9.0329,-6.3214,-0.3179,1.9275,3.3525,6.6681,7.5586
-5.7646,-3.3095,1.2824,6.0185,0.0116,-0.6787,0.4041,0.3311,4.0406,1.4031,-3.0149,-2.8455,7.0989,2.2525,4.6668,-8.1465,6.2039,-8.8267,5.5172,-1.2817,-1.7016,-2.7598,0.8196,-8.4163,-2.277,-4.4079,3.2592,-0.414,-5.0592,6.6905,8.7697,9.3098,6.4678,-7.1686,-4.447,9.2598,-4.7284,3.6793,-5.9198,1.7171,-4.4957,-8.4841,-9.559,8.6032,-0.4665,4.0881,0.2431,-0.9844,-5.3731,-0.5443,-2.9419,4.1105,0.1877,5.4905,1.6069,-8.3047,2.241,7.9085,-0.281,-6.9929,-0.7068,-4.9331,-4.9007,0.2818,4.511,8.0731,2.6592,-4.263,-0.3066,5.7139,-7.1043,-1.9292,-3.0218,-0.2692,-3.5145,0.9807,-9.4067,0.1574,4.8126,-8.6467,5.2168,-8.7211,-3.9045,7.1547,0.4038,9.7661,-1.4643,6.8506,-7.2776,5.5124,6.814,-5.4896,-6.752,6.6682,-1.4423,-9.1228,-4.0741,-3.9029,4.1464,-8.6182,-9.3073,4.9535,4.1383,6.3747,3.4993,9.0126,-7.3278,-4.6346,1.9897,5.277,-2.0137,6.6457,-6.4305,-7.4151,-4.9562,4.7069,8.4579,9.1516,-2.7679,-3.5792,-5.9634,-9.9699,-3.084,9.3774,-1.8113,7.968,9.3463,-4.962,3.4782,-3.7556,2.2733,-2.7322,9.6783,6.2585,-4.8874,6.343,-2.0147,-8.4957,-3.462,-2.4048,7.9337,2.7955,5.7271,-7.2566,9.4331,-1.343,5.2294,8.3698,7.4418,-1.0664,-2.7392,-3.9033,6.0533,-3.6288,0.6065,-9.0883,9.4353,-4.4762,-6.3864,0.2836,-3.2254,4.54,-0.0102,6.9106,-7.6036,3.1273,-2.5168,4.7336,-7.0312,8.6495,-1.0384,-1.8006,-5.6042,-8.275,3.0058,-6.7272,-9.9403,1.9987,4.9697,-4.261,7.6849,9.7116,6.3179,-0.9747,-4.1901,4.4745,0.9613,-4.1682,-3.2048,4.8743,3.1093,-3.3975,9.8014,7.9417,4.4923,-3.4494,-4.3212,-1.401,-8.1982,6.7841
-3.1517,0.0328,9.7846,8.9584,-1.2603,-8.9151,-2.9998,-8.7608,4.4566,6.3567,-3.7301,5.2702,1.945,7.7416,-4.8424,-2.3224,6.8645,1.2793,-5.4282,4.2165,-8.4855,-4.6195,-2.9342,5.7648,4.038,5.264,-7.1686,-1.1424,-0.0196,-0.1768,3.1177,7.3685,0.1166,1.0979,9.7786,-6.732,-1.8252,-3.87,1.0381,-8.6922,-0.5723,6.3593,-3.4347,4.0224,6.6834,4.1566,7.8193,8.3753,-0.6468,-5.7869,7.5783,4.7979,-5.573,-2.0003,8.6147,-2.7603,2.6158,4.9276,-6.7449,0.4301,9.6586,7.2027,7.4371,6.5066,1.1113,-5.6113,1.8814,3.6007,8.1326,4.3391,5.0341,1.5985,-8.1603,0.1811,-1.9624,-8.9469,9.6092,-6.1578,8.5915,9.6955,6.4731,-2.5475,-0.1666,3.7557,4.3167,-9.716,-4.804,-5.1867,1.8935,3.3661,5.3101,1.8207,-6.4578,8.1671,-3.1382,6.695,-4.711,9.7739,-5.8094,-6.545,0.8994,-3.5464,-0.2291,5.5035,-2.4164,6.0128,5.2013,-7.8098,-2.2487,-2.921,7.2809,-3.4521,7.7392,6.5751,-3.3162,6.713,-4.7768,-9.3257,8.174,-8.1744,1.5745,-2.0239,2.593,1.0931,7.6962,2.1963,-4.5709,7.7844,-7.5498,-0.6756,-7.3085,-9.7576,-6.1517,2.2787,3.6377,2.0053,1.3671,1.5129,-1.1934,4.0416,-9.2302,-1.1818,8.5368,-1.6384,-9.1394,-2.2658,2.7504,-6.911,-0.8016,-8.3159,-9.3299,9.0848,-3.5163,-7.9199,2.2505,-3.3108,-5.5346,7.2007,6.6414,-0.8555,7.7783,6.74,4.2338,-2.3915,-1.9143,9.1098,2.3106,-1.2721,-7.8773,7.8945,-8.7247,6.2955,2.6483,8.6162,-8.2866,-3.4705,-6.6476,-3.0386,4.457,3.5431,-1.569,-7.5593,5.9126,-8.5392,7.5733,-0.8679,7.0099,3.165,3.1982,6.9321,7.0478,4.0853,-1.0581,4.962,4.2013,7.4231,-8.7777,-8.5317,-1.79,1.4853
1.5207,5.4754,3.2461,1.3273,4.7022,4.0088,5.3825,-2.4197,-3.5609,-4.4169,-5.1701,-4.6304,7.879,-2.827,8.8941,2.4471,-3.5635,5.3686,7.3395,-9.0435,-5.5503,-3.2615,1.4143,-6.5444,6.3354,-9.8493,5.339,6.0381,2.1354,1.1752,1.8733,-8.2808,1.8132,-6.7526,-9.7442,-1.3146,3.1373,-5.6555,-7.0232,6.0722,3.6266,9.1752,-1.4729,5.033,4.4344,-6.4051,-9.6398,0.0026,-8.1356,-7.4804,4.6778,9.2184,1.2193,-9.1434,9.3885,-0.8595,-3.979,-3.7922,-6.416,9.5844,-8.6806,5.8566,-1.9628,-8.2787,-5.3317,-2.392,3.1272,5.7408,-8.1871,-0.0811,6.1558,-6.6659,2.2663,-7.1697,-7.7496,5.4411,-4.3536,6.2455,-5.7509,7.0858,-0.0864,-0.067,2.6929,4.6553,-9.8421,9.0597,-5.7016,-9.3576,-2.42,-5.8183,6.9521,-2.9008,0.8498,-7.7056,9.7255,-2.599,4.0636,-5.8927,7.6347,-8.4473,-3.1617,-0.9019,1.457,9.3943,-0.7337,-5.806,-3.4162,5.6437,1.7706,6.3546,2.8821,-2.0956,5.3878,6.5108,-1.615,2.4921,-4.1248,-6.2878,-3.0777,-8.5937,-1.4873,9.092,4.752,8.9395,-8.9467,4.5644,-3.0818,-4.9201,7.9846,0.5097,2.429,3.2813,1.1982,-1.8368,4.8619,-6.614,-7.4229,-7.1945,8.4045,5.989,-7.1597,4.2324,0.0138,-7.9395,6.9869,-6.7988,-4.429,-4.3499,-4.9613,3.2079,-5.6541,8.7184,1.1595,-2.7958,8.5119,-6.9582,-2.8906,5.3782,6.4004,-2.6455,0.2282,8.7088,7.1475,-8.432,-9.0606,6.9744,0.2723,-8.7301,8.0827,-0.2559,-9.1212,-5.1767,-9.323,7.1781,-2.3373,7.3893,-2.3171,-8.0828,6.4186,-2.924,-7.3464,9.4652,5.2499,-5.916,-1.1312,4.85,4.5228,7.6132,4.0667,6.424,-1.1826,-8.0672,-2.0523,6.1797,-0.7036,2.4218,-6.3358,1.0722,0.4494,9.9666
0.6902,-6.2532,-6.894,-9.0475,-0.8931,-9.0227,5.3703,-9.8677,-5.8173,2.5011,-2.6249,6.4654,2.8613,7.9574,1.9364,-6.6055,-5.0817,0.143,9.4771,6.4543,-3.2386,9.8522,-3.4169,-3.0398,1.264,2.1948,-8.2593,-8.2361,-1.138,4.0604,-7.7495,-3.1018,5.2689,0.0124,7.7067,5.6096,0.6453,9.1389,5.1638,-8.5686,3.5344,-7.2172,6.432,-3.1262,6.7441,-1.0334,0.4107,0.6572,-3.6108,7.9118,-7.3186,1.4943,-6.672,-3.2405,9.6567,6.2632,5.887,-2.4947,-8.3109,1.0492,5.7942,-7.1809,-5.8542,3.8938,4.4553,-2.151,5.1938,1.2507,4.6479,-0.2493,4.5648,-4.9982,-6.368,0.3107,4.8159,-2.0511,-6.2599,-0.7154,-3.5887,9.297,5.4773,-4.4423,5.8551,-0.4649,-9.9214,-5.8282,6.7846,-0.9218,8.8954,3.7974,1.6233,-9.7731,5.2171,4.7034,-7.1583,4.8053,4.3851,8.5265,9.5248,1.0867,4.2148,2.4373,-3.552,1.6306,9.9216,2.1545,9.31,8.7019,-0.9331,-8.201,-0.9432,-0.8517,-5.2144,-6.6063,-0.3119,5.3379,-5.5016,-4.9323,5.4911,-4.6716,-3.3486,8.4497,7.6411,-3.153,-1.2105,-9.3467,-6.9765,2.6429,8.1905,-7.8579,-6.4987,2.6355,4.2387,-4.5144,-3.1931,4.6013,-4.2213,3.7805,0.1352,-2.0008,-2.5042,-6.1281,2.5474,6.9265,-0.0834,1.979,-0.9194,-1.3737,-5.8723,-7.3049,-7.8154,-5.3278,2.4514,7.6071,7.3319,9.3007,2.8035,8.5347,7.0418,-7.7011,-0.3846,-8.5627,8.226,8.8501,5.3221,7.8809,-0.749,7.5627,-7.5665,4.7652,-5.1433,-4.2955,-5.8409,5.4999,4.9198,-1.5399,3.0257,-6.7297,8.4137,-2.8881,-1.2498,-5.3786,8.3455,9.7355,-1.9128,-7.575,6.8721,-7.5494,-1.3752,0.9348,0.5001,-7.4381,-8.7902,7.4081,-7.2872,-6.0112,-3.0802,-3.0648,1.6077,2.2693
-2.3636,9.453,6.6926,8.0976,9.2988,6.7506,1.2352,2.4728,-2.1081,7.1795,-6.7033,3.0807,-8.4013,-6.5928,-1.1936,8.9417,-1.0622,-7.007,5.1599,-3.2456,8.7792,-4.493,-4.1346,0.8417,-4.2481,-9.4936,-0.9007,-2.8174,8.554,-7.8133,5.4621,-9.1645,1.3175,-5.4642,-2.3671,-7.3032,6.6986,-1.8876,9.3329,4.1091,4.0779,8.5212,2.3771,9.5687,-9.364,1.7089,-6.1454,9.4152,2.8054,4.904,3.4506,-0.4548,-5.969,-4.8778,-3.8916,-8.4054,5.7617,-1.3705,4.9083,0.6611,-7.0005,7.5587,-7.1475,-3.2767,5.8252,-9.4152,-5.7411,-1.9817,-8.0276,-3.667,-5.2183,7.697,-1.0847,3.8172,1.831,7.0445,8.3625,-3.1825,4.025,9.5025,6.5502,9.9237,1.1308,2.723,-3.3404,-6.5412,4.5933,8.076,-9.8591,2.2381,-6.8275,9.9589,-5.918,-0.1132,-6.8192,-3.4345,5.1629,6.3968,3.495,1.3056,-9.3164,-5.1078,8.15,0.0625,4.4361,-0.1094,6.7659,-6.8597,-1.8492,-7.7936,4.2613,-4.2419,5.2229,9.6198,4.3628,-9.9988,4.4804,-7.999,-3.374,-5.1888,-9.8562,1.2899,6.9596,-2.9674,-1.4545,-7.1949,8.4895,7.9905,8.7798,0.0393,-6.8456,4.4456,-4.7904,7.8465,-7.2375,-7.9935,-0.0324,-4.2595,-5.0757,-3.1643,0.079,-1.6547,-1.2136,-0.8271,-0.5293,-0.6768,4.565,-8.1642,-7.9766,1.9692,-8.1016,-4.1119,-2.9448,-4.9671,-4.6906,0.6139,9.8662,2.004,-3.3736,9.6052,-7.6617,5.95,-1.6545,2.63,-7.6521,-0.8199,7.6818,8.3685,-4.4358,0.8789,-3.6318,-2.7293,3.6515,9.2958,-3.0495,-1.0961,-0.7822,5.7182,-3.1375,-1.0722,-2.8987,-6.7905,-4.3984,-5.5625,2.4078,-3.2698,-8.5729,-5.1453,7.178,7.4148,-7.0255,-2.0216,5.2435,1.2716,-3.466,9.4581,8.3904,4.2068,7.769,-4.3597
0.9068,-8.895,5.6088,7.1454,-6.5465,-1.6152,-8.3634,-8.6146,9.4013,-0.8472,-4.934,-3.6547,7.8686,-2.918,-8.5389,2.0982,-8.8249,-2.574,6.9897,9.6476,-8.0998,4.7049,5.5887,7.5592,0.6129,6.034,4.2855,-5.3614,-8.6474,0.5786,-0.3012,5.2481,-7.1173,-7.696,6.568,-5.6376,-1.0884,0.447,-8.9854,-4.0203,-2.9895,2.545,4.9125,7.3927,5.9428,-5.1488,7.4378,-1.4437,-7.7333,-0.8982,7.3342,-8.2806,-9.3453,-6.3068,-8.0451,8.8501,-2.0736,-0.4243,2.3967,-3.6121,2.765,-5.6343,-4.7739,4.9973,-6.1483,6.9104,-3.7962,5.3143,6.1044,-1.9774,-4.4202,9.9166,7.7837,2.8741,0.5906,-4.7248,-7.9276,6.3779,-3.995,-5.35,-0.7463,-4.5312,-1.3052,-8.9549,6.7912,-4.5063,-7.6872,7.4065,7.9166,-1.1942,-3.3269,-8.8866,-8.3092,4.3579,7.8306,-8.3381,-0.1918,9.9573,-4.5085,9.395,-2.2586,5.6676,1.7829,-2.8067,5.1269,-6.8971,0.1705,7.9184,-2.0991,-3.2439,-9.6915,4.5593,6.8203,6.7358,3.2837,-4.6579,0.4099,-6.8038,-0.5192,6.242,1.8659,-5.0056,-8.5642,-1.3474,-0.8734,8.6606,8.3458,0.6976,5.1524,2.6689,8.7734,-7.918,5.2933,3.6304,4.5922,6.6156,-7.0667,9.2752,-3.8518,-7.7025,-6.4853,2.9282,-2.2645,-9.8376,-0.987,1.0676,2.2392,-6.7534,5.5365,-9.4724,1.7337,7.6901,7.3491,1.0948,7.9746,-6.4359,9.1962,-5.3554,7.9915,2.7393,-9.8164,-7.0689,9.7201,-2.5963,-2.1533,4.9715,1.5598,-7.4316,2.6814,-4.497,6.5956,6.3312,-9.8038,-0.069,-2.4395,-7.4903,-0.8478,-6.9917,-6.7171,1.6372,6.9222,6.9769,6.9551,0.2323,5.5966,-3.4493,-3.3958,1.9578,-9.7078,-5.0041,4.4613,3.4364,-4.8484,5.6966,8.4989,-3.4318,0.3934,0.5444,4.4492,0.1364
-6.9082,-0.1973,-2.9094,9.2409,-3.2052,4.5026,-3.8453,-8.6618,-9.9239,4.21,-1.4466,8.4808,5.4603,1.5007,8.1138,2.448,3.1854,-3.7093,4.068,-8.1634,-7.1937,3.5499,-9.702,-4.1587,6.0351,-5.3645,-4.9412,-3.53,-2.545,-2.0788,-1.731,-2.8214,-7.506,6.8853,-2.1712,6.4717,3.6341,-6.4909,-7.4273,-4.1517,-5.019,1.281,9.6158,3.5169,-5.8,6.5562,6.6817,1.1909,-7.8443,8.9193,4.4787,9.3268,6.6166,-4.2839,-0.5678,-0.5551,4.1037,1.7123,7.631,3.6681,-9.3118,-6.0673,-6.2566,2.4486,7.0197,6.6522,6.7551,-0.5872,-6.033,-5.0831,-0.0283,5.003,-2.6526,-4.7077,-6.5483,4.811,-1.4864,5.522,0.5606,1.8059,-7.5626,9.3516,-9.0744,4.0426,-6.502,8.6388,7.5959,-1.5781,2.743,-2.8061,-5.7276,-2.9588,9.2923,-6.0515,-5.5275,-4.1828,-1.3241,7.6071,9.9008,-1.9285,-9.1868,0.4123,-7.152,6.7956,2.9421,6.1605,8.9952,4.3446,-6.8419,9.6887,-1.859,8.3209,4.6276,2.3899,-5.35,-4.1782,6.9335,6.4513,9.3944,-0.4353,-9.4073,-5.3736,-7.6383,5.0329,-2.3403,9.3206,6.5596,-2.1957,9.4088,7.3727,2.2774,6.0031,8.6959,-7.0536,6.3284,7.7695,-7.3587,-2.0016,8.1616,-8.9628,2.7629,4.6691,-1.8566,-5.3281,-3.2898,-3.8552,0.6296,8.0445,-9.0678,-5.4837,-7.0579,-4.7713,-0.4425,1.9829,3.9787,7.7344,9.5976,-3.019,4.0553,7.8845,5.9396,-8.7139,0.7719,4.2816,9.1931,0.871,-6.2591,1.9252,0.5926,-3.5882,-8.9087,-4.2813,1.2386,-3.0448,-8.8387,-2.2412,0.4871,-9.61,7.8685,1.3265,-9.442,8.246,9.4998,-2.4692,-4.1045,8.3921,2.8538,5.8521,8.5088,1.9701,-9.4584,9.6134,-2.777,-7.9441,-1.4163,2.2059,-4.5448,8.3604,-3.8462,-2.8983
9.5642,-1.256,9.1861,0.0581,3.7662,6.85,6.2361,0.0172,-9.7777,3.6936,9.6813,6.7568,7.1208,2.959,-5.7495,-7.9971,-2.0202,-2.1819,7.8982,-0.9301,4.6613,-4.185,-7.8787,-5.163,2.206,-3.2676,-9.4811,8.6716,7.7279,-6.8864,-4.4484,8.7724,-8.9924,4.4696,-7.5575,9.1589,-5.1044,8.3717,5.5569,-0.7339,5.4829,5.6668,-6.6719,-5.768,6.1911,3.2561,6.2497,0.482,7.3114,5.9047,9.3516,-4.4149,0.7012,5.8643,9.572,4.1892,-3.8547,8.3798,2.1081,-2.744,1.7821,5.996,-5.995,1.7518,-4.9112,5.508,8.7322,-0.7043,4.9097,8.8154,-3.3885,0.5921,-2.1594,5.8331,-2.7319,-8.3412,-1.3593,-3.3586,-7.3228,1.8735,-8.1172,5.6451,-0.1853,-3.8458,4.4753,1.5033,2.6591,3.5288,2.7627,-6.2293,-8.1269,9.5293,0.1875,8.5702,-5.6044,-1.9359,-4.7317,-8.9737,0.6002,-1.44,6.2679,0.441,2.6848,8.2798,1.5523,1.3013,3.9848,-5.4691,8.6504,-2.044,-4.2329,2.1879,-2.572,-1.2082,3.2086,5.7978,-0.9778,6.8713,9.1874,5.2797,-1.0303,1.8455,3.3963,5.4172,-5.5983,-9.3327,-2.4939,5.2179,-4.6727,-2.1122,-6.3897,5.2424,-5.6305,-5.2513,-1.7658,2.7411,-0.5218,-3.2826,7.7785,2.5361,1.2207,9.1168,-0.5865,0.9835,-3.0715,8.9005,0.2502,-6.8943,-6.9088,-2.5673,-3.0128,-1.8863,5.7881,4.5762,-3.0067,-1.8313,-7.4823,9.4104,-4.321,1.4381,-3.4866,7.7521,2.2209,-7.2429,3.5676,-2.7989,-4.6245,0.6425,8.7633,-5.3206,-5.7547,8.5212,-4.117,0.3582,0.8056,-7.3936,7.7041,6.0016,-3.0903,8.1384,-5.8913,0.4715,-6.4713,7.533,-1.5662,-4.0393,-6.9239,-6.5875,-3.453,3.5433,-1.3277,5.3354,9.4366,1.1159,-1.825,-5.8266,-3.4927,-7.1241,0.5713,2.4826
8.1878,-7.8739,-1.6439,9.2739,9.0365,-4.8465,6.6799,-3.8988,4.466,-1.8652,0.271,-0.0023,-7.9387,5.5328,8.8999,-5.2207,7.3885,7.4316,-1.4582,-6.5782,4.1398,9.1888,4.4808,7.7315,7.4553,-1.5309,7.9669,6.7722,-4.7736,1.6362,-1.334,-4.7717,4.2356,6.1384,-8.9824,-3.3645,-9.9943,-8.184,3.4705,6.2131,-3.1324,6.6904,-2.3695,1.8672,-5.1217,1.8033,4.5955,-9.0708,-0.2317,2.5631,-4.9682,-7.5235,0.043,5.2606,2.44,-6.2875,-7.9946,9.3363,9.7977,-4.5391,-3.5343,6.8976,1.8729,-1.328,-2.7248,9.8086,9.0199,9.0266,6.1225,-5.8879,4.4537,2.4997,-2.3504,4.9988,6.2095,-1.1317,0.3001,2.1617,9.7242,-4.3515,0.0444,6.3357,-5.871,7.9885,2.8549,-0.7099,-8.2278,-3.1958,-5.7187,-9.3001,-2.0774,1.7805,4.9816,3.7049,8.5114,-8.0335,1.7701,-2.0659,0.281,-2.4438,9.1467,-2.6658,-5.3233,2.5482,-0.1379,4.068,4.2829,8.7095,-4.8187,8.4903,8.8923,-8.5017,-4.4127,-6.1103,-3.126,-8.7951,-4.9518,6.9522,-8.9184,5.3303,-3.666,-0.1133,-5.1785,-7.3245,-9.4768,8.152,-9.0056,3.8553,-6.8726,3.0035,-7.5165,-8.2999,-0.3436,3.0276,-7.8385,-5.6827,-0.698,2.081,1.6772,-3.0177,0.4467,6.4938,3.6087,6.8025,-6.8942,6.4322,-4.0576,-0.2727,-4.5576,2.5353,9.61,-9.9271,-1.9989,8.6412,-6.6314,7.0417,2.6388,7.3183,9.9065,3.3636,-8.4729,-2.0941,5.6029,-5.7445,-4.1645,5.1023,0.2126,-7.8864,-3.1874,-6.8276,-5.1129,9.3752,-7.9137,-6.224,-2.3673,2.5182,3.945,-4.8629,5.5762,-8.5557,8.323,0.0315,1.5359,0.7044,-2.965,-3.5362,7.9434,6.0911,0.1499,0.3017,-8.0909,3.7897,4.4855,5.8753,6.606,-2.3516,6.6649,1.1287,-2.6736,6.8587
2.7369,6.7423,6.8031,9.3453,0.3633,-6.139,-2.759,-2.4252,-7.2517,-3.8144,6.323,1.9981,8.2183,5.5181,-0.983,-7.7372,1.4972,-3.1094,7.689,9.2237,-1.4125,7.9514,7.361,6.8242,-1.2424,2.947,2.1444,-5.2601,-8.9834,9.0663,7.2693,5.4535,2.4003,-4.2471,-9.4446,-6.9384,-1.4946,-8.8411,3.4462,7.8531,-0.105,-4.728,-5.6544,4.1958,-5.2435,7.285,-4.6134,2.1517,-7.8042,9.1329,7.8762,9.5249,0.4006,-4.6045,1.731,3.5699,6.1639,-6.1009,-9.6442,-1.9197,-8.6729,1.1213,3.6103,-9.0249,-5.1818,-7.676,1.7888,4.316,8.7305,-4.1048,1.1504,4.4226,6.7977,9.9423,0.5502,2.1611,4.0564,8.0134,4.2557,9.2456,3.2567,3.4118,9.5172,8.1025,9.5455,-9.7361,2.0184,-9.5377,-2.6041,9.6528,-4.1144,2.0917,4.2325,-1.595,-0.3266,-8.0212,8.3007,0.3043,-5.9585,-9.7856,6.0504,-1.083,-9.2604,4.535,-3.748,-3.2306,-5.7119,1.034,-9.8889,-8.5146,3.6278,3.0856,-0.0785,-0.5639,-7.3081,-9.2537,2.0055,-2.4158,-7.059,9.0843,-3.3984,9.7487,9.0855,8.9556,0.8483,4.5197,3.3401,4.7619,-2.2877,3.6959,8.8289,-1.0284,-6.3391,8.7513,-4.4575,-9.0848,-4.3627,-4.054,-9.5091,-9.7558,8.011,-4.0561,0.1468,-9.2245,7.919,9.8906,-4.1985,-5.8456,2.845,0.3256,-6.9795,3.6883,1.6933,2.47,6.8516,-2.3229,-8.2893,-3.5789,-5.3103,-3.1874,1.1572,-4.4486,3.435,3.2895,4.6648,7.6564,7.3739,-6.4909,1.037,4.619,7.6566,7.418,-6.1515,2.78,-3.227,-8.0852,-6.3864,0.2274,2.8214,6.5877,8.1096,8.7755,0.7598,9.6644,-5.4837,0.5055,-7.6963,2.8792,7.7407,-8.2477,4.0984,8.3573,6.9998,5.5856,4.3147,-1.7256,-1.5474,-5.8215,-3.8416,1.0997
-3.1249,-2.1545,9.9922,3.4104,-4.0017,-3.0553,7.8655,-5.7937,-0.1322,-8.9619,-6.6757,-1.3423,8.7325,4.4616,4.6219,6.1205,-2.9253,4.2818,2.3223,5.4644,-2.4033,-1.3597,-3.5819,-0.0735,0.7814,-9.8709,4.4684,3.8059,7.622,4.8176,1.5286,-9.7328,1.0494,5.2392,0.9704,0.4036,-6.0545,-2.4346,9.7244,2.8789,0.1366,-4.6294,9.7086,-6.7823,-1.9783,7.0557,7.677,-7.1331,6.5854,-4.2403,-5.2935,3.12,9.5408,5.0627,-0.2275,6.4912,-0.5249,4.7276,-9.2966,-0.988,-4.498,7.956,7.9693,-2.0507,8.9495,0.0565,-1.5022,-1.0371,-1.9705,8.2736,-6.2663,-8.9225,9.5083,6.8111,5.4586,-7.5142,2.844,0.9847,-5.6622,9.8302,-9.8248,2.9606,0.6306,-3.5369,6.0609,5.2631,-1.6838,6.795,-3.8036,-6.1355,5.9504,-9.4292,2.3377,0.3167,-4.4536,7.3844,-4.5269,6.4695,7.1536,4.1169,1.5326,-6.6985,8.1751,-7.4705,-6.3843,-8.6716,2.7133,-7.457,5.4054,4.0329,-6.0531,3.4133,7.7733,9.9887,-5.1727,9.2945,-0.8759,4.0091,-8.1919,-3.7305,4.5763,8.3282,1.4044,-8.5434,-5.2667,-0.2069,6.5464,-1.0607,8.966,-7.2574,-1.044,-2.8395,-7.4728,7.4693,0.1189,9.3093,4.0131,3.3079,-3.4388,-1.0594,-4.0328,7.8054,0.9412,-6.3131,6.3727,0.0285,9.0247,-3.1676,-4.3718,2.5061,-3.1807,-1.2545,-1.686,9.9013,-6.3611,4.1731,2.9629,6.9186,3.1514,5.0352,-7.6468,-3.1597,2.9549,7.035,-7.5569,-4.3611,3.0481,-7.6605,2.0805,5.7298,-3.1601,-6.891,1.1193,-0.7657,6.5899,7.4117,7.4814,6.0804,2.0146,-7.9664,-5.2815,4.6601,-8.0881,5.7089,-7.6398,-3.7875,4.5473,2.6117,5.3443,-0.1021,3.2499,3.5162,2.5643,-4.431,6.2199,-3.7049,7.7932,-8.6584,1.2592,-5.9901
0.638,0.6764,4.2706,-2.2906,-6.2515,-4.0848,-4.4399,-2.8575,-1.3066,0.9319,8.1762,-7.3563,3.9187,-9.1891,1.5598,9.1349,-3.1056,6.8113,-1.9079,9.1236,-5.0304,-4.9642,5.85,7.5745,6.0857,3.6366,2.0811,-7.3105,4.0268,1.3836,9.8736,2.011,-3.1412,-0.5402,6.3518,2.1141,4.6426,8.3751,-9.1376,1.582,5.1586,-3.0568,0.4561,-4.0569,-1.1441,4.8952,-2.0674,-2.5471,-8.8831,-2.4229,-1.7844,-9.0809,6.7817,9.5234,-3.506,-3.3332,-8.4182,-6.1745,1.6116,1.8798,0.0732,2.7547,2.251,4.8708,9.6433,-7.6808,0.6579,4.5577,1.3836,-9.4711,-4.2545,7.338,2.2296,-3.4765,-4.7657,-4.4115,0.0222,-8.8135,0.8528,5.6716,-6.0762,2.1389,-7.9741,9.0509,2.8777,2.9471,-0.7398,0.4909,5.1387,5.9597,-9.9266,7.3197,-5.6834,8.5125,1.5382,-3.4,-3.7615,-7.4735,-8.3679,9.6558,-7.4501,-6.6924,0.8186,9.4611,5.0105,-1.8051,-8.3432,1.4264,-8.3996,-5.1395,-0.1431,0.6146,-9.2843,6.5578,-2.0743,-6.7824,-1.1122,6.07,8.5513,-8.1647,-5.3779,-7.7885,8.842,-3.9829,5.1706,6.9754,-1.6844,8.306,7.6493,-9.1441,9.9825,-6.3925,-4.5837,-0.8862,-3.6212,-6.4519,-8.2483,-2.0897,-1.882,7.8789,-8.5929,-0.5243,-9.1271,-0.3155,-3.3353,1.4615,-6.3624,1.7988,-9.2757,-6.5903,8.2424,1.5601,-4.2868,8.5019,-3.8088,-9.7464,9.2586,-7.4006,-3.4356,-0.3128,0.3423,-4.0553,-4.6675,-1.5592,5.1881,4.8991,-5.0375,-2.6487,4.8596,1.7576,1.0563,-9.4943,-8.2512,-4.4248,-2.045,1.3013,7.6091,-6.5329,-4.9115,-7.401,-0.186,-1.8613,-7.0132,-9.9079,8.2316,-6.8945,-9.9775,-6.5157,-5.8262,-0.0355,-6.8148,2.0536,2.4397,-1.1157,-2.9778,4.3766,7.5275,-3.0155,1.3083,5.2229
1.2223,-3.1558,4.38,-7.5419,-1.3411,-7.0556,-1.1941,-0.2314,2.4057,-0.1325,-9.558,0.8191,6.8258,7.0213,-2.1006,-1.1139,2.361,-4.359,3.5709,8.4307,-8.6682,0.6093,1.4156,2.7139,-2.6567,-8.4878,7.2341,-1.1631,6.4975,8.2978,-6.9536,-7.8808,5.7708,6.6928,-4.4831,-1.8077,7.2396,-7.0878,5.4253,3.9478,2.7893,-5.0714,7.1114,-8.8061,5.3387,8.7306,-2.6212,-7.9676,3.7624,9.0197,5.4222,-5.4373,-0.7572,-3.0138,6.524,-7.893,5.8637,-8.1111,0.0936,1.7176,9.5405,-7.5167,-6.8372,8.6406,0.1389,-0.1984,3.8603,-7.5343,9.6356,5.2917,2.351,-4.9334,-6.604,4.9716,-8.0711,5.6657,1.1236,7.481,1.3603,9.0753,5.2353,2.1204,-7.8556,3.8239,-5.9879,-5.5165,-1.2659,-1.5132,-9.9892,-6.4399,-9.9614,-4.2503,-9.2088,-1.8424,-8.7111,-5.3003,1.0271,-4.1669,6.513,9.7335,-3.1553,0.4147,-6.958,0.6384,7.4622,-0.393,-5.3896,-2.94,-9.9629,-4.7569,8.8643,-8.4597,-7.215,-6.4765,-2.5325,6.8322,-3.9583,-6.1992,2.8352,7.6809,-4.1247,-8.7097,-9.5445,-5.2176,-6.0736,-8.7604,9.0699,-8.849,1.3985,7.3835,8.8015,-3.842,9.5619,8.5514,-6.8532,-4.6962,5.0185,-4.4389,-2.1819,-9.8074,-3.1345,-1.553,2.5438,4.3491,9.7074,6.5217,3.65,-0.4276,1.0795,-2.6632,-4.8213,-6.3559,-5.6528,7.0803,-5.3209,0.0754,-1.5902,3.4498,-9.8758,3.9632,-3.4332,-7.2729,1.6185,0.2229,-4.1801,-7.3888,6.0852,2.033,-0.7211,8.8555,-3.8368,3.6469,-6.9826,1.7915,7.3874,-0.4845,-8.9332,7.9376,9.6839,-2.3088,6.8479,9.4457,-6.6301,-4.4878,-9.9758,-7.0512,-4.8165,5.259,2.6265,6.94,6.8196,8.0865,3.8048,-6.6744,0.4623,-8.1285,6.1973,5.2405,0.4055,6.4308
8.1353,-0.343,9.752,1.851,6.0805,2.6586,-1.2126,-2.3873,5.8539,-4.9523,5.3875,-6.3275,4.4393,-4.629,-9.5704,2.5987,-8.6559,-4.9469,-8.5499,4.1358,6.5443,4.925,8.5369,2.7525,-1.4167,8.5015,-6.6736,-2.5163,7.6064,7.0737,-5.1031,-8.4961,9.633,-1.0443,7.4207,2.3823,-4.7623,-2.9449,5.482,4.8182,-2.574,-1.6473,-2.2079,-2.5975,-7.8513,-1.3984,6.3597,3.0991,-6.6239,-3.9013,9.6368,-2.7031,3.417,0.5121,7.6364,-2.2554,7.6394,-2.6143,-5.0448,4.234,-5.7658,7.3314,7.614,1.46,5.5112,-5.4732,-1.3062,4.4697,-7.0386,-7.8933,7.9907,4.9258,7.6822,-7.7415,-6.5863,-3.8074,-2.4832,-8.3891,6.996,-9.6427,0.83,-5.7506,7.0905,7.9649,-6.2995,3.3956,-4.4102,7.0614,-3.3521,-0.9904,1.2988,-4.4576,-3.885,7.9974,-7.4725,-9.0089,-6.3334,8.8783,0.6749,0.1745,-1.9574,-5.1809,8.7272,-1.0486,2.9208,9.9217,-4.7635,-4.0181,-3.2568,7.1685,0.0077,8.768,-9.319,2.5548,1.7179,1.3208,-8.0808,-5.0078,9.1514,8.4114,3.1147,7.2661,-1.978,-3.8838,8.5512,-1.0834,6.889,3.8785,0.4508,-9.3368,-6.1118,8.4774,-9.7402,1.9105,-2.2893,4.5106,5.7299,-6.7814,-7.7779,6.2657,6.066,2.6105,-3.8635,0.9783,-8.0451,-6.0933,-5.3469,4.0599,-0.8595,-2.9278,3.9911,4.5156,7.1994,0.2465,-1.6439,7.5739,2.28,9.165,0.9099,3.7527,7.4625,9.0514,6.2405,-4.1073,-9.4372,1.176,8.2002,-8.8897,4.7218,-6.6188,9.3822,6.6953,9.5796,-0.0915,6.7409,-4.4656,-1.6132,4.3976,0.45,-1.9175,7.3856,8.3258,4.994,-8.1776,8.1856,4.0143,-4.0878,-2.5888,-9.6937,-4.9894,-2.8986,5.6615,-2.1761,-8.8942,-9.5464,1.7198,2.7351,-8.1149,4.0901,3.0438
2.7251,-3.1563,-2.2114,-9.762,-7.0072,0.8397,2.7439,-7.4316,4.9433,3.8219,3.684,-3.9464,-0.3223,-1.858,-3.8094,3.5322,-2.8056,2.0176,5.8449,3.7171,-1.9792,-6.9918,-8.0018,-5.1771,0.5554,9.086,-3.5322,-2.2049,-3.9951,0.8383,-2.9589,-5.3027,-7.3401,-9.278,-7.5203,-4.9881,8.4091,8.818,1.8,2.0201,-3.6636,0.1863,3.304,-4.637,0.9525,-1.3679,-6.2506,-5.4694,-9.0263,3.2936,-7.9889,-0.5033,-7.8227,-7.7538,0.5653,0.5037,9.3588,-7.6645,-0.0451,3.5343,9.6433,5.1883,-9.0745,0.2756,-2.7144,-0.9048,8.1872,9.596,2.7863,5.6893,-5.8529,6.5212,-5.3971,9.217,5.8089,-7.5615,0.9325,9.8313,-0.9391,-4.1035,9.3794,1.648,7.7548,1.9424,8.881,6.695,8.8008,-2.4573,3.5418,-1.7088,5.2263,-5.6905,0.2073,6.8335,2.648,-8.1831,6.0834,3.5515,5.0663,-7.3657,-0.046,6.4974,-3.7443,-1.4863,-1.1536,8.6237,-1.6425,-0.6674,-5.5955,-3.9391,-8.0148,6.5826,2.6586,-6.1501,-7.2889,-4.6743,-2.029,-2.2601,-9.3717,4.4764,1.4064,3.7982,-7.7837,-9.6757,-5.9119,-7.5776,7.8035,-9.9166,7.8625,-6.9599,-2.0157,-4.4399,0.3393,8.8072,-1.2182,1.963,-1.1844,3.3848,-4.7448,-0.2893,-2.5377,7.2918,8.0574,6.4143,0.2245,-6.6783,-4.5127,-8.0056,8.8047,6.7048,-2.4085,-8.1458,1.254,-3.7834,-0.7538,-7.6415,-0.2407,-9.0541,-7.3716,0.8608,-8.5296,-5.8265,-6.4738,3.443,-1.1065,-8.2865,-3.7542,6.5617,-1.3011,-9.6771,-8.0339,1.9379,-6.5117,1.0154,2.405,-6.347,0.5603,-3.6344,-6.4813,1.3192,-3.9534,-1.631,2.9987,9.4832,-8.2306,3.5183,-3.9146,-5.7526,9.9305,-3.3193,5.5535,1.2914,6.1255,-7.3985,5.3031,-5.8645,0.7048,-2.8104,-7.6514,7.0446
5.4283,-9.695,-5.0519,7.3146,-7.1951,-7.1133,0.6955,0.7812,7.2284,6.289,-2.2265,-6.2708,-6.0362,1.291,7.924,1.2268,6.1728,-9.4966,-6.1525,-0.0277,-2.5765,-2.4966,-9.6958,3.3781,-5.464,-8.8324,-2.1297,8.2077,9.8143,-2.6104,4.3333,-1.2818,0.8041,-0.4073,2.8921,-8.9509,-5.8769,-2.7744,2.1119,1.9795,-2.4001,-3.4421,9.4759,3.6986,-0.1272,7.5031,-1.4115,0.6829,-0.4929,-6.5346,-1.8511,-4.0482,1.9649,-2.3071,-8.4141,-1.4983,-1.6511,-9.2282,7.2218,-5.0994,-9.8775,8.5145,-4.3947,1.7898,1.9908,5.738,-5.4508,0.4151,-8.2725,1.3173,8.1994,4.7788,-6.4805,-9.7927,1.823,3.0144,5.2811,-5.542,-3.1017,5.0631,6.4242,6.7362,6.3956,-9.9624,-6.2553,5.0243,-8.4602,2.9483,4.8964,6.1071,1.5074,-2.5917,3.4237,7.1217,2.0787,0.3958,-7.0261,8.7243,-9.0795,-1.9668,0.2343,9.4997,5.3878,0.0168,-8.7194,9.5336,-0.3785,-1.3118,7.0269,2.5354,-0.4356,-8.6026,-5.8198,8.7518,-0.532,-7.4294,9.6647,6.8278,3.1113,9.3692,-1.2988,-0.1296,7.6432,0.6506,5.888,9.9869,7.8899,-7.6615,1.1468,-3.5125,-1.6845,6.2747,6.494,1.7158,-6.0581,-9.3565,-6.8518,6.154,7.814,9.713,-8.0858,-1.6846,8.0816,-8.1507,-4.9424,-6.8532,-1.8172,7.8973,-5.8428,-9.1685,-7.2825,4.5711,6.8785,2.606,-4.9529,6.1074,-7.4047,8.5527,1.7586,-0.3122,-6.1571,-5.3107,5.6673,-2.0349,4.4383,5.2197,-0.9942,-2.2751,4.2287,-8.1642,-2.0674,-5.8708,8.8762,-6.0277,5.2365,2.2839,8.4519,5.6115,0.2135,-0.2703,-7.7884,-8.3598,-8.3335,-4.6431,8.6339,-3.0497,9.5928,-9.9647,-4.5042,2.9089,-1.3577,-4.4694,-3.8436,-0.9722,-3.1543,-5.4686,9.8704,-2.8512,-4.5299,8.7032
6.0594,2.323,-6.6229,-5.4202,-9.8418,-6.0808,-0.4333,-0.2686,-9.8838,2.5308,1.2552,-6.5487,3.666,9.2537,-7.9053,5.7852,8.7305,2.3739,4.0673,0.1032,-5.021,-8.0961,-1.8366,9.8605,-4.9019,-2.5333,9.0799,5.7169,-7.1715,-1.6679,-0.1178,0.2778,-6.0674,9.7898,-0.2927,5.9437,-1.2338,3.5625,-2.5471,-0.9911,-3.2978,-2.6098,-5.0064,-8.4301,-7.4279,9.7645,7.4172,2.4286,6.7576,5.0081,-9.3087,-9.9778,-2.5924,7.1165,7.6066,-0.8508,-2.4552,-0.2894,-5.0232,9.7564,1.7564,-1.6435,9.1899,6.4376,-1.0757,-3.8411,3.6501,-0.7705,4.3677,0.2783,7.5188,-2.2666,3.8131,5.3428,8.7381,7.6811,9.7516,2.6593,-6.3203,8.7599,4.2464,-9.7378,9.0504,-0.2515,-6.0467,4.7087,9.122,1.5427,0.2797,-9.9193,9.7368,9.7952,-5.9818,-6.2677,-3.701,-4.4504,-6.7747,2.397,0.95,6.9812,-3.9976,9.7396,1.4923,-3.6564,9.8063,0.8023,2.0523,-9.5775,4.9977,3.2647,0.6761,1.105,8.196,-7.8205,-5.8801,0.6768,-4.2998,-3.5778,-8.0284,8.2071,-8.2089,-2.5327,-4.4542,-1.8678,0.2078,2.7851,-6.2645,-5.0402,5.4568,9.9038,0.6261,-8.2981,-4.7381,-2.9857,9.0118,-4.722,9.5505,-6.8062,-1.229,-0.5668,-2.8804,6.5785,-3.0335,7.5358,-7.1929,-1.6445,-0.1891,-1.3186,2.5948,-9.2249,7.7133,0.7876,8.6323,-1.9979,7.3036,5.5838,-4.1895,2.3929,-0.8558,-9.0613,4.734,8.5165,4.2908,7.3573,-5.3132,-6.4304,-3.6878,-2.6653,-3.8932,-4.8989,-6.2561,4.9574,-3.2645,-1.6681,-4.7735,7.6713,7.0448,2.3152,-0.0918,-6.3725,6.22,-7.8788,3.5724,1.5605,-3.129,6.0414,9.3353,-6.2649,9.4559,6.4755,3.0132,7.7261,8.2094,0.0178,-5.8196,-4.9333,-0.7503,8.3645,-7.7046,-8.8908
-3.774,1.6533,-6.4723,6.0567,9.9794,2.3134,-1.686,-3.8494,1.7876,-5.4486,-9.0207,-8.5284,5.6059,6.6203,1.1925,2.8054,-8.2741,4.4581,6.0499,-5.088,-8.0513,-3.431,6.3691,-3.0164,-1.9633,-5.0759,5.1034,-7.4682,-8.7163,-5.8318,6.4411,9.5444,-3.9503,1.9932,4.2551,-9.0966,-9.0304,-2.7437,5.5106,9.3331,-8.4518,-6.2631,6.82,9.0474,-7.0169,-4.7159,-2.8327,-0.0099,9.1653,-8.2901,2.9376,9.9204,-7.7857,-5.8142,-9.8315,3.2199,4.8055,8.1995,-8.5817,-3.8812,7.7576,4.6106,-8.0974,-6.0787,-3.3549,7.0177,7.3833,4.8698,-7.0057,-6.8007,7.7781,8.4234,-6.8156,-8.2473,8.0953,-1.5815,6.345,2.9612,-6.6329,5.0357,-3.5721,7.3493,9.7735,-3.8507,-6.3463,1.6125,-2.3558,8.235,-1.2152,0.34,2.5657,0.5977,3.9164,1.569,-7.8047,6.8449,3.9363,7.6934,-7.7493,9.6934,-2.0648,-7.8683,5.4579,-2.9559,-1.1302,-6.4817,-2.9505,3.2121,4.0313,3.9181,-9.4014,-7.4002,-2.6313,-2.4892,-9.0574,5.4377,-5.7113,-9.5557,-5.8239,0.8382,-2.8043,6.5467,-3.4109,-1.6843,7.9374,-8.2821,0.7647,-4.7786,4.7023,-1.7102,-0.9818,-0.6327,-6.1363,-7.8514,3.3069,1.501,1.2383,7.1364,-8.3044,4.5275,3.5542,0.3197,9.5787,5.7681,-5.0109,5.5889,-7.8295,-1.2244,3.975,-5.8649,-3.5519,-3.8768,9.7695,-6.2848,4.0651,7.5961,-6.7716,9.0261,6.3513,-9.4806,-2.8909,6.5089,-0.6221,-4.0835,3.9815,8.6821,-5.1594,4.6493,0.4825,2.3869,6.7947,-1.3768,-0.788,8.517,9.4011,-4.5901,1.724,2.4179,-5.7107,-6.9575,0.4298,8.9626,-7.9003,8.92,-3.0958,1.7946,-7.5982,-8.3729,3.8849,3.5911,-1.8981,3.8964,1.064,8.2126,4.1283,2.2239,4.3902,7.7724,0.5226,9.484
-7.3165,-1.0192,2.0414,-7.6853,4.3198,-7.4936,-8.3261,-5.4336,-9.2705,7.8714,-8.4937,-1.0432,-1.4677,4.107,9.1393,5.2243,-1.175,9.4364,-8.3138,0.4787,-5.6027,9.4194,-8.5869,-1.2732,-3.5134,-1.4757,4.8112,-6.3766,-0.813,-8.4216,-7.7424,-2.7153,-0.9856,0.0995,6.5095,9.352,3.8044,-8.2104,-9.1284,5.7478,-5.8814,-5.8462,-6.2965,1.2434,8.0069,-5.5979,6.0769,-3.176,-8.3544,-7.6927,-9.6474,-7.1441,-5.3413,0.5196,4.5223,-6.8174,-1.4675,8.6396,-0.516,8.1175,1.5714,8.0532,9.1938,-5.0119,-4.6596,-3.5082,3.7369,-7.8554,-6.2584,9.3531,-4.1936,-1.9867,1.0393,-5.7157,6.6827,0.8986,4.7412,8.7873,6.9557,3.6834,-0.2007,-3.447,3.3836,-0.3663,6.9081,-0.9668,-0.2173,7.6969,9.2438,8.6135,-5.3574,4.4787,-9.0626,1.2264,-8.5095,4.2397,7.979,-8.1621,7.4221,2.2561,1.6676,-4.9267,0.7724,-1.285,-0.7295,-0.7474,-7.1913,-4.2373,-0.9069,1.9714,-4.5723,-1.5966,4.9085,-8.9902,6.48,9.6175,2.3536,-8.54,-5.9839,4.4645,-7.1935,0.8983,-1.7994,3.1911,0.9643,5.7458,-6.5055,-1.9543,4.5567,6.2631,-3.9381,3.4532,-1.9226,-7.1299,-6.9975,-9.3662,-2.0118,-0.8506,3.1122,7.742,3.8581,2.4651,-8.6883,6.4049,0.0754,-4.0347,-3.9594,-5.3921,-7.3157,8.0412,1.06,-7.4727,-8.2528,2.0376,-2.5928,1.3776,9.0078,0.6366,-8.0574,9.7222,6.5721,3.5871,6.6729,-1.3296,7.9055,9.2137,-8.2478,1.6526,-6.8166,4.068,5.2614,-5.624,8.8009,4.4717,3.6491,2.7669,2.5541,-7.5048,9.9035,-4.7139,-1.9304,-7.862,4.3377,7.6732,6.5231,-8.8324,9.4667,4.5433,-2.4903,7.9316,6.0856,-6.8904,4.8095,-4.9346,0.8686,-9.3744,-8.0998,-7.1301,0.3708,-8.1042
3.4209,-8.4739,-7.3685,0.0391,-9.7444,-0.6913,-3.3431,-0.6293,1.8063,5.4994,-8.7989,3.395,2.2708,0.4282,2.2394,8.1783,-5.1348,8.854,-3.4057,-3.6428,-2.3781,6.2786,-9.5315,7.2754,4.9352,3.4556,-4.1133,0.9984,-7.827,-2.3333,-4.3203,-1.9119,5.2779,3.9166,-9.365,-0.4738,-6.4726,-5.2843,9.7944,4.6485,2.5455,-4.1316,-5.8309,3.2808,9.1958,3.7003,-4.6975,7.798,8.0483,-8.6583,-7.3329,0.1826,-8.9725,9.3457,-2.4725,-8.0397,8.6004,-7.631,-3.0501,4.5719,-3.0428,0.594,9.9976,1.096,2.951,2.8427,8.4635,7.3914,0.6254,-0.9401,0.5327,-3.4281,7.6981,-5.659,7.4561,-9.2142,9.9155,-3.9539,5.0941,7.9331,8.9452,-1.1876,-2.2861,3.7545,1.9825,3.5058,-6.3309,-8.7083,-0.9396,2.9641,1.1474,9.6347,-6.5202,0.7144,-7.3073,-9.9381,-6.975,6.8337,-7.5886,-0.4734,-5.2284,0.0186,3.423,-9.1042,8.2146,9.1844,-8.6304,-9.1221,-4.1866,6.0316,-4.9318,0.6452,-3.7532,-8.6056,2.6139,5.6711,-1.8087,4.5922,5.5875,-7.453,-0.2456,-8.0153,1.6226,-2.2711,-8.4711,-5.2623,1.3167,-2.8535,-1.2039,9.3735,-0.5924,0.2406,5.1145,-8.0227,-2.537,4.4084,-7.0975,9.4023,8.337,2.9217,2.4748,6.6003,1.5516,5.7159,6.5503,4.2291,-7.6207,3.658,6.4534,2.4053,-1.4044,8.3007,5.6521,-0.2097,-0.2902,9.5267,-2.5794,-8.4701,5.0615,-6.9189,-0.7283,5.6571,-7.0412,9.7464,1.5417,-9.3862,6.2911,2.9543,-1.3189,1.7642,-7.2137,8.3879,-1.1588,-9.8191,3.5249,-5.5024,-0.1439,5.4203,-3.075,-0.8132,7.8133,-0.0142,-8.7894,7.0814,8.3267,2.8122,-6.4686,-3.9667,0.8385,9.0374,-8.6303,4.649,3.642,-8.3524,-2.5071,6.2833,6.5236,0.9672,-9.6251,6.7327
-1.7122,2.2187,-4.7695,8.5478,1.6544,3.494,-4.0955,3.5339,7.842,2.0348,-8.8796,1.3785,8.7518,-0.9362,9.8715,3.1343,-2.7681,-9.6831,4.3573,0.3146,1.9408,-1.8689,4.3874,-8.7202,-0.6779,-6.4697,-4.0214,6.5274,0.4102,-7.9588,8.637,-7.9539,1.843,-1.9372,9.7094,-7.6228,5.3629,4.4798,-8.6732,9.7724,5.0098,7.8087,-9.0766,-2.9652,9.1383,1.9024,-7.938,-1.9345,-2.7445,2.4351,5.7359,3.2172,0.1347,2.3795,7.6117,-7.44,-5.2847,-5.8905,7.5115,6.3296,9.453,9.2151,-3.2015,-2.8668,2.6267,-0.1284,-3.7723,9.6942,-5.4984,-6.3066,2.063,-5.2539,-2.4676,1.5739,0.6409,-5.9548,9.4941,-9.7454,3.4917,-2.4858,-2.5223,-5.4647,1.9131,-6.907,-1.4138,6.1883,7.2716,9.6793,4.4834,3.8406,5.6176,-7.6251,8.0922,-8.1261,5.497,5.0339,6.2979,0.8298,7.6585,6.417,-8.4658,-5.3136,-0.636,-5.0755,3.6468,-9.8221,-0.365,-8.7721,-1.2464,-2.6305,3.5564,5.4231,7.3038,6.287,-9.5298,2.9104,1.2253,-9.846,-5.4897,-6.31,-9.0564,7.3646,8.1285,-3.2489,9.4358,2.3312,9.5271,-2.6045,-8.0387,-6.0222,-5.8402,-3.2979,9.5251,0.8564,8.8568,-1.3049,0.2219,-8.8823,0.6677,-2.0911,-4.5341,7.8157,1.7227,9.4416,-9.6617,-4.4723,-4.4036,-7.9585,-8.0229,2.2235,-2.0867,-9.5287,-7.2731,1.4279,-1.4933,-2.649,-9.1652,-4.8125,-6.275,-6.0274,-5.2134,8.4495,1.942,3.6081,6.4958,-7.5957,8.0881,0.8764,-5.5624,3.4315,2.1545,6.8489,-3.8353,7.4991,5.1386,4.8237,3.9694,7.1385,2.4733,3.1759,1.0186,1.8051,3.671,-0.0979,2.5862,-3.7021,8.3693,9.7883,1.2831,-4.8417,-0.7476,9.536,3.3231,-4.9769,-3.0874,7.3652,6.4483,7.0817,-7.4687,-3.7639
9.0594,1.7551,6.1949,-0.0456,3.8173,-0.5928,-6.6446,1.2178,-4.7527,-0.7093,-0.8534,7.8577,9.8421,2.6428,7.762,-0.8098,-5.3983,-2.1797,-5.3862,-0.3375,-6.6032,-9.961,-2.8787,9.8561,3.1899,9.2987,0.3759,7.664,-0.3918,6.7359,8.2884,6.3094,0.5922,-4.26,8.2718,-3.741,2.6078,9.3419,-5.567,0.1717,-7.6714,2.2943,8.6228,-5.337,-1.8258,2.3826,-1.8334,-1.488,7.0941,4.5078,-8.9156,2.2847,3.3387,7.168,-9.6052,9.9025,-8.0242,6.2771,-6.1734,-9.2127,6.6401,-8.8821,9.8664,-5.1322,6.2872,6.2458,3.1621,5.2303,2.1541,-9.8124,3.586,-0.764,-7.8151,8.3208,0.2965,4.253,-6.5104,-6.6438,-3.1303,-7.2146,2.4144,-6.2055,-5.6576,0.1086,-6.5043,-3.9603,-2.3276,-8.3877,3.1867,0.9889,-2.6734,-5.3424,-5.4194,-0.7999,-3.1266,5.2076,7.6181,3.2131,5.8554,2.6841,-5.3299,4.6052,8.9642,8.4048,-4.2116,-5.3016,-1.3721,-8.3875,7.1753,6.7465,5.4888,-9.1821,8.6366,3.2665,9.2976,-9.3703,2.0105,-6.2455,-5.5797,-2.245,6.8735,-5.0582,4.6948,-2.7426,-8.3481,1.7188,5.5761,0.9201,1.481,-0.411,-1.5913,-7.7778,8.2278,-6.0121,-1.7772,9.0293,-7.7098,-3.0725,-0.6223,-3.4463,-2.366,-6.108,4.8288,8.327,-6.0288,9.2348,-5.6454,3.0287,-6.3433,9.1917,3.4011,7.1153,3.4829,8.6979,-7.63,1.0196,-9.0208,8.2976,7.3533,-7.9229,5.1138,1.7507,-7.5911,-0.944,3.7984,9.6389,3.1668,2.5557,4.0529,4.4227,-4.9125,3.3159,6.9276,-9.1246,-5.9862,9.7285,0.4604,-0.0612,-8.1177,4.6414,-1.4263,6.482,8.6365,-0.8433,7.2958,-7.6248,-6.5937,5.7689,9.7943,2.5592,9.8261,0.6299,-1.0904,-7.0111,0.9031,0.5797,-7.3422,0.7139,2.6837,-9.762
1.8394,-7.6238,2.2627,4.0907,-6.634,1.6846,7.7059,0.1453,0.0487,9.9933,-8.7662,3.9196,9.5311,-5.3787,8.3254,8.1673,7.6398,0.6901,5.9592,-7.7883,-7.3634,-4.4318,3.3031,5.027,-4.0968,8.3893,-0.6199,0.4948,-3.4763,-7.1788,-0.9145,-5.262,0.2708,8.1066,-8.4197,-8.4953,-7.2161,9.8471,-2.116,-8.0526,-5.7889,4.0803,5.7896,-3.1197,0.2111,3.1561,8.1687,4.1782,4.5282,5.308,6.3062,-3.9356,5.9999,6.6747,8.5125,5.2872,2.105,-6.7103,4.5554,-5.5469,0.1727,-7.469,-3.0895,7.1434,6.5426,-0.2627,-0.2757,2.9508,6.265,1.3792,-4.2779,-5.5317,-5.5608,1.6327,2.4664,2.7124,9.8546,-7.3238,8.9465,3.6141,-2.0722,9.0767,3.2886,-5.4256,-8.0334,8.5735,-6.7587,-6.3698,-8.1596,7.0017,6.0558,-5.8923,-1.2963,9.8618,-2.7703,1.8732,-9.944,5.5617,-5.9213,6.6191,1.2597,3.8908,5.4127,-1.5936,5.4486,-1.3042,3.2233,5.1332,4.9472,1.6527,-4.1055,7.3252,1.2291,-8.8646,-9.9046,-0.5703,-5.4743,-6.3971,7.0985,9.2401,-7.2426,-3.2861,-6.777,8.3712,-7.3666,-0.4288,-9.5263,-3.8697,-6.753,7.0055,0.129,-3.1001,9.397,1.9657,1.7107,-9.6961,-7.8697,-3.4118,-4.3926,-0.1077,-9.6289,9.1248,8.1814,1.8873,-1.2891,9.1615,6.7477,-5.37,-0.8463,5.1305,9.9558,0.513,9.2253,-3.868,9.2241,3.0075,9.5307,4.4852,-3.8155,1.5491,-2.4646,-8.8507,0.4018,-3.747,0.8517,6.3083,-4.1408,6.1371,9.1722,-2.5642,-1.6791,-5.9883,1.3076,-8.2322,8.379,4.406,2.1984,-6.5158,-7.6855,-2.5991,5.8955,4.2721,5.0994,2.5903,8.4373,-6.1065,-9.7692,5.4176,-0.1306,-7.0684,8.9726,5.8355,-2.7602,7.0404,-3.8481,-4.8752,-1.8576,-1.631,-9.0897,-9.1232
9.1522,2.0962,2.3218,4.1596,4.351,2.4395,-6.6685,-2.6148,4.9773,-5.8672,-0.7552,-5.9608,1.8916,2.0593,4.8373,4.3749,-6.3392,1.222,-8.5594,-3.6125,2.183,-5.646,-3.2474,-7.5831,2.0617,9.698,1.1728,-9.3603,4.3389,7.7755,-8.7391,-0.3888,3.4434,2.3025,2.1696,-0.8253,8.4265,-5.7902,3.7668,0.1788,7.4733,-8.4879,-3.7647,8.9194,-6.5896,5.7498,-1.8523,8.7189,-5.1651,3.3912,2.2899,9.3245,3.4792,8.3609,-9.5919,-3.4822,-6.226,-0.0287,4.4534,9.8483,4.0038,4.5316,-8.9156,-9.2514,5.5485,2.5499,-2.142,-4.8543,-8.1351,-9.4295,-3.4868,6.7282,-3.1958,-0.4743,-7.7253,1.5371,2.0918,6.9235,-4.9743,7.378,-7.5741,6.4326,-3.4748,1.126,-1.6669,2.9457,-3.0598,-3.0976,4.3735,5.0994,3.2581,-0.8546,6.5726,-9.6356,1.8237,2.4564,-6.4488,-8.6125,-3.332,0.4848,-9.2013,-1.9641,-8.375,-2.0165,-6.1757,-4.5684,4.7805,-2.9419,-1.7029,8.8125,0.2756,5.7784,1.2324,7.5123,-4.0434,7.7235,-8.0985,9.436,0.4002,3.2455,-4.3364,7.1854,-6.9451,4.1185,5.5079,7.5978,-5.2177,1.5243,-7.2742,-6.4343,-0.9737,-1.1017,0.9705,-5.0896,1.1829,0.8682,8.4552,0.0597,-3.7796,-4.91,8.5007,4.2595,1.5212,-9.7305,-2.7366,-9.139,-1.4877,-5.3117,-6.6786,-2.2827,3.7147,2.9834,8.3001,-0.1016,-8.3584,1.9683,-5.7942,5.0194,-2.7048,-1.6987,6.3243,6.9219,-3.48,2.2006,8.0194,-9.8114,-7.8896,2.486,3.8193,3.3162,-0.7723,-0.2266,-8.8116,2.0689,-1.463,5.4289,7.1484,3.8689,3.2728,9.8831,-0.7504,6.7319,4.1352,-7.0032,1.2828,2.3189,-9.8122,2.211,-2.6703,-5.9485,-2.332,-2.1084,3.5416,2.4509,-4.9552,-9.4487,-6.056,-3.7866,-9.5957,-0.7883
9.0457,-7.3835,1.9895,6.6885,-7.3682,5.6309,-9.2736,-7.8797,-9.8799,-9.768,-6.7948,-9.2032,-7.1612,3.6792,-2.67,-0.9203,-0.4728,8.1252,7.5106,4.0583,-2.07,-7.6527,8.1581,-7.0621,9.3187,-8.7254,-5.0065,9.6487,7.1215,3.6377,-0.4876,3.7672,-8.1255,1.8084,-8.4667,-9.3551,-8.0323,-3.8319,4.7522,7.7504,3.942,-4.3385,-0.9428,6.2666,-4.4286,8.3344,-9.6105,-2.691,-7.5415,0.4907,0.4247,-0.8884,-7.4431,8.1788,6.6716,-0.2548,-0.6059,7.2104,5.0388,-6.7848,0.9602,-3.365,1.9327,9.5978,0.8944,3.8125,-7.6141,2.9051,-4.0483,1.3313,8.7061,5.4087,9.9219,-6.4615,0.3555,3.2187,-0.4082,-8.9425,-9.5568,-8.4278,5.1148,-0.9042,7.0764,3.0607,2.7107,6.7038,-0.7909,5.9326,-1.6891,3.1624,5.2967,4.7918,9.7259,-9.331,-1.9397,-0.0171,0.5441,-4.9537,6.5536,-8.9553,-0.1189,-9.9471,-5.0745,-3.3798,1.8508,-4.6443,-2.3404,-4.7237,-8.5087,3.9815,0.9399,-8.8706,-3.8724,-9.1543,8.371,-9.272,-4.286,-0.818,-8.5049,-3.5085,-2.3372,3.8763,-1.935,6.0489,7.9377,-4.6961,-4.4019,4.8694,-0.807,-5.4387,-7.1684,-5.4167,0.3131,-7.6799,8.8616,-0.8833,-6.1931,-8.1955,1.7991,-2.7042,-4.0203,-9.0797,-4.0666,-6.8473,8.4057,0.0987,5.7443,-3.3865,-5.1797,9.0517,-3.2257,3.0772,-4.8555,5.7947,-6.1775,9.3848,7.7088,0.7722,4.1577,-5.4357,-2.3502,8.2687,7.3131,-3.6276,-9.9923,-9.9126,-0.3987,6.3591,2.2077,-7.7174,-7.4202,8.2564,2.521,8.4971,5.8897,5.5212,0.1156,-1.792,-4.0875,-4.289,4.5429,4.7816,-8.1821,-5.4757,-6.1864,-1.5406,6.8398,-2.5905,6.0162,5.6833,-0.9274,-9.4828,-5.4672,0.0484,-2.5176,-8.4651,6.8825,4.4005,-6.8606,5.7711
7.7913,3.3243,-3.3392,-5.1038,-8.6212,1.733,-2.4609,-8.94,-1.1602,9.6003,0.428,-1.3939,0.2057,9.088,-1.353,-4.0209,7.6706,1.9515,7.7153,-2.3172,-3.6186,-0.7584,6.1801,-3.7779,-5.2921,-8.4625,9.246,8.1367,-1.412,5.5145,-3.6852,-4.3485,-5.3471,4.284,3.8226,6.1071,-7.3985,-0.4017,3.2051,0.4531,-1.2703,6.1589,-3.2333,9.238,1.2025,9.312,-2.1998,6.9024,-6.9308,6.6899,-9.6914,3.8232,8.1717,3.6208,-0.7894,9.4857,-3.3654,3.0821,-4.1797,-0.0916,5.3385,8.468,-2.432,7.7936,-9.8968,-9.8037,-8.4974,2.5945,-0.2992,-5.4881,-7.9202,0.0211,5.2021,2.5661,-6.9147,-5.3656,-9.7741,-4.1365,-1.9887,-9.844,-7.4035,9.8472,-4.1195,-2.058,4.2607,-0.8627,1.8789,9.5458,7.482,4.2447,7.3159,-6.3889,-8.6316,6.0194,4.2741,-0.4228,-2.4187,-4.876,-9.3696,4.7034,2.854,-6.3261,7.084,-7.3497,-7.5214,0.7557,2.5406,0.659,7.9954,7.0824,-3.9129,7.2302,-4.5075,-4.0058,5.402,-5.5588,-9.914,8.3844,3.5052,6.6636,1.1009,-7.4354,2.1998,-3.1953,4.5291,-4.0634,-8.4703,9.8433,7.3388,-9.9386,1.7631,-0.5785,-4.0053,2.0767,-9.1513,3.3923,6.7757,-4.2733,9.0317,-3.9289,3.1569,1.9945,7.3052,-3.6026,-6.6548,-0.2238,7.3785,2.6584,-8.8874,3.693,-0.0152,3.2402,0.6932,0.1692,-3.8383,3.3051,-7.7047,-8.3892,0.0058,-3.3004,6.9122,-6.7414,6.9517,-6.192,2.8535,9.1752,-6.222,-7.2345,-5.118,1.7503,-1.5793,7.3184,4.4334,8.4959,9.6768,-5.2913,8.5884,1.8373,-5.1523,3.2667,6.6318,-1.4961,-9.9649,5.4766,-2.9198,-6.4908,1.8417,4.2412,7.2607,4.3471,3.3501,1.9108,2.1221,0.1413,2.2672,-8.6153,-1.1102,6.3758,1.8389,0.3723
-5.4598,4.1009,-8.5499,-9.2567,8.989,-7.9838,3.7249,-8.0598,-0.8117,-3.3157,4.3055,5.1293,3.749,-2.7211,8.4149,-2.8392,-1.2359,0.9173,8.8936,2.4016,7.2348,5.9415,-2.7283,2.2115,9.6931,9.8645,-5.6556,6.7812,2.1693,-5.7327,3.9336,-6.2046,-9.9739,-2.6319,4.1665,-2.2925,2.1493,0.5809,3.2415,-0.4079,7.4925,2.065,-2.5465,-3.2608,6.1746,-3.3288,8.6843,8.9301,-0.1166,3.4472,-1.8248,4.4026,-8.3118,-3.6735,-9.5795,1.6715,9.4279,6.9742,-7.8607,-4.676,-6.0739,7.1322,4.0217,7.0891,-8.6102,3.1259,-2.7503,-5.4098,-0.5296,-7.3808,3.6909,5.2561,1.9884,-8.2053,2.536,8.3594,-2.8481,4.1972,-7.2355,2.5063,0.5345,5.1361,-4.9463,-7.3342,6.489,5.2928,8.0575,0.9573,-9.8613,-6.0633,-9.8621,-1.1945,9.2984,-3.7769,2.3085,-2.7698,-7.2121,0.586,-5.1858,2.8596,3.7958,-1.4042,-9.8103,-9.0471,-7.4153,0.4135,5.615,-7.7658,6.0902,-4.9933,-0.0317,-8.196,-6.0969,-9.9292,4.4138,6.4525,-2.4149,-7.8411,0.9651,2.2103,-9.3312,-9.5515,5.2748,-3.4727,-2.4297,-2.32,3.5878,1.8149,2.114,1.407,8.6007,6.0872,6.0615,-8.1171,-2.0747,-1.697,-7.4402,-4.8854,-3.5728,9.7841,-9.398,3.6717,1.3948,1.2573,-3.0025,-2.9566,-0.8823,8.2093,-7.1375,-3.1324,-6.9263,4.4666,1.0082,0.0896,-4.8263,1.6107,-1.5489,-3.2943,-2.5586,-1.0683,0.3549,1.4667,-4.1106,9.5586,9.0858,-0.3415,7.3241,-6.6688,-5.144,-9.8989,2.318,4.7089,-1.8201,-3.1935,7.8891,-3.9112,7.0558,-1.676,3.2985,7.2002,7.3021,6.1196,-2.7777,-3.6652,-3.1276,5.1744,-8.564,-7.4336,4.2307,-7.5329,5.5352,4.5649,-3.6616,8.117,-1.7155,0.0212,4.7918,2.4395,6.948,9.8428
-6.0781,-5.705,-2.9303,-3.7076,-4.403,-4.1724,6.7957,-5.7588,4.7247,-8.5367,7.733,2.1907,-0.324,-2.2162,4.0781,1.2684,-9.0761,-1.3533,-8.7631,6.254,-4.9576,-6.3238,-0.4793,-2.7418,-3.3748,-6.8374,0.8578,7.1117,5.3025,-4.94,1.3535,-9.154,6.4834,7.0873,-2.0781,-1.4786,-5.4365,-4.287,4.682,-0.136,2.9035,-8.7785,-8.6621,-8.2256,3.8985,-0.5496,-3.3117,-2.3348,-8.7872,-4.0199,5.3654,-6.1482,-5.7595,-9.4229,4.7588,-9.0195,-9.7696,2.1207,-4.8343,3.6933,6.7283,-2.6963,-8.1365,3.1983,-4.2136,-6.1262,-3.6052,6.9081,-2.7357,3.085,-1.759,-3.1856,9.2307,-8.3632,3.8546,5.4802,-7.4718,7.7318,-9.1388,7.2231,-0.429,-0.0204,-4.7382,6.7667,7.8804,5.7753,-3.9842,-8.3476,8.6602,4.2535,0.1625,3.7073,4.022,2.0782,-1.6094,9.5654,7.7022,-0.9913,1.3541,0.1651,6.6186,4.0517,1.7645,1.5691,-1.0696,5.788,-0.3461,4.4584,5.9012,-6.8252,4.7397,6.6384,-5.8482,9.2325,2.5881,-8.902,-6.0336,-8.5872,-6.4653,-6.3594,-3.3608,-0.8217,6.3171,5.9698,4.8317,1.814,-0.5853,-8.478,-6.2596,-4.717,-5.294,5.0859,-4.3541,-3.6567,9.1158,1.4356,-4.3419,6.4639,-4.4253,3.8832,-2.2266,-5.9368,7.296,7.3826,-1.6711,-0.1049,-1.1267,-7.8233,4.6727,-5.768,4.2554,-8.0078,-1.0376,-7.2128,5.531,-1.1527,-6.7797,-0.3966,-6.4877,-2.446,-4.6366,-0.7241,-9.7474,-4.6745,-0.863,-1.5573,-0.1323,3.0001,-2.1046,-1.7922,6.9641,-1.2847,-8.6706,-9.3229,-4.8849,3.2691,-9.164,-9.4209,1.9404,-1.9911,-0.8762,-3.1407,-5.4898,-9.2972,-2.4275,4.9185,-0.223,-9.9113,9.7438,5.5125,2.1845,8.2502,4.1962,-9.504,-0.0491,-5.4431,-4.9832,2.7146,5.2713,-9.6467
-4.0337,0.5647,8.0459,5.7645,9.5406,-9.3504,0.7878,-7.7816,6.2442,8.2406,-4.029,9.9645,-3.3014,1.8791,-4.4273,1.3555,0.8173,4.9635,-2.8018,9.1242,0.8837,-9.2236,-7.3988,5.0871,2.7024,6.8117,9.0417,4.4272,-6.4737,6.6105,6.723,8.1551,5.6961,-6.56,9.8571,-1.2102,-3.8107,-0.3619,6.8874,-3.4105,3.0399,8.0193,-8.0314,-5.48,-9.3001,-9.1646,7.173,-4.2867,9.8173,-7.5863,9.281,2.4921,8.6409,7.4213,1.5784,0.4638,7.3055,-6.8289,6.4684,-2.1071,7.1315,0.5947,-2.6701,-3.8983,4.1194,4.935,4.752,-0.828,-9.1722,2.7994,5.6483,-3.2648,0.9915,8.653,7.7058,-8.0904,-2.2029,0.5718,1.1567,-3.2601,7.7299,-9.6532,8.9009,-6.279,-3.8014,7.3132,-2.5698,3.178,-9.6438,-3.9703,-2.5935,8.9831,1.1401,8.597,-6.7368,8.7005,-2.0876,-1.4533,-6.7191,-5.4524,7.6235,-9.7335,0.0031,9.6177,-5.9262,-3.4309,1.9149,-0.6315,-3.0452,2.0413,9.6191,9.3233,4.8215,-1.1628,0.7068,1.3598,0.4355,6.5629,-8.5453,-2.6768,2.661,0.0258,-7.5222,6.4471,-8.1017,-8.8175,9.0571,-0.6458,-1.255,8.6901,3.1208,4.4455,-2.4468,3.6704,0.0518,1.5721,3.4679,-8.6747,-9.4604,5.4691,-2.6463,-6.8966,5.2814,9.6078,-6.3701,2.0973,-7.97,-6.0541,6.7363,-8.121,6.1908,0.0829,-8.1882,1.8539,-4.7439,5.7943,-9.1009,7.7657,-4.4397,3.3237,-5.1464,6.3861,3.0498,-7.6018,-3.7047,4.8873,-6.0754,-9.6952,-0.1044,3.9333,1.8985,-4.2875,-5.2477,1.7104,4.6326,-7.7691,3.6866,-6.3944,-2.8814,8.0818,-2.4278,-5.5885,0.1125,-1.7495,-7.0271,-1.0925,-6.6337,3.1771,-5.2742,-5.9825,-8.2231,-0.739,-9.775,-5.7597,-7.7546,5.457,-9.508,-7.2356,5.2573,3.1151
-6.9055,-9.6376,4.273,-0.7181,-3.6951,-6.7391,-2.0858,4.8823,1.1852,-7.6401,3.4376,-2.8134,-1.4322,6.9701,-5.1699,9.9481,9.0825,0.8007,7.4561,0.7601,1.7738,9.8527,-3.3552,-9.9006,8.1714,-6.5604,4.8524,7.3943,-5.3199,6.5529,-1.8515,2.6433,-6.4079,8.1662,-0.1944,-9.5865,2.8836,-5.1271,-2.5389,-5.1589,1.8648,0.3945,9.9352,9.6542,-6.1144,9.9949,-0.9432,-6.2614,1.1533,4.5452,1.8854,2.4838,-2.8547,2.2254,-2.5228,6.6299,6.125,8.7306,-1.4069,5.863,3.5849,9.861,-9.8266,0.8559,-8.1098,-7.9951,-4.0013,-1.238,-9.4999,-7.0036,-9.2749,1.9928,3.9613,-4.0227,7.0294,9.5542,-0.7144,-9.4407,7.7328,1.5124,-7.0372,-3.1465,4.2524,3.6491,-9.8294,-7.6647,2.2646,-8.5554,4.488,7.7947,8.0449,-4.9894,-3.8017,-0.959,6.0132,-4.2776,-5.6685,9.2499,-2.5614,2.1842,-8.3578,-4.965,7.3552,-2.6199,-8.3642,0.7147,-8.8365,4.4868,-1.794,1.2436,-7.0539,-0.6713,6.5498,-0.0506,1.8583,-7.0135,-4.7856,3.9309,-9.6521,9.7397,-4.2838,4.0538,-3.3695,-7.1626,-8.152,6.5537,8.3186,4.9212,1.273,9.5779,6.771,1.7391,-0.4064,2.9809,-9.8013,2.6285,6.7859,-8.2341,3.9641,-5.2396,-7.4252,-2.3361,-0.3346,-4.8843,3.1918,-1.8954,6.7614,-5.4877,8.5055,-0.9379,-5.6922,-0.4289,-6.2017,0.6475,4.4248,-7.0746,8.3954,-4.5383,-6.5256,8.674,2.7487,-4.106,-6.6253,-8.469,0.6924,-2.4108,2.7672,0.6941,-0.8622,-1.9796,0.535,-5.4065,-0.3729,8.6278,2.8789,-5.3891,-4.0877,9.9179,-6.8077,0.7959,2.7422,-3.2505,9.9902,-4.8256,5.0106,-3.3279,-7.6317,-3.6782,6.2062,8.0876,-8.4869,-7.3783,-9.6616,2.1042,3.0747,2.8356,6.2156,9.0929,-8.4238,-3.6382
-1.7442,-9.899,-9.3855,-7.8855,-2.6731,-3.1914,5.6259,0.1195,-4.6373,0.9787,0.7736,-6.049,-5.2267,-9.4324,0.1092,5.5489,5.1561,-5.8775,7.9317,7.3271,5.1899,4.0464,5.071,6.754,-0.3676,-1.0905,1.4119,1.4045,0.7031,-8.6143,-8.7451,-9.8019,8.6509,7.0527,9.6969,8.8132,0.4249,-3.338,2.9521,5.9865,-6.4315,0.3523,-3.9696,-8.8975,3.8274,0.2697,-6.7717,1.1664,9.2149,-0.7397,4.2291,9.3068,-9.7407,-7.4759,7.1025,6.7247,-8.2971,1.838,7.6478,-3.7323,-4.5843,6.2379,-6.2414,-0.5646,-6.5246,-1.8536,-8.9969,-0.1368,-3.0947,9.4944,7.0031,9.4935,8.3738,-0.4496,6.4135,-2.814,7.7338,4.9803,2.9196,0.4611,0.461,-0.2842,-4.9994,-2.1892,-5.4176,-5.7417,-4.2332,-6.9379,-9.652,-0.3583,2.0664,-9.6578,-6.408,4.8496,1.651,0.821,-4.581,7.7854,-1.7558,-6.3027,4.6368,3.6004,-7.2593,-2.4287,-3.9317,-5.5847,4.0201,-2.231,-9.4447,-1.1614,-3.5254,3.1485,-3.6328,9.2779,-0.8185,2.4741,4.3685,-1.5067,-1.0204,-6.9959,2.321,-4.0245,-6.1984,7.8475,6.1373,8.3284,-0.4793,-5.7061,-6.9658,9.7654,6.0677,2.8598,-2.0661,-3.9585,-1.8218,-7.638,-2.1446,-2.0406,-7.5722,9.9791,0.5697,-3.5073,-0.1105,3.9828,-8.9489,-4.1075,8.4317,3.5992,9.7166,5.2344,8.798,-4.7097,-0.598,-1.6757,4.9511,7.8847,-3.3551,6.6873,8.9357,7.8304,-6.1117,1.497,8.4296,3.4266,-2.5505,1.6765,8.6764,-0.0701,-8.2795,-3.8721,-1.532,-4.1478,-1.33,2.3249,8.004,5.6218,-4.645,-8.6672,-9.0264,-3.4452,7.7185,-9.0363,-1.35,-6.2008,0.667,4.7511,-7.617,8.3213,-0.8152,-1.9551,-7.9225,6.509,2.463,-7.8053,6.7398,-2.5968,2.4273,-3.9702,9.193,-0.2081
5.3105,7.2875,0.412,-9.419,8.5499,-7.5641,7.6468,7.2721,5.3026,-0.7244,-2.4444,-8.4969,4.6843,-3.5717,-8.0531,8.7747,2.1957,-4.0528,-7.5544,5.5176,1.3019,-1.2141,3.1524,3.0058,7.2808,-9.5608,7.6117,9.872,5.8982,5.4877,7.5339,-4.1285,5.6945,-6.2143,9.7462,-2.9528,-4.7854,-7.2673,-2.3764,1.4581,-0.1055,4.1823,-6.4896,-0.1931,-7.7775,3.0722,1.8353,-2.6837,4.8786,5.1043,-3.9775,-0.2976,-2.6025,-2.5264,3.4179,-2.3416,1.3607,-4.1426,-7.2786,-2.5918,4.4591,4.6172,5.2292,-4.9855,2.182,-2.7657,9.7734,-2.6339,4.229,5.0032,9.9855,-3.2866,6.067,0.6134,0.3412,4.7147,1.5059,-8.0508,3.0382,-7.0425,4.9034,-8.8463,3.763,-5.6723,-2.2517,5.6299,8.0526,-7.1759,3.2158,-8.0107,0.1877,9.569,-8.5132,5.0205,2.1377,-1.9556,9.6472,4.7642,5.096,-0.5389,-4.3288,7.8511,-9.1709,9.7219,3.3848,3.3556,4.0205,2.9304,-8.6782,1.4189,0.976,1.6203,7.7364,8.2893,8.8134,-6.016,2.9328,4.5627,-2.5681,-8.0942,0.7424,6.421,-8.5022,4.6869,-2.963,-9.5452,4.5414,-8.9016,-1.9922,-5.6379,-6.1927,0.1809,8.6255,0.1465,4.6477,6.0641,-1.143,9.9873,2.464,9.7038,4.2292,6.8212,-3.5867,5.0546,-8.0192,2.6354,7.3248,-2.0872,-6.4302,-6.3343,-7.4478,5.6508,3.3696,-8.4898,-5.5963,-0.1668,2.0844,0.9221,-6.3938,9.4579,-7.7847,-1.7051,-5.8271,-9.9275,0.0969,6.5044,-4.0896,-8.1548,0.6286,-9.8291,5.2166,-3.5987,-3.5358,4.4544,4.4517,0.847,-8.7608,6.1374,-5.861,-1.5834,3.5725,2.8651,-7.0418,-1.9861,7.1131,-7.3935,-5.0165,-5.0927,1.9439,1.5937,5.2476,0.6652,4.3274,-8.7761,-2.5513,6.2665,9.7958,0.9249,9.0792,-0.6958
7.0303,-3.7021,-9.6857,-8.7888,7.8469,-5.8254,-6.8961,-1.3044,-8.3404,7.2963,-8.2933,-9.6076,-6.5021,-3.5953,5.6904,-4.8053,2.4583,-4.4517,0.1126,6.4415,2.2283,9.8391,2.6566,-8.0272,2.2392,1.4418,-9.5045,8.4325,2.1947,-5.6783,5.2406,-7.0303,-3.1775,4.5125,-6.0434,-4.511,-3.3053,3.475,-6.7231,9.6709,-3.0972,2.9878,-4.236,5.6398,-9.9722,-7.1923,6.9952,6.9469,-0.6597,1.5416,-9.8576,8.0077,1.2332,4.9027,-1.5331,6.8024,2.5001,7.4655,-8.4112,4.2524,-0.6834,-0.6254,-5.6783,-3.9995,3.3346,-4.0378,-5.6051,-0.8194,7.0811,9.9287,3.1792,-3.1637,-8.5989,6.1458,-3.0917,-7.7461,2.6622,1.5456,-2.5104,-5.3945,6.0915,9.0876,3.4433,-0.5458,0.6843,-3.7241,7.1147,1.78,-1.0241,7.6287,2.8379,-2.3753,0.0245,4.4021,0.6862,4.9726,-0.5969,-7.999,-5.5842,-7.8353,-2.3073,-1.274,5.2067,9.6314,-2.5013,-9.7773,-7.0954,-1.3634,8.664,-3.3776,7.5922,1.1726,-1.4705,4.4139,0.2961,-2.7701,6.4916,1.4845,-8.3744,2.0426,1.0368,6.4096,-4.8949,-5.2948,-3.6513,5.3005,2.1251,5.7691,-2.8497,-4.289,-3.9434,7.1424,-7.4564,3.1988,-3.664,1.6633,7.4356,-0.7207,-2.1144,-8.4257,6.144,8.6197,-6.3787,5.3723,8.4854,2.0328,0.6632,-2.782,-2.5157,-9.5609,-5.6298,0.8845,-2.1464,-6.337,2.5282,-5.7648,-5.6321,-7.7908,5.3058,-6.2878,0.9645,-8.8941,-7.1813,-2.7852,-0.6657,-8.4142,-7.0098,5.0463,1.434,3.4886,1.7523,8.075,-0.8155,9.9273,-7.9839,7.8405,-6.4825,-3.0854,2.9254,3.541,5.4164,3.4225,6.2252,1.1283,8.2757,-8.9565,-8.8627,-9.1231,5.118,0.0278,-6.1391,8.4231,7.8319,-4.8258,2.7361,-2.6315,2.2375,-1.6467,-0.5927,-2.035
2.7853,6.4912,9.1814,2.9643,9.7308,6.1593,-1.2541,-8.2608,0.9548,-7.2392,-4.5652,4.5933,-2.7749,-2.2406,-8.0951,3.8566,3.77,-7.1787,-4.5087,5.8092,6.4276,-1.6322,5.698,1.0794,2.3018,-9.7657,8.8332,0.8192,-0.4681,1.0902,1.406,-5.0767,-3.288,4.0217,-3.6218,-1.3386,8.3341,-9.8096,-4.9991,0.8235,-5.4135,-1.8746,-3.6537,3.0199,7.9279,8.4965,-2.1708,2.7547,2.9763,-8.5807,-2.2667,7.685,-7.199,-4.7293,8.195,-9.0794,3.6054,7.3499,-1.7865,9.8932,-5.7915,-6.4825,3.4946,1.8657,3.6802,4.9205,4.3449,8.244,1.1169,5.9644,1.2273,1.0248,-4.693,4.2695,-7.6607,0.1975,9.4112,2.9655,8.1485,-0.6587,6.5898,9.8218,7.6635,8.0006,8.8755,4.4021,4.5256,0.3674,-3.2981,-0.4947,4.5487,-1.4937,-2.9956,4.1404,5.7642,-2.4991,4.1591,2.7568,7.9343,-8.9824,1.5345,-5.2637,1.4596,5.0444,-1.2222,-0.4891,-3.2171,6.5422,-3.5618,1.653,6.5553,1.996,0.3729,2.6794,-7.2225,-8.4284,-4.8182,1.7569,-6.0277,-1.7964,9.985,1.8484,1.3112,7.8316,-9.3975,-4.9294,1.1844,5.5539,3.8755,-7.2592,7.7386,-2.805,-0.767,3.6983,-0.3447,-6.6486,-0.1168,-3.8474,-0.4296,-7.9049,-6.4546,-0.6141,9.5284,-2.8092,-4.0366,-7.1519,1.1096,-1.1763,6.9476,7.8256,9.1385,-4.9722,1.2002,1.9421,-9.7396,-3.9176,-6.0154,2.5927,9.6794,-6.4238,4.3741,-6.8045,-8.5457,2.6462,9.6172,-2.947,-9.7963,-2.4909,-6.4562,6.7641,5.3315,8.0462,3.6465,1.2445,6.7444,-7.6676,-7.856,-3.8321,-8.1974,8.3582,-3.4378,6.5953,7.9727,-0.8631,8.7238,-5.5656,-4.9797,-5.2468,3.7555,3.5144,-7.6725,-2.5676,0.9235,-4.1173,2.3087,-7.921,-5.0973,-9.3043,-0.1348,-4.9952
7.1459,-3.3205,0.2896,-0.3846,7.8401,9.8978,0.9787,8.4289,-8.347,7.6417,0.8432,-2.5596,-1.6007,-0.1339,8.7105,-8.2493,3.3502,-6.7814,-4.063,-4.9835,4.2445,0.0964,-9.6428,3.2173,-6.7574,-4.767,9.9951,1.0574,-6.5589,-2.2855,3.8344,-0.0169,-8.5971,3.9227,-5.4006,-9.0494,7.6438,-3.0247,-7.6088,-6.9915,-9.209,-2.0652,1.3919,5.8198,-8.6687,7.1492,-1.3841,0.7204,-1.694,4.7131,7.5778,2.9505,-9.2655,-3.5307,8.9846,5.1845,-1.8256,4.4611,3.275,2.9918,-8.1921,9.195,8.6805,9.6563,3.6214,4.944,6.9385,-6.0412,-5.8941,4.4963,2.7873,4.9856,-9.9236,0.2437,0.1931,2.463,7.8629,9.4607,9.3371,-2.7398,-5.8607,2.0011,0.7074,-7.5205,6.965,-8.5578,2.3678,4.3359,1.7663,-6.7745,-7.862,9.3752,3.4857,-5.758,5.9023,1.4321,-6.5733,3.9,8.4009,1.961,-5.5581,4.8954,-0.7831,1.6748,9.1363,-4.3556,-4.5299,5.0224,-8.4366,-8.9395,0.8537,4.8811,2.2031,0.3864,3.6003,-2.7377,3.165,0.9354,-0.6698,-5.354,-4.8602,4.6395,7.5175,-8.1742,6.1932,-8.542,-5.9657,9.0402,9.3116,-1.7732,8.55,-5.0092,-3.9285,1.3952,-1.1266,-7.7205,-6.6082,-4.591,-9.2872,-0.7369,-8.7571,5.6067,-9.1697,3.9909,5.4874,2.6523,2.438,-3.8449,2.7247,-1.8622,-9.8748,7.4089,-5.5756,9.4891,-0.126,-9.4684,6.8715,6.277,-1.8297,-7.074,-8.6454,8.6604,-5.9532,-0.8654,3.2142,-0.4563,5.7608,3.0323,-8.5731,5.7498,-9.8325,6.5817,-4.839,6.7059,-1.0481,7.5031,-0.5983,1.8464,-5.372,6.8386,2.3525,3.868,-8.1046,-0.069,3.2817,4.8226,-0.4198,4.0579,-0.1559,-6.1245,5.6685,2.097,-1.5103,-7.3442,-0.1066,9.4214,-9.1058,-0.0127,4.8369,8.1221
-8.4985,2.5435,-2.5946,-3.9157,4.3868,-6.8283,-3.6334,4.5999,3.442,-9.4857,-1.9994,-2.229,2.9583,1.3384,5.2065,-3.4446,7.6764,9.2756,3.419,-8.9798,-6.3556,-6.6726,1.356,4.3713,-6.7357,-3.3544,1.9432,1.7355,-1.0726,2.3026,6.4224,-5.0655,-1.3406,5.5924,6.8123,-0.38,-5.2032,4.0873,-3.9683,-2.2595,0.4542,4.5181,8.0992,5.5714,3.8743,9.4672,-1.5303,-5.2243,7.7302,-3.167,-1.3522,-2.3384,-6.6056,-6.7248,-1.1492,7.3469,3.4367,-2.3718,-3.6139,3.6855,-3.8678,9.7898,-2.7181,5.9421,4.677,-9.383,-1.128,6.354,1.4373,-5.6746,4.7818,3.7877,-0.3393,1.2943,0.1429,2.4589,4.8277,-9.239,0.3951,5.7808,4.5295,7.5496,8.5825,1.4586,-1.1156,-8.5905,3.22,-3.9733,3.0635,2.9945,-4.6989,4.7631,2.6865,-0.4269,6.3783,5.3361,7.7028,-0.7099,-6.8299,4.6151,-1.2428,-0.2826,-1.071,4.7833,9.9527,-7.7331,-1.6311,-4.6922,7.9918,0.8015,1.7217,-1.5444,1.9818,-9.5108,-3.4351,-4.3742,3.3006,-5.1306,9.1433,5.3886,-1.801,7.1868,0.6641,0.193,4.0486,5.5056,2.319,-0.7999,7.1391,4.626,-9.1829,-5.5403,9.5476,9.3123,3.1511,-4.2334,7.1995,9.3633,-7.2459,3.1796,0.765,8.4933,2.193,2.5853,4.0822,-4.9699,9.438,-2.0958,6.4525,-8.0633,4.5443,3.102,-2.6372,-0.5792,0.9001,1.9981,-3.2479,-2.3523,-8.8333,-0.3225,-7.6296,8.9677,-8.5671,2.2174,-2.6414,-5.2597,-2.7601,3.0086,-5.7868,-5.2328,4.6105,-1.3862,-3.5071,-3.4869,8.402,-3.2957,9.1926,-0.5296,6.3565,5.5406,-9.4906,-0.2786,8.0422,6.5494,-7.6324,-0.3581,3.6339,-0.3536,-7.0004,3.6829,4.5794,9.9637,2.1872,2.8075,8.6791,-8.6063,-3.4105,5.4149,-0.5183,8.4185
5.1164,3.7086,0.1713,-6.6314,6.5594,-3.533,-5.5007,1.5987,-9.3676,3.7668,-4.5015,2.0258,2.3033,-6.9225,-4.131,1.9119,8.741,4.1332,-9.3292,-3.2653,2.1347,-1.1128,2.4937,8.7341,-3.4841,-5.3038,2.342,-8.949,4.2985,9.6776,-0.8505,-0.0571,-1.0573,3.4811,7.7162,6.3623,-7.5716,-0.7696,-6.5144,6.9503,-1.166,-4.2873,-2.5621,-5.8786,9.5697,4.9641,5.8226,8.1977,4.5691,-1.9685,8.3719,-8.2804,-0.7349,-0.7611,3.2787,4.8135,6.2958,-9.1481,8.8705,0.485,-5.5742,-1.065,1.9662,-1.9984,9.1142,1.8807,5.8397,0.5207,-1.4158,4.2139,7.068,-9.2702,6.5192,-9.6729,-1.025,9.8339,-7.7491,-0.0165,-9.3743,1.3334,8.2721,-7.4152,5.2653,-7.8975,8.5652,6.5432,-0.3894,-5.1559,-3.7501,-7.6753,-3.6967,-9.9271,8.5904,-1.6521,-3.8077,-8.986,2.1067,4.5078,2.8677,-2.8034,-2.4493,-7.5303,-6.5096,5.0447,3.0464,-3.3904,-3.1655,4.7111,2.3077,-1.2962,-1.8669,9.6298,4.6197,5.8514,3.2277,-4.1167,-2.6173,-8.7439,0.6447,-7.3576,-3.7837,8.0761,8.7471,-7.9684,9.0007,8.8299,5.4493,-9.093,7.0,0.7279,7.503,2.2586,-9.435,-3.5423,-7.4045,-4.7432,1.6341,5.7445,-2.8328,-4.0464,-4.7646,-3.1043,-6.555,5.2636,4.5402,5.7288,6.0934,-2.8064,5.2381,-9.3455,-1.7956,3.347,-4.9019,0.2477,8.9556,8.3571,6.2979,7.0626,8.217,3.2913,3.0921,-9.2955,-2.3077,-7.6579,-1.0441,5.9223,-6.1891,8.8144,-5.4584,4.1826,7.6575,7.7092,-0.3207,2.7278,0.1675,-9.1476,-1.9638,7.5953,-7.0215,-4.1952,5.949,8.3586,-9.2059,-0.2891,-4.9131,-2.958,-1.3165,4.2464,-7.5401,4.7005,3.4531,4.945,9.5137,9.0297,7.3869,9.8829,-0.6374,-3.1493,6.7961,7.4646
-2.8601,-3.9223,5.6067,-8.7521,-6.7025,1.1389,4.4758,-5.0483,-2.6283,-3.1665,9.5661,-6.2534,-4.3462,-2.1116,8.9755,7.9822,-1.482,-7.7184,-5.9869,3.7958,1.79,-7.7979,1.6582,-1.2435,7.0591,2.6998,9.6255,0.0729,-8.1955,-4.9741,-2.3262,-8.5553,-9.0203,3.8412,-7.4743,-4.9628,9.5087,6.3822,5.9117,-5.4091,8.5849,4.5862,-4.3805,8.632,3.29,9.8623,-0.0686,-4.7204,8.7489,-2.7467,-6.1822,6.421,-1.8039,3.2131,-5.7055,7.0688,1.3258,-7.6089,-5.9384,4.8015,3.626,1.6829,3.4536,5.2763,9.7689,-8.0205,-7.4793,2.6922,6.939,4.9328,-7.6501,7.7895,-5.4119,0.1771,2.7489,1.6807,5.2587,3.2412,-4.6187,-6.761,-6.0938,0.3411,-2.3071,7.5166,-3.7486,-4.6196,-6.0329,-5.6885,2.9005,-5.713,-9.8968,0.2299,2.986,5.0931,5.0052,-8.3989,-6.1846,-5.4424,-8.9586,1.3219,-4.1555,5.0586,-7.5322,2.1171,-3.9905,-3.5002,5.6565,5.6359,1.9932,-0.8782,-4.5959,-0.3506,-2.8318,-8.7773,2.628,-4.6239,2.3982,-0.7493,-4.0168,-9.9265,-6.8042,-3.048,-8.9377,-7.4148,-0.3497,8.1811,-6.4356,-0.6938,-3.535,4.6824,-7.6734,-8.4189,-0.2496,7.4225,-9.6182,-2.7204,-9.3135,-3.3724,-3.196,9.3458,0.8526,-5.9887,-3.9001,-7.2947,-1.2477,8.6023,5.8727,2.6497,7.977,-1.2588,-2.8747,-7.8614,-2.7616,-4.3621,-0.8053,-7.4996,-1.7807,4.827,-9.5615,-0.3056,7.7072,-4.4465,-4.6027,-7.2925,-4.602,-7.5395,4.2464,-9.1823,-1.9896,6.9903,-7.0528,-0.1425,0.9785,0.7609,-1.3092,4.7191,-7.5892,1.0795,-6.1785,-2.9047,3.71,-3.7665,-5.3673,-9.1501,-8.3282,-0.0707,4.7039,3.7618,5.4793,-9.3438,-3.0147,7.8065,-5.7032,-0.3228,-6.6593,-8.4295,2.6789,7.7917,-8.4713,-7.884
6.8899,-7.3954,0.4195,-3.777,-4.7456,8.7325,-4.115,-2.2648,3.8279,-3.5432,-8.8884,6.1132,-5.4704,6.6789,7.475,-3.5678,0.3148,-0.6487,-4.9998,2.1987,-1.8072,5.444,-0.0708,-4.6703,0.4983,-5.5272,7.1332,9.2486,-5.702,-9.8603,-0.6142,-3.5087,7.4902,-8.3779,-5.5686,-6.5621,8.6153,5.8573,-1.5155,2.0065,9.645,5.4289,8.6593,-9.6056,-3.7957,7.1013,0.5569,5.0455,-3.3522,1.2118,1.9733,-8.0371,-7.9595,-1.8405,4.6096,-8.0017,-5.2734,3.2526,-1.5727,2.4399,2.4255,-4.0709,-4.8996,7.3034,3.1416,5.6059,1.8216,0.3748,-6.8354,-5.8707,-6.8224,1.4806,-5.0214,-6.5307,-0.7519,-0.0834,7.6231,-6.1303,0.1714,-9.4812,-3.4062,5.2514,-1.4734,-2.7803,-3.429,3.8075,-5.6724,4.0742,0.887,7.8971,1.5568,1.9286,9.8481,-6.3957,9.5685,-3.3141,-7.4066,-7.3513,-1.6692,-4.5526,-5.2061,-3.0865,-9.4387,-8.5746,4.4744,9.2751,-6.1599,-9.6278,5.9582,4.8021,-4.3628,-8.4421,3.0765,-4.2879,-6.6089,8.9412,-4.1248,5.8888,7.4845,1.2274,1.5642,2.7662,-2.8168,-0.9657,-7.644,-7.002,-0.2826,4.6967,0.938,-5.3204,-3.9283,6.4357,-0.9315,2.3365,-8.2209,-8.2542,5.0521,8.1092,-4.3643,1.8166,7.6702,2.1485,-5.4655,-4.397,7.842,1.5371,-7.9861,-9.0941,4.2093,-4.9803,-6.0227,0.4151,2.9171,1.0529,-3.3464,-1.908,6.161,-6.6897,-2.042,-6.5019,-0.1696,3.9701,1.5651,-5.3216,-9.8418,0.4295,7.1104,-0.158,-6.0841,-8.1492,-7.7038,-3.2014,1.0611,8.8996,9.6391,1.6695,-0.098,0.9337,0.9759,9.405,7.3125,-4.9615,0.5244,-7.4571,0.3619,5.7633,7.7644,-3.446,3.2902,-7.0248,7.3066,1.5272,1.0669,-1.1619,-4.6594,4.2007,-7.1947,-7.5717,-9.019,0.7417
-7.0748,-4.1941,4.8158,-5.5114,8.6536,0.2216,0.4706,6.2535,6.8556,-6.0237,-8.8323,6.8025,3.6526,9.8681,-9.0509,4.0728,1.5472,-7.3994,-5.1477,-0.8633,6.9908,-3.4265,-5.0611,-7.35,9.4426,-9.8071,2.6053,-4.6848,5.9294,-3.0703,4.6527,-8.3066,-2.8157,-3.8525,-3.0321,-6.4521,-9.532,-4.3921,0.4987,6.2326,9.9381,-8.3116,-0.4745,8.3177,5.6406,-2.1848,6.9722,-1.7102,5.592,0.316,-2.5062,-6.287,-2.7095,-5.0208,0.8609,-6.8045,1.9558,4.889,4.1665,-3.8878,6.0953,7.1226,2.4851,-6.1291,-7.4962,-9.888,1.1999,-2.3057,-3.0413,1.6259,3.1461,4.3997,-1.8075,2.3146,9.0416,-9.6773,7.5892,-3.649,-4.6366,-5.3524,3.6589,-7.2918,3.7193,-1.5732,-3.3572,-0.8274,-3.2923,9.7028,2.9175,-4.34,-0.3225,8.0168,2.5768,4.2855,7.1181,-4.4559,-6.4421,0.374,7.983,-7.1454,8.457,7.4769,-6.8888,-0.2,8.7031,-4.9451,-7.0075,-5.0839,-7.7441,-6.6423,2.9638,-3.1371,-9.4766,9.6846,-2.6207,-5.1164,-9.0734,-7.8624,6.5401,8.0521,-0.5026,-1.6179,-1.0692,2.5032,-3.9875,5.147,-5.7048,4.0026,5.1976,-5.6802,-9.6354,-9.952,-1.1987,-3.741,4.1277,2.3236,2.1089,3.726,-5.2335,1.709,-1.8189,-2.3747,5.7181,5.9331,-8.6968,-6.4172,0.6169,-3.2932,-6.4895,1.4888,3.9388,-6.794,-2.5678,-7.7967,2.7348,7.8979,-8.6372,5.9893,9.7122,7.8314,1.8755,0.83,-6.9441,-0.9859,-9.9571,-2.2341,6.2172,-4.1585,-2.0152,-8.5579,-8.7688,4.3938,0.2469,-1.4396,3.6844,0.2554,-3.6971,-4.1065,8.0472,8.045,-5.8974,8.9319,6.5924,-9.3949,3.6886,7.185,2.3346,2.0805,7.493,-3.6822,4.2094,1.9451,-7.9998,5.1386,4.9641,-6.5263,2.43,-3.1107,-3.8386,5.8013
1.549,9.5771,-8.0339,-0.1965,6.3169,-0.1592,6.1183,-6.8943,-6.1642,-0.128,0.0837,4.1807,-5.0424,9.4064,-5.7146,-4.4763,-3.079,7.1022,-9.3227,6.8111,6.7207,-3.7979,-6.1971,9.9882,-1.226,3.5965,3.6016,9.4891,5.6529,-4.7242,1.7653,1.5233,-9.4942,-3.5009,7.278,9.1425,-2.5672,3.3999,0.3724,3.2028,-8.5362,-8.4729,0.9907,-8.8423,0.567,-6.9025,5.9662,-6.2898,-5.6879,-7.8077,-7.4972,-9.9804,-7.575,7.6473,0.9522,5.6543,-7.3955,2.6973,-9.6444,6.146,-4.3845,5.6336,-5.5221,3.3268,0.7746,1.4108,-9.6151,8.0078,-5.8365,1.9682,5.2546,-2.684,3.4429,-7.4905,-2.4768,-4.8904,6.0759,6.1219,5.3706,0.8075,-8.427,-6.4386,7.3522,6.2838,-5.2282,7.4994,2.6277,7.9694,-8.4506,-8.7371,7.1626,2.451,5.8026,6.8498,-1.6838,6.0845,7.3495,-9.037,8.6709,0.5775,0.3452,-0.213,2.5665,-1.1451,-4.9962,1.5116,-2.7905,-7.5604,-1.309,2.2206,7.6344,3.7861,2.1887,3.5754,7.361,-6.6631,0.618,-4.0171,3.4671,-5.9331,-7.5717,-6.9396,-4.5846,0.309,4.842,3.1001,-3.6685,0.6157,4.083,-4.1084,0.976,-2.2698,-6.1032,-0.3164,7.776,2.1727,8.6482,2.0447,0.4973,0.8797,0.029,8.4532,9.2072,-8.4296,-6.5074,2.8783,-8.5812,-1.5888,7.6013,3.878,2.3544,4.5788,8.4121,-8.8564,-3.7025,-2.4621,-4.9878,0.1499,2.0745,2.4672,-1.076,4.9149,6.5995,-5.3349,-9.584,-0.7958,-1.2651,7.2778,-6.5171,-3.367,-8.5105,3.2938,8.6862,-7.8649,-9.9233,-7.4628,4.8704,5.576,-3.6605,7.7357,-4.2935,-8.0211,-5.2937,-4.9687,5.5446,-0.691,-7.225,-4.1009,-5.8472,-9.4034,2.8753,5.5158,-6.2355,5.7138,-4.0252,8.9042,9.5633,-8.2287,-7.2596,5.3936
6.7524,1.8301,1.9994,8.1858,6.0455,5.5746,7.463,5.0817,4.8316,-8.3811,4.145,6.8599,0.8364,-0.9281,4.0837,-1.3789,-4.1257,-2.2891,5.3015,8.6643,-3.6952,-5.4739,-3.784,-9.4213,0.4149,6.1786,7.9654,9.3317,-9.3353,3.9143,-6.9664,2.8071,5.2385,0.1697,-2.4507,7.55,5.7586,4.7854,5.4301,6.1395,0.8979,4.3876,0.9491,-2.0413,9.5941,9.569,7.3428,4.9883,0.3171,8.6013,5.1224,-9.0883,4.6908,-8.1677,5.042,1.2617,9.8139,-7.0297,-5.8494,-2.6122,9.3755,1.5542,-0.606,9.2008,-0.6038,3.9619,-2.5041,9.4766,-9.0254,0.667,5.9341,-8.5405,-8.7454,-2.3721,-0.6154,9.913,1.4191,-9.6691,6.397,8.3467,-0.7927,4.9632,-8.0349,2.8115,5.1806,3.5926,4.4178,-1.4698,8.2304,-5.2265,5.8393,9.5948,2.1031,7.3834,0.803,9.7801,-5.087,4.8148,-4.6856,6.5817,-3.69,-4.0652,-5.9656,-9.8966,-3.9779,-4.7051,-5.0215,-8.2709,-4.7495,3.8464,-7.5195,5.4227,5.9211,9.2602,-4.3498,-3.0581,8.0825,6.012,3.1897,-0.5114,-0.6019,4.6431,9.8648,-5.6039,-0.2639,-0.6308,6.9014,-5.3608,7.3607,-6.9492,-1.0868,-8.977,-1.6438,7.6758,-3.6784,0.3604,3.0464,7.5221,4.6164,3.5661,-4.3721,9.4023,5.2162,1.3599,1.3062,-7.1218,-3.0361,7.458,-9.9145,-7.7839,5.8864,-3.9398,1.4223,-3.3284,3.5891,-5.3219,6.4543,-8.1199,3.3017,2.1669,-2.3366,-6.1914,3.8343,3.8854,-3.9799,4.2138,-4.8671,-8.3769,1.3099,-1.6378,5.6769,-6.2765,-0.1256,9.1297,-7.9181,0.097,-8.5408,-9.6895,4.3869,-1.8779,-3.6605,-8.1594,-9.162,7.8875,-5.1913,-3.1864,-1.9069,-9.0775,5.1258,-1.2592,5.9771,-5.5475,6.794,-4.6808,1.382,-1.3496,-2.0733,-1.8578,-9.9442,-3.6905
7.1765,-0.1028,-9.998,-7.891,-7.6045,-3.8583,-8.4907,-5.5264,6.2287,3.075,-3.28,3.0779,1.5817,-6.0135,4.9558,-2.8823,-0.6138,-9.1037,0.0507,3.7209,-5.5367,-5.4103,-0.348,9.9404,-5.7517,8.8035,5.5741,3.3443,3.8125,-0.1776,7.484,-9.0425,0.4499,-9.8146,-2.0075,-9.0036,-7.6666,2.9916,6.8217,-7.1754,0.1583,-5.5955,7.1202,7.7451,-3.3929,1.6121,-2.6309,2.0012,-9.1094,-3.9532,3.0971,4.2979,9.2794,-8.1089,5.5156,5.2495,6.5206,2.2202,5.0193,7.657,-0.0819,9.7998,-2.5609,-2.4723,7.9177,-8.4688,-2.2077,-4.979,-8.9087,6.6598,4.4889,-1.4703,7.4366,-8.1517,6.3738,-1.3685,-5.7653,7.0248,8.5626,-3.2069,-2.08,-7.0434,-5.8781,9.5303,2.573,6.8459,2.0322,-7.4703,-8.5742,3.6212,-5.5364,-1.3843,-9.6882,9.6807,-9.1742,1.5029,-4.8057,3.5666,7.479,-0.4484,0.3857,8.9875,3.3981,-6.6278,-1.1285,-4.4344,-5.1951,5.7073,-3.7546,-1.383,-9.329,1.5677,-0.0589,-3.1621,-9.6659,-4.8083,-9.0508,-2.5621,-6.7717,-5.217,2.9568,0.0989,-5.8971,-2.6482,2.1785,-2.2699,4.2893,1.7473,-2.1757,-1.9448,-7.3105,-6.448,5.5362,0.3283,-4.2007,4.9637,-8.9769,-4.4167,-7.0219,0.9502,-6.544,-7.1666,-6.4313,-5.7976,-5.9091,3.1107,6.0374,4.0026,9.2085,4.0172,9.6767,-2.0776,6.1072,-8.4522,-0.0087,-1.4344,-4.5094,-8.0677,-7.708,-3.203,2.6579,7.6234,8.4385,3.9196,-9.0906,-8.0275,-4.185,4.3514,-7.7396,9.4823,-0.7223,-5.7184,3.5876,-1.5952,6.9466,7.0706,-4.2292,0.0871,-3.2457,4.4554,-3.5041,-6.2137,-1.6517,2.2214,9.8724,0.256,3.0252,-3.5556,4.69,-5.4785,8.3818,2.8351,2.48,4.9151,-9.7951,-5.6801,6.4778,9.0055,-0.4737,-5.2494
-7.0933,4.0045,7.8922,7.1202,-0.5117,1.0369,-8.4578,9.5344,-6.0508,5.2469,-2.6222,8.1841,-4.0893,-8.4633,2.7721,0.0645,5.4741,-1.5465,-4.098,8.7683,7.4733,-3.7791,-7.815,-1.9937,-4.5626,-2.575,7.8297,-4.5095,-6.7603,-4.7256,-4.0091,7.3406,4.1095,-2.442,4.4203,1.4028,8.9579,-9.0903,1.488,-1.8957,9.6439,-0.717,-6.6346,6.2137,-7.2059,6.899,4.8915,3.8903,-3.913,-9.3498,-0.0474,6.072,6.8277,-3.6837,3.1049,2.0308,6.8397,0.1269,8.041,6.9719,-0.6441,-9.5184,-6.4294,-5.5184,-1.1521,2.3353,9.067,2.146,3.9475,5.94,9.7697,3.28,-9.4978,-2.2567,8.7078,-1.441,0.9762,4.6273,7.4861,-1.7572,-5.9227,-9.7885,-1.2792,-0.5468,-4.6393,4.2698,1.8615,-3.7735,4.103,3.2586,-3.1609,8.1445,8.7118,-6.0572,3.7719,3.5673,-1.7413,-4.7476,-6.8631,-1.152,8.9847,-9.217,8.9964,-2.034,-4.4694,9.2595,-9.3132,-7.977,-8.6659,-6.3819,2.7721,8.7108,-8.8122,-9.6328,9.1056,9.6284,-9.7544,2.3294,-8.6049,4.0396,0.5819,-4.5025,-1.9766,-4.7177,9.2694,5.466,-0.7668,9.3472,2.2129,-8.9948,0.1165,-1.2666,-2.6851,-3.9574,-2.145,7.0856,-9.1454,-7.184,-9.8922,0.8085,-9.1607,-4.8547,1.2813,-3.353,-7.7008,5.6003,3.3073,2.0292,-6.8232,5.731,-7.852,-7.1753,-8.1283,-5.3247,7.8835,-6.6297,1.5939,-4.7602,5.3622,-3.5791,-9.3506,-3.9976,-1.2946,-9.2684,1.9306,-0.4633,-7.2956,-4.4377,-1.7454,6.9737,-2.7331,6.9528,8.5417,5.5457,9.7519,3.8908,7.08,9.9306,-4.0775,1.6087,-6.5056,9.1658,-3.2361,5.3887,7.0355,5.3236,-8.0063,-6.4768,-0.5093,-5.741,8.2102,-9.6932,-0.7575,0.7762,1.3811,-0.6501,-7.109,8.1535,-4.0976,-2.158
-1.5277,8.1959,-9.3186,-3.7706,5.6276,-6.6933,0.5527,9.9387,0.9372,9.7997,-9.633,-8.113,-9.094,-3.0103,3.2449,-9.9603,-4.2761,-2.3453,-2.2692,9.73,-2.003,-5.9953,-3.6028,5.1592,-6.7484,8.1295,-1.0793,-5.5944,-8.4628,-0.9035,9.267,-1.2757,6.2552,-3.4625,0.3288,-8.2707,6.7577,-3.0295,2.7881,-0.4856,4.3988,-7.188,5.0501,-8.2454,-6.3374,2.2374,-3.9922,-6.1446,5.8341,-4.0886,5.266,7.8397,-1.9135,6.4088,4.7461,-1.504,2.2348,-9.6753,5.6352,-5.4192,-1.4362,-3.2668,8.4018,-2.5301,-0.3435,-1.4099,5.09,-8.0848,-7.4667,-1.661,-2.3423,3.3277,6.3386,-9.3383,-5.022,-1.7618,3.3768,5.35,-9.9863,-5.7549,3.7699,9.7231,-7.7834,9.2043,9.9903,-6.9935,2.0135,-1.2877,5.4162,-4.0156,4.4371,-8.3458,5.5526,4.9579,1.8457,-5.5284,6.7207,-7.8161,0.2996,-9.5268,-3.5301,7.2813,-1.892,-1.8224,-1.5021,0.0801,-3.0983,9.9719,2.0755,-1.3409,2.6405,-3.1829,-2.1295,3.8243,-8.3602,-5.5013,-6.7213,6.6722,-1.1044,-9.7733,-3.5991,-3.0019,3.9825,-9.1897,-7.9765,-0.3042,-0.3347,-5.5989,8.8751,5.1262,-2.5347,9.3919,3.283,9.0124,-4.9934,-2.0838,8.3468,4.474,2.0076,0.0853,3.0348,-5.1127,-0.1136,8.1772,-4.4465,-5.0805,5.5418,5.7113,3.4169,1.2147,-1.7497,-1.4946,4.9286,1.04,-5.7199,-7.6249,0.8333,-0.9322,-8.0158,0.1904,7.2668,8.1586,0.8222,6.9904,-0.4389,6.902,-9.0143,4.8626,9.1544,0.7909,9.3217,8.7451,-9.3093,-2.7355,-7.0496,-0.6787,2.5132,-7.9352,-5.3291,2.8388,9.1038,-1.6308,3.7758,-5.6227,2.7656,9.1685,-0.1548,0.7745,-7.1496,0.2006,0.7701,-2.5415,0.6757,-6.9956,5.1703,1.6026,-7.2165,6.8062,5.4506,5.2872
-7.9071,8.8849,2.9092,3.609,5.5881,-6.1244,5.6511,8.1478,3.6051,-4.0959,5.3493,-2.2704,-7.558,9.9353,-2.9295,7.9992,6.2091,-6.7578,0.7527,-8.5085,1.1208,-0.2735,-0.581,-2.9914,-1.0754,1.3453,7.3434,-8.8195,9.6984,-5.2559,8.8653,2.1777,-4.3619,7.7824,-1.8454,4.9898,-6.0234,-5.5505,-3.5842,8.4313,-6.6603,2.4365,0.8032,-0.9731,-7.6661,-7.4865,2.128,-2.3724,-0.2713,-2.9416,-5.9206,-5.7271,-1.3507,2.4512,-1.7658,4.7912,-9.5093,-9.0956,0.1827,0.2539,2.393,1.3046,-8.8078,1.48,5.2338,9.6569,0.6904,5.0162,-1.1853,-7.1056,-1.0471,-8.5169,8.3632,-0.4828,-2.3405,-2.6881,-6.0847,0.0406,-0.0553,6.5954,5.6163,-0.1732,8.1449,7.0823,-3.7761,-6.0785,5.8184,-9.3124,9.0271,-9.5384,9.7416,1.35,-9.6845,-7.8394,-4.8725,-2.8044,4.1535,-3.6187,-4.1871,-7.2884,-2.5206,4.0111,-4.9294,-4.1459,4.9763,-9.3539,4.4516,-1.2145,5.5419,5.1599,-1.9486,-7.396,9.3276,7.8159,1.893,-6.6697,3.2245,4.1777,-5.4207,3.1652,6.4928,-5.7588,-1.9755,-1.0249,-9.2083,-5.9848,3.7442,5.1682,-8.251,-5.4844,0.6485,4.6239,5.3094,-7.7359,-4.945,6.7381,-6.2816,9.4488,-4.4798,-0.9787,-3.8756,9.7652,-3.0252,-0.7932,6.3606,-7.7942,-4.7247,9.2526,6.52,-9.6163,-1.4102,-9.3367,-7.9265,-3.1773,-0.9591,5.776,7.1041,-7.7416,-5.468,3.1261,5.4076,4.6937,1.1757,1.854,-8.1527,-1.5291,-5.9073,7.9603,3.5706,2.2411,-2.6476,9.9119,-3.9744,3.6658,-3.5105,1.9591,-5.8342,-1.0851,4.9431,-6.7128,-4.9834,1.3995,-9.6407,-2.612,6.1508,-9.8136,-3.3891,-0.0157,3.006,3.5686,6.3763,-9.2273,9.593,6.9243,0.2132,-4.7092,-8.2269,8.0833,-6.5207,4.015
5.9742,5.4317,-7.7466,3.2673,-3.5729,-1.9409,1.6492,-3.5296,-3.6832,9.9707,-9.7071,-9.698,7.2841,3.6576,-3.1703,5.2342,3.5252,8.7897,-9.195,8.3012,-2.8054,-3.9311,-9.8477,-4.6513,-0.6805,8.8332,7.4756,-0.7776,-8.7866,-6.7745,9.3348,9.3515,-9.3537,9.7066,-7.1483,3.5099,9.9599,-1.022,-5.7554,4.4444,1.5855,1.8719,1.8428,2.7753,-8.6808,-2.0241,0.3154,3.9081,-0.5961,-9.0485,-8.012,1.1712,5.4744,2.4759,-7.6219,4.3672,-0.601,-6.477,8.9719,2.7367,0.3085,6.6005,8.8528,-5.416,-1.9377,-6.2477,-4.777,-3.9825,4.405,7.1732,-6.7258,3.6001,0.9553,-4.342,1.1398,-3.0753,-5.2469,0.2073,7.8795,-6.5138,0.9352,0.9947,-6.891,8.8558,-7.5143,-8.1993,3.8036,-2.7387,-3.0355,-1.4752,-2.8185,-0.7707,2.5009,-2.8703,0.6435,1.2115,-2.9557,-6.3619,-2.0285,-0.2043,-5.5357,7.0765,9.661,-5.9946,-8.1181,-2.8823,7.8494,-0.2655,-1.2362,0.2815,-7.239,5.1408,-0.139,7.4173,-0.0028,-7.0912,6.6755,-4.304,4.6511,7.2777,-6.8745,8.8334,-4.7019,-8.8644,3.9685,-2.3292,7.3301,-0.5968,9.8144,-7.1275,5.9706,-0.442,1.1286,-3.6945,-1.0611,-8.5117,-4.3687,-7.0629,-9.1114,6.291,-4.1453,-6.8399,-6.9886,1.964,4.1672,-5.7631,-6.6586,3.8516,8.4858,4.0077,-9.975,3.6572,-4.1411,6.6495,-1.845,4.3084,-9.9812,-3.3862,-2.6129,-3.4014,2.1521,7.6169,7.2675,-6.8906,-7.4665,-6.6941,-0.9297,9.7075,-8.8789,-7.1948,-5.1744,-1.2757,-4.9411,-2.479,2.5479,1.4819,-7.841,-5.9987,9.3065,5.9492,5.3895,2.3061,6.7339,4.8179,-2.112,-3.2477,-9.6125,-6.5984,-6.2041,-1.6937,-7.4365,1.5497,9.8377,3.0572,-0.2674,6.3948,3.6339,6.925,-5.8122,8.9424
-0.8953,-9.3424,4.7922,-3.6676,4.6646,5.8721,2.018,9.8079,9.3017,-0.9965,-3.1237,3.0133,7.1601,8.6895,-9.2335,8.1537,6.223,8.7224,-3.5025,-9.6058,1.623,7.5756,-3.6694,-6.8196,4.91,-5.6765,-4.82,-3.561,-8.2032,2.3898,2.1814,-0.3947,8.585,4.7301,-6.6966,-4.1167,-7.9149,1.2462,6.078,-6.2179,7.3464,-4.0898,1.3203,-9.7407,-7.8878,2.6343,1.0685,2.9674,-9.2781,3.2703,-9.6167,8.6611,-3.0984,-8.5174,-5.4263,-3.1847,-6.7731,-0.1162,-7.6168,-7.9053,9.489,3.2151,9.8401,2.2394,8.9062,-2.5345,4.5067,4.6511,4.0189,6.176,-3.4005,1.4957,1.058,9.8032,5.5624,0.0542,5.1072,-2.722,9.6028,-5.8528,9.2685,-4.0628,0.2605,0.4309,-0.9073,6.0442,-0.8448,-6.7775,-3.6315,5.8525,7.3853,-8.9364,7.578,8.2294,0.1083,2.9392,6.798,-5.3154,5.3788,-9.2841,9.0896,5.2964,-6.0643,1.8891,-0.9864,7.025,-6.5782,-3.2271,1.7041,-6.6357,7.1065,-1.2458,7.5301,9.6802,9.929,3.2833,-1.9759,8.5364,-7.5363,6.2645,2.7102,-7.2812,3.7977,-9.4747,6.1185,1.2234,3.9501,-2.9031,-8.8784,-1.0076,-9.2088,-9.7446,3.7435,-2.7382,-4.8404,2.1792,-6.7194,-9.119,9.7094,-5.3284,-0.5084,4.5238,9.3786,8.3615,5.1618,7.1868,-5.3511,-3.4089,0.0907,-9.48,4.4976,-8.3118,-8.0288,4.402,2.3271,0.4088,-0.321,2.0023,-1.5131,-5.6765,9.8804,-7.9035,0.5671,0.566,2.7076,-0.9197,-6.737,4.9766,5.2108,6.7705,-3.0749,-5.8945,-3.5381,-8.2029,-9.7572,-7.1622,-1.594,-7.184,-8.4866,-6.1223,3.7182,-6.4405,5.2283,5.0842,6.4736,2.3465,-7.6615,-0.6701,8.6636,-4.6502,3.9921,-2.85,-3.7903,5.586,-8.4755,-1.8589,-0.1088,-6.9226,7.7561,-1.9339
-8.4458,4.4004,-8.2408,-9.8696,5.7126,3.4926,-5.0815,-7.3902,1.3501,7.6606,2.9665,-5.9551,-8.5148,-6.0848,5.6785,7.142,6.9653,-7.5967,6.8786,-9.4698,-9.8517,-9.1313,6.8163,3.7321,7.5518,-4.6742,6.4865,2.3996,7.2515,8.3554,2.3775,2.1508,7.8997,8.3771,1.0037,-7.59,3.7903,7.5191,6.8686,-6.7574,2.4832,-6.3351,-6.3509,-5.0585,9.5507,-7.4906,-2.1374,-2.6536,3.5452,5.5872,8.9984,0.7567,-0.0527,7.1396,9.6273,0.0578,-7.7033,6.272,8.7121,-0.5408,-7.7745,5.6554,0.985,8.951,-7.3198,-3.2663,-2.5969,-6.7469,9.074,-4.6969,4.0635,-6.8801,6.2887,-2.6893,-6.8083,7.662,8.8688,-0.4852,3.9452,5.8473,7.9551,4.246,1.4626,4.1958,2.7922,-0.2495,0.7824,-5.5478,8.0391,-9.7521,-5.2919,7.2457,8.6008,6.5673,-6.0682,-9.4613,-3.822,9.529,5.6505,-2.5786,-6.014,-0.2781,2.8119,-3.4681,-8.2868,1.6995,0.222,-7.9534,0.1559,-1.8429,3.337,-5.3512,1.2717,4.9929,-6.8593,-6.9526,6.717,9.4466,-2.5817,9.5289,8.2501,8.9091,6.7504,7.8437,-6.0194,9.8763,-9.0424,-6.9306,-3.4568,-0.9096,5.8565,-8.0175,1.0298,1.0543,3.2577,5.9428,9.8475,-1.921,4.1299,7.0413,-6.4973,-5.3708,-4.1246,5.9,6.9713,0.9445,9.1307,9.5904,6.985,0.6312,-8.2053,-7.4496,9.1446,-0.2286,-4.6014,-0.7482,-1.6557,6.1842,-1.8486,-3.9663,-4.5543,4.0849,-9.5576,-8.7488,4.7747,8.9035,-5.4237,-3.6475,-0.5547,-0.0355,0.5578,-0.1837,-1.2528,5.2951,8.952,-4.1637,-7.2433,9.3153,-2.1995,-5.3466,9.1529,-5.6789,2.2261,2.1986,6.2477,-5.2997,0.3203,5.8174,2.2379,6.6011,1.6742,-6.9358,9.098,0.4393,1.2972,8.7142,-5.0844,-0.9905,-8.5332,-9.268
8.3304,1.789,-1.6231,-6.0614,4.1709,-8.982,-1.7789,-4.3575,-4.6009,-3.3764,9.4585,5.3335,5.6625,-3.7245,-8.3944,-1.6916,-2.416,-9.4264,-1.1946,-6.6054,-1.7337,3.8276,-3.9502,1.4982,8.899,-0.0599,5.7004,3.2322,9.0583,7.2943,1.5551,-7.3615,6.6553,-0.6181,8.6686,6.0018,-6.3266,-3.5781,-4.6576,-1.1253,-0.2155,-0.5227,2.5416,-1.3361,9.0993,8.2642,-5.9922,8.6734,2.5673,5.889,-6.9782,5.7507,5.5537,2.1207,8.775,-8.7473,1.9151,6.2724,1.2527,-6.6839,1.1141,-3.7968,3.8082,0.4824,3.3816,3.1638,4.8809,-8.9438,1.1018,6.4104,7.8716,-9.255,9.5612,-5.4715,1.5032,2.0747,6.0519,-1.0915,-3.1596,2.6456,-2.7876,-5.8614,8.2617,-2.2368,7.4876,8.228,-8.159,-3.8537,-9.8818,2.6781,0.8738,7.606,-2.6619,-1.8673,0.5373,-0.5502,-3.5992,-9.6874,-6.8499,5.9335,-1.7614,9.6217,4.54,-2.3729,-2.8281,3.0207,-8.4673,-3.3434,5.408,-6.8265,-8.6937,-5.7643,7.3136,-8.8919,-6.4329,-0.437,0.2267,-3.4773,1.7607,-2.7155,0.2433,-1.1295,-3.5465,8.2955,-5.3838,3.479,3.3425,-0.5574,-6.1985,5.6315,-4.1221,5.085,-3.2774,8.5021,-3.5438,5.1596,-3.5558,-2.8312,8.2219,8.5017,2.7411,-0.2316,8.4631,-0.0612,0.837,4.1434,-1.771,-2.178,6.4213,-4.6174,3.4019,-6.3678,8.6307,-3.9229,8.9706,-5.3549,-4.6041,-7.1421,7.6938,-2.9385,-2.2193,-7.0777,6.3116,9.718,-8.6463,7.7459,9.7273,-6.2659,1.8665,9.2754,3.6313,-1.5993,-4.6193,0.7653,-9.1316,6.1434,3.5534,-6.42,-2.1894,-6.271,8.1097,-2.7416,3.5435,-6.896,-8.4851,1.8662,-4.7014,-3.3456,1.8232,5.0483,-5.675,3.1723,-0.8545,3.8239,2.8899,6.6991,5.4023,0.146,-9.8639,9.4792
-1.5091,1.9194,1.8668,5.1398,-2.2964,8.4324,-2.6911,1.1864,2.1049,6.5237,-0.3244,-1.0474,5.0715,3.1308,6.6517,-1.5245,-8.5039,7.0227,1.3945,9.2405,8.4186,0.5795,5.9341,0.1214,8.9422,-4.2645,-3.8324,-1.5158,7.7268,0.2249,1.3455,4.9751,4.2304,9.8421,0.2109,5.183,-8.0325,-6.0446,5.2798,-9.6957,-0.0983,-4.6556,5.247,1.2847,7.9594,9.3774,-2.1491,1.4558,-3.8676,8.2666,-1.7974,-2.2839,3.8413,-5.0226,-1.58,8.849,4.9244,-5.8801,-1.3478,4.2367,2.0378,0.9562,-8.7573,-7.5248,-7.6165,1.2096,-8.7758,-6.9706,8.8969,-3.1531,-7.5818,-7.9364,1.5156,-7.3309,-4.2497,-5.7058,1.8515,8.0431,-5.1857,7.9342,-7.7362,-8.0641,-0.2085,-5.6832,-0.7364,-4.985,6.0893,1.7529,-6.5088,-5.3826,2.7135,3.3292,-0.4401,-6.0135,1.1474,-9.2973,9.0194,0.1565,-1.7955,8.5771,-6.8601,-9.358,-3.4662,2.6538,-3.0664,-7.9127,-1.7347,0.087,2.7123,6.8526,5.1488,9.6546,-4.6566,5.1048,-4.4764,-5.1436,-3.9135,-7.6419,3.3974,-6.0753,-2.5447,9.6661,-7.0794,-3.4016,9.8332,-9.5818,-7.5107,-9.6317,-6.6984,9.2466,1.1886,3.8553,-5.3412,6.2558,-1.5837,-8.4239,-5.074,-9.7612,-1.4191,4.5338,0.1512,6.1138,2.3754,-8.4092,-1.866,1.8238,7.7358,9.2732,7.8917,-5.4009,5.5944,-7.5729,1.5941,-6.3173,-6.7301,-3.5169,6.6723,-1.0726,-1.4918,-4.3036,4.451,7.1786,-0.2897,1.5963,7.6784,-3.7597,4.3618,3.6919,-2.7144,0.8021,9.8703,-2.9605,5.9468,-4.6587,6.9178,8.7345,-6.5891,4.5513,6.0424,-9.1,7.4065,9.6748,-4.2433,-8.0199,1.8986,8.4613,9.8943,9.2998,9.6118,6.9535,-9.6954,-0.2117,3.6388,4.8086,-0.2757,5.5312,6.1335,-8.2579,9.617,5.2362
8.4256,-0.0122,1.1297,-2.0412,4.286,-8.8165,8.2779,-8.218,6.9454,-3.9392,3.8903,4.0695,2.7645,-1.6837,0.0109,1.8227,8.0031,1.4624,8.8754,-0.3183,-4.6484,-1.8478,9.589,3.3965,1.0605,-9.3718,-1.3608,6.5898,-9.1571,2.8981,-1.4024,-9.8264,1.9209,-6.9978,-6.4097,8.3396,2.7228,8.2683,0.9025,-2.571,7.6113,-2.0403,-1.1387,9.5391,6.3831,-5.6977,2.493,-7.8543,4.5574,3.2305,-3.9014,0.3773,1.1205,-9.2224,6.6225,9.2546,0.1824,-1.8238,2.692,5.7255,9.2756,2.1206,1.5831,5.3789,6.0666,9.2028,9.8543,4.3532,-4.5842,5.0746,2.7531,-8.1487,-3.0451,-9.6925,3.0512,-5.8735,1.7445,-9.5907,4.4878,4.8522,-4.6074,7.7476,-6.9245,5.8333,-2.0419,0.9451,5.0618,-4.6204,-2.1535,-1.541,4.8022,-2.8756,6.4968,-4.055,-9.621,7.1643,1.2096,7.3545,0.0614,-4.7004,3.7652,4.8636,0.5935,-1.3194,2.8366,-6.6805,-3.5756,-5.2531,6.5566,3.404,8.5006,2.9209,-0.4975,7.9278,1.6236,-6.4006,3.5051,-6.4365,0.8974,-4.1824,8.3791,3.9941,7.3793,8.1714,-4.0584,-4.6739,6.7936,2.9244,7.2542,3.6213,-9.6923,-2.3297,7.9354,5.519,3.5814,-3.7979,-5.7399,4.7572,8.7562,4.5182,2.7874,-6.8618,4.2119,-5.985,-0.2857,-4.2623,-1.2398,2.5329,8.5096,3.1397,-8.4073,-8.7485,9.0851,3.1629,-1.9181,4.2238,2.3068,-3.9833,-3.0824,-4.1354,-0.8495,-8.3915,3.1503,5.4051,-3.4012,-6.9886,7.3929,-5.1956,3.9506,2.1872,-9.3178,-5.5683,-7.4657,7.0372,0.9619,3.9716,5.2491,8.8829,-8.9221,9.5319,4.2933,5.9594,4.9827,-3.3096,0.9685,6.2331,2.4157,-8.7886,8.4466,4.6091,0.7113,-3.6856,0.5024,-7.0811,7.4962,-1.3789,-3.0618,2.2279,-7.5824,-2.4542
3.3284,-0.3048,-7.9981,-8.9865,-0.3265,7.5879,2.8708,0.8248,-2.3342,-2.927,9.8419,-9.8551,-1.5983,6.8261,-7.8862,-0.8883,-0.1518,-7.3434,-3.4042,4.6489,-9.5076,-7.3332,2.5207,-3.1916,-1.5953,-4.3417,-7.6456,-6.2576,8.5809,-2.545,6.0204,-4.7871,2.9977,-5.4761,-7.8459,-6.2954,-2.2335,3.6132,0.9919,3.4596,-7.3028,4.4929,-8.8812,-7.8461,4.2715,1.6484,1.7657,6.335,6.0564,-4.6282,-4.1294,6.0665,-7.8599,6.7819,3.4231,-0.7855,-5.5597,-3.8899,9.1871,-7.181,3.2512,-7.0592,5.5324,6.7724,1.8541,4.6069,-9.0873,-8.4183,8.2636,-7.2176,-2.6933,-3.7841,-4.8581,-4.1909,2.246,6.4084,0.2362,-7.9952,9.0309,-4.9284,-0.326,0.3529,-7.5146,-0.5619,-7.1114,-9.6776,1.993,8.1073,-1.0541,8.1544,2.9969,-9.799,1.4949,4.6928,0.889,9.9508,1.428,-3.2078,-8.4303,5.292,-6.9651,-7.1942,-6.6131,9.0002,-8.4349,0.4271,3.6921,5.1795,0.1162,6.8858,1.5715,-3.3513,0.1046,0.3519,-3.6715,4.0946,-2.3909,8.8318,3.8142,-1.8826,-6.8069,5.1959,9.7611,0.9226,8.8289,-8.8919,-9.3397,3.4024,9.4212,-6.3147,-7.8939,9.6353,4.7681,-6.5406,1.3427,-8.4156,-6.9525,-0.4989,3.8457,0.3091,-1.3347,-4.8037,4.9501,-0.5901,-3.5492,-6.7286,9.0103,-4.9298,-4.242,-8.2067,-1.3261,9.6827,-7.7195,1.5715,-3.9088,4.686,8.5866,-7.527,-7.3102,2.7617,-2.7869,2.111,7.511,0.4646,3.7697,4.8713,7.3642,1.7687,5.809,6.6457,5.8348,-5.7973,5.4009,3.9433,1.5817,-4.6575,0.304,4.375,-5.8817,7.749,-7.1525,-1.1497,-3.4417,5.1954,5.6933,1.0776,-4.2839,7.7392,0.9173,-7.5871,2.6822,0.5716,-0.5261,-9.9876,8.9727,8.5461,-7.9302,-9.1823,-3.327,-5.7581
5.3808,9.0526,4.6168,-0.2972,2.1593,-4.2514,-0.7965,6.2109,1.124,-4.1296,-8.4836,-6.4637,9.914,-3.495,2.7454,5.8728,-3.7964,-9.5259,-1.7643,4.0182,-7.1042,6.9783,-4.4963,-8.9194,-1.5502,6.6323,3.7311,-5.174,8.0157,-7.0561,1.6054,-6.8073,5.9623,0.1508,3.0585,5.3474,-7.134,-4.4881,9.0433,6.6785,6.9546,-3.3229,-4.4659,-7.38,5.4729,-9.5393,2.4249,-4.2054,9.7124,-0.2257,-0.8016,-7.4422,8.2558,-0.6262,-2.7465,7.6155,1.1408,7.5971,4.6889,-8.5943,2.5394,5.1503,6.4801,2.4721,6.5534,-3.5542,-7.6047,7.6234,-4.4887,6.3245,1.68,0.4435,-1.3207,-8.5053,-7.7656,8.3387,-1.1241,7.9433,2.6504,-2.2259,6.9435,-7.0156,-7.8325,1.8999,0.3344,-5.156,0.5445,2.1675,-3.999,5.574,-8.147,8.0871,9.2986,-2.5097,-4.8192,9.9325,2.4219,4.7209,8.0148,9.7376,0.7532,-4.5343,0.1629,6.7195,-6.0757,-6.0514,1.1239,-5.4376,-9.8015,-2.8135,-3.204,7.8154,5.5154,6.7902,-8.1039,9.4559,-6.0309,8.5982,-2.6756,-1.9761,4.7807,-7.4206,7.2074,-9.2932,-3.3349,1.185,4.5312,-1.0977,5.9047,4.7006,5.5066,-9.641,-7.3832,8.3705,-5.6254,9.3213,4.5932,2.6851,0.8283,-3.3794,7.0008,-4.4557,-2.4517,0.865,-3.6473,-0.9255,-0.5707,7.7592,-1.5535,-7.7384,-0.3116,-5.2243,0.9729,3.0804,9.4406,-3.352,-0.7238,-5.6284,-7.3134,9.9576,-4.5751,8.1285,-7.3848,5.6313,0.0046,8.796,6.3049,9.0086,-5.5586,5.5927,0.6352,5.0409,1.3434,7.7925,-0.8975,-1.3771,-9.6846,-0.2958,2.5202,0.3466,-3.4266,0.4295,-0.6831,-0.8959,-5.3597,-3.1763,9.6333,-3.9413,0.9789,4.9833,-3.623,5.6069,7.4674,-4.6546,7.1279,4.5311,-8.6956,-9.4847,2.8185,2.7695
1.9519,-7.2079,-2.1836,-2.5301,-2.2828,1.3138,-6.6821,-9.9239,8.3595,7.5221,-8.9253,-9.6395,4.0424,-7.8299,-3.3985,4.6391,1.339,-1.2529,-6.094,-9.1079,-5.335,-3.552,-8.4023,6.037,-3.885,-7.9798,-1.4823,-7.9592,-6.1634,-6.9963,-0.0989,3.9602,-9.7849,1.9541,-0.1383,-6.3414,9.9178,-9.3205,9.0997,-3.9946,6.3521,3.1231,6.9392,-8.112,-8.5429,-6.3811,1.9049,8.4872,0.5865,-5.1505,0.7473,-9.9743,3.0811,-1.6719,-6.5425,4.8266,6.9284,6.5775,2.3345,8.2438,9.2382,-9.4521,-1.803,-4.9845,-3.114,3.5201,0.0605,1.9158,9.4617,2.7989,-9.8034,-9.7775,8.123,-8.0631,9.9229,5.1789,-9.0558,1.7178,6.1596,0.0084,-0.933,6.3662,0.8527,-8.9838,9.2074,-7.7011,2.802,-9.5952,0.5719,8.3952,2.2942,3.6389,0.9761,-5.691,-5.1713,-1.09,7.4339,-9.6017,-5.0877,-9.5016,-0.4234,-2.1598,-7.3741,-1.0952,-2.5381,9.3029,7.7368,-9.5469,-7.5837,1.1184,8.2292,6.7848,4.4822,-4.967,-3.6021,1.4102,-3.6064,-5.0575,-3.2312,5.42,3.4326,2.133,-6.7636,-1.826,-1.0632,1.9375,-3.9983,8.0963,-9.9972,-5.252,6.2322,8.1395,-1.0362,5.7708,-6.3109,-9.0498,-7.3272,-8.6429,5.2898,-5.3455,2.2083,-0.5521,-9.0689,-9.3543,-9.0137,-3.7051,0.1699,-9.249,0.5972,0.0059,-5.101,8.0062,2.6505,-2.001,-5.249,7.6246,6.6753,0.1466,9.2742,-1.1118,2.1845,4.1237,8.5911,2.0115,2.4661,-2.5949,5.9942,0.8515,5.2296,-6.1978,3.9718,9.8136,2.9867,-2.6105,8.8037,0.9281,-8.952,-9.9507,-0.3947,-4.7532,-5.1982,6.3694,1.4609,3.6994,2.9158,9.5128,2.6484,8.2821,1.5039,-7.6257,7.0042,0.6117,-8.7885,8.6554,3.2739,-4.5022,5.0576,-3.8839,-7.9477,-0.6467
6.8197,-3.4041,-3.3138,2.6731,-1.1113,-7.3056,1.6627,9.4987,1.9465,-2.4489,9.1538,-1.3126,5.9668,8.0662,6.0549,-2.0138,-5.3915,6.4763,-1.0593,8.8113,3.5444,-8.8106,2.8872,-9.3941,6.653,5.5726,-2.7795,-0.1126,9.8309,-5.2503,3.8284,8.2468,-9.3515,0.918,-7.3244,1.6254,-1.8684,2.2089,-1.1986,-9.843,8.2868,-4.8365,-7.0188,-9.2915,-7.7496,9.1051,-8.0344,0.4935,9.7045,6.2774,4.4016,-1.301,2.6304,-6.3435,3.3564,0.5495,3.2964,6.7301,-0.0784,-1.8436,-8.2712,-8.7805,0.6015,5.9026,3.8724,7.5771,1.6123,-9.945,0.6941,6.4367,3.3819,9.0378,-5.1807,-1.9161,-7.802,-7.1768,-7.321,7.7133,7.6081,0.3464,1.0038,3.5994,5.722,-8.5917,4.527,-0.8909,-3.0043,-6.9957,5.5078,7.2583,0.6856,-1.8381,5.7304,3.5504,2.201,-6.3971,4.1287,7.0601,8.448,-3.683,-9.4461,1.5949,-7.4954,-6.0666,9.0601,-5.8087,-8.3582,6.9732,-3.2261,4.5806,5.5899,2.6213,-2.3804,-7.774,6.1208,3.942,-5.2217,-1.6048,-9.3118,-3.6902,7.5321,9.8952,1.0047,9.2225,-0.0704,-7.7649,3.3315,-1.5044,0.6585,-1.0797,-0.0735,8.9924,-3.9716,9.6933,6.171,-4.4739,-9.6554,7.659,1.6931,-1.5675,-4.2087,1.5511,-2.8174,3.3556,-2.8412,0.234,1.4869,-9.6631,8.9549,-0.8047,8.3299,3.1394,-2.0987,-7.9902,3.1014,-0.9675,-7.3404,-2.1334,4.6289,-2.8837,4.0792,-8.725,4.8642,1.2489,0.5726,2.6483,5.3478,-2.3576,7.7965,9.9016,-8.8379,-7.9832,1.6379,-2.84,-2.1819,-0.7299,0.5749,0.2844,-3.8775,4.9723,-7.3241,6.3763,-0.5113,5.0867,7.6701,-2.4677,4.1997,-4.5163,9.5048,3.0102,1.448,-1.1319,8.9135,5.588,-3.455,-9.0038,-0.8318,9.1665,3.8204,1.9858
-6.9544,9.0263,0.6059,-7.6902,-6.647,-2.3212,3.7697,1.0805,-7.8921,-1.2887,-4.0772,-9.5508,-4.3158,-1.6164,-2.3635,-2.3872,2.4443,-4.7022,1.2,6.2675,-4.1101,3.8359,1.5537,6.9757,5.492,-8.6674,9.2414,2.1078,-7.5142,2.3791,7.4754,-8.9949,4.0502,8.2608,-1.7044,-1.9019,-3.4434,-1.164,-3.2864,2.611,1.5036,7.5142,-5.2171,7.2276,1.9823,4.1197,-0.9172,7.3541,4.075,9.8118,1.8711,-3.9725,-4.8296,-9.7118,5.088,-0.896,-4.9906,-6.8951,-6.8797,-6.7722,2.1882,-6.1121,9.5289,7.727,5.2398,1.8944,5.3206,1.093,-0.988,-1.5051,1.428,7.3231,-2.7491,-8.1616,-1.4208,-5.2103,-0.4829,-3.9386,1.8416,9.5193,-4.4022,0.6145,-6.8917,-6.3448,0.9661,-3.9756,8.7568,2.8712,-7.2058,-9.6622,-2.5309,2.5836,1.1739,-0.0144,-4.7591,-9.4628,-2.2218,-7.8968,-7.8119,-3.4888,2.0877,0.983,-9.5024,2.1774,3.7548,6.0349,1.1012,-0.2486,0.1825,7.1154,-3.5349,-2.9793,-6.5232,-6.4328,-6.6123,7.7093,-7.8885,-6.8742,8.4507,-8.7807,-1.7965,-2.737,-0.3675,-3.6175,3.8981,0.477,-8.1215,0.7298,6.7341,-2.2733,7.0559,4.5024,-1.6335,-7.6784,0.1513,4.6586,8.9113,-3.9192,-8.8953,-9.2045,-1.6884,1.7705,-2.447,6.3621,5.9105,5.5338,-7.9052,-4.3299,5.9798,4.9642,8.876,8.534,1.2223,3.8467,-1.2645,0.1571,0.573,8.0097,-4.5864,5.3138,5.6235,2.3336,1.1268,-2.5908,6.26,2.9073,-2.8996,-5.4759,-0.1394,-4.4331,-9.0608,-9.2412,6.2683,-3.5586,-4.513,6.2344,-7.1454,-7.465,7.4359,-3.2326,0.2199,-5.3264,7.2945,-8.6972,-4.9973,3.5246,0.1871,4.3454,8.7922,-0.1152,-4.7505,6.5076,-8.967,5.0573,1.2654,2.4274,-6.1817,4.0856,6.5025,-1.269
6.0052,5.2471,-8.4035,-5.3768,-7.3407,-5.2598,-0.3154,-8.9252,2.4341,5.2898,1.1933,1.642,1.1352,-4.8602,-3.7853,-2.3349,-4.2775,-0.6803,-5.1814,6.7731,-2.9693,8.5079,8.9552,-3.4121,-3.3577,2.3363,-5.8508,-2.371,-8.7933,4.224,-9.2412,7.6693,2.7688,-4.8006,-4.7711,-6.7962,1.6457,2.7135,8.3473,4.7976,-2.5882,2.0987,-2.8106,6.9907,5.6596,4.1533,0.3681,-6.9842,6.2124,-8.3432,-1.4724,6.8336,-4.4964,-0.3992,9.8731,6.4174,6.8294,6.4382,-9.854,9.1522,0.4436,-6.2354,-0.1293,-3.8796,-6.5061,6.8675,1.9423,0.6851,-0.4575,6.3615,5.6805,6.379,-1.7194,7.7779,1.196,-9.5632,5.5548,0.8181,-5.9746,-8.5816,1.8894,5.7299,1.9469,-0.393,-5.7445,8.4643,5.3045,5.3118,9.5526,4.4102,3.8004,-9.9407,1.0352,-6.6209,8.6908,-1.14,0.3723,-4.9265,-0.1494,-1.3542,6.1206,-0.4026,4.427,3.5006,3.2494,3.1276,5.8285,-9.2159,-1.9369,-7.1401,-8.905,-6.8461,6.3631,-1.039,5.4783,-5.9656,2.4889,-2.0227,8.8588,9.6315,1.9317,3.6025,4.4624,7.1622,2.5785,6.592,5.1878,2.7863,-5.5919,9.6636,-2.9992,-6.2072,7.7196,9.7602,-3.9963,-3.2778,-2.5688,-2.8056,-5.9337,-9.0878,-3.0192,3.2411,-1.4477,-9.1608,7.4832,-3.9776,-7.4169,-6.3027,-7.1356,-7.5363,-7.2725,5.5678,1.9406,1.7639,6.3831,5.1391,5.3055,-3.3702,-5.5632,-4.3144,7.4678,-7.5239,8.4452,-6.5498,-0.282,1.3552,1.9441,-7.396,-1.0115,0.1802,-1.5053,-4.2449,5.3594,3.4506,8.9647,8.8092,-0.5878,0.1779,2.4343,7.485,-6.5995,7.9192,-9.7788,-4.2363,-4.3711,-3.264,3.1093,-5.6211,0.9856,-3.2424,8.107,6.2373,2.6569,6.7805,-0.9047,-8.5358,-6.9294,-7.7575,6.9299,-0.3863
-9.2864,-5.69,7.8472,-8.5104,3.675,-5.298,4.908,-6.8699,-1.5099,-0.2239,1.7066,3.3878,3.572,-0.5791,0.8246,8.8327,-6.1973,5.9829,-6.8577,6.2304,-4.8261,-4.3742,3.8335,-3.6667,-0.6901,-4.7968,8.89,3.2739,5.0773,-8.7521,2.6586,7.0378,-5.7224,-4.8844,-0.0806,-6.5513,6.2304,4.9122,-8.6818,3.2478,-3.6409,5.7484,7.2027,-5.7144,-9.7218,4.7624,-9.6682,-3.4557,5.369,7.8647,9.2037,-1.1761,1.4478,2.5802,-0.339,2.3235,2.8392,-3.857,0.6333,9.5869,-6.1225,-9.6301,-1.6866,0.7472,5.7534,-5.0778,-0.8534,2.5212,-7.1017,-5.8305,7.9223,-5.5326,8.8022,1.4105,0.8358,2.8631,-5.9236,-1.7716,-9.2656,-5.8984,8.7115,-8.7695,5.1833,-7.3434,-7.8465,-6.5482,2.1953,-7.8084,-9.5353,0.3154,-4.7222,-0.6185,-1.5628,7.1816,7.8748,-3.9197,-3.4773,-4.5595,0.1161,-8.4396,7.2193,8.0126,2.1336,-8.5269,-7.7145,-8.5308,-7.2023,-6.1415,5.0457,-8.1247,-0.5947,-6.6862,-8.9946,1.919,8.0499,-6.2112,-3.6165,5.6998,-2.6839,7.059,3.6148,7.5672,-3.9869,1.8841,-8.7322,-2.5445,-3.6592,-9.6708,5.7175,-9.0614,-5.074,2.1676,-5.5121,1.7719,1.3703,-1.2527,-4.1555,3.3987,9.7865,-6.643,6.3598,8.4094,0.8761,-3.7416,-3.8422,-0.6924,-7.0186,-3.5256,2.1736,-5.6054,-6.7978,-5.6337,-3.6962,9.0099,-8.1939,5.3411,1.2321,7.523,-5.9759,1.0246,-0.5483,4.5019,-8.1145,-9.1905,-8.0297,7.6383,-1.1989,-8.2497,-2.0296,6.5668,-4.3486,-4.7611,8.3525,-7.0586,1.4539,3.3225,-8.8757,4.3546,-4.4951,3.5193,3.1326,7.7641,9.8107,1.2957,-0.5157,7.1054,8.0637,2.885,1.6204,5.5097,5.9334,0.2758,-3.6106,-7.8283,4.8952,0.4034,8.533,-9.8578,8.2714,-8.9836
-4.2239,-8.9798,9.4772,8.0658,1.6812,6.4558,2.4345,-3.5913,7.8254,0.3543,0.6256,3.4863,-4.1942,-7.0403,5.6902,-9.7304,-9.0677,-8.3584,9.0759,-8.3733,-4.2839,-1.1069,-8.8347,1.3767,9.8651,8.4643,-5.9906,-7.6887,5.7059,7.5535,2.1893,-9.9128,0.0536,-2.3785,2.7748,7.0161,-7.0971,9.5568,-9.3878,8.7474,-4.4972,-6.7553,-2.0492,8.0011,8.4116,-1.6215,-6.1299,5.6869,3.1973,4.4686,-1.2872,8.1433,3.1126,0.7418,2.7918,-2.6076,-8.402,0.3209,4.8275,3.584,-6.9594,1.8195,6.7411,-3.2488,5.9815,-6.8304,-3.6716,8.5828,6.8449,8.6853,7.3382,-5.7537,-5.6951,8.6055,6.101,-3.3606,-9.1349,-5.4531,3.8517,-5.9529,-7.8792,9.5098,-0.0943,6.234,-5.1597,-6.8751,6.559,-3.8228,1.8714,-8.587,-7.9694,-4.2918,3.152,2.0234,-1.7911,-0.6213,9.3439,5.6265,-1.5476,-7.2893,-8.8223,-7.4705,-7.5764,0.608,4.5781,-7.9785,-1.6763,-4.4764,3.0413,5.9059,8.227,5.4085,8.9513,-3.9576,2.047,-0.8206,6.6663,9.4907,4.9706,5.6574,-3.5177,-0.7798,8.183,-9.0905,-2.5914,2.022,6.4217,7.9729,0.7607,7.9769,-2.7291,2.4421,-4.3659,3.9944,0.6314,3.14,2.7186,-2.9439,-3.9971,2.1171,-6.2419,-6.559,1.5617,-3.8806,1.4294,8.5835,7.3513,-2.1286,-8.5576,0.9273,6.7978,7.2899,7.497,-7.0096,-8.1002,-1.9485,4.6523,-4.4941,-5.2909,4.1791,3.5633,2.1854,-5.0329,-0.0337,7.334,9.4988,7.8241,-5.0221,5.3972,-9.7633,0.0851,-9.1531,2.1978,2.1303,-1.7331,-2.3815,1.7486,2.2473,6.2484,2.1818,-3.4718,2.3544,9.2939,8.4193,-6.6844,-8.4663,2.8638,0.8455,-8.4682,-3.9806,5.5528,4.1184,0.2353,-4.7023,-0.4229,-4.7255,8.1814,-5.6428,2.2225,-0.4983
-0.4444,-7.2897,-6.7338,7.1307,-7.2633,2.3051,2.889,3.7165,3.2947,-6.9493,7.7276,-9.7531,-1.8222,-1.4833,5.0408,-9.7387,4.0279,-2.8661,7.6787,5.821,6.1201,-9.5351,-7.1787,8.2395,4.8081,1.6731,4.6257,3.8704,-8.4439,3.1722,1.9353,-2.7075,-0.9354,7.4157,5.7475,-4.1702,-8.0311,3.742,3.5968,1.7002,9.3027,-6.0005,-1.9252,-4.9547,7.1815,4.5118,5.4271,-6.6175,2.6124,-4.6081,3.6312,-8.538,3.5063,3.6935,9.4871,6.761,2.8047,-1.8259,-3.1422,-3.7541,-4.4076,-2.033,-9.1138,-1.7975,3.9169,-1.8778,3.7267,3.7162,3.1999,2.1674,-5.203,6.0162,2.7542,-9.3949,-3.1862,-9.78,1.4405,-2.4012,-7.5001,4.9031,-3.2666,-5.3881,-0.3601,-4.7868,-0.7314,-8.9395,-5.0306,7.2472,-8.6204,9.9682,1.1383,1.434,2.2545,-2.8138,2.1858,-4.3472,-0.9059,-2.8216,-3.7759,-4.463,9.9916,5.1457,-8.9118,7.5719,-3.2796,5.5191,-7.0718,-6.2604,-6.3635,3.4705,0.7154,-3.3121,-1.6732,-7.35,-6.5462,-5.7242,-4.8713,-0.7372,4.7186,-1.428,0.2335,-9.7603,-8.9398,4.0115,-6.8675,9.5455,7.176,-5.6944,0.0936,0.4471,-1.5283,-1.9355,-1.7645,0.8106,-9.1539,2.4181,-5.7745,-5.8828,1.1595,2.3255,-4.0622,-3.9019,4.9992,-1.3257,4.9219,-7.5274,8.1025,0.4342,7.2716,0.8476,9.5308,9.3159,-2.9326,-9.9515,0.0573,-8.1119,-3.8592,7.7153,6.2052,-8.2017,-4.221,7.9262,-7.0083,7.7666,-4.1499,-9.1267,7.5411,-9.2171,-3.4489,4.7046,3.1492,2.6236,-6.0144,-7.9152,-3.4048,-7.9752,0.5665,5.7901,-8.0849,-0.0126,-3.6214,-2.1128,8.2765,6.1765,-5.8525,7.0876,0.6056,-0.9409,-5.79,-1.1215,3.3622,-0.7604,-4.5982,2.4432,-4.7261,-6.0951,3.7763,-6.8071,7.3072,0.3168
1.976,8.132,6.7872,4.5457,4.4229,-8.2416,-0.7546,-1.739,-7.2282,0.9061,8.7917,1.8908,-7.3786,-7.9002,-5.7202,9.243,7.2094,-6.2998,0.5936,6.5396,-1.6054,-9.5088,7.3171,-7.2327,9.9928,2.6133,9.0162,3.4171,-1.4859,-4.9803,0.1384,-6.8717,-3.4718,-6.4441,7.7791,2.7871,-9.642,6.9138,0.5851,4.0831,1.3762,-8.7985,1.8643,-4.0058,-1.999,-3.4701,0.6665,-4.0225,8.5372,0.0404,-2.771,-5.8903,0.7898,7.2192,-2.5827,3.6345,2.4699,-9.5687,5.3672,-6.477,7.4373,-3.7739,-1.3055,0.3535,1.0958,-9.2653,-0.9884,-7.5937,1.8815,9.6025,-2.3385,8.7587,-4.0363,-9.6581,-6.1796,5.5555,-9.8446,-7.4713,5.0069,3.9489,-1.6085,6.9162,0.9123,-9.4181,1.0199,-2.3074,0.1511,8.7554,3.4264,4.1473,-4.378,-8.3891,6.1505,-7.2997,6.2852,-2.305,2.7391,6.8736,3.2573,-8.9051,5.1499,4.8765,8.9165,5.403,7.1969,-0.3855,-3.6688,-0.0407,9.2521,1.4211,-6.8038,9.0732,8.1198,-8.5597,0.352,-3.0131,-7.1846,-5.7142,-3.4197,5.4728,-7.1477,-2.7945,1.6809,2.6002,5.3144,-5.6271,-4.7093,6.3574,-5.9991,-7.8448,3.1546,7.2823,6.1984,-3.3679,7.1996,-9.7853,9.3022,7.1463,-7.3708,-6.7717,-6.982,6.9979,3.7136,0.971,-1.3966,0.205,-5.5975,-2.8312,-9.9939,-1.704,-9.1386,-7.3123,-1.7667,1.0554,-4.5458,7.8154,-6.3754,-0.6495,5.4318,3.4784,9.3843,-0.3002,6.2241,-9.2434,4.0171,-5.5301,6.2768,-7.061,-2.9787,-7.6127,2.3051,-7.5863,-5.3558,3.5813,-9.9142,1.122,-0.8604,2.4383,-2.0037,-7.8245,3.1887,-9.8603,3.7793,2.1691,4.1773,6.0678,-2.3893,1.6312,-1.6717,-9.1497,0.0521,0.1204,0.0766,9.8794,-4.1785,2.1187,9.0194,0.991,5.169,8.0215
-7.8036,-9.1426,-3.1526,3.8447,6.0106,-1.6626,4.7156,-8.519,0.5356,-2.509,7.8942,-4.8486,-0.7207,2.3693,2.1218,-8.5025,7.8126,-3.5826,8.6401,5.6209,0.5552,1.1335,1.1533,-4.3984,-0.4721,-3.4231,9.6594,9.1963,8.8969,-2.1174,-1.9866,-9.5045,5.6927,6.1166,1.1451,-9.5612,-1.5778,6.2926,-1.1597,6.9237,1.2123,1.8548,-8.7299,0.5239,-2.6034,-9.6604,-1.6087,3.9152,-5.3083,6.5651,0.869,-4.6792,1.6521,-5.7575,-4.9704,-3.6983,1.8889,2.4827,3.2932,-7.4913,-1.7781,6.8423,6.1827,-0.9979,-9.6884,5.6441,-9.7966,-6.4461,7.1088,-1.7788,-7.9145,8.8745,6.8383,-1.6733,-2.041,-0.8843,-0.4815,-9.3829,-4.176,0.7576,0.2207,8.6354,-7.2922,7.0142,-5.2168,-7.7215,-8.2679,-4.1246,-5.9593,-4.188,-4.7388,-3.2067,-4.4586,-8.9142,-7.46,-0.6122,-1.7875,-9.3341,-1.306,-3.7168,-3.4293,-3.4281,-0.3735,-2.0812,4.6451,6.9115,-2.2144,-6.518,-0.4987,9.5531,9.9046,-1.8153,-5.515,-8.2611,7.8866,0.9896,9.3233,9.252,-5.9366,1.5231,-9.5704,4.9384,-7.0986,-9.0146,-6.5432,-6.4304,-7.2694,-2.0631,8.6666,4.4968,9.9977,8.2649,-5.3032,-8.4806,-1.1226,-7.7422,-1.9157,-9.3763,8.7979,7.6482,-1.9456,9.562,-7.9686,9.7808,-5.906,0.964,-6.8459,7.3602,8.0774,-6.2391,-3.1748,1.9797,-6.272,-4.0192,-6.1061,-5.4584,3.3217,4.5813,0.4363,-1.6759,-9.1538,-1.8794,-8.1365,-3.3656,5.2825,-2.6297,6.252,9.6059,-5.3316,8.546,3.6403,2.0279,-3.6646,9.8327,-4.7797,-7.4623,5.8913,-7.5539,-3.0927,3.0603,9.3728,7.1945,-3.1231,7.8631,9.3488,9.7697,6.9803,3.9086,1.9613,2.5894,-5.4413,-9.7811,0.5405,9.3345,9.2082,0.4596,-9.3116,0.7113,-0.5862,5.2943
-3.1916,6.9244,-1.151,6.7151,1.9879,6.9222,-1.5513,-6.724,4.5878,-0.8754,-0.4882,-6.4018,-3.2757,-2.2629,3.7752,-5.3717,0.3203,-1.5979,-6.8582,7.0397,-1.8454,0.0643,3.2715,-7.1535,2.7277,6.9944,5.5769,3.3801,6.7019,2.0847,-9.2884,-4.8607,-7.2689,1.1177,-0.2995,-6.1419,5.7312,-9.9598,5.1139,-5.9966,-8.8118,3.1538,0.0306,8.8509,-0.7214,-9.341,3.0488,2.7091,-2.8991,-4.6925,-2.7458,2.726,-6.4743,7.8968,4.1473,4.8636,5.5176,-8.925,0.8911,-5.5202,5.8846,-1.7822,-2.5064,-1.7317,-5.8333,6.4718,-3.0008,2.6746,9.4724,-6.9501,6.7034,-5.6431,5.4446,0.9141,1.6393,-0.8972,-6.5129,-8.741,-1.3169,-7.8213,-5.9389,-6.4279,-7.1366,-5.8027,-5.2482,2.7032,-6.3493,0.5236,1.0236,-6.6325,5.8195,-2.893,-6.5752,-7.3685,-2.7092,3.5844,-0.207,-4.2707,-3.4679,-5.5405,9.6781,-9.6774,2.9661,3.278,2.1688,4.4132,1.3209,-3.2507,4.4245,8.0656,3.7776,-8.7828,1.7707,-4.356,-3.7937,-0.901,2.886,2.7241,-7.3653,3.5077,-9.3528,1.3416,9.1397,-2.7108,5.4844,-0.1421,6.5815,0.727,-7.6736,0.3117,7.9325,7.1795,-2.5548,4.4897,-4.2995,-1.4698,6.0435,-3.9988,2.4871,0.5258,-8.2663,0.1106,0.0911,-1.6485,5.7279,-3.2379,-5.7409,2.5628,0.2336,-4.4315,6.3261,-5.8879,-0.1787,-3.0579,-7.4119,2.5605,8.3628,-0.0413,0.4955,8.5464,9.9204,3.6497,8.2841,-1.7729,-7.8486,-9.6777,0.9299,1.8208,1.9859,6.3988,3.0511,-1.5633,7.972,7.7011,4.2258,-9.3936,0.2358,-4.9806,4.998,5.7685,-0.1863,-2.9679,-7.7629,-4.0289,4.4512,-8.0412,5.6159,4.8025,9.9154,-2.2523,3.619,-3.9438,0.0673,2.7206,4.3034,7.8131,-8.2162,-7.9897,-2.9313,5.6675
-3.2595,-5.7061,-1.989,8.185,-8.1924,-8.3783,-4.1026,-4.4518,-1.9983,-1.3672,7.6345,-6.5784,-5.2062,-2.1099,7.7925,4.3196,-1.7724,-1.7791,9.5804,8.4808,-4.2707,5.2996,-6.4989,-8.8753,-2.0431,4.5298,9.3541,6.8875,2.9747,9.7758,-3.5929,5.9402,-1.768,5.1411,8.5878,1.1567,9.6275,-8.2518,-9.5698,-7.5163,5.3219,3.1936,5.1286,-7.3211,9.1857,2.9787,-1.7727,4.6648,-4.1427,-3.2128,2.5149,-3.8652,2.1115,-3.0127,-3.2386,5.0818,5.206,-4.8931,8.5001,2.8476,-7.3845,-9.8061,-3.5959,-0.6432,2.3396,-7.4942,4.8247,-2.6339,1.6813,-3.0294,-2.3031,3.4084,8.6268,6.0417,-8.1762,7.329,-0.4006,-1.7879,6.7542,7.2981,-9.3354,-2.8498,5.1604,-7.0469,-6.5417,2.6763,-9.8694,2.8445,9.616,-9.3938,-5.8383,-7.3486,7.9541,1.6562,-3.049,-0.1982,1.3482,-0.2531,-6.7512,-7.4626,-8.1381,8.8182,-6.1254,-0.2961,-4.9827,9.8471,7.348,-3.6651,6.3572,-4.0432,-4.8435,8.9834,-6.8209,-0.699,-4.2454,9.2303,-9.3223,2.5017,6.0468,1.582,7.9606,3.4879,-7.6269,7.7264,-6.0688,-9.5758,0.9345,-0.9521,-3.3134,-0.2126,7.3574,2.0469,8.5116,-2.616,8.2237,1.0831,8.0361,-5.0345,6.4172,-6.5005,-4.3136,8.356,1.0387,-1.9879,3.2665,5.2394,5.0418,2.2386,1.6962,0.0061,2.3844,5.1591,-4.6975,-4.683,0.6369,-3.3726,-3.4013,-9.8412,1.4353,1.2454,-4.2987,1.0881,8.9356,1.6165,0.5411,2.9277,-3.8056,0.0607,-7.0206,-0.3018,1.7354,-5.7192,-9.7691,9.0277,-6.3339,8.6498,6.9305,-8.8164,5.7456,2.5855,-2.9658,-7.007,3.166,4.297,-2.691,-5.3512,3.5451,2.2668,2.032,-1.0275,-8.8523,-1.8526,-5.1687,-4.7108,2.7569,-5.1966,-8.9322,3.0504,7.6887,-6.4062
-2.5937,1.6897,-3.4255,8.4707,-0.1427,-7.1423,-5.1789,-1.0366,1.0745,5.1374,0.704,-1.5916,-7.2131,1.4208,9.8433,-4.9262,4.653,-0.8493,-2.8396,-8.1317,-1.124,7.7799,-1.3444,-5.3983,8.9868,-9.8894,0.5081,8.106,-7.4077,7.9282,0.1445,-2.44,-8.0475,-3.5947,5.2778,-6.2335,-8.5452,-5.7751,9.4536,-1.7276,3.1216,6.1804,-7.6891,4.6929,8.3787,-4.2239,7.7706,9.9068,0.6473,-1.4242,-2.9344,0.0904,-0.087,-1.8001,-7.1306,-3.1958,7.5364,-2.7868,3.5972,5.2532,-8.9649,3.4037,-9.5245,-2.2237,-5.1175,8.6605,0.1941,-7.3092,-4.1455,4.4857,5.4385,-9.0462,8.7366,8.3543,6.5764,-5.4217,4.8188,2.9169,-0.386,-1.3537,-1.3623,-7.0157,0.0259,-1.267,1.392,-7.0939,2.874,-1.068,8.1288,0.4355,9.2169,-5.4322,-5.5101,2.2489,5.7686,-6.8656,-4.7212,-0.2297,0.7791,-0.4787,-9.7458,-6.4432,8.4715,-8.5836,-6.2875,8.1893,-8.2646,-9.8238,6.1146,0.1607,-1.4873,6.122,-7.0273,-7.0575,1.6509,-0.2957,4.8589,7.7528,-8.5035,-2.8899,4.8257,2.1026,7.2546,6.2165,9.3703,-6.1722,4.1354,-1.7135,-2.9284,1.3705,-1.0373,2.3009,-6.5665,-2.0075,-0.071,-6.5571,-9.4235,-6.7641,-0.3504,-2.3866,-2.2678,-8.6711,-8.3061,5.8055,0.4568,0.9824,-0.3314,-4.4175,-6.5258,8.5724,4.532,-7.0368,7.1924,-3.5661,3.4565,0.3259,-3.1944,4.3197,2.9506,-3.1019,-2.5182,-3.189,1.6387,7.8943,2.0566,-0.3935,2.4022,4.4696,0.0419,9.0926,-7.7667,1.3289,-5.4825,-4.958,5.4067,-1.7709,-7.0838,-1.5843,4.0893,-5.0326,-6.3541,-7.636,8.5826,-0.8897,-9.7115,2.8384,-0.2458,-9.0273,3.7552,1.0119,8.3393,-1.3358,2.7676,5.4707,4.336,-9.9465,5.0596,-1.766,-7.6742,-6.8217
2.9611,0.7917,-8.1235,-2.9681,-7.9459,-3.5584,-3.2011,9.8796,1.8411,-2.493,-6.6856,-5.4368,3.81,-5.5297,-1.6178,9.9242,-6.4748,0.064,9.6014,4.112,-5.4568,-7.7892,9.0262,-9.5908,-3.3454,-8.8353,-3.7792,-0.8904,8.4947,4.5332,1.5947,7.3229,-0.4014,-4.7979,3.5138,-9.9612,-2.6725,7.6289,-7.1648,-4.1154,8.785,5.998,-8.0534,6.3418,-9.7749,-1.0815,3.8823,9.3563,3.5786,4.6142,-8.3494,-7.2545,-1.7724,0.7101,-9.9887,-9.5342,3.5888,6.8472,3.3622,5.1115,3.7693,-5.2453,8.1801,-0.1548,3.2861,-9.0815,6.5638,3.9767,-8.5531,1.8261,-5.8812,-4.8298,9.1172,-6.55,-0.7511,-8.2708,-6.1698,-4.0805,-1.9249,-3.556,-0.1395,1.6696,-6.446,-2.0139,5.8211,0.8828,9.0831,2.5966,5.8644,1.4705,2.5655,4.747,-1.7735,-2.0021,5.6064,-0.9412,-2.0912,8.5591,8.1954,-5.8008,3.8064,-2.5655,8.9376,-3.7459,-9.1349,2.2539,-0.4541,9.3245,-8.6869,-5.373,-4.0781,-4.6399,-6.41,5.9819,5.7166,8.7512,6.6936,-7.7325,4.7972,9.5901,0.6942,8.6394,1.2777,-8.3676,5.612,7.3269,8.7953,1.4887,9.3269,-2.7701,3.2416,-4.1824,5.5033,2.2324,-0.0216,4.2654,9.0062,8.7089,-3.8338,6.0953,-3.5159,-2.9254,-1.3528,-3.668,-8.9042,6.5089,-3.8173,-9.1468,6.5866,-9.6454,6.2793,4.0233,-1.286,-2.8773,-4.0464,7.71,-0.5745,-6.2209,-7.0427,-9.5505,-7.2622,-0.8984,-9.155,7.2055,5.0566,0.4191,-0.1761,2.7898,8.0322,-0.655,4.4582,2.2283,-5.4008,1.9054,-0.5765,-0.7361,-0.8389,-1.8932,2.7997,1.1012,-0.789,3.6303,-5.6245,0.0885,2.5552,3.1482,-2.5981,9.0332,-3.6677,-4.9226,0.3323,3.0795,-0.148,1.7858,-0.6571,3.2919,-2.3346,-9.7116,7.7253,8.1183
-9.5471,4.6655,-9.492,6.1768,-9.6644,9.4773,-3.8324,9.9873,-0.1635,0.9857,-7.0874,8.9983,-3.5034,1.8516,-7.4794,7.7915,8.0752,2.82,-0.354,-0.4136,-0.3465,0.0617,-8.8481,8.4561,5.4441,1.2695,-2.8048,-5.17,-9.0192,9.0134,-0.6461,5.122,1.8656,-5.1743,5.0778,-2.9413,3.0024,7.9215,-8.718,9.6201,8.6153,2.6024,-5.6712,-0.9815,4.7481,5.024,5.7785,0.682,-8.764,8.2467,-4.6604,4.1111,-0.9431,6.045,-8.4012,0.8034,-5.9968,7.0628,7.4307,-5.5137,0.9675,9.6558,-2.0251,-1.1459,-1.1161,4.3915,7.6151,0.2371,-8.6286,-5.394,-7.7494,-9.1339,-5.021,-7.2219,0.6803,-3.6471,7.3933,-5.8746,1.3113,-6.8574,-2.4411,3.0913,-4.8005,4.8976,-9.2896,-8.9145,-6.2749,-0.3468,-6.4809,-6.8149,-2.9663,-2.4871,-7.9151,-7.857,-3.1769,-5.054,-8.3323,-2.2401,6.0694,-3.4472,4.6928,-2.3585,5.471,0.8648,-9.1685,9.866,5.4532,-6.7454,-3.4239,-7.284,4.4987,2.1471,5.1835,-4.1751,-1.9412,8.1876,-6.432,4.6217,-4.3477,3.2524,-9.9301,1.8235,-1.2396,4.0016,6.2371,-9.6367,8.4469,-4.5127,-5.0208,7.7192,-9.0655,9.541,1.4942,-0.8681,0.7019,-2.1318,5.9998,7.7534,0.0606,-7.6289,-2.434,-2.7794,3.5792,-1.0783,-3.1535,2.1492,-7.3982,-3.5304,-6.0252,-9.5217,6.9869,9.031,-8.8517,2.3554,9.6835,-7.652,-4.4579,-2.2897,-3.9587,3.8689,-3.3403,9.0456,-7.2256,9.873,3.7586,-7.6536,5.1318,-5.5195,0.0248,-3.6348,-1.0702,6.8797,-0.9393,-5.647,6.8976,-9.9021,3.2386,-1.6018,8.3604,-9.8864,1.6261,3.0668,0.2049,-4.7489,9.9354,-7.0502,-9.8622,3.0789,-6.0755,-6.6145,6.5178,-7.4396,2.9399,2.3792,-2.3015,-1.4985,-7.9331,-7.6846,-6.4968,3.5318
-6.8245,1.7705,-3.7459,1.1791,5.8017,-6.3792,6.6394,2.6982,-9.9627,8.6965,0.9528,9.6791,-4.6771,1.6238,-9.9504,5.1751,-8.5072,-0.4666,-0.6771,9.8394,3.6516,-1.2159,7.1649,-9.2335,5.7373,-2.0787,-9.8849,4.886,6.0071,8.9051,2.7701,-0.3622,3.4391,9.8613,-9.6337,8.9874,-4.1118,-2.5448,-1.5163,-1.1742,-3.1995,7.5218,-3.0752,3.829,2.4388,8.092,8.2162,4.3652,-7.5821,8.9398,3.8075,-4.0696,6.2851,-1.0136,-8.5007,-0.2702,7.1897,-0.5812,-9.7169,6.312,4.8533,5.7593,5.2303,-5.5918,1.7208,-7.0212,-1.9297,-4.8898,9.7026,-5.9892,3.6259,-3.1051,2.5255,-2.8171,9.2605,7.308,1.6937,6.1966,-7.6918,5.1346,-5.507,-9.6469,-0.3198,5.0586,5.4499,8.4629,-0.8973,0.8283,-9.5846,-5.2411,-2.4484,-8.741,4.3336,-0.5753,2.7182,0.9394,1.6073,5.9773,-2.2958,-6.4043,2.937,1.317,5.5305,-4.0635,2.4423,-4.4012,-5.0768,-3.8521,8.134,-3.4802,3.3628,8.7657,3.3928,3.1438,-9.888,1.6606,-6.4738,1.7927,8.837,-3.2749,8.8122,4.8453,7.559,-5.5645,5.3128,-9.4463,-1.9807,-8.2343,-7.6909,0.4229,2.7966,-6.4623,2.6747,-7.7805,1.6976,6.6763,-2.0844,-7.0761,-9.5326,-2.0173,4.7646,2.2711,-8.236,-2.3503,7.6937,5.7301,3.5064,7.0707,9.1842,-6.774,-7.164,-3.1694,3.1898,-3.3513,-0.6145,-6.1268,5.8313,-4.77,-0.233,2.8728,-1.9556,-1.532,0.4011,6.0049,-0.8341,1.9317,7.0367,-6.6464,-8.8726,-7.1793,-6.7928,-3.6443,-7.5243,-9.7214,5.7339,-7.5112,-7.5463,9.4015,-1.6174,0.7961,-4.6168,-8.8857,6.8611,3.9615,4.8971,-6.3206,-0.8997,5.0471,2.0056,-0.4135,-2.6069,5.3284,4.6461,6.2274,-4.6766,6.6614,-7.7991,4.9777,6.5538,1.053
-8.9655,-3.5315,-3.833,0.2514,3.2226,-4.4724,4.1417,6.6667,3.9014,9.018,-8.914,-8.5253,-4.6343,-8.2153,-7.5838,-5.0997,-3.7471,-6.2313,8.9295,-9.6248,-5.657,-8.4172,-4.7267,-7.1318,2.3578,8.7271,2.0103,3.1462,-0.0799,5.1861,5.465,7.1628,4.0599,-9.9076,1.1451,-3.1622,1.7847,9.8348,-8.9767,-2.5935,0.915,-6.0765,-6.3487,-8.4846,-5.7953,4.7944,-0.4909,1.0047,9.7811,-9.0531,3.1501,-4.0357,-0.5851,-4.3344,0.2315,-3.8907,-2.5066,-7.1447,7.0015,5.4393,6.3954,-3.0392,0.9763,-5.8927,-4.6428,4.6857,8.3811,-9.3603,6.3557,0.5277,7.0151,6.2032,9.23,3.4885,-2.6975,5.3492,-8.8224,5.1046,0.5352,-7.9014,1.4884,-6.6125,-6.5888,1.2917,5.1381,5.6918,-4.7591,-3.5986,-2.6574,-7.7595,0.4202,1.8589,5.6059,-5.7625,9.7838,-2.5249,-0.3241,-7.0274,-9.2262,-2.1288,5.0506,3.3527,4.5354,-7.8305,-3.4565,5.7313,1.1406,7.3568,5.5795,3.7909,-4.3462,-9.5559,0.3156,-3.6528,0.7822,-6.9512,-1.2385,0.0035,1.4202,0.3908,8.7454,5.4452,3.2202,8.6495,3.7562,6.5459,6.0972,-1.0199,-9.5426,-5.4288,2.1688,3.4017,4.1883,3.1846,5.5987,6.7739,3.353,-3.1248,9.9183,-6.6306,-1.7905,8.4295,5.5466,1.6184,6.5767,8.1265,2.1486,3.1333,-5.4273,5.1736,-2.7987,8.5475,7.4445,-4.8973,-8.1111,9.1561,-4.909,-4.3794,-0.7862,-4.4723,8.0694,-8.391,0.0262,8.0746,2.5686,-5.356,8.3493,-8.2998,-0.401,-3.6625,-8.5616,-0.4347,-9.2236,4.534,-9.6846,-3.981,2.2463,4.4107,1.4054,6.0876,-8.1077,5.2648,0.3108,-7.6703,7.8461,8.6852,-1.3011,-3.9724,-2.5287,7.1213,-3.7135,4.414,-9.6696,4.9326,-1.8455,-6.2299,-8.3904,6.5856,-9.4223,-9.3037
-7.9907,9.3468,-0.9954,3.0869,8.5488,4.8138,-9.9073,3.2749,4.4792,8.48,-3.94,7.7515,6.1888,-2.7025,7.2058,7.3097,-4.5866,8.5411,-7.6104,3.4197,-5.3749,-5.6232,-2.9198,-4.1776,-0.6296,-3.0571,-2.5037,-2.6304,1.5483,4.3125,7.2744,-4.858,0.8366,-0.6839,9.8499,-1.2042,9.5557,7.7371,0.1932,-0.4584,2.5702,-6.9811,-8.6355,8.5484,-2.3669,-5.7405,9.7991,5.9487,-0.7773,2.6827,7.4022,-7.8957,8.2238,-7.3678,-5.6245,-8.8035,-1.2749,1.8322,1.619,2.0769,-4.7574,-2.8104,8.055,0.8858,-6.9291,8.1203,-1.68,7.1033,6.8726,-9.5981,-7.2825,3.3791,5.8441,-8.881,7.5289,-5.1636,4.9855,0.1203,7.7381,-0.7317,-0.142,-7.4355,1.1174,4.9753,-3.8659,9.0501,-5.8354,4.6666,8.4864,-0.2112,-9.6395,5.3025,5.0359,-8.7348,-7.6396,-1.5934,-7.386,-9.9544,8.1256,-1.7883,-0.2075,-5.4309,-9.0659,-6.1851,-3.7369,-8.1862,0.6965,-3.5029,4.2386,-2.4763,-3.744,8.5198,-4.7672,-4.6036,9.9484,7.962,-8.982,0.6896,7.3068,4.6641,-3.3783,0.7187,8.0812,8.8937,-3.3912,-4.5416,-1.3313,-2.2744,5.712,7.3377,-9.8523,-2.4467,0.8441,6.3552,-9.5625,2.4977,-3.4731,-8.3023,7.1207,3.2151,4.0249,2.0419,-2.5544,-8.5344,-6.3214,3.1567,-6.6478,7.992,2.4342,-7.1522,5.168,6.8843,-6.3635,-3.9912,8.9096,9.603,-9.2916,-0.706,5.2064,4.2443,6.349,-6.3603,3.1738,-1.084,8.1482,5.1839,-1.5065,-5.3443,-3.797,2.9336,-2.7534,3.2235,-8.5358,-8.9727,-5.8228,7.8592,4.2628,-8.4253,-8.5863,-6.4447,8.0968,-3.6364,-1.3218,-1.4789,-7.5426,-6.6284,8.2529,-9.09,4.5158,-5.1458,-6.323,4.6938,4.6949,6.1272,-0.6167,-4.4063,7.363,0.0627,7.9763,1.386
-5.798,-1.5292,-1.2036,-7.9663,-8.2331,3.1238,0.6966,-9.0399,3.1878,1.0262,5.9196,7.0921,1.2618,-9.2801,8.3177,-0.2098,4.1484,-0.1493,-4.6892,-6.9448,2.3569,7.1242,4.5639,1.9217,-0.56,0.1608,-1.3755,-2.3398,0.8896,-6.544,-6.3448,4.3639,-4.5741,-5.0922,0.4927,-2.1739,1.7935,-9.0244,-5.27,3.2193,-1.3402,0.3573,8.4018,-1.0496,7.2976,-7.1283,9.0286,-1.7485,8.5119,-3.2641,3.4451,-3.2228,3.4383,1.6782,-0.5549,6.1802,7.9222,-6.4684,5.3854,4.8109,1.1632,-2.4736,0.9862,5.778,-1.7728,2.1728,8.0989,-5.8672,4.7478,3.7517,9.0447,6.853,9.6802,1.4176,-8.7768,-2.7674,2.1072,-8.4621,0.2873,-8.1107,-9.2702,2.358,-9.5094,5.606,-5.5231,-0.9797,4.4355,5.0049,5.8969,1.7793,4.1016,9.9947,3.0703,6.3526,4.5067,6.103,-7.0481,7.6155,-6.9664,8.4204,5.918,5.0849,2.6808,2.3742,-9.7153,-8.8062,0.6712,-8.0621,-4.1046,9.288,-1.1068,7.9652,-7.9298,8.1878,-3.3874,0.2256,2.6079,-2.7285,4.2862,-8.0643,-6.9942,0.5556,6.5127,6.563,8.6633,-5.6884,8.5331,6.0245,-6.866,-0.6659,3.8272,-7.3666,-5.2117,-0.2773,9.0992,-9.0791,2.4347,-6.6003,6.8548,6.1282,6.405,-5.6051,3.1057,4.4995,1.1922,-7.9903,6.2351,-8.6387,-2.2419,-8.327,7.3474,2.4336,4.5049,8.5365,-0.7233,-3.1356,-7.4429,-7.0272,1.3319,-0.0201,-5.1758,-8.1008,-1.656,2.5764,7.1327,3.6255,-4.2327,2.0722,9.5541,7.9337,-6.3209,-6.1817,1.7416,-9.9683,8.9394,-1.8659,0.4552,1.9241,0.2603,-3.362,1.9847,-8.2838,7.6081,2.8182,8.6409,-1.2198,-6.6757,-9.6418,8.7098,-0.0445,-7.2471,5.2704,-5.3637,2.6026,-1.2646,0.8524,3.6092,-2.6127,-8.8068,-0.1852
-7.53,-8.8381,-6.1847,0.145,-8.3554,5.5461,8.5252,5.7062,-6.4278,-4.2659,-8.3664,5.5496,-9.9183,-4.6428,1.879,-8.8868,0.7723,8.1988,-5.7807,0.6898,-4.3501,1.8388,-4.4451,-8.9982,5.9356,2.4716,-9.8355,-9.9459,7.4245,2.47,7.1494,8.9882,-6.9021,2.6519,-8.6072,9.8145,-4.2152,8.2051,-9.1321,-1.9032,-3.6455,-5.5659,-1.7031,-8.9093,-6.0719,-3.2813,9.7751,-6.834,-4.1165,4.039,-6.2588,8.0551,3.2866,5.8931,-8.4374,-3.1444,1.4389,-2.6515,-1.9752,2.2005,-2.2091,-5.2572,-3.6003,4.6987,4.0792,-0.4615,9.5682,-8.8367,6.9802,3.5247,9.2247,-0.1298,-9.4117,-3.2794,-3.0107,8.5656,-6.9825,2.608,5.7229,4.719,-6.4304,-4.5044,2.1468,-2.2426,2.223,8.9473,-1.9578,1.8253,0.6924,2.6625,1.8068,-4.4557,-3.9448,-6.6257,-1.0307,-7.3716,6.879,5.7097,-3.0154,6.5503,1.2702,-1.1568,1.5566,0.2765,-7.357,-8.7549,-8.7657,-9.3679,-5.9218,3.5611,-1.197,-5.5448,-0.8831,0.4761,-7.4851,-2.817,0.2703,-0.3396,-4.4281,-4.2369,-1.8573,7.9479,-5.205,4.9285,5.9646,-3.832,-5.3106,0.6623,6.9728,-7.0068,7.2395,0.5309,5.2672,-8.6491,-3.5392,-8.1806,0.0106,-2.4222,1.3107,7.4617,-5.938,-9.5282,-4.9371,-3.399,8.6597,-6.5361,-1.2291,1.8491,-3.8644,-0.0566,0.3386,-3.6037,-1.4003,-9.6862,-3.9142,-8.1872,8.4538,-8.5074,6.3366,9.2696,2.1092,6.8288,-0.4539,-5.9238,3.0593,6.503,4.6372,-4.3759,6.9887,-1.749,4.8386,3.1337,-3.426,-1.0557,-0.6277,7.4384,7.2068,3.4966,-8.2517,7.4127,5.4273,-0.0982,6.4214,0.5891,0.619,-0.6713,9.6513,-3.4717,2.1658,-4.3897,-3.9912,-8.3589,-6.823,6.6638,7.9314,3.597,1.834,3.0583,-8.4902,6.9878
-6.1829,7.215,-2.3901,5.614,7.5654,7.2111,9.1774,0.5513,9.2693,8.2751,3.6729,-3.3765,8.762,7.6844,-7.6708,-1.6354,-4.0661,8.678,7.601,6.6061,-0.4558,-7.3037,4.2734,-2.206,2.6976,7.0406,2.4861,9.4774,-1.2155,4.6045,4.8978,-4.1293,3.979,-1.5768,-6.2203,-2.5126,1.1556,1.4847,-1.9193,-9.822,4.0264,-3.354,-2.7697,0.9635,2.1101,5.4831,-0.7095,4.5327,5.6337,-7.315,9.6178,-3.8894,8.0176,-4.099,-7.7794,-2.4518,-6.3962,1.0831,-0.8811,-0.5846,4.7722,1.7745,9.4295,-3.2491,2.0071,-8.5037,0.5616,0.3341,4.0343,-5.6351,-8.7729,-9.375,-1.4883,-2.9102,-9.5812,2.2427,-0.4145,-0.8192,2.4529,-0.8419,-2.8202,2.8622,1.3709,7.6694,9.5947,-6.1888,3.1641,-9.5474,7.5147,-5.7469,6.1957,-0.0753,-6.5335,-5.7724,2.4974,-4.5558,9.9802,5.5377,-1.4799,0.1323,-3.5348,-5.4582,-2.6773,1.516,8.8157,-0.3777,-1.4974,5.4407,-5.869,-6.6091,-7.5876,4.4064,5.6144,-5.1843,2.1215,-4.1896,7.6556,0.2251,-0.4248,-3.8513,7.6477,0.813,-0.447,-7.5511,2.4818,-5.498,5.4334,0.577,-4.1561,-6.674,0.7492,3.7525,-4.2409,-5.0476,-8.4307,-1.5207,-7.0757,-8.5256,6.3408,7.7704,5.6363,-1.7835,0.0564,6.8639,9.9338,-3.8623,9.5271,-4.0563,-8.3611,3.4429,-4.7602,5.9356,-2.8921,8.9844,-8.3642,-4.1273,-7.8991,4.4463,-3.1331,-6.9692,3.4151,4.8361,-8.3318,-1.6207,3.0622,-8.3163,6.9957,7.7449,-0.626,-4.6426,-8.0996,-4.5016,8.4195,0.9724,2.1445,0.441,-9.7198,-7.8633,1.4399,-2.882,-3.1972,8.3639,5.2059,1.1125,2.2026,-0.4819,-4.4671,-6.6593,-9.1345,1.0197,6.134,8.1406,9.7905,-5.8761,1.6117,6.6064,9.9687,-6.5626,8.0626,9.7176
-8.2423,-7.012,-3.1366,0.4566,6.7857,6.0781,-4.0435,-2.6345,8.9133,4.851,3.3664,9.2447,-7.2482,6.0891,9.6853,9.1484,-0.8565,4.8712,4.843,4.3605,5.1284,8.2718,-4.4558,5.0138,9.6014,1.4675,-5.264,7.1229,-5.7818,-5.7802,6.5415,-4.017,-0.9019,-8.725,6.7132,3.5913,2.1716,6.0813,-5.2029,-7.9191,9.4215,-0.7708,-6.7726,5.2263,3.5528,-5.5937,7.7063,-0.4213,6.1021,3.7387,-0.7162,-4.151,0.0374,-2.7734,1.4553,8.9413,-8.652,-4.0184,6.2911,-0.2071,1.1282,-7.4069,-9.2437,9.5301,8.3264,4.3721,-7.5271,-0.4427,-5.8456,9.122,-7.1913,-7.5041,-9.1128,3.1485,5.9125,-7.2209,4.9512,-1.4341,8.6674,-1.0493,3.387,6.9082,4.6252,-7.3959,4.4057,-5.0486,0.6145,-3.5482,7.6741,2.3452,-7.2206,0.3111,-1.6983,-9.368,0.1764,-3.2049,-8.2821,0.2484,-5.9325,-8.3551,-0.1798,-8.9742,-6.743,-3.5406,-8.162,3.2657,-6.4532,5.8775,-4.0401,-4.5524,-9.1453,4.7494,-5.3653,-7.0753,-4.9317,-6.6606,9.3136,-6.8664,-7.0033,-4.2249,-4.4892,0.4972,7.2692,8.1159,5.0403,-7.4293,-9.3956,1.0798,4.4282,5.5479,-9.0152,-8.2555,-5.0812,-3.9716,-0.222,-8.059,-2.0379,-0.0576,-1.8989,-9.1535,2.8604,-1.1914,1.4287,-5.653,8.5502,7.4269,4.0731,-2.6656,3.708,5.9062,3.948,-3.8999,1.8087,-1.9375,-3.146,7.5923,5.6844,-2.9683,-4.8884,0.6531,7.1372,6.1231,4.6582,-3.4459,-4.0452,-8.5169,-4.0647,-7.8973,-8.2451,-2.6712,2.2376,-5.2637,1.0304,-9.5391,0.7585,3.6696,9.6192,-0.2168,-3.3058,2.0847,3.154,-0.2817,8.9482,-0.8564,-4.6315,3.7776,3.711,-9.3488,0.5573,-7.6744,5.1145,9.6757,-4.1,-9.1339,3.8453,-9.1499,-0.88,1.2414,8.072,-7.4648
7.7554,9.0749,-4.693,4.4631,-8.6768,4.4059,-5.5758,-0.3444,-3.2706,-1.6653,8.0283,9.1095,-4.8549,-0.6701,-2.3843,8.4517,5.1507,-0.5971,-5.0114,8.2845,6.9903,-4.6571,-6.6185,6.8693,-0.8201,-6.3011,7.3354,8.4981,4.7885,-0.8252,-9.3529,-7.6295,7.1097,-1.4573,9.2044,-0.7624,3.7296,8.5012,5.3004,-9.0794,-3.3222,0.4295,-8.7343,-5.2061,-5.394,4.9862,-7.9173,0.8358,2.9469,-1.7672,-0.7185,3.2932,-2.9007,-7.303,-0.6541,-5.9567,-1.2876,-9.5248,-4.049,-1.7853,-0.5018,7.775,-3.3049,-9.7376,-0.7624,-1.6031,-8.1475,9.9559,0.0429,-3.7705,4.4872,0.2078,-6.9877,-8.7415,3.4402,-7.9447,-0.1276,-8.7664,-2.7739,-0.0967,8.8067,-8.9541,-9.7883,-5.1723,-6.1265,-5.2085,6.9652,4.3318,-9.2109,-3.3068,-5.817,-2.5691,2.0597,-5.7682,3.8761,9.5988,7.1148,-1.909,-4.5929,8.8939,-9.3195,5.5946,3.6318,6.1006,0.1911,-6.1517,-7.3025,3.7204,4.258,-1.1056,-0.8912,-4.7311,7.1448,9.1464,1.9936,-3.5192,2.6969,-5.3346,2.9799,1.6383,-5.3525,8.4922,-7.7338,-0.1656,-7.0532,3.0429,-9.8223,6.9081,-3.2917,2.698,-9.0961,0.8917,-4.1552,-5.5695,-3.4309,-7.2332,7.0153,6.3746,8.3136,1.2492,0.9321,7.7523,-7.0285,-8.6115,7.3071,6.2263,3.2103,5.8158,-6.5709,-5.8565,-3.2411,6.7609,5.5137,-1.9925,1.2263,-0.7251,-5.2088,-2.4504,0.9423,8.8502,-8.8018,-2.4244,-5.8652,-6.3749,9.048,0.5647,0.8394,-0.1884,-0.015,3.3137,6.5729,-1.5241,-3.7016,3.0974,8.9914,-4.3977,4.2803,5.9661,-9.0376,-1.2235,-4.345,-0.5914,-6.2873,8.5106,-5.0645,-3.6242,5.5432,3.0558,8.7573,-5.905,8.2208,8.1187,-4.0057,-7.2212,-3.4141,2.9099,2.2237,1.8589,-2.2218,-4.6152
2.1979,-7.6173,-7.0572,0.8613,6.6573,9.092,-3.4307,5.5307,3.1928,-6.4937,-0.3629,-4.3122,3.8137,-2.8701,4.3176,7.0357,-4.3772,-2.4197,-7.3366,3.6041,-0.1939,-1.2337,-0.8634,-6.5042,-9.5643,-2.5423,-5.6584,-6.5978,5.5777,1.1272,3.6449,5.6741,5.5322,-8.9948,1.7888,-3.0072,-7.2919,-0.362,3.2503,-6.0258,-4.2728,7.0288,3.3892,-3.2626,-8.8265,-1.0077,8.2975,0.0965,8.7626,4.1795,-3.1268,4.3133,-8.4495,-9.5302,5.6269,-8.4751,8.7988,2.8424,9.1517,-1.0064,0.8787,8.8982,4.3948,2.3357,-4.7166,-5.3175,9.8273,-5.5834,9.7993,-7.5018,-7.5148,6.44,-6.8755,4.517,-5.2756,-0.5508,-5.0649,-5.4505,-8.172,6.3083,9.9381,-5.6675,-8.0722,8.2195,-2.8695,-5.3345,2.3858,0.9731,8.6877,-6.2965,0.5137,2.109,-6.0571,-7.2778,5.6353,2.0511,6.645,-5.4838,-4.243,3.5767,-9.3844,7.2868,8.8594,-8.8296,3.6972,6.8847,-0.5003,8.1315,-8.6517,-7.4988,-5.0848,-8.6223,9.6307,-1.1651,-5.3561,-2.537,1.944,-1.4064,4.6965,-7.036,3.0871,9.2119,6.5045,-0.4233,-3.3062,-3.2568,3.8432,3.0132,-9.937,0.3311,-4.0041,5.4244,4.4858,2.4286,2.2384,5.9828,-4.5676,1.0274,7.7598,-7.3359,-5.716,-7.5983,2.044,-9.5923,-8.1398,7.9843,-3.0148,9.7642,-3.1473,6.2652,-2.7609,2.841,9.291,7.7544,-1.3201,9.2762,6.7676,2.1055,8.9867,-2.2404,-8.0115,-8.1114,-4.019,-5.3962,1.711,-1.4421,-1.4857,0.5599,2.8308,-8.1298,-4.3294,-2.0624,-7.8487,-6.1098,8.345,7.2215,6.9751,5.9629,-5.326,5.172,-9.5471,-4.872,7.5802,-5.6979,2.482,3.2546,4.1361,-4.1094,-8.1645,6.693,-6.8197,4.5791,3.1139,9.9201,0.702,-1.6117,2.6648,9.4516,7.1356,4.9138
7.6469,3.7223,-4.2635,0.7969,-8.5865,3.9362,7.9281,6.3568,1.4879,3.6626,4.578,-5.192,4.4078,-8.2633,-1.1486,-8.6982,9.406,-0.609,8.0874,-0.3113,9.9694,2.5929,-3.4849,6.3524,8.7569,-5.0018,-9.9972,-3.0445,-3.8797,-1.4094,-1.4152,2.6179,-1.6857,0.5216,-9.4378,-4.0119,-5.116,6.8727,0.7517,2.7649,-6.0914,3.7421,-7.4684,-2.3368,-4.3319,7.2373,-7.1315,-2.8158,-9.7104,-0.266,9.5593,-4.0249,-2.0633,-3.4296,-1.3337,5.9705,9.9049,-3.4087,9.5301,7.1149,-7.9628,-3.9827,-4.5063,6.9267,1.3473,-9.7209,-9.5126,-1.6839,9.3344,-6.9977,7.0091,6.2563,-5.897,1.5008,9.5606,-6.2167,-3.2836,-3.4974,-0.7864,-7.325,5.6799,-3.0231,7.4542,-0.9576,-8.7124,-0.4303,7.173,-3.0175,5.1735,-3.073,-8.8224,-9.2144,-4.8592,-2.1172,8.38,-6.0204,4.7486,5.4256,-9.4732,-4.863,4.6531,-2.9848,-3.8645,-4.1937,4.8435,-4.6976,9.4392,-1.7265,-8.2909,5.7951,5.5179,-9.8919,-7.3413,8.7399,8.4452,5.4761,8.864,6.5789,-8.2706,-6.3831,-6.026,0.4007,-7.7811,-5.7641,-2.8479,-1.1646,-8.8144,-3.8028,-3.1708,9.7593,-6.8408,-4.7624,-1.1779,7.777,-6.8884,5.2892,9.2472,1.4143,1.3647,-6.0337,3.6379,7.3463,2.4848,-0.9981,2.5891,-8.5314,6.0531,-3.9063,2.4648,-7.8644,-3.8595,-3.4604,9.7963,-9.0006,1.2248,-6.1637,1.2885,-5.4776,-5.1996,6.1772,-5.9383,-0.0034,6.8183,3.769,0.5779,-4.7855,4.5964,-9.3926,-9.7646,-7.4175,-8.7438,6.4928,-4.2463,-0.168,-9.6288,2.5663,1.7018,2.6632,8.1502,7.6114,-8.1986,-4.8505,4.4062,1.4331,0.9749,4.1656,7.1289,-1.1291,6.767,-9.5331,-0.1145,-1.3026,-0.3972,9.6361,5.1247,-4.2966,-7.2485,2.0019,-7.0203,-5.3365
-9.0284,5.6403,7.3641,-6.7123,-3.1268,-4.8876,3.1328,8.4948,-5.2616,6.4146,8.8569,8.3829,-6.6178,-7.1193,-9.8813,-1.6382,-4.1439,1.7967,5.4324,-7.2044,9.5785,-5.3879,-9.0224,-7.669,-3.0648,-5.9059,0.8275,0.8589,-0.4123,-2.0689,-2.1611,-7.15,7.1807,8.8679,-0.3527,2.2337,6.5077,5.3786,7.0196,-0.1751,3.1691,-6.6198,6.0744,9.0227,-3.0775,-1.0867,-9.6408,-5.3699,-1.064,-8.1339,0.4867,1.7194,-4.7093,-2.5797,-9.3457,-3.986,-8.2053,4.5897,-0.0059,-5.9741,-8.7427,-8.6149,-4.0119,7.6138,-5.1321,-3.7489,6.2154,0.2133,-5.0498,1.5563,-5.4451,2.8932,-8.2981,-7.49,9.7586,1.3758,1.875,7.9741,-1.1931,8.8502,-7.1996,-7.7891,-1.0205,-8.9596,7.3009,-5.2361,-9.8883,-8.8553,-6.9419,-5.416,-1.0025,-5.3395,-2.181,-2.5044,-8.8016,9.1543,-3.1531,-7.0411,8.6268,-7.8476,9.4257,-8.2337,-4.3119,5.6699,3.9247,-6.7716,1.8112,-7.7605,-9.8892,2.9097,-7.5535,5.2636,6.6718,-2.7589,-2.4169,-9.9529,-5.1099,-6.7072,5.6085,-9.9884,7.7399,0.8347,-4.6567,-6.2236,3.9806,4.2677,9.4231,6.3458,6.7516,7.9414,-5.4469,-7.7326,-5.9564,1.5811,-4.6104,-4.4892,0.0999,2.2161,-0.7389,9.4662,-1.373,-3.8246,4.5542,-3.5228,-7.0597,9.2401,0.3224,7.5124,-2.7422,-5.1808,7.5744,8.4026,-1.6324,-7.0038,0.9338,-9.1139,-4.8034,2.8132,2.0536,-5.6933,3.212,6.684,-8.2229,2.9556,-4.44,4.7441,-8.7199,-0.4336,-4.5234,0.5515,5.7246,-0.6021,-7.4233,5.9244,-4.0466,-6.328,-4.7493,-7.5491,-9.017,9.4206,0.729,-9.4868,1.274,-6.4933,7.4575,2.1778,-0.0368,9.3506,-9.5272,-8.75,6.4788,-8.1856,5.9077,8.5542,7.2606,1.25,1.5618,-9.5185,-3.7023,-8.5439
-9.9968,5.2467,-0.5313,6.468,8.4527,-3.0034,-4.985,4.994,-4.2594,-4.1365,-0.3129,0.4978,-3.7205,-1.4856,8.5457,-9.8257,-1.3601,7.1532,0.9479,6.8435,-1.5157,-5.7399,7.4626,3.7773,9.1546,-9.332,6.5358,8.1265,-0.6968,1.0166,-1.6548,9.116,0.2776,-0.2913,-7.6111,-8.476,-1.1158,-6.0118,-5.4666,5.2006,7.4395,9.9814,-0.7396,4.6114,3.5729,6.7856,-3.0653,0.9943,7.5737,4.0273,-5.5323,-5.576,-7.9297,-2.2683,2.2619,1.6532,7.3428,5.0383,-0.4279,-7.0667,-6.5714,-5.2045,-9.3849,1.7715,5.3497,-5.5525,7.6362,-1.1972,-9.8017,-4.4386,-4.5812,-6.2782,-3.6867,0.7358,-6.7774,-1.3976,-3.3158,-3.4519,8.7498,-5.0133,-9.6511,-9.2224,2.1206,9.6526,-1.3259,-0.986,2.8322,-0.0951,-0.7323,9.9472,-0.0982,-2.1738,7.9144,8.2763,1.5216,-1.6777,-9.7307,7.1965,-7.5358,-5.4869,5.2203,4.2253,-2.2869,-3.4815,-3.6621,4.5923,-9.1472,-6.0275,-0.7406,8.7074,-4.6835,-5.1261,6.5315,6.8907,3.0266,5.6265,-4.7836,3.239,5.4972,-5.783,8.9542,-9.2522,-4.7112,-6.4295,5.7348,0.4148,-9.0687,0.521,-1.9071,-1.448,8.2133,-1.2449,2.6933,-3.0266,-3.3696,-2.7991,-7.8147,-5.3689,-6.5229,-5.3421,2.4876,-6.3293,4.1426,-6.5307,-7.6986,8.5693,2.2386,-2.7143,8.7033,2.5077,2.4076,4.0018,-0.0819,-0.4431,-9.6812,8.8551,-3.0593,0.5947,9.4277,4.0764,-2.2893,-4.3594,3.0945,-9.4043,5.6412,-4.714,5.3078,0.3998,-9.8336,-6.8746,-8.8953,-2.6899,8.0219,1.2907,0.3881,-6.0596,6.0802,3.3581,-1.7917,-3.3853,3.6851,-7.3462,-6.3465,-4.4809,7.9105,-6.1274,-0.3379,2.6969,4.7986,-7.3513,6.1063,-4.0287,-9.8006,-4.4714,7.0624,7.5671,6.1852,-7.9122,-5.583,4.4246
3.5912,6.7155,1.0689,9.424,-3.9792,3.9032,7.4255,-1.1702,2.8359,-6.3543,0.0383,8.2962,3.5087,-3.6386,9.5023,4.6801,9.6306,2.3821,-5.1187,8.9233,6.7627,-6.5386,0.8726,-0.5571,6.1247,-4.0397,6.2269,-1.7777,0.611,2.9871,-4.5887,9.4499,0.9248,-6.6253,-7.9523,1.2129,2.8591,-0.321,-5.3689,1.1245,1.1244,9.0052,-4.5365,-7.6755,1.1591,4.737,-7.548,5.4664,0.4852,2.6545,-9.3964,-3.3951,-3.1089,1.3821,2.9718,1.8394,6.9479,-3.0774,4.4117,-3.4312,-9.6294,8.6999,-7.2775,-8.5134,2.8611,-0.7082,1.4286,-3.5052,-2.9966,-9.1477,-6.5598,1.9129,-4.0548,-8.8027,9.888,-0.3524,-0.5199,1.7199,3.4286,-4.991,-7.2179,5.4874,-5.7203,0.9941,-7.102,-2.5972,-9.2704,7.0349,-9.9909,2.9001,-7.4123,-8.2204,-9.8116,0.5041,-1.759,-9.6116,-4.4604,9.9088,-0.8467,9.133,-0.8035,3.1244,5.4065,0.0981,-9.1791,5.8769,-8.2655,-2.8014,-5.6243,0.6974,-6.7556,-3.8052,5.9754,-0.8679,8.3807,0.5408,-9.1653,8.7026,4.896,2.2289,4.0587,8.5969,7.7604,-6.0796,9.6466,-2.1099,4.2466,5.3146,-3.0746,7.1749,-2.8316,-4.7527,-9.9932,8.4578,-2.3774,6.7962,6.0856,-1.3183,-5.1333,5.751,-8.5433,-2.5582,5.9373,-2.5292,-8.0388,-1.2553,-5.2849,-5.8118,2.7211,5.4865,0.7391,-3.5645,7.3851,5.5972,-6.0307,-1.7587,0.5741,-1.5921,-5.8915,-4.754,-5.9028,-0.96,9.1611,-4.7958,-3.9022,2.1981,-8.4286,-8.6167,-7.2932,2.1678,5.1951,7.4081,2.7076,2.8568,-4.166,8.2867,-1.416,-2.679,-7.9122,5.2482,-0.1756,-3.355,-1.366,-5.0834,-2.9146,9.2266,-6.7533,7.5186,-4.967,8.0417,1.724,-4.6751,-2.9194,8.2551,-0.6285,8.462,-8.0003,-8.2427,-6.4511,2.5007
6.7656,-6.2282,8.1871,-4.9775,3.0099,9.8367,4.0175,0.3997,0.7784,-0.4675,5.9188,0.6721,-1.6665,-7.5219,-5.4758,1.7876,-6.8036,-9.195,2.1332,5.5938,-7.6795,-6.0404,5.5985,8.9419,-6.8404,-1.0653,-1.4202,-5.9548,6.1935,7.2328,-6.7194,3.4981,-8.3041,-6.0141,8.5666,-2.1298,-0.8984,-0.7732,8.6725,7.0164,6.9292,1.6958,-3.2981,-5.0236,-7.9198,-5.2368,9.8288,9.2764,2.6374,-1.7281,0.6627,-1.1584,3.0503,-1.029,-9.388,3.7445,2.4505,-9.0887,6.0623,-6.9041,5.8869,5.3325,3.0797,8.0982,9.2312,4.3163,3.9564,3.8733,0.9714,-1.89,-6.5536,4.1874,4.0308,8.046,0.6552,6.4904,-8.2763,-4.3551,-4.7921,0.297,8.0767,-6.9082,7.3959,-6.0581,8.5448,7.4601,6.8597,8.2001,-5.4793,3.5577,-0.6081,-5.3441,8.5501,-5.8543,2.2579,1.531,-0.1708,-5.0238,-2.5328,-8.2191,-8.363,7.1325,8.2362,6.0561,-5.0217,4.1161,8.0936,-4.788,5.9258,6.0815,-2.1649,5.5776,-1.4682,-4.2734,1.6742,-2.6021,-3.7589,8.36,5.3704,2.2224,-1.4489,-4.378,3.2257,-1.5416,6.4403,2.1541,-1.1678,0.0049,8.6106,7.8094,-5.4622,-1.1036,2.327,9.0227,-4.5317,7.6438,-2.1516,-1.4282,-8.9934,1.9453,-9.1987,7.6832,5.3171,-2.056,-1.3144,-9.738,-3.9397,-3.3057,9.3582,-6.5728,9.0944,4.4394,-1.6445,-5.4436,-8.6902,7.3226,-4.6767,9.3626,-7.8226,-6.9482,1.1622,-5.8555,-8.553,7.0014,6.928,4.8912,-3.5891,1.0679,0.1388,7.1185,-3.2965,8.154,-9.1246,-7.6935,5.0408,6.3115,5.0201,-3.8973,7.8885,5.8429,-7.662,-3.3398,-3.1561,3.3946,-1.5371,8.6177,-4.0905,-3.7981,8.2401,3.319,2.8358,0.7038,8.1259,9.0322,-1.1396,-7.4746,7.4013,-5.8794,-8.0556,1.4075
-5.2701,6.6393,7.032,-4.7784,1.0047,0.6629,1.157,6.9277,-4.3926,6.0243,-0.1472,-6.672,0.3592,-0.6033,1.6884,5.4032,-2.8895,-2.7228,0.9663,-7.2271,4.4747,-5.0751,-9.862,8.7509,7.074,-8.726,6.6626,2.5497,6.2064,0.8826,2.1217,-5.5108,-2.1901,-0.5355,6.3846,8.8025,8.2592,2.0295,0.6723,4.6478,4.7804,2.1889,7.4668,-5.2279,1.3093,3.3139,-7.8442,-5.2725,-1.2175,2.4885,7.9921,3.3916,1.2018,-8.9618,-9.6408,3.9417,7.0411,-0.617,7.9479,-1.8382,-7.7727,-8.3275,-2.3191,-3.134,9.7333,-1.8171,-2.1166,3.8356,-6.2033,-6.4079,3.4752,-1.0026,5.6869,2.2817,2.3399,6.6227,0.2247,-5.7322,7.6969,4.9395,-7.4343,-5.4232,6.468,-5.7229,7.5318,6.6311,-9.6152,-4.4691,6.611,-5.6287,-8.7593,0.4506,9.2567,-4.2423,-7.2948,-6.4429,8.812,-4.9239,-2.1469,-7.114,2.5446,-4.3367,1.6542,-0.4737,-8.7591,7.9327,8.5166,9.5836,-0.3174,0.0129,-3.2862,9.7178,-0.7161,9.5149,-1.067,-2.5097,-2.7168,-4.3172,1.8523,-3.0081,-7.626,7.1,-7.2051,5.1497,9.6599,-7.2175,-9.016,9.7109,-1.6313,0.7629,9.0476,5.6025,-5.4584,7.2504,-6.2531,-4.0043,5.6637,0.4153,1.4378,2.9126,6.2894,-1.8381,-4.1989,-1.9301,-0.113,2.3347,-5.3803,4.3587,0.8807,-7.6057,-1.6102,-8.0458,-4.8665,8.5965,-9.0394,-8.9997,-1.3234,-8.3478,-5.6978,-6.8875,-1.9987,-1.8108,-9.9865,1.4512,-2.6345,1.1904,9.1335,-6.0081,-1.9421,-3.9264,9.9218,-1.1798,-9.2308,-3.572,3.7688,6.7453,-3.1557,8.7538,4.5644,-3.1989,-7.6786,8.7572,4.0609,8.5165,3.0815,0.1133,8.3631,5.0443,4.5015,-3.6517,6.408,7.189,5.8803,0.0431,6.5718,-2.1613,0.5974,0.672,1.6952,8.2863
9.7729,5.4663,6.3579,7.1121,8.5671,5.0315,-4.2852,-3.0013,-3.5971,3.4921,4.2446,-5.1156,0.4986,-7.5349,-5.4454,0.3327,5.8938,-9.6144,-1.3882,6.9181,-9.1374,4.1955,0.0689,-7.6319,8.7439,2.9937,7.3737,-2.2384,8.7796,-6.1654,-7.0171,-7.8221,0.0781,2.4237,-6.8821,-6.3652,1.8801,9.5822,7.5669,7.0394,6.0647,-5.5471,-8.9347,0.1938,6.0023,6.0838,-0.2678,6.4631,-8.372,-8.8511,3.5747,-1.4432,3.556,8.812,-8.9145,-6.0245,-4.9511,-5.3785,7.3529,7.5436,0.8551,7.6076,-7.0692,2.7746,-8.2149,-7.1277,5.6639,-6.7691,-0.9165,-6.5261,-3.1102,2.9205,1.3383,-5.363,-3.6369,0.9159,3.3454,9.396,6.9965,-7.2182,-4.6878,-6.8585,5.0376,-6.9749,1.7731,-3.3268,-2.1736,3.5802,3.8933,-6.8763,-9.5402,2.4182,7.2846,7.7326,-8.3605,0.2398,4.1713,3.402,5.3901,-4.7537,1.6516,5.5637,3.0708,-6.0576,-9.3281,4.385,3.6883,-2.3601,7.5144,-5.6067,-8.1568,-4.4122,1.9633,-4.3704,-0.304,3.0626,-4.7775,2.1741,0.3948,-1.5889,9.1085,-0.0972,-0.6991,-2.6651,-7.7961,-6.0231,-8.0245,2.998,8.7193,9.2627,-8.7418,6.6912,-6.5566,-0.2669,-6.1638,-0.8777,7.8604,-3.1151,-2.201,-6.0963,7.7175,-8.3163,6.9272,6.5688,2.5751,-4.9277,-3.3326,-6.9873,-2.5416,-3.8373,6.448,-0.9285,-2.5366,-1.4174,-4.8345,4.4529,-1.3678,-8.7338,7.5578,6.9947,3.8908,-9.1069,-3.2602,-2.1059,1.0073,1.6528,-6.5072,7.4978,2.6657,8.0274,-5.0355,6.4554,4.4654,3.053,6.0725,-1.7465,1.6484,5.0727,-0.256,8.0443,7.349,3.8093,0.9475,8.1407,2.208,6.939,3.5682,2.7346,-1.2186,-1.4593,9.4671,-7.2217,4.7811,-3.6001,5.2395,-6.4308,-4.3355,-2.0672,0.3193,-2.5566
-0.8361,-2.0257,-8.3026,-9.5197,3.376,-9.9985,-2.5267,7.7944,-3.7378,-2.3888,-0.7878,8.5663,6.9616,1.4796,-1.9859,-4.9113,-1.7242,1.5701,-0.984,0.534,2.3392,8.3468,2.402,-2.1448,-3.8762,1.4181,9.6956,-0.9219,-5.6157,9.3024,9.4369,2.0618,-7.4132,5.6645,-1.5341,2.6116,5.9148,1.4563,5.5519,-7.6943,4.819,-2.9086,-1.7009,9.004,9.767,-3.002,-9.7238,9.9295,-6.5145,7.2462,1.5058,7.1327,-9.8263,1.2803,5.4129,3.3585,-0.6727,1.1448,-0.4524,1.1192,9.9288,-4.0717,-6.0156,-9.4915,2.9377,5.762,-7.7819,8.597,-3.7687,0.8175,-7.9028,-5.6662,6.7726,9.3833,-7.255,9.7738,6.3243,5.5162,-3.6502,-8.4384,4.9304,-1.4715,7.9263,-8.2781,7.6926,-0.7177,-8.7229,6.9759,-2.939,-1.7567,7.1681,6.815,-1.5675,-7.4436,-9.0978,-9.1491,-2.9554,1.4943,-9.9296,1.0801,1.5144,0.4099,-4.1316,3.7662,3.6404,-7.7016,-9.2694,2.9805,-2.875,5.6665,-2.8437,9.1998,0.3371,-4.0706,-0.4451,8.958,-4.0941,-6.8668,-6.1382,-1.0197,0.3621,9.9122,-2.2468,7.6686,-2.2199,-3.5704,-6.3985,3.6752,9.9477,-5.8244,5.1348,-0.9825,2.24,2.0819,-0.8593,1.9652,-1.3028,3.9518,4.3462,-9.454,2.7373,9.7619,-8.7337,7.3881,2.2531,-3.4692,-6.8458,9.395,-0.7538,3.0421,2.5672,-3.3137,-9.3143,0.2466,1.8206,9.3396,-1.2035,-0.1326,2.789,-0.8629,-3.3832,-9.9819,-1.7617,7.141,4.1902,4.0612,-2.3989,5.6962,-7.8536,-1.6652,8.2526,3.0505,4.5529,3.2603,-7.3672,0.9602,-2.8654,-3.8196,1.0963,-5.7457,-0.0245,-4.1403,-3.9418,-4.7711,-4.3078,2.5677,-8.7563,-6.4176,-0.3952,-3.3871,-2.7736,0.9487,0.1889,2.9043,-1.1149,8.4311,-3.3971,-2.9773,6.21,-6.3942
2.0418,7.1728,1.3829,0.7036,-3.9988,-8.358,-4.0238,-4.7884,-5.0358,3.6444,-1.0711,-8.1066,9.3975,2.658,2.4389,1.3233,-5.9802,-0.5386,7.2896,2.7838,2.5074,-9.3635,7.4923,-6.5464,8.7803,7.452,8.4097,4.6093,-0.4077,-8.146,-9.357,7.0599,3.1433,-6.5635,5.3978,7.7251,7.7335,8.3463,9.7501,-7.1757,-9.5261,-1.0785,-8.4306,6.362,3.5236,-4.9184,3.0213,-1.6125,3.1087,-0.2063,7.2498,3.6651,-8.316,-8.3547,3.6498,-4.5453,-6.3217,0.674,7.3789,-5.5775,-6.0396,-3.3753,-6.1552,2.3273,-5.6335,6.8867,4.1215,5.1919,-8.6032,-1.7313,1.4924,2.3336,5.1975,-9.4556,-7.2855,6.9709,1.2661,4.9587,7.2055,5.0865,-0.9898,2.3268,-4.9438,-1.8091,-8.2436,-0.6294,1.5444,4.669,1.0539,-6.2644,-9.3864,-6.894,2.9618,9.8818,-3.5722,-0.7135,4.7167,0.2069,1.0071,0.8323,-3.7766,2.3543,-8.6278,-1.1309,-9.4807,-2.9634,2.9429,1.182,-6.2141,8.8721,-1.0537,-9.2163,4.7705,-5.4877,1.383,8.5207,7.0745,9.2974,-2.6802,-0.5762,-1.8341,-1.7871,7.8164,-2.4486,-0.7569,-9.8686,-7.3088,-3.699,-8.9852,-6.3661,-0.7985,6.6654,6.9475,7.2511,1.917,5.3566,-4.8624,-1.2786,7.3109,0.2324,-9.0226,1.1174,-6.129,6.8815,-5.3032,-7.4026,4.3876,-1.1649,-4.7617,-6.0106,-6.5983,4.873,-3.6585,7.9347,3.2825,-4.2338,-4.8654,9.2107,6.8909,-1.8762,-6.855,2.3096,7.6195,5.4399,4.2234,8.1347,3.2199,9.9347,-1.4291,-8.8993,-1.2128,9.2893,4.0289,3.6939,-9.4662,-9.3714,6.4006,-7.4523,-4.3712,2.187,-3.6805,-1.7065,-6.4547,-4.9775,-5.8749,2.5456,-0.1846,2.5166,-8.5655,1.2125,1.201,-2.1401,3.5678,5.0639,-1.8111,-5.0998,9.9528,2.6074,2.873,-2.6736
-8.9631,7.2901,-0.6685,7.0403,2.9939,4.393,-7.872,3.9974,-0.3307,7.0992,-3.1425,-8.9134,-4.9933,3.2829,-8.3945,-3.8716,4.479,-7.0177,1.3982,-5.7891,-5.4134,8.0647,3.3059,5.0639,-1.0862,-3.4444,-1.7343,3.1635,7.1138,6.8859,6.8311,-6.1125,5.6349,8.6163,3.3743,-1.6761,8.0559,5.1916,-3.4548,-3.1687,0.7421,4.71,2.3373,1.7825,-9.5835,-8.7212,-6.2499,5.5962,-3.3475,1.8432,6.9053,-3.6724,1.9099,-9.7337,-1.6023,-9.4241,4.1004,2.4227,-7.8679,4.2009,4.9544,-9.899,8.7836,7.9933,2.1139,-5.3995,3.8509,-5.7655,-1.9172,9.0655,-2.1635,1.3231,5.2474,-8.982,-1.885,-6.4046,-1.8797,3.6937,-2.6406,-5.8883,-1.1245,-1.0517,-8.8707,-3.8128,0.5121,-5.2022,1.1083,-2.5272,-5.4184,1.3069,-3.0966,-6.4503,-8.8983,6.4791,3.5897,-3.9303,8.5966,0.6234,-1.2357,8.4911,-8.0985,-3.2838,-3.0551,4.4658,-9.3947,2.3428,7.873,7.8569,9.7567,6.7481,-3.2836,2.5514,-3.4244,-6.4303,2.8208,2.3197,-5.3379,2.0327,-8.2388,4.2278,-9.3651,-6.7778,-3.3503,-3.1631,-0.3353,6.8067,6.6341,9.0092,4.5003,-8.3472,-5.449,9.6024,-4.6213,0.7594,-9.3421,5.4269,-4.6621,7.3942,5.0221,3.7105,-5.9008,-0.4646,-1.5501,-5.1474,8.2273,8.6437,-1.2107,-3.6232,5.0073,-7.8075,1.572,-6.2945,-1.3075,3.8537,-2.8055,2.4514,5.0892,2.1405,1.3696,1.1507,0.7693,6.7499,-0.9924,-5.4256,-4.7683,2.0274,-8.5939,-4.2219,2.6223,5.8169,0.8208,5.6301,5.2315,7.682,4.2387,-9.7716,8.1094,9.1565,-6.5227,2.445,-1.6668,7.9242,2.5577,-0.7515,-8.0217,-4.7356,-7.0087,9.2084,8.6605,0.556,9.684,5.8336,7.9856,-8.9611,-1.0378,5.8595,4.1271,-9.2068,-4.3625,-4.9723
-4.4761,2.4978,-7.4077,-3.2778,5.4999,-6.0455,8.5372,6.3686,7.2993,-6.6616,-3.1976,8.9631,-6.071,-0.5672,5.0119,2.3234,6.4632,2.542,2.943,0.0164,-9.413,8.0896,0.6164,-4.2334,9.4827,7.97,8.8669,6.3907,9.1933,0.5553,-7.4719,6.2648,-4.0397,-9.1379,-7.5464,-3.1367,6.6529,-0.6262,9.4062,7.148,-6.5382,9.7604,0.9653,-3.268,3.6747,-5.5806,2.8479,1.0013,-2.5163,-3.0169,-4.4025,-1.7513,6.3632,-3.5525,-2.1669,7.7775,0.213,-2.5294,-6.3434,-9.544,9.6005,3.2208,-1.8131,-4.7807,-2.8685,-5.3018,8.199,7.7901,-6.3948,-8.9647,-4.4096,-2.1156,-5.9031,6.537,3.9589,9.5959,1.1638,1.037,-9.6949,2.9256,-0.6182,-6.7083,3.7681,2.4767,1.2559,-9.9392,-3.5805,7.1837,-9.083,-4.4723,6.9314,1.7833,4.5062,6.9218,-6.759,2.6522,-6.4903,9.7381,-6.4249,1.9222,4.0988,-0.0735,7.6521,8.2683,-2.4976,7.6649,-4.1417,-1.6646,8.3148,2.2623,7.1386,-3.2201,6.4063,-5.2884,-6.3953,1.8503,-1.4788,8.813,1.2867,-9.0829,2.0578,-3.9012,-0.5895,3.5067,-0.0944,-9.3282,7.7758,0.8032,-2.258,0.755,3.6799,0.7849,-4.3839,4.5994,-7.2047,3.0235,5.7782,-2.0657,5.2225,-9.391,-8.1013,-0.4103,-8.3133,0.3013,-0.777,7.4145,-7.3026,-5.7105,9.9956,9.2905,9.2161,-6.3742,-0.1634,-8.3474,9.1343,2.5141,0.3747,3.5349,-0.9095,-5.1469,1.2658,-2.7864,-2.1988,-8.4068,-8.5827,-1.6143,-7.3686,3.3243,-1.934,6.4178,-3.8239,-6.4297,-0.0225,-6.6666,4.9824,-7.7713,-1.1909,-7.9158,-1.1592,0.7318,1.005,-5.7068,4.2117,-4.8302,-3.794,-2.6323,6.9197,-2.3151,9.3642,-1.7245,5.0173,0.2621,9.2166,-2.1071,7.9943,5.2773,-4.8088,-0.7198,4.8118,-7.7245
-8.2327,-9.6845,-7.5843,8.9527,-2.3934,4.4161,-0.5323,2.5081,-8.1768,-9.5925,7.2861,-1.9241,-1.1193,-8.5734,-3.672,2.2907,9.2682,-4.2771,6.1789,2.4744,-1.7564,2.8272,6.3018,-6.0255,-4.2733,-3.6729,1.3238,2.8402,2.941,-6.9389,-3.4638,5.5827,-9.1149,4.2215,-3.3066,-0.3039,-8.3836,-2.9179,5.8793,-6.6661,-0.3762,6.6337,6.3729,5.8353,-1.4453,0.2552,7.2045,1.2137,-9.9757,-2.4719,-9.4163,1.0117,3.9569,-6.0452,-6.8186,5.0454,-9.7047,-0.5037,-2.6608,-8.4836,1.9127,7.9798,-5.3037,6.368,7.236,0.6681,2.5719,3.9564,9.0798,6.3963,-8.7341,-5.1275,-7.607,4.9824,4.6501,-1.5719,-9.925,-6.8064,-0.196,-4.2518,-4.3664,9.0273,6.0571,-5.7615,2.2068,-7.3134,-5.0273,8.8682,-2.5689,2.9202,-2.1939,8.7045,8.5538,-7.5696,1.9348,-3.0923,9.7212,9.385,8.7195,0.3308,2.7495,-7.8243,-2.1551,2.9997,4.4562,2.2034,-8.9491,9.4428,-9.1613,-6.8959,8.333,-8.2554,4.6698,7.4697,6.6592,-9.1203,3.8272,-8.9302,3.0867,7.0389,8.5602,5.4918,-8.5085,-2.5468,-1.627,-3.8931,8.3048,-4.7992,0.8613,-6.3024,-0.1373,-2.4831,-0.9556,2.9579,-7.8637,-3.7484,-9.8646,2.3594,1.3766,6.7499,8.7466,-8.0166,-8.128,6.8519,4.8286,-8.7277,6.1463,2.2494,0.4985,-0.939,-1.8326,4.9544,6.2214,-9.5902,7.4125,-6.04,-7.4734,8.514,7.3463,-6.2278,3.931,-5.7192,2.5965,3.5022,-4.6257,7.7646,-8.2008,-0.9828,0.8717,7.0694,4.3204,0.2561,-6.7789,-9.9351,-5.1534,-1.5473,-5.2619,-3.8812,-3.0467,-4.75,-4.8376,8.9794,7.8469,6.7846,-3.4157,2.6183,7.9106,-1.9599,9.8778,0.5766,9.8352,4.1265,6.031,4.0217,1.3496,4.1223,-7.2191,-0.0552,-3.5733,-2.6193
-4.8897,0.21,7.7022,0.8758,7.4608,-6.3736,-5.2581,-3.0033,-0.0518,-8.6069,-6.1922,-6.7267,8.0448,5.7129,-6.4364,8.1313,-6.4124,2.9722,4.7241,9.7226,-4.2245,2.9514,-7.7076,5.0847,3.0478,6.7263,2.9939,-8.2182,-5.7062,9.6233,-7.0204,-3.5018,9.505,-9.6121,2.7827,9.4543,-5.2388,-2.8587,9.8164,-5.3958,2.081,7.5682,-4.4748,3.674,0.3829,-9.4449,-1.7347,-9.3927,5.2012,-8.7762,-5.383,5.881,-1.763,1.7672,-0.3154,-2.8744,5.2421,9.4546,2.9627,2.2884,-3.5225,7.1744,-1.2628,-3.6455,-6.6417,6.3638,4.6719,2.684,-7.6482,-2.855,9.1926,4.4104,-2.2156,7.5401,8.1465,8.2098,5.8805,-9.6737,-0.5411,-5.4881,1.7753,4.2985,5.8364,-6.9385,3.1948,6.2566,-5.861,4.7149,-2.7039,4.1384,-3.498,-6.9869,-2.719,0.612,-6.8084,-1.8058,-4.6412,-9.0072,2.1528,4.3485,0.6406,0.7856,5.5883,8.7455,-5.3228,0.0728,8.8912,1.4877,-1.6383,3.2717,9.5496,-4.3784,8.1327,-6.7773,8.673,-3.1821,6.1004,-0.3178,5.1264,-3.4709,0.5012,0.5004,-5.2551,1.7153,-5.2404,-9.2394,-6.6606,-1.6463,9.9487,-9.9516,-5.8724,7.9403,6.2894,-4.2793,-1.0173,-6.3401,-9.6253,-7.3296,-4.8286,8.5222,8.4623,5.8691,-1.5931,4.6404,-9.8945,4.4795,5.1,3.4893,7.076,-4.2663,4.7517,7.2342,-8.8174,6.856,5.875,-9.8359,4.9005,2.582,7.2171,-9.348,8.4097,-3.0482,6.8621,1.1388,-5.1719,-4.7841,8.0642,-5.6982,1.4295,0.7021,-1.2315,-1.376,9.7057,-0.9383,2.5699,-1.8767,-2.787,2.6458,-6.9045,-5.7334,6.8512,9.8536,-9.1362,7.6034,-6.8844,-6.6162,9.355,-1.214,9.8999,-3.439,1.9409,4.9838,8.6608,8.8868,-9.8488,0.0289,7.3657,-9.2082,0.5873,-7.1904
-2.7777,-6.3511,-2.5607,-0.4407,3.497,-5.8154,0.8099,-5.8911,5.6821,-9.2594,9.7926,0.8237,2.8224,-3.3232,-0.062,3.9658,9.2528,-9.9661,9.5606,-1.6009,1.6491,-2.449,3.937,9.1878,2.9575,-9.2759,-9.0465,-5.274,8.8495,6.3889,1.951,7.7099,-1.8484,3.0768,6.4557,-7.9445,5.2271,-2.8274,-4.2866,-2.9192,5.5351,3.1764,-6.4973,-9.9752,6.442,-1.4592,-4.8495,-9.9279,2.0547,3.4703,1.8329,-1.6991,5.5176,-5.1759,1.5235,-5.6258,-2.8603,7.0364,3.0863,-6.8507,-3.4231,-3.1167,6.8057,-3.7311,-2.1737,-3.1459,2.9191,-7.6396,3.2213,-7.1924,-2.3259,7.5729,-7.0034,-7.8958,4.6328,-4.7079,-3.6455,-5.8039,-2.8443,-0.5449,-2.2406,9.3873,6.8835,-6.45,4.8236,-4.2477,-1.3745,1.9522,-4.3894,-1.5486,5.7484,-5.8332,-3.6151,9.994,-6.3013,3.3028,-4.0762,-1.0856,-4.3514,9.0824,-0.3542,-6.6876,-7.5075,-1.0732,-0.6027,-1.0938,5.6978,5.7751,8.3689,-4.528,-6.106,-6.6699,7.1008,7.4435,7.6177,-6.4478,-4.0487,8.7509,-4.6741,-6.656,1.2195,-0.5033,-5.7834,-7.813,-3.9531,5.9435,3.4809,5.0864,-9.391,-3.7008,7.3244,-7.3743,-2.1158,-0.5277,-8.3748,-6.8515,0.1404,0.048,-4.7093,-9.7881,9.1642,-6.2765,0.5805,-6.042,-2.9466,-4.5459,7.8418,3.1049,8.7398,-7.5079,2.867,4.9074,1.4007,2.6847,-8.3512,6.3228,1.0643,-4.0744,-1.4736,9.9292,0.3776,7.4415,-7.3724,-1.5175,5.3972,7.7394,-0.788,-0.1465,5.6394,6.1361,7.7878,2.4298,1.8606,-8.615,1.5656,5.0769,9.8091,6.2214,6.1144,-7.1781,9.59,9.2764,-3.1528,-1.5532,-6.4489,7.9595,-0.3558,5.2821,1.0887,-5.1111,4.4149,-0.3339,-6.4064,-2.636,-7.0395,2.2296,-2.595,7.1543,-5.4256,-4.9921
6.2343,5.743,0.7934,0.9232,-7.9439,-5.1198,-4.5928,-9.2068,0.9682,-0.3089,1.9112,-7.9003,-6.9379,6.3949,-1.3568,2.2757,0.3939,-1.1064,3.0811,5.5971,8.432,-2.6948,2.8706,4.3858,0.3105,8.8287,2.5699,-1.7179,-7.0936,5.7734,-7.6816,6.2667,-8.5991,-8.2702,-1.5462,-9.962,-7.9442,-9.7436,2.6126,1.3926,2.1891,-8.8229,-2.7845,5.9585,-9.8927,-9.7299,-6.4186,-7.277,5.0021,-2.5241,-9.3398,7.6097,-4.9103,-2.1067,2.7463,-9.6267,1.8047,-3.482,-4.2052,-6.2087,-6.6154,1.0322,-8.7731,0.0477,6.8329,-0.5075,-7.2994,-9.1934,7.0941,0.7024,-4.769,-0.5068,-5.7757,-4.821,-0.7603,-2.8444,-3.9285,6.0711,-8.3445,9.456,1.4837,-2.2836,9.4459,7.9656,-9.4859,4.5555,5.5954,-8.3268,-6.9593,4.9004,-4.9203,-5.8618,0.7552,-2.8904,-4.0401,-5.1291,-3.8152,-3.0102,3.8183,-8.0267,-5.9644,4.3939,7.2014,-2.6823,-4.6776,6.2932,6.12,1.2141,3.4855,2.1503,-4.0684,6.517,3.8477,1.8274,-5.0781,-5.2938,-4.9927,-9.6851,3.9997,6.4945,-4.7709,-6.1233,6.8358,-6.6767,0.6209,0.4986,0.2397,5.3959,9.0202,7.0136,-4.4053,9.9613,-9.9511,-6.3211,-2.2598,4.098,1.0702,0.6224,0.8132,0.108,-0.0568,-5.6386,4.2691,9.8116,-1.4965,-3.6031,-9.4341,-4.0286,9.3416,3.3975,3.5148,8.3149,8.3048,0.1123,2.4003,0.4188,2.0123,-7.6442,1.8355,-7.8728,8.2419,4.0364,6.1461,3.5879,-4.0695,0.7142,-5.1261,-4.4284,-7.9848,-6.151,-8.901,-2.0333,-4.6622,-4.6592,-2.8714,1.0509,8.8942,-2.3733,2.8808,-4.5715,4.3656,-4.4259,2.662,-8.7591,-7.4151,3.8694,4.1091,-0.2394,-1.0239,0.3264,4.7398,8.4796,-7.3647,-6.628,-2.3948,2.776,-2.2288,-8.1299,-0.0345,-6.7305
-5.8904,1.4947,1.0175,-1.3751,4.0934,3.6207,5.7928,-6.2879,8.5504,-5.7748,-6.296,5.3801,6.9016,-2.1975,3.8512,-0.5719,-3.6245,-6.6861,-3.1227,1.3834,3.1431,-2.0273,-4.1856,-2.1878,-5.5478,-0.1894,-8.4313,7.6628,2.4374,-8.3763,4.9686,-3.9998,-3.9204,-4.145,-7.5609,-5.5212,6.0086,-8.9024,-3.7824,1.071,6.8395,1.0803,-2.1157,2.6178,-0.3551,3.4905,3.3958,1.6711,-2.8967,-0.255,-8.7685,-3.189,-3.4281,-1.415,0.4672,1.6061,-0.6649,4.6253,-1.7505,-0.6776,-6.4067,-4.8052,7.5126,-9.6854,-4.0018,-3.2732,-3.4149,-0.9503,1.9483,-7.4825,2.287,3.8248,-9.8963,-9.2576,8.243,-1.1456,-8.0907,5.9601,-1.4488,-5.0493,6.172,3.7215,0.1093,-3.245,-5.1006,-0.8455,-0.1393,8.0546,-3.2515,0.0085,-0.8292,4.9454,3.7853,-4.4404,-7.1898,5.914,0.1162,-4.1512,-1.9588,9.6531,-8.8695,7.3765,-5.9963,-0.7972,9.6037,5.2125,2.4214,-1.6942,-6.5177,-3.3271,-1.0822,6.3546,-8.9094,0.2042,2.4547,-1.9789,-4.6835,-2.5264,-5.4919,6.2429,4.1194,3.2549,4.9844,4.4652,-1.2063,-2.9389,5.1282,-3.6371,-3.9189,7.8911,-8.6144,-4.0603,0.6275,-5.7923,2.6935,4.9445,6.4496,-0.8567,-0.2663,-8.4918,-6.7361,-8.8659,-8.3671,-3.1647,0.1466,-0.6153,9.1633,8.3914,-2.1593,-4.9775,6.7093,-1.4794,4.3199,-6.7908,3.8409,2.6519,6.059,4.2812,-0.6059,-3.7618,-0.8025,-0.6753,-4.7246,-2.3369,7.8583,-5.597,9.7688,4.3949,-6.6818,0.2375,-4.7461,-8.5046,1.0414,4.4213,-1.3528,-0.5844,-3.6685,-9.5459,-5.0455,6.6801,-4.5648,7.0773,2.5845,-8.4863,-6.8348,1.638,-9.7135,-1.269,8.4047,9.4214,8.8485,9.0797,8.1884,8.7095,-2.8955,-5.6706,-0.5157,2.0164,-7.882,4.4467
8.878,-6.8157,0.6874,-0.7032,-5.5321,-6.906,2.7584,0.1069,-0.7867,-0.5507,8.5401,8.3936,-4.706,3.7451,-6.7224,4.0624,5.8609,-9.1687,-9.8755,-3.8447,2.9863,7.6839,-3.3833,6.3273,6.4873,-7.7147,8.6742,-8.2117,-6.3144,0.2307,-0.2953,3.3937,-4.3696,0.9034,5.0737,-8.294,4.7286,-3.8328,-6.4103,0.7637,-9.2186,-5.6132,9.6163,-6.5801,-1.8497,-9.3596,-7.7345,-0.0182,-7.8737,-7.7926,-4.2409,6.2306,-4.038,-1.0674,-7.4692,-1.4524,5.8529,7.1747,-4.0586,6.3606,1.6315,-7.3795,-2.2452,8.0912,-3.5312,6.5613,-9.3094,-3.5633,5.536,-8.3947,-0.2746,5.1372,-0.6598,2.1086,7.9857,2.789,9.9554,-4.0506,-5.6462,-5.9026,0.0442,-7.1935,-5.8837,-8.1865,7.0506,9.1518,-0.3606,-3.2634,-5.0448,3.1054,5.2087,7.0581,-4.8123,-1.9168,-8.1441,0.5042,-2.1922,-8.9874,-2.2103,-3.1543,3.0573,6.8426,1.0306,-6.5485,-9.8906,4.4908,-2.5648,-2.3906,-1.8216,-2.7512,-1.3432,-5.8858,-2.8801,1.8288,0.1891,-0.463,1.7394,5.6865,-4.9565,-1.9362,-2.8684,1.9069,-3.8174,-0.7696,4.6801,-3.7532,-2.0108,1.5208,8.5833,-8.1295,6.2261,-0.5018,-9.9429,5.3957,0.3781,-2.8131,1.7521,0.9225,4.8624,-5.2869,-9.2015,-3.7015,-0.8496,-5.4233,-2.6785,9.7194,-7.384,8.4211,1.4739,-5.5192,-2.3486,6.5363,7.1491,2.8716,6.5572,-8.6531,-8.7248,1.4738,-3.6195,5.3985,-7.3167,-6.8888,-2.9561,3.9253,1.4134,-0.3719,-6.9572,4.0899,6.1261,-8.4089,3.7263,-2.576,7.0673,-9.699,-0.5005,5.5157,-1.1133,0.8553,0.3365,2.8237,-5.2649,4.7504,-1.5452,-5.6881,4.7751,8.1781,-4.4254,-1.3176,4.413,9.0879,0.5684,-4.3038,3.4548,7.6966,-1.1079,-8.4339,4.0253,-8.7778,5.0332,7.6651
-6.8484,-6.5,-5.0132,-2.1915,2.6919,8.7016,9.0479,6.7503,-9.1378,7.9507,-0.1587,2.4241,3.749,2.2689,-7.7153,-6.9448,4.9372,-4.416,3.9222,3.1353,-4.5858,-8.575,4.6839,4.9913,2.1401,-2.4584,-8.39,-3.0863,-9.801,4.756,1.214,-2.9009,7.2023,-8.3275,-6.3245,-2.0448,8.7003,-8.8751,-2.3529,-6.7596,6.7889,-9.9335,2.8999,4.587,0.8314,1.3018,4.3662,-1.3532,-7.0786,0.256,2.9319,-4.3156,-8.5352,4.7391,0.1608,9.963,6.9872,8.6749,-0.2661,-3.4148,8.7101,7.6863,1.8522,5.873,-4.1409,2.7973,-2.8966,6.5417,-1.3533,-0.1129,-6.3894,6.6444,5.8763,-5.3143,5.8074,-6.1021,-2.522,-3.091,-8.0258,-0.3347,-4.5806,8.2896,0.3068,7.4479,-5.6621,-3.8944,6.3711,7.728,6.794,-2.7314,-3.4494,-7.786,7.4125,-6.2908,-3.6348,-9.3915,-9.0154,2.0233,-5.8948,-0.6606,-5.8546,-0.2398,8.7511,-0.1165,7.2713,-8.5025,4.7642,6.9479,9.8253,5.8215,9.7505,7.8379,3.4285,8.1282,-2.8173,8.547,0.9129,7.969,-8.3431,4.2122,0.1518,-0.7912,6.9348,8.0895,1.9259,-5.6393,-8.0234,2.2429,5.5848,-8.7276,9.9916,9.255,6.846,-4.5913,0.2863,5.4888,1.1348,3.4924,-7.801,9.6231,8.92,9.5642,7.2445,1.0997,-7.1568,6.9589,-9.7722,-8.7553,-3.1373,-9.3509,4.9963,0.7515,7.6506,5.0801,1.8112,7.3308,5.8843,4.2546,5.8014,3.3429,-5.0464,3.6346,-8.7925,-7.9674,-4.5692,0.8308,-4.1458,-7.2854,6.105,-6.4926,-8.3391,7.9296,-8.2306,-1.2803,-0.4411,-6.3315,3.5831,-7.8802,-0.0698,4.424,-5.2761,6.7026,-4.5639,-4.6258,0.7516,5.5968,-3.4636,-5.1041,-2.7892,-5.9541,1.8311,0.8446,2.2273,7.0426,-5.3458,-7.7423,1.9182,8.3767,-4.6511,-0.104
8.9368,0.1836,-6.5382,6.9621,-4.4421,-2.1033,-6.8906,0.1627,-8.3077,2.4159,-1.9234,-9.3796,7.6748,2.9142,-6.3134,2.8703,-8.0762,0.4361,7.8156,8.1237,0.9451,-6.6214,5.4975,5.2895,-1.0288,-6.1112,1.9318,7.5966,-0.3455,-7.449,4.1155,5.4614,9.094,5.9265,5.4697,-2.7429,-9.7578,0.7332,9.0445,2.1858,2.4682,-5.5191,-0.2631,-8.7847,8.3593,-5.7649,2.4609,-5.4158,7.5098,-7.8744,2.2355,8.1392,-7.9333,-5.3639,-2.8245,-5.4627,-4.5919,1.2567,6.9849,7.265,7.5726,6.1356,-6.795,-2.8559,-6.2559,-7.9779,7.8565,5.7742,-2.4874,-0.0822,3.8321,-4.4834,-3.1366,4.8109,8.1218,-0.9928,-4.6803,-5.8059,3.9931,-6.7779,7.4022,2.9835,-2.2633,-2.7976,8.9419,-1.4831,2.7061,7.7384,-2.7473,-0.9093,-8.0891,5.4399,-9.79,-1.1626,0.8658,2.6361,-7.3955,2.1917,-1.2867,2.6207,-5.8182,-6.0158,1.6965,-5.2191,-3.919,-1.7041,7.45,0.2932,2.3093,-5.3868,-6.6571,-4.878,4.9947,-7.3095,6.6771,-2.8643,2.5772,-0.1218,9.7263,2.8977,-4.3691,-1.682,-5.5338,-7.2057,7.1296,-3.7014,7.377,2.27,6.3828,-6.1786,-2.2146,3.3535,-9.7339,7.0841,3.1462,5.4002,7.0034,-0.0831,-5.954,-3.0052,7.492,3.9112,4.9622,2.7872,-2.9394,-7.5608,-2.5076,1.0416,-8.0649,-9.6727,-9.4613,8.0723,3.623,-2.9551,-5.9648,7.9455,-5.591,4.1044,8.5447,-1.1029,-7.5494,5.6465,-3.56,0.9258,-8.8895,-8.2839,1.3648,3.3749,-1.9024,4.2152,9.3737,-2.0156,-1.821,4.9886,6.5252,-2.2319,3.4048,-7.1202,-3.8165,2.5125,3.0743,5.2816,-1.0131,7.5567,6.4384,-7.3192,8.7936,-2.7836,-9.0263,-3.0554,-3.3064,-6.8032,-0.1448,0.5455,-5.9316,-7.0845,7.5612,-1.1656,5.4222,6.3023
-0.9236,-1.2351,8.9201,0.5786,-4.3629,-0.2231,-3.3238,9.9627,4.6646,-3.0524,-1.8034,2.6638,-6.9446,-8.2715,2.9405,-2.3903,-6.2409,-3.7757,9.7161,5.2467,-9.7687,-7.3294,-2.341,3.6499,-0.9128,0.5461,1.5555,-2.0637,-3.5251,-3.0796,4.7939,-0.4354,-3.2585,-2.6749,-5.3619,1.5053,2.3103,0.4643,6.8657,-6.4151,3.3461,-2.3587,-1.3352,-7.3052,8.0592,5.0307,-2.6809,-8.88,5.8983,2.7549,9.8145,-2.447,-5.3363,-9.497,-3.465,-1.8663,-7.9304,9.997,-8.4261,-4.11,4.921,-5.747,-2.9054,7.2674,0.2757,-5.1721,-2.0648,-4.5811,1.0999,-3.9052,4.6564,6.7202,7.956,2.9113,5.1436,-8.7511,-3.5886,3.526,-7.9998,0.6313,-2.7571,-9.3283,-1.0794,-6.1754,-1.8584,-6.9397,-8.8739,-8.5832,-5.7238,1.7932,-3.3469,6.8954,1.0958,-6.7686,-6.3638,4.9559,-9.5764,5.8793,-2.4972,0.5712,-3.038,-6.171,-4.7383,-2.6236,-9.8155,5.3812,7.2443,-8.6323,-4.2975,6.9771,5.4814,-2.4869,7.581,-8.4848,-9.3404,-6.252,4.0631,0.8781,4.6972,-8.2283,-5.5171,-5.8424,7.5158,8.5143,9.5746,7.2563,9.76,8.4355,7.4012,-1.944,3.8738,0.657,-0.419,3.4976,-2.3559,1.7761,2.7913,-9.1972,9.9448,-1.9282,3.0059,-2.8508,6.3074,9.483,1.4166,5.317,-6.5545,2.7051,7.3306,3.1197,8.3773,3.6977,-3.8472,9.0713,-6.7001,6.0263,-3.6507,5.5602,-5.811,2.1478,-7.2288,-0.5899,-5.6904,7.9753,-1.863,0.5743,6.9889,4.2144,0.4593,9.4617,7.3249,4.2671,-3.8761,-7.4375,-5.5297,5.556,-3.3851,-4.2393,-2.9363,-6.9881,-4.7887,5.216,-9.8747,7.7864,2.859,-3.4951,-4.3163,-0.3355,7.5431,9.7683,0.9608,7.1068,-5.8431,-8.0416,-7.65,2.5687,9.6888,-1.122,5.083,6.5403
3.5523,3.3782,2.081,4.1974,0.5482,-7.5723,4.6389,4.9571,4.093,-5.2768,1.751,7.9074,4.6851,-2.2747,7.3923,-0.4949,-3.3566,-8.8247,7.0534,0.2577,3.6241,3.5197,4.8212,9.9911,3.0892,-5.8908,1.2674,-6.5393,0.7095,-0.7348,5.3247,9.5456,1.9694,7.6078,9.0702,9.1857,-8.2153,-6.9754,8.9079,0.1014,0.104,0.1321,4.2179,9.466,4.2476,-4.3039,-7.8764,3.4668,6.6371,-7.4585,2.7768,6.2057,-4.6775,8.0505,-9.1696,-5.531,4.0476,-7.9756,3.8286,7.583,7.6256,5.6649,0.6348,-6.4589,3.9535,2.8474,-3.3956,-2.846,9.3697,-2.5881,7.144,-2.9173,5.1123,1.4063,-0.7776,-3.5527,8.2731,-3.459,6.0352,0.187,9.5168,6.2986,-3.7204,7.2663,-3.725,-0.3825,-9.8851,-3.4244,1.0993,-9.8243,0.8809,3.6172,6.4375,6.2396,-2.0624,-8.0509,4.3404,-7.6489,7.2468,-4.0317,-9.5502,0.5565,-6.1852,-4.896,-1.9907,-4.462,2.7843,-5.8541,9.9005,6.1773,-2.9618,-3.87,8.5909,6.8161,7.7949,-9.7871,-5.0923,8.9185,-4.3344,1.8959,1.4458,-6.3811,0.3448,-7.3053,-6.7138,-4.1294,-8.3916,1.6147,-7.8256,7.4189,-3.5272,7.5012,-0.54,-2.4226,-2.0538,8.5458,8.5108,1.3194,-4.5715,-2.542,7.9841,-9.7619,-3.8468,9.9582,-0.9385,6.4569,-7.1698,2.0429,0.4716,5.0554,-1.7407,-8.962,-0.2997,-4.0063,9.6601,-8.5712,-1.6776,0.9703,-0.6661,8.3727,6.4176,9.3718,6.0597,-5.9749,6.2703,4.3964,3.3597,-4.7539,5.6257,-3.8136,3.3521,9.3177,5.391,2.9249,-7.3746,8.8922,-6.1315,-3.3742,-4.9505,7.663,-0.1597,-3.1195,-0.5997,7.6922,-8.0747,-1.6263,-2.3627,9.3245,-7.0594,7.1965,4.6834,1.8798,2.2749,1.3715,7.6955,0.2936,5.133,-6.662,9.9968,-1.3005
-9.3175,3.5379,2.6882,4.0305,-8.0213,7.2188,2.271,5.4772,6.9035,1.3078,-9.2545,8.7344,0.978,2.998,-1.9319,-8.1526,-0.9614,7.5725,-4.2514,-8.3012,-1.6296,-0.229,8.905,-9.7141,-1.5433,3.7454,6.783,0.6531,-4.4543,2.4699,0.5252,-5.1114,-2.7568,3.1641,-4.9281,6.9768,7.2863,-8.5096,-9.3115,-5.4009,-8.91,-7.5683,-2.6796,4.2017,2.0293,4.7406,7.582,8.5539,-7.2052,-2.9807,4.8615,-3.6955,5.5861,-2.1749,-8.8253,9.3611,-2.3567,2.5043,-4.9847,8.1503,-4.7612,2.5524,6.0878,9.0136,8.8584,-6.1161,7.856,-4.0376,-5.6435,6.2215,-7.2749,3.443,1.1819,-6.7726,0.6434,-7.968,4.2638,5.0008,8.0693,4.8518,-6.0719,0.1828,-0.1662,4.7216,-9.9121,1.0381,-5.4069,-5.4993,-2.14,7.1558,8.7089,-5.3624,5.5016,-0.185,4.2974,-6.7521,8.295,1.5324,0.2765,9.8304,-1.1666,-5.5943,-8.4574,-5.8516,-2.8328,8.5937,2.5599,4.3871,3.163,2.6422,2.3097,-0.4455,1.3338,-6.0865,-3.3675,1.9799,-2.7765,1.5131,2.6294,-6.8146,0.8664,7.6891,-3.2536,2.8689,-4.1072,2.8204,4.0048,-9.7839,-0.9831,9.5708,-3.0461,0.6055,5.6864,-8.9223,-5.657,-6.094,4.9341,-8.3551,7.5517,5.8529,7.922,-7.4947,8.6386,-7.107,9.7084,-5.1,-3.038,-2.833,-4.4625,7.0586,8.5267,8.0407,8.9768,-2.1848,1.7146,-7.8341,6.8817,-5.731,-8.3173,-8.8092,0.2684,2.3217,-4.6629,-5.2659,-1.2654,-6.8004,2.1023,8.7672,1.4108,-1.4639,-6.3886,4.2961,-1.7608,3.6528,-4.6382,-2.8178,-3.3825,-8.7974,8.5038,-9.7516,-6.7744,9.3102,-5.6122,8.3803,-9.6977,-3.8363,-1.2151,-3.5722,8.3446,-6.3021,-0.7334,-8.3994,-0.5495,5.9052,-4.8071,7.8266,5.9147,7.8879,-6.9091,-8.0243
-5.904,-4.0898,-3.3866,-7.2801,7.4581,-2.8679,-9.3935,9.1511,6.8636,5.1254,-0.212,5.6369,8.5385,8.3966,-5.1092,-8.2249,-1.228,8.4987,-6.2507,-2.2174,8.5964,-1.5452,-4.7067,-0.5517,6.2853,-3.607,-5.3814,4.1218,-1.8684,-7.018,1.0499,4.3967,4.6684,4.6219,3.0989,7.8575,-8.1142,-0.2464,-8.6608,-7.2824,4.5903,-0.5451,6.2617,-3.7958,-2.7295,9.9642,9.746,5.294,5.2168,-0.7057,-8.1947,-9.442,6.0892,1.2287,-6.2443,6.5887,2.479,-4.8395,-2.4473,5.1317,-7.3512,-9.2138,0.0886,-7.8173,3.6694,-8.0949,-2.0056,8.1106,-8.3036,1.2074,-3.8297,-2.6871,-6.9611,3.2719,5.6292,7.9168,0.3726,-8.0198,-7.2539,-7.2257,-5.8439,6.0984,1.9767,-3.8329,5.7753,3.3813,4.2123,-0.1997,8.2956,-6.85,-0.6872,-1.5261,7.6644,4.4571,6.8195,9.3966,-1.6701,8.4844,6.1708,-5.1844,-2.3314,2.522,-8.418,-1.0379,-2.3022,0.8598,-4.7671,-2.3191,6.4177,3.0182,-0.8308,-4.6383,9.565,-4.5946,3.0123,5.1319,-8.7849,-9.9749,-7.3092,-4.3107,7.9276,2.393,-4.8487,-3.1958,1.6831,0.2079,5.1382,-3.4785,-1.4313,5.4365,4.4478,8.1598,-8.141,3.2574,2.9431,-8.4124,-7.289,-2.155,8.4853,4.8098,2.7635,-8.035,-5.3652,3.9615,-4.1024,0.2031,-0.5773,2.7817,7.5905,-0.022,0.9143,-1.5813,-7.0673,0.0832,1.8091,-0.7133,-8.9102,-2.5528,-2.352,-5.2186,-5.6584,-7.9733,2.4089,-3.7469,-1.6451,-2.6765,-0.2968,-1.8082,-6.7347,2.6054,-1.1962,-0.36,-9.7014,-9.8554,-0.329,1.3126,-2.4838,-9.6556,1.2499,3.8523,4.7322,-5.7027,0.6171,-9.7964,6.2332,-8.285,-4.2147,4.8347,2.8355,6.8254,9.7856,-2.3167,3.1202,1.6273,6.6642,2.8927,-4.0963,9.2341,3.586,1.2714
-3.4709,-6.5855,9.6864,-5.2129,-7.2573,4.3366,5.6279,7.0672,-0.4016,7.2406,9.3576,-0.8979,-2.6664,-5.8123,-9.4331,-5.6076,-4.7737,7.1512,2.6317,8.1033,3.0811,9.8657,-4.7453,-8.8473,1.3217,4.7961,0.2843,-5.1406,1.8875,-0.0383,-9.7225,1.3944,4.7901,-0.9135,5.7238,-1.5269,9.4688,8.933,-4.0857,8.6441,1.9214,7.3786,-5.0765,1.6174,7.6873,-2.7891,3.1619,-2.7265,-5.5821,-2.398,4.3956,8.787,1.3875,1.7523,-7.6538,7.4974,5.5853,2.8964,9.4132,8.7886,7.4595,-7.5256,8.6351,2.2276,-0.3139,2.8596,-6.7146,3.0305,7.3467,6.0408,-3.7824,9.9546,3.55,-8.2261,-4.3563,7.4607,-6.3711,-8.9432,-7.2196,9.0899,5.176,5.6633,-4.2128,5.8834,2.4859,-9.888,6.6459,-4.4944,-1.5212,-8.7803,9.8325,0.4948,-7.4142,-9.3609,2.0226,-2.9279,-4.46,-6.4917,-2.4685,-3.129,4.3325,6.4124,-2.6855,-7.8201,-1.9115,-7.961,-7.6874,-5.2049,0.7989,-2.772,-0.8178,0.7735,-6.7965,9.2583,3.626,-4.9809,-2.0782,-3.6013,3.8203,-2.7171,-6.2942,8.3387,-1.5784,-7.9203,4.6929,9.8654,-8.8238,3.9604,-5.757,3.3979,-3.7287,-9.6433,-9.4271,3.7565,5.4746,-1.6066,-5.0423,-0.0007,-8.7201,-9.0356,-4.3009,7.6002,-0.4936,-8.6329,-1.4184,-9.7756,-2.791,1.901,0.6482,-7.5032,-9.7267,1.5648,8.3559,7.5726,6.1606,2.8338,-7.6875,-6.5369,1.5215,-9.4948,1.0893,8.1998,-8.816,-6.8285,-4.9796,5.3232,2.8571,-2.4867,7.0511,5.0096,-3.1275,-6.179,-5.9804,2.8683,8.7849,-7.7123,4.2688,5.1353,-9.7368,8.9031,-0.3886,6.3941,-6.8656,-6.9497,-7.2688,-9.8694,5.2523,-3.8255,-6.6101,-0.0067,-8.0086,-7.6301,7.1579,-1.9571,-4.3863,8.964,-3.6875,6.8183,4.1047,3.6768
-9.7852,6.203,0.2792,5.1593,3.483,8.1268,-1.2566,-6.4691,3.9527,1.9271,-7.1959,4.5559,0.6282,-6.3523,4.3981,-6.9598,-3.903,9.0069,-5.3097,1.4341,0.7994,4.7466,-7.3061,4.4389,-4.1797,-0.4712,2.0133,-7.1404,2.9037,8.7741,-3.0812,-1.5675,-7.4298,4.2173,-0.6949,-4.8502,9.3494,6.9059,-7.1459,-3.7654,-4.8029,-5.3452,5.3728,6.7729,-6.2169,-3.0646,4.3746,-5.4517,3.6415,5.4928,3.51,3.6799,6.4906,0.7778,8.5164,-9.2852,-5.7093,2.5533,-5.9406,-2.4595,-8.3157,0.0287,-1.3835,-7.9242,1.7176,4.4697,7.2418,-0.9231,3.683,-5.6093,-5.9635,7.2293,-6.8335,-9.815,9.8722,3.3247,3.0044,8.8177,-3.6713,-2.8216,2.334,1.4825,0.2504,2.8981,-8.7296,-1.1182,8.5534,4.5438,9.5891,-6.4384,-8.7584,-3.962,1.1237,1.6832,4.7466,7.2389,-8.7332,8.5149,6.1754,7.3663,-0.1953,-3.8764,1.1843,0.9606,-2.8781,8.8584,3.3474,9.34,-1.2923,-4.9322,-0.4221,1.4898,-6.5156,7.4306,3.6323,9.4661,-1.6113,-7.1199,1.1718,2.2526,0.9088,-4.1165,-2.6662,5.5836,7.2359,0.4345,-6.554,2.129,4.0863,-0.3258,-0.1396,-0.9772,-8.5373,6.2165,0.8676,1.1192,-4.6438,-6.9124,-7.1489,5.9278,-9.4007,1.3885,1.1311,-3.5348,-6.5897,6.0239,-4.5158,-0.3963,7.1433,-2.3895,-7.2224,-2.9061,0.8952,-4.0427,-1.0973,-8.4627,-8.3468,3.8834,9.4603,-7.9735,-9.1575,-6.4986,7.5877,0.7752,-7.7826,-3.0242,-0.8923,-0.575,9.0305,-2.2301,-0.4785,9.4613,5.192,-6.3912,8.2071,5.3738,-5.9794,-1.6561,-7.2998,-6.1682,0.2593,-2.4778,1.0791,-7.0777,-0.3338,9.052,-4.5663,2.6712,-1.4916,-7.8959,-7.5287,-2.5626,-6.6857,2.7671,-5.1032,0.179,-9.7023,-6.9836,-7.7261,-6.9571
-4.6411,0.286,5.0963,-7.3156,-0.5983,0.3171,4.2612,4.4078,5.054,-3.1446,-0.8383,-5.3247,-9.9161,0.149,9.982,-2.7669,5.625,-9.3691,-0.6671,-0.5696,5.0115,-5.1902,1.0951,-1.0647,-4.0369,4.3284,-1.3562,-5.9901,0.9971,8.1232,7.2195,1.9679,3.4207,-0.1499,-3.3771,7.96,0.9254,-9.0712,-9.3923,-1.5085,1.7753,5.5973,-5.2593,6.0988,9.7206,-9.0398,0.9833,2.9226,-0.6787,-5.147,-0.8316,2.4813,3.3444,-1.7572,3.7293,-7.5153,-3.6759,-9.394,-7.4486,-7.7782,4.4029,4.2163,-7.6819,0.044,0.063,7.934,2.6135,4.683,8.4201,-5.2146,-0.8522,-9.5688,7.8342,3.5841,0.2073,9.7058,-6.7677,4.3369,9.9192,-6.5114,-3.5341,-1.083,-8.7976,-7.0903,-6.2722,-5.2233,-0.6904,-9.012,8.6737,7.6496,-9.4079,1.2985,5.518,0.9169,-8.4753,7.1874,6.9929,-4.3299,6.5074,-0.2144,5.4661,-2.6829,-5.8943,8.7822,-1.8163,9.811,1.9649,-1.4137,-2.4113,-1.3878,-1.013,2.3838,-5.6379,-4.323,5.3357,-8.9333,-2.9863,2.839,4.004,-2.5393,8.8964,-3.8956,-7.215,5.8856,2.366,-2.4235,3.2308,-5.8945,3.4213,3.4478,3.0859,8.798,-9.5839,3.4799,-1.3288,1.386,8.0131,-5.0284,8.0138,-8.851,1.8402,-3.1951,-3.5174,3.9886,7.0227,-8.8211,-2.7837,9.8675,-8.2139,-2.9828,-7.2489,4.0875,-4.547,3.0226,-5.176,-3.5521,-6.6396,-4.6892,-4.5313,-5.8754,1.2216,1.1451,-4.4953,-4.048,6.7309,0.6987,-4.3846,0.8286,8.0866,-4.3875,-0.2393,-6.2833,3.6464,8.0062,-6.0901,8.6184,1.9324,8.0322,0.9056,-4.7548,8.5866,0.8851,9.6328,-9.7203,7.5961,-1.8681,-9.4689,3.0287,-5.1174,0.1571,-8.474,-2.9117,3.3757,-9.3008,-2.2721,-6.5814,-8.7886,-7.6669,-8.503,9.3185
-2.6857,6.9656,-6.0061,2.7079,3.9678,2.1749,-4.3501,1.5203,-5.9629,5.8261,-0.2706,4.2731,2.4752,8.8158,6.5071,5.0926,1.6571,-4.9045,8.2048,3.4881,-7.6659,6.5431,-1.8828,-1.3581,-8.3753,-2.3461,9.5171,3.3371,2.8025,4.65,1.3168,-4.4479,-4.6158,4.9847,-1.1206,-6.1739,4.881,7.7942,-9.7953,2.4707,-6.2163,1.7814,0.6585,-4.4979,6.4052,-6.5719,9.5267,-8.7816,-3.0058,-5.5346,-9.3807,-9.5588,4.7267,-2.8602,-2.3145,-5.7376,0.7691,5.5937,-0.7455,0.6193,-6.3446,-6.011,1.6684,9.0449,-6.5325,2.9446,5.4021,-2.1154,-7.8927,-8.2881,-8.613,-1.4989,-1.4551,8.1864,-6.0197,0.0945,-8.193,0.6872,5.3111,-0.7948,-2.9594,0.3864,-8.6296,7.0058,-3.5033,5.4491,-9.6152,-3.7232,-7.6974,-6.342,3.801,8.0388,-3.3198,0.299,-1.9177,-6.0837,-8.1221,-3.5259,-8.0016,1.0065,-9.3544,-8.4778,2.8106,-5.2291,2.2818,1.9233,9.7469,-7.3716,-2.5406,6.9829,-5.0449,-3.6845,3.903,-6.1725,3.3985,7.5927,-0.0197,4.9426,-9.2056,-3.1098,1.7827,-2.6169,9.0278,3.6588,-4.392,1.8586,3.9828,6.351,4.7603,-2.5882,-2.2497,-1.3072,3.4248,3.833,2.0707,7.7987,2.0411,5.1051,-7.6827,2.4786,-7.997,7.4723,6.4437,-1.311,5.7281,4.9414,3.9004,-6.8816,1.3969,2.5419,4.4277,-3.5902,2.109,-1.5946,0.2772,-5.0449,-4.3941,7.451,-2.4659,-9.0056,-0.6829,3.2207,1.2748,0.8056,-4.8043,-2.6803,3.9008,5.1164,0.6478,-3.9841,5.8195,1.7065,-8.652,8.9164,5.3382,-0.5203,9.7896,4.3742,-8.6403,-8.6324,4.6255,8.3961,5.5202,3.9123,-8.191,6.648,5.4754,-9.0914,-0.0966,2.7946,-0.433,5.2768,2.2535,-7.3221,8.9925,6.9477,-7.0294,8.6906,1.5344,4.6469
-1.6489,-0.4403,-0.8015,6.6847,-9.9214,-0.7237,-8.0542,7.3334,-1.2737,-2.1502,-1.6189,-0.168,2.7827,2.0095,0.5679,7.0364,-3.983,-5.4217,0.958,-1.439,-1.6027,4.9431,-0.6726,1.4023,0.5093,4.0637,-5.5111,-0.9131,-6.2191,2.8552,0.3412,-2.9936,0.2655,4.8157,2.1668,-6.7608,0.7836,8.8112,-5.898,1.9949,3.3086,-8.5965,2.6683,6.9475,9.2137,-1.8591,1.9423,1.541,-8.6075,-8.408,-9.9461,0.8246,7.9733,4.3303,-4.8743,-0.0232,-9.8808,-0.4636,8.8062,2.5635,6.1628,6.4025,-0.0556,-2.0187,-0.3672,-2.4517,9.9141,-2.286,9.1049,-0.1889,-5.1637,-7.4486,-1.9752,-7.6612,-8.1474,9.3716,1.2125,-2.8479,-5.9439,-4.4776,-3.8995,-4.7056,5.6129,-1.3796,-5.3771,1.7407,3.7169,-7.2312,-2.0517,7.6156,-2.8963,-7.8074,-2.3229,-0.4661,-9.0651,7.3536,0.3952,-8.4692,0.5913,0.399,-6.4691,0.7176,-6.6699,-5.0219,2.5666,-5.2137,5.8663,2.4106,-3.7539,3.9724,-1.1971,7.2295,-8.7994,0.9459,0.5033,-9.2988,8.6418,5.1919,7.4314,-3.552,-9.5792,5.0758,-5.4342,-1.3482,0.3177,-0.5979,-5.6378,-7.4168,6.8814,-7.5392,-9.4928,-8.1013,2.3044,0.7891,-6.6049,7.6034,-9.464,9.17,7.5323,5.4336,-4.9999,-8.1291,-6.2396,9.9506,6.5126,-8.0174,6.831,4.8972,7.1988,4.197,-2.4193,0.8247,-7.0063,0.1413,2.2669,5.3384,2.6895,-2.8388,4.6902,-8.6312,9.9549,8.7505,0.2137,-3.3835,5.6463,-1.548,9.132,-1.633,1.3852,8.6059,-8.6535,-5.816,-8.5814,5.704,-6.6717,4.5985,3.9978,-1.6247,3.4471,-1.5918,-8.7948,-0.3776,-3.9837,-4.6842,-5.0346,6.2785,3.7357,7.4302,9.0846,-2.8042,5.5293,0.4185,-8.2568,4.7483,-5.682,-0.6644,-9.4897,-1.6782,6.608,8.902
2.9555,8.0083,1.5815,-5.8331,-0.61,-6.2528,-8.9117,-1.8948,-8.8363,9.9981,-3.2219,-5.458,7.9473,4.7479,-9.1294,-3.8711,-6.3153,6.7173,-7.8632,6.3116,3.3318,-3.817,9.675,9.4879,8.8395,6.4462,9.7472,-2.3589,-6.486,5.2064,-4.076,-6.7207,8.9441,1.9818,-4.3237,-2.9626,-0.7458,4.1619,7.9618,4.6429,-8.7452,2.2296,-9.8053,4.377,-5.5647,-0.9869,-9.3122,1.7217,6.6441,9.7662,6.5731,9.0071,6.8531,-2.7272,7.4461,-7.0745,-0.5635,0.9281,6.2275,-1.3491,3.2817,8.7282,8.8769,-1.7748,1.6533,-9.7021,1.7859,5.039,-7.1905,-7.4862,-5.693,4.3344,-5.8341,-6.2058,8.6557,-5.0914,3.1248,0.4408,8.3917,-7.1281,9.23,6.6257,4.2993,9.1982,1.5226,-8.6353,7.7613,-3.0527,4.6146,9.492,8.6248,9.6477,-0.0894,-8.1313,8.8462,-1.7369,4.4469,9.1502,-0.4198,-5.5274,3.7269,-5.2445,6.1281,9.5346,-1.8273,-7.047,5.6548,-4.7883,-5.8713,1.6429,-7.6707,-5.8651,6.0067,-7.469,-9.8366,8.4788,2.0651,-4.7688,7.757,-1.7985,-4.1761,-0.1304,7.7054,5.5082,-4.0099,5.2076,-1.4104,-4.5724,-2.4479,-8.3206,0.5616,-6.0405,-9.665,-6.6868,-6.2166,-8.4292,-1.958,-9.9996,8.381,-2.9599,7.3759,-2.8266,-8.2973,-4.9933,5.2144,-7.2886,-1.3011,-2.1753,-3.0304,1.434,-3.8458,-4.2484,-6.5204,-9.7155,9.9873,6.8808,6.7239,-1.9981,4.2336,6.7272,-8.1037,-1.096,-5.5342,-1.9368,-3.7302,9.9692,5.0777,2.6604,6.3948,-5.1977,-0.0637,-5.4184,-6.8409,9.8049,-8.3157,-1.9072,2.872,3.2147,6.1564,-4.4125,-5.8379,-2.5863,9.337,-5.767,6.1542,7.7693,9.0658,-4.0009,-8.7393,-9.6416,2.5366,1.9607,7.772,-6.5802,-2.907,6.4764,-7.5689,-3.1595,1.0593,-5.0728
3.8811,7.777,-9.0153,7.6922,-4.291,0.2491,-1.446,4.4209,-0.8647,-1.5514,1.4054,8.9978,-6.2017,-7.2424,1.4981,-1.135,-5.286,-8.1129,5.9276,-6.5518,-1.5203,-0.1115,0.9372,0.2186,4.7482,-2.7282,-8.3564,0.4513,2.6902,1.6266,7.87,3.6835,-9.9201,1.1606,-4.654,-7.1782,-6.1932,-9.2207,-5.5721,2.0928,1.3669,9.5668,8.1359,0.7467,-8.2565,-2.2015,4.5945,-4.9941,-9.4816,5.8815,-4.5062,6.5686,7.7723,5.4673,-8.7828,3.7532,-6.2218,-7.5165,-5.9087,-5.4822,-3.8754,-0.7173,5.6,0.3368,-0.0039,9.2031,7.8995,-7.2241,8.6996,0.9624,2.0805,1.2761,-2.0986,9.779,6.9223,-8.8655,-3.9541,-5.4838,7.7733,5.6567,-2.8954,3.3453,0.6563,7.3716,-2.9607,8.9693,6.4618,-6.0429,2.7142,5.1733,-4.5674,-2.7086,3.0951,-5.0754,-8.2477,5.9338,3.1037,7.4362,1.3948,9.2078,-7.1617,-8.4473,5.3767,-1.9349,8.6718,-3.7982,-3.4077,-3.5539,-3.3845,-1.731,-0.4476,3.945,-9.2385,-6.458,-1.5637,-8.831,-9.1241,0.3918,-9.8584,-5.7418,9.9381,-3.2344,-9.5414,-4.5119,-9.9348,6.4091,5.035,-1.3409,9.978,3.5661,-7.3803,-9.4784,0.7509,-9.3182,3.3711,8.378,-0.9182,5.4356,-7.8865,0.4413,-3.2929,2.5251,-6.9449,4.9039,4.6884,0.7927,-9.0498,-9.6197,9.3293,8.2545,-1.1097,-1.3298,6.0929,6.7758,9.1238,-6.6388,4.8305,0.4195,1.1067,-6.884,-8.7251,-5.9173,-4.659,2.2775,9.5782,1.5709,-9.1462,6.4421,2.3841,-9.8258,-5.3444,1.8509,-0.6341,-9.8778,-6.8457,-4.125,9.5281,9.9164,-5.4284,0.3677,1.1806,-9.9441,2.5394,6.7491,-1.0487,-8.0756,1.0556,3.1683,9.4361,-7.1351,1.3526,9.5492,9.1409,-7.5084,-5.7978,-9.7076,-9.1696,-1.6288,-4.5655,5.2853
8.2971,2.1865,-9.8368,-6.6302,-1.6337,1.6893,-2.385,8.9667,3.3149,-3.0569,3.173,0.248,4.356,7.9467,-0.1458,3.5709,-9.7233,-8.8993,-6.9034,-9.8401,-7.933,-8.4576,-2.0047,3.4023,-0.8142,6.5086,2.3717,-0.8471,-7.1888,-1.5351,9.2258,-8.3021,-9.8803,-0.3015,3.4908,0.3311,-0.951,-8.1216,4.0173,0.6008,5.6587,1.6142,-8.8701,-4.9834,0.5887,8.9505,-7.2196,0.5947,7.4329,0.9808,5.8047,-4.0378,-6.1147,4.1135,7.3312,-6.2354,1.2064,6.5397,8.7733,4.0657,-3.5841,-8.6635,-5.7645,-8.4543,4.184,0.2543,1.5712,5.8181,-6.1347,7.2384,-4.0104,6.3251,2.6149,5.5656,-1.5199,7.4347,3.6576,-8.1261,-1.8192,0.2399,7.884,7.4128,-7.2179,1.1064,8.8253,-8.4631,-6.462,4.8901,-4.0727,7.4352,5.4841,-7.72,-7.5864,1.3801,-7.6653,-8.9024,0.346,4.2374,-5.8584,3.9082,2.1987,-3.2359,-2.5284,-2.4121,6.3276,8.0842,-8.9687,-0.2599,1.4748,-2.7946,-9.3051,4.535,-8.4766,-8.8546,-1.3721,-7.3132,9.18,-9.2679,1.8804,-6.3449,-9.582,1.3091,9.2613,3.3669,-9.214,6.2379,-5.5288,-3.5442,1.1878,-4.0617,8.2936,2.3194,-2.803,7.0035,-8.1632,-0.9352,-8.9066,-1.8891,-7.5738,5.96,1.3809,-6.2522,-2.0494,9.8333,-5.8253,9.5482,7.7721,6.5147,0.3652,-9.1921,-3.2106,-3.666,-4.0339,3.8724,-2.402,-5.3259,8.0858,4.876,4.0774,-9.9591,9.267,-8.5424,5.0818,-8.0908,-0.6488,-8.067,6.3573,-8.1207,-0.6045,3.9812,-8.3976,5.2512,-4.3571,-5.6993,-6.8433,-0.0971,-9.0787,9.9864,3.2385,-1.5479,9.1976,4.64,7.0642,-8.7131,6.0809,4.602,6.3799,4.048,-0.4662,0.7592,0.4105,1.0036,-2.5317,8.5195,7.0166,-1.0167,-6.3769,8.518,-1.4685,7.7218
3.23,-5.9093,-0.8213,0.1489,-4.5383,9.8378,-0.7523,-9.3651,-0.8522,6.8143,3.3848,6.4455,-2.919,-7.6838,-5.714,0.5664,-9.1982,-6.1229,-8.6661,7.5014,1.6055,7.8247,7.9894,3.7491,9.3211,0.1173,3.963,3.1395,-6.6007,-1.405,-0.9164,8.7392,4.6465,-9.9923,-2.8784,6.5844,-6.763,-0.1103,-5.4233,-6.6308,6.6586,-7.2486,5.0213,-8.1011,-3.926,3.816,2.1779,-2.6825,7.1588,-2.3024,-0.444,6.3579,-2.1087,-0.489,0.4943,-4.4501,-8.9852,4.6235,-1.0279,-5.3664,-2.3686,-1.7919,6.0988,-1.3752,0.9702,-8.6967,7.5908,0.4141,-6.7943,-7.6108,7.4904,3.7097,4.8516,-8.5959,0.1202,5.5265,6.6585,9.4745,1.1342,-7.0372,-6.0705,9.3597,9.5934,0.2617,-0.9168,-5.0555,5.6352,-3.5744,4.603,-5.6781,-8.6591,-8.1146,9.276,6.9994,-6.6946,4.8434,-5.7779,-4.3203,-5.3548,-6.7039,-1.8428,9.7647,-7.3696,0.7556,8.5876,-7.1604,2.3205,9.7239,6.2222,-0.0406,5.0733,5.2172,-3.3229,5.0806,-8.7868,7.5086,-3.6158,6.0047,-4.3936,-4.4511,-1.8033,-7.0955,-3.0217,9.9152,-3.1801,-3.1445,1.7828,-3.9762,2.1859,5.6684,-8.9337,6.7409,-4.6332,5.6624,6.5374,0.1989,4.1276,-7.0555,7.6761,5.2147,7.7235,-6.0188,9.0773,-6.7597,-9.0882,-5.2029,2.7901,0.7522,1.8011,3.2566,-1.4847,-1.44,9.794,-7.7854,9.0487,-2.6662,-1.5235,8.4464,4.8822,-7.5567,8.7145,5.0946,3.7526,-6.3416,-2.3865,-7.4351,6.2042,-3.1835,-4.0882,6.6088,-7.2783,4.9578,-5.5394,9.7595,4.617,6.6193,3.1635,2.3482,-2.1205,0.9545,6.7021,-6.5397,-4.5482,-9.4083,-9.1327,-1.3205,0.3384,9.4549,3.7687,-7.0686,8.4562,-1.8702,-1.2041,-0.8844,6.8657,-3.4829,0.6706,-5.6155,-1.0146,-4.9046
2.8005,-9.8358,4.0999,-0.6623,5.4006,-2.2667,3.9844,-7.4145,4.5105,8.9085,-0.5466,9.3165,-7.8495,6.4514,-7.721,6.0805,7.694,-2.2027,-0.9362,-8.738,5.7253,0.4133,-8.077,-8.7528,-3.2582,-7.4873,-3.3981,4.3928,-7.4751,4.2413,2.3185,1.7367,-2.2916,-2.4727,5.8655,1.914,1.9681,5.9258,4.8768,-2.641,4.8974,1.4309,2.9146,8.4236,-9.176,-1.8315,-1.1207,-1.8726,-2.3338,0.051,9.7125,9.345,1.0729,2.1677,1.3771,9.1586,5.575,2.3497,-8.7648,8.8841,-9.8367,2.1079,-9.044,-8.1052,-7.6906,-3.3606,-2.0539,3.9735,-7.1944,-7.1123,1.0943,-2.1478,5.6682,-9.2837,-4.6999,5.7807,6.9511,-2.7935,-2.769,-5.535,-5.306,8.8524,7.2688,-0.1283,4.5364,-3.0758,1.7337,2.0747,-1.502,1.1643,6.3103,4.4615,8.8298,-7.9048,9.7166,1.1602,-9.03,-0.6463,5.9045,-0.1661,-2.4014,-6.9348,-5.4949,-1.54,-7.1243,-4.4839,2.602,2.3224,8.6039,-1.6013,2.3914,-9.9839,3.7126,8.0447,2.1879,2.1762,8.5414,2.6489,8.8136,7.6379,-7.5035,-8.1963,3.448,5.2984,5.3619,-2.6079,-0.9384,-8.0482,8.93,9.7443,2.4555,4.447,5.3346,0.1347,-7.5857,4.8966,-5.2431,5.964,5.1204,9.1106,-3.3657,-5.0831,-1.2996,-6.1691,1.9525,6.7481,-3.3766,9.8659,-2.0853,7.4885,-1.9903,-8.7593,2.8174,-7.9308,-5.8176,-5.13,-1.8795,-5.6003,3.1753,3.4731,6.7606,2.6212,4.0643,6.8753,-9.8785,-6.0771,-4.3005,-6.6258,5.9894,-8.5261,9.9,-6.2007,6.2181,-2.1178,-1.5653,-1.5283,0.3477,-9.7665,3.8253,-3.1047,-0.295,4.8833,-3.6057,8.3357,-6.1347,4.8102,6.8314,-4.0081,7.6943,5.7576,2.5625,6.2153,-1.0676,-5.9929,-0.0731,-4.1053,-0.4857,2.4188,-8.5016,-8.5645
-1.6223,0.4486,8.3994,0.5972,4.7194,-2.4283,8.9203,-0.7353,3.0343,-3.1886,7.4289,7.8512,-9.1111,-2.1503,-4.1741,-7.0284,-6.8484,-0.9806,2.9083,1.0455,6.8216,5.5871,-7.0103,-8.3899,2.46,-1.6549,-7.7268,-7.7978,-3.7868,9.1911,-5.4379,6.1366,-2.3291,6.6678,-7.0751,-6.2586,2.8864,1.8922,4.5535,6.6661,-7.4242,-0.4342,-2.7557,-4.604,0.9722,9.9616,-3.7156,7.8614,1.5352,-7.0305,2.1018,4.2865,7.7524,-2.5947,1.4205,-5.7447,0.438,-2.4771,-0.1917,-6.5308,8.7975,9.4832,4.0757,-9.0473,7.0295,-6.234,1.2521,-2.6437,-3.2297,-2.6168,7.8921,6.9863,-2.2086,-0.1177,5.5636,2.2389,6.373,-2.3294,3.029,-4.4607,2.8424,2.744,-4.7549,6.832,2.4883,8.5817,7.3668,8.7937,-5.2837,-9.3291,-3.5096,-2.0392,2.1903,9.7607,-3.8927,-7.5739,-1.9932,-5.4702,7.3488,-0.0119,-5.4959,7.7177,9.0051,4.4458,-1.3128,5.9946,0.7649,-7.1036,-7.9128,1.3006,-5.3876,-5.7212,-7.9476,5.3789,7.6546,-0.3082,8.0622,-5.5112,6.7987,1.564,-1.7376,3.7555,-6.4138,7.0419,-3.275,-7.756,-3.9912,-3.8676,-2.894,5.9129,3.0408,-8.7367,-7.8984,-2.6873,-2.4034,-3.1132,-9.1893,8.2045,6.3681,-3.6978,-4.7468,-2.5761,4.9354,-5.5308,-5.9146,4.8906,1.7479,-2.1256,7.308,6.4795,-1.5589,-3.212,3.8396,3.5326,9.8596,-0.5124,5.4534,0.6128,-0.1981,-9.5086,-9.261,7.1114,-8.7554,-3.5751,-6.2431,1.2433,6.5137,-7.3165,7.2614,-7.6057,0.6335,-4.872,-3.6878,4.5016,-4.1456,-5.3235,-4.7196,-0.1722,-8.7189,-1.9108,0.0342,7.8684,-8.1429,5.7291,4.6667,2.4839,5.935,-0.0676,7.9103,-6.7288,-4.6399,5.9517,-6.5431,-6.604,8.5626,2.4549,1.1592,6.9381,-9.2185,5.1081
-1.8428,4.6103,-0.9297,5.8187,-0.606,-8.4112,-7.4541,3.3353,-2.1157,9.1083,-4.2823,-0.3638,2.6284,8.6647,-4.3203,2.1034,-3.2176,1.5084,9.6455,4.2799,6.6948,-5.6375,-6.5225,9.1139,4.7021,7.1995,2.7234,-8.3386,-2.3799,0.5402,-4.7241,-0.2155,1.8001,0.8012,2.4651,6.4732,3.1074,2.4443,-4.6395,2.325,-2.8058,-0.8779,2.2975,7.7857,4.7926,1.7901,-6.5449,2.5714,-3.5811,5.3387,-0.8574,-7.6738,-4.7982,-8.3402,-9.2273,-7.2746,9.9384,-6.6966,4.467,3.7266,-1.0249,-5.9664,1.4778,-0.0781,-7.4551,-2.7413,-7.7612,-2.5054,-5.2333,-8.0288,8.7332,-9.8597,-7.3127,-2.4696,-0.0125,-5.484,3.1686,-8.4388,2.2096,3.3631,-7.8626,5.1327,4.8316,6.7128,-7.4843,4.6309,-0.6908,1.1543,-2.9157,7.7221,7.1449,-1.8969,0.2438,-3.2871,-4.5768,-7.3647,-2.3934,-3.8896,8.7869,2.3953,4.2761,5.7152,3.4044,3.0793,-8.263,-9.2174,-8.8999,7.8676,5.4345,7.5822,-6.3176,3.9917,6.433,-2.356,7.2526,1.8983,-9.804,3.5908,-3.5655,-5.8278,-1.3345,-3.8983,-8.1169,-9.1158,7.4133,-5.3374,6.5958,-1.2387,-6.4414,1.0515,-5.8845,-6.5137,-5.1046,-6.8507,2.4822,-1.7311,1.7684,4.5458,3.8626,-5.029,5.2028,-7.5746,5.3979,0.867,4.1095,-7.2714,2.6745,0.7229,0.6027,2.0458,8.0942,-5.1418,-3.6111,-1.8531,-0.9443,6.1204,7.4853,-1.7291,-6.3773,3.0181,5.7142,2.1174,4.0515,9.4912,5.7802,8.7871,1.5481,-8.2079,-1.6545,8.9672,-0.5027,5.599,6.8153,-9.4012,1.8319,-3.2388,5.7685,8.278,-5.1953,9.426,-7.9556,-7.4921,3.0122,8.9932,-4.0721,-6.4905,-3.2159,2.7204,5.1858,3.1751,0.8106,-4.3508,-6.6264,4.8386,5.295,4.4174,-8.751,0.7657,8.6196,-9.6334
-8.4844,-0.4928,5.2955,2.6269,-6.5355,-0.0634,-5.3455,7.1421,0.8557,-4.7743,1.2667,3.676,4.9698,-2.4245,1.9787,-6.8323,-5.0557,9.5725,-4.0685,9.6347,0.38,-2.1106,3.127,2.6064,5.2618,-9.9183,-2.7501,5.5272,-5.385,9.1909,5.439,-9.2633,6.438,2.5804,1.8435,8.2788,9.5649,-5.5045,3.4433,-9.351,8.4079,3.8745,6.8793,-4.2239,-0.3131,6.6907,-2.5314,-0.9323,-2.4776,-5.0176,4.7561,-1.3695,1.4556,-4.4754,7.203,5.5827,-7.5193,9.753,6.4585,-5.5568,0.1517,-9.8983,-6.431,-8.6819,3.8657,-5.3913,1.8914,3.6409,7.8887,-4.0357,-0.4588,-2.9474,0.6073,-4.0985,-4.8282,-6.3223,0.6049,8.1169,-7.4885,-7.8996,-2.3179,-4.0877,-0.2734,-7.312,9.4341,5.2616,-0.5891,6.1109,-2.6975,-7.0637,-6.4755,-2.8232,9.1634,-2.092,4.4426,-0.5521,4.4823,-4.2172,0.023,9.6171,-3.4261,-1.8167,-5.9443,-0.6909,8.1187,-0.6264,2.8363,5.0158,3.8462,2.8744,3.3958,-9.4691,-0.9283,9.5874,0.6814,5.3063,1.889,-9.2163,-9.8051,3.1763,-3.214,7.3134,6.4862,-6.0797,3.8364,2.1844,1.6833,-1.3222,-6.5218,-4.1682,-7.8857,-2.5732,7.8446,6.9821,-0.3217,-5.7567,-3.2656,-7.9559,6.8243,-0.2478,-4.1517,1.0757,-5.7094,-6.5545,-9.556,4.3484,4.6153,-7.791,-3.1983,-7.2569,-9.3095,-6.6809,8.8693,3.3396,-4.3345,8.4022,9.4319,0.7205,4.4962,-5.4118,-3.5869,2.0054,4.817,6.3715,9.1832,0.5982,-4.3281,2.2589,-5.4071,6.2791,-8.5778,2.5621,3.812,-1.8397,-7.927,3.6113,8.226,-5.4613,1.1285,-4.3027,0.6524,-2.9874,-9.8763,-5.025,5.5518,-1.6975,3.62,-0.6591,-9.6334,1.7379,-4.1582,-7.2936,6.7471,-7.2412,-7.2335,8.6611,6.2038,-1.529,1.708,-7.6646
5.3248,2.0391,1.7135,-1.8348,-3.983,2.835,-8.6611,-5.363,0.3618,-3.3973,6.5886,-9.1802,-6.8873,2.7449,7.6344,-4.1288,0.738,-6.6031,-6.954,-0.9756,-8.7027,-9.0744,-0.862,-6.8052,-3.1384,-6.5677,-9.1363,-7.7407,5.9519,-6.8153,9.6255,1.1561,-9.6862,-6.5474,6.5083,7.255,2.1588,6.2988,-0.3037,-1.6298,-5.2165,7.3671,2.8188,8.1106,2.4149,-4.1336,-2.9727,-4.1303,0.6896,7.1125,-6.7668,6.2969,-7.9277,-8.4336,-9.8094,8.7154,7.534,-7.5613,-7.9399,-5.6256,-2.5433,-8.4825,-2.028,-9.6254,-9.1935,2.5588,-3.5105,3.2184,5.9436,9.6905,-9.3927,-1.8011,5.2995,5.2268,0.9536,-1.1071,3.2565,-7.3184,7.3549,3.8029,-7.9215,7.5558,3.2222,7.5006,4.2951,8.1286,-5.8937,9.5628,-9.945,3.3527,-7.0654,9.2436,-1.7885,1.3137,4.872,9.5857,8.4296,8.7556,2.8101,-4.8611,-8.1995,-9.664,3.8773,7.2944,-5.7852,-5.3932,4.2728,9.435,-4.1821,9.9632,8.6146,-3.9201,4.7204,-6.2167,-0.0733,6.8307,-4.2993,-4.8979,0.0396,-8.6761,2.4958,5.1583,-2.4968,-3.1243,3.482,-3.2242,-1.8649,-7.6341,1.1716,-5.6521,9.2934,-9.4695,8.7554,-4.0198,-1.0797,-6.6378,5.3367,-5.8508,-7.5481,9.3109,6.1542,-9.8991,-8.4462,-3.9947,1.5265,-3.2706,3.9626,7.2898,2.5702,8.7098,6.9196,8.3424,3.6866,0.5942,-6.3517,-8.7856,-7.4922,-0.902,3.1628,-5.0229,-0.2011,-6.8339,-5.4876,5.7149,3.6081,-1.6539,-7.0054,1.5103,3.0962,8.3093,1.8517,-1.4292,-1.0807,-0.0058,0.1641,8.7134,-5.9048,2.7707,-1.7958,-5.3825,3.9376,6.9805,6.948,3.3568,-5.2475,1.9932,1.7486,-3.8033,-1.4244,8.6753,-0.1623,2.6305,6.6156,1.5453,3.0832,-2.7794,-0.5222,4.4067,3.0917,-5.8961
-0.7262,-5.4949,-0.1614,6.7374,3.0544,-4.4108,-4.397,-0.8621,8.9723,9.418,-0.0607,9.8522,5.5699,-5.829,-0.6589,8.7729,-1.8281,-2.8137,-5.849,-5.9797,-1.6518,-7.4899,-8.5987,8.4366,5.0883,5.8569,-5.6565,-7.7531,-6.681,2.6628,6.9092,-4.1918,1.3545,-9.4202,3.157,-3.1575,-7.6814,6.357,1.025,-1.8777,-2.4183,-1.2904,2.7099,4.1906,-1.7357,-7.6218,4.1482,-7.2713,-1.3988,-5.4624,-5.1256,1.1512,0.214,8.7404,-2.8737,-6.8063,-9.4747,6.6443,-4.9131,1.5,6.4779,-2.7445,9.4022,1.3921,-4.1335,-5.9076,8.9864,2.8092,-7.0737,9.4034,2.1189,1.5581,2.0688,-0.5141,-4.5026,-6.1225,-0.4075,-7.4063,-6.8184,-5.9158,-0.0682,-2.8812,3.4727,7.0553,-2.5342,8.3741,-3.0013,-5.6244,-5.1278,6.1298,3.0029,-1.4251,6.4891,-9.3599,-8.1068,4.3863,8.7365,2.9846,-9.4947,0.4986,-1.1116,9.8437,-8.7489,-1.9631,-8.0945,3.4568,-3.2277,7.5749,5.6805,9.9364,-0.414,-1.0467,2.647,3.5122,-0.2932,-7.416,-0.9084,8.5942,-1.6815,9.5129,3.1215,-0.359,0.1411,-9.4525,-3.0164,8.8584,-5.9511,-5.8587,9.6062,5.0201,9.6302,7.9168,6.1061,0.5763,-0.7398,-8.2197,5.4109,-1.6276,-3.9078,-2.5061,-1.9472,6.2445,5.058,4.6611,9.0366,-2.4405,-2.7909,9.4629,2.209,9.3823,8.4134,-7.064,7.4919,6.9724,-8.6964,4.8095,-6.1551,6.0656,-8.5748,-8.6431,4.6927,4.6519,-3.2397,3.0394,9.6306,1.8553,9.0925,3.9885,7.5391,-1.287,1.1989,3.9573,9.9763,8.2111,2.6964,5.964,9.9529,-9.0895,-5.2787,-8.0385,4.8128,4.3736,7.8918,3.5666,6.9248,-6.2048,-3.6551,-3.1374,7.381,5.3575,6.926,1.9692,0.7337,1.2537,-0.2139,5.7508,1.2732,-1.5421,-5.5505,-5.2059
-7.7745,-2.4095,-3.0963,3.5153,4.4391,-0.5788,-8.7214,-7.5489,-7.6056,2.3876,3.8153,1.5646,-8.5424,-4.3276,5.7217,-6.2186,1.8397,0.3294,2.4524,5.3661,6.2165,1.9126,3.5363,-5.2195,-4.5009,-2.0837,4.8576,-1.8902,-1.4786,7.4891,-9.128,6.5578,-6.3586,-5.1936,7.1075,-9.3111,9.8413,9.3078,-5.7557,3.2363,8.3138,5.0453,-8.0841,-3.4857,0.1558,0.6856,0.2172,2.7165,0.8967,-8.697,-2.0667,-7.6723,1.3253,7.2481,8.6731,1.8667,-0.9542,0.2165,2.5448,-9.4296,-0.1438,2.0072,-7.0261,7.6317,2.1757,4.1034,-7.5257,-4.0487,6.2391,7.6275,1.865,1.051,-1.5675,-1.8213,-1.5582,6.6844,-5.9534,-6.6065,3.9079,-6.7062,5.6932,-6.6733,-5.4015,1.8525,-5.1702,6.574,9.5239,5.9778,3.8263,-0.3363,-3.4277,1.4801,-8.7725,-0.3893,-8.8161,-3.6231,9.5396,-3.2419,-6.5647,-5.5411,-9.5396,9.9005,-0.9826,-4.461,-5.2316,-6.4506,0.2146,3.8812,4.4494,-9.3422,3.4506,-7.3952,3.3631,7.9545,7.5929,6.6875,-4.3723,-9.4469,-5.9853,2.721,8.5217,-1.7003,-5.8005,-7.4679,6.5455,-2.4965,-7.256,-8.9126,4.6995,2.025,-1.8216,-7.4899,6.5592,2.1206,4.9828,-4.6013,-9.8395,-5.0625,-4.8254,9.4428,2.7642,-8.1339,-2.4016,-9.3349,0.448,9.1356,-4.488,-1.4198,7.21,3.8988,-6.3476,-3.2296,-2.9397,-0.5842,-8.6185,9.1271,7.8041,8.9774,6.1125,9.5247,7.1639,8.1995,-4.2743,1.4,1.3919,-4.2669,-1.0538,-7.5258,3.0511,-1.9787,-3.4672,-8.5026,9.5216,-4.828,4.7852,6.2087,-8.5364,3.1998,-5.1896,-2.1341,-9.5285,-5.0937,-2.6703,-7.0621,3.2954,4.9502,4.8248,6.3655,9.3954,5.3133,5.1572,-1.9426,-9.5738,-9.017,-9.5548,-2.3126,6.5371,9.2975,-1.5918,-7.5177
-9.4749,-8.9066,6.6703,-6.5326,-0.1125,-7.2462,-8.1023,0.1473,2.5505,1.0374,-7.5295,5.6961,-8.4686,-5.8532,-2.6107,-1.2098,8.5239,7.6411,-2.9196,-9.0307,-4.2966,7.9751,-0.4514,6.198,-9.5133,-0.3819,-3.1449,-3.7205,7.1492,-3.1421,3.1683,5.5706,8.8112,2.1041,7.1146,0.7971,7.1147,0.7087,2.2921,-1.5943,4.4652,2.4512,3.1106,-1.3805,7.0532,9.9197,5.0584,2.5023,1.6195,4.0806,-2.4876,-4.9766,-5.4634,8.2977,-1.8595,3.5638,-5.0678,-9.9341,5.5726,5.9659,-1.4441,-7.0131,-2.2894,-8.7983,7.6407,2.9438,3.0781,9.8774,-9.6825,-1.7438,7.6298,3.6934,1.9675,-9.0192,6.2837,1.8676,8.7453,-5.9569,-4.6058,-3.0118,-9.4557,-2.2995,6.8983,-2.8747,-6.2706,8.8818,8.0113,8.2366,9.466,5.1331,-0.0272,-4.5286,-5.3808,-7.5768,3.6994,7.1157,8.7168,0.4177,9.6313,0.5307,9.4271,2.3957,-2.9477,-9.7413,6.9418,1.927,-3.6198,2.4553,-3.1044,-2.9836,-2.6202,-6.4259,7.0254,-2.8924,7.4667,3.6873,-8.3553,3.2726,5.5677,-6.069,0.1295,7.4502,-3.8252,2.5237,-4.7045,8.7786,-9.4994,-9.6923,-9.6485,8.7344,-0.6048,-0.6649,7.1461,-6.2359,-8.5811,-0.2019,-7.6106,8.9871,-6.3823,-6.6943,-2.5583,-9.6013,-5.5065,3.7551,-5.3399,1.4053,-4.9634,4.2563,-3.7256,8.8278,2.7669,7.7487,-0.6357,-3.0205,5.251,4.9281,-3.836,-1.8698,-3.5565,7.2273,5.5992,-6.1925,9.2588,-8.5818,-7.4104,8.5878,7.2333,5.7304,-6.1016,-1.7935,-2.6645,-1.3217,0.5853,8.4667,0.6953,3.564,-0.9729,2.905,5.6626,-8.3629,1.4674,8.2618,-3.1415,8.7966,-3.1238,-5.3787,8.2456,2.2212,-6.2969,-2.031,-4.3665,6.4201,-0.0507,5.7422,-0.886,-3.1374,8.4401,6.9731,9.633,5.7488
0.1683,0.1679,-9.437,6.2621,-6.4566,-4.8024,-9.1465,-7.4934,-1.4445,4.4486,-6.3254,2.8527,9.5037,9.6541,-8.7084,7.2591,7.4988,-2.0554,7.883,4.5294,2.9943,-0.8788,7.2195,-4.6323,4.9156,0.031,1.1919,-7.1368,7.8363,-8.1166,-4.0827,2.175,-8.1637,2.2549,5.5252,1.3194,-9.4692,9.9336,-2.8424,7.2341,-8.0745,6.6664,6.9835,0.1231,-0.4953,3.1348,4.3184,-0.8936,0.7228,9.1172,9.8888,-9.0358,6.4604,-8.2728,-8.93,5.5241,-2.4681,-5.7798,-5.0421,-0.6714,-2.1412,-7.8927,-5.4646,7.8965,-4.7888,7.1329,-9.8169,-8.8312,3.7581,-5.5489,0.594,-1.5175,-1.9091,1.2358,-5.1984,-2.6421,5.3068,-6.4771,8.8945,8.1163,-0.0591,-6.9678,-1.2296,2.7828,-4.3785,7.2259,4.0252,9.2969,2.2141,-6.3397,0.8753,8.3302,-0.9804,-5.6795,-0.7814,0.4642,-5.161,-4.433,-7.6368,1.1516,8.9067,-7.4552,-1.4626,0.5259,8.425,-9.1849,8.9097,6.9171,-2.2552,-9.7972,-9.6007,-4.4075,2.0471,-3.7785,4.1711,2.8483,-7.7513,3.8754,-9.0204,3.8687,5.0403,-8.543,4.1446,-3.3141,6.5463,-1.2577,0.0462,-6.8961,4.0664,-2.7979,-5.9703,-1.5727,-6.6158,9.6138,6.8696,-9.2908,3.9582,-4.4945,8.6073,5.0196,3.5455,6.4648,-7.5553,-9.3636,-8.8591,0.049,1.2592,-1.866,-4.5161,3.8416,9.228,-0.6781,3.3319,9.8279,6.0239,-2.1236,-9.924,-9.6151,-4.8745,1.2002,3.4488,6.0892,-1.5107,2.2393,-8.2397,5.841,-2.1045,8.3684,-0.9149,5.2307,4.8808,5.6851,7.7583,-4.2422,-2.5994,-1.8805,-2.9162,-5.9131,-7.8889,8.7063,-0.8358,-6.0939,-2.34,-9.4898,-4.296,6.5969,-3.9987,-4.1195,-9.3035,0.8613,-3.8057,-1.6556,7.8351,8.6782,-0.5955,7.7609,-8.0215,-9.4717,-4.7248,0.353
6.1216,-0.8589,-5.0705,-7.1317,-2.9285,8.1239,-3.9596,7.5896,-8.8914,2.5924,-3.082,5.103,8.6664,-1.6172,-6.3624,-9.9809,-5.5803,7.8206,-6.3875,-2.3324,-9.3778,-2.6257,0.8667,3.4792,-8.3105,5.398,0.5936,-1.0187,-3.1557,-3.0729,4.5404,1.9807,8.5535,-9.5268,6.7243,6.2344,-3.601,-7.3191,4.2858,4.7764,8.4044,7.8332,2.8417,9.5565,-5.2395,1.079,3.1362,-8.5494,-8.0534,7.9621,-8.4555,-7.2834,9.9767,-1.0581,-9.0151,-5.0846,-1.5382,4.9951,0.2937,-6.8143,-1.6179,-7.1538,7.4455,-7.5455,-8.3514,4.0146,-8.9463,1.363,-4.7687,3.3621,-6.2709,-3.5966,-8.3893,4.3249,-2.3545,0.9977,2.2384,9.6102,-2.5316,6.5865,-9.2151,5.328,3.9992,9.925,-2.4279,-9.2167,-8.4692,3.4886,9.5839,5.0451,-6.5419,1.967,-0.5768,2.8967,-4.4422,-6.4163,-2.4156,-3.0008,9.9986,6.2079,-2.7228,-9.2281,6.9511,-1.4189,-4.6132,9.1243,-8.2512,6.4508,4.8523,-6.1461,5.2315,-9.5507,-6.519,4.3017,5.6669,-2.7667,-5.0558,4.1518,-3.0163,-9.7436,-5.2656,-4.2526,-9.3209,-6.5646,1.3279,2.6906,7.4391,9.9713,-7.4004,8.8761,-6.8679,-7.4842,-3.138,-7.8277,1.3393,8.3047,-9.6081,5.1799,-7.8988,3.4743,-6.2597,-3.7117,7.979,-6.8653,-3.0374,-8.7714,-3.9209,9.8008,8.2522,5.6476,-3.3347,-9.5823,4.0585,1.4764,-5.867,2.6281,7.035,4.2903,2.3096,7.5994,1.4689,-4.9697,8.2928,-2.5291,-3.6241,8.5641,1.6828,-9.9845,-9.1055,-7.9278,-5.254,-7.6878,-9.351,6.583,0.6499,6.3761,3.9819,-8.2654,-0.7794,6.3609,0.2262,-4.1614,-4.1826,-6.3068,-5.5034,3.5101,7.8917,-2.268,1.2257,8.9285,-7.1724,-4.5938,2.8911,-3.4914,7.8626,7.5642,6.5794,2.6519,8.807,-2.5007
6.0939,-3.8446,4.4947,-2.8703,-0.7922,9.1188,5.4455,-4.7578,3.4152,1.8507,0.9245,-0.4825,-2.9872,1.8499,5.3622,-0.9575,-9.6692,5.8115,-6.4093,-6.6122,-7.1231,4.1541,6.519,0.0416,-1.9589,-9.5115,-3.0819,-3.5187,-8.6723,0.7981,-4.5143,7.2044,-7.5754,-7.803,-4.4101,3.9184,3.8073,-1.8062,5.0687,-8.1174,-3.1082,1.7925,9.925,8.9566,-1.7988,1.2593,6.6342,-6.7726,4.9867,-9.5397,6.3539,-3.6118,7.0734,-3.3575,6.4017,-4.6558,9.8544,-6.7709,7.8128,0.6536,-9.1416,5.6575,2.7075,-0.5643,3.4574,6.0535,5.2674,-1.1866,-2.1213,8.4319,-9.875,-3.9924,5.7599,3.94,9.1085,4.7931,-8.4415,-6.406,-3.3835,-0.3102,9.7797,-8.5923,3.9912,7.1449,-0.8229,-6.3629,-8.6429,-0.7594,-2.5055,-4.9796,4.4015,2.189,5.8008,3.1762,-9.9391,-5.1147,-0.2788,1.3313,-5.3602,9.4296,-3.2901,-9.2851,3.9611,-4.5453,5.7413,-8.0097,-6.2207,3.9669,-6.9899,-2.4587,-4.0948,0.2134,3.9139,2.0378,9.2254,4.1026,-1.5884,-1.2377,8.7848,-8.2859,-2.5849,7.4931,4.6572,5.2155,4.0932,-5.9535,9.86,-4.6585,5.4681,0.9741,8.5704,-2.7783,-3.938,-4.8591,-7.3879,3.2377,-0.3906,-9.7402,-7.397,9.7785,-4.819,3.3225,7.7722,-6.8056,8.0768,5.194,-7.4265,0.0501,1.8054,0.0526,2.884,6.3634,3.9491,6.8644,8.9197,2.027,-7.2944,-3.3256,3.8704,-0.3391,-9.2001,8.4016,-7.8243,-4.4983,3.3006,-5.1211,4.7695,1.3707,-1.1637,3.7472,-5.9193,-3.7195,1.8625,-7.9892,-2.6463,-0.0296,-5.7733,7.179,-5.5686,-2.6831,7.8212,7.2045,-3.6497,9.7981,-3.1376,-4.4936,5.5517,-1.1265,2.9098,5.4383,5.436,-9.7342,-5.1844,-3.8117,-9.6271,6.595,-3.3878,-9.3488,8.9132,2.4883
7.23,-3.1626,-7.3836,-8.5766,-0.5576,3.7277,-0.046,-6.9199,8.091,-6.9079,-6.1956,6.2705,2.3197,-4.0827,-0.0476,-2.8582,8.1437,9.4195,-9.0209,3.7131,-6.9107,-9.807,4.8261,7.9082,-1.3563,-2.7016,-2.8326,0.2971,-7.2965,-8.8821,-3.521,3.7398,-9.5081,9.7263,7.6759,-8.7863,2.1846,-3.3765,1.1411,2.4817,-4.9557,-5.32,6.3295,8.6213,-8.3569,2.8441,6.8109,7.5105,1.4276,4.3963,-3.3813,5.7237,3.0903,5.2223,-5.0878,-9.4251,-6.4749,5.6243,-5.3831,6.205,-4.7289,-9.8303,2.2837,5.715,-0.503,-5.9075,-1.6323,7.1335,-4.7255,2.0898,-3.1557,9.6348,-5.7888,-8.0719,6.4617,-5.1574,-6.807,-9.3117,-6.5168,-4.9789,-7.4354,-2.5024,-9.8168,-7.6117,-1.6523,7.0933,-7.3175,-4.8014,2.9757,-2.3421,-8.7958,-4.879,4.4458,9.785,-5.824,7.0952,7.6552,-2.8933,0.2533,-5.2363,2.1239,-2.9708,5.7456,-9.5183,-8.6296,7.127,-5.1609,1.9169,9.5464,-9.8881,-6.225,-6.4842,1.1987,-7.383,-4.4845,2.3587,5.4349,2.8955,8.5377,2.844,-1.7246,-1.4004,-7.6071,-9.4419,-2.5544,8.5795,3.5733,-6.9254,-4.3224,4.4612,5.2827,-0.5134,-1.3407,-3.3754,-7.261,2.9313,1.7024,-7.7618,-3.8618,5.269,-8.0562,-7.6149,7.6825,5.8513,4.7437,-7.1447,-3.7349,1.698,-4.2301,-2.3133,3.4606,-5.2688,-5.6931,-8.3309,6.1323,9.114,6.3277,-0.284,-7.4146,-3.9143,-6.5043,-5.7814,-5.3034,0.2676,9.4841,-9.9434,1.3557,-4.995,5.4835,-4.565,-3.049,-8.2417,-9.8123,6.94,-6.5006,-4.2796,-2.1029,7.4694,-3.6326,-7.8649,-4.7402,-7.7773,-5.0822,0.8046,-3.5722,3.3611,8.9149,-6.0249,-0.2314,2.2365,7.1291,-9.287,8.4557,4.7725,6.1319,2.1249,-8.0405,-9.565,8.024,-9.5131
-4.5942,-8.3437,5.1155,5.0004,8.4556,5.2215,-2.6655,4.2532,9.8907,6.8574,4.6705,6.4699,5.8206,9.1129,2.4297,-3.5344,-7.0789,-7.4468,1.432,-1.0462,-3.2794,7.085,8.7614,-3.048,9.0136,7.3784,5.3787,-5.8421,-5.6879,-2.8701,-7.2753,0.8001,-0.33,-8.3414,9.578,-3.2302,-9.391,-9.8783,-7.7285,5.4158,-0.0162,3.4541,9.5506,9.0371,0.8085,-8.4416,-1.1129,-7.9327,-9.8741,9.0419,4.7039,3.1472,-3.3444,-7.8396,3.2303,1.0219,-1.4605,1.3483,-0.5024,3.4257,-9.7577,1.7265,-2.758,0.6133,-7.405,4.7577,-9.1834,-7.9416,-5.6769,-4.2248,-6.4753,-7.9014,-7.4528,-6.4677,-3.3153,-6.1831,9.8514,8.3534,8.7494,9.8149,-3.3386,-5.811,4.5072,7.0031,5.5764,2.8444,0.677,-6.9727,-5.4482,2.0771,-5.3124,-3.1759,2.9965,-3.2248,-3.9603,-9.4209,6.6656,5.9653,9.1927,5.4988,2.4661,4.1276,-4.272,-6.1573,-5.9976,4.9148,5.485,-1.4185,9.9484,-1.8024,-1.7743,-1.6678,3.5069,0.7611,1.5546,3.9069,5.5071,2.5258,-2.3658,-6.0624,-8.7292,-3.0707,-3.4552,4.3611,9.211,3.8135,-2.6515,5.2802,-4.741,-4.7686,-5.5375,-4.5423,9.9246,5.3625,-1.708,-6.1464,7.6164,0.6977,-7.1037,-8.5576,-4.4816,-1.4326,-9.3296,5.7418,-7.2285,-2.5458,-3.4892,8.5084,-5.6291,-6.9865,-8.6276,8.2027,-3.9307,6.608,-0.7501,0.7851,-0.1891,-7.6225,-2.2643,-5.5301,9.1507,3.7357,2.0045,-7.9351,-5.5457,5.4769,3.6621,9.5631,2.2795,7.529,5.5277,9.5718,-7.7961,-3.0925,8.2751,-2.2283,-0.1865,3.754,0.6445,-2.4312,-1.1383,7.6108,5.8789,3.3924,-8.9771,-0.8565,-8.9529,-7.5234,2.7836,3.7743,6.1523,5.9404,8.7441,-5.5665,-6.2215,-2.8779,2.9153,3.7169,3.6875,9.3119
-3.6402,-5.8655,-0.4823,8.567,8.0711,5.2748,6.4726,1.4172,-4.8838,-0.2399,7.2551,-8.191,3.9574,-5.3912,8.219,-8.407,-0.8607,6.7916,-7.9026,1.207,2.0648,-9.2856,8.3862,-3.464,9.2535,5.6504,-6.8427,-4.8897,-3.7619,0.155,3.661,-3.266,-7.5256,-9.7763,8.7838,-4.008,8.9367,2.1526,6.8846,1.4545,-8.9581,-8.7675,6.5292,-9.9554,9.7992,3.8753,-5.1648,3.9031,4.8205,9.7448,-3.4137,-0.8341,-4.7243,7.9197,8.7966,-7.6073,9.7989,5.1102,9.8275,-2.412,5.3223,-2.7561,2.1062,-9.23,9.3562,0.3502,8.3558,2.4594,7.4581,-2.2417,9.5511,5.8307,1.1625,-3.7823,2.6904,6.9828,9.2629,3.8018,-7.2659,2.5533,5.0028,4.1468,-5.3544,5.7627,9.5655,6.0579,4.2434,3.8868,6.6663,-6.0929,-9.3187,4.3926,7.8648,-6.5467,8.6203,-0.5716,7.3128,-3.8159,-9.127,1.0393,-4.7073,0.2321,8.988,2.6148,-9.3956,-8.1378,-7.3151,7.9766,2.8629,5.7596,-4.7232,-5.5177,-0.4726,-4.5268,-4.022,-2.8987,-5.0548,4.1304,-5.0412,-0.5319,5.1438,3.8518,5.6837,2.9673,-5.4699,-4.049,-0.761,-7.8463,6.2668,9.3055,-4.7084,-8.6206,3.6224,-0.7727,4.5569,-3.8279,-2.0424,-3.9482,3.5829,5.0536,-3.4492,6.7062,-4.1408,-1.52,-0.6044,5.672,-7.8934,-4.7992,-2.0841,3.6748,-5.0389,3.8408,2.298,4.7828,-6.5222,-6.5973,6.2978,-8.0564,-8.3848,-1.4476,-3.3179,-1.81,4.6838,-6.8889,1.5467,1.6313,5.2271,9.708,5.2798,7.4448,-2.4187,7.452,-9.0696,-3.5935,3.7551,5.1092,-7.0916,9.8103,8.6512,-9.4418,4.0293,9.7295,-9.1897,-6.4466,-5.1276,7.4872,2.3312,4.7772,0.2008,-0.3653,5.6393,8.7486,1.3868,5.737,-2.4948,-6.5109,-0.8321,-4.5582,-7.0569,3.9913
-4.0995,-4.2492,8.2665,-1.5625,2.7764,-0.9921,-9.5148,-8.9203,1.4401,6.6873,0.0594,-3.3536,-8.5416,-7.8178,-8.5926,0.9789,-6.6147,2.2221,4.7312,0.3115,-1.2805,-8.7741,3.3513,4.8755,-4.5574,-9.8774,8.2063,9.7397,9.9942,5.7656,-8.511,5.1614,-9.3629,0.303,-7.0971,9.3863,2.4223,1.3945,1.7393,-6.2442,5.5052,-4.6835,7.3385,-8.9473,4.2792,6.5022,5.1221,-6.9973,-7.9349,9.6188,-2.1731,-2.6118,-4.4329,5.2523,5.5238,-3.4834,-2.3399,-4.9151,-3.8736,7.3765,-9.1965,4.8508,-2.7176,-2.9719,2.3406,3.3587,1.4885,-4.9393,-8.9262,-7.3662,9.5212,-5.4863,5.2833,8.6762,8.1214,-5.8127,4.2983,6.7658,2.3376,-8.5665,-9.5935,-2.2141,-5.1712,4.3703,-1.2835,4.9556,4.3493,0.8218,8.8279,-0.2715,9.4113,4.1334,6.1864,-8.9875,2.0842,2.9966,3.3671,-7.5846,8.4155,-9.1442,0.7612,8.5786,-0.7666,5.8859,9.4131,-7.9848,6.3003,5.28,-8.3632,-5.1057,1.2868,-9.0717,-9.616,-8.3733,3.2021,-4.9184,0.0976,4.0418,0.1894,-6.8544,4.8506,9.8807,4.9205,-8.7452,-3.235,-7.081,-9.5355,-3.8655,6.1628,8.3628,-2.3757,6.1182,-5.3117,2.9237,-8.9973,-7.8747,0.3202,9.7069,-3.4553,5.3056,2.732,9.2133,0.4243,0.4622,-1.399,-6.3621,4.3603,-5.0735,-5.7437,-3.4447,-0.2078,-7.6469,9.8026,-8.5147,2.674,-4.665,-1.7336,8.0006,5.8627,8.9077,5.017,7.2511,-3.0631,3.9606,-2.6314,-7.4122,5.1215,2.4197,-4.6842,-0.6711,-2.6728,6.8709,-4.9541,-6.9924,5.4732,-7.3013,-9.1766,6.3243,5.3389,5.5532,-2.1032,5.8746,5.6881,8.0374,-0.3924,-4.4272,4.8877,-3.9716,5.1665,3.316,-4.4657,-5.7573,3.3475,9.0452,9.7075,2.5867,8.1236,-3.4208,3.634,9.4298
5.9914,0.3212,1.7919,-5.2421,9.7065,-7.2957,-8.1082,8.9146,8.1738,4.3764,2.9088,8.6855,6.0036,-1.1478,-2.3078,-4.0734,1.5024,-0.1529,-9.8718,-7.2051,-0.0742,2.3881,3.4499,2.9577,-6.2279,-7.9334,0.7567,-0.7116,4.1827,2.7986,3.6995,7.0803,7.0077,-5.6794,-5.4427,-6.8195,-6.5957,-5.7123,8.5396,3.6063,7.5693,0.2541,6.8564,-7.0269,-8.8701,-7.6806,-0.9112,-6.9648,4.9579,-6.8755,8.0503,-4.7175,9.7307,3.2502,-2.3438,8.319,0.3956,-3.34,-1.4215,-3.6734,4.8222,-8.727,-1.676,-1.0015,-4.0572,-5.9119,2.2024,8.8347,-9.5565,4.6672,-2.6302,0.4143,1.8006,5.218,-1.3428,5.3469,-0.3749,2.1417,-9.0954,-8.767,-9.4663,2.4999,-0.321,-3.5244,-8.1135,-2.7726,0.9597,-5.2835,9.407,4.2224,3.7822,9.463,2.5718,3.2341,-9.5167,-4.4084,-5.0924,0.2189,-1.3121,6.8734,-2.5036,-5.8767,5.3263,6.7594,4.5771,-5.8586,9.4276,2.8575,6.1565,-7.064,0.5669,3.5953,4.7781,-2.5487,6.9935,-6.2714,2.7787,0.1018,-2.2928,-7.7143,0.7385,-2.9007,-1.7377,8.5315,-3.937,-6.7327,2.5778,6.1268,1.9115,7.3094,9.5717,0.3188,0.5593,6.7368,7.3591,1.9009,-3.0925,-6.0367,-5.1295,-3.1157,-3.1916,3.758,4.0385,0.6769,-6.6087,9.4315,-9.8038,-5.9015,-4.3257,-7.9119,-7.4395,0.8795,-3.2425,-2.2254,-2.228,-7.4002,7.9488,-8.628,8.5397,5.4132,0.6802,5.8896,6.8912,1.4408,0.2496,7.7947,5.7127,-5.2282,3.5607,-5.9947,2.5383,-4.0006,2.6546,-3.8488,-1.5174,4.5258,8.2322,4.2744,9.9963,8.4311,3.2506,4.2095,-3.9117,6.4968,-5.7266,8.9354,0.4413,-2.3302,-6.2475,7.7933,3.968,6.6235,-7.7977,-7.8949,-7.7627,7.4181,8.9181,6.8468,-0.6706,9.7445
-0.8369,5.6812,-4.8772,9.3309,-4.0746,-1.1145,6.0218,-2.5163,-6.7278,-3.7667,4.84,-3.963,5.3839,9.3829,4.1765,-7.425,4.3946,-0.9929,-1.9908,-9.2177,0.5948,4.49,1.1194,-8.7747,8.2682,-5.1197,-3.3331,-7.8124,-3.5169,-9.6146,-4.118,-0.0924,-0.8175,0.0879,0.1939,5.1333,-1.3101,1.819,7.7324,-7.9673,-7.5199,1.1174,6.3018,-2.7985,-3.6253,0.5234,-3.7295,-6.5367,0.0306,-3.7712,0.4058,9.7712,-3.4467,1.1495,-9.212,-0.4617,-1.9442,3.6353,0.2493,5.6943,0.788,-3.4238,-2.9931,2.9632,-1.4274,-0.0082,0.4002,8.8341,9.795,-7.3677,-0.0571,-7.7505,5.713,2.7436,-7.3526,-0.4929,-0.7607,5.1246,-0.1425,8.5617,-7.4792,4.298,7.368,-5.6749,6.5196,-9.748,-3.6846,-6.6585,0.5603,-7.7674,-0.2578,-1.7896,9.4332,7.6156,-6.8972,5.8458,5.6531,7.9387,-5.9927,7.129,-2.9964,2.7388,-3.8867,-3.6694,-8.4753,8.9314,-0.9322,4.822,-1.3585,-9.3199,-7.9552,-1.3565,3.3092,8.8834,-1.9744,6.264,-2.1486,-3.0259,6.5145,-2.881,-5.805,2.8323,-9.8457,-6.4263,-9.4593,5.0382,3.0574,0.8285,-9.2123,6.647,9.8655,5.371,5.5975,-5.6107,6.8012,-9.4112,-1.9159,-2.2902,-7.6736,9.5666,-4.7245,9.9684,-1.4644,2.997,-8.6248,4.0941,3.2986,-8.39,-6.7601,-9.2821,9.5593,-2.9241,-1.8963,0.8828,8.5081,-4.6329,6.8188,-6.2099,8.8242,-5.6246,2.9155,-3.6332,5.9468,4.3637,4.8471,-0.9625,-0.0974,-3.2071,8.2142,-2.968,9.8935,6.6648,-6.1663,8.7959,5.0611,-1.5316,-2.9188,1.4537,-3.3291,3.9214,-8.1613,-3.263,-2.6838,2.8693,-5.2926,6.9586,6.3451,-1.7194,-8.6731,-0.0891,-4.4778,-8.4487,5.6069,-5.5736,-4.1309,-9.8418,5.2854,4.2517,-6.4417,-7.7774
5.409,3.1105,0.2216,-1.7748,1.9699,-8.2481,-4.8114,-7.7296,-2.1673,-8.8154,4.5625,2.5061,9.9684,7.1473,3.8235,9.7354,3.4827,6.4824,-0.9785,-4.8273,0.8556,-4.9404,-1.3465,4.2226,2.5417,-2.8799,-8.5007,9.7572,-5.5654,-7.4259,7.5242,0.7608,-3.1215,4.3944,9.6413,-8.7577,-4.779,-8.2086,-2.1022,-0.271,2.7284,5.5183,-8.0752,7.1378,3.6682,-4.4159,8.9581,-8.7229,4.8629,-4.8286,5.8269,-5.3396,7.4388,-7.0914,7.9872,-7.0056,-7.5046,-3.7728,-4.6712,-0.5106,-7.3996,-3.3526,0.8458,4.2915,-6.8671,9.6976,0.7715,-7.3767,-2.1517,8.9306,0.0914,-6.9656,-8.525,9.0099,-3.2216,3.0221,8.0963,-0.9866,1.9398,8.8667,5.2874,4.2519,-2.204,7.3081,4.6171,-8.9254,2.8787,-5.4831,-1.8031,-0.8292,-2.9242,6.0125,3.4064,2.4021,6.3606,-6.5722,-6.7822,-0.8454,2.7369,-1.2503,-0.8606,4.6745,-7.3223,-5.8096,-0.7474,3.7938,1.2942,3.7327,-8.9512,1.4,-6.7469,-8.7505,4.5684,-4.784,-8.1618,6.9602,-3.6705,-5.3466,-5.8207,1.8244,6.8454,7.9005,-7.1258,5.2079,4.4031,4.1589,5.9404,-0.6921,6.3798,0.2767,-6.0732,-4.6075,7.7472,6.0008,-2.8737,-5.4431,-9.35,3.501,9.2181,-7.9908,6.2379,0.0273,-7.988,-6.1188,2.2127,-8.0452,2.9332,-4.8355,-2.9661,8.587,-1.25,-3.0084,0.7598,-1.6757,4.9014,-7.4053,1.4959,9.0035,1.0175,0.1969,-7.1375,-9.5107,-7.4493,-6.0992,2.0053,-3.1236,-1.4571,4.5749,5.1224,9.2616,-2.0581,9.4513,-5.5614,-3.6728,3.9524,-1.4319,-9.4919,4.196,-1.3125,-7.4971,-8.2608,-8.5754,-3.3741,8.8379,6.95,-0.4756,9.6646,8.4773,0.3932,-9.0146,-3.5384,3.6237,-0.5247,7.0728,2.6753,-5.8826,4.4971,-2.7999,9.2075,-7.6331
1.6881,9.7225,-7.7228,3.6504,-3.7404,2.7846,1.1505,9.4763,3.1029,4.2093,-1.7164,-2.3467,-9.5643,-2.0917,-0.1716,0.2939,-8.5166,4.8163,1.7001,7.0316,3.6647,0.379,8.5355,2.2061,-3.1397,4.6703,-7.8292,-5.7697,7.4564,7.7592,0.2865,0.8906,1.1536,9.0409,7.3714,-2.6604,7.562,5.3437,-7.3477,-4.4687,-2.7886,-1.7635,-9.7777,8.3303,-6.0854,0.499,-9.0082,-7.948,-6.6644,-4.1553,-2.636,0.3512,2.0086,2.1665,2.583,-7.7703,6.446,-5.5646,-3.6079,-2.2837,-6.3359,-4.9952,-5.5801,4.0744,2.3684,-3.027,9.911,-5.6345,9.084,-2.0468,0.8832,-9.9936,-4.0463,-3.0823,1.3435,0.3991,-8.8776,-5.9024,-0.4638,-6.9497,8.5353,0.6829,-9.3647,-0.4369,1.4588,-8.1501,1.7277,1.9588,-2.4413,4.5002,2.2963,-6.7039,-6.8665,-9.5027,3.6442,4.4165,-1.2913,-9.2355,6.275,-2.7437,-5.7345,9.9901,-0.5678,-9.8513,2.259,1.4157,-6.7475,9.9093,-8.9065,6.1688,-4.0369,1.8232,4.123,-6.8179,2.5384,-8.7628,2.1911,1.2704,-1.458,7.6628,2.1743,-7.4438,-2.773,-6.3186,-7.012,7.4006,-8.897,-1.0889,7.3275,-5.5742,9.7977,-4.9205,3.3827,2.1095,1.6322,-2.1241,-8.4821,-7.3263,-0.7155,6.049,0.954,-8.023,-7.9412,3.2208,4.3082,-7.5421,-4.3074,2.7434,8.6261,4.6882,-9.7423,-6.1416,-8.4112,-3.699,-3.1431,-3.7819,3.3841,3.1424,-0.6502,9.8704,-7.0497,7.7614,7.7678,6.9041,-0.0388,-9.7904,-0.3241,1.8126,0.157,4.3121,1.2042,-5.5221,-9.1309,-6.8332,3.7581,8.3516,6.6533,7.7921,8.2624,2.1893,-9.9057,9.1283,-1.8032,-3.7471,7.751,0.2013,-2.8057,-3.1184,-0.8815,-0.469,9.0187,-2.5399,4.2229,1.3251,5.8717,-6.8687,-3.8692,0.6842,-6.3755,-6.2218
-8.3856,3.0471,-6.9597,0.1067,5.587,0.5704,2.9507,9.5941,0.5199,-7.2638,-1.9855,2.6917,2.3208,-2.5775,8.6074,9.3472,-1.7605,5.1619,0.1138,5.9732,8.1479,0.4018,5.1196,6.9249,-2.8381,7.6542,-4.2198,1.4812,-9.2841,4.7007,4.6836,-7.962,-6.082,5.4743,-8.1883,-3.3809,2.8024,-0.8587,7.5534,5.2086,-9.8922,-9.4604,-0.9269,-1.0295,1.6031,-0.7285,7.4345,2.8043,-9.9701,7.2965,8.8479,-0.6701,8.2255,6.3339,-8.2655,-2.5553,2.485,3.9203,-5.7534,-5.0535,-2.3959,-8.9827,-2.0854,-9.2495,1.5936,-5.8602,-6.8701,-8.0544,-1.8884,-4.9729,3.9093,-5.1909,-3.3951,2.2736,6.5865,5.14,9.6978,-0.3298,9.4719,7.461,-5.4946,-3.045,-2.3949,8.228,-6.8341,6.1052,-6.017,-8.2391,-3.4223,-6.3871,-3.2263,-3.6656,-0.8485,-9.5556,8.6981,-5.965,7.5838,9.7724,4.7166,-5.3667,9.9629,-8.2499,-1.6426,-0.592,4.016,8.6281,9.1272,-2.2408,-3.6298,-4.1488,-1.4305,0.9241,8.7623,-6.7786,8.2034,-6.6699,6.8239,5.797,-0.7979,-4.4015,-9.2122,1.5159,-3.1855,-3.66,0.9855,1.9841,-7.3576,8.2649,-2.1802,-8.8552,7.3063,4.1515,-8.5879,-7.0414,-0.2115,7.3083,-6.512,-6.3865,-2.974,-1.2221,-1.6718,-3.755,-2.6967,-1.5963,9.4765,-3.211,3.5055,-2.8651,-8.8826,-1.6148,4.9782,-1.8851,9.4695,2.2073,-5.9759,-8.5878,2.1733,-5.553,-7.146,-8.4256,-9.0248,9.8419,9.2862,-5.5192,-3.4622,3.6208,-7.7072,1.4971,-6.7395,-5.0736,4.6843,7.4752,-9.713,9.0206,1.0778,-1.5174,-7.2018,8.7235,4.4011,6.1724,-9.408,-7.0729,5.078,-0.7643,-9.6481,2.592,-9.8871,-1.7533,-4.8526,-8.7147,7.3792,8.3949,-9.6067,4.5258,0.3588,-0.5231,-1.2294,-7.7992,-0.1124,3.2056
-2.0165,4.7684,-3.3188,1.5651,0.717,3.8863,0.4635,-0.9464,-2.005,8.706,-4.4142,-8.6437,-3.2611,3.4932,5.8296,-3.8165,2.0051,9.3736,4.9967,6.4177,5.2344,1.7522,2.3981,-1.162,-7.7943,6.0172,-8.6789,7.9302,-9.0457,4.7251,7.5653,5.2794,5.9052,-2.8693,3.8323,6.8747,6.3291,-2.04,5.8583,-5.9985,4.2654,3.9271,9.0342,-0.0916,7.5874,-3.8133,3.0251,6.9978,-8.356,-4.6836,4.3286,1.5154,-3.3102,-8.2951,4.107,-2.25,0.5762,-4.1188,-8.511,1.921,-0.1711,2.9345,5.8775,5.5567,-3.117,-3.3853,-2.0208,9.3794,-5.0694,-7.1722,-8.0521,-7.9059,-2.1858,2.1593,9.8581,-8.2184,2.3008,2.6441,4.1501,-6.383,-1.2584,4.0123,-1.1587,-1.2896,8.3965,-9.0321,-7.1631,8.1437,7.0117,7.5138,5.2044,9.8751,-3.4063,2.243,-9.6081,-3.2755,-0.3252,2.3628,-3.641,0.4063,-8.3114,1.6049,7.3266,1.6871,3.8616,-5.9716,7.1715,9.4317,4.868,-5.7214,0.8227,-2.836,-7.6212,0.9302,-8.8008,-0.7082,9.1253,-3.3639,3.9748,3.3227,9.9212,-5.3474,2.5863,6.0836,-8.9347,-0.1927,8.2707,-4.5679,-2.2204,-4.4716,-4.5363,7.2319,-5.7709,-4.6551,-4.7313,2.9554,7.7929,4.0276,7.6109,7.6985,0.107,-5.2677,-1.234,6.1041,6.1276,5.4466,-1.0225,2.2562,-4.866,-6.364,6.7654,8.4344,9.4344,0.5577,-1.5482,7.136,-6.7462,5.0764,6.5876,3.6959,-8.3747,4.8024,8.5469,-2.3542,-0.32,2.9959,-7.5899,3.5327,9.6201,8.0636,7.3802,-8.3153,-7.1728,3.7423,7.5391,1.9348,9.4187,7.6907,7.8846,9.1726,-5.0703,-8.1171,-5.4195,4.9328,6.9045,3.293,-8.9515,7.1842,8.0402,-9.2122,3.705,0.8269,6.0259,0.8637,9.3724,6.5016,-5.6294,-5.6876,-3.1066,-5.9053
-1.0445,9.2419,-3.7759,-2.0343,-2.295,0.5877,5.6436,-9.1979,6.0424,8.5829,1.7091,-5.4985,-6.929,-0.615,-4.9018,3.8961,6.54,2.7802,7.6163,-4.5337,4.0689,-1.9699,-8.4909,-3.613,-1.4753,7.3943,-9.9674,6.6793,9.5971,-3.6814,-7.0844,3.9479,-5.9077,8.9715,3.4195,-8.971,-4.9762,-0.0116,-2.3447,0.2457,7.8672,-1.8277,6.0171,-6.9602,7.228,-3.8445,6.1018,-6.1984,-8.1481,-8.0765,3.6452,1.8583,4.9277,-7.8954,7.4594,9.8026,8.8551,7.5972,1.5316,-9.5066,-5.5454,5.9571,5.3778,-8.978,6.4413,-7.378,6.5181,-6.7484,-8.9263,9.9466,-9.7744,0.8663,4.2211,-9.7672,-0.4221,-9.2312,-0.1401,2.7789,0.0418,-3.2374,3.0104,-0.7526,0.2248,4.108,-1.6673,-6.7062,4.8551,4.8936,7.134,9.1567,4.2761,-2.9194,-0.9961,-6.4383,-5.4348,-8.3173,8.637,-2.1334,-5.2538,-1.9098,3.7919,-3.918,7.0633,1.8742,5.9605,1.8342,-1.4563,9.6592,4.7685,0.7116,-1.6606,8.6952,-8.8592,5.2512,-2.9482,5.3009,-3.3745,9.0149,-7.3509,-1.3275,4.1427,-7.1834,-4.5618,-0.9788,-7.6067,0.9003,-0.8623,-0.2899,-5.5486,8.2184,-6.2742,-4.4681,7.0331,2.1613,-5.1301,4.3833,6.9931,8.3944,4.6484,-4.6382,-5.6126,-0.2436,-8.1881,-5.6422,0.7302,-2.1074,-2.8632,4.3054,7.1622,-1.8729,-2.2971,2.3463,6.0897,7.4847,-6.2099,6.8944,6.0609,4.1821,-3.0451,-8.9482,2.789,6.8598,4.0584,-7.8471,-7.6904,2.944,-2.4444,5.7982,1.1592,0.5853,-5.2738,-8.4034,-5.1577,-8.5698,3.1815,-6.037,7.0149,-3.429,3.1,8.3286,-2.189,-4.261,-6.5018,3.2667,0.4591,7.0761,0.2112,8.1018,-2.4599,-8.2028,2.2758,9.6889,-6.2712,5.0205,-4.5032,-3.3913,-3.8977,5.4959,-6.2395,-3.5005
