6.9065,7.6431,-9.8736,8.8341,3.4892,3.8575,-1.5698,-0.9784,-8.7241,-8.6592,-9.4485,-9.7174,-5.9764,6.8478,-4.246,-9.444,-5.5233,-8.2194,8.8563,2.1395,0.3161,4.7443,-3.7591,-0.3953,-8.1856,5.3646,9.8375,-0.8421,-9.3872,6.551,5.0341,5.4743,0.6913,5.6394,7.3345,6.9195,7.2402,5.9104,-0.3703,-2.0555,-2.0638,-3.8521,-6.3281,7.6617,-8.6515,7.3162,-6.1774,6.1905,-0.0707,1.5181,-2.2848,-0.6474,-6.5001,5.6698,8.5169,-0.6492,-6.2666,-3.7308,5.7525,7.6696,-1.084,7.5962,-8.7951,3.4377,-3.7828,-9.6442,-2.6945,4.42,4.2424,-3.7726,9.0686,6.8105,-8.0242,-8.2158,-0.4673,-1.3834,8.8499,-9.8261,-9.0771,-7.8801,1.9584,6.6479,6.4236,-4.0913,-5.2182,-7.3725,-1.9792,-3.3345,1.2642,7.7746,-1.3613,-0.2023,8.7058,-9.0391,3.1833,-7.1179,-0.6424,-7.8237,-6.9806,1.2377,8.6519,-3.7602,5.4234,3.889,7.9864,5.6234,-7.2834,8.5729,2.353,-9.7247,6.1568,7.0261,1.6076,5.8873,2.3206,8.9135,0.0064,1.8978,3.4999,-9.4882,-9.485,-3.0587,-9.8468,-7.0021,-0.1566,5.9604,-7.4542,-5.2423,2.5601,8.3785,-2.3721,-6.2976,9.0889,-0.6013,3.124,1.9813,8.5456,-2.5288,-4.581,-5.1363,-5.9075,3.1865,-7.0917,3.5629,5.1036,4.9454,-1.13,-9.8541,3.8696,-2.1002,-5.29,-9.964,1.9601,-9.8969,7.6909,5.8972,-8.0994,-1.9668,-7.6761,2.3413,-5.9261,-7.8729,-3.3706,-4.5883,2.9952,2.5298,1.2754,3.3154,-0.9466,-2.6389,4.0134,9.9223,8.6772,-4.2795,-9.7838,2.8448,-9.8788,7.1773,-4.6712,-0.4487,2.9572,4.793,-9.5548,3.8587,-7.0928,-0.9873,7.3057,-5.9396,-0.7688,-5.8719,2.6356,6.0407,1.8221,-4.7158,9.731,-3.7301,7.8684,6.6333,4.7111,-7.1452
5.9704,-2.013,-1.8741,-4.8914,8.281,7.0397,-9.6469,2.1313,-3.4503,-1.0411,7.4931,9.3473,1.13,-9.8216,7.1188,-4.1719,2.5786,-1.8508,4.0225,-4.6929,7.5918,-3.4548,-4.1706,9.7781,-9.546,5.6419,3.5247,1.5113,6.7024,6.9613,2.7758,-5.1683,-1.1037,-4.1828,-4.0935,-5.5787,-7.7525,-6.6323,6.5076,4.6001,-6.1977,-1.5179,0.6125,5.8443,9.6139,0.2055,-2.7492,-8.4414,-0.6541,7.5212,-9.7667,9.6672,3.8093,-5.2497,-7.9906,-6.5956,-2.1353,-3.5587,-9.15,1.7025,0.7264,5.934,-2.7849,5.7146,2.936,4.2906,0.0132,-3.1393,7.6147,3.0557,7.7384,6.9258,6.778,0.7511,1.1809,-1.7778,5.58,-6.6002,-4.9011,8.8054,-1.0833,-6.9227,6.1941,4.3391,8.4212,8.0206,-7.715,2.9887,-0.9865,-0.7141,3.1099,-5.0605,4.8408,7.0886,-3.5434,0.677,0.4483,-9.1954,-0.9584,9.4272,6.7243,-2.0183,-4.0052,9.0313,4.6215,1.7574,-8.7451,9.0439,2.0009,3.7019,1.9685,-1.5186,2.8503,0.3263,-7.9803,-8.8299,9.2403,4.8165,8.3685,-0.4617,5.9213,8.6393,6.0175,-9.816,-2.7788,6.8415,-0.6573,-4.8812,5.4976,-4.946,5.868,-5.3115,-3.3096,6.1406,-4.5369,4.5769,6.4333,6.736,-0.5531,-4.3526,6.1664,6.5164,3.6746,3.5239,-9.7998,0.2797,8.2392,2.2762,1.7268,6.9857,-2.7594,3.2997,-9.626,-1.4206,9.0408,-9.1634,-5.0648,3.8094,6.7713,3.0651,6.7589,-2.0598,1.9611,8.5053,-1.7452,-9.9338,-6.6026,-7.3392,1.9985,-7.8158,-8.2159,6.9402,-0.0024,-5.9419,1.1861,-7.572,4.0521,7.4996,9.4101,-0.1739,-0.3939,-2.0118,-0.5792,-5.6206,-4.1111,-7.7632,4.226,-7.7414,9.7036,3.7107,1.2963,4.723,8.0901,4.358,6.8814,8.2483,2.8318,0.2058,-6.1877,8.412
-7.7214,4.4584,7.3048,6.7383,9.7842,4.7364,6.8767,-2.3977,-8.6322,4.7,8.1528,1.9914,9.3963,1.2453,-9.2494,7.7956,5.0648,0.8484,8.8473,-9.9095,-3.8856,3.9349,-0.2679,5.7146,-2.8979,-2.6346,9.4815,-4.5302,-2.222,-2.2592,-6.2816,0.6612,9.5301,-8.9008,1.2716,1.6759,-2.1063,-4.7317,-0.3343,-8.7617,-4.5569,5.1674,3.5,3.468,8.488,6.9854,-7.2634,-0.5585,0.6071,-7.8827,6.1421,4.9217,2.8824,1.2325,-5.3708,-8.6181,-8.8205,5.785,-3.288,-9.5325,8.4371,-1.9111,-7.4701,-9.9314,2.6308,-9.3973,6.2388,-3.6788,-0.7107,9.7789,7.9291,4.0051,0.4439,6.4768,-2.6644,-0.4214,-8.6141,-0.7505,-3.9912,1.3276,-1.4475,-9.6928,-6.1029,9.1526,-4.9013,-7.0895,-6.2932,3.3136,-0.7863,7.1878,-6.1805,5.0912,-9.3116,-1.2323,-9.1244,3.3587,-9.4884,1.6385,4.0041,-0.9883,6.1365,5.3811,-9.2267,0.1432,-9.6541,-7.3708,-8.3042,-3.9285,-8.246,-9.2473,-5.5797,-2.4191,8.4387,-8.2263,5.9044,-2.1806,-7.1427,-7.5156,-9.5839,6.5946,2.4628,-7.1618,-2.6138,8.3471,-9.6428,2.5287,4.3558,3.8926,-8.051,7.4338,-5.2265,-3.6042,-4.4479,1.459,2.985,0.2575,4.0654,-6.6558,7.0643,9.8419,-7.9135,-4.2759,-0.2461,3.0327,5.1927,-6.2922,-6.0864,-4.9818,-4.775,-9.622,-1.049,4.3569,-7.7046,5.0773,-3.9563,4.4719,-8.8298,3.0166,-3.4001,-8.18,-2.4434,9.614,-3.6601,-2.6939,9.122,5.8548,-0.1286,-5.2959,-8.5742,-7.507,3.5873,8.1599,5.0566,8.2692,9.8227,-2.5789,0.286,-0.8951,1.3257,-0.668,-3.0616,-1.2368,9.3104,1.0133,-5.0888,-7.2361,-0.3982,0.0216,5.1403,3.6428,9.011,4.6349,-4.6451,4.7245,4.0827,8.7613,-5.6766,-0.8221,-2.3738,-6.1952
7.9006,-3.1125,2.9568,7.6076,3.0068,-6.6941,8.3504,9.9865,7.2365,-6.945,-5.7072,2.4325,6.2908,-2.9103,-0.8639,2.6275,-3.7244,6.77,4.3586,-9.2744,7.9096,5.197,7.8981,3.5355,-2.7005,4.2779,-6.2457,1.38,-0.4666,8.1903,-8.3219,-6.9032,-4.3154,5.2226,-4.7068,2.2794,-7.25,5.1218,-4.6656,-4.8797,-4.5388,-6.6678,-3.4547,-0.0052,-5.1713,6.2027,9.5226,-3.5867,8.0925,1.7169,8.4454,-9.5824,9.3977,-5.8665,-6.7116,-6.1903,-9.8341,2.543,3.7719,-3.3661,3.8779,-3.4813,3.7507,9.7466,-5.6,-6.039,-9.3134,-1.349,-6.1302,-4.3212,0.3703,-5.3643,-1.4898,0.8711,3.2949,8.6922,6.2711,-5.5954,2.8674,9.935,8.3608,8.2137,-5.6804,-6.5902,-6.3479,9.1147,-0.1955,9.2789,7.8451,0.4045,-7.1795,0.8926,-4.5805,-6.3446,5.3757,-2.8334,9.7974,1.9027,-4.4665,-1.0569,9.4598,-4.3025,9.5756,5.2885,-7.5625,-6.5793,-1.2865,-7.4922,-2.4062,-9.2744,2.912,6.8093,-6.5213,-4.3044,2.5715,4.4075,4.8653,4.3988,0.9687,0.8874,-2.9492,-2.1686,-4.1235,1.3139,-8.3331,-7.8267,-9.9687,-1.6057,9.2025,-3.3966,7.0891,-8.8699,-9.34,5.1757,-0.748,4.2847,-4.9441,-7.1544,4.6719,-4.6518,9.7973,4.4347,-5.4066,-6.494,-8.685,-0.3097,-7.2084,4.8496,-4.245,-6.836,-8.8182,-7.5602,2.1737,-9.9631,-2.7374,2.6735,8.2318,1.2876,-2.6546,7.1941,-0.7616,-0.6463,7.5968,-0.5552,-6.2398,3.7265,-7.0425,-6.0427,5.297,3.7028,-4.1554,-2.5804,5.3994,8.2588,-4.2075,2.7953,-5.5259,-5.1089,-0.2081,-8.5167,-4.0278,1.0897,-9.8196,6.3861,8.3821,-7.4616,5.7517,2.1166,-9.0838,-6.4694,9.8919,-4.7986,0.6071,-0.5442,2.3368,4.445,2.2298,1.5098,4.0805,5.3585
-6.7298,-2.1677,-6.7367,-3.9047,-1.3473,-1.0943,7.717,-5.8256,-4.408,-6.6022,-2.1491,-1.7182,6.1766,-3.7621,5.6728,-3.4274,4.2556,2.6857,-4.5877,3.0565,4.2988,1.8222,-4.3029,6.7462,7.9404,8.1062,-3.6251,1.1552,-7.5265,2.8077,1.8178,6.3341,1.5228,8.7592,-4.0891,-8.6263,-3.7563,6.0563,-2.2867,-2.3654,-8.7343,-2.8151,0.9066,8.6702,8.6693,4.2308,8.2799,-5.5165,-1.1008,-3.2501,6.8547,2.4434,8.7832,-6.7472,-2.22,7.7751,-4.7339,2.6852,-3.9844,6.9254,7.9018,-9.1615,-7.03,1.3305,-8.7761,4.289,5.6323,7.3362,4.4861,-1.8489,-3.3912,-4.2703,6.2199,2.8507,-1.1417,-9.3069,-4.5993,-0.0121,-4.1547,-7.856,-8.5626,8.5618,-0.8282,-1.6564,2.8441,-6.0054,-6.566,7.2391,4.9392,9.0058,0.0387,6.0451,2.5299,3.5622,7.6408,-8.9768,2.6002,-1.9936,-6.5117,-4.8074,-8.2887,3.1448,-4.8392,-5.3796,4.1993,3.0342,4.6836,6.1007,-4.1797,-5.0237,-3.2979,-6.8251,6.0001,3.0333,8.2443,-6.9547,-9.7613,2.7917,6.0775,-4.4553,-2.8677,-0.556,-8.9405,-9.5641,7.9941,-7.3555,3.1701,7.9747,-2.5971,1.8199,8.9968,3.8601,3.3561,-4.5326,-2.7151,2.0689,-1.5225,-7.4586,7.1854,3.2809,7.4868,-6.0099,9.5117,9.0625,-3.4914,-3.046,-2.2338,-9.5039,5.7829,9.3632,1.5426,4.0784,0.4416,-3.0996,6.6103,-4.1825,5.2661,-2.2923,-4.9126,6.2399,4.3427,6.735,1.3663,-9.886,4.5085,-4.4724,1.3805,-4.7479,-1.5983,-6.0916,8.9022,6.6487,-3.3934,-0.4198,-2.6918,-5.8434,3.8239,0.0108,6.8407,-9.5524,5.3724,-5.5774,8.2316,-5.1858,-3.0103,1.9175,9.0308,7.3657,7.1425,3.8221,8.5018,-1.557,-4.1704,-4.2142,3.0712,5.4164,-7.43,9.913,-8.0679,8.8033
-5.0322,-7.0896,8.6563,-9.912,5.065,-3.0825,-3.5215,-1.209,-3.8577,-0.5554,-5.4156,-4.1938,-8.9787,0.9567,2.0357,-4.7181,-3.36,8.434,2.9048,-4.0328,1.7855,4.2121,-0.1702,-6.9959,4.0661,-5.2049,-9.6521,5.5761,-3.7571,5.3003,9.2315,-2.4516,-7.7079,9.0023,-2.7379,-4.8293,4.7912,5.9517,9.6283,-5.6373,2.4004,-3.923,-0.7004,-0.3673,-4.9335,6.2113,-5.1058,0.4787,3.8643,7.2238,7.1604,6.747,-3.0363,-9.5488,5.5248,-4.4604,9.4676,-7.4765,5.2881,5.7609,6.851,-9.2777,4.5642,-0.705,3.6919,3.1314,-7.6488,7.3509,-6.5183,-4.3039,-8.7336,7.6892,-3.0375,1.6141,-3.8118,-2.2499,1.9623,0.3715,-2.1718,5.4431,-6.6389,-7.9648,4.5865,9.1862,0.049,-5.5309,8.0623,-6.7084,0.1893,-2.43,-0.6506,-2.6483,-2.4462,8.8079,5.4534,-5.9592,4.4018,5.9893,-0.9121,4.163,5.2252,0.5606,-3.9978,-1.8633,-1.3694,0.8602,7.4237,3.8315,-3.2656,8.023,6.3886,-8.0031,6.5066,1.6983,-4.3848,-1.6938,3.5747,-8.9601,6.419,-8.1536,-0.7681,-6.9847,-7.2601,-8.4233,-4.8763,-1.4832,-8.0952,3.1417,-3.6378,5.6816,5.3903,5.2783,-5.928,-8.0065,2.6247,6.2659,-8.2795,-2.9406,-3.9391,-8.463,-6.4619,7.7203,-8.2928,6.9401,7.8746,4.6694,1.5057,5.467,-9.5486,3.6126,-2.6698,-3.9325,1.3631,-0.6947,-0.6739,1.9053,4.5967,6.5418,6.9117,2.6225,1.6033,5.2569,-5.9181,8.7689,7.0595,3.7317,9.8748,-4.0336,-8.2715,8.844,-1.2951,-4.4324,-4.9829,-1.6501,-0.993,-9.5338,0.1054,-3.3697,-0.5105,-4.647,5.1546,-7.4846,2.041,5.9788,-4.6421,-2.9589,7.3881,8.5326,0.2615,9.1933,6.9102,-7.2359,-4.3812,-4.0035,9.308,-0.1724,8.0855,4.135,-9.4143,7.5444
-8.2284,5.6394,-2.1481,7.8706,-2.6035,6.5777,-6.6359,6.5397,-4.363,-3.2458,3.7544,7.9416,8.3374,6.6799,3.88,-8.2813,6.6398,-1.5998,-6.8117,1.8037,1.8913,-6.6402,2.0661,-4.809,9.0428,2.022,-4.3762,-8.0946,0.0366,-2.7861,3.469,-3.794,8.5109,-1.433,7.912,-5.5202,-4.2239,-5.8363,-7.267,3.8967,4.053,5.1401,2.4455,-4.7727,-9.9975,-3.7746,-7.9706,-9.9159,8.5945,4.3762,2.0354,7.5741,1.3578,3.025,-5.7385,-6.5317,5.0659,2.6704,-4.2848,1.3271,-2.4251,-1.1201,4.5488,5.0721,1.0916,4.6934,-3.2118,9.1284,0.573,-7.2573,-7.1992,-6.1578,-1.5122,2.5981,1.1711,3.7607,-3.6344,-7.2829,2.9999,-3.1873,-3.3208,-0.187,-0.4916,8.288,-7.2641,-4.8431,6.7449,-2.5511,-9.838,-6.6589,4.6966,4.775,0.9563,-7.3014,8.3793,2.4743,-9.9851,-7.3129,-3.8723,-6.9778,0.1842,1.6468,-0.7676,3.2451,-1.5098,3.4344,5.2516,-8.2611,7.3196,-9.5532,5.64,-1.8252,-7.7844,-8.0381,-9.2862,0.5972,2.317,5.1873,-0.7684,8.7107,-5.5849,-5.3719,4.412,-1.2874,-7.1491,-3.209,4.6093,3.0805,9.5654,3.2842,-3.193,-8.8721,2.4161,-2.8817,-1.302,-1.8381,-6.1173,2.4447,-7.7542,6.1134,6.5478,-5.3213,2.3685,4.7998,0.6059,2.5218,-6.8835,-5.102,-7.4916,7.3248,-1.0845,-3.2706,-7.6231,0.929,7.392,-8.9456,-3.9977,3.4175,-8.1564,7.5149,6.4653,4.6632,-5.0677,-7.8692,3.5595,-1.6185,6.4336,0.1529,8.5802,-1.2271,-9.2472,-5.9947,-7.5782,6.7611,-0.7826,9.9213,-9.3462,-2.0765,0.4892,4.9314,-5.8719,1.2209,-6.0173,2.4646,-7.3977,-0.0453,-7.4664,8.517,-7.0928,7.0496,-8.0776,-9.6179,3.6612,-4.4376,-9.7351,6.6125,3.7637,-5.1832,1.1925,4.1641
2.4778,3.3821,-0.4097,-7.7985,9.624,8.9164,5.0027,-8.9109,8.552,6.6626,-5.5542,7.0452,7.1477,-7.6125,-6.9237,-7.2574,1.1359,-9.1804,-1.4317,-2.9102,-7.8221,-7.7627,0.7357,-4.5753,2.6327,-8.1529,0.3965,1.8041,4.4324,-9.0097,-4.81,-8.4286,5.2864,5.5965,2.4389,-8.0252,1.4939,-4.6161,3.6518,-3.1384,-5.94,-0.063,3.2318,-9.6462,-1.0558,-7.2567,7.256,-8.814,6.4772,5.7517,1.7935,1.0974,8.8032,-8.276,-2.7716,6.0372,-9.2445,9.3257,9.3018,1.8928,3.2751,1.6679,-2.8402,0.339,5.479,9.8193,0.802,7.828,-6.1564,6.9526,-0.7928,9.059,6.5503,8.784,-0.7363,6.368,-2.6092,-2.1456,5.4529,-9.3813,-1.5563,-1.6414,0.0263,-4.6251,3.6493,-4.3075,-4.3726,0.8916,2.354,-5.3161,7.3994,-8.0822,-6.5123,4.6049,-7.2382,-3.4086,9.171,-4.1543,4.8233,-2.8102,-4.2186,-5.551,7.4378,-6.234,8.6861,-5.7624,-8.613,2.6023,-2.578,-8.8435,-4.4699,-4.9829,4.6203,-5.3406,-5.4316,-7.5436,-5.6312,5.5369,-7.5205,0.9883,8.0628,-5.1701,1.7273,-2.6738,-0.2225,-3.7253,7.2771,-0.7183,9.5777,-0.5836,-0.8987,1.6982,-4.7487,-7.8861,-5.6766,-2.9127,2.65,-0.7468,-2.5295,8.8282,3.2957,-7.0068,8.7511,7.8098,1.0473,9.085,0.1289,-8.2692,-2.5166,0.4579,-7.3432,7.2366,6.3522,-4.621,-3.8081,7.6121,-9.078,-0.3137,-8.961,-0.8669,-5.1449,-4.9671,5.4064,-2.1201,6.1184,0.0656,-0.4523,9.9013,0.9029,0.774,-0.7566,-7.512,7.5663,-1.1475,6.6853,3.0244,8.291,-1.8724,3.3662,-2.2865,-3.4844,-2.6468,-2.187,-7.5959,8.9288,-4.1978,-4.5026,-7.8961,-3.0101,0.0962,2.9257,5.9663,1.9302,-3.1731,2.1337,9.5887,-4.0508,-4.3554,6.0086,-9.0676
9.8598,-2.8896,-6.5357,-3.9662,-8.2358,1.4609,-8.5785,6.5329,7.596,-0.1391,-8.418,-6.6504,2.8554,4.6516,1.4681,-9.6025,-7.7451,-9.8677,-1.0505,-2.5382,-1.5276,5.4899,-2.3956,-3.9537,-8.5704,-8.7468,8.5333,-9.422,-3.6063,-0.8904,0.1094,9.8876,4.4254,-5.9225,-7.7086,0.2674,2.8757,0.1932,4.8079,-4.4304,2.6173,-4.6526,-9.4959,1.5218,0.0474,4.8127,1.7853,-5.0907,5.9836,0.774,5.9821,3.4521,6.712,-6.0917,8.3368,-1.919,-0.1401,-5.4639,-3.0545,-2.1015,3.5314,6.3273,-6.9293,-6.6081,5.5599,-7.3068,9.4583,-1.6654,-7.9509,7.6731,6.1686,2.0007,1.2229,-0.8998,-6.2782,-6.574,-0.9355,9.9932,8.8441,-1.9957,-2.8558,-3.6626,-0.5641,-6.8729,-2.8293,6.7007,3.0056,-3.3463,-8.1193,-7.9644,7.22,9.7571,2.374,-0.3808,-7.7576,-1.2978,0.0235,0.9324,8.8815,-2.0634,2.9502,4.0868,9.3269,4.582,-5.9522,-3.5089,9.5042,-2.105,-2.2377,-8.5333,9.6789,-9.6148,7.8379,3.4956,0.1355,-1.6931,5.6152,-4.9756,-5.5697,-1.6415,8.2773,-1.7124,4.6748,-5.5509,8.8606,2.7065,-5.3353,-1.1602,8.9,-8.1434,-8.8672,-3.9516,0.5603,3.7204,7.6969,-5.6655,-7.7625,-5.8664,-6.1019,9.3574,4.456,-4.2715,-4.0733,-3.9704,4.4873,-3.5174,5.999,6.9834,-0.4256,6.1431,4.3373,-7.0447,0.9963,-6.727,-5.1869,-6.5234,-9.5023,-7.9023,9.7777,-7.4847,-4.5907,4.2472,3.603,-0.0846,-9.6482,8.1795,-4.9217,1.2833,1.6902,9.0757,-5.1719,-1.5414,2.0996,-7.5398,0.3845,0.262,2.0404,-5.8031,-4.1592,7.3643,-1.8611,-1.6086,0.5246,7.1982,-0.7594,-4.657,1.0666,5.715,-1.4834,9.9083,7.6921,-1.2841,9.8812,-3.4006,0.2264,8.9024,-6.0011,-3.5828,-5.9643,-9.8734
-4.0862,-3.0403,-2.8773,3.1673,-5.4908,-8.2995,5.0346,-5.897,-3.6712,1.8995,6.0129,6.1384,2.6316,0.0176,4.9768,-3.7401,-3.2369,-0.099,-2.535,-5.1751,-2.8672,-7.12,-4.7677,-2.4535,-4.6404,9.9781,9.9796,4.8628,-3.4774,0.7563,5.3455,4.0518,-2.3442,-5.9335,-9.9479,-4.8393,8.2495,8.2487,7.7838,-0.9721,-0.9825,-7.3841,5.2889,-4.3476,0.4633,-3.5822,-3.7015,-5.1647,0.3635,7.4817,-8.1288,2.1764,-0.8741,-5.2503,-9.4296,1.6835,-7.4696,-1.1066,3.7374,6.1234,3.4146,3.1543,6.8615,-1.2782,-0.1744,1.6209,-9.6452,2.5237,4.7089,5.8046,5.8229,4.658,1.1747,0.659,-7.1204,9.9975,8.2296,-8.6626,-3.8811,2.8364,-7.3457,0.1488,2.3531,-7.8487,8.1969,-7.3782,4.2338,2.3617,6.8819,8.748,7.5422,0.3334,-3.042,-1.0189,-7.2037,-9.296,6.6417,-5.2354,-7.2008,8.5296,9.7559,-1.0443,-9.6368,-7.4288,8.1706,-8.3285,2.855,6.6203,6.4602,-5.1749,-7.8179,-4.1987,-1.0959,-3.7107,-8.0261,5.0627,2.612,-4.1051,6.4816,-8.2548,6.6639,-6.1002,-4.4507,-2.1856,-3.4805,1.4521,-7.6173,-0.2015,-9.8931,3.5713,-0.8142,-2.3389,7.5069,8.5282,-8.9336,-5.4269,-6.5372,-9.4832,6.752,-8.865,-0.3619,-9.2509,5.889,-5.8777,-5.9395,3.6176,7.2312,0.5046,-5.7799,-8.4122,-7.7533,-8.8833,-0.4944,6.4892,9.9406,6.2733,9.9968,-6.5885,6.293,-2.1099,5.5015,9.4126,5.5077,9.6139,0.0583,-8.8603,5.1635,-9.12,4.9342,-2.1226,-3.4849,1.6948,-9.5121,-1.2507,5.7837,-8.1047,-2.8213,0.5805,-4.8185,4.4445,-2.9495,8.7724,6.3492,-7.124,6.6783,4.8109,-2.6645,1.071,8.1406,-5.1002,-6.5482,-7.5542,4.5417,-8.436,-1.0195,6.7723,6.8299,7.6777,0.8481,1.0977
5.5734,-4.4416,-7.0367,1.1331,7.7412,8.9588,-0.3477,0.0814,3.7395,7.9695,7.2328,-4.2936,-9.6275,-1.6697,-3.4193,-4.8726,2.0312,-6.9072,6.563,-7.8902,5.6177,-0.3462,-0.1676,6.7901,4.4079,-6.541,-2.2563,5.6882,4.6781,4.7395,-2.6039,-1.823,-3.5817,0.1416,-8.2682,-4.4996,-9.4786,-0.1926,6.3623,-7.205,-4.7767,-1.7547,-0.0805,1.3851,0.0919,8.3615,-3.0752,-1.3576,-3.0549,-7.4847,-3.3631,-0.8262,9.8324,-7.8424,-5.3628,-6.7162,2.9384,1.1772,0.6283,-9.1084,8.8592,-5.8218,8.2706,-2.9557,4.3424,6.5693,-7.3797,-9.0385,9.56,-4.1305,-9.5116,-2.6301,3.5231,-8.7863,8.8457,-8.835,-7.887,-9.3624,-7.524,-5.1677,1.1505,-5.5253,5.8364,9.3414,3.7157,9.94,-1.8764,-3.9012,7.3292,-9.748,5.0521,-6.0618,-7.4317,-1.1259,4.5933,-2.247,3.8872,-8.0477,-3.1081,-6.8776,-6.9332,8.165,-1.5465,1.9242,-0.2467,3.1921,4.6182,5.3835,-0.7108,-4.5099,-5.1561,-1.4522,-9.7589,-8.1548,-0.5009,-7.5452,-4.8761,-3.7404,-9.5378,7.0256,5.2831,-8.6064,7.1299,2.4477,9.2071,-1.6166,7.3413,0.1328,-1.8447,-7.8916,-7.7043,3.2864,1.3225,-9.6441,7.3936,2.6372,2.9904,9.5279,3.2565,6.3622,-7.4377,4.9633,6.3616,2.5647,-7.3182,-5.5746,8.8249,-3.1651,-4.3201,-1.9232,-1.5222,-2.8165,9.6636,2.0634,-7.3171,0.8301,7.9324,0.8664,2.4951,1.4793,-3.465,-9.1168,-7.602,4.3258,-9.0363,-8.2449,4.4696,7.2933,1.6961,-5.0152,-0.9742,-7.0618,1.8419,0.1415,1.6782,-3.0904,-7.1999,4.9941,2.6957,1.2323,7.1301,-1.0344,-3.1872,-0.2327,-1.1941,3.0472,-7.4114,4.2879,2.9815,1.002,-0.6,-1.4727,8.581,5.3348,2.7732,-3.4948,-8.948,-5.7008,0.0109,-0.472
-2.3344,-0.452,3.3202,-1.3364,-4.6652,-2.1378,4.3448,-6.1475,9.9201,2.9695,0.3777,1.5979,-1.3191,-4.5377,-0.7322,-1.2081,5.7999,-1.4723,-7.6472,-7.7427,-6.0209,5.6262,6.8936,9.5914,-1.972,-9.9364,5.3006,1.4809,-1.7393,0.4225,1.2592,3.688,2.967,4.9951,-5.7035,-6.1231,9.303,8.099,1.0966,-5.3455,9.3538,-1.273,-1.7813,-0.2113,-3.7038,-7.7216,-0.636,6.1603,6.8067,1.4739,-1.7625,-3.1968,5.3715,-9.6532,-0.4397,6.7809,7.2722,7.1817,4.965,5.9103,-0.8559,0.1058,-7.0004,-1.3759,1.5912,0.4462,-8.2027,-7.4029,-9.0857,-4.927,-4.6375,8.9492,-6.8616,4.4178,9.1474,-9.9845,4.5303,5.3131,7.9182,1.8758,-6.4729,-3.9174,2.4302,-2.3298,5.7016,-8.5251,-6.7107,-0.5599,-5.5414,-2.6326,3.2512,7.2786,-2.1385,-9.2412,-4.8247,7.9824,-0.4237,-5.4859,-6.6195,6.925,-6.5148,1.0898,-1.6431,2.7993,2.8605,-3.0034,7.2371,-5.9356,1.2239,-8.0528,-5.0087,9.16,-6.557,7.2311,-4.5909,9.4409,6.9411,-7.9402,-2.555,-0.0388,-8.5744,6.9119,-3.6492,6.1041,2.8284,-6.5583,-3.9264,5.9998,-7.1892,-3.6756,1.7982,4.3051,-6.5666,-6.1459,5.2447,3.5569,9.795,1.9634,-9.4137,0.717,-5.0735,3.0047,-7.6214,-3.4269,-1.0607,9.3315,4.2332,7.5718,-9.9508,1.2815,0.5175,-8.2904,-2.9101,-6.732,-5.5561,-3.6753,-4.2655,-0.8744,7.3078,6.0423,-1.9637,-2.7873,-7.24,-3.5984,9.0628,2.8183,4.0948,-0.0369,-4.3039,5.4324,-7.0051,-7.5799,-6.7459,5.5686,4.014,2.3786,3.2038,-4.0647,4.9738,9.9563,9.7897,8.6296,6.0037,-6.5952,5.0172,-1.8312,9.1067,6.6842,9.7121,-2.7481,0.7755,3.2613,6.8809,5.0733,-1.9544,-9.0521,8.0548,-0.5801,5.7847,8.9245
-7.9765,-7.1408,-1.3596,-4.0055,5.5479,-7.715,-8.0846,4.7735,7.5595,5.6033,-4.4765,9.0945,-4.7395,-5.8605,-7.1228,-3.2826,-2.8815,4.3195,-1.12,-3.5399,-6.5558,2.9323,-7.9532,7.1448,-4.9693,-4.3069,2.2182,4.5167,2.7179,-3.9955,9.1896,-1.4886,5.7085,5.5336,6.7534,8.6054,-8.7065,-7.8617,8.1277,0.5223,-7.8598,2.8239,3.2256,7.6695,5.8752,-7.8726,-5.0126,8.5113,7.941,-2.5154,-1.5161,-1.4106,-4.6884,9.2665,8.2386,-2.3932,-7.3254,8.8927,3.5031,9.6455,-6.2004,-0.2975,-0.1411,-2.0894,1.0977,0.3103,-2.9123,3.722,-8.5921,6.9231,5.2954,6.5704,-0.7927,6.607,-1.0123,-4.6989,-6.7973,8.2319,-2.4614,8.1645,-5.5105,1.8344,4.4595,3.7345,0.1607,-8.421,-7.3911,-4.0993,6.0674,-1.6629,-8.3001,6.9905,3.0063,7.8639,2.9897,2.3978,3.5992,-9.8757,1.9678,4.0744,0.2797,-5.1542,-7.8734,3.41,-7.1946,-4.0503,5.4849,5.8591,2.8403,-5.3783,8.0587,-2.9917,4.8866,7.0414,-7.8829,3.2119,5.9841,3.539,-2.0144,-6.1208,3.1951,4.7461,-9.6426,0.9011,-3.8784,3.9821,-7.4882,3.9441,-2.3413,-0.0649,5.5624,9.72,0.1403,-2.8905,-3.8985,-3.1834,4.3156,-7.0551,2.1793,1.0966,6.4133,6.8731,2.8441,-5.8652,2.8383,-5.1062,-3.2029,6.5685,-3.8686,-9.1329,-8.6117,1.6691,6.6413,1.4704,-6.1891,-2.3332,4.2211,7.7667,-2.6681,-5.4468,-5.6375,-3.0306,7.0359,2.8726,-6.8234,-3.4916,-4.4221,-3.5015,3.0705,-7.0564,-4.9196,1.5678,-0.6473,-8.3769,-8.8027,3.0747,-3.5314,0.4822,2.5429,-8.0372,4.0577,-1.0756,6.139,5.4665,-3.8738,-4.6982,3.8652,-3.236,9.0174,9.8574,2.8675,-4.3616,-5.0621,-8.1345,-1.3235,-4.3525,7.7117,-8.1043,-7.2222,0.0866
-4.1625,-7.1746,-1.9759,-8.243,-1.753,-3.9216,-5.8926,0.4189,-1.0003,1.4203,7.4868,-8.909,-2.3881,-6.3293,-4.7331,0.9015,-7.9501,-8.0589,-2.0306,1.8197,2.8631,3.3026,-2.5261,-1.3527,-0.6434,-9.7824,-3.8164,-8.6418,3.6976,1.5008,-8.0004,-8.8941,0.6673,5.3488,5.2163,-3.6517,0.7293,-5.0245,-9.1804,5.1221,6.8944,3.8242,-3.3998,2.3494,-7.9078,-9.5248,-9.3331,-5.6232,5.9682,-1.6358,2.3787,-1.9274,6.9381,-5.9112,-6.5599,-5.3442,7.399,1.7895,-4.1318,-2.9149,0.8971,-2.9365,3.3973,9.1052,-2.8211,-8.5322,1.0031,-5.9516,-6.4119,3.8569,8.9416,8.6098,-5.4376,1.5368,6.3763,-3.2855,-5.6355,-3.1245,-2.3831,-8.2517,1.9239,9.5306,9.5819,-5.7214,-7.1287,5.6849,-6.3219,-3.9321,1.6809,-1.4526,-0.1896,-2.7553,9.9708,-8.1307,-8.8725,-8.4082,4.1906,-9.2434,9.8677,6.8722,-6.5582,4.6637,-2.1951,9.3675,8.7563,-3.8949,5.1775,-8.0562,8.4758,-9.06,-1.385,-7.7265,3.5862,-3.5429,-7.0391,2.882,6.5811,-3.6135,0.7531,-8.7815,6.4265,6.272,6.4024,3.1049,7.282,1.7621,4.5875,9.4212,7.2336,-7.2383,-2.1689,0.5828,4.5642,0.4913,5.3977,7.3346,-4.5247,-5.0156,0.9347,-4.1775,-0.6446,-4.1415,-2.5788,-5.8967,-8.481,-3.0323,9.2406,4.5108,8.2446,-8.4221,9.3445,-9.7779,4.2067,-8.8909,-7.3214,2.0088,3.1395,2.3374,4.0954,6.145,-4.2499,-4.5917,1.8698,8.6783,-9.4793,1.5329,-3.6103,-6.284,-4.442,-1.0371,-6.3991,2.4414,-9.2487,4.4179,-4.1583,-6.0073,4.3268,-2.4426,-8.8535,-5.2401,-4.5542,-4.7747,-7.3426,1.072,-4.4699,-3.3788,9.4713,6.2052,8.6811,-4.2102,-8.9944,3.0714,-2.2761,7.2306,-8.5178,5.1107,-5.9368,3.4424,3.7118,-0.7315
-1.9244,-5.4639,-2.6616,-3.3777,3.6239,7.6954,-6.4931,-4.8904,-2.4795,9.9621,-3.6029,-2.4375,2.1974,2.6001,2.1852,-0.1045,4.0889,0.366,-1.5133,2.4763,6.5318,-0.4287,9.6926,-5.9337,7.1258,-8.6915,7.4303,4.3691,-7.0714,-1.5644,-0.2191,3.3981,-5.0784,-4.3022,-1.107,1.6623,1.7625,-4.0696,9.5746,2.7561,9.4436,4.8101,4.7272,-5.765,6.1121,-2.5601,-4.1301,-1.5205,-2.7343,-8.7157,-1.307,-7.0338,1.4573,0.8533,0.0869,-7.8573,2.0954,-3.9913,-0.069,-7.5718,8.3644,0.1173,4.7798,6.2592,5.0432,1.9948,0.5018,-8.6288,-7.7724,0.7593,-0.8977,-9.9148,-3.2856,-1.1705,-0.8622,-5.942,-6.8443,-7.8863,-8.3023,-5.3297,7.6846,0.3645,9.4195,3.5854,-4.1517,2.7525,9.9928,-1.1417,5.7859,9.6251,6.2305,9.8636,7.1256,-4.0146,8.5893,-1.6819,-9.9794,-3.4938,5.9142,2.7153,-9.1152,-0.3841,6.6855,9.2306,0.0553,9.1969,-1.0688,7.4436,-7.8064,4.5494,-5.791,-1.016,1.4504,-0.4682,-1.4906,-4.9048,1.3468,-2.3402,7.0622,-8.7543,8.1982,5.7189,6.5974,1.844,2.2298,-2.8157,-3.2496,3.7078,-3.764,0.7512,1.1665,-4.4854,0.0065,-9.6915,1.1805,-5.5343,-4.2824,-0.7049,-9.2382,-6.1355,-6.4383,-4.8237,3.9132,4.4158,-8.0933,-6.2964,8.151,-1.6499,-1.8761,-1.8621,-3.9509,7.7415,8.4142,-2.4759,-2.5745,-0.0482,3.4266,8.5843,-2.7087,-4.7712,-0.1512,1.6398,3.9725,-2.9616,2.8823,-3.648,0.1517,2.3324,2.6712,-1.5129,-4.5051,-3.7434,-7.348,9.0074,-1.0331,-5.6375,6.2616,-4.9272,-5.2885,8.1978,-5.2696,-9.5962,1.0021,-8.2389,3.8348,3.6077,-6.441,4.2551,-3.6008,2.9361,-5.94,-8.3105,8.8044,9.04,5.6903,6.0565,-0.2434,-8.1043,5.3678,8.3499
0.5072,-7.696,-9.2812,-3.4887,-3.0709,-1.9856,-5.8677,-4.4743,5.1631,-9.3726,7.7971,3.4878,0.4735,7.4293,-4.9565,-2.8732,-1.7697,9.0814,-6.6671,-6.8589,5.3728,6.7147,-1.2584,-4.7452,-4.9442,-7.2147,-8.9258,-3.8244,-5.212,-8.1391,-3.1235,-8.3967,3.3877,-9.2365,-2.4439,-5.4707,9.0078,6.2873,-8.542,4.6998,-3.0858,3.2626,6.4633,2.9432,1.8155,-0.5728,-8.4763,-4.6801,-5.5141,-3.5738,9.7016,-6.7057,7.7208,6.0475,7.586,9.0691,8.9092,2.429,-3.2231,-3.261,2.8415,-0.8262,-6.7821,5.3758,-8.9984,9.1114,-4.621,7.0543,-0.01,-2.2624,-8.6385,9.0595,-9.7418,7.6198,-9.9593,-1.1454,9.7737,-4.3842,3.2384,-6.1531,-0.4437,-7.8455,9.1239,2.7228,-2.2415,7.3679,-2.0527,-4.665,8.4824,-2.0532,3.0397,-3.4336,-6.9552,6.5065,2.145,-2.2807,1.6018,3.8352,8.7055,-3.0416,1.4647,5.5585,-0.1095,-5.4624,-8.5778,-7.1541,6.2539,-0.6869,7.8459,-7.9872,-8.6464,-0.3941,-2.3879,-4.6726,-1.9134,-2.3724,3.9621,1.1089,-7.6722,5.8046,-6.6717,4.8878,-0.2226,7.1672,-3.7423,1.526,-7.988,-3.7659,-3.6205,9.6388,-5.1604,-1.6844,5.265,-6.3287,8.0053,3.4101,-5.5404,8.9705,-8.2307,4.0222,9.2305,-2.1646,7.1181,5.7195,-7.4724,4.0588,-5.3171,6.2943,-6.7449,-4.0334,3.7079,-1.671,-5.3221,-1.2901,2.13,5.6999,-6.2841,-8.9717,9.7279,1.2931,0.4049,-0.5408,0.8893,-3.4679,-5.397,-9.5189,3.9871,1.3642,5.8414,5.6019,7.8587,-3.3501,0.2043,-0.2974,6.607,-7.1139,-5.2995,2.6486,-9.58,9.6206,-3.5685,5.498,4.9695,-6.6567,-0.056,7.6403,3.4487,8.7968,-7.7916,-7.5055,9.4708,3.8948,5.0946,5.6281,7.1662,0.791,-1.8256,0.2428,4.0181,-7.4422
-1.6609,4.9547,7.0616,2.7595,-1.3463,-7.6624,8.5184,3.6951,-6.3997,-5.0976,-4.9994,6.3014,-2.4964,-3.8419,-5.2103,-2.0323,5.0263,5.2067,-0.5574,-3.437,-2.8373,-8.7553,2.9544,2.4936,1.9972,3.08,-0.6944,5.7791,-2.008,6.1932,-5.8219,6.879,9.7976,-1.7126,1.3245,6.1776,0.4497,-0.3528,-5.4002,1.2807,-4.8,-4.5749,6.1698,-8.6333,6.3674,-5.0368,-7.4614,2.1592,-5.1709,-6.5702,1.7005,-7.3825,3.5547,-6.4381,1.0187,-2.1316,0.2819,-8.765,-1.0402,4.2496,1.504,-9.4359,8.2871,8.7281,8.3075,1.0327,2.9562,-9.826,-5.28,-7.7416,-4.4754,-7.0632,-9.7443,-4.4429,8.5249,4.0298,-6.5605,-8.0997,-0.9937,-8.3709,-3.1969,-3.4911,-3.7946,-3.0972,8.9765,1.2274,-0.7826,1.7853,7.4192,4.7416,1.5515,8.8356,9.485,2.0009,4.8813,5.9503,8.454,6.429,3.8825,-4.6707,-8.5817,4.4578,-4.1654,-8.1818,8.9138,1.3935,9.1132,-2.2083,5.9272,5.3488,-1.6773,-2.8174,3.2203,-4.9114,-1.0226,-7.1805,-2.2773,5.0023,-8.0291,8.3059,3.7935,8.4294,-7.9235,2.1919,-2.9733,-2.2558,-3.2637,1.2008,7.2739,-5.1693,-4.1317,-7.6955,3.287,-2.8124,6.2874,-4.408,1.0399,4.0082,-7.5962,9.6055,-5.312,4.5276,6.7818,6.7283,8.8903,9.4144,-3.1985,-5.0439,3.4138,-2.6006,2.4836,3.5384,6.3937,-4.4613,7.978,-4.8269,9.2759,1.1392,-0.3129,7.1373,7.539,-8.1118,-4.9644,6.0393,2.2889,3.5933,4.162,-3.7379,1.2202,-8.2761,5.5432,5.2678,6.9051,6.1566,3.964,-0.6341,-6.9236,3.724,7.8537,-4.3111,5.7417,4.3078,1.9971,6.0252,-9.8927,9.9437,-2.3871,1.477,3.8808,-4.2746,2.1185,8.3031,0.3796,-4.2172,-7.781,-7.5962,8.3296,5.7556,8.495,-1.9603
8.1043,-3.1452,9.7422,-7.1806,7.274,1.9827,-2.0738,-5.3968,-0.0387,1.5679,9.215,9.451,6.0155,5.2799,7.068,-5.3729,-0.5949,-2.738,5.1353,6.9974,-5.0029,-4.809,-2.4053,8.4071,0.8865,-0.0509,0.7546,-1.2683,2.7457,7.0404,-6.6274,5.5781,4.7555,-7.4332,6.8486,1.3987,7.9418,-4.0554,-3.654,0.4097,-7.9707,0.9176,-8.0333,-4.8379,-3.1007,0.6151,8.2857,-9.1172,-5.8792,9.6911,-7.008,5.1221,-1.307,-9.3096,-5.1654,4.6427,7.7201,8.5909,-8.5866,4.2648,-4.1444,6.5571,-0.8707,-9.8738,-2.4613,5.8839,9.9639,7.1474,-0.2042,7.0563,-2.1853,-1.217,-9.7498,9.1532,-1.4977,4.9052,-4.4075,-9.5895,8.2405,2.9144,-7.4888,-6.5167,2.3732,7.135,-0.436,-2.5291,-1.2709,-0.01,9.9541,-7.2032,-4.4804,5.542,2.1339,-2.0001,8.8769,7.8082,2.224,-3.6108,8.4649,-4.6296,4.6848,-2.8955,-0.0036,-9.9184,-1.1422,7.7297,-3.1187,-8.7863,4.7043,-1.7678,8.9627,-2.1934,-7.8685,-6.9361,9.3594,9.2322,7.4995,-4.1999,-6.5868,7.7314,-8.0019,6.1914,7.5518,6.3582,-9.0594,8.5301,-8.1601,-0.2288,-8.6008,-8.9284,3.2026,-7.851,-3.2891,9.5745,-3.2502,7.8743,-5.2471,2.5709,2.0495,8.048,-9.4631,7.894,-4.8157,-8.9294,3.5643,-5.5599,2.2227,4.7804,-9.6687,3.7994,-2.3497,1.7681,-4.9769,-3.3595,8.1089,6.1033,7.0583,9.7354,9.4871,-1.4189,6.0607,3.2074,-5.3919,-6.2515,-4.4995,9.2703,6.7633,0.7256,4.4649,9.5557,-1.1099,9.0623,-8.0683,-5.0129,4.5021,3.4975,4.4768,1.2231,3.771,1.8692,6.0457,-7.596,6.0159,-2.728,3.6993,3.2819,-8.7279,-7.9442,-2.8178,-0.8144,-7.7495,9.4017,-0.516,7.6466,5.7128,1.7047,-9.6857,-1.4795,-8.2546,-7.2977
-0.3123,-4.2919,1.6893,-8.97,-5.272,8.9983,-2.725,3.655,8.5395,4.9824,-2.0244,7.0712,1.5236,-8.483,3.5218,-7.8979,-0.662,-2.2706,6.9068,3.6912,1.7567,-3.9513,5.4116,0.3431,5.074,-8.8712,9.84,2.0258,-8.6104,2.0264,6.4735,-7.1927,-0.5731,7.6406,2.4286,-4.6793,1.2866,9.6505,9.9801,4.6307,0.8155,5.1931,0.9675,0.1822,-5.0408,8.0218,8.5742,0.3631,-7.9983,-0.8313,6.4192,6.4939,3.3563,-8.2243,8.4289,-7.2696,-5.4409,2.4792,-9.3864,2.2971,2.1701,-4.2707,-5.3511,7.3221,-3.3828,8.7862,-4.8883,3.9166,-7.4061,-1.9637,-8.895,6.4298,2.9488,7.9014,-9.9864,4.8433,-6.1546,6.5902,-9.6971,9.7945,-9.0651,-8.7555,6.1078,-0.4815,5.7822,-9.086,-6.8859,-2.0679,9.2281,2.0899,-3.323,-2.271,-9.0008,-3.1763,-4.0294,-2.1493,-1.6013,-7.7372,6.2138,6.4785,-4.3656,-6.1556,3.4822,2.9316,1.1671,2.1427,5.0539,7.7317,9.3665,-6.8558,-6.1589,5.4029,2.9442,2.8179,5.2577,-6.7409,-3.9592,1.4267,2.9366,-9.5474,7.594,-0.0419,-6.6888,-8.8222,-7.4992,-3.6178,8.9788,-5.7499,-5.0481,-3.6712,9.3429,-9.1683,-8.9529,-8.4815,3.9955,6.2591,-4.9512,6.3708,-3.8258,1.2499,-8.1016,1.5053,-4.0542,-5.8151,2.483,-0.9124,4.8935,6.9136,8.8415,6.5354,-4.4679,0.9912,-9.2621,2.5777,7.0321,2.9239,-7.5378,8.8062,8.9177,-5.9028,-2.4952,8.7275,5.4835,-9.9936,-1.8861,5.7892,9.9677,-8.7495,9.3712,2.1937,8.7503,6.4906,9.2224,-7.3579,-8.9029,3.868,-9.9717,8.9008,2.1273,7.1489,-7.2389,0.0878,1.3974,-5.6984,-1.1343,-5.854,-2.089,2.3452,-5.513,-9.9163,5.0315,1.1188,4.3114,-3.058,7.2685,-6.964,6.6024,-3.3278,5.5811,7.6908
-0.8414,-3.7305,0.3445,-2.346,7.0632,-5.9809,-3.8819,-1.0219,-4.329,7.0671,-9.7577,-7.0019,-8.6159,-9.7787,6.803,1.1556,-4.1394,1.6184,6.0246,-4.2391,1.6811,3.5781,3.3359,-1.3761,-6.4843,1.5037,1.819,4.9971,3.0505,-9.7031,3.7538,4.1133,4.8853,-3.3282,5.1251,-3.2293,4.3533,1.0936,-0.7508,-3.4064,-5.6443,-1.1138,-7.3472,9.7159,3.9394,-8.3162,8.2887,1.3443,-0.1675,7.2789,5.7581,-7.8727,7.8155,0.7557,-5.132,0.9417,0.9073,-6.7253,-4.812,-7.8396,9.1288,-7.2503,7.6232,4.9845,-8.6144,-2.8442,4.7301,0.6611,6.7981,7.3203,-9.8159,8.7949,-3.692,-2.1533,-6.3179,6.3443,5.8751,6.1521,6.5853,-1.1672,0.8909,-3.1305,4.0764,7.2919,-1.5182,-1.4178,2.7364,8.3875,8.4037,-6.9804,5.1904,-9.4303,-8.2625,-3.4558,-9.4473,-6.7763,5.2323,1.8274,4.5515,-4.0265,1.9894,5.9961,9.4433,-5.873,9.2939,0.03,8.5227,-7.9461,4.7478,-3.8114,-0.4443,-0.4564,5.2632,-8.8332,-9.6973,-6.5762,9.2759,6.8406,5.228,8.5598,1.4128,3.698,-8.7329,3.3057,8.302,-7.7612,9.6848,3.2333,-4.021,-8.9428,0.9892,-3.2615,-6.7773,1.9212,-7.2488,2.1923,-7.9716,3.3892,0.958,2.4646,-1.5413,0.1864,-2.0256,-3.478,-1.4229,1.8159,-8.0501,-3.9436,0.3702,-1.4641,-5.9352,-9.7805,-4.2037,1.0509,7.9929,3.3785,-3.1168,-0.9202,-7.8581,-5.0937,-5.655,-5.4602,9.381,6.5012,-7.4339,2.3569,3.2009,-3.0301,-8.5102,-5.9752,5.8089,-2.9912,-9.6393,0.5355,-6.1924,1.1193,3.1993,-7.9279,8.0563,-2.191,9.9937,-9.8598,3.1509,-5.3836,-4.3718,4.1412,-6.0972,-6.7817,-1.9858,-1.2813,3.1689,-2.9976,-2.5724,-0.4903,4.4206,-5.5814,0.6598,7.7979,2.4784,-2.1923
9.5594,8.9387,3.7621,-0.9483,6.1241,-4.4393,-6.6285,4.9134,5.0324,-4.9255,-9.5499,-5.4633,-6.6487,7.716,-1.914,7.9943,-7.0921,-6.1008,-9.6439,-0.3188,-6.2174,-1.4963,3.0668,-1.3672,-8.6295,-7.2373,-3.2693,6.6691,9.4361,-0.3316,9.3494,6.3324,8.693,6.8503,-0.3316,-4.3099,5.63,2.6249,4.0418,-8.4373,-0.4173,1.1737,-0.3889,-2.2436,7.7406,2.1708,5.4187,0.6889,2.582,8.8496,4.9375,2.7642,-8.3319,-7.0068,9.1328,5.6373,-7.5257,9.2796,9.4014,-6.4404,0.4016,4.1583,0.7026,9.682,2.3102,-0.9437,1.2803,-0.9939,-0.1912,6.2539,4.6539,-2.0816,6.5981,1.195,2.2984,-5.2517,9.6118,-7.998,2.4927,-5.1821,-0.9956,-5.7466,-4.1814,-4.0759,-6.6273,-7.2382,9.2759,-1.3033,0.9781,7.1671,-0.5458,-0.6623,5.1899,-7.9999,4.0412,-8.4819,5.6577,-0.2684,8.2509,-2.5671,3.5533,7.9986,-6.162,0.6673,-5.0387,8.9972,-6.2894,-6.838,3.4946,0.1436,0.7065,-5.3485,3.5648,-3.3289,6.7233,-2.331,7.8609,-7.8762,-2.5551,1.4742,-9.2694,-1.6323,5.4934,1.9588,-0.2846,5.1202,-7.3197,2.0641,-0.9745,8.2986,-1.0587,0.3856,-1.6383,1.8738,5.8674,-3.923,9.614,-9.8934,6.5918,2.7521,-4.5612,9.2703,-8.854,7.3456,-6.5964,9.0914,-8.8692,-9.6115,-2.1705,-1.2774,4.4199,-4.2245,-7.491,-0.8795,8.4873,7.5349,-7.1636,1.5905,6.6463,8.5429,1.9184,3.8729,5.5689,2.5796,-5.6169,2.2376,0.5165,0.7003,7.5192,5.1239,0.3539,-2.3557,3.9558,4.5941,-6.7963,-5.949,7.1105,-9.1847,0.8367,-2.737,-4.5925,7.3858,0.8204,-0.2836,0.1195,-5.1959,-0.4034,-3.5582,-3.3222,0.7579,-8.8356,7.9991,-9.5492,-2.2013,-6.3641,7.4943,3.9423,9.3868,-3.38,-4.1616
4.9657,0.3936,-4.8038,1.7499,4.0329,-5.0373,2.5168,5.5223,-3.808,-2.1856,3.1601,6.5099,-2.9936,3.1974,5.9961,2.8441,7.3147,7.355,-5.2808,-6.9226,1.6371,-3.8973,3.2189,-2.5386,5.4082,2.419,1.9861,0.8923,-9.2557,2.5594,-7.901,-1.836,-6.6692,-7.1245,-6.0479,8.8485,-4.1292,-5.4001,6.8813,-4.6953,1.532,2.5795,6.3522,-1.9749,-5.908,9.9601,-3.8368,4.5795,1.0537,-5.7167,9.8386,-2.8231,5.9961,-0.8181,-4.8717,4.56,-7.0373,6.8077,9.0537,-5.9195,8.2648,-8.5307,-1.0772,-6.9007,9.9816,6.0458,-2.8271,2.1863,8.9389,-6.9015,7.5335,6.8066,-4.4794,-3.873,5.4396,3.2661,-2.0501,-6.6268,-0.7935,4.3005,7.192,-7.7368,1.4836,3.4375,7.1962,9.0301,9.4776,-2.7479,2.7195,-8.3744,7.2036,8.9426,5.556,-2.4202,5.3129,0.9565,0.0162,8.5507,-8.6126,9.31,-4.1386,1.5791,0.178,-1.0867,3.1027,4.8247,-4.1649,-1.912,3.8825,1.5486,3.779,-1.2169,0.1053,4.2447,5.1256,9.4539,2.1379,8.3118,-3.0817,-2.2598,-1.9042,5.8041,8.4945,-8.2363,0.1331,-2.6807,-5.3635,-9.588,-9.2509,-5.1584,2.9503,8.6905,3.933,-9.0904,-3.2186,3.9126,-7.0857,-7.3541,7.1643,-3.8238,8.9403,0.5458,-4.3281,2.2137,4.6172,-7.7969,-6.3851,-1.0548,-9.6086,4.6844,2.231,1.5188,-4.2598,7.9062,-1.386,4.4497,8.6812,-3.2395,-1.9718,8.625,0.9201,3.6475,8.294,3.3107,-4.9462,-4.498,-0.5612,-3.8554,9.7018,-9.6868,8.0811,9.991,8.8261,0.6896,8.6054,7.0733,4.4903,0.8865,-9.4041,-6.1627,1.9311,9.338,-7.2344,5.2109,-1.5449,4.1502,-0.9644,-7.1947,2.6654,3.7858,4.1522,-2.7034,9.8461,9.1997,-6.5858,6.8933,5.101,3.4057,8.5502,-4.0266
9.1121,-1.0089,-3.2558,-1.9301,9.3222,-7.6403,-2.9259,-8.763,-0.5082,-4.3904,4.102,-1.8744,0.9923,-1.4109,2.0533,-0.673,-3.2905,8.5592,-4.6233,9.2895,2.9556,4.3225,5.4801,-6.8402,-0.0975,-1.5133,3.9721,5.7919,3.2146,-6.1964,5.214,-8.1386,-4.1776,3.9802,7.0804,-0.2222,-9.8607,-9.979,-7.0231,-8.1373,-4.3324,8.176,5.7801,-1.1369,-0.4832,0.6067,6.967,7.1352,-7.3406,-6.34,0.8281,-6.9523,-3.8203,3.4075,0.7026,8.1174,-4.3836,-1.0807,-4.5206,-5.9552,0.2152,-0.0225,9.2793,2.3402,-7.9818,3.1584,-9.8168,3.6212,-9.9571,-9.1564,-2.0146,-1.8723,6.2455,8.3907,-5.1796,7.8688,8.5177,7.7459,3.4851,-7.2206,8.4302,5.12,-8.3202,2.9842,7.2269,1.4522,-5.4234,6.4036,6.5663,8.7611,9.1429,-9.8662,-0.612,-7.608,3.1878,1.0711,-5.7136,2.2273,3.3235,3.415,7.3049,0.8258,-0.3437,3.4939,-7.3076,-4.2985,9.539,-4.6833,-5.9783,-6.4562,-1.4298,-9.1797,4.5186,3.9395,-9.0146,-1.6714,-6.8274,7.1353,8.7906,-8.6471,8.9972,-4.376,-1.3913,7.2784,-3.5118,-6.861,2.2603,4.9856,-2.5354,-5.0371,-7.799,6.6051,0.2114,9.6035,-6.936,-8.1668,8.2228,2.0154,0.4882,3.9597,-6.4054,3.046,-9.5476,8.9065,-9.9887,6.3637,1.2268,0.3315,-2.3377,-7.2406,-8.2971,-6.3734,5.5146,-9.715,5.5292,7.4056,6.8468,7.4065,0.2382,3.8262,-3.5526,-3.5328,-0.7455,4.097,-0.7821,-1.0589,2.4641,-5.9215,-3.6635,-4.8305,9.2999,7.2061,4.4544,-3.0988,-0.0837,-0.6444,8.2121,0.4694,-8.6084,-4.9289,6.9193,5.5747,-7.033,2.79,7.8583,1.7563,7.4339,-3.1991,-8.6975,-9.92,-2.2212,0.3693,-2.0823,5.9456,-2.1797,6.5906,-7.166,-7.8629,3.6556,-5.2189
-1.6748,-3.1311,-0.9933,-4.9951,-5.5872,3.2454,-1.2456,4.7841,-8.294,2.1505,-1.6645,1.412,3.0379,-2.9547,-2.2557,9.7588,-5.401,0.2417,4.1328,4.6425,5.2795,7.3042,-4.4442,3.7578,-6.7055,8.1255,1.4935,5.663,3.5555,-3.926,9.8837,-6.6587,6.2734,-4.4249,4.9424,1.764,-1.6295,0.3781,-1.9601,-3.314,7.3453,7.0348,9.2246,6.876,8.6778,7.4297,2.2282,-1.3429,-0.3458,-4.3835,6.2354,8.9182,-2.943,0.2945,9.7659,-1.7795,-6.1591,-2.2513,-2.0041,-5.4563,1.9687,9.597,-5.3997,5.5233,0.4929,-5.571,-7.2808,0.9081,6.2154,-7.2164,5.8212,5.4449,-6.8981,-6.6155,6.9377,6.4073,7.1434,-4.5045,-5.7895,3.2314,1.0098,-3.1126,5.3468,7.6871,-7.3451,-4.4317,-8.2955,8.976,2.7985,3.5052,1.7551,1.3359,1.1762,8.6399,9.0789,2.5038,2.6534,7.7307,-6.6901,-9.0108,6.3157,4.4221,4.7909,9.5177,-5.4742,1.6022,8.635,8.86,-2.4647,9.7792,-9.0473,-6.6487,0.4252,2.7806,3.3872,1.6438,-3.6507,9.0972,-1.3565,1.1864,-1.6302,4.5264,0.0524,0.6828,-5.4618,1.8,6.1483,8.9654,-3.3534,7.7519,-9.8664,3.8479,-9.4822,-2.7957,0.2303,1.8486,-3.2592,6.5442,-8.5234,-2.752,-2.5108,9.0958,-9.5756,6.6938,-8.5289,3.7356,6.2747,-8.7312,2.3777,-7.7636,5.6779,-7.6621,8.8799,3.1175,4.4335,0.2447,1.9074,8.8142,2.2317,-6.9689,0.1227,8.0552,-6.2993,-8.7859,-0.2057,7.2873,3.8585,0.5291,-2.9144,-7.6704,6.9391,-8.7858,-5.9243,8.6461,-0.0285,5.0623,9.501,-2.0847,-3.4352,6.6158,8.4144,5.606,0.3814,-2.3585,5.443,-8.0204,-1.14,2.189,-9.4511,-9.9537,0.0931,-9.2704,3.7583,-2.0915,-4.3569,8.6118,3.3902,9.8746,0.8413,-2.6646
-4.3183,7.1898,6.2929,-8.6515,2.7864,-6.6519,0.2342,5.4698,-2.021,6.4785,6.7375,-7.0706,-5.5933,-0.948,-5.8987,6.1484,7.256,-2.6207,-0.1916,6.3381,5.4156,-8.1151,-1.8061,-2.6431,-7.8327,5.4184,-3.5632,4.5022,1.0093,-8.672,6.852,-7.6972,6.1671,-1.7335,5.2391,0.8619,-9.7425,-2.9921,-7.3008,-9.2399,-0.0869,6.9837,-4.5278,-1.7696,3.5089,-3.2239,-6.7673,7.1523,-2.7562,1.0771,1.4698,8.9913,-9.0147,-8.432,2.9177,-7.0009,-1.8552,7.737,1.5567,-5.7283,3.9667,9.4348,2.4442,2.7028,0.8458,-2.5528,8.6803,9.9871,-9.4288,-2.5554,-4.6862,3.6586,-4.6885,3.0971,-0.6837,-2.3598,-9.8453,-9.0733,9.2574,2.7885,2.5902,-5.7193,-2.1616,-5.0445,9.6567,4.5787,4.4582,-4.6234,3.5831,-3.4674,-9.3882,3.6937,-4.3766,0.4932,2.2265,0.9278,5.3366,-9.3429,9.6352,4.9564,-9.344,-8.345,8.3513,8.6862,-2.6757,-7.1562,6.6945,3.0251,3.4335,6.6413,9.0374,5.2961,-9.9799,-6.5014,-3.2835,-7.9655,-0.7326,-5.9097,1.4253,-7.4838,-4.5913,-9.2636,7.4265,1.9959,2.4054,-9.8211,-8.7001,-8.8131,2.9254,4.7253,-1.7563,9.1334,2.6399,-8.0604,-3.0429,-9.6913,0.1801,8.349,-2.1458,8.5366,0.0416,3.3168,-8.9311,-5.7731,-6.153,4.7051,8.254,7.2496,1.3293,-1.4157,2.9989,5.2579,1.6965,-3.035,7.6741,7.1964,6.9742,-4.3542,-4.2662,8.3217,-9.1472,3.8428,-8.6996,2.4949,-5.5279,-7.2053,-5.5451,-0.4853,2.5891,-3.223,8.8476,-9.6124,-4.117,-9.6397,-3.597,7.1616,3.4038,-9.0448,-9.2385,-3.635,-0.2639,1.1347,2.2793,0.8501,0.7289,-5.9584,-6.8975,-4.4758,-7.7904,-1.1728,7.5571,-3.5373,9.9063,-9.2148,8.4694,-3.1037,-8.5601,0.4945,4.6104,-7.4534
4.7198,5.1716,-1.6661,2.6788,-7.6016,2.0046,-3.0675,-7.7588,8.411,9.9047,-2.9653,-0.4961,-7.5947,2.0643,-1.116,7.7624,-7.0878,4.2021,-9.6143,-4.1296,9.5498,9.1885,-7.5996,8.1806,-6.3287,6.7551,7.049,3.4777,-2.2763,7.6494,3.7183,-7.7713,-4.4695,4.0769,3.9829,3.5251,0.2532,3.8442,-2.2156,1.6767,-7.3225,2.3348,-6.6956,-5.8265,-6.1623,0.2619,-7.8877,-0.8758,9.8881,0.1389,5.9108,3.3694,3.1802,3.8316,2.9679,3.9037,-9.0821,-7.8768,-1.7255,-5.5972,-1.0299,-3.5983,8.3822,9.7355,-6.7362,-2.0392,6.6373,-9.697,-9.2078,6.3408,-6.0401,-7.9592,8.515,-7.9361,9.1934,5.4303,8.0762,9.6881,-3.051,-6.1672,-3.1738,-8.7319,-5.4187,-2.0151,1.8254,-6.5203,7.5999,-6.9594,4.0379,-7.5366,-2.3113,3.3683,8.002,-0.0092,-2.7824,-8.1164,7.457,6.9253,7.4708,5.0691,1.2432,-0.0312,-1.0863,1.0891,0.8936,-1.3938,4.7342,1.4571,7.8053,-1.5947,-7.8317,5.816,-2.7718,3.5286,9.1295,0.9704,7.4265,-7.9625,9.0716,8.3291,-4.7081,-0.8611,1.6336,4.5867,-9.6705,-3.1653,-9.3606,-2.9104,8.8588,8.1628,-1.49,1.6713,6.7868,-3.5999,-5.9196,-8.3622,6.8735,3.7527,6.9278,-4.5228,-4.4183,7.7865,-3.779,-5.7993,9.9821,6.7137,-4.3137,-8.556,-6.9399,6.3441,1.8667,3.5589,6.0009,5.2072,-9.9182,-2.7501,8.7337,4.9568,7.459,4.5037,-6.5379,8.1134,-4.0462,-4.6511,5.064,9.3659,8.6597,8.1183,4.9512,5.0285,-4.2823,2.0564,-5.9293,5.202,-1.2717,6.9694,-5.686,-3.5206,8.4248,-2.0739,-3.6863,3.0655,-8.3815,-9.5431,1.9253,9.6535,-8.4359,-4.0646,-9.2209,9.7059,9.9172,4.8391,4.3375,-9.1897,-5.8308,1.3724,0.5244,-9.3588,4.6679,-8.5839
9.9434,3.9342,2.4028,-4.3467,5.1686,-8.0927,6.6443,-2.1034,-9.1697,-5.9677,6.1151,-9.9879,-4.0892,9.2613,-2.1512,-4.3272,-6.2572,2.9511,4.1695,-4.6354,3.6726,8.9455,-1.6896,-9.6794,-1.01,-1.2521,-0.5038,6.1117,5.7107,7.6781,8.3328,-2.8068,0.8989,-5.7646,-0.2418,7.1463,-1.5722,0.8267,-2.7189,-4.0341,-6.0553,-8.1329,-6.044,-4.0244,-1.88,4.3011,-5.0396,-9.4372,9.9485,-3.9875,-8.7527,-4.7787,-5.9599,-2.482,7.8369,1.9937,0.4202,2.3152,7.7201,5.4766,-8.9554,2.5332,4.899,-5.4768,8.1257,2.1904,-2.327,8.6628,-7.2869,9.6716,-6.9756,-2.1828,3.4814,-7.2876,6.0462,-8.7261,-4.853,0.9451,6.4278,-6.1565,-3.5851,4.6246,1.0236,4.4595,6.5567,9.9311,-5.4692,-9.9751,4.6371,-4.1123,-9.4975,-3.344,2.1524,9.4157,9.2483,5.0425,-5.2316,-0.9553,5.6188,0.0413,2.0904,-0.6867,-4.3619,-0.2192,-4.5413,8.6868,5.0953,-1.7372,-2.7538,4.1885,6.246,-0.7612,-8.2984,-8.9069,-7.0673,5.5186,-1.7781,9.5633,-8.0738,6.5322,6.6126,-3.3784,-7.7083,-4.2405,1.6927,9.0431,9.6875,6.752,-2.7845,6.8846,6.6694,-1.3352,1.8404,-9.2005,2.0119,-3.5626,0.5729,1.131,8.5639,-8.9217,3.6085,4.7738,7.8681,8.2217,-1.8247,0.1731,-2.6502,-7.3614,2.2997,7.9015,-3.8544,2.6448,-1.7194,-9.2637,-8.8077,5.9179,0.4521,5.744,5.0898,-3.51,-9.4333,-6.9827,-7.4061,-9.679,-1.8227,-9.8361,-3.5849,-9.0608,8.9349,5.5161,4.6865,3.3053,6.6132,-8.4769,-3.6537,-1.7265,6.8657,-9.9128,-2.3829,5.7134,-9.7106,-3.6225,5.247,3.4617,-5.6548,1.2051,9.5047,-9.787,-7.2789,-1.1277,-8.3603,-5.3403,4.9799,-2.021,-4.9785,-4.4073,-7.1287,5.3464,3.4232,4.1339
-9.2431,1.8592,-4.1236,-3.7733,-0.5979,4.2718,-9.1341,4.5037,8.5977,-8.7539,-8.1213,3.6946,4.1223,-1.4693,-7.6108,-9.1688,5.9482,0.3456,6.0279,-9.6596,7.6456,9.952,-0.7563,-6.0363,6.8101,-0.8683,-5.1885,7.6693,9.0147,6.852,4.2527,5.6012,-7.0442,-2.8032,-1.5153,9.3285,7.2455,0.7884,2.9502,0.4739,3.0897,-1.4656,-5.9368,9.1167,-0.994,-7.5814,5.9366,-1.6669,7.1645,9.0057,-7.5605,0.7354,-6.9876,-1.0579,-3.7095,2.7458,-5.7142,-4.8734,6.3772,-6.5618,-2.7504,-7.5208,-6.3197,6.4663,-6.9486,-7.4952,1.5025,2.2529,1.1583,-4.306,4.7136,-1.6063,-8.0882,-1.8102,7.5235,5.6303,0.6348,1.5089,-5.317,4.6676,3.1901,3.6318,7.3787,-5.5265,-6.8497,-3.3444,6.8076,4.645,-9.9076,4.8163,-1.6027,-5.9005,4.9946,-9.7793,-2.0768,3.037,7.542,6.6445,-6.6962,-3.3717,9.9631,-4.2397,-5.1747,7.9845,-9.0412,6.5225,-1.7991,-9.3837,2.423,-3.577,5.0101,-3.7969,-1.7817,1.9042,7.0779,9.1844,-9.0547,0.5604,2.3384,8.4969,5.2531,-8.6275,2.051,8.857,5.8857,8.1764,-3.9897,8.6572,-6.2905,-0.6784,-4.2051,0.434,5.1392,-7.8263,3.4804,5.8526,-9.9763,7.5917,-5.7276,6.7241,-9.2086,2.9422,5.0178,-2.2534,-1.1721,-7.3452,-8.0155,6.1874,-6.8467,3.852,0.3458,-3.0832,8.8063,6.3906,-9.2657,-1.3262,-8.462,-6.822,-8.1884,-2.1283,-8.2334,-2.9598,3.5577,-8.3699,-7.6515,8.6122,-7.1926,-3.7662,8.9229,-3.8999,6.4649,0.3187,-7.411,-4.137,-5.9736,1.7257,4.5875,8.0887,-3.8841,-9.1897,7.3366,1.0202,-9.274,-4.0374,-8.7701,7.5132,6.4057,-0.0291,-1.0247,0.1688,-9.3674,-8.1421,3.9323,-3.028,-5.7237,3.5868,5.2229,8.1983,-9.3967,6.1335
-6.7162,1.1068,1.4037,-9.4251,-4.6014,-6.0362,-6.5907,7.0727,-1.2872,-6.144,-4.1067,-3.952,8.1314,-2.562,8.451,5.483,0.2431,-0.4397,7.8301,-1.9605,3.9459,-1.4234,-6.2895,-4.6036,-5.453,-0.5664,8.1451,5.4721,1.3231,-5.6633,-7.49,-3.933,-0.9311,8.2973,9.5887,5.9905,-1.4987,-4.5679,0.8094,-2.5156,5.096,5.7779,8.5282,-1.6245,7.1204,-9.1398,-0.4114,3.6499,5.8624,-8.5669,6.6132,-8.6444,3.4185,-0.4653,1.5858,3.7268,9.2705,-6.3333,7.0883,6.4015,-8.3505,0.6878,2.5897,-0.1657,5.5873,-1.8218,6.0822,6.2979,0.7574,5.1804,-1.5765,1.8248,-5.3847,-4.1609,3.4529,-2.9548,-9.1201,-2.2184,4.872,-0.758,-2.6226,-3.3636,-4.729,9.33,-5.9198,4.0512,6.3891,-3.5237,3.588,-6.8074,-0.6091,-7.8438,7.5397,-7.4187,-7.2167,6.8768,8.2726,1.0074,9.5189,-6.7869,9.2659,-0.5514,9.4065,-5.9331,4.4849,4.2846,-9.3637,9.5567,-2.1623,-2.9061,1.2725,6.0659,7.0514,3.0229,-9.9435,-6.773,7.4192,7.9209,0.6052,5.4067,-9.0398,9.3293,-6.0858,9.1345,9.237,-0.7902,-3.3728,-1.5487,4.1304,-9.3666,-0.5245,-5.5296,3.3202,-4.648,2.9699,-1.1369,2.842,-5.3214,-6.5996,-4.6872,-5.915,-2.6907,-4.0908,8.2507,5.2402,9.0589,-7.7094,-5.0157,4.7875,-8.9219,7.2311,6.9554,6.6914,-1.9882,-4.1011,5.8368,5.4462,-5.993,-5.5278,6.6608,4.2673,9.1553,-4.6907,4.6766,1.4627,2.1964,1.0719,-1.6061,-0.0828,-5.115,-9.4116,1.7983,0.5063,-1.8514,-7.23,4.6371,-8.6026,4.5095,7.1686,-4.2876,-6.4044,-0.9307,-0.7788,-7.8382,-6.6914,0.9114,-4.8216,1.1953,-4.6715,5.5207,5.0313,-3.1197,2.6511,2.009,5.8708,9.0868,0.03,-6.9636,3.5974,-1.9344
-2.267,3.9909,8.8712,1.7817,0.4877,0.6208,-9.87,2.5344,-6.6822,9.4734,-5.2566,-5.2446,-6.898,-5.2462,2.3799,8.7759,2.9418,4.7868,-6.4462,9.6904,8.2712,-3.6893,4.8249,7.6098,9.4242,-2.4059,5.5755,-8.8958,-6.9746,5.3992,-9.8099,-1.124,-3.6678,8.8464,5.6761,-6.6292,3.3293,3.3005,-0.1716,1.1069,2.86,0.079,2.2641,-0.5395,-0.7761,-7.9911,-2.6781,-6.7382,5.7975,-5.9699,7.6952,1.7397,1.0214,7.5998,-4.0084,-2.5611,-3.4406,-3.3635,-7.7108,3.2807,-8.4152,-6.4263,5.7464,6.2213,7.3144,-7.2953,4.3729,-0.0408,-5.2218,-6.6047,7.3789,5.2877,5.9217,-6.3289,-8.729,0.6156,-9.7526,4.9325,3.0264,4.6512,4.1008,-6.0392,-2.2939,-7.3895,1.5051,3.1589,2.8248,-6.0241,-3.3444,6.6268,9.7843,2.0512,-0.9444,-6.2023,8.2779,5.1826,-3.3722,-0.7417,0.0864,-1.6436,3.8417,-3.395,3.2403,-2.4063,-8.2412,-5.9451,-5.6744,-2.889,-7.0878,9.4125,-3.8795,3.6022,-9.682,7.5391,1.4667,-0.1073,-1.8507,6.8791,2.7652,0.3774,-7.1603,-0.8864,-5.5544,-5.5956,-3.5716,-9.7225,0.4818,1.0581,3.2432,0.4651,2.6268,4.6901,3.0673,-3.0162,2.8764,4.1879,2.0627,-9.2769,8.459,-4.2414,-2.9703,-0.1353,-9.0614,-7.0462,2.0778,8.5381,-6.4315,-3.7885,9.6389,8.2803,8.183,-7.633,-0.3446,-4.7884,-2.0563,-4.6719,7.9692,0.7171,-7.1635,-0.3657,0.3463,3.5269,9.6585,7.712,-5.6164,-9.9861,0.5852,9.6044,-0.1646,6.4228,-3.4312,7.3876,-4.3602,-0.826,6.4583,-2.2533,1.7647,-3.8038,8.904,8.9791,-8.5224,2.9056,1.6021,6.2688,-2.5442,-4.1301,-6.4379,-4.3482,4.6017,4.5164,-7.4098,4.5017,-8.0184,2.1023,0.7532,-8.4036,1.5492,4.0723,-3.9631,-8.3794
-0.9588,-0.8742,-3.9368,-3.9363,-1.6436,0.6021,8.6236,0.7211,-2.5767,7.8993,-5.0184,-6.581,-6.5834,0.7805,8.1097,1.2383,0.0766,-7.2902,3.7537,5.1438,-7.534,-1.0508,5.2244,-9.7553,0.8024,-3.3232,0.184,0.9177,2.1942,-8.7604,-6.1169,1.2644,2.0151,-0.0007,4.3699,8.5456,7.6082,0.6693,4.8432,-0.4173,4.7344,0.4514,-8.8045,8.6559,-0.9065,-4.8451,6.894,6.733,-6.1746,-4.5959,8.9236,8.1004,9.8452,1.3499,3.2365,5.5195,-8.6834,4.7962,-6.0623,6.6117,-0.6976,1.34,-3.9813,-1.1433,-9.3128,1.0331,-8.12,-6.1383,0.004,2.8524,4.8645,0.5655,8.9931,-6.0403,-7.5268,7.1338,7.5721,2.4521,-3.3893,-3.2325,-7.9217,2.4269,6.7447,-5.2806,-1.3262,5.78,-7.9605,8.4864,-5.299,5.2702,6.4221,3.9662,-4.455,9.3812,4.5734,9.4281,0.4185,-6.3276,-9.8026,2.8893,-9.8627,2.054,1.3745,4.8743,-2.0577,-4.9541,5.5181,-8.7092,0.713,-0.3225,2.1524,8.1909,-8.9663,8.6357,-6.9064,7.0696,3.255,-8.8847,-8.9262,-7.4847,-4.516,3.9338,0.1642,0.2938,6.0899,7.3025,-1.0679,6.0026,-7.6772,5.2538,-9.0591,-6.3694,-5.6514,6.4345,-3.2339,0.2513,7.2727,-9.8793,-9.9024,-4.9735,5.8569,2.5042,-7.4793,-1.7828,5.2124,-0.4213,5.7302,7.9275,-3.3312,-6.382,-3.3674,7.309,-8.9445,1.3898,-2.918,-7.3652,-6.7464,-1.3122,-5.4779,-4.4426,-2.9619,-0.641,-8.5853,-5.2497,1.5662,-9.3245,-8.5884,0.136,7.2344,-8.9307,-6.4568,-6.3844,3.3002,3.9055,-1.4028,-3.5115,-9.7518,-3.1337,5.9241,-3.4647,4.2212,-1.1785,-5.4536,-5.4138,-5.4293,-1.2025,8.8803,-3.0087,-5.4632,-3.6586,0.7432,2.3187,-2.8419,-0.9801,4.119,-8.9084,3.0325,-1.8176,-6.4211,9.9148
-9.0302,-1.2062,0.307,-0.6216,-1.1751,3.3049,-2.8842,-4.6087,7.8518,-0.9045,0.5878,6.9303,1.9954,6.1409,0.7213,-0.5404,6.7346,-2.1698,-1.4706,-8.2196,-3.543,-6.2233,3.5719,3.7103,7.7753,-9.9266,7.2989,-0.8036,2.5581,-6.6399,0.8972,-9.7096,7.3705,-6.9731,-9.6542,4.038,-2.7703,4.6359,6.8446,-5.3342,-0.5662,7.0336,-1.6948,3.6799,2.199,-4.9337,7.2071,3.0269,-4.9805,-1.121,-8.6592,5.5944,1.8587,-9.1212,1.782,-5.9771,1.453,-3.7486,9.9314,0.3628,-0.51,5.4629,5.6768,1.5659,-9.9976,9.2839,-4.7919,-7.9044,3.809,9.2917,-4.2683,-3.0765,7.3837,-6.4011,0.6518,0.3558,2.6145,-8.6135,-3.5947,2.9222,-6.6782,5.4462,-4.2521,-5.8996,9.4957,4.3712,-1.6776,7.7139,5.9105,-9.7197,8.5855,7.9749,-2.569,1.3929,-0.3352,-7.6418,6.7994,-7.6192,7.0125,6.4935,-0.3414,7.6081,-8.9674,-8.9484,8.0751,9.0089,-3.8198,8.3429,-6.0172,6.482,-6.7765,1.4954,-0.2399,-5.1641,0.8623,-2.4668,0.2258,-7.4885,1.8837,4.7739,0.0924,-2.7672,-3.6993,-6.856,4.9579,3.8086,-2.1665,6.2133,2.1277,-7.1999,-7.582,-0.7827,-9.4732,-8.5907,-7.1457,-7.8572,5.5465,8.2823,3.8561,-2.2145,0.2455,-8.0153,-6.2301,-6.0371,-5.4333,-1.4309,-1.139,-3.3563,-6.0147,8.6137,5.756,-6.6171,1.6326,0.4342,-5.6544,8.7434,-9.6789,1.7599,-4.4648,2.7892,-8.7192,9.9311,0.0648,5.0462,1.6839,-5.143,-9.9185,1.6046,2.2658,4.8113,3.0287,3.5617,7.5114,-1.2998,-6.1145,-0.9092,0.0044,-9.5869,-3.945,-4.8091,7.7202,-6.6924,-1.0877,5.3346,-8.8054,7.6363,-5.9989,5.673,-9.2192,2.664,5.0599,-4.2452,6.9582,-7.9152,9.8342,2.5883,6.4305,-3.9214,6.5267,6.1882
8.1904,-1.8348,8.7102,-6.1375,-4.3541,-2.5565,-0.8473,6.8019,-6.5076,-6.5946,-7.1942,7.8896,-6.6865,-7.9021,-7.6762,1.3761,4.9,-9.936,-6.8105,-1.3013,0.7475,-2.2028,9.371,-9.648,-5.4554,8.8395,8.723,-5.9692,7.4093,3.0707,2.99,1.109,-7.7944,-7.539,9.7604,9.8085,9.9905,7.3291,4.5164,6.3513,-8.8836,-7.5151,0.812,0.5697,-4.9923,2.6007,1.8037,6.7638,9.3699,7.7156,3.5631,-8.7444,6.9476,-3.0422,-7.7644,0.2909,4.0158,-0.3067,7.3218,6.4628,4.3935,-2.5668,0.8765,4.1316,-8.3853,-4.3725,-0.0478,6.1903,0.0454,4.9918,-5.262,5.2527,5.4524,8.7176,-8.4092,1.7058,-1.0981,0.3129,-3.2638,-9.471,9.9606,2.2515,1.5672,6.7641,-3.5366,1.9877,5.7399,4.9568,-4.0104,-4.9285,9.8062,-6.861,2.9114,5.6437,-5.7602,5.0112,4.5536,-8.0763,-2.5784,-5.668,9.4282,-5.5663,-8.4473,-2.9202,7.3803,1.8812,2.5173,3.3342,-0.9939,-8.5763,0.4212,0.6683,2.7123,5.7786,3.1213,5.0217,5.9269,6.8376,4.5936,1.6033,-9.8043,-3.9282,-7.3907,-4.167,-6.8186,-5.5569,8.5415,7.5565,3.3415,3.461,-0.5191,1.4079,6.5932,-7.2316,-0.741,6.2863,-7.4108,9.3161,-0.7156,5.9453,8.5757,-2.0499,-5.7284,6.5594,-0.3101,9.6134,-5.4182,-7.5335,-4.7315,2.4001,-4.9762,8.6333,-8.1297,-0.6113,-8.4179,-7.249,-0.4085,-3.4309,-0.3337,-1.9469,7.6965,-3.6923,-6.0256,-3.2942,-4.0475,7.0262,-1.2055,-3.0803,-8.2318,-7.9099,5.8824,-4.9723,-8.0572,0.1754,-2.3,-4.8637,-2.3673,8.9561,4.7701,-3.8138,8.2874,-1.505,5.3736,-0.1054,-3.3032,-3.1606,2.5202,4.2864,2.3915,6.6985,4.3375,4.7593,-6.2109,2.4855,-1.9195,-4.7583,-4.4771,-2.1954,4.9342,5.5479
-6.7098,5.394,-0.5275,-4.0744,-0.6377,7.2213,8.724,-3.7948,2.3501,2.2901,1.5759,7.9527,-8.9181,3.9851,2.7223,-2.5308,-1.754,-9.232,-5.2984,5.9826,-0.8652,-7.208,0.0893,-7.7436,-1.3807,-7.0102,4.1446,-4.5137,-2.5056,-1.5686,-7.4352,1.5413,0.1482,6.1233,9.6241,6.5981,5.6698,4.3064,-3.213,2.7013,0.5338,8.3023,-6.4045,-5.6629,8.0507,-4.588,3.3667,-4.7851,3.918,7.9469,7.6805,1.8047,7.9428,-9.5659,3.6257,-9.2135,-5.8242,-1.1528,0.4858,2.4052,-1.8969,1.0802,-8.792,5.4997,-0.4605,-9.3029,9.1364,-6.6227,4.7764,-6.1763,-2.8522,-2.6708,8.0025,-0.4594,-0.0898,0.6131,-8.3374,-2.4137,-8.2938,-9.2065,-3.1494,-9.8251,1.1571,-0.3287,2.1091,-9.337,4.3083,4.4581,7.4928,6.2529,0.0178,-7.9528,3.2009,-1.7217,-4.2774,2.5512,9.5211,-3.2553,-7.7603,9.9717,-4.2197,-7.7604,-9.5431,-0.7364,0.9856,5.0956,-3.9536,-5.7329,9.0533,9.6749,-3.0604,-4.4483,8.1103,4.3462,9.3519,-1.3726,6.9539,9.4999,-2.0977,1.7977,4.7772,-7.4978,3.5182,-8.0461,5.4045,-0.6057,-5.7606,6.4957,7.8311,1.6404,9.6052,-0.5108,1.0065,-0.951,-8.3476,4.6776,2.4777,-9.0332,6.5223,9.0461,-7.1671,-3.8669,-0.0773,5.317,-3.6428,7.7334,4.6556,0.8491,2.6278,7.1901,-7.131,-0.4515,-1.2544,6.6512,-4.9107,0.2158,0.8987,-9.0173,-2.6412,-6.4971,9.0162,5.2161,-6.5102,3.1086,-6.3513,-1.1775,-2.8703,3.2648,4.0781,-3.8808,2.0408,3.2715,2.5783,6.4832,5.4997,-8.3875,-1.1776,-4.6092,1.2632,0.4421,-5.7496,-0.696,7.0836,9.8069,4.4122,7.522,-5.5596,5.2283,-2.7429,6.0459,2.0809,-1.0407,9.5328,-6.1496,5.1526,-2.7207,3.4268,-3.9677,3.8956,-9.1924
-7.0337,0.0788,-9.225,3.7256,2.8102,2.4018,9.2302,-8.6365,6.7437,-7.7136,2.5287,9.851,-8.7303,-3.609,-1.2237,3.6871,-3.1896,0.399,-4.0034,-9.339,-8.6533,0.2929,-0.5179,7.6631,-8.8163,9.5431,3.8244,8.1236,-8.6237,1.2392,4.3591,9.5489,-8.9161,-8.0139,3.9835,-3.2373,5.3361,2.0981,8.2162,0.0624,-3.9443,-3.164,8.346,4.2472,7.6437,-8.0984,-1.3151,3.4391,-0.7846,6.3615,-1.5448,5.6653,3.4114,-6.3618,-5.523,-7.6831,0.1401,-3.3246,3.4528,9.2585,-3.3559,0.3748,-7.8938,-9.2562,-0.8446,2.827,8.4945,-0.0541,7.4221,-5.2235,-7.5168,2.4209,4.534,-2.4584,0.619,-6.7691,4.699,-1.8185,-7.8443,3.7273,1.5182,0.2099,-5.6606,-8.8399,-0.2145,3.4115,4.3239,0.8037,7.3941,8.386,-4.5379,7.1885,0.0593,0.9205,5.4504,-1.7049,2.6578,1.119,-5.4032,-9.1081,2.8749,-5.277,3.3258,-6.0972,-6.886,6.6598,9.3192,-0.2636,-6.1422,-2.0487,-2.9994,-5.0299,-6.933,-0.7047,3.7226,0.1042,4.9003,-1.9897,5.2167,-7.2252,-8.3173,9.0179,1.7124,-2.3053,1.1598,7.09,-4.6304,2.3085,-1.9506,-1.7732,-4.8504,0.9516,-1.4922,9.871,-7.4154,-1.2745,5.931,5.8764,7.6535,6.3215,-0.0543,-0.5042,-8.0108,-5.4292,0.1104,1.475,-4.7378,5.1888,-0.6752,4.0562,-8.3832,-4.6454,-9.8088,-3.8706,-6.0648,8.9621,-4.2539,-6.2769,8.3843,-5.4579,-7.6573,-4.5621,2.0057,-3.5913,-0.6251,-6.3588,4.4165,2.0624,-0.9945,-8.8416,2.2844,-4.0051,-1.9495,2.8238,-6.7833,6.3621,-3.8376,5.74,-7.6723,-5.1302,-3.2603,-3.2492,-5.2307,-6.3626,-8.4188,9.9013,1.999,3.2291,-6.876,-5.3301,-7.8751,9.8614,4.2434,-0.1218,-6.505,3.0978,7.6834,-7.1524,6.4944,3.8228
9.3722,-5.2873,-9.0065,8.6724,7.6913,9.0219,-6.3113,1.6806,9.4686,4.9404,0.5145,3.6423,7.5376,-4.8586,0.0517,-5.4765,7.2389,-8.3593,-3.5473,2.0031,3.3672,9.2266,-1.4708,1.4121,-0.1462,6.8201,6.4807,7.2758,-0.8938,-7.8435,-8.7206,2.9637,-2.1725,3.1486,-9.8043,-8.3077,1.5972,1.8228,4.2317,1.6477,1.1689,-0.012,-4.5517,2.0486,-3.4753,-1.3308,5.8781,-7.8919,-7.3294,-3.2849,-1.1804,0.8612,-9.567,-4.8597,3.7055,4.0792,-3.881,-5.8895,2.4445,-4.3027,2.0434,5.8451,-6.4474,2.7868,-7.7485,1.2657,3.6218,-2.3158,-9.886,6.4667,4.7271,9.6865,-4.2848,0.4533,6.1544,-2.8289,-6.1892,6.1791,9.7004,-0.11,3.8542,9.9058,-7.0943,-2.7886,2.7903,0.304,9.7271,8.3942,-6.044,1.4431,4.7599,1.2144,-2.5072,-0.4452,9.2375,9.8966,-5.079,1.6563,-6.3912,0.2965,3.0667,-7.1751,8.3276,-6.8691,7.235,-5.7577,-2.1066,-6.229,1.3999,-2.9816,1.8958,7.2853,-3.626,-2.0002,-2.9436,-4.1229,5.0597,7.7603,7.2301,-9.885,-5.6658,-4.9775,2.9013,-5.1169,-5.6759,-8.2124,3.8547,3.8576,-9.0261,9.7978,3.0176,8.7104,-9.1264,8.5342,-9.7015,-4.0006,-4.431,7.5462,-3.3453,-4.6152,3.4005,-9.8894,-8.3346,2.1174,-9.5292,4.4963,-7.361,9.5722,-6.7355,-9.982,-7.9504,-4.9815,-3.7617,4.4,5.971,-7.4661,8.3378,-1.2231,3.0231,-3.9985,6.3733,-2.0281,-3.5287,-1.3791,-7.1879,3.7546,2.0297,-3.4556,-4.9171,-4.9228,-0.3884,1.5146,-6.3231,-6.2131,-4.906,-9.7669,-3.9335,6.6887,1.336,7.2811,-2.0659,-4.6853,9.4783,6.7103,2.693,-9.4961,-5.1157,0.3932,-8.3638,5.7771,-7.6101,8.5262,2.785,8.6664,8.9705,2.7974,8.7534,2.3263,-2.4387,-2.3163
0.0253,7.6504,5.1087,-8.3003,3.7155,-7.3536,2.0922,9.1058,-9.6046,3.9684,3.996,5.3956,-9.988,0.8444,3.7684,-7.5122,3.5191,-8.3897,3.0591,1.5313,2.5959,-7.2465,2.0197,-7.3218,-9.6497,9.9165,9.4911,-3.9783,4.4611,9.0918,-9.1561,-9.8464,4.7794,-2.1285,-2.1602,8.0871,4.6213,-2.4398,0.8658,-2.9436,4.2796,-4.8928,0.0974,-7.9813,8.4482,-5.9387,-9.7402,5.9806,1.8074,8.3948,4.5927,-0.195,-2.7617,-2.2315,1.8163,-7.0473,-2.2035,-7.0262,3.9202,-0.9092,4.2895,-1.7883,-5.4383,5.0969,-8.8135,-3.7131,-3.1324,-8.4021,1.7699,6.219,-8.8889,3.5759,-5.2405,0.0973,7.3211,1.304,6.9767,-6.3538,6.5781,-1.4932,3.7868,-5.7754,9.2533,-1.334,4.3325,1.8783,-5.5244,-8.987,-2.6961,-2.7602,8.9827,9.6806,5.0596,4.6379,3.0744,-4.1248,-3.7128,-9.2521,-6.5341,-0.9708,-7.9174,-9.9921,-0.9376,1.9315,8.0017,1.2039,-2.1684,3.0732,8.7012,7.8421,1.3524,1.4327,-8.8881,-1.512,4.0373,-3.1359,-0.2747,8.1558,-9.5293,-2.0382,-4.1587,0.9106,-1.0936,-6.4876,9.1103,7.243,6.2349,2.4689,1.801,2.3983,1.086,6.0464,-0.4671,3.927,9.4607,-3.1459,-1.5408,-8.6884,3.7997,8.1576,-5.831,6.2143,7.6565,2.7335,-0.1294,5.6902,-6.0193,9.7671,3.7015,3.4012,-4.4575,-5.2552,-3.1811,4.0263,0.5143,6.5954,1.8375,4.0939,-8.3241,2.0913,-0.691,0.1139,8.9678,-1.8229,2.8276,-4.4925,-2.9595,-0.1364,-7.5095,2.4707,5.1664,9.9437,-5.7617,-2.1821,5.5904,-7.5206,-8.9062,8.8576,-3.7031,-4.5557,-2.427,9.9543,-2.5949,6.8151,-0.5535,3.1908,-7.8795,-0.3539,-9.8553,5.6865,5.8698,-0.8873,3.4722,-9.0823,3.4771,-2.7716,-7.6644,0.5446,6.8397,1.0971
-5.1062,8.8632,7.1,1.5045,9.153,6.5782,-7.623,-2.1432,7.6905,9.6432,-3.0318,9.5437,-6.4321,5.841,8.4904,4.7931,3.7765,2.0887,-1.8991,-5.2119,1.5407,-8.5918,-8.966,-5.38,6.6189,6.5668,-2.9825,-2.2944,-6.2932,-6.8453,-7.5686,-6.7171,6.0291,7.4095,4.6225,7.4687,-0.8775,5.9208,8.8511,-1.0615,2.462,-9.9052,-0.5107,-3.1754,-9.2573,-4.4851,-8.9658,1.2402,5.9132,-6.9837,3.973,1.5775,-8.3634,4.864,8.4003,0.9751,-6.2439,-7.9635,9.9517,-1.2966,1.4594,-4.5484,6.2546,4.796,2.1769,-6.0567,1.0092,6.746,-6.4139,3.2102,-2.9291,6.0512,7.4523,-7.2539,8.3505,-8.4909,5.7358,-7.523,-5.8816,-4.2082,5.8553,5.869,9.3028,3.2501,2.1202,3.8715,6.3949,-6.4929,-9.2922,9.6573,6.6993,-5.1286,1.1792,1.2921,-8.7228,9.8438,7.752,1.4969,7.1473,0.2485,-9.1044,-1.7486,-4.8112,-4.554,-5.6368,5.8269,2.9665,0.1762,-5.0925,-4.2594,3.5678,-8.4006,8.5414,-5.28,4.9563,-2.2352,-5.0475,-9.4367,3.4657,8.4801,-8.1932,3.55,-6.3002,3.3582,-9.6133,8.934,2.8341,-0.71,-2.9075,3.3258,3.3304,-5.4083,-8.7527,9.5829,4.8896,-6.7798,2.8795,5.6478,4.5842,-8.4279,-9.7436,3.5602,1.5475,1.9121,-8.2108,2.0764,-6.9752,8.1115,-4.3619,5.245,-3.133,3.5236,9.9438,8.5081,3.8911,9.73,-2.3837,7.0672,2.4995,8.2847,-6.2392,2.6713,-0.1654,1.7323,-3.6243,-4.2316,0.15,-7.494,-2.1785,9.1154,5.9889,-9.1083,-0.0277,9.3649,3.3613,7.4938,-9.1793,-5.6729,6.2562,8.0695,6.8156,5.3426,-5.2816,7.5898,-1.4075,-0.8113,8.9023,0.9594,-6.7712,-4.8363,8.024,0.3549,7.8771,-3.1429,8.4406,4.2914,5.8421,-7.8583,-2.2178,3.2854
6.7089,-0.366,-1.0871,-2.3938,4.0574,-4.232,-1.1732,6.3515,-8.5611,5.7054,6.3714,-3.3386,-7.9292,-7.9777,-7.0161,-3.3262,-3.7605,2.2217,0.4003,0.5261,-5.3473,-7.1599,1.1907,-5.5414,-9.8698,-6.9488,6.0796,0.7205,-6.6017,0.2664,4.6258,-1.7935,8.9272,-4.0103,4.1932,-3.8088,9.9655,4.0053,1.0606,-6.5417,-2.0732,7.161,3.7709,2.8914,4.5056,3.7103,-4.4744,-2.7649,4.9019,-1.8202,2.1885,-4.9411,9.8618,-4.2303,5.6017,9.6033,-9.6765,-0.2093,-1.9277,-9.089,5.3129,-8.751,-2.689,-2.2057,-2.7071,-8.2962,-3.8192,-7.239,2.816,-7.4767,4.7305,-8.8304,-4.8357,2.8183,7.8484,1.8582,5.4461,-1.8556,-3.543,3.0447,8.8218,6.392,-4.2232,7.3184,5.1111,-7.226,3.2503,9.6549,6.6927,-0.8335,-7.2454,-2.9397,5.7858,-4.9109,6.3018,9.8831,6.4585,6.9632,2.6007,8.1617,-0.454,-1.2917,-7.0,-4.5462,-6.1569,9.1344,-4.2849,-6.6986,1.0404,1.8924,2.2871,5.3071,-9.0267,-1.5343,-1.2124,8.139,-5.9307,8.9842,-8.8744,6.0277,4.5071,6.8006,-3.3046,-7.1464,-6.8706,-1.5579,-7.444,-9.8315,9.8072,-4.0526,2.8648,8.4595,-9.2776,5.0148,-0.3136,8.849,2.0042,8.7326,0.9204,3.3072,-1.3773,3.9793,-3.7737,-5.4521,2.1028,-6.3147,-0.4599,6.3744,-6.2702,1.5214,5.4664,-6.3543,-2.6212,8.2078,9.0519,-3.8358,4.1103,7.6457,6.355,-0.2958,-1.3696,-1.653,-2.9343,-3.6891,7.4133,-6.4436,-7.0332,-1.4291,7.5738,4.463,6.3432,1.8147,0.0525,1.5101,-5.1637,5.6588,2.2266,-3.8575,-6.2041,-0.9443,5.0244,-0.3191,-9.7005,2.3449,7.8806,-9.9097,7.342,-1.61,6.5858,-3.4477,-1.3966,-4.1875,-8.2385,-3.8829,2.624,7.1181,7.2702,0.9504,-0.1953,6.8755
-8.4084,-3.0542,1.6292,-9.1212,-0.1879,9.9886,1.362,8.1708,0.2387,-7.8437,-4.7428,-6.1683,9.844,-8.7747,-3.5429,0.2223,5.8283,7.601,0.9705,0.1878,-5.7811,-3.5917,-9.3253,0.2212,7.1833,-7.3482,8.4619,3.6598,2.7231,-8.2536,-5.3238,-4.9407,-7.6724,7.4572,-3.8578,-0.011,7.7897,4.2539,-4.0077,1.8699,-7.1434,-3.5231,-0.9642,6.2139,-6.7948,-9.3967,-3.1625,8.1007,-8.1086,-9.1968,3.4263,8.3818,0.3879,-8.0289,-6.5666,9.6998,1.677,-6.412,5.1706,9.2643,6.9614,-2.6104,-3.6229,-6.856,3.8009,2.5317,7.9843,-2.458,-2.8519,2.2908,0.7382,5.9784,-0.7831,-6.5247,2.4139,4.6841,1.3637,-0.7071,-4.8363,6.2212,-7.7636,7.1942,-9.1342,4.8254,9.1782,-8.3773,-0.2338,3.8185,-3.1438,2.6786,-6.6803,-9.8315,-5.423,6.4845,4.4603,8.2536,-2.5438,-5.659,3.7089,8.1644,2.804,-4.4775,-9.7588,-4.5009,-8.8272,4.583,-3.4461,3.1587,-0.0645,9.2144,-5.0462,-9.2882,6.663,9.1954,8.1219,0.7182,6.2833,-0.7543,-1.641,-9.3711,-9.5702,-9.7952,-0.7478,9.6187,-0.4863,5.9114,0.1174,9.032,-9.6959,-9.3947,5.1652,8.3174,-6.2059,9.3947,0.6682,8.9857,4.6917,-9.703,1.6347,-4.8572,4.5824,2.5088,-1.7233,2.8116,1.5303,-4.1924,-4.5492,0.4268,-3.0105,6.6384,-7.4315,3.5772,9.8958,-6.0261,-8.6579,5.2159,5.1176,8.529,-4.0026,-6.5404,5.2686,7.8583,7.9656,6.9497,-5.659,-2.5731,8.2451,7.4228,-7.1069,1.0548,4.2062,-2.5235,6.6612,-9.3002,1.0823,6.4485,3.8397,-5.3991,-2.1212,-5.7683,7.4301,3.5949,3.4483,-8.4438,-1.5095,6.5151,-4.7411,4.1383,5.6925,-5.1689,8.5667,-5.9969,1.314,-5.6964,6.9466,-7.1538,3.5792,-3.0642,4.1301,6.0796
-7.5301,-3.2857,0.125,9.8419,-4.8273,1.588,-3.1718,3.8254,-5.5696,6.3567,4.077,-8.4695,-5.8286,2.0387,7.5997,-8.1454,3.6246,-1.7545,-4.0899,6.5157,6.5116,-8.4198,-2.418,-7.7566,6.5343,2.7734,-1.3166,7.2133,5.7751,9.6032,-4.0622,-6.8117,8.044,3.3075,9.3767,9.9356,8.3449,4.4775,3.1116,4.8897,3.3615,-9.8972,-1.4945,-3.5212,4.7218,8.1763,-7.4532,4.9893,-5.5196,-5.6747,2.53,6.7928,1.5462,-0.9707,9.5314,8.6569,-1.5005,1.4137,6.8561,-7.6684,8.505,-5.6281,9.0579,3.0161,-4.3421,-3.0455,-5.3518,-4.0598,7.1252,3.8319,-1.0562,7.7807,-0.4029,-9.837,2.8509,-9.1433,8.0674,2.9376,-2.3671,-7.1382,-0.6999,-2.9471,3.7394,9.7,-6.039,-2.5212,-9.7162,6.5438,-3.6245,3.5721,5.1297,8.9539,-1.7266,-6.6077,-8.041,-4.8397,-4.6114,3.7855,7.681,5.629,3.0906,8.5236,-8.2881,5.1951,-9.4731,-4.8311,-7.5508,-9.9521,7.3537,2.6381,1.2634,7.2606,8.6646,-2.5373,1.0671,-3.406,8.9756,7.0114,-2.7796,8.0923,5.3157,-1.169,9.227,-1.1094,0.4309,5.7675,8.575,-4.6785,8.7113,-9.4493,2.7677,4.871,-0.3183,-2.0509,-2.2366,-5.8651,3.7296,1.3697,-6.8442,8.4671,7.4537,-4.5873,3.6176,-1.949,3.9982,-5.8501,-2.5788,-0.9913,-0.7874,-3.1659,2.1123,8.2138,-3.6324,6.7561,-7.412,4.4308,5.7218,6.466,-8.0324,-5.7487,-9.5515,-7.3117,3.9774,8.2466,-7.3091,5.3618,-8.1051,-6.6986,-3.5854,1.5413,-6.6258,9.3335,-7.4189,3.6194,-4.0434,-5.2501,-3.7528,-5.2222,8.2083,-5.835,0.5333,-5.2759,0.5723,-7.802,0.7569,-2.3293,5.8738,1.4025,9.0508,-0.9193,-7.3467,7.2851,-9.293,8.6041,-0.1516,-4.1684,-6.971,0.2345,5.2257,2.9039
-4.0813,-3.2499,9.496,-4.9377,9.2363,2.8818,3.6858,2.366,-9.3273,5.2637,-7.9223,6.4879,2.1569,1.5918,-8.6821,0.8027,4.3108,5.0925,-7.1452,-9.5125,5.2715,5.4143,-4.0515,2.6371,-3.8319,7.2716,-8.7441,-0.9107,8.2524,4.0567,-3.6299,-1.3646,1.4115,-9.3938,5.4839,4.9271,1.3056,6.7364,5.4938,-6.7917,-1.8827,9.4995,-8.361,-8.0491,2.4385,-9.8459,0.6217,3.578,-9.0665,1.5653,-0.7907,3.3114,4.128,-5.4917,4.253,0.8869,4.663,-7.4969,-3.4126,-7.7265,-9.2373,-7.7021,-2.6183,-9.158,-5.7935,4.7545,0.6493,-9.6463,1.0338,-4.5382,4.1131,-8.4579,9.6575,2.0738,-2.5692,5.5947,-6.3537,-1.7233,4.8003,5.1665,3.5737,0.6913,5.2306,-5.4444,2.8578,-8.6989,6.6953,1.9805,-4.8343,4.8288,3.5532,-4.2422,7.1068,-5.2123,0.8695,-0.798,0.1647,5.6611,-1.5129,-5.5975,3.8113,2.9481,3.4694,4.1175,-6.2407,7.2664,1.4845,3.1726,-2.3913,-2.9668,-2.2744,-2.1584,5.7147,-5.4658,9.5878,8.6935,-6.0218,-1.8579,-2.3334,-0.7934,-3.4299,-8.5551,-8.7334,9.6547,-3.3874,8.3372,1.5876,-8.6537,-0.3607,1.2632,2.971,-7.6447,7.2631,-7.2324,-5.2597,4.0711,-9.5441,-7.5389,-6.409,-1.4864,-9.4882,-9.8371,0.325,-3.6443,9.9397,9.7392,4.4919,-2.5247,8.9544,-0.7783,-1.0426,-0.9293,-7.1967,1.683,-5.8155,4.4635,-3.9091,5.1167,2.5939,-7.25,3.4663,8.7678,8.1559,-1.3822,2.578,-6.3947,5.1778,8.0447,-8.9838,6.4661,3.632,1.2027,-6.2843,0.2442,9.6506,5.8589,-5.6834,9.8995,-9.9427,-7.1723,-8.5404,-8.087,-5.6363,0.3469,1.7956,7.7711,-8.1415,-5.8243,9.1577,7.839,7.6096,-4.948,-5.4839,1.4702,4.0708,-6.223,2.0833,1.8049,0.4093,7.3898
-3.089,-6.202,8.8576,4.528,-3.5411,-3.9852,1.9719,7.5228,-4.4721,-5.2723,-1.8378,8.8026,-2.6568,-5.4532,-8.0174,-0.7523,-8.4599,-6.673,5.6524,-4.4353,8.5468,2.165,-8.8567,-2.037,-1.2637,-3.1639,7.5717,0.4814,4.3454,7.2305,3.6726,1.6786,1.6521,-1.6755,6.4476,-8.6945,1.7796,6.4879,-3.4743,-9.5699,-9.6112,5.7735,5.6051,-2.5779,-1.6424,-8.191,4.2049,9.9338,-3.3407,-8.0701,-1.6377,-1.0378,-6.8073,5.9751,-3.1873,6.1234,4.1823,-5.7671,-0.1409,-2.7377,-2.1391,7.5056,-1.9001,-8.2805,3.027,5.0009,-1.7312,-8.5649,-7.5882,8.6064,7.4358,-0.5298,-6.6299,9.4904,-6.8294,8.2604,2.302,8.2919,-3.3005,-0.1809,7.5275,5.1748,7.094,-1.2124,4.161,0.0773,6.5394,2.9127,-7.6189,5.3867,3.1003,-0.3476,-0.0529,4.0698,-2.489,-9.4442,7.6367,-8.8421,8.4054,7.4758,4.339,-8.0801,-0.0669,-3.6633,-3.2302,0.3364,6.2231,1.6575,0.616,-1.6228,0.0783,-5.6878,-5.0193,5.8752,-9.4692,9.94,-2.6535,-1.1329,-2.5279,-6.0438,8.8699,-8.4441,5.716,-8.7929,7.729,7.1295,3.0306,6.3718,0.6099,-7.9255,-9.1147,-4.7824,7.8821,2.7827,-7.4213,3.0966,-4.0767,-2.2898,1.0572,-7.1042,-6.1982,-2.5292,-7.1192,0.72,8.8479,-6.0083,-6.901,0.011,8.1767,-3.0924,-5.9409,8.0103,-3.0021,-4.2757,1.4008,-6.6223,0.4779,-6.9013,9.3826,-3.1394,-6.4466,1.9634,3.7577,9.9184,-5.9953,-5.0158,-5.8221,-6.5929,-3.6949,-9.599,7.2695,-0.9951,-8.7047,-3.4581,5.9656,5.9165,5.0469,8.3259,5.4657,-5.7192,2.1001,5.3335,6.2466,-0.8593,-8.9569,8.561,8.4792,-3.7647,3.282,-7.8953,8.4424,-3.5811,-1.2041,-5.918,-6.6282,-5.2033,-5.7513,1.4485,8.0233,8.503
-4.7483,-6.3232,-2.1201,-2.2913,7.6148,0.1198,-2.7537,-5.6392,-3.0374,3.9731,-3.1736,-8.1358,-8.4346,-0.9395,2.0577,-9.7471,2.1181,8.5331,6.9482,1.7814,2.6718,-8.811,4.3643,2.4338,0.0641,5.9127,8.4686,-4.597,-8.45,9.9498,7.2371,-6.0594,-5.8395,1.6392,3.3257,2.0418,3.2367,-1.6693,-9.3172,0.6555,8.9252,8.0622,-4.0993,-7.4341,-5.073,-8.9606,-2.9583,0.1152,-8.8918,-8.2127,3.8499,-4.7328,-9.0816,-4.4808,7.8193,-4.8111,-3.4837,-9.5853,-3.5112,-7.424,-8.9097,-8.3311,-6.6154,-4.9745,-6.5865,-3.429,0.7602,-2.5315,8.2501,-2.5323,4.4386,-6.333,6.7844,3.2591,-1.1154,3.5466,2.6327,3.179,6.6726,-6.4313,-5.0305,9.8638,2.9179,2.821,8.1225,-0.7821,-7.228,2.2887,-1.4897,-4.6705,5.1958,-4.4642,-5.5355,-1.4048,-1.2491,9.6985,-4.5353,-1.9116,0.3165,-7.5439,-0.6844,-2.1726,7.5445,-3.5008,2.3659,-9.5254,9.831,4.4116,-7.5153,-5.8142,-7.6631,4.7056,-2.2156,-8.3991,6.1919,-4.3615,-6.6628,7.3197,9.6123,-4.4997,3.9502,-4.7207,-9.0188,2.9332,-3.5464,-8.6995,-6.6216,-1.5144,8.0904,-8.3518,4.973,3.801,-9.4089,7.4249,-0.9397,-7.3253,7.6773,6.8394,-1.3171,-1.9397,-6.4175,-0.1094,-3.195,-3.3528,7.2356,4.7851,0.8813,-5.7303,4.5213,6.8462,-4.6251,1.4059,5.3987,4.7867,-5.6396,-3.9246,-6.9809,-8.9743,5.1817,9.2456,-7.0262,0.9697,5.2599,-2.9021,-4.3517,7.9203,3.3645,6.6959,3.6795,0.4549,6.4711,3.2431,4.8157,-8.5792,-4.6042,-4.787,-1.3925,-3.0613,-5.997,7.9141,-8.4216,-4.2909,-1.6266,-5.2995,-4.9148,4.9156,-8.2701,3.1107,8.47,-7.6418,-9.3892,0.3165,-4.7769,2.5113,-9.4159,2.0887,7.965,-2.2954,1.6684,-7.2953
-6.9388,-7.5195,1.3275,-7.1228,-0.3303,2.1997,8.0394,4.4762,7.8669,9.6144,-8.8487,8.0061,3.8078,-4.6146,-4.2547,7.8573,-7.6429,8.9098,8.4446,-3.8315,-7.9001,1.5294,6.2201,4.7807,6.3914,-0.5678,-0.616,-1.0506,3.6473,6.2161,1.4192,6.8722,-3.2882,-8.8544,-3.0518,5.8461,-8.5576,-0.1106,2.2267,-4.6715,9.9612,-3.1036,-1.9941,-7.478,-1.821,5.2925,7.1038,1.5779,-0.3828,-5.8442,-3.7915,-3.9378,-8.4342,-8.2756,-2.9847,-2.8212,-9.7644,6.4042,-0.962,4.2581,-9.6032,3.561,-6.495,5.7606,-9.4595,-6.6647,-8.0631,-6.5901,-5.7542,6.193,-2.6368,2.2627,5.0195,-2.4972,1.1802,9.2481,6.5393,-6.6066,0.7505,-3.8796,-0.8508,-2.8956,1.2916,-9.2816,-3.1504,1.3908,-1.2226,6.4635,5.9862,6.1513,5.9676,-0.739,-2.0607,3.6536,4.8422,-1.2978,-5.149,-4.3104,-9.0486,5.0002,5.6134,6.4695,-0.3076,-3.9488,-2.9025,-0.3433,-1.3127,4.9711,-5.6779,1.6488,0.5257,-4.4551,-0.1805,8.1632,-8.3614,-2.3966,-6.7233,-2.2514,-7.4699,-3.943,2.925,-6.5428,-7.8234,-1.0223,8.7588,9.535,9.1977,-1.4278,4.0302,3.6528,0.0101,-6.4976,-0.2611,-3.9129,-9.7473,-0.205,1.2491,9.0859,1.8339,5.9379,-5.5888,4.5967,-6.6842,-8.0482,-3.2882,3.5372,-4.4541,-2.7463,2.4659,2.5952,-9.677,0.384,3.4623,3.0954,5.8084,7.7074,3.9686,7.563,9.3055,-7.2101,-6.215,-8.6771,1.3795,-5.3049,-6.2708,-6.844,-9.2781,9.9168,3.536,-0.6511,-4.0326,5.8243,7.5458,5.3751,-4.416,-4.4252,-1.7681,-1.1464,8.9493,-1.9772,3.4704,-4.2517,8.6593,0.1038,-8.71,-6.191,7.1168,-7.6592,-0.8067,-8.2438,-2.8664,-6.4238,-2.3046,8.6819,0.7937,-3.4598,-3.6739,-1.4403,4.7695,7.3624
-0.4853,-7.5066,-2.0978,3.0328,-8.9654,-0.3636,6.3896,3.0819,-3.6927,-9.2042,2.0558,-6.1697,0.8288,-2.9642,-7.1892,0.8262,6.7664,9.3015,3.2046,9.9841,0.6699,-6.5291,2.3915,-8.0552,-2.1573,3.1065,6.9889,-4.7439,-7.3365,-3.9408,2.6786,-4.325,-6.7612,8.506,5.4228,-1.9746,8.6457,-0.2584,6.0147,0.3411,-9.4466,7.695,6.7479,-0.0305,-5.8857,-5.2472,7.9448,4.056,-9.671,-0.6481,-1.4951,-2.9078,-8.2706,-3.6069,-7.5136,4.0997,8.4611,7.6469,-0.7325,-5.3448,3.9342,-0.1825,-7.1646,6.5799,6.9593,-7.7306,-1.4727,8.1917,-5.1266,3.0124,-6.1046,-1.3679,4.1004,2.5402,-8.1827,4.757,-4.1105,-1.6455,-6.8939,-0.4467,-6.9505,-1.5363,9.9052,5.5533,5.479,6.947,-5.073,9.966,1.6415,3.7212,-0.0704,8.7364,-2.5091,9.5159,-8.8004,9.3191,1.2488,-3.3833,9.1075,-4.078,-9.5221,-7.3198,-1.9383,5.9533,-5.9695,1.3689,-8.805,0.2846,-3.6063,-1.9124,1.9048,7.5992,-7.4677,-4.092,8.0375,5.368,4.9653,-3.7932,-5.8077,9.2777,0.4176,-3.7118,7.566,-4.0313,0.5208,8.6869,3.8593,2.0547,1.7777,-5.5436,2.6197,5.9633,-3.626,-8.5605,4.7417,3.4754,9.0696,3.8168,1.7776,-5.3721,7.5742,-9.887,4.3686,2.4749,-6.9199,-3.3671,-0.6247,0.1195,7.1225,-9.8857,-3.0396,-8.7232,1.3179,-7.2504,-4.48,-3.9205,-0.3358,-0.6842,-3.5958,1.8039,6.1809,-3.8038,-2.8239,-9.9321,-9.3847,7.5039,8.843,8.2249,-4.6004,2.1297,-3.4152,0.6785,-4.0699,-4.1229,8.1269,-7.2461,-6.4825,-9.132,1.7438,-8.7275,-9.5688,-8.3597,-9.243,-8.2666,-8.3575,0.1289,4.5406,-7.0169,-4.6222,3.5567,-2.4739,5.6194,-1.8792,-1.495,-3.1997,-4.0326,2.0301,-4.7199,-5.9882,2.1305
4.0811,7.5385,-1.7021,-7.9144,-5.4739,6.2735,-5.7027,-2.8999,4.9644,9.1378,9.2832,1.8782,3.131,-2.6341,4.2024,4.1102,-6.3388,7.6874,-0.1117,3.4228,9.6421,-6.9405,-4.4191,-5.7924,8.547,-5.6608,-2.858,-1.9194,-9.187,-7.5029,-5.7109,-6.7506,6.8759,-7.9314,3.6141,-3.5784,-8.582,8.4952,-2.553,-7.5397,9.1903,1.7651,-5.6699,8.0512,6.5859,-9.8885,-1.786,-1.6157,-1.2977,-4.1558,2.7394,0.7891,2.1922,8.6322,7.7814,7.7069,4.5921,-2.385,6.845,-1.7928,-7.4115,-5.8259,-1.484,-9.1737,3.9156,-9.1632,8.603,7.7271,8.704,5.4086,-5.4512,1.9313,1.2364,-7.1871,-7.0506,0.2808,-5.0674,1.6174,-4.2166,-8.4651,-8.702,-9.8902,6.2715,-4.3431,5.4931,2.61,-6.2645,1.478,-3.9831,-1.2454,9.4253,-2.053,9.7691,8.4916,7.0749,8.1274,8.3814,4.2416,-2.3852,-3.9074,7.5854,1.4264,-2.6776,-2.3328,-1.3265,-1.4152,3.0479,8.6357,-1.3747,-4.2987,-7.9087,5.1266,-8.5386,3.1512,-8.6574,-0.9305,-2.1285,9.7662,-3.3986,-2.5675,1.9803,-4.2971,-8.3587,7.5869,-2.8547,-8.3367,6.7838,0.7069,-5.6496,-7.8353,-8.8237,-0.3859,-3.9235,-3.5781,6.4999,-2.3046,7.2457,2.0056,9.2511,-4.8174,-2.2135,-7.7709,2.1622,9.7737,9.4602,-7.6385,-1.6178,3.6826,-1.1231,-4.4395,6.1617,-8.8574,-6.2498,6.8249,3.6965,-9.7901,3.1131,-1.0966,-0.6124,-8.5714,-9.1318,-0.7339,8.4683,-5.4708,-2.7384,-7.9599,3.2317,-0.3977,9.443,2.3901,8.543,-6.9967,-4.3102,-2.4557,5.9818,-1.5385,7.304,-8.9244,7.3567,-0.683,3.6241,-3.7261,-8.0264,9.5737,7.2103,9.9748,1.8777,2.2036,-1.6507,-7.7427,4.4349,-4.2632,-4.5195,-9.052,-6.7294,8.0511,-0.4371,6.6811,8.0825,-5.8553
4.6256,8.0871,-1.4344,8.7683,-5.4246,-4.5369,-1.2403,-2.7261,-1.5726,-5.8277,5.6632,7.2071,3.1811,-3.8504,-3.2494,7.6819,6.3608,7.7304,-8.4744,-1.42,-9.3961,5.4527,1.9605,0.1319,-1.6177,-0.2224,5.993,4.8301,9.5452,5.8122,-3.4086,6.0728,1.5035,-5.2175,5.5505,6.9094,-4.0293,2.547,-5.9939,6.4793,-2.8537,-6.0077,0.6588,1.5184,-5.9914,2.4487,9.6354,2.837,-6.1758,-0.3974,-1.9193,7.6075,-3.0874,8.3508,5.528,0.8408,1.3999,-2.6775,0.7198,3.3708,-6.4318,-9.8853,-1.2027,-7.8791,-6.4204,8.2054,-2.9168,4.0112,6.4517,-5.6069,-9.2624,-9.5721,-4.0525,-0.3858,1.4371,3.2461,-1.1162,8.7032,8.29,-3.5872,3.5109,2.3134,-1.0003,2.5289,8.5628,-2.7365,0.9119,-1.3704,7.5673,-5.7548,-0.0149,7.5903,-1.633,-4.4691,-4.0651,0.2691,2.2246,-0.6437,8.0445,-7.5785,-5.2694,3.3862,1.7264,-3.3876,0.2983,-5.3783,-1.9498,3.6266,5.7294,1.2573,5.5267,0.8459,-0.7005,4.3,9.7386,-1.9004,6.1375,4.2918,3.3759,-5.3439,7.2551,-8.7156,9.4145,3.828,-7.9007,-1.9038,-5.2378,-6.4709,-5.9772,0.4774,-2.9486,-4.0739,-3.9142,-8.0595,2.9743,-9.4515,-3.7143,8.2175,0.1189,4.8887,-4.923,-7.0332,-0.7453,-1.6095,9.6861,-7.9657,7.4685,4.4953,2.9362,-4.9157,8.8817,-9.3051,-2.1725,-6.9655,6.942,-5.1354,-7.0603,2.5868,9.9895,2.4418,-4.7634,-2.5245,6.9518,-6.3559,8.782,-0.9901,-0.174,-8.8288,-8.966,1.1252,6.123,2.5491,1.8731,9.6531,-1.5911,8.2124,3.6565,-5.6714,3.4435,-7.4162,6.1478,-7.5865,8.4618,-9.6284,7.8516,8.7692,0.0188,-3.3737,6.9586,7.1335,2.3272,-4.9132,-5.5139,6.1771,-1.058,-5.0092,4.1611,5.7387,2.9187,-7.268
-7.7479,-3.1786,5.2866,-4.9555,5.8208,2.6583,-6.6648,2.7521,0.8928,-2.8786,0.6146,-0.158,3.9332,-8.4391,3.882,-5.1618,-0.3911,0.6841,0.5812,-3.3774,-7.1658,8.9115,4.7948,9.4986,0.362,4.1311,-2.8402,6.5633,0.6768,1.5498,0.0123,7.8523,5.324,5.5456,-0.7815,-2.4798,4.8033,2.683,6.7559,7.8347,0.6547,6.9843,7.8929,-6.5532,-6.9528,-8.2103,7.2064,-2.3402,6.2844,9.2775,-2.8871,6.4973,-8.1265,-4.563,-8.6975,5.2863,3.7402,2.3445,3.5556,3.1072,-1.2858,7.8817,-0.5805,9.9658,-3.74,-2.7746,4.6727,0.8539,1.3615,6.5137,0.6244,-1.1397,2.544,-2.2871,-7.5188,4.8267,9.6044,-8.3856,-7.5636,-7.9095,0.995,0.5652,6.4597,4.0135,1.8511,-6.3469,-7.5451,-2.7908,4.3247,2.7671,-6.9589,-0.5076,1.0504,-0.5711,-0.2174,-1.2743,0.7238,8.8708,9.2801,-0.9198,-6.6549,2.4164,-2.6764,4.4989,7.7556,-0.9032,-3.0263,7.3022,-0.2838,-9.9464,-2.4989,4.6636,7.6261,-1.332,-0.0559,9.0802,-9.6161,1.7042,-0.0839,4.8813,-8.2002,8.8069,3.8054,-8.5312,2.0423,2.1242,-7.7739,-8.6906,3.1187,2.4266,-6.6516,4.6609,8.3788,-2.8645,-3.2472,2.0654,-1.2233,-2.6601,8.8091,-5.5033,-3.1061,-4.8589,-0.4267,-3.0139,-8.2323,8.4211,-7.5811,2.6286,-6.652,1.2181,-3.3521,1.2382,7.8314,-6.5132,2.3444,-0.2791,0.0736,-5.5014,6.0382,8.7071,6.5811,-3.6443,4.8658,6.1611,-1.0576,8.5851,-6.1307,2.5197,-7.8292,3.3469,-7.5267,-1.9232,-8.4881,-3.1406,-4.4762,0.195,-2.8464,2.0112,-8.8245,-4.1151,4.8003,1.7721,-2.0741,7.5892,-8.2363,3.6226,7.453,1.0602,-8.8397,-5.5142,1.1885,1.188,-4.5235,-5.8917,-1.3594,-7.9496,-0.3572,-9.6694,8.2147,-4.4011
5.0175,0.5467,-7.6313,-2.8804,-9.5283,-9.0478,-8.596,-4.0077,-8.9348,6.9681,5.552,5.5357,-5.131,8.8092,5.991,0.1543,-1.207,8.1971,-2.9582,-9.3954,7.9786,-2.53,-9.6824,-6.7086,2.8788,2.9038,-6.068,7.7241,0.6848,-2.7031,-6.8433,0.3457,4.3636,7.5736,9.4364,-7.2539,6.4543,-7.0683,-9.2474,-7.9894,9.7226,0.1591,9.5109,-5.4862,-0.6727,9.757,0.8739,-2.4919,-1.1085,-5.0121,1.1819,-9.7234,-2.0754,-1.0812,-4.4154,-6.2057,5.7253,-7.4328,9.8701,-7.6079,1.1106,6.298,-0.4142,-5.8541,2.5255,-9.154,-1.0476,-3.6942,6.1958,2.8078,9.9929,-5.9093,-2.7872,9.3528,4.1722,-7.2502,-4.1163,2.9036,-1.907,2.963,3.8683,-5.063,-1.7151,5.3494,-5.8292,-9.9882,9.9778,-7.7183,-8.7293,-7.3873,0.2546,-0.8327,-9.6478,-1.7604,9.1093,4.3069,2.5962,8.3656,-0.3257,-8.6688,-5.155,-5.2923,-4.4146,-0.0754,-4.7352,2.482,6.1172,6.9817,-3.0885,2.1888,6.6772,-7.4826,-1.1979,-4.2092,1.9889,-9.0646,8.3445,7.3988,-1.2063,-1.7647,-1.1274,7.0541,-7.9593,5.1693,-5.1786,0.5377,3.4732,-3.8333,0.1499,-3.7037,-2.2075,-6.6076,-2.2687,7.3149,-7.5036,-4.6465,5.487,-5.6163,6.3076,-4.2389,-8.4389,-9.8939,7.0449,3.8706,5.8135,2.4327,1.0191,-0.1286,-9.3707,8.3888,0.5416,-4.1315,-7.1575,-0.5596,-4.0133,4.3589,-1.8537,6.7521,0.7581,8.0301,-4.6182,6.6169,4.3329,-5.1202,0.0979,-7.5611,-9.2695,4.7571,5.1963,-6.1684,-6.7016,3.9116,6.1944,-4.3185,-9.8819,9.2365,-6.84,8.0299,-4.7931,-3.2789,6.77,0.5489,-4.0877,0.3184,5.9182,7.6764,-9.8754,-7.6448,-0.5242,-3.9667,9.2727,3.7482,6.2865,-3.4592,-5.9864,-5.8243,9.4152,7.6046,-5.7827,7.1685
-9.9675,9.4743,3.24,3.5985,0.5298,-8.5844,-9.3744,-9.9592,7.9669,0.0091,0.9349,-8.5316,6.0154,-5.0586,-6.5628,-4.539,5.4968,9.6901,-5.5747,-0.8203,-9.7766,0.7139,7.5767,4.0273,-9.1722,1.9524,-0.7732,5.3267,5.5826,-0.7337,-2.509,-0.9963,-8.1282,7.7214,0.215,-9.8113,1.2455,-9.8853,-3.4621,-1.0314,8.8068,-2.909,-3.0587,5.8765,6.5987,-2.6047,2.1907,5.5246,-0.2824,0.3014,7.2456,-6.9317,-7.2431,9.9356,3.7888,1.2321,6.139,-9.6727,6.4366,-9.5259,-5.3134,-4.0538,1.5738,0.4082,-1.6962,-9.505,-7.4005,-5.2137,-5.1873,-2.1498,2.408,-5.0669,-1.2521,9.3375,0.6807,-8.5631,-4.0123,-2.4551,3.1887,8.708,-6.3212,-2.6828,5.0488,-0.2151,-8.3909,5.4381,1.7099,-8.7047,0.1403,-0.4824,6.3817,-7.8315,-9.4477,-9.5549,2.5464,-3.8568,4.4129,-2.2691,-3.3174,-5.565,-8.6794,3.5959,1.6078,-7.7946,8.1192,6.6408,2.0542,-1.597,4.2721,-5.4845,-6.1088,-4.6626,7.0618,-7.8693,-4.1782,1.3042,5.6034,-7.8061,-0.2625,6.4207,-2.5651,7.933,-0.9432,9.035,9.1859,-5.4511,-0.5204,5.9393,-4.8913,5.401,9.7711,5.5804,9.5999,9.5554,-4.3596,7.9276,-0.1307,5.3551,6.4485,-9.4426,-8.1546,9.5449,-7.9855,-4.4631,4.7413,-8.4778,5.7187,5.351,6.8692,-5.6489,-7.4219,7.1309,-8.746,-9.8886,-2.8119,6.881,-0.7818,2.7872,-9.9149,2.1212,-4.5312,-6.25,-8.0267,1.9059,8.745,-3.8384,8.7031,1.1697,-8.3805,9.1589,8.3245,5.542,8.2036,4.8984,-4.803,-7.5618,-6.5166,-3.3573,-7.772,-8.4384,-1.6072,3.345,4.616,-9.3721,0.1468,5.278,3.0933,-0.4639,0.2069,-4.4917,-7.4701,4.6653,9.0275,2.5238,0.0238,-5.0885,3.4982,-4.6805,8.8106,1.3198
8.4228,-9.4064,-5.1504,-1.23,1.7136,-9.3971,-9.9898,-5.6646,-0.3769,-8.8257,-8.3626,8.7977,-9.3911,-1.2332,0.3601,2.9315,0.9269,-7.9211,2.9939,-7.0794,1.0941,5.3912,1.9876,-4.435,-4.0483,-3.0558,6.0297,7.0676,-5.0137,-7.2892,-0.0697,2.0486,1.3534,1.4248,6.6984,2.3195,0.8243,6.985,-8.3442,6.6367,9.392,3.9656,-8.1593,-4.0138,-8.9599,3.9562,-3.0663,2.8976,4.518,-4.652,-7.3235,9.5097,-3.3072,8.4315,-7.4714,-9.9051,-8.8331,-6.0242,2.5293,9.1538,4.7261,2.3701,-2.3074,9.8816,4.2927,7.3778,-1.9853,0.5576,-4.7604,-9.616,1.1725,-6.3767,8.4525,-1.435,4.9137,6.0497,-5.2148,-9.617,5.5408,8.0248,2.6757,-9.3196,6.8111,-4.8873,-7.1185,-3.9508,-4.1552,8.1336,-4.4776,-1.4808,9.01,4.6994,-2.3279,-7.0474,1.9314,3.7956,-2.9443,0.6167,4.422,-7.6839,-9.5579,-5.215,-8.1308,-2.6813,0.0384,-5.6895,3.2544,1.0445,2.0471,6.4959,-6.2373,-2.4373,-5.6614,-0.078,-0.9252,0.3921,-6.153,-7.0314,0.8073,1.3471,3.4273,-8.2869,-6.7676,5.4163,2.5262,-9.6852,-5.9732,-2.2601,7.4194,-3.1121,6.4497,-1.5112,4.5966,9.262,5.5891,4.982,2.7454,3.6067,5.7508,-7.1195,8.0449,-8.0711,-4.2696,8.8374,0.803,0.297,7.9242,-4.0294,-7.0596,1.2928,-5.0529,-0.1467,3.9599,8.4904,-4.878,-1.0555,6.9715,7.1383,0.9536,-1.9025,9.6208,2.1602,-2.3892,-5.5793,1.6141,1.2665,8.3198,0.7618,1.0331,5.9198,2.0298,1.0163,-1.4149,-6.0425,-9.6336,-5.058,-1.0906,7.6327,-3.1989,-1.0113,6.7362,6.5315,2.1916,-7.151,1.5863,3.0018,-8.6455,7.9477,3.1268,1.1682,-2.6206,7.3075,8.9832,-2.9461,9.8385,-8.4772,2.3354,-2.6635,2.5398,5.3387
2.9495,-4.1896,-9.4219,3.8333,4.2134,-1.7909,1.6043,5.429,-1.3743,1.1292,2.1129,-7.7879,6.6593,1.6787,-7.7989,-8.8092,6.6855,2.4064,-4.5572,-9.0216,8.1346,3.9024,-7.3104,1.9671,-1.8652,4.5561,5.7108,3.6235,8.6353,9.5862,4.6867,-1.0504,8.3896,2.3913,-2.1511,-6.0614,6.4479,-5.9399,-5.397,-3.458,9.9693,-4.795,-9.0149,-2.8198,-8.1414,-1.1044,-1.5882,-8.3258,6.431,-5.3376,1.6739,-6.1625,-4.2353,9.5863,7.0112,0.2979,9.9471,0.753,5.9086,-8.935,7.0961,3.5679,1.6253,3.2779,-2.2563,4.8795,8.9293,-8.2649,7.2701,-9.2311,-0.5922,-6.7468,5.8216,6.7069,2.822,-6.6295,1.7528,7.3422,-7.6552,-1.6899,-6.7617,-9.6087,-7.8693,7.5484,0.2463,6.8633,3.4492,-4.7953,-6.9496,1.2613,8.8881,-3.6848,-5.7579,-6.0305,-4.4465,3.3637,5.4569,4.0932,-8.7904,2.2228,8.7186,3.89,-2.0279,0.1495,-8.3249,-4.9545,0.0853,-8.5504,9.9397,6.5107,-2.5367,-6.8812,5.2958,-9.724,1.7169,-0.0417,-0.4126,1.7895,0.2654,9.8428,5.1446,4.7881,3.1938,0.5272,-6.6069,-9.4093,4.1338,6.959,3.8328,-8.0091,5.4186,5.6739,8.7621,-5.4476,-1.2552,-7.7614,6.0995,0.6736,-9.7435,-8.2656,9.5439,5.311,9.4936,-2.9494,7.6553,1.9522,2.8971,0.3117,6.2462,-8.7557,-5.7626,6.5416,-8.4331,-5.329,-7.6508,-7.1684,-3.0632,9.1521,2.2672,9.8306,-8.3241,-4.4622,-7.8703,-5.8652,3.1108,-2.7553,-7.6598,9.2043,5.3926,-1.7092,-0.4396,-2.6125,-4.6986,4.5405,3.9551,4.0875,-6.6297,-6.4848,-9.8453,-9.4245,-9.1303,4.0531,-5.7607,0.633,-5.2957,-6.5426,-2.8772,9.0316,0.5459,5.2449,-7.9847,-0.711,-6.4362,9.6609,-2.0212,4.5474,-8.383,-1.486,5.2744,-5.4317
4.5714,2.463,4.2264,9.802,5.0867,1.5377,0.3132,-2.6935,-8.1171,-5.5653,-1.3252,6.7255,3.2783,-1.7584,2.9408,1.5586,0.042,9.1014,-7.8142,-0.6897,4.9966,9.6375,3.7978,-0.9772,7.2818,-5.7925,-2.116,-4.3698,-8.5147,4.2413,0.3796,-7.9278,8.9559,5.2946,-3.452,3.1392,-0.9489,3.4073,6.3215,-0.7462,8.3387,-1.5573,-6.6567,8.1141,-0.7844,6.385,-2.412,1.4982,-1.3274,-3.6373,-7.5353,8.3533,7.2975,-4.4726,3.4264,-3.4296,-8.1485,-5.1987,4.468,-7.1018,-1.9616,9.7579,-6.7942,9.5042,-3.3348,6.2143,-1.756,8.0119,-3.0366,0.9525,-0.6364,-0.4659,2.1583,-0.1652,-0.5759,5.2974,-5.808,6.6359,-0.2329,-8.1366,3.9371,-0.9469,-6.5595,-4.7002,8.952,0.1344,-2.2955,5.677,9.3515,3.863,-0.2508,3.339,-2.7526,0.2759,5.4216,-8.7627,-5.5923,-4.3156,0.6468,6.1168,-5.3252,1.5237,-7.8237,-3.4989,-0.0783,8.3932,-0.4586,3.9479,-3.5136,-2.8002,4.6593,6.2716,-9.3279,-5.5151,-9.0795,5.672,-1.9612,5.3274,3.1209,3.0343,-7.2983,8.6151,-6.0151,8.3531,-1.8551,0.111,1.5046,3.5453,-8.3852,-7.0383,-7.0319,2.2257,-7.6775,2.4595,8.3285,0.7124,5.7359,1.1438,8.0217,-1.0241,-7.5026,-6.3191,-7.115,5.1768,-9.5035,7.899,-7.3287,1.5825,-7.8244,5.6328,7.8515,-7.2493,-0.8064,-4.6711,3.639,-2.1705,-7.1994,1.3655,-3.8778,5.676,4.5446,-0.1161,-0.6488,-2.2144,-6.2243,-2.961,-8.2826,9.0927,1.3377,-7.967,2.4494,6.3657,6.1921,4.3397,7.7988,-6.4277,8.0946,2.3933,-6.8855,7.5875,-4.1046,-2.9913,-4.6701,-1.8645,-1.0755,-3.0561,7.3877,-8.7815,-6.2456,5.5687,-6.487,-7.2564,-9.5247,5.1939,8.6537,2.5264,5.8044,8.1902,3.519,-7.7736
5.8566,3.8542,2.6325,7.0862,-5.6007,-6.3294,0.8719,-1.6756,4.9884,-6.3153,8.2918,5.9836,5.4446,-1.4373,8.2307,9.3481,6.6096,6.8524,-5.6575,5.0649,4.4549,7.1422,-0.8286,8.1596,-3.8105,-4.0092,-7.2498,5.5435,-0.0842,-0.1421,8.5871,7.2936,8.049,3.1319,8.0972,8.2511,-4.9368,-7.2021,4.2418,-9.8813,5.1599,7.731,-2.7777,-6.9391,2.7609,-4.3469,-5.5965,7.3014,6.9776,1.9474,3.1385,-1.327,1.4886,2.0442,-5.8763,3.3483,-0.9144,-9.2173,8.4117,4.0352,0.6631,7.5968,-0.601,7.2827,-5.4852,-5.2735,6.977,-4.635,9.6415,-5.4744,1.7712,-6.9691,1.9933,0.9519,3.2053,-6.8728,2.4385,-1.6999,4.8248,-1.7161,9.9243,7.9085,-4.5678,-4.2784,-0.7204,2.7926,2.7476,-4.4675,-4.6517,0.3451,-9.4363,7.1712,5.9094,6.6176,-7.4904,9.3602,-3.3218,-6.064,-4.1065,-7.7084,9.1179,-2.8506,3.3235,8.5277,-4.4436,8.1967,7.7238,8.0551,-2.0571,1.2051,4.2811,8.0559,7.2415,-0.1792,5.8366,5.5399,-4.5212,1.9548,2.878,8.5293,6.0331,2.0451,1.0418,5.1952,9.6253,-7.0147,0.552,4.1119,-6.3562,-0.8508,4.8091,-9.006,7.0412,8.5139,3.7943,-4.6036,7.7071,-5.6731,1.6721,-4.8049,-5.8848,9.1305,2.8559,6.0073,-6.8713,-8.7914,-1.8551,-7.2919,9.9738,-0.9014,-1.0313,-8.188,7.6579,-9.2692,-2.251,7.0152,-4.6628,4.1658,-8.0929,0.5755,-6.8453,-4.5488,2.169,-8.2191,2.3966,-6.0802,7.9453,4.5467,-1.7427,4.9435,-8.4925,-9.7716,-3.3807,-8.67,-6.3274,0.705,-2.5845,9.7469,0.3326,-1.6806,7.8217,4.3003,-5.6166,-3.0104,9.6406,-9.5812,-4.0825,7.935,-1.8149,-0.03,9.0826,-8.6156,7.6415,3.9041,0.828,-2.9719,6.6147,4.5699,-0.7788,0.1902
3.6276,-9.8093,6.6188,4.5824,-9.2438,7.1034,-2.2319,-3.109,4.2549,-2.1788,5.4119,1.7133,-9.2455,-0.5587,4.1115,-6.8622,-1.7994,0.7853,4.1979,-1.5906,1.4901,8.8619,4.3858,-2.96,5.7517,4.8247,-2.5152,-0.1362,-6.1009,-4.1795,-5.8671,4.0955,-2.5625,-0.0758,2.4835,1.8015,9.2844,-9.0221,9.6835,2.9552,-7.7552,5.3362,8.6577,6.7407,-2.7448,-8.8806,-3.8857,-6.8363,0.4395,-6.0537,7.1603,4.2173,-6.4483,-5.83,6.4966,-6.2821,-3.7043,-2.0179,-9.3949,2.9519,-3.8918,2.6549,5.7413,8.1463,4.2952,3.4847,-2.6803,-7.0104,9.4528,-7.4267,-7.4894,1.6191,-4.0917,8.1324,-2.4515,-1.1186,-8.9264,-5.4669,6.3159,-1.9359,-0.9417,-5.8059,8.098,2.7189,3.9274,-0.8607,0.4552,-4.5445,8.8285,-3.2599,-0.9043,-1.431,8.4343,1.0328,-9.6611,-3.546,-7.5738,-0.4387,2.9672,1.5009,1.5879,-9.1568,-5.597,-3.3139,-9.8412,4.4733,8.4721,-6.3538,0.9126,-5.0172,-0.7114,0.244,-0.9004,-7.061,-1.4919,0.1588,-8.361,-1.748,-5.0028,-6.5224,2.9891,6.0888,-1.5941,6.3872,-4.159,-4.2706,-8.8006,9.4357,7.298,7.3849,3.0228,-9.6265,8.6362,5.0747,-4.5375,-0.1083,-4.1851,-2.1739,-5.8385,9.9613,-7.6298,-5.2735,7.3178,8.5027,-8.3482,-6.3521,-8.5748,8.0956,-8.1487,9.0119,7.1233,0.7928,-3.1944,3.9025,3.8785,8.1087,-2.5597,-0.6791,-6.0524,7.3544,-1.218,3.9452,0.6144,-8.5188,5.9824,-5.8417,2.9957,-3.7875,1.5794,8.6151,-6.2309,1.7848,-9.0937,-8.143,0.7965,8.4107,-7.0857,-6.5941,5.8555,8.2802,2.1531,3.08,-5.0203,-6.6869,8.5595,-2.1391,8.3661,5.7315,2.5042,5.3317,9.6225,-3.3994,6.4502,-5.4991,-6.4673,-8.5213,-9.2209,9.7791,-5.4649,-9.4698
7.8275,4.9808,-5.6374,8.4882,1.9596,-2.1023,-4.9871,9.8431,-1.1654,5.4223,-1.0985,-1.3628,9.6027,-0.3542,-5.122,-4.6086,-1.6559,-5.4567,0.5394,3.9675,-5.4304,3.3191,7.5937,5.3576,1.0341,-3.0174,1.8893,-1.5515,9.4835,5.9978,-7.0741,-9.7494,-1.0633,-4.6398,0.6411,-1.7487,-0.5502,5.0964,1.5336,-4.787,-3.0746,8.8881,8.4816,-7.7235,-8.9881,6.8377,0.0685,5.7141,3.1294,7.0091,6.7034,4.1146,3.3578,-9.0692,1.6011,-4.405,-7.7529,-9.3107,-9.6718,2.3147,-8.0126,5.4749,-0.3674,-7.1875,-2.9888,2.0253,6.0314,2.4637,7.3004,1.3745,0.9748,1.4605,-3.268,8.0254,-2.8508,-2.569,8.7825,1.2271,-0.7231,-6.101,2.3189,9.8483,9.6627,3.1796,7.3274,3.8121,2.463,0.6845,-6.297,-2.433,9.3287,4.874,-4.6179,-9.942,-8.3011,0.8549,4.2134,5.8433,-7.4539,8.2681,6.0741,-0.8379,8.9942,1.4149,-0.5861,-0.6995,1.2748,-9.6646,-3.299,3.7127,1.0332,-2.2693,-8.803,3.3449,7.6771,-9.065,1.9526,9.4588,-6.8445,-6.9644,5.6187,-2.329,9.9461,4.1825,8.9726,5.7038,4.3218,3.8002,-6.1711,-5.9791,-9.6671,4.8593,7.1519,-4.9058,-5.6841,-8.8865,-1.8078,-0.798,7.6354,-8.4945,-2.4836,8.475,-2.319,-4.6088,-9.6955,9.7676,-6.2,3.5366,-0.2335,-3.5542,7.7146,0.3976,-4.2444,-0.0933,-6.6303,6.3055,-2.9463,-8.1621,6.1992,5.9809,-9.3953,-4.446,1.9155,7.3079,-2.6838,6.5219,7.7614,-5.1597,-8.6832,8.7931,-9.6649,1.6041,-9.5563,8.5893,-7.4114,-8.8781,-1.1855,-0.7281,5.8458,-0.9948,-6.9573,-3.8296,9.3823,-6.4813,6.6403,-3.8429,-3.4531,2.0905,8.3407,-0.2146,0.1389,-4.8985,0.5172,-8.2738,3.1142,-1.5679,-8.0197,-8.6593,1.3811,5.7551
-3.7619,6.8542,0.9724,-0.9171,9.1443,9.6047,0.6383,1.9418,-6.943,-2.4875,-2.8095,-0.4899,9.4076,1.3463,-4.6717,3.4446,-5.1347,-7.7685,-9.8895,-8.9925,-6.4246,-2.6918,6.0346,-6.2364,-3.5913,6.8653,8.298,4.2391,-6.4264,-9.9345,5.7504,9.1851,-1.913,-8.8637,7.4413,-3.9539,2.005,-1.9613,-3.8099,-6.7377,5.7507,6.3939,3.6691,-6.1774,-2.7605,4.7605,6.9736,-5.423,-1.4553,3.3839,-3.5841,8.5163,9.6957,0.6714,-4.3774,3.2683,1.7034,2.1386,8.5252,6.9201,-9.8499,3.3335,1.3035,-6.3974,6.6532,9.1712,-7.0661,-4.5098,8.3748,5.7435,1.3819,-0.9658,-4.0377,2.1039,-3.7006,-8.8549,5.4227,5.9997,-8.8725,4.6432,-3.5483,-7.2654,-3.2292,-6.3528,-1.3267,5.5377,-7.0938,-8.2275,9.9468,-2.7924,-0.4612,-5.4575,9.6748,-6.0346,-1.8102,-8.3971,-1.1052,-9.2851,7.6891,-9.5398,5.7007,-3.7201,-4.6302,8.8169,-1.6286,-0.192,8.3659,-1.791,8.5991,9.566,7.0781,-1.8949,0.6512,4.5618,4.7083,7.289,-9.5743,4.5925,2.2616,3.8815,1.5537,9.2146,7.431,5.8712,6.3637,1.4681,0.9513,8.3102,9.0886,6.542,-3.4081,2.7116,5.6423,0.5789,-2.6334,-3.3199,-5.012,-7.4669,4.9024,-9.1911,-3.5316,-0.7271,-8.857,-0.9816,-8.1916,9.4053,6.2888,-4.4549,1.5729,-9.6712,-7.2305,1.5636,-9.8794,6.2102,5.6072,-3.8214,6.6353,-3.0642,-4.735,9.0563,1.4384,4.6406,-0.0949,8.0371,1.4061,1.703,6.7694,-4.3179,4.2812,1.4887,-5.4084,-4.9845,-8.0111,-8.3536,2.1015,-9.7247,-3.3365,-6.5943,-9.7186,7.6154,-7.1478,-3.1936,-4.4839,2.402,-5.3342,3.4647,-6.764,0.9026,-6.8172,8.0905,4.6083,-7.2144,-6.4078,-3.1845,-9.9196,1.0881,-2.8811,-0.1321,7.9128,-3.5254
-9.2179,-7.4366,8.5472,4.4399,5.7726,-0.5617,-1.4559,-6.0831,-1.6737,0.884,5.7321,-3.8116,1.2494,-5.6297,-2.3265,-7.4118,-0.2965,-2.5219,3.3181,6.3565,-2.6675,-0.9366,-6.3724,8.7866,4.0934,9.5559,-3.4819,-0.596,8.646,-2.9486,-2.3016,8.8072,-4.7502,-9.972,2.5799,-0.9667,4.9436,0.3054,-9.4734,2.8138,-3.6455,9.4499,-5.38,9.0518,-5.3599,6.2437,5.9118,1.1374,-5.4122,-6.0904,1.4138,-2.123,-9.1223,5.5033,-9.9646,3.8814,-5.5297,-0.63,1.3834,3.5589,-2.9838,4.6038,-9.5365,-1.5309,-1.8073,-9.4468,-3.4103,7.5521,7.9742,-3.5411,-2.5644,-8.8241,-1.1686,-8.6143,4.245,8.4776,5.9909,-0.5248,-0.2764,-3.5029,6.3442,4.088,7.6343,8.9174,-1.4708,3.6522,-3.4768,5.0087,-6.2498,-1.4692,5.7249,-6.3336,6.561,-9.6326,0.5177,5.1006,-1.0329,-4.647,-9.9626,0.8377,-4.9011,-9.9768,5.7698,2.4918,5.5515,-1.8825,-3.1736,6.1385,-2.2866,-9.4418,-8.3715,-9.8043,9.5292,7.088,6.8297,-4.9071,-4.2666,-2.7858,9.2746,-4.7517,1.7432,-1.1059,9.1504,-6.7959,-3.9219,-8.1854,-6.9984,-7.0769,9.739,5.1985,2.1252,8.7889,4.6933,6.6575,-2.4385,6.7152,-3.0919,3.672,3.8071,-3.0081,2.3826,-3.6718,-5.7786,4.8008,-9.8849,-4.3441,1.6338,3.7529,-6.0559,0.8164,5.7301,-2.8606,-3.6423,-5.2546,-3.4066,7.5005,-4.4738,-3.9108,2.9919,5.5796,7.5095,1.3097,-8.8263,0.9463,-3.9113,-2.2074,6.3337,-3.3938,4.9668,7.2112,6.0848,3.5713,7.991,2.9194,0.4764,-3.3947,-9.3387,9.1155,4.0981,3.2669,-9.2264,-2.0639,5.0909,1.6682,-4.1821,4.7059,-3.3449,-3.0801,-4.6472,4.8711,9.1367,4.2449,6.6299,-5.8693,4.2694,3.7838,-5.8937,3.5081,4.5577,1.5494
-0.5811,4.1366,-1.4745,2.5705,1.3233,-8.9552,-4.5185,0.9026,-2.3515,0.9834,0.3168,9.3632,-3.7072,-6.7021,6.804,-8.832,4.7266,-2.4729,-8.1823,-2.1571,-3.5434,1.5403,8.9508,3.9525,4.8339,8.6638,1.0592,9.9236,0.5663,5.9776,2.1195,-1.3993,-2.2477,7.0325,-3.0734,-8.1229,-7.0235,-7.422,9.2503,-0.5654,-4.0943,7.8608,-1.8865,-9.7311,3.7781,-3.4716,3.351,8.0209,0.0612,-8.4869,-7.3897,-7.3074,-3.6675,-4.3428,-2.7637,7.9123,9.8663,-5.2685,-0.9276,1.6544,-1.2676,5.6089,4.81,1.9462,-7.0139,-5.471,-8.1301,-8.5382,-9.8914,7.3458,-3.1948,-7.7654,5.723,9.7963,-1.5574,-9.9639,8.3457,7.0932,5.5075,-3.8477,2.2092,5.803,4.5789,0.4792,8.0372,8.6209,-4.3211,6.9546,-2.7204,-9.077,9.8172,-4.3211,2.3764,8.1837,6.37,2.9843,-9.3865,3.6053,5.9715,4.9158,5.0661,-0.1765,5.1287,5.1929,-0.7189,3.7597,9.7463,-1.9657,3.2599,-5.6855,2.3813,-1.2276,6.066,-0.3046,0.4631,-9.9189,1.1011,0.6556,-1.7079,-4.2619,-2.6527,-5.9219,-9.1485,5.5207,9.4954,4.2225,8.8782,-8.7242,-6.1766,-5.0685,5.3119,2.2146,3.576,-1.398,-2.9365,-9.039,7.1613,1.2999,9.9094,7.7074,8.2177,7.2397,0.0112,-8.808,-3.9709,5.0424,-0.2214,9.5213,3.7438,-9.9925,3.5809,-5.8488,-8.8513,-6.6416,4.9933,-5.3375,-3.0594,-8.786,1.2305,9.3962,3.2908,3.4397,-5.38,-1.8464,2.2253,-3.7608,3.1543,1.1328,-2.9548,1.4438,1.7258,5.46,9.6902,9.4843,-1.4165,-9.9166,-0.8611,9.9166,1.3917,-9.054,6.7196,-4.5378,-5.7865,7.0215,9.5269,-7.0761,2.5496,2.4462,8.688,-3.6315,-3.8375,-0.0546,9.6666,2.7889,-0.0412,-3.6104,3.2981,4.4692,-3.9376,-7.554
8.0001,0.0163,1.8341,6.7749,8.4178,-8.5441,-0.9897,2.0805,6.5307,2.0464,-8.8257,4.2575,-9.7193,1.7898,-9.84,0.9751,-6.0505,-6.644,1.5167,1.6776,5.8323,0.9357,-6.4186,-6.2707,-8.7964,-1.4067,7.7739,-4.8485,5.5196,5.2811,3.1894,0.2567,-7.9676,6.978,2.1574,-8.2173,2.5305,-7.5412,-3.4432,-3.3705,2.3001,0.0538,-4.3013,3.1171,5.9874,2.0203,-6.2313,-9.695,-1.6756,-8.8525,6.5377,2.4357,3.2522,9.3357,-7.3121,-9.289,-9.5532,-3.7679,-6.3298,2.8578,7.1272,-7.4838,9.2809,5.0948,7.5256,-6.4225,-7.0796,5.9371,-4.2038,3.8958,-6.7691,-9.5505,-0.4052,-4.0115,-0.1367,-9.6997,5.174,-3.7161,0.9143,1.1772,-3.2358,-1.0689,-9.3305,-6.2748,2.0731,2.5631,6.0977,-6.2659,2.4044,2.5748,5.7058,-3.8121,1.8818,-7.6077,6.9415,8.4831,-2.4824,-7.939,-4.7358,7.2093,-5.3788,-3.1347,-7.6385,-8.7259,-4.1615,6.6394,-4.2261,-1.4791,6.2212,2.9645,-2.6315,-9.256,-8.0599,-5.0547,-5.1775,-8.522,3.4291,-6.0906,-0.9452,4.6867,-8.2958,3.3312,0.4658,-8.1384,4.1778,-7.8799,-4.8514,-9.5696,7.2471,-3.4999,1.1797,-4.5907,-8.0707,4.8048,-0.1122,1.407,7.0383,3.4887,-5.2868,-1.5994,0.3774,-2.6078,0.1932,7.7646,2.9416,3.459,8.5541,6.1945,1.0977,4.7507,9.6607,-0.9263,-7.204,0.8157,1.2697,4.5441,-7.0852,-5.4581,1.8067,-3.7601,-4.6016,9.4211,-6.9052,-2.7795,-6.6374,1.2549,-1.1917,-0.6586,-8.0484,0.8392,3.9714,2.9652,-8.2388,6.8807,-5.3457,-4.6782,-1.5126,7.4775,1.0233,1.2997,3.0889,-4.2061,5.5693,-9.4423,-0.5966,0.1487,-3.6487,-6.1815,5.8244,-5.515,-9.4335,-6.4117,5.6002,-8.9307,4.6369,-2.5877,-1.0853,-4.4734,3.0402,-2.1804
6.4763,2.7066,8.9766,2.9909,-1.1545,3.4609,7.3975,4.8575,-1.2596,-7.988,-7.072,-7.2111,-7.6242,-4.388,3.8306,0.3096,1.9918,7.0814,5.5723,-9.989,-1.931,4.3643,-5.739,-0.0324,-6.9064,-5.2519,-1.8935,0.0885,-5.6407,-5.888,-7.2912,1.8727,6.3983,0.2698,2.0059,-4.7269,6.1447,2.0264,3.7637,-3.3849,-8.5323,4.5644,0.3352,-3.6773,-0.5048,3.825,5.5406,6.2299,-1.212,7.589,7.1422,-4.1021,9.5268,-3.8652,-6.7014,-4.6477,6.3847,-2.7421,-8.6249,-9.9568,3.2102,-9.5271,2.5802,-6.5547,-1.4935,-9.6983,6.3675,5.6545,1.8245,-3.8591,-1.7584,-1.9308,-8.1672,4.4256,-1.918,6.4806,-4.2692,7.5006,-9.6462,-6.9219,5.2463,1.04,-1.268,-2.0619,5.9246,-5.5778,-0.1495,4.029,-0.4464,9.596,-7.6379,5.9748,-0.3595,5.6513,-7.1378,-2.6257,0.4269,3.5191,5.2223,-4.0651,4.0822,-5.0309,-7.3549,4.9123,-8.2546,4.942,0.3397,7.6178,-8.474,-3.7497,8.8842,8.0315,0.5716,1.1558,-3.3882,-5.556,-4.5415,3.913,-3.0693,4.0192,5.6428,4.6959,3.9483,-5.8247,-1.3963,-0.895,3.2635,-0.6972,7.2593,-6.7285,-8.9402,-0.8931,9.6298,-8.4965,-1.0508,1.409,7.557,4.3375,-4.4657,4.0432,7.9061,-5.9285,-0.0809,9.6684,1.8862,2.5464,7.1615,0.1423,-7.3669,-9.6163,0.9826,-9.2101,-2.672,0.9831,-3.4278,7.3125,-8.6375,2.1891,8.6746,-7.4495,-4.5311,2.2273,-4.5483,-8.4242,1.7464,7.6226,-1.4665,-1.9644,0.5094,-3.2053,2.1337,-0.1825,-1.4248,3.6022,2.9738,-0.0151,-6.3398,3.9143,-4.4575,-3.1892,-0.3855,-8.518,-2.0617,-9.2552,9.9749,-5.8451,-7.0187,-8.6544,-7.2412,-2.9679,0.8598,-3.661,9.1704,-8.0271,-0.8939,5.1247,1.7177,5.1334,-8.8169,-5.1692
-6.3866,1.0182,0.3322,6.0365,6.0683,3.5404,9.5683,-2.9921,-8.3355,-6.148,2.9112,-9.8023,-8.3334,-9.1966,-1.6779,3.7647,-4.4484,5.8796,2.1484,-3.3832,2.9708,1.9841,-3.0842,6.0206,7.7384,-9.5414,-3.613,-6.3008,1.9206,-2.0092,-8.2799,-8.887,-3.5398,-0.3913,8.7643,-8.5385,8.0418,3.5395,-0.5948,6.1089,-6.7525,-1.7502,-1.2632,-1.5085,3.8935,-5.3248,9.6695,-3.3699,-4.0172,-0.4406,6.8038,-8.4186,5.337,-3.862,0.0157,-5.3209,-2.2066,-5.0906,7.5641,2.6353,-6.6041,7.9494,6.043,3.8754,-2.3286,5.0462,-0.6097,9.5068,-6.7071,-5.9795,3.1486,1.8448,0.5359,0.1561,5.7444,1.2251,2.8544,-2.3387,-1.5797,-7.9368,-1.6639,-7.1795,8.1799,7.7837,-4.5063,-8.2501,-3.6322,2.3567,3.214,-8.2386,2.4281,6.307,2.6462,-5.1602,-2.2891,1.491,7.6855,-3.1782,7.8557,-5.8967,-0.2005,-8.6526,7.1041,0.2172,-9.4096,3.026,1.8296,-5.2205,-8.5967,1.5777,8.2064,-2.3046,0.2638,3.9449,-8.123,-1.6565,4.7986,-9.9968,8.8333,-5.9279,6.9356,-2.6393,9.529,-3.8056,-3.9945,-2.7516,1.6332,-1.7735,7.1886,-2.037,-3.2966,-5.2565,-4.9677,1.5222,5.39,8.3463,5.9107,-5.1821,3.5906,-4.4472,3.4,-4.4436,-2.0049,-6.7857,-7.1269,-7.4579,2.4455,8.618,-8.8669,1.2013,9.1884,3.1168,6.304,2.2978,6.235,-0.5873,5.0252,2.4092,-3.5002,-6.4339,-5.0073,-4.3034,1.2981,5.2076,-5.2254,-6.3534,3.1789,8.9821,6.7662,2.9285,-5.0904,3.057,-3.539,3.7084,-1.9895,-3.0755,3.0519,2.8467,9.534,-5.3899,1.6424,7.5754,-6.4058,-6.311,3.7939,3.1076,-2.2665,-9.8694,-1.5131,-6.7376,8.7924,-2.8111,3.6432,-6.1408,-1.2943,-8.8461,8.0996,8.5118,-4.7495,7.6577
0.7837,-8.9151,1.5901,6.3523,-0.5933,0.6089,-2.7772,-7.9171,-5.6628,4.8302,-7.2378,1.9398,-3.9582,-1.36,0.5006,0.2385,-2.9915,-3.2283,4.4137,-3.5077,-6.7131,5.0722,5.668,-4.1215,6.3181,2.2367,7.5612,5.5314,-1.3172,-6.3659,-9.111,-2.8583,9.4501,1.9819,-7.6456,1.0053,2.0768,3.1891,-1.378,-6.6422,5.2579,8.1952,-8.2428,0.1977,3.6944,-9.5414,2.4373,1.7711,7.9892,-7.6791,-8.1983,1.2616,9.1283,1.9769,-3.7199,-9.0956,3.3877,5.5191,-4.0559,-6.6025,0.1865,-6.4306,4.7602,7.5033,-4.7289,2.5246,8.1781,-0.2563,8.2409,6.5429,-2.9693,-9.8588,-2.9107,-5.2815,6.3862,8.3823,6.2031,3.0874,-4.4761,2.9486,-8.6099,9.6568,9.5195,-5.5779,8.304,7.5213,0.2908,-1.3917,5.1933,5.1749,-4.7787,4.2745,9.8799,9.1278,-8.2368,-1.6444,-2.2976,5.6159,7.4163,-0.5136,9.465,7.5841,0.28,-1.6339,4.6542,1.7063,4.2224,3.0013,-8.7193,5.2278,-2.0356,4.4362,4.6297,-4.8886,9.4184,-4.2764,9.7124,-3.0796,5.8887,0.3447,-2.9215,6.905,-1.4417,0.5863,7.9666,-9.3103,3.9586,-7.3773,5.1545,-4.836,7.1224,-0.9632,6.6356,-4.5859,-3.6258,-1.0948,1.6639,5.2447,3.2384,-9.6402,6.4488,-8.9853,-0.3736,-7.104,9.9354,8.3441,7.9779,-3.9306,-8.6202,-4.5466,0.5246,0.2151,5.8023,3.1623,-9.5225,-3.5166,0.0245,-8.6923,-4.1237,-3.9555,3.3493,6.6357,6.1061,-9.9235,1.047,-4.0832,-8.238,-0.8748,7.8163,-6.1689,5.0257,0.5386,-7.7509,1.6646,-3.0014,-9.4617,8.0256,5.8925,4.9362,-2.5226,-3.2696,2.0162,1.1589,-7.9551,7.3247,-3.5828,-8.1687,7.1049,-6.687,7.6989,-1.8628,5.7127,4.9719,4.1099,-8.762,-8.5791,-5.202,5.094,7.6583,0.8954
9.1225,-7.3132,-8.0616,5.7203,4.5551,5.9309,3.6349,-5.7628,0.4189,1.2029,-8.452,-0.4627,7.3054,6.1538,6.7963,7.2507,-2.4131,9.0778,-3.1028,2.2257,-9.2223,6.2296,3.996,7.4509,-2.7623,0.9728,9.9224,4.2102,7.5912,-8.2351,8.4014,-6.1986,-1.2809,7.8678,-9.8206,8.2474,7.3209,-6.615,5.8583,-9.6545,9.2302,-4.0821,-3.5802,5.0088,8.9529,-6.2444,9.5173,6.7833,1.0668,-9.2225,6.5539,4.3407,7.5228,-9.955,7.3112,-2.153,8.7132,9.2278,-0.1362,4.8795,-6.1999,6.6621,-8.9883,0.444,7.0523,-8.9793,-3.012,3.9149,-5.333,9.2154,5.286,0.5193,0.4521,-9.8976,2.146,-0.3985,7.4578,6.909,4.5395,-9.0415,-8.8069,1.9039,-4.9506,-9.1197,-3.4448,-6.0183,-0.0642,3.1204,-2.5896,9.9755,8.0879,-8.7439,3.3531,6.6156,-8.8959,-5.3717,1.5931,-6.5889,4.9077,-4.9006,9.5571,-5.2118,-3.4348,2.9151,-7.3989,0.4235,6.4769,9.5502,-7.9181,0.7929,-9.9641,6.8093,8.5945,4.1876,-0.8129,-4.8597,-5.7653,-1.2462,-5.3958,8.7396,6.496,-5.6782,6.7034,-3.57,-1.7654,-3.8897,3.4056,-0.3276,8.9002,-6.8632,2.3777,-7.3826,-9.8486,6.9256,3.4322,-0.1957,-5.3034,-0.8597,2.4011,-1.9858,5.1617,-9.3986,6.0144,2.0591,4.1267,0.6052,5.7444,-1.7639,9.3679,3.1531,-5.1741,0.7167,0.4766,-5.4532,-2.7286,0.8581,7.8477,-1.8924,-7.9318,-2.9272,7.574,7.6945,7.2737,5.1928,-4.1481,9.4357,2.3013,-1.1325,9.2661,-2.3984,5.2342,-1.624,8.7943,6.3164,-6.4376,6.7623,-1.9779,-5.8426,-6.6033,-2.5848,1.3986,-5.8759,2.7565,-3.886,-2.5947,-8.9672,4.4978,-8.1088,-3.8239,8.7727,-9.4821,-3.4206,-6.1971,8.771,-0.7424,4.6296,-5.6361,8.9095,1.7359,8.8495
6.7081,-7.5729,4.3803,-5.8183,-4.1301,5.3946,-1.7713,6.8451,-0.9915,1.0452,-4.098,-1.8188,1.0988,5.6285,-2.3819,2.7741,2.0757,3.1082,4.1336,-5.8521,-1.8064,3.5426,5.5196,-8.1066,-0.3102,-2.9126,8.6219,6.4658,-3.9616,6.4883,-6.6613,5.4488,1.3814,-0.9236,-3.6373,-6.7155,-5.9195,6.3296,-0.0762,2.5445,7.3049,-1.0166,-8.165,9.517,6.0943,-3.9411,-1.2395,-3.993,-1.7592,3.3001,3.7673,3.9334,-7.2759,-5.4379,-2.2168,-9.2597,-1.2071,-9.3682,2.5518,-2.2606,8.7617,-2.5638,-8.6215,4.895,-9.2437,-9.7485,-0.6464,-4.6615,-9.8449,-7.8684,-5.9989,-4.8942,5.6905,-6.1086,-8.1486,1.3155,-7.3416,-2.7345,-6.5688,7.7891,-9.7616,7.5352,1.4856,-0.3033,0.916,-7.3659,-9.1979,-7.354,4.9885,-7.415,9.9557,-6.0824,9.8961,-4.7071,-5.4647,8.4816,6.0091,4.0459,-0.5905,-2.2893,-8.8723,2.1704,0.5628,8.3213,-7.3491,-8.1354,3.7499,2.0821,-8.2407,-2.4009,-1.4326,7.9876,-7.2862,-5.909,0.3669,-0.9194,-5.2487,-0.4687,9.7788,-8.2293,-8.6873,-9.6744,-1.2023,2.0629,9.6893,-5.6185,8.8798,1.8005,-7.5689,2.7949,0.976,0.4215,-0.3857,3.9905,-5.2296,-0.4384,-2.4209,5.8035,-5.8542,6.0821,2.093,-4.8323,8.292,-1.2023,-7.6598,-6.1421,2.3689,-0.2489,-3.6563,4.9315,-3.7309,-3.5849,4.583,6.2816,3.0178,2.0086,-4.022,-9.544,0.7938,-9.9319,3.3281,4.6166,2.9601,0.3991,6.8987,-3.3925,0.4203,-7.2734,-7.8757,4.9602,7.7881,-1.6558,-5.8021,-8.1303,-8.9584,-6.6543,3.8027,6.3046,3.3384,-0.5857,9.9081,9.4495,8.1143,3.3665,-8.5147,-2.6592,8.8917,2.8168,-6.7805,6.3945,-4.7442,-0.9485,-8.9986,3.4097,-5.429,-0.5064,2.1904,4.5961,2.0403,8.611
2.0767,-6.6981,-6.3821,8.3099,-4.8521,-3.615,6.1712,-0.0085,7.5382,-4.3337,-7.7537,4.3177,8.2256,1.4535,3.8719,6.0619,-8.2349,-1.1763,7.2867,-9.4851,-3.2564,-0.0361,9.6648,7.1102,7.2524,8.3411,-7.571,6.89,4.7431,6.2998,-4.053,-0.6503,-8.2424,-5.2239,-4.8831,-6.9601,6.3115,3.5494,-8.9093,1.4301,-4.5119,-1.727,1.1879,-7.8901,-8.1193,1.1705,-6.9847,-8.6534,3.782,-6.8792,-1.7295,3.8689,3.586,2.8269,5.0908,5.2186,-8.1894,2.6104,9.3119,-9.4684,0.2522,9.8812,5.7569,-7.1212,6.8053,-2.2495,-3.2845,-8.8503,-2.6319,-6.9144,-0.3817,-2.1349,4.9824,-5.5481,-4.0707,-8.3305,6.1089,-1.9645,-2.6653,2.533,1.6981,7.95,7.8124,2.6207,4.4758,-8.1747,-2.9618,2.0501,3.1072,9.0297,1.8697,-6.5745,8.7333,-4.434,5.7659,-6.7539,8.5922,1.4934,-6.5438,-9.9188,-7.517,5.5435,9.8019,-6.7293,-5.4647,8.3759,-7.4881,7.2891,-3.7522,-4.7709,-2.4346,-1.3121,8.7754,5.0057,-9.4883,0.116,5.4529,-5.1551,-4.8063,3.0508,0.074,-7.4936,-0.8116,-6.0121,8.4887,7.1157,0.5802,7.2233,-8.2338,-6.6407,-4.7917,-2.388,-0.1647,1.9849,-0.7317,-1.8034,2.9823,6.338,8.7253,-0.7706,-2.5943,-6.0886,3.6431,1.2642,-9.611,-7.2123,-9.0639,2.384,-1.1988,5.1404,6.9114,2.3957,-5.3928,2.5531,-7.965,-8.1917,4.7057,7.2523,-6.0946,-7.5009,4.9547,1.5236,9.7003,-1.6152,-5.8799,0.247,-7.818,-3.4243,5.9185,6.537,-8.0066,4.1606,4.8524,-8.8422,-3.2994,-2.0906,5.5031,7.0437,-8.8958,-9.4774,-6.4303,-0.0904,-3.5029,3.1604,-7.6938,-1.8624,-8.3825,-7.8617,4.0767,-2.275,5.4715,1.782,2.1358,5.8761,9.004,3.0288,-8.7276,9.8473,0.5526,9.6676
-8.2374,-5.3613,-8.2879,-2.9902,-5.3196,7.0176,1.7567,-5.5983,-4.2205,0.1268,0.935,-8.2144,1.9946,2.3688,-4.8339,-1.5871,9.4888,-1.4095,3.7871,-3.5986,7.898,-1.3891,8.2947,-8.4646,-2.3075,0.6817,-6.9696,-8.9724,-9.7276,1.75,0.458,-1.6122,-5.8125,6.5753,1.5754,6.8147,3.4884,3.5196,6.7018,3.2867,-6.0811,-7.3589,1.8575,3.2817,-4.4536,-1.4377,3.3113,-9.5618,5.4857,6.6977,4.9305,5.1029,-2.8808,1.9343,2.7213,4.7559,2.094,6.3802,4.9359,-2.4239,5.4028,5.8443,1.6638,4.7376,0.0839,6.7305,-3.8998,5.8591,8.9664,0.9773,-8.4321,-6.9202,8.3785,8.035,-5.2572,-1.5999,-7.1621,-6.6831,8.6654,-4.0184,1.1454,3.8357,7.2666,8.1471,8.0004,1.8242,8.6406,2.4541,3.9301,5.8562,-7.2242,3.0022,5.6055,7.1504,-1.6917,6.5326,9.6706,-6.313,9.5947,9.3255,-3.9484,6.4977,8.9646,3.8304,-6.6486,-2.8007,-1.3782,-1.1058,-9.6808,-1.8384,8.4675,-2.2374,5.5569,-0.4555,-4.3922,1.8607,-1.7567,-0.0589,5.1167,3.8762,-8.1081,-9.1733,-3.8663,8.8275,-9.7531,-9.9962,-8.2841,-3.5138,-9.4377,-0.0311,7.868,-2.2492,-4.3286,0.2877,6.0278,3.4584,2.091,-9.5474,-5.9525,4.0452,-9.5561,-7.8205,-9.6067,1.4461,-3.5892,-6.316,9.3079,6.2165,-6.9652,6.602,-9.3946,-4.7445,4.6798,-0.6434,4.8256,8.8729,3.9455,-3.8341,-2.2949,4.1137,-9.4714,-0.7292,9.6776,-1.4563,-2.9397,9.4572,-2.0311,-2.3976,8.2325,-4.0517,-5.6275,-6.4065,-5.7553,-7.9579,5.4957,3.8392,-6.0071,-9.2997,-7.4352,4.0797,7.2968,-4.5217,-5.2458,-3.441,0.7745,0.3019,8.6521,-7.705,5.4394,-8.0751,4.6703,2.3112,8.1368,-3.673,-6.8629,6.9897,-3.5824,8.3278,-9.5193,-6.1452
-6.4812,-6.8137,-6.2754,-5.155,3.8592,-0.7086,0.8106,4.7526,-3.622,-1.4313,1.1522,3.0952,2.9238,-2.7507,-6.4198,7.7322,-0.2497,6.1927,8.9417,-1.1927,0.7039,2.6478,3.696,7.1967,7.6833,7.6003,2.0738,-0.3271,-6.9851,-4.2732,7.3893,7.1761,-0.5698,3.4205,-6.6592,6.505,-3.0047,-5.298,-7.5135,8.9994,-4.0128,-4.0229,-2.7359,-1.0096,-7.1393,8.6845,-7.4127,2.3721,-3.6197,-5.6062,-9.7647,2.8769,-8.5508,-2.5946,-9.5838,5.2701,-1.0373,-0.1145,3.2325,9.4421,-9.5396,1.6378,-3.9276,-6.0575,9.5085,-6.5763,8.5677,-3.0876,3.3068,7.8963,9.7663,-1.7138,-6.5428,-1.7132,3.0108,-6.2598,-3.5618,6.1158,2.7428,-9.7339,-8.7145,6.4111,-8.5309,8.7271,9.869,-2.2272,-6.635,-2.1357,-0.7628,-7.4434,0.0638,0.3298,2.7251,-0.6957,-2.932,-2.3727,-2.689,-6.7181,-2.1734,7.8294,-6.1757,-5.8422,6.4096,1.4314,-4.244,3.1678,4.6804,-7.5188,5.8971,-0.1556,4.3203,-6.363,-7.2031,1.5905,1.8674,-1.0354,8.2786,9.4055,-3.4211,3.5338,5.1401,-9.6608,9.0744,-3.2443,-2.729,-4.907,2.7973,-6.3146,-8.1708,-6.0054,4.103,2.7221,-0.2469,0.981,-1.1395,6.6712,-9.6429,8.6835,-6.6939,-2.0738,-0.3637,-3.3409,-9.2546,-8.7959,1.7718,-2.7,1.6361,4.1267,6.9257,-9.5477,1.519,9.6283,-2.0447,-2.5678,0.6691,-6.3097,9.6141,3.0406,-7.0094,-4.7951,-9.1407,7.3911,-2.1311,-2.779,1.8924,7.6654,-5.7665,5.8287,8.5252,7.2821,6.7174,7.647,7.7852,2.4957,4.576,-6.762,-6.5557,9.3577,2.2051,-2.4226,7.4487,7.9878,-5.9672,5.4775,2.0978,5.3358,-9.5976,-4.4321,-8.6601,9.7835,-7.1491,4.2993,-6.4849,4.3351,8.0852,-9.2881,-7.8955,-9.2928,-5.9404,3.5516
-1.1961,-9.2039,8.4128,3.4072,0.8245,1.8929,-6.9608,-1.8961,-3.3136,2.443,-9.3106,6.3492,3.8376,9.0672,5.8061,-8.775,-2.6079,0.3074,-8.168,4.8145,8.7503,4.7504,9.613,2.4788,-1.384,-4.3704,-4.6366,-7.566,6.1924,2.2485,-7.7362,-6.861,1.859,-5.3512,5.0468,6.541,8.8343,-4.3741,-2.1039,-0.7675,6.8564,-5.1588,1.9452,-5.8921,-8.3674,4.7454,-5.3697,-1.4412,-7.8311,5.0263,1.5669,7.4861,-7.2919,7.2569,1.597,4.7091,5.1301,9.9787,4.4181,-2.2131,9.8139,-3.8573,2.0598,6.0453,-4.452,1.3125,-0.7937,-4.6504,0.5659,5.8048,1.1955,8.5513,6.9009,-3.8893,6.726,7.6441,-5.9515,-7.8518,-3.9913,-8.7638,-2.589,-3.0115,1.6499,-6.2586,-8.61,-0.36,8.9511,1.0418,-7.4505,5.4534,-4.4847,1.674,6.6185,-9.2607,1.0979,1.4139,1.7625,-9.984,5.5706,0.3273,1.8511,-5.1991,-8.5182,3.5905,-5.7474,3.8807,0.1519,3.8092,-4.873,-6.361,6.8173,-2.995,-2.4316,-9.8203,6.5325,-8.4342,-6.0687,-7.7687,3.7487,6.3759,-0.724,7.624,5.8372,-3.6871,-7.9685,-2.6156,-1.4599,-9.2584,-9.3103,8.091,-2.7319,4.8579,-0.8804,6.5556,-7.5598,-6.4137,-6.0478,-6.369,-8.1206,1.3288,1.0499,-9.5017,-1.8187,-0.0108,-1.9014,-8.0289,-6.9948,-4.933,1.8314,-3.2767,0.3863,-5.0418,4.742,-6.8939,-6.1208,3.7784,5.4915,0.3215,8.3367,2.8003,-1.4345,8.1129,4.3958,9.5027,-2.3312,-0.4861,-6.855,9.8877,5.4507,-5.3793,-5.861,-9.1863,4.6149,8.3819,-7.5441,3.0784,-2.3257,-0.1035,5.4525,8.1417,7.9086,-0.5131,8.2878,-3.1314,-7.4606,-5.2328,-9.259,3.8072,6.3228,-9.2441,8.4579,8.515,-9.7494,-9.0332,-5.1046,-1.4634,2.8942,-9.1261,-4.0804,-1.3683
0.5103,6.3502,-7.353,7.0219,-4.8083,0.2196,-7.059,-4.1234,-8.7287,-8.45,-3.2422,5.0348,-3.0052,-3.7464,-2.2736,0.9034,-0.1415,-3.2375,7.5475,3.5617,9.3999,-7.6715,-4.4742,-3.5295,8.0788,0.0374,-6.112,3.997,-7.1851,-2.7115,9.0392,-3.3122,8.0501,-8.8197,9.819,-3.3225,4.7992,0.1176,1.3643,-4.9896,9.984,1.213,8.4393,5.5663,-7.1999,-3.116,5.417,9.6393,0.4544,-3.1889,1.2181,0.9,-3.1298,6.8015,4.4975,5.6532,3.2435,-5.2247,2.5376,2.7508,4.4007,6.8856,-7.3205,-3.8502,5.8662,-2.7213,-3.1658,-1.4294,-3.2047,-6.2898,-9.6824,-1.5165,6.87,-0.5411,4.858,5.9026,-0.734,6.2575,-6.3276,8.8892,-3.9537,9.6853,-5.6319,-3.901,-3.1632,-4.4774,6.2028,0.5287,-4.9837,-0.8863,-8.2959,9.3647,-6.3616,-9.1958,3.4549,-1.9822,6.8003,7.8814,9.8556,4.3785,-2.71,-9.9497,-3.2638,0.4456,4.4264,-3.1859,3.1773,-7.9679,-5.0042,-1.8837,-5.9613,3.9254,4.1299,-2.4493,8.4964,8.6189,-5.7104,-5.0489,-6.4852,3.1338,8.3114,-4.6264,-3.2305,-4.3807,-3.4704,-6.4018,-7.726,-6.0937,9.1249,0.9171,7.0261,-5.0039,8.4214,6.1196,3.1396,8.2187,-4.633,8.4265,1.9538,1.4057,-4.5222,8.4084,1.4351,-0.3305,-1.9577,9.9098,1.2599,5.1453,-6.6177,2.2904,9.8898,-1.2788,1.949,0.8018,7.9574,-4.9377,4.9647,-4.6497,-8.5208,4.7793,4.8313,-1.1732,0.112,-0.745,-9.4109,-9.1089,0.1003,9.5795,1.4226,-2.5538,-8.0593,-2.0508,-1.0998,-6.2657,-5.2613,0.8082,7.0046,-2.1552,-3.693,3.827,3.6672,-9.01,2.8442,2.7247,7.1149,-0.2402,6.3027,8.7565,-0.7896,-4.2208,-2.4471,-9.3651,-2.6323,-8.1716,-0.367,-5.0449,-6.296,4.2867,-0.6083,-0.7564
5.9283,3.8289,2.5281,-6.0082,3.2844,8.342,-7.1536,-4.7311,-3.2156,-2.8203,1.1609,-4.9095,1.4407,-3.478,1.6013,2.927,2.4832,5.5195,7.6179,6.2432,5.6701,9.9744,6.7592,-8.3343,1.9016,9.8142,-6.5104,3.9547,4.3859,5.6922,-3.0891,-1.3235,-1.0981,0.2583,-9.7364,-7.2755,5.3001,-2.7753,1.702,-5.2248,3.6983,-1.6275,5.7741,8.832,-9.7384,-5.0692,-9.9119,-5.4764,3.5636,-2.5156,5.673,-1.2433,6.1268,4.4789,-7.9627,-3.5587,-1.0253,2.4367,-8.0265,-8.2193,-1.0393,-1.3467,-7.8554,-4.1458,-2.9051,2.6154,-9.3453,5.5274,1.1513,8.8227,-5.2924,3.8745,-6.7761,-1.2214,2.2641,0.545,5.8486,2.735,4.5828,3.3756,-6.3086,-0.6545,-4.4731,4.3977,9.3018,-0.8413,-4.8895,1.7052,-1.9696,-1.6467,3.109,9.7171,2.8527,5.0529,-0.5856,-6.8813,-5.3789,9.0663,1.472,0.7516,-6.848,-1.0442,-3.7687,0.6676,-2.4042,-7.3738,-9.5451,2.2415,5.7953,-2.9943,-7.4143,-6.3359,-1.1411,-1.6562,-3.9491,8.7278,-8.7028,7.79,0.5903,-6.721,-9.4784,-1.9555,5.6381,-0.5922,5.084,-8.7132,-8.6331,-2.9679,-5.3401,-7.1551,0.9284,3.0752,7.2734,-2.9402,4.7726,-4.406,8.9555,-9.3755,-1.612,0.5289,-5.6476,6.8412,9.09,-7.1476,-6.0629,6.0096,9.1345,-9.5633,-9.4392,-7.8079,4.1974,3.3506,0.8938,7.4527,-3.9051,-3.1681,-8.7377,-4.6552,2.6864,0.5358,3.3326,6.7713,8.1378,-7.8814,-6.0432,-1.5105,4.265,-2.3277,-0.8113,3.3918,4.3667,6.4323,-0.6083,1.139,-6.9909,-4.4017,-9.0559,-9.6654,-7.4495,5.1559,2.1648,-5.4991,8.5898,7.7218,8.4122,3.1231,-4.9632,7.3408,-7.944,4.7666,-2.9739,-4.7683,-2.3267,1.177,6.6963,-6.3508,5.1428,-0.5914,1.9684,-7.1894
-5.2352,-8.7145,-3.8071,-1.2111,6.3667,1.1687,4.0307,-1.7233,0.9909,-8.0675,-5.7412,-4.7805,5.4147,2.2588,-5.7114,3.4972,-7.7232,-4.7862,8.1581,1.1747,-5.7782,-2.4108,6.5448,-4.6539,-1.5791,2.227,6.4081,-8.0453,6.9809,-7.1443,8.316,6.2128,7.1889,-9.9663,-7.8488,7.1436,-3.7802,8.1059,7.1457,-9.9839,-9.5317,-4.0214,-0.0508,8.752,7.1621,-4.5638,3.8269,8.4005,9.3893,4.6649,0.1928,-9.9562,-3.8312,-6.8024,-0.8379,-6.0962,5.9197,-5.0721,9.8255,-6.8382,-3.6689,-1.7584,1.1977,-2.0615,2.8374,-1.0426,-6.1428,-2.2828,3.3943,9.1504,-3.9254,-1.9961,1.5335,-3.5043,-4.1849,-3.2043,-2.753,-6.2163,-0.215,-4.7606,-1.1052,2.141,-7.6605,-9.7004,4.7739,-4.0404,6.0121,-4.7862,-0.9006,-9.9548,3.8164,-1.5443,-2.287,-8.8952,3.4304,8.995,-5.8666,4.4263,3.1063,5.8941,-9.3622,-6.2398,9.6324,-8.4256,3.7644,1.9936,-4.8385,-8.9934,-4.8335,-6.6608,1.2747,-0.5053,8.2043,-9.4794,3.9131,9.9603,4.3443,4.8624,8.4476,6.9394,7.3822,-1.6966,0.8353,4.5916,2.6829,8.672,2.0652,-1.6969,-8.6733,4.5454,-4.0568,-3.1215,5.6153,0.6206,0.5484,7.7344,-3.1978,2.8997,-7.4058,-6.6775,9.2432,9.3514,5.3549,5.5998,-0.8167,1.302,7.5707,-3.541,-3.1764,-1.0032,1.787,-6.9084,6.7099,-4.3066,1.7885,-4.2196,7.4386,4.4246,-4.9687,-8.2253,-8.9056,1.8202,-2.6068,1.3773,0.4362,-1.375,-3.2467,8.877,3.8568,9.0852,-1.7289,-9.7817,4.0013,-3.7541,9.3378,9.6795,-2.8224,-8.8395,-0.7394,-2.9522,-0.9384,-8.0906,-4.7609,-4.7599,3.7595,-1.7335,-4.9082,8.8124,-2.5194,3.3979,8.1552,-4.1032,9.4196,2.5437,5.3313,9.6928,2.8065,-9.8622,-6.9306,0.3866
2.535,-4.4988,-5.3203,-6.2151,-3.8145,9.707,0.6012,-0.2617,9.8069,-7.7964,2.9038,-0.7748,-2.3051,-2.0969,-8.3627,-7.9147,9.8252,8.0904,0.0298,2.0683,-4.3394,6.0274,-9.1885,3.1126,2.6757,0.4197,3.9152,-5.8865,5.2146,5.1866,0.2633,-6.9935,-0.2783,8.0428,-8.7493,2.9737,-8.179,4.4925,9.2797,-9.1207,3.4123,3.3992,-0.6699,-0.0625,-3.5069,-3.3046,9.3057,3.6235,9.9313,-3.7243,-0.9911,8.6787,-5.5057,-7.6917,-4.7774,1.5494,-6.4388,-7.6419,2.8304,0.7992,-2.4499,-4.0123,5.3335,-9.3146,-0.082,-1.8143,-0.8986,-4.112,2.9742,0.2563,7.8016,5.7422,4.247,9.1088,-4.6232,7.2502,-5.547,-6.5275,5.6798,-5.4772,-3.1613,1.3722,-2.9731,2.9928,7.4084,-4.725,3.26,4.9986,-9.784,-4.5981,-8.3969,7.305,-0.445,3.5203,-2.8211,-2.1927,7.345,-6.0332,-3.0528,8.973,-6.2905,0.4224,-8.4646,-1.7258,-2.3377,-5.4651,5.1263,5.9306,-7.5961,5.1886,-3.9534,5.7488,-8.7812,-0.2001,0.5693,-6.4188,-3.4803,1.6941,-1.3244,-5.4156,-4.2214,2.1144,3.8156,3.4834,8.5963,6.0033,8.8869,-5.5392,-2.4368,6.2398,7.9535,0.645,4.8683,8.8689,2.3592,3.5857,-3.8918,9.6149,-8.0404,0.6538,3.9024,-5.5977,2.5373,-7.8813,3.1635,1.6686,4.212,9.4783,9.49,-4.5968,8.9779,3.4765,7.8108,-8.9035,-4.9286,-8.1197,-8.6173,-3.6738,-4.4028,-1.7684,2.3315,-9.1524,9.0054,-7.249,1.881,-4.7787,-4.6556,2.6579,5.8195,-7.9541,8.9492,6.5883,3.6192,-6.5719,7.2292,-0.7268,-1.8274,-6.3213,-2.1213,6.9172,0.7539,-4.1843,7.0946,-7.8413,6.7004,-9.6144,-8.6402,5.9214,5.947,-3.6273,7.4728,-4.9346,-0.5148,0.4851,-4.4253,2.579,7.4429,-2.869,-0.3551,8.1784
1.5916,-5.8474,3.9575,6.7935,0.285,9.0402,6.7934,0.5247,7.6459,-1.7224,3.3265,-2.7955,7.8686,9.1676,-4.0172,-9.5228,-7.8347,-1.9977,-9.2657,3.1745,6.2982,-7.9147,-7.7899,2.487,-2.3561,3.5258,4.8219,3.3296,3.7128,7.1338,6.5715,-3.1201,9.2277,-9.1677,-6.0091,5.2811,7.9983,1.8588,8.9758,7.0423,7.118,-1.0038,1.1027,7.239,0.6033,6.2292,8.1078,-8.2866,7.0599,1.7714,6.5541,5.4106,-4.1406,-5.5833,-7.8115,-5.7514,-4.2783,-2.3933,-5.6728,-3.7827,-6.2856,1.6455,-9.3594,0.2423,-3.1517,8.0014,-4.9291,-1.3945,6.218,-6.6315,5.675,4.1027,-2.5262,-7.4431,8.6582,8.3451,8.6905,-9.6513,3.9977,9.8205,9.2445,-5.223,1.4156,0.3665,-5.6632,9.64,-4.3165,-5.0793,-2.9138,-8.5347,3.5454,3.3279,-9.5404,4.0528,1.2954,3.8498,4.2648,3.7968,6.3836,-8.9415,-9.1331,1.9899,-4.145,-2.0159,7.2201,1.6138,-3.1909,-4.7758,9.0866,8.5244,-0.2057,2.6146,-1.47,5.9089,-9.1296,-8.4409,8.0185,-8.9543,-5.4821,-8.2906,-1.3315,8.8646,-2.6318,0.0012,8.9059,4.9848,8.1349,2.2894,-1.9651,-1.8459,0.6742,1.4529,-8.9802,8.946,7.176,1.4749,-2.0819,-1.7929,-4.2063,6.4598,-6.4935,-9.5112,-0.6296,-8.8865,-5.1553,-4.4337,3.0683,6.3889,-7.4864,-3.2662,-2.6674,3.7365,-0.695,-0.0982,0.694,-6.2088,-3.0984,-0.4296,-9.6142,-3.1243,-0.0732,3.5877,1.4614,-8.9867,4.6275,7.2202,-4.8145,-3.5698,-7.8551,2.9215,2.3789,8.9572,4.8775,-6.9069,-1.0475,6.9819,-3.1836,-7.1837,-7.4292,-9.807,2.406,6.4344,-6.7491,5.8269,5.7173,9.9054,-4.2401,-4.9432,-6.3552,9.5822,-5.6617,-4.64,-9.2094,2.4165,-6.3323,-4.2237,7.8625,0.9309,-1.47,-4.7157
3.5563,7.7554,8.565,0.3741,2.6227,5.4409,2.4608,-2.3013,-6.3924,-3.2433,-8.5969,4.5664,-7.3441,-9.9766,6.3236,-6.716,-3.478,2.6347,9.0732,-7.8891,5.9926,-9.3729,3.1237,1.2199,-5.3094,9.6282,-6.485,-3.694,4.394,9.8158,-2.707,-0.926,-6.9148,-1.7514,-6.5413,-5.0745,7.8647,3.8169,3.244,1.2238,9.2751,-3.399,8.7222,8.1471,-3.6466,-8.683,8.3629,-8.5998,2.4073,9.0306,8.2206,2.495,8.0301,-4.4543,6.5166,-7.2856,0.539,-4.9639,2.6908,-3.3807,3.347,-0.377,-5.494,5.5573,-4.1411,9.6213,-0.2658,1.882,-4.468,-1.8434,-8.6389,8.001,4.4443,-3.678,5.4601,-3.172,6.5984,6.8517,-8.1352,2.0629,-0.5374,-0.3836,-8.6752,-3.5401,-1.3316,-3.7489,8.0518,-4.0926,-7.0712,-4.5907,-2.6102,8.213,2.306,0.1205,9.4325,-3.5312,0.2861,-7.09,5.9941,-3.7308,-6.1875,-7.665,9.3265,-6.296,8.9513,5.6817,3.2125,-9.258,-1.8873,4.4956,-1.2957,7.8902,-3.0033,-0.7466,-4.8472,8.2154,-6.2174,1.8111,9.2952,4.815,1.4235,4.2208,9.3487,7.3582,6.7989,-2.4292,9.3735,-2.5869,-1.4761,-0.7189,-4.5338,6.6584,-2.4139,8.7727,-6.6219,-1.7347,2.8549,-9.9711,2.1243,6.7202,8.7914,8.1315,-4.6297,-9.1911,2.7546,-2.4473,-9.835,7.672,-8.3971,-6.2901,-1.3854,1.2857,-1.9221,-2.7632,1.2041,0.3508,-7.1482,4.5714,-3.456,5.1238,-8.7587,-9.6611,-4.3419,-9.7221,2.5695,-4.434,-3.552,-9.3685,0.236,7.2141,-0.9901,7.4135,-1.6144,-1.1995,-1.2868,6.1123,8.3309,3.3064,-1.9974,8.8351,-3.1953,-0.841,-0.4825,-8.8902,-6.6085,-6.5196,-3.0054,2.7869,-7.5042,-4.9055,0.7357,-1.3179,9.4411,6.0931,-2.2328,9.4759,7.2822,4.0302,-9.4364,-8.6432
3.7986,-1.8092,6.4294,5.0077,-0.6632,-2.2243,-6.8318,-1.4765,-5.0986,-5.1289,3.5557,1.7754,5.2682,-4.5902,-5.0747,-4.5284,7.3133,5.7301,9.8132,-3.3731,4.0913,-9.7604,-6.2142,-9.314,-7.4841,5.4235,8.1237,-1.7861,-1.7366,-6.2693,-0.2296,7.7062,1.1694,8.2268,-7.0542,4.0852,-8.0796,8.9936,-9.6453,-6.5837,-1.7342,2.5252,-1.5211,1.7253,-4.8387,1.3322,1.9324,1.7859,-6.8042,7.4389,9.0327,-0.9093,-1.0828,-2.8357,-8.0493,5.6241,-4.5773,7.6878,-5.9416,4.4756,-2.494,-5.7909,-3.4295,-0.5931,4.2329,1.8483,8.6101,6.9154,-8.5946,-2.7472,-3.2613,7.7,-5.4281,7.057,-0.6546,5.6014,1.5308,-9.0042,-7.163,0.475,-2.8799,-3.8942,-4.3878,-6.9533,3.8438,-9.6112,-2.7238,5.7945,-8.7713,-2.7446,-8.2792,-5.1067,4.6708,0.6877,-9.3692,-0.6857,-4.8707,-3.8415,3.3979,-7.942,-9.3737,-1.2389,-9.5419,5.3579,8.8248,4.2963,4.8044,-0.034,6.0324,4.911,6.5324,-6.5964,2.6206,1.3842,3.3261,-7.9891,-3.8901,3.7795,1.3103,1.5287,6.5997,-9.8392,-5.752,-6.7161,8.3332,-0.7308,4.2287,-6.6,3.9667,-7.1287,7.9091,0.0645,5.0318,9.7359,-9.4425,8.6954,5.0241,-5.5326,-5.9466,7.8979,-7.8411,-5.5797,-9.3293,-0.6712,6.4752,2.8253,3.4666,-2.4591,6.3394,-1.9073,8.9086,7.8472,9.6379,2.8728,3.1962,8.7217,6.4051,-5.4294,-4.094,-0.8626,-6.1172,-2.9913,-2.3089,-6.4438,7.1161,-1.8129,9.7163,-1.8158,4.3305,6.7593,-6.5117,-7.4621,1.5152,0.1576,-2.7455,-4.9225,5.2583,7.19,1.1169,-2.9727,8.1119,-3.3698,1.1497,5.2763,-8.6751,-9.6912,-9.0476,-0.9388,5.9219,-5.8426,-8.5299,1.3217,-9.8543,-8.3717,2.9785,-1.3362,1.3249,7.2964,-4.3695,2.7513
-6.8953,1.1107,-8.7261,-5.2139,9.8623,-9.4415,-8.1293,5.0349,1.0279,3.1692,8.3291,1.9187,6.3162,-0.7042,-3.4042,-7.465,-8.4885,9.4735,5.3835,-9.1339,5.5223,-7.11,-0.7281,6.4167,-1.5241,-3.8516,1.115,-2.3758,-6.327,4.1351,1.9077,3.5266,-9.3358,-3.0087,-0.9057,-8.6333,0.2633,-2.6339,0.8538,1.635,8.9874,3.7973,-1.2855,-5.1101,-8.7173,5.5896,-0.2614,9.8399,-4.5969,2.658,-9.869,0.7895,-9.5864,-1.1569,-5.9308,-5.4536,-1.7828,5.4221,9.0466,-7.6549,-9.854,8.5933,-7.3016,-9.7928,3.7644,9.3571,-4.4206,-6.7358,7.18,0.7989,-8.5888,9.701,-8.9081,-4.2686,6.65,-6.826,-3.8626,-8.6732,-5.0219,-5.9725,2.8184,-1.1449,9.3159,5.6968,0.1988,8.2762,-5.8204,-4.6902,-5.9676,5.96,-2.6678,-2.3011,-1.9745,0.2876,7.5407,-1.8963,7.3947,7.4806,-8.3737,-3.2125,-8.0668,1.615,7.2063,-2.6886,-4.2284,-4.3992,-6.8617,4.5017,-9.4191,9.466,8.2769,-9.2662,-2.2287,2.0581,-0.5402,4.3668,4.0008,-7.0269,-5.1296,4.134,-3.3098,-7.3327,5.7362,8.4855,-2.1245,3.2471,2.2216,-1.4929,0.8555,-4.2828,5.5242,-2.67,7.7842,-8.4031,-1.9561,1.52,4.5677,7.3942,5.5489,-0.4356,8.4777,-1.9145,-7.6875,-3.5296,5.4857,8.4924,-3.3829,-2.0306,9.9549,-9.9859,-0.8507,3.248,4.7667,0.972,8.9342,8.8188,-9.2938,8.2371,-3.8672,3.2328,5.0657,-6.8806,-7.7036,7.8178,-7.0846,1.7352,-8.6338,9.7843,-9.9787,9.9654,-8.8284,-5.0572,-8.1005,3.7642,-6.7049,9.3604,8.5523,-5.9858,-0.2088,7.0378,0.4934,-5.2243,5.3291,5.6727,0.7194,-0.2069,-1.9968,-1.2204,1.9708,2.6555,9.2636,1.5378,-0.5087,5.4505,-7.6185,8.3029,2.1003,2.449,-6.9643,-7.2333
4.2862,1.7837,-1.0294,9.1814,-1.5982,8.0188,4.7714,-1.3943,9.9197,-3.6878,-8.9489,-9.8417,-5.4801,-7.6913,-1.104,1.0875,-2.6162,-1.6842,-9.6361,4.6384,-5.8138,-5.0249,-7.5835,2.6576,-1.6317,-6.8652,-4.4284,-5.0996,9.9784,7.815,8.2197,-4.4838,-3.2379,-9.5512,-4.7453,-9.0462,-5.1663,2.864,-8.0695,7.6945,-2.1091,-3.6368,-5.1444,-4.1285,3.2549,-7.1825,4.0052,-0.4861,-1.5276,9.0299,-6.6614,2.968,-0.9593,-7.2096,8.6309,5.1795,-1.9447,1.5672,-1.3118,2.018,-5.6278,-7.305,2.9083,2.6674,7.0707,-6.1323,5.2139,9.6062,-5.1514,-6.5453,-3.3202,-5.0607,-9.0103,-8.3295,5.7199,-0.1814,-6.7795,7.0393,6.7854,-3.2979,4.3338,-2.1048,-5.9439,-2.9816,-0.6027,-6.2155,-2.8471,6.9259,-8.0911,2.8889,4.8312,2.313,-7.1136,-1.6812,-3.1717,-8.593,5.5674,0.5242,-0.124,8.0488,5.0308,-8.8462,-2.3484,-0.1393,1.4173,8.019,-3.8186,-9.9078,4.7412,-9.3912,3.1472,-5.1224,5.0652,-8.8472,8.0871,-0.6033,-5.5911,-2.036,-1.7976,-1.2693,-2.7635,1.1283,-8.9703,5.2679,-7.8219,-3.8326,-3.1115,-6.5388,-7.8651,2.548,-1.7294,7.1641,0.7025,0.431,-8.1348,-2.6075,-9.4485,6.2061,-7.1381,-3.8581,0.051,4.1095,-1.0939,3.7854,6.9447,-8.9526,-0.5607,-5.8358,8.9352,4.7162,3.1626,9.4956,1.2959,-2.3186,1.0678,-0.2823,-4.811,-9.3075,5.3775,5.9895,-6.8747,6.4718,7.1026,-3.4887,-2.7149,2.9139,8.6558,7.6567,-1.9882,-8.8578,8.0201,0.901,-1.706,9.4998,0.7191,3.3843,-0.508,-9.7662,4.0446,-6.8377,-8.2626,8.2434,-9.2418,5.6668,3.3018,-2.5678,7.5747,5.1766,-0.489,-1.182,-8.4301,2.5938,8.9145,-6.5673,-9.4793,-0.3808,-1.0042,0.882,-7.8586,-9.0895
9.5456,-8.8788,4.9104,-8.79,5.3416,-0.9416,3.2379,8.1635,4.6653,-0.9092,3.0552,-2.401,-5.394,9.2237,-9.864,-2.7902,-5.5066,-7.3588,-7.1411,4.0924,5.2733,5.1311,-0.4851,-6.1892,7.2284,-3.8142,3.3854,4.782,-9.7539,-0.6154,-0.2218,-3.3376,-8.6436,5.2796,2.8801,-4.7548,-0.7485,-4.2733,0.9859,-2.5704,-8.8538,-3.443,7.4123,8.9483,-4.2409,1.6364,-8.366,0.3136,7.2475,-9.153,8.643,-9.4086,8.1177,-4.0749,-0.8135,8.1716,-4.0779,-3.4185,8.4526,6.943,2.9115,-7.9405,-7.8687,3.0422,5.4657,-1.49,-4.7306,2.2946,7.1292,9.8175,3.3435,-9.7242,-5.2905,4.9266,4.4709,-5.4444,2.474,-8.6575,5.0169,-3.2638,2.7862,9.602,-9.0606,-9.6147,4.5314,7.6106,2.7497,-0.5397,-0.2498,3.077,-8.87,9.8364,-1.6505,-3.2347,-5.6579,-8.1156,0.1974,0.3296,4.3847,9.2436,3.2017,4.3066,8.2274,-5.9148,-8.0203,-5.4168,4.1769,-3.356,-3.8601,-4.8513,-0.8278,4.7873,8.954,-0.4387,9.1121,-9.3693,6.8623,-2.7067,-7.5257,-8.056,-5.236,7.5065,-7.7093,5.4801,-4.7651,-8.4318,-2.1465,-4.1786,3.2992,3.9096,9.2439,6.1419,6.2049,-2.7856,-5.3992,8.0027,-7.2444,-2.8459,7.8174,-8.7239,9.0362,4.0543,9.4355,6.588,-0.705,-1.0982,-7.8937,-1.3324,-6.7066,9.3588,-5.0757,2.737,-0.337,5.8844,9.1007,-8.611,0.7123,-9.8609,2.356,4.2389,-1.3866,9.8798,-6.3039,5.4314,-4.9235,0.8376,6.2426,2.5689,-6.3798,5.7989,-2.9495,-7.2005,2.8029,4.4144,5.2416,1.4399,9.1767,9.1662,-7.9027,3.0848,-5.5486,4.5159,-2.4954,7.1799,-7.0604,-9.3934,-2.5329,-3.3917,-0.1196,-6.3022,1.6318,-4.1779,4.9194,0.424,-2.387,7.9993,5.7396,-8.7071,-5.0754,-6.5707
-3.4259,6.3209,0.779,-2.9156,1.5994,1.372,6.0934,-0.4463,-3.2369,6.7894,2.1249,-0.6115,-5.6078,5.0848,-7.2843,-3.9377,-4.8642,-8.7393,0.953,0.4004,-0.712,9.0242,-7.9996,-2.5266,-9.9444,-9.2263,2.5213,0.7184,6.3896,-5.3152,-3.348,-5.5236,7.4699,2.0944,-8.8799,6.7506,-2.2828,-9.1175,9.5945,7.5142,9.6367,-4.1184,6.3755,5.9616,2.978,-1.0336,8.8808,-5.7318,4.393,-1.5028,-4.6326,-0.1587,4.4119,4.1236,6.2954,9.5016,9.7342,3.0965,5.8286,9.0819,3.7224,-5.2413,-3.0016,-9.3772,2.4685,-5.9387,4.8538,-0.2114,-6.1406,-2.6893,0.5062,-1.1888,-2.2053,2.3318,4.2329,1.5133,3.1775,0.0708,-9.813,-1.5227,7.8917,7.5026,-2.7575,9.5419,-3.7901,-2.9975,-7.598,5.2506,-6.7952,-6.7853,-2.5495,9.266,2.1405,-7.0644,-1.3662,-8.826,-5.8346,6.1473,5.7356,6.7272,-1.4717,5.891,-6.3969,3.0088,6.5331,5.9637,-9.2935,5.0038,2.58,0.1369,0.8964,-0.6985,-3.829,-4.3326,1.9356,6.0327,-4.3804,-4.6308,9.7051,0.7478,9.1856,-8.9724,-8.8697,4.4972,-3.4197,7.7287,-3.3239,4.1542,-2.0417,2.5205,6.3041,-5.4522,0.7292,-7.4083,8.1408,5.8029,1.9819,-4.581,3.6784,-2.0663,-9.5288,-0.6286,-5.8518,1.5306,2.539,-2.4456,5.3147,0.7423,-7.4107,-8.7599,8.3429,-7.2154,8.4789,-7.5325,-0.4749,-1.3437,2.1946,2.2903,-7.6889,5.8451,4.8595,9.5828,6.5001,0.5751,3.3218,-3.5557,-9.5229,-5.6308,7.9176,-3.2356,-1.9695,4.9369,6.6392,-1.6069,-7.9263,2.8259,0.827,6.642,-2.5266,2.0048,-5.3204,-6.5231,-1.9478,-0.4131,-4.6585,-1.1431,-6.2145,4.6467,-1.148,-2.0623,2.104,6.6292,-5.9417,6.3632,0.5753,9.9372,4.4553,-8.8839,9.2525,3.5381
-8.2973,0.0316,7.0084,-7.5458,-3.2871,6.437,8.0159,-3.9766,-9.4508,1.3434,6.6235,-4.431,-7.237,7.5937,-7.742,-0.3574,-6.663,4.4992,-8.483,2.8529,-1.359,-1.4169,1.5716,-0.0658,-7.2753,8.2904,4.0828,-7.4358,6.6887,-6.9945,-1.3037,-3.3356,-2.0588,9.2115,8.4798,-8.2792,-0.8643,0.7056,7.3858,-9.4505,-8.0477,3.1091,-9.8869,-1.7875,-0.7929,-5.6826,-9.3806,-4.1166,-8.7674,-3.727,5.5318,-2.3525,-1.5335,7.6906,-3.2784,4.6639,-9.3181,-2.3415,-8.4296,-8.9036,2.136,-0.6504,4.689,-5.1436,-0.5726,-2.2262,2.3881,3.1393,-0.6826,0.2464,-2.4665,-2.7583,4.5134,3.2915,8.8365,3.557,3.661,-3.3386,8.68,-5.8037,7.8827,1.0024,9.0449,-1.4913,-5.1159,2.3755,-9.4128,8.8854,-3.7093,-9.1347,-8.3194,-3.506,-6.1387,-3.3634,0.9143,3.6378,1.743,9.9806,0.5728,-4.0976,-8.6478,-7.8148,0.1326,7.0476,-8.7352,-0.8032,7.3926,-3.8819,3.8164,-0.1478,0.2531,8.0102,-6.3603,-9.0202,-1.0453,-5.6199,0.0523,4.919,0.8205,5.6362,-7.072,-4.3175,2.3902,-1.2145,7.8706,0.4636,-1.6627,3.208,9.9287,4.5595,3.414,-2.3888,-2.7665,-8.8985,8.7691,6.1185,-5.5006,3.6534,0.1915,7.6946,8.8525,-4.9958,-9.1012,2.1184,-8.252,-8.0221,-2.2246,6.0292,7.8685,4.2481,1.7575,-9.8051,-9.0308,-1.8079,-9.261,-7.4068,6.5936,-0.9306,6.5148,1.5445,-4.2418,4.6395,1.1663,7.1832,-0.7895,-6.4021,-9.1271,8.9361,-2.4135,-0.7674,-0.1024,8.0607,1.5923,-1.009,-0.3856,4.3466,-1.9371,-2.4933,-9.4936,-2.0914,-9.1735,4.7197,-8.1295,5.1169,3.7732,8.4854,4.774,4.1713,3.6196,-0.8268,-9.1527,5.9758,7.9642,6.3132,-0.5493,8.0121,2.7672,9.5189,9.246,3.337
-5.2019,5.2865,-5.3994,-0.2177,4.5551,-7.1796,-5.33,2.1534,4.3251,0.4715,-1.1671,-3.8314,-6.0993,8.3611,-1.8619,1.9363,4.0867,-9.4337,6.8922,-5.0988,-4.2672,7.8312,-3.1333,9.2422,5.3896,6.2968,9.5136,-9.1249,-6.1658,4.6494,2.4019,-9.0101,8.1242,-4.0355,-5.6969,6.6377,1.1393,8.6505,6.1514,-5.0003,-3.0289,-3.466,-0.2564,8.9396,-5.8083,4.8761,-0.2612,9.5986,-8.1441,-6.5554,-0.229,-3.5709,9.4159,-2.3872,-2.1791,5.7076,-5.8621,-6.6768,8.747,8.0462,0.9851,-5.2407,-5.1964,6.4967,-5.7647,-0.7057,-7.033,-9.5001,-9.4698,6.9436,4.8512,-5.4656,-1.1196,4.7691,7.509,-4.7253,-7.2747,-9.7074,-0.7444,1.3477,-9.8653,-7.1336,8.9101,-9.0519,-5.7209,6.0662,5.1806,-9.1632,2.5185,-0.5366,-8.9147,-8.4513,7.6066,3.176,8.9744,-4.5912,1.4339,-7.4753,-4.2455,-3.7018,0.5836,-6.3368,-5.8151,-6.1367,-4.3752,-0.742,-3.7051,7.3473,-6.6858,-4.2941,-9.4614,0.3836,9.45,6.3576,-8.3691,-4.3344,-2.2719,-7.1329,6.304,-6.6155,1.0865,0.7228,-9.8347,3.389,-9.0063,-9.5189,6.7998,8.0107,0.4857,-0.0927,-9.6569,-8.5962,-6.6493,6.8677,-1.0817,-1.0912,7.6161,6.6633,6.6542,-7.7252,8.4219,4.5254,-2.803,-6.6106,3.4505,5.0355,5.5918,2.0708,-5.2771,1.3553,-0.2891,-6.4967,-0.3564,-7.2658,-6.8608,-2.5047,-4.1708,3.4683,0.1645,-6.9177,-4.5468,3.7525,-3.8119,5.4381,-0.1781,8.4933,8.5498,-9.7878,-1.5708,-8.7127,6.5783,6.1031,-6.3072,-2.4125,-5.0724,-5.2744,4.5768,0.2662,-7.0423,-3.3128,4.6662,7.7264,-3.0604,-4.867,2.8857,-0.2414,-2.7453,-6.2297,-3.2241,-2.8284,-2.0159,-9.9048,-7.6172,7.8579,-0.5054,-9.4115,5.9793,9.7749,7.4887,5.1732
-6.1321,7.8732,-0.1166,4.6161,3.2971,2.8951,7.2289,1.3764,-7.0516,5.3179,-2.7521,-8.1761,-1.5387,6.3807,-6.6931,3.7582,0.1572,2.8583,2.0024,-7.0322,-3.3103,7.5382,-6.7865,9.6144,-8.7364,7.0313,-9.7044,-7.1501,-2.754,-6.9454,-4.1076,5.5838,1.0256,5.0174,7.7425,0.5,-2.9242,-4.5618,-2.7471,4.6851,6.9538,9.6123,0.4278,-2.849,-4.5467,7.0793,-5.5372,-6.7063,8.5785,-4.7785,4.6934,8.722,-8.0581,9.2961,6.8059,7.3166,-5.5066,1.8559,8.9515,-3.2792,-3.5807,0.7321,-0.8198,-0.4064,4.3602,1.9227,-2.9816,8.6151,-5.9216,-2.7411,9.3765,-4.9834,5.8964,7.336,7.2312,3.2545,1.7653,6.333,3.7688,-1.4792,-1.053,7.5566,-8.9952,-3.0505,3.2308,-1.8663,0.9089,3.7198,3.5735,9.6326,0.5638,-5.2944,-3.0831,7.0652,-9.3353,-2.9187,4.3346,3.155,-4.8974,-3.8165,-9.1985,-6.3346,-5.92,-9.9128,-1.2078,-2.9269,0.2635,-2.771,-3.262,-8.8484,-0.8829,-5.5916,3.28,1.6547,-1.0397,-4.1781,6.9305,9.3927,-4.3607,9.7812,-7.597,-4.6597,4.6031,3.9485,5.1633,6.868,-3.3392,-8.3622,-3.7964,1.0547,-5.2302,-8.3678,3.6718,4.097,8.0978,2.114,4.474,8.879,-4.5299,-8.2111,-8.6003,1.0481,2.4419,-3.2153,-6.5332,-5.5737,-0.893,-5.5628,2.4095,2.9546,2.9225,8.8059,9.7969,3.8188,-8.8453,6.7461,8.4289,9.6436,2.6631,1.7062,7.9516,-5.4194,-5.1621,9.7215,4.8068,8.2718,-8.6112,9.9495,-9.2678,4.9301,-9.9062,-8.2023,-4.8539,9.038,7.7941,-8.4587,-3.8916,7.6295,-0.7759,7.6627,4.6517,4.3065,0.7782,9.5703,-1.2396,5.3288,4.3541,8.3925,6.4091,-3.6867,8.763,7.0939,9.4878,-7.9397,-3.9084,-9.0992,6.9025,-9.1489,5.8321,-6.6195
-8.3111,2.5098,3.0313,4.3061,9.9155,-1.5157,-8.5055,1.7416,-5.4763,-0.0371,-6.1018,0.7058,0.2572,5.4538,-4.9866,8.6869,-4.5425,-0.9876,-2.3435,-3.0025,-8.9727,-7.087,0.2303,-0.95,2.5513,5.9937,5.8242,1.3124,-6.3615,-0.3562,5.9568,2.2144,5.1563,0.4488,8.4971,-9.3185,6.9717,9.5117,3.6503,-8.4851,-3.912,4.4136,2.7666,3.3837,-2.2522,-0.6281,5.8552,-0.9193,6.015,6.1602,-3.1952,4.7904,1.3223,-0.4064,-5.8342,9.9552,-1.8107,0.2855,1.3821,-0.5317,6.6664,8.6741,-5.8782,-8.7284,-1.0735,4.7851,4.6786,7.1056,0.521,-3.8056,-9.4151,-5.68,5.6078,-7.3701,-9.4014,-1.8698,-1.2088,-3.8299,4.0271,2.3708,-2.5491,-4.6627,-1.5775,-8.9528,9.434,7.5398,-1.04,9.438,9.2371,2.3594,-4.0641,-4.4542,-6.3894,-2.1722,-8.1668,-2.175,6.198,-7.369,6.1895,4.2381,-6.3661,0.0684,2.9014,-9.3817,2.4572,6.2625,-1.9188,3.5685,-7.5096,-4.899,-8.2648,0.0231,1.4861,-6.3233,-3.1627,7.2379,2.2116,-9.9435,-2.2086,-5.8998,2.0578,3.2647,4.9259,-0.6043,-1.7965,0.8446,9.4151,-8.8752,-1.9909,-2.5486,-6.3366,3.2177,2.3401,-9.2571,-2.2616,-3.3758,5.9165,-5.5098,-7.9507,3.6378,-9.0012,2.4614,6.4026,-6.2678,6.0927,-5.8152,7.1699,3.3167,3.1565,-9.1709,-8.8647,6.9196,2.8418,0.6221,-5.3848,-0.6034,6.7148,-0.2363,-3.7538,1.4055,-1.5949,-9.5365,3.5313,2.0948,-6.2991,-8.533,8.6816,-4.7919,-4.3346,1.0421,2.772,-2.825,6.6426,-1.4133,-8.4088,-4.2499,1.418,7.6082,3.9987,-4.6036,-1.9924,-5.416,-7.3652,9.8279,9.0161,-5.9017,1.0299,3.8954,0.0714,-8.311,-3.3789,-7.7749,3.2123,-6.166,-9.2566,-6.5381,-7.5095,7.8537,9.3434,1.6631
-8.9838,-3.7706,-9.9686,-9.689,-7.3462,-2.0809,7.4132,-3.5929,-7.0173,5.9692,-6.4306,6.255,7.8037,7.6835,-5.7262,-2.0339,6.459,-3.7758,6.8478,3.165,-8.4507,-6.0082,-4.4976,1.7934,8.1277,5.206,-0.6055,4.8608,-3.5469,-4.7787,-7.5442,2.0505,1.4587,-3.0162,-1.2465,1.9403,4.9575,9.033,9.9634,-8.3811,3.531,1.0992,-9.5437,4.0578,-7.0016,-7.2339,-4.0405,2.102,6.6335,-2.6173,8.845,-5.8504,1.7533,2.6742,-5.9626,5.854,-4.5269,-8.0133,-5.098,-5.7778,1.6646,6.5318,1.9661,-6.8203,-5.3314,-7.9457,7.1622,1.5825,-4.688,-3.6275,-4.6376,-4.7928,-5.4736,2.1685,0.5443,-8.558,3.5462,2.2335,9.9312,3.2134,-8.9366,-6.9686,5.9135,7.8713,-7.5281,9.3377,8.433,9.6087,0.4398,3.0167,-5.4215,-6.3212,-5.2652,-5.0435,-7.9858,-9.3116,3.3464,-9.2105,0.3534,-4.5021,-3.1419,-1.9256,4.7818,1.3512,4.8859,-9.3883,-1.7809,-7.1908,-3.1236,-9.4444,-1.4541,-2.747,4.777,8.0432,-1.9557,-8.0907,-9.2449,-7.9285,7.0346,-4.4589,-2.1927,6.9863,2.903,4.2886,-8.3891,-7.9279,-9.9692,-1.493,-0.3217,5.6622,-5.6436,7.0327,-1.5381,3.8551,-0.5822,0.9638,2.1263,2.0262,0.6998,5.2232,8.8889,-6.3881,-7.6378,-4.4842,2.1599,4.6798,-2.451,-2.6305,-3.3056,-8.0324,-5.1805,4.1094,-3.5024,-8.6163,-2.8608,-1.3666,6.6172,4.4227,-4.1834,-3.3736,4.2479,-6.1506,-5.7863,8.4012,5.8903,-8.2616,5.0572,-1.4749,-8.4388,-7.7803,6.2881,-3.9527,4.7886,5.2285,-3.9647,7.3891,9.7701,3.0281,4.2586,9.8455,8.8809,0.431,6.9915,7.9193,0.2613,0.1565,-7.7494,-7.7886,-1.6195,-3.9446,-9.6542,0.2522,-8.2867,-5.2659,-2.3304,2.0978,6.4424,-8.6482,1.0769,3.9215
0.8203,1.5949,-2.9812,-3.6942,-4.5722,-6.1783,-9.3953,-8.6596,4.3406,6.8316,9.725,-0.9956,-8.6455,5.7087,-1.1173,-0.6614,-5.8577,0.0558,-5.578,3.5308,-2.1152,-2.7635,5.9349,-3.0963,7.4649,3.3288,2.9847,0.5807,8.6432,-1.5529,0.9963,-8.1315,-4.9354,-0.0448,-0.2766,-1.9439,-0.0059,0.4687,-9.411,-6.8566,-5.1396,-6.258,3.1426,7.8625,-6.1299,-0.7716,3.591,9.5522,-1.7725,-8.2012,2.8838,0.2894,0.5333,-4.8716,2.559,6.375,1.1429,0.2459,1.3872,-1.2739,5.9421,-8.414,-5.2823,-2.264,2.4197,-5.3573,-6.7842,8.7454,-9.716,-6.1615,-7.4996,-1.7075,-7.3044,6.2081,3.6478,8.2811,-3.1958,4.0817,-8.7695,2.3028,0.3764,7.6907,-8.96,-6.7102,7.8511,6.4428,8.1122,0.4657,7.7303,-7.6936,3.9352,8.5628,8.6843,7.0102,-9.0965,9.6331,-3.2847,8.4051,-5.1154,4.6658,7.5543,5.6443,2.8827,3.9948,-1.7369,-3.9065,-7.0026,-2.5055,1.3921,2.5203,2.8489,2.7356,-5.9593,-1.6421,-7.0751,-1.7911,7.5562,-0.131,7.5337,9.8253,-7.7012,-6.3543,8.6455,-3.19,-4.1308,-0.9885,6.905,0.3963,-8.6767,2.5235,-4.773,-6.5121,2.6632,8.2948,-1.0051,-6.6821,-5.152,-7.5814,9.9013,-8.5478,-0.8685,-1.7953,4.2635,6.0192,2.809,6.9821,-9.9832,5.9082,-0.7232,4.6445,8.6883,7.8106,-7.8079,5.3802,-0.1042,6.4168,-1.6358,-5.8304,8.0621,-4.3059,1.913,4.0331,-8.0298,2.1957,-2.8221,-2.2234,-5.913,3.2753,-0.3901,2.4845,2.9229,-7.6057,-5.0522,2.4617,7.2895,-7.1871,-4.2615,4.8291,6.7638,8.1953,-5.4626,7.5523,-1.3941,0.2562,-9.6136,9.2461,0.7015,-8.2998,-0.9697,-1.0793,1.3909,7.0931,0.9888,1.0195,-4.7142,1.5395,9.3584,1.032,8.0732,8.7967
-1.1633,9.0861,-9.8053,-2.4095,8.5744,7.2419,-5.4632,-9.4943,4.3801,9.4658,4.2879,-0.2716,-7.7159,-9.1342,9.5351,-1.4169,-4.0009,-1.3217,1.0877,3.68,3.8482,-4.9204,-8.6632,3.0618,4.3734,-5.9369,8.5147,7.836,5.9964,-6.6553,8.7551,-5.7506,0.0384,-5.5469,-5.1691,-3.6381,-0.9285,-9.0087,-5.2132,-6.3952,9.6529,-5.9661,7.4272,-2.8651,-5.3363,6.3211,-5.6666,-5.163,-8.9913,5.1487,-2.467,-0.0514,-7.9156,-4.6696,-9.3671,-5.0268,-4.1041,7.7978,2.1349,-7.8699,-5.5417,-9.5447,6.357,9.254,-3.4736,-2.4437,3.4105,-7.8495,-6.4874,5.4428,5.298,-8.5741,-1.5234,9.4139,1.3913,-1.9256,-2.9196,-0.4356,8.11,-3.0593,-6.0444,8.7926,5.6086,3.0743,7.4434,1.7627,8.5245,-1.4972,-5.9218,-5.5414,-4.5994,1.8494,-0.9672,3.9816,-4.5523,-5.9943,-5.5144,-3.5307,0.2952,-3.3311,1.5266,-9.0515,-4.7139,1.9675,-1.0568,-1.339,1.3091,1.0446,-6.2601,9.8012,-6.4709,-8.3959,-0.0667,2.1587,-5.3497,8.2389,-0.9762,6.9659,3.9899,-1.4151,-0.3292,9.9414,7.8557,-1.2537,-6.8407,-9.2998,0.6928,-9.3626,-3.2297,-1.4151,-3.7157,-7.2995,3.9968,-6.9758,9.8081,4.2925,-1.4731,-9.087,-0.8493,-4.7004,-1.5738,4.3575,-5.3081,9.7467,-0.6021,-6.3271,5.9755,-8.3963,-5.4943,-1.282,-2.8248,2.2551,-5.2529,0.1875,5.4016,6.4153,3.5714,-0.9185,3.4017,-4.8173,3.968,7.2719,6.9079,1.1336,3.2025,-4.9694,0.0978,-6.6448,0.1795,-5.9484,5.453,-2.6766,2.3895,-6.2887,-9.1918,8.1187,-5.55,-4.4947,4.5103,9.9165,-9.746,-7.6061,7.5789,-5.7379,-0.2991,3.3176,5.1728,6.8216,8.8146,-1.7343,-7.3888,-4.6895,-9.5019,7.2525,-7.4421,-5.7441,-9.0937,1.0344,-5.3708,8.4915
-0.2585,6.4007,-8.4131,-0.1736,-8.7781,-1.332,7.2356,-1.5974,6.1442,-5.8619,-8.1014,0.842,3.4998,-0.4418,-4.3904,6.7404,1.8131,2.0085,3.8793,5.24,8.9579,-7.6063,1.7841,-6.7977,6.6213,5.1531,-8.7785,4.394,2.8598,-6.5771,6.5938,-3.7917,2.4502,-3.0128,-9.4567,-4.5025,5.0713,-0.5269,8.1443,4.1342,-0.7691,-4.5432,-3.0346,0.5627,4.2275,4.9554,-3.4447,-4.0791,-5.7287,-3.8893,0.0713,-9.9622,8.92,-2.4313,2.0073,8.4286,1.3091,3.4264,9.9882,5.8965,6.4507,8.0942,-8.8601,9.6374,7.2903,3.1786,4.4687,4.3496,1.4825,-6.6134,-9.0848,3.7998,6.9314,-5.9063,6.6146,6.4617,-3.0324,-2.4333,5.3135,2.936,5.5815,5.8034,8.9078,1.2451,1.515,-3.7547,-7.1348,6.9348,-0.1325,4.5736,2.422,-6.7692,8.1454,-8.7582,-3.8941,3.1294,2.5881,9.7384,9.626,1.2996,-1.7821,-4.128,-9.4295,-3.4002,-6.6226,-9.4713,7.6266,0.0798,3.2623,-3.4187,-8.7479,-7.1989,8.3085,-4.3547,9.4072,0.4133,-7.2184,7.9415,-9.8791,5.1403,8.4502,2.0521,-8.967,-3.3035,-3.7568,-5.4468,8.498,8.0338,-8.6839,8.9634,-2.532,3.0144,6.0805,4.8474,-3.9979,-2.7041,-5.1032,2.7747,5.3833,-6.0885,8.1775,9.1578,1.5084,3.6622,6.1236,-8.9587,-7.9524,-1.9956,-9.9992,3.7698,-7.6062,-3.8165,-0.5609,9.6883,8.5374,3.768,-0.0886,0.4328,1.1431,3.0595,-3.1665,-7.7208,-1.045,-2.9533,-0.2058,-9.8313,6.6268,6.1969,0.2784,-0.1411,3.7148,4.0025,-4.6524,-7.3289,-1.6986,-4.2065,5.7902,7.3226,1.9956,-4.0385,-0.7945,-8.3758,4.5729,-5.775,-0.2444,-4.232,5.896,-7.5204,-2.7352,0.5631,9.1609,7.9413,0.1768,-9.9309,6.2461,5.0935,-3.4399,9.1521,6.9606,7.556
-6.9917,8.1866,7.3374,0.7565,-7.0632,9.9075,-3.3278,0.5898,-4.4956,-0.1111,1.2182,-6.6157,-1.7875,-7.1293,-0.5163,3.3022,8.1056,5.5949,-2.2098,-5.5299,-6.8808,-6.8987,-4.6374,7.8742,-9.9666,-8.1034,2.3397,-9.1328,-1.3042,9.3386,-4.2174,6.0798,-7.8946,-1.8351,3.218,4.4068,-8.2078,-0.5874,-8.1072,6.8008,7.7445,2.994,-3.8076,-6.2808,-2.6012,5.3935,2.3378,-1.6059,-7.3802,2.2541,9.0763,-1.4642,-2.688,-0.4876,9.6738,4.1077,-8.2388,-3.7212,-9.9751,4.4253,-7.3258,-7.1394,5.2869,-6.6382,-5.384,-3.6817,-4.3642,-2.2469,7.9604,-1.4378,6.932,-2.5509,9.0389,-2.0066,-2.5583,-2.5817,-7.0874,-1.8325,9.7017,5.1699,1.849,6.0708,1.6311,3.3396,-9.1123,6.8513,-5.6743,-3.3695,-3.1067,8.4222,-4.7284,-3.5715,1.1613,-1.098,8.4512,-7.3435,-7.2813,4.2379,-5.9969,-6.1388,-4.0819,4.9,-6.841,-7.1514,2.9105,9.9854,3.6406,6.4971,1.7272,-4.503,-2.4199,9.0211,6.9035,-4.6893,-9.5966,4.9778,-1.3167,-8.4402,-7.5564,3.8543,9.6171,-0.3823,-7.6104,1.4314,1.038,9.1466,-2.8906,-2.318,-3.1667,4.5037,-2.5163,1.0615,-3.3514,-1.8902,-4.6022,-1.0536,-6.969,8.3112,9.8722,6.6661,-7.0862,-1.1416,3.2349,-0.9895,-6.8722,-1.2687,-3.1193,2.3546,-9.6144,2.1386,6.1077,0.7539,-3.4158,-1.4433,-5.6926,-5.3526,3.8884,5.9685,8.2876,4.3522,-2.6615,9.0479,3.2836,9.0147,-8.9056,-7.8802,3.3932,-2.6205,8.7414,4.1716,8.0052,-7.1669,4.6025,-1.4334,3.8675,-3.6884,6.8689,0.8252,8.9257,-8.6961,6.2903,-7.7086,0.417,-4.5114,-3.1133,8.5099,5.167,0.1027,4.2388,9.6149,8.284,1.7245,-1.283,-2.1946,7.914,7.9611,1.465,-5.7064,5.9857,9.6021
-6.7411,-3.4119,2.894,4.6485,-1.007,6.119,9.2562,-0.1653,6.7275,3.618,-4.8743,9.8751,7.6066,-9.6162,9.5393,-5.7101,3.0228,-9.2418,-6.3707,-4.8831,8.4824,-0.9313,5.8653,-5.3255,8.1209,-1.8806,-7.5326,-1.4514,8.1764,-3.7007,6.876,-3.09,2.2268,7.1305,1.2211,4.7464,7.7954,-4.9814,-8.7134,6.612,-2.2144,8.4393,7.0793,-4.9528,1.1846,-6.7357,1.7871,-0.6106,7.7255,-2.5558,2.6039,-1.653,-2.8819,9.9726,-6.2313,-1.2406,3.0556,5.8062,-3.6812,5.7525,9.61,3.4184,9.7827,5.8586,0.3378,-4.1136,-7.3825,3.4616,1.1648,5.9051,-4.9845,-1.2994,4.4034,5.4303,2.554,6.2362,1.2892,7.1953,7.4181,3.9597,6.3991,5.4032,1.5026,-1.0059,5.0551,5.6048,-6.721,-1.0063,3.4728,-2.5839,4.1174,-0.8122,9.4752,-3.7766,0.1048,-5.8903,0.9981,3.5515,2.289,4.3055,6.817,0.7587,1.9406,-3.48,6.9215,0.3012,6.4635,7.1166,8.9959,1.6564,-4.9042,9.6008,5.6709,-2.1921,2.4166,8.1684,-7.8425,1.9741,7.0843,-9.263,-1.1643,1.1951,-1.8298,-0.1869,7.455,9.166,-9.5312,6.2724,-4.8873,-8.114,-5.0476,-1.7081,-3.1382,8.1483,-2.9046,-7.764,-8.4491,-4.1107,9.5583,8.617,2.2972,6.1931,2.6342,4.8335,8.9177,4.125,1.6328,-0.0153,7.8342,5.3234,-7.0924,9.6892,-4.3811,-9.434,-9.3091,6.5735,-6.4945,-9.4325,-7.7893,-7.0502,-9.1115,8.4664,-3.1004,3.8951,3.1308,1.5296,4.8898,3.6832,0.8896,-5.3677,-2.8379,7.8441,-1.1793,3.965,-0.9897,8.0717,5.4343,1.1351,8.7014,0.6657,6.943,-2.2795,-9.7357,-0.0878,-9.4639,2.7368,-4.0412,-2.8855,-2.9178,8.7745,8.046,4.6594,8.6505,-4.4361,-5.4519,1.7852,-3.7855,-1.7463,-5.8734,0.8859
3.8233,7.4048,-3.5748,6.1283,-1.9493,-2.8354,-4.6176,-6.4551,-7.7106,-6.1917,-8.1625,3.7186,4.4099,1.0885,-7.3255,5.1605,-3.6677,1.8691,-3.1091,8.0506,-6.7307,-4.5813,3.0248,-5.4576,-0.2305,8.1592,-5.0917,5.924,-9.3899,7.5492,-7.4095,-7.6329,6.6849,2.1812,-4.9054,-3.3389,4.0557,9.6989,-5.4586,8.8844,1.0145,7.5292,9.6934,4.2797,-3.746,7.3609,0.3345,-8.5822,5.4377,-4.664,-6.8144,7.4595,1.5793,-7.2234,1.3859,-3.7844,-1.4371,-1.1041,-5.04,3.6823,-0.1791,-1.8013,3.8998,6.3533,-5.3487,8.5064,4.0726,5.0161,3.9358,0.403,-1.0482,2.2219,0.0574,-3.0423,2.9673,-6.3643,-9.5789,0.3016,-8.1851,6.7494,-2.0973,-8.7488,7.2967,-5.5829,-9.5613,-2.1362,-8.2966,8.8271,4.5392,-7.8878,-9.2953,2.8489,2.8998,8.0959,-1.7428,-0.8248,5.3273,-6.9957,7.0378,-7.1276,-0.1239,2.9674,-0.5541,-2.2457,-9.5671,3.8369,-0.701,-3.26,-2.7167,8.4758,1.0096,4.0739,3.6518,6.6434,2.0563,2.2766,-6.2417,-5.371,3.2223,-3.5127,-8.6579,2.5425,4.2546,-5.2559,-7.7851,1.3753,-6.0066,6.7455,-8.1338,9.8867,-1.8222,2.3272,6.224,9.2766,8.1008,-0.0558,-3.9339,5.188,5.8707,-8.6245,6.1897,-6.5234,6.7541,5.7626,8.9339,-3.4888,5.5042,-1.9051,9.2002,5.4542,-6.5687,6.9092,9.3995,-1.9207,-5.0878,3.0845,9.8035,6.8139,-4.4659,-4.8292,-6.4961,-6.4551,-9.2859,1.7528,-3.3765,-8.231,-0.4137,0.2716,6.9575,-3.4321,0.9473,3.3786,-2.9361,8.4535,-7.769,-5.5836,-0.9986,-2.7078,-6.0432,0.1749,-8.8662,1.261,7.9284,-2.2749,1.6147,1.5177,4.3802,-2.5384,4.8317,-3.3273,-1.7554,2.0796,-9.1926,-9.8957,4.9403,6.412,5.462,8.445,-0.5108,4.043
8.4851,6.7081,5.1733,2.3972,-1.4605,-3.0503,-8.2181,9.0309,1.1149,2.8458,-6.3446,7.0802,-6.4099,5.4713,-1.6002,3.1491,-4.188,-7.7394,-3.095,6.3015,1.651,5.0032,3.7713,2.8059,1.0609,4.9825,-3.9301,2.5687,5.9564,-9.9647,-2.778,0.3324,-4.0501,1.8825,-0.6313,-3.4719,4.2904,-7.4721,5.1222,0.2818,5.1034,-4.6546,-1.9733,-7.6038,-9.8941,-3.8909,3.5944,2.8061,6.9731,9.6993,-8.6951,4.4302,-3.4105,-8.1797,3.6192,-3.7606,6.4514,3.7574,-3.5636,-6.4802,7.3124,-0.2912,-7.677,9.904,-9.3943,1.6661,4.259,-9.843,1.5021,1.9803,0.6584,4.5547,-1.5463,-8.845,1.451,1.3757,2.462,-6.0245,-0.6232,-0.2908,-4.57,1.7436,3.2687,5.6848,-0.0396,-2.7461,-9.9479,9.8264,-8.0983,-1.8111,-5.7201,-1.3621,-7.2422,-7.2719,9.7091,5.0757,-2.5776,0.9605,-6.0898,-9.5587,-5.3739,-0.6398,5.6658,3.0013,-5.7429,-5.9768,-6.5388,7.0374,9.7811,9.3371,0.5323,-4.7661,-2.6915,6.0048,-1.0059,-2.9136,4.9887,1.3215,1.8688,7.5234,-2.2766,-7.7022,-1.555,1.1346,-9.7728,3.5172,2.3072,-8.3674,-0.6342,0.2738,1.7304,0.4245,1.4532,-7.3157,-1.2309,9.8226,2.1279,-4.4761,-8.2339,4.9616,1.4787,-6.9884,2.6502,4.2999,9.9803,-1.5168,4.8038,-9.5072,-4.2155,1.0478,3.6135,-3.9863,-6.4959,-0.0764,-8.0752,4.2503,3.1917,-2.1399,2.8838,3.0405,-6.7025,-9.7218,-8.2243,-6.6934,-5.8608,2.6373,0.327,-3.7556,4.5961,9.117,6.9571,3.1562,-6.9958,7.9768,-7.172,-6.5347,7.5533,4.753,-9.3504,1.3452,-7.6088,-9.873,-8.9176,1.181,-7.4102,-8.0311,4.4677,-0.5018,-9.4034,8.3941,9.4623,-2.7226,9.3553,1.0107,-6.044,-4.5087,-2.0889,5.71,-4.4134,-3.7777
-7.38,1.1104,-2.4351,7.1498,2.6802,2.7063,-8.8539,-0.3607,1.1626,5.0268,8.9007,2.9491,-0.4665,2.6621,8.4112,-5.9994,8.7956,-9.0254,-7.8101,1.8658,-9.7337,-4.5494,0.3051,6.6176,2.8056,-0.184,-8.0364,-1.2315,2.182,4.2603,1.3702,-1.6955,-2.9654,5.9816,-1.2535,-3.5226,4.6966,-7.2315,-0.2564,-0.5628,2.7274,-2.4292,0.5246,4.5604,-3.3264,-2.1328,7.2282,-9.5997,-3.042,7.3291,-4.5249,-7.6519,5.1336,5.6606,5.6516,3.8193,-3.3538,-9.2329,3.6764,-0.2288,-8.3848,-2.4017,-8.0572,-1.5608,7.303,-9.1866,-3.912,-0.9691,4.8266,-1.7433,9.3071,7.9907,-7.52,-5.68,6.0106,-4.0608,2.8361,-4.0551,-7.0626,-4.7842,-4.024,-4.7621,3.9177,-7.5601,2.0097,1.659,9.4737,-8.5143,-7.6917,5.7168,0.3036,-0.1005,1.7382,-7.5107,9.9227,0.2076,2.8653,-9.4996,-5.0349,8.6285,-9.6702,6.3256,6.5673,9.6387,0.7802,-4.2165,0.4127,8.3858,4.7568,-2.5959,3.1,-1.2763,1.5658,8.9329,-8.2108,-1.3532,6.7234,0.0033,-1.9351,0.391,4.5427,-4.4652,-4.0458,7.8492,8.2836,-3.5226,6.1119,7.9905,-7.6312,-1.4603,7.6,-9.429,-9.4577,4.1884,-1.3745,6.788,-6.3651,0.1648,-3.9866,-2.9748,-4.7532,-6.4713,5.6693,8.7322,8.9851,0.4492,4.964,0.3316,-1.102,6.3582,8.004,-0.8957,1.5691,-9.0077,1.5227,5.4713,6.6102,3.4457,-9.4107,-6.5974,-5.8595,9.5992,-6.3566,0.4711,0.8731,6.1033,0.4896,-0.3667,-9.9557,6.4976,-4.4547,-5.0671,-1.8904,1.8881,6.2579,-6.396,2.6036,-4.3457,-7.2138,3.8279,-9.8476,2.8858,-0.1128,3.7713,-7.2923,-4.9575,-0.6767,-3.7345,-4.6562,1.9811,-5.6104,-6.1858,2.4847,-0.0323,-4.7047,9.6223,1.0401,0.7028,1.7298,4.9326
-3.0167,7.2553,-5.3134,-1.8803,5.2615,-7.8739,-1.4074,-6.5281,0.4267,-6.197,-8.1794,-3.5824,-6.1063,3.4257,6.3527,1.0006,4.8782,9.9743,-3.3112,-2.9742,5.9439,-1.9084,8.0206,8.1235,9.1923,0.1992,0.0467,-5.6942,8.6978,7.7535,-7.5795,6.1904,-0.772,9.9124,0.1588,7.6506,3.9526,-4.4169,-4.9331,5.1757,6.2562,8.9114,-0.8278,4.5483,8.6773,-1.7234,-1.3347,-3.6954,-6.3056,4.2372,5.8525,-9.9207,-2.4308,-6.2169,4.5123,-5.6742,-9.9857,7.3017,2.964,-6.2453,4.1593,-4.1495,7.0457,7.7969,8.4907,6.7359,6.9593,-8.356,-2.3096,3.5357,4.3166,-4.7142,0.8208,6.6618,-3.768,-8.4101,-1.2132,1.5294,-2.3385,-6.2174,2.4346,9.6717,9.4044,-5.83,-5.4546,5.8874,-0.3643,0.8219,-1.8061,4.956,-9.8285,5.9966,-8.6921,2.7865,5.9223,-5.9379,-9.5051,6.106,-4.9907,3.9371,6.9191,-2.1698,2.2991,-4.3055,1.9291,-2.139,-4.9743,-2.4276,5.6376,5.8363,-7.8304,0.5626,-5.23,5.0091,-3.5945,7.5411,3.1796,7.064,8.083,2.1792,-1.096,-4.4539,5.7467,-3.5577,4.7959,-1.0697,8.2918,0.4368,-3.6987,5.6355,-8.5975,9.5107,7.4787,2.5022,-7.2188,-5.0429,0.0944,1.2897,-4.4871,-9.1107,0.1309,-5.0186,8.7855,4.8,2.9394,2.1645,9.552,-1.5972,-1.0477,4.3249,6.9839,-8.6342,6.5019,7.5947,1.7818,7.2721,8.1531,-4.6029,-1.804,0.3687,-3.7316,1.0197,-4.626,-7.9456,8.9095,-5.4527,9.7372,6.6103,-6.0098,-5.1589,-4.8898,9.2175,-2.4928,-2.2613,-2.9387,2.4264,6.8798,-1.4695,-9.9132,3.3937,-1.0631,-8.8759,3.5922,-6.8826,-7.6351,8.7724,-8.9717,-2.4129,-7.2256,6.4846,-9.5868,6.144,-0.4615,7.6372,8.4453,-2.1003,7.0816,-7.6811,-4.2489,-4.4735
-4.3534,-3.6867,-9.815,-5.8133,-5.0157,-5.6981,-6.2996,-7.886,-7.5854,1.807,-3.2866,-2.8472,9.9384,-8.6294,0.1526,7.2231,-5.3331,6.8393,4.042,7.6326,-9.3359,-1.0752,0.0099,3.2158,3.3173,-2.9596,-2.0067,7.4976,-9.7062,2.4207,3.6935,-0.8441,3.0175,9.7791,2.125,6.5742,-5.6918,-1.841,-5.8013,3.9733,6.4985,6.3256,3.6179,9.7351,-5.7854,3.6303,4.8299,-9.0571,8.3257,6.5045,8.1003,4.0073,4.2397,-5.3386,-9.6108,-9.1635,-4.1974,-9.6787,-7.7074,-6.4778,-3.3779,3.0119,0.1967,-5.9617,6.2579,0.0922,-9.9534,-0.3876,8.0153,8.4989,5.5738,0.7082,0.3182,-0.0049,-5.2462,-5.5622,2.319,-6.9883,-6.2834,-5.3463,-6.0159,-3.9154,6.0831,-0.6792,-1.4828,-8.1967,8.8249,0.6483,-9.9041,-6.4663,-4.1347,1.2118,-9.177,-4.0763,-3.6234,-9.7754,6.7149,3.9301,2.7736,-0.3981,2.927,1.7874,-7.2336,1.2137,2.5841,-8.5154,1.32,-9.1938,1.822,3.7579,6.4241,8.8464,8.1231,-2.444,-2.1773,-9.8698,3.8609,6.0503,-8.6446,3.9724,9.3573,0.4396,-0.9099,2.6394,-6.7582,7.7215,6.6781,0.9808,-1.319,-6.0609,-5.331,-4.4541,7.1266,9.2376,-9.5877,-6.9277,-6.6319,6.883,-1.8541,7.0111,-5.1149,-3.7342,9.2173,8.0812,-0.1515,-0.1371,-7.178,3.2857,9.8224,-4.3066,9.4282,-0.6423,6.4099,-7.4144,-8.7342,5.4719,5.1796,-4.6971,1.2783,4.1437,-7.979,9.4873,-8.5358,1.1555,4.5442,-4.3004,3.7917,-1.0279,6.0115,-7.6211,4.8001,-3.1365,-7.1632,2.3697,-3.8353,2.9629,-3.8704,-9.7682,1.525,5.1609,7.0755,3.8333,2.2509,-2.0038,5.6555,3.4502,8.9264,-7.6577,1.7722,-5.8198,0.5656,0.6373,-6.6402,-1.3753,4.3111,0.6428,-6.3851,3.8063,3.4254,2.1346
7.5946,3.6433,-4.8547,8.6554,-8.9875,-9.4183,0.2187,-7.7816,-7.847,-6.0772,-1.0576,-3.7412,7.6809,5.875,3.2177,1.5415,-7.4673,3.283,7.6267,4.3249,4.51,3.0489,-8.7252,-5.5379,8.6564,7.2877,5.665,-9.4873,-3.9061,-1.9344,8.6289,7.7925,4.9253,4.1281,1.9617,4.8098,-4.3052,2.0155,-4.9583,-6.6085,-4.3807,0.6761,-2.0791,4.5958,-2.794,1.7375,-4.621,1.8909,5.9462,6.8188,-4.3701,8.3155,7.2978,5.7233,2.1601,-1.2809,4.1551,2.4023,1.6169,2.661,1.4487,-7.2964,7.0642,3.5176,4.5953,-7.2676,-1.9881,7.8147,1.1799,-1.1471,2.9985,9.7994,-4.546,-0.001,-7.215,8.3838,-4.3168,7.193,7.4725,1.9689,9.0779,6.2539,-5.0971,6.8129,7.8256,-8.1909,-0.5922,0.7179,0.499,5.1957,-4.2976,-6.8833,-7.7403,-9.9187,0.2191,-6.1075,2.6491,-6.059,3.2685,-3.5135,-8.2918,-9.6197,-7.5186,-3.3022,0.2754,7.2475,5.8788,-4.8674,-7.2995,-4.9633,8.067,9.4145,-4.5516,-9.3134,2.6969,5.2199,-1.9212,7.0133,-2.5282,7.1451,9.32,7.9502,-0.8451,1.886,-8.9756,9.1123,-6.4395,-4.7071,6.449,-8.0568,-0.2055,-1.673,2.4865,0.0871,-5.5261,9.4842,-8.9084,-9.159,-7.5308,2.675,-2.625,8.6836,-0.0239,4.7992,-8.0374,7.5929,3.995,-8.9124,9.4202,-7.3942,-5.8612,1.7502,-4.1226,-4.5782,1.4529,9.9471,8.9634,5.4514,-2.9263,-9.4059,-7.278,-4.9704,1.8787,-4.9191,-6.0256,9.6487,8.5365,-5.1201,2.5767,-3.9556,4.1596,0.9262,-8.0205,-2.126,8.8422,5.7401,-1.4126,7.6451,-8.8899,-8.2962,-6.6727,4.0516,-5.5327,-3.9797,3.807,-2.4079,4.3999,-1.3872,5.5559,-0.2305,-3.5414,1.9446,2.441,-9.589,-7.1541,3.0364,-2.2807,2.4478,5.3066,-6.4018
-4.9412,-5.7288,3.9042,-0.6533,-9.7445,-4.2755,-8.8438,-1.7342,9.8756,-8.4863,0.2207,-4.2573,9.973,-6.1921,2.7786,-7.4276,-2.3832,2.2473,7.2521,8.9021,-6.0672,8.0984,1.1755,7.9454,7.935,-6.6572,-2.928,-8.1123,9.8871,-0.7296,-0.4104,8.2684,-1.7419,-1.9595,-0.5424,5.1386,1.3131,9.689,6.9141,5.8647,2.014,-6.1546,-5.3663,-4.1898,9.4817,-7.282,9.3209,3.0133,-6.1021,-3.6545,0.1929,8.4826,-5.1675,-6.8963,4.1734,3.8889,-6.0444,-9.5304,-5.5597,7.4573,-1.3279,-0.6711,-5.5013,-8.1493,4.9996,-5.5142,-4.6571,-2.6046,8.8193,-6.1168,-6.4288,-0.7369,-0.8071,8.1751,-5.4136,-5.5173,-2.3973,3.1014,8.1254,7.3169,-7.9387,6.7991,6.806,-9.756,-9.075,-4.4147,-5.3568,-0.6584,-4.4767,-4.3513,4.9621,2.2071,4.5477,3.8671,-4.8901,-9.2406,7.7693,7.97,3.8843,-2.1193,-3.6016,-5.349,-5.4646,0.6731,-7.8567,0.3539,-6.5989,9.8903,-7.6879,9.5667,0.3307,3.1473,4.1973,8.0942,2.3392,8.2214,-1.9761,-3.2392,4.7793,-3.5669,-7.2259,8.4726,5.3164,6.1477,-6.0407,-3.531,-5.4422,-5.6967,4.9119,-8.4994,-7.8742,2.0014,-4.905,8.9871,9.4185,-7.6023,-6.4351,5.5706,-9.9966,-8.8524,-9.5809,-7.2801,-2.7129,-7.4916,8.617,4.0914,-5.9178,-8.9322,5.3307,6.9166,-0.6744,-5.3329,-5.3362,-9.1025,-3.7258,-2.3401,2.7929,-1.0373,-1.9547,-8.2194,9.8746,-4.9916,3.5369,5.0305,-9.7064,8.9114,6.4963,-6.4576,-3.3117,1.7149,4.1354,0.2986,-6.0817,4.7634,5.9124,-9.3467,6.9411,3.7243,-7.1439,-4.3419,7.1969,-2.6106,-7.3036,-2.9482,3.9198,9.6404,1.6878,-9.9285,-2.3456,7.7085,2.7965,-5.5884,-6.1995,-5.6461,2.7235,5.0322,1.9464,1.212,-4.4897,-0.8769
2.5971,5.4809,8.2946,-3.1625,3.6338,9.2081,0.7152,3.5838,9.499,3.7029,1.1913,5.1974,-3.3644,-4.7927,4.4627,5.9336,-0.9132,9.1945,-5.4735,4.7716,-1.4882,-1.7988,5.2538,9.9961,2.7943,3.2286,-6.6552,3.8343,3.1967,3.671,6.5242,-5.5399,-2.4121,-4.1482,-9.8649,5.9951,8.1419,-6.241,-9.5821,-9.5474,-5.3311,-0.7315,-1.8735,1.3837,2.8271,1.4458,9.9874,-7.601,1.9313,2.696,7.464,0.2609,3.9419,-4.8625,9.4785,-3.9582,2.337,3.3979,1.1716,3.8624,-0.9124,8.6803,1.3356,7.5136,-6.3269,-1.9509,-3.9242,-7.4675,6.4081,-4.7045,1.8497,-4.1494,5.9567,-2.4244,8.4372,2.2305,-6.0717,-1.6093,-5.8872,-7.4873,3.9608,-8.4071,2.0514,7.5326,0.1845,-3.1335,-8.2721,9.5838,-0.3233,0.0924,7.2147,8.4497,4.7839,-7.639,-2.7124,9.4511,2.2518,2.3749,-8.3547,-9.7042,6.8906,-5.7916,5.2193,-4.2874,-8.4515,5.4092,9.3664,8.189,2.0289,-0.9941,6.3166,8.9375,7.39,6.5219,2.198,2.5582,-4.6409,-7.7134,-0.3588,-4.8034,4.7653,-4.7605,7.5272,-7.2617,9.2796,-0.7491,2.4323,-6.3245,0.9406,6.7184,4.5267,-5.7365,0.6551,-7.0126,4.3618,-1.7168,-6.6574,1.7723,4.2835,-1.7412,-7.3374,3.4629,-2.1199,-5.0899,-9.3489,3.7913,-7.7744,8.6237,-5.2436,7.6698,-1.8846,0.7925,-1.2678,0.6035,0.9969,-5.1857,4.8892,-6.4065,-2.1097,-0.0016,-9.1131,-5.8062,-9.8614,-0.2365,-4.3901,-2.7199,-6.8341,8.8604,5.0709,9.5788,-2.94,-4.6848,-5.5248,2.0548,-9.2523,7.2472,6.8291,-6.3158,-1.6735,6.1294,-6.3503,-5.4034,-2.8284,-5.5729,3.208,7.1907,8.6711,-9.2702,1.0184,3.995,8.2662,-3.8589,-5.8515,-2.2594,1.6447,7.7665,4.9323,-1.8001,-6.9995,6.32
6.3105,-1.2884,1.99,-3.1191,5.5861,-7.4778,-3.408,-3.5444,-0.7851,-2.7491,9.2278,-9.862,-7.1758,-0.7353,8.2781,-4.123,-9.4086,-6.0777,-6.6141,8.2854,-2.5625,8.8016,0.8674,-8.9108,-9.6562,5.2938,3.9524,6.8512,-0.6901,3.5858,1.181,2.3926,-0.5192,2.892,3.4366,8.4965,0.0156,7.6448,5.1195,0.2147,4.247,0.2508,8.0726,0.498,2.6274,-3.7618,-1.8128,-4.3247,-3.5237,4.8053,-1.9499,9.1917,9.9054,4.5217,6.6895,-4.7817,-9.3729,-8.385,-1.0574,7.0226,2.9469,-9.789,5.1545,0.9953,7.744,-7.5819,-4.0092,1.0199,-2.1735,0.1913,1.3157,4.6963,2.6392,9.4514,3.0816,-5.8096,-8.9756,-1.1069,-8.9976,4.6735,6.8105,-1.1303,1.2241,-9.3785,4.1386,8.7993,-4.6762,7.3587,0.4152,-6.7776,-0.319,-6.1954,8.3702,-0.8761,-1.7736,-0.0424,-4.6779,-2.7826,0.4239,9.9702,0.1165,2.8267,8.8959,-1.5128,-0.6232,-4.5411,6.7814,3.2714,-1.0334,2.2033,5.239,3.2754,9.4592,7.0524,-3.2865,5.8976,-3.0382,-9.6661,0.5377,-2.7118,7.5752,-6.499,9.5172,0.3821,-0.0253,-2.3824,-2.4307,9.9107,3.7219,-0.954,8.3841,-4.3469,-1.8434,-8.5947,-6.6775,-0.9367,-2.1834,-9.4043,2.3906,-4.9264,-1.5415,3.645,9.8366,-4.3465,4.519,-8.3082,-7.1641,3.5011,-7.1751,-2.8247,6.0042,-2.0694,3.3301,6.4086,-6.217,-6.4731,-2.3766,1.5216,-3.9263,6.8319,-6.7182,-9.3976,3.8013,-8.0831,-0.9419,-2.2712,-3.0441,4.5261,9.1501,0.1663,4.7638,2.8382,-9.3962,-5.4651,1.7082,-9.3456,-2.1856,-6.5658,2.3916,-2.4769,-9.3858,-2.8896,6.9418,-6.9048,-5.4634,-2.9457,0.4116,-9.466,4.1874,-6.5108,7.5176,0.5954,-9.6693,-8.3843,-4.9181,-0.748,7.034,-5.4389,9.4215,3.9684
-0.0812,2.5985,-0.7064,4.8965,-3.4654,-0.6684,0.4345,9.195,0.8025,-7.7669,-9.2294,2.8744,2.225,1.2176,6.7025,1.9841,6.293,5.7212,6.609,-7.402,5.5833,-1.2529,-1.3253,-3.2931,5.1053,-7.3372,3.9626,2.905,6.7249,8.8132,0.5929,-9.1671,-5.3329,5.16,0.6303,-7.8141,-8.4251,6.9192,-3.9062,8.4874,5.9278,-9.2695,-3.4604,-1.8573,2.1259,-0.3029,-5.3441,1.6964,-6.4252,-6.4976,6.7604,5.4166,-9.5803,7.0113,2.9052,-7.6446,-5.1572,7.509,5.5353,-5.1512,-6.965,-9.0085,4.5539,5.2232,3.2311,-1.3067,-3.8735,4.0947,-3.1511,-4.2724,-8.5632,4.4932,8.2986,-3.0359,3.8021,2.6812,3.0026,5.6584,-0.2145,-9.2719,0.104,-2.9384,-6.7521,9.0821,-1.9174,6.3327,-6.8985,4.1827,2.5239,1.6071,-0.7295,-2.3617,-2.9261,-0.276,-3.0514,-3.2859,0.0235,1.1116,-5.5753,2.5774,-9.9722,3.8803,-1.1217,3.0016,-5.9128,-1.6827,-0.4409,1.0154,5.6077,-0.6498,-0.9765,-2.556,7.1539,-2.83,-8.6294,-2.1062,-3.2954,5.1617,9.8452,7.7475,-3.6265,2.3413,-5.3025,-5.1843,4.9567,7.9196,5.5773,-1.7868,8.4239,-9.5492,-1.8845,-0.1073,-4.6173,7.3487,3.6438,-8.8637,4.2264,-2.9795,8.8021,0.6239,9.6784,9.0303,4.6768,7.4651,-7.9852,8.7713,-5.5914,7.3417,-7.3036,-4.6973,-2.6839,0.8962,-2.2929,-4.541,-5.607,4.4163,-6.2789,5.1032,-3.6803,-0.5091,-1.1047,-9.5351,-0.1009,9.5763,0.7038,-5.7389,8.3848,-1.6529,-1.1976,-6.4273,8.4152,5.3934,-1.178,-8.8866,5.6205,-2.604,2.8915,0.7687,5.9882,-4.2157,5.8917,-9.0968,9.1092,2.5297,9.6323,-1.6866,-4.6397,6.8125,-5.2195,6.9884,-6.8824,4.8184,5.102,-4.8893,-4.7272,-6.3222,4.886,7.9019,-3.786,3.4703
-3.1899,0.6321,9.8734,2.5317,8.2778,-5.6774,-2.9242,5.4927,-2.2534,-0.7873,6.776,1.0162,4.0667,-2.2364,0.4323,-7.8421,4.579,-5.3917,-0.9208,0.0965,8.5036,6.2162,-8.0739,2.193,4.6905,1.1375,2.4192,-1.6965,3.1683,-3.3791,0.4102,3.7442,-5.837,-5.878,3.657,5.1167,7.8619,6.0009,-9.5988,7.9656,9.4673,9.2843,1.0712,-0.8304,8.7142,7.3281,9.3548,-2.2655,4.0589,-6.0439,-0.5883,-3.3983,4.4908,4.373,9.4671,-4.3108,2.0379,-9.932,-3.4096,-1.0363,-6.0471,-1.1515,-3.619,9.1789,-5.3319,4.3072,-1.8436,2.8362,9.6151,-2.2453,3.1897,1.6424,-2.1014,-2.5238,-2.8418,-3.5639,-2.6989,-1.9933,-1.6751,-9.668,-4.2267,2.2729,9.9197,2.4235,-5.0114,2.7604,7.886,-3.4362,-2.5576,2.5643,-3.9082,-7.706,3.5571,-8.1462,2.8126,2.0205,1.5017,5.639,-6.3722,2.257,8.5032,-3.0726,9.1421,-9.8636,1.0968,-9.0998,-0.4058,-9.6922,4.444,-9.3901,-9.6713,-4.9566,3.9596,4.4276,1.7567,7.6437,-6.8447,6.8486,6.8064,5.4879,5.6504,-2.9508,-2.5479,8.1163,0.8413,-5.2629,-9.0793,-0.5938,7.7846,9.9428,9.0775,-8.0251,8.6827,8.3378,-5.0452,7.2157,-8.6392,-8.6214,9.7141,6.4279,-9.3144,0.9698,-8.5626,-2.0856,4.2672,-4.9118,0.2305,-0.8365,1.5973,-3.6277,4.843,0.2442,-2.2989,-6.6073,0.7585,6.506,8.6524,3.7679,8.5213,2.8865,-3.2982,-3.4174,-0.6304,6.1686,6.9645,2.1824,0.0987,6.7085,-2.9234,-7.1381,-4.3591,5.099,4.313,-4.6361,-6.4978,-7.6814,-1.9458,-1.4538,-1.493,-7.2009,-5.5455,-3.9998,-9.9886,2.1005,1.207,7.0885,4.5846,-7.5876,-8.037,6.9929,-0.9391,4.6096,-9.5716,9.2626,-9.2217,2.8892,-0.6163,7.5715,-4.0926,-1.798
0.9636,-3.1608,-0.8812,1.8737,-0.7236,-9.6119,4.8818,2.4901,-9.2075,1.9707,4.9482,5.0744,-4.3007,5.1311,-8.7592,9.6321,8.4409,5.1706,-9.9875,-9.5536,0.221,2.4756,3.4435,6.1651,-4.6821,-5.3398,6.4226,7.8556,6.1555,8.1226,8.9772,-8.7144,1.1571,2.8762,2.834,-5.1265,1.8146,3.6311,-1.2019,-4.648,-9.3477,9.1498,4.9947,2.8232,-4.0597,-6.8516,0.4151,0.5218,5.0791,-3.4565,1.6431,-9.1908,-5.1862,-9.8802,7.7628,-2.265,5.1106,0.1726,8.525,6.3888,9.6879,9.5716,1.3065,-9.1487,-5.2903,1.0659,8.4025,-1.299,-8.8079,7.2193,0.1945,-4.6694,-4.4501,7.7853,0.3977,6.9293,-4.2284,-9.3265,0.1678,3.2003,-5.0575,-2.5012,-7.1572,-0.1451,-2.666,8.5764,7.5248,-3.258,-8.9197,5.6731,-8.6453,-9.9961,8.0204,-8.9644,-0.8329,2.8485,6.3535,-2.1222,-9.5058,-2.519,-9.8249,-6.7739,2.9766,-6.1309,-8.6679,-6.5013,-7.8108,-7.8068,-9.7364,9.3109,-1.0095,3.8702,-3.7721,1.846,-8.7321,6.4074,-9.2719,5.5273,-1.8329,-0.6246,5.5741,4.0731,-2.3758,-7.1399,-2.9506,-3.2397,8.3156,-9.4241,-4.8379,4.5693,0.4884,6.0339,-9.0382,-6.6003,-3.9295,6.5162,5.6723,-7.7631,-8.7713,4.5111,-7.88,-7.9848,5.9809,-4.8724,-4.6036,-6.8379,6.3146,1.2987,-9.5649,-6.7918,4.6435,8.5444,-3.0417,-8.1422,6.4843,8.0358,8.3525,-9.4236,5.6707,-0.8785,-7.7469,-8.266,0.0299,-4.0797,-5.3699,6.6388,-3.5994,-4.8198,-7.4731,-2.1996,5.6364,-1.9489,-8.871,-3.6529,9.632,7.2817,-6.6849,9.8574,-8.2554,-2.7255,5.28,9.2193,-1.0927,-2.8451,-9.6323,0.2208,-7.0432,-3.7422,7.4433,8.4044,-9.363,1.7193,8.5294,7.917,7.1081,-7.5112,-0.9414,-1.9892,8.0967,9.9315
-9.3028,4.6767,5.1293,-3.4208,-2.9066,8.6567,3.1788,-9.9102,-4.4143,8.747,-0.5626,4.6009,-8.1976,6.9714,7.3072,3.4618,5.1632,1.2121,5.9053,7.4524,-3.6725,-0.5845,7.903,-5.7523,2.9951,8.9405,7.307,9.9972,-1.4809,8.5787,2.2647,6.4991,-6.4927,-8.6497,3.9119,-6.9051,-9.4237,1.5939,-9.7117,1.6246,-9.7917,3.2818,9.7548,2.9846,9.0093,9.8477,4.6792,9.4731,-4.0593,-8.273,-0.8777,-7.8604,-8.5522,2.9666,7.9597,6.7991,-2.0242,-0.7085,3.7858,4.5509,0.6766,-5.2065,1.5963,6.5088,-2.4854,-0.1855,-1.5025,0.5298,-0.8462,9.3377,-6.7407,-8.1191,-7.7061,-2.7401,3.6298,-1.3489,8.169,-6.3162,5.295,9.2284,3.6247,-2.8863,0.2921,-3.9819,3.714,2.6531,2.6317,-2.3425,-5.9272,1.5606,-9.8629,5.9499,6.0274,1.5422,5.6228,-1.3965,6.5394,7.382,1.9504,-1.5898,0.1503,0.9528,-7.5928,9.8838,-3.1733,0.1451,2.5745,-5.2078,-9.239,-4.5351,-3.8092,-8.3263,9.4073,-9.2777,1.2682,0.0903,-1.4035,8.0356,-2.4192,-4.5483,3.4702,-9.5594,0.7976,-3.4813,-9.6147,-6.8086,-1.8803,-9.9788,-9.4586,1.9697,-4.2307,2.7543,7.0478,-8.3168,7.0265,2.829,4.1331,1.7162,-3.972,-4.1629,3.061,-9.209,7.2853,-2.8342,-0.0487,6.3707,-2.4187,-7.6684,-6.423,6.4928,6.2173,8.2918,6.3968,2.2407,6.2898,-9.4251,5.6795,3.4883,-4.0251,5.8953,7.839,-7.3771,-0.6835,-6.2415,8.8187,-3.3203,5.4728,7.655,9.4115,7.2359,1.1709,8.7063,-9.2695,6.8542,-9.4757,7.7547,-0.8394,-3.2906,3.5263,6.0082,0.828,7.8976,-6.3483,-8.6618,-5.9443,0.2533,0.4777,8.7723,0.6439,-0.4672,-2.0864,-6.9597,-6.3397,2.3263,-2.784,1.2812,-1.3752,2.2497,3.1093,1.8892
-0.8445,1.7076,-9.8493,7.7733,9.2071,-2.1155,8.1868,-1.9299,-4.5899,-9.5071,-1.1388,7.668,4.4142,-3.6203,3.8983,-5.7057,-0.8688,1.7064,9.0613,3.5641,-5.4608,-3.0274,-3.837,5.9693,-8.9984,1.0985,0.5421,1.6033,6.3265,-0.1076,-2.6268,-5.6895,9.209,8.9866,7.6294,5.6718,-9.5255,-6.4446,-1.298,1.3981,-8.3118,-8.8588,7.1296,8.8979,5.892,5.7113,-2.5741,7.4887,-6.3142,-2.0168,6.3976,-8.1527,-9.1948,7.0537,4.8875,1.9016,3.5233,0.1516,0.6686,2.5222,9.4689,-9.9365,3.5735,4.8849,-3.4108,-7.3282,-4.5917,-9.467,1.4917,8.0073,-0.0901,1.1521,-9.2,-6.779,4.2942,0.6617,-7.6993,0.9516,7.4633,-0.8484,4.6914,1.9626,7.5974,-2.7174,8.094,-6.018,6.4102,-0.945,-9.5224,-2.7138,1.6151,8.6473,-5.9468,2.9225,6.261,-2.9762,3.1176,5.3159,7.2539,-1.4652,-3.0704,1.221,2.9929,9.1606,-7.3243,3.5161,4.1877,2.6682,-9.694,-4.8685,-3.3016,6.8026,-7.9809,7.5107,-1.7094,0.6874,-0.3086,8.1046,-1.2434,6.3081,-2.5269,9.7137,1.9786,-9.6264,8.047,8.233,-6.4155,-2.2441,1.2363,4.0388,-9.0896,-5.2319,2.1818,-1.0956,-9.8328,4.5907,-3.3565,-9.045,-4.76,-0.8355,5.2543,2.9089,8.6001,-0.3992,-4.1655,8.603,5.542,6.2881,2.792,5.8775,0.6987,1.5581,-4.0413,7.0048,6.9586,-8.092,0.2895,-6.1332,-2.6271,-2.43,7.3325,-4.2921,2.1308,-4.2038,8.1225,1.2675,9.6405,-0.7073,-7.2628,4.3993,-6.5232,-6.9853,8.6867,4.8966,6.5751,-4.1318,4.5192,-4.93,1.3252,8.9146,4.7744,6.452,-3.8869,1.2458,-0.5428,-1.1449,-7.7352,-8.3619,-6.7551,-9.268,7.2208,-5.2056,4.3268,-1.6422,1.0877,9.4073,-2.9802,-2.7499,-3.5933,5.8039
-7.0361,6.3133,-4.7574,3.4886,0.5575,-6.3654,2.6539,9.5978,-6.7478,-0.6587,1.8007,-5.1385,8.2621,6.1975,8.2423,-2.3096,2.8636,7.1437,4.7479,-8.9039,4.261,-6.6331,0.9995,-7.8893,1.1273,-6.9864,-3.7312,-2.9496,-6.2352,5.3676,6.2886,3.421,1.0738,8.4945,-6.5455,0.0349,1.024,8.2002,3.8337,-0.2059,9.2892,-1.8265,-6.8545,-6.634,-8.955,5.0196,-7.6405,1.3806,1.7045,-7.5282,-5.5605,0.1109,4.7834,2.1163,-3.4644,-1.4329,5.6024,8.0888,3.8043,-8.1924,-0.5236,-4.5812,5.9051,4.4729,-7.3886,9.2286,-3.5964,3.4492,-5.3677,7.3268,-5.4622,-5.174,-7.6275,2.1995,-0.4399,-6.0052,-4.8691,-7.6836,-0.2214,8.9648,8.5457,-9.1903,-5.8372,-4.3994,6.0108,9.2265,-8.5521,-9.0512,-9.3631,5.368,-2.4297,9.1587,9.2835,-6.2227,0.1812,8.3819,6.239,7.2223,6.2622,9.4288,-5.2097,-5.889,-2.326,-0.6688,8.3249,-9.6562,-4.846,1.3744,-0.6671,-9.8519,-3.6493,-5.4163,2.1606,9.3285,-5.3032,-1.6933,2.4344,3.8528,-5.8451,-4.4587,-0.5533,-4.6829,6.1058,-9.8827,0.1334,3.0561,-0.7168,4.5194,5.9734,-9.3679,-2.6594,-5.5525,5.3651,-9.9097,8.1151,0.3068,5.9724,5.126,-6.6748,-0.8092,-0.6824,6.54,-0.9853,9.1667,-4.4421,5.4981,6.9698,0.4096,1.5277,-6.0854,9.9892,2.0685,-3.6784,-4.7852,-7.3908,-3.0415,6.1408,-0.2104,6.1236,5.2304,-8.5565,3.009,-5.9939,-3.457,-5.702,2.297,-3.8426,-3.5505,-2.6514,-3.0478,6.7144,6.9256,1.0657,-6.5166,0.642,2.9649,8.9963,0.0028,3.4643,-1.5151,-5.8912,5.1503,-8.6228,6.6796,8.8136,-6.4194,7.7749,-5.056,-5.7725,-7.6137,-4.452,-4.2033,-3.6703,-1.324,5.3321,-2.1645,0.8215,6.5241,-3.1147,0.7853
2.5107,-8.4918,2.303,-8.552,-6.5405,-0.6196,-6.5508,9.5788,4.7396,5.6659,3.4255,-4.9039,-4.1124,-1.5743,-2.5958,0.4811,3.9061,-6.2228,5.9235,0.3306,0.8418,-7.4899,-8.0308,-6.7122,4.0053,7.5419,-0.3184,0.5313,-9.7015,3.8511,8.441,0.3138,2.3229,-9.8794,-9.718,-7.3358,2.0915,-7.6888,-8.9252,-4.8829,8.5441,-7.4239,-0.4334,9.0475,-7.5649,5.1511,-5.8761,8.6919,0.928,-3.3503,-8.8524,1.0902,-4.7525,7.6223,-4.0057,9.7356,-9.4282,-8.1183,-8.3955,5.7906,0.7603,-4.1056,0.466,-0.1607,5.7956,-3.9363,8.2361,2.7509,9.3972,-3.0677,3.5202,2.2203,5.9251,3.6652,9.5697,4.9935,-9.2011,8.9814,-6.2081,-1.4329,-8.6565,-8.8377,-1.7969,0.6053,2.9763,-9.7656,7.2932,2.1671,-5.2973,1.5382,-4.4287,-9.4439,5.9492,5.2853,5.0562,-5.378,-7.7148,-7.5192,-6.5457,2.7124,-4.6866,6.6821,6.8739,-5.9517,9.2567,-8.0343,3.6724,0.0397,-9.158,-4.6012,8.2116,0.233,-1.3439,-5.9754,2.3853,0.5628,-0.0374,-0.3325,7.1545,8.2326,8.0163,-7.4533,-1.0116,8.2219,-0.4324,-6.3691,0.8798,-3.3477,-5.2045,7.3691,3.2013,-7.5385,8.9696,-0.1247,-3.702,-5.9247,-3.78,-4.3077,-7.8709,9.5973,8.4591,7.2014,-2.7161,-4.3406,-5.1455,6.517,6.3003,-8.9619,0.4351,8.7487,9.5094,0.3693,-1.3839,8.4586,-2.3942,-5.7313,2.0589,-4.0535,8.4261,4.8458,-3.8684,-6.5105,-1.931,7.7401,-0.192,3.6077,-0.4601,-5.4836,3.046,8.7435,-3.5745,3.188,1.6828,9.8124,0.0294,-7.6212,-2.3365,-7.5296,9.4022,-5.9945,-7.8451,-9.0566,3.0181,-1.3569,-8.3156,3.3064,-8.3663,-5.8486,4.2025,-1.1584,-0.6758,3.3107,-4.9063,4.124,-2.4627,0.8188,-5.7375,-0.9477,4.0846,-6.9426
7.3411,-3.1021,-2.2003,6.7913,-7.6051,5.4742,-2.7469,6.6157,-9.7232,6.2501,-0.6611,4.0801,-0.2708,5.5737,5.2569,5.5864,4.2926,3.8679,-8.9263,-4.3647,-8.8939,2.2309,6.1415,-9.5114,5.0921,2.6951,-9.9968,8.6166,-1.3672,-0.1622,0.6852,-1.02,-6.7333,2.5325,7.6424,-1.8803,-8.9251,-1.4021,-9.9976,-8.645,-3.248,7.5534,9.0596,-1.1813,-0.9198,-7.6856,-9.7214,-0.1825,4.9668,8.6613,-4.3369,-6.5343,-4.1792,1.8445,9.2921,2.0496,8.5782,3.8392,-6.1383,-9.8496,-1.4339,2.3881,-9.2063,-7.0707,-9.6646,5.2911,-5.3147,2.9006,-0.0872,-9.1643,-4.1623,-4.4094,4.7366,2.8525,8.3636,-2.5567,-3.6571,-8.313,9.5659,-7.0425,2.2369,7.8834,-5.7463,-3.7075,-2.6076,-8.5382,-0.872,8.7477,8.3888,-4.4929,6.6819,-7.4644,-5.4552,2.4988,5.2109,1.2409,9.0519,8.5441,-5.4184,5.6916,4.7295,3.249,7.1066,-2.0534,-2.7305,1.9934,3.8819,6.5337,3.3061,7.6116,-6.7299,-7.7217,-5.3506,-9.8235,-1.3335,-7.8377,0.5402,-1.4237,0.8925,9.7427,2.2026,-4.9653,1.7875,2.6444,-4.1895,-1.2024,-8.1908,-3.5457,-3.4096,2.805,0.1211,-7.4067,6.59,-8.4974,3.1302,-1.8256,4.0925,3.6357,1.1075,-9.0629,-1.9075,-3.6705,5.9597,-6.8044,-0.9595,-9.2312,8.7681,-9.3196,-7.0,5.8913,-4.1772,-5.1475,5.0751,7.6072,-3.9431,6.9063,-8.3041,2.5309,6.2266,4.6078,7.7895,2.6754,8.3042,-5.1373,2.8405,3.3686,-1.7833,-9.4569,9.2898,-5.6104,-3.465,-7.9216,-4.4041,3.9361,-1.1175,-2.5955,-7.6024,9.8521,-8.5267,0.5365,2.3975,9.1865,-4.2839,5.0985,-1.514,3.6298,-6.649,-1.1329,8.8049,-9.3319,9.8587,9.6559,-8.5313,-9.097,-8.0603,5.4621,-1.7403,2.5071,-0.25,9.836
-5.4314,-2.3411,-6.5677,0.3324,-8.9988,-4.6362,2.795,-0.882,-2.6743,7.9214,0.4452,1.5717,-1.7415,0.7308,-9.5906,4.6118,3.5194,7.5549,4.8041,8.674,7.9983,3.4961,-1.6241,-4.9518,-3.4704,2.6865,3.2632,-4.6743,-8.8698,-5.9468,-7.702,5.6333,9.1229,6.4259,2.8993,0.8635,0.9168,1.8259,-9.6766,8.191,-4.7698,6.7177,4.8008,2.9998,-3.2736,-5.4593,3.8763,8.3932,-1.8916,8.8621,-8.1307,1.0264,0.1937,1.4947,-5.9457,-9.4449,-6.0791,-9.0252,-9.5151,6.3014,2.5583,-5.1959,2.3763,0.1876,-2.8831,2.132,-8.8414,2.3504,9.6463,-7.0335,5.0129,-9.9939,8.2969,-1.7586,0.1326,-3.7123,6.8094,-0.5868,-0.9891,-9.7888,0.0315,0.0528,2.7093,-2.8437,-6.5935,-6.3516,5.0643,-5.1194,-1.3721,9.858,-4.0282,-5.969,4.0292,-4.3512,4.2547,8.5562,-5.816,-7.8003,-1.7956,-1.1371,-2.4274,-1.8673,3.8311,-7.8646,7.1196,1.4251,-2.4943,-9.5843,-1.1528,0.9113,-3.2197,1.1475,-6.6009,8.0004,8.2533,-9.5267,-2.4775,-2.6273,-3.1424,-5.106,2.3434,5.1552,4.1825,-9.4196,4.2545,-1.5258,-6.0291,-7.5048,-6.1198,4.1649,0.4473,-2.531,2.4129,8.1977,8.0368,3.6601,-6.8047,1.6175,-3.3657,7.4545,4.6701,-6.6328,-6.6469,-8.7321,-6.7849,-9.4247,-2.7863,-1.1387,6.2796,-4.3029,8.9362,-0.5164,-3.6069,6.4556,-2.138,-4.1307,6.4401,1.552,-8.7211,-8.1672,-4.0036,3.3038,-4.5601,-9.4339,9.398,7.8721,1.9558,8.0074,-5.9862,3.1241,-9.8071,-2.091,-6.9446,7.6858,-5.7906,-0.7209,-0.5813,4.6639,-1.3088,-7.9555,7.4971,3.2834,-3.4997,3.3508,-9.0202,5.6207,-0.0396,-0.2582,0.535,4.5247,1.8494,6.6672,-9.9401,2.2865,2.4346,6.6024,-7.8119,-2.5919,9.7102,-5.7069
-8.841,2.7967,-2.1856,9.7964,-6.5725,-1.9739,3.6459,0.6218,8.718,6.0527,5.5618,8.2753,2.3143,7.0629,-4.4474,1.0776,-8.8391,-8.5248,9.8735,5.0689,1.8427,-1.2633,2.0892,0.3593,4.2238,6.1366,-1.8604,-7.6929,-6.5112,0.0315,-0.0571,-5.5052,-5.2167,8.0175,-4.5033,-9.4872,-9.1065,-0.2513,-9.205,-4.4539,3.1937,-1.6961,0.6645,-8.7055,1.1185,-4.5502,4.8688,4.3161,-4.2974,2.4544,1.2788,8.934,6.4157,-0.1188,4.9579,5.3069,-1.507,7.5173,-4.6823,-7.6699,3.2694,9.4148,-0.8224,9.1169,-7.3327,1.1348,-2.9348,9.0611,-4.4563,1.6368,0.0154,0.9116,-6.4688,-6.491,4.0908,-9.6462,0.7168,-1.1681,4.3906,-0.7913,9.5388,1.8011,2.867,-9.0255,0.8564,-1.63,8.3711,-2.8014,8.2022,-5.0997,9.9535,-4.4366,8.5677,2.8412,6.34,2.8151,-0.1768,-7.567,-9.4116,1.012,-5.2434,-4.2222,-8.3977,4.4523,5.2158,2.4968,-7.4234,-3.5649,-9.6456,4.2813,-5.4887,0.5057,-4.1901,-3.0432,6.2827,-7.1905,-8.8653,0.4247,4.9777,3.4519,-0.4751,-0.4702,-9.1357,8.7061,2.7202,6.7853,8.3476,-5.6113,-7.932,0.2633,0.2546,3.9612,-6.8798,7.399,6.5589,8.6205,7.3437,2.3131,1.951,9.685,-3.0909,-8.8458,-7.2103,-6.5884,-4.5648,9.5722,-6.7724,4.6499,3.2887,2.6197,4.6378,-8.7893,0.1956,2.2614,-0.255,-6.3553,-4.0498,5.9588,-4.847,6.9536,8.0737,2.8091,-2.8125,8.1181,6.9337,-0.7969,9.7671,3.3463,-2.717,2.8565,-2.8771,0.7536,-4.8016,-5.2714,-0.4126,2.1716,-2.9728,-8.9143,2.9709,-6.2332,9.5461,7.2183,-2.6895,7.4086,-5.993,7.6874,8.4554,2.418,-3.7705,6.0778,3.6407,-8.061,2.9557,-7.22,-0.1315,-2.521,-3.3563,-6.8984,8.8334,-2.6804
-4.8905,-7.1701,-4.9738,-4.8833,3.4452,-6.2437,6.631,8.3264,-8.7376,-5.7054,4.5076,-8.1328,-0.0691,0.4941,-8.9927,-4.8151,-4.5206,8.9898,6.2234,7.3738,2.8433,7.6669,8.1493,4.0998,6.1398,-8.5307,9.8283,6.2385,-5.2068,6.9193,-6.2405,-2.7659,1.8885,0.5976,-5.6333,-6.405,-9.141,-6.2562,0.8347,6.1137,1.9208,-0.3792,2.4025,-8.7602,7.9008,-4.7314,-5.1975,-6.288,-9.768,-5.7122,0.9172,4.5297,-9.9217,9.6875,5.2841,7.2229,1.1472,9.6268,1.5832,0.207,-7.087,2.2886,7.3462,-9.3641,-3.1161,4.093,-3.4846,2.9605,7.2984,-2.0344,2.7073,-8.6246,2.2976,7.4185,1.712,5.1783,-5.6123,-7.0184,-0.8215,6.2287,-6.725,-7.9549,6.5763,-6.0581,-1.3437,6.0873,-8.0357,-3.1539,4.8581,-3.0469,-4.5477,0.7078,8.8251,-1.4348,7.8979,8.1174,7.6493,-1.2282,6.9837,-1.8678,4.1773,1.894,-7.2684,-9.5249,-9.3544,-4.4082,-4.8934,-4.5976,0.8784,8.2088,6.7957,-4.8941,4.1568,-1.3469,5.6406,2.5962,-0.3143,-2.2003,-0.233,4.4037,9.4033,2.0129,-8.3382,0.1841,-0.8954,-5.0608,-3.845,9.7894,9.8413,3.2933,5.6499,8.0657,-0.6274,-5.0001,7.5384,8.9056,0.6182,-9.1792,1.9257,7.2647,-4.006,-8.7706,-1.9228,5.3213,5.1898,1.8656,-1.7421,-9.0903,-1.7771,2.2348,-9.5985,-2.8369,5.3656,-4.7627,7.6585,0.7592,-8.0129,-2.4256,-7.4304,5.9235,9.3326,3.3607,4.8977,-2.9657,-9.4228,2.3823,-2.4932,-3.8913,4.2157,-9.1037,5.2297,7.4371,8.5376,-2.7375,5.5984,4.5501,-4.2952,-9.8204,2.9036,6.3193,2.6054,-9.3696,-9.3288,7.6781,-2.6397,-5.8548,-2.5728,9.8006,-8.0216,-7.1465,2.3205,6.9988,-1.8983,-2.8991,-0.1864,-8.5131,2.7286,-3.8116,-4.7313,0.7492
-7.5313,-7.9048,2.061,-5.0112,-5.149,0.1018,3.0754,0.2041,-2.8826,5.6122,-7.6437,-1.3146,-2.8225,5.5152,-0.3765,-6.4767,-7.2769,-3.9987,-9.9469,5.4905,8.3655,5.2903,-3.8561,1.6981,1.1381,6.1108,4.2014,0.3532,0.3797,-5.7894,-2.5706,9.7813,-7.1969,-9.8696,2.1092,-1.1269,7.1214,4.4217,2.8578,3.6346,-0.1179,2.0682,-2.7547,0.388,-4.3598,8.022,2.3952,0.9726,0.2898,-6.7775,9.3065,0.984,-8.9143,1.607,9.1437,5.2237,-4.2818,-7.6858,-7.9808,-8.685,7.7858,0.962,9.3268,-9.5089,8.3931,2.4179,-2.5098,-1.6938,-6.0018,-6.7004,8.3925,-1.3952,4.1718,3.4425,9.0307,-8.9055,-9.8605,-1.9083,1.4372,2.8479,0.8633,-9.4236,8.8992,7.8427,-7.8406,8.6423,2.3105,5.4538,-2.4421,4.9545,-7.1031,-1.6003,7.1821,6.3976,7.2753,3.3956,-6.0113,6.171,4.7783,-6.7147,-1.0275,3.4704,-6.0722,9.3528,0.7298,0.3139,-4.1134,-9.7643,-4.161,-6.3782,-5.9534,-0.8061,4.7457,3.8633,1.6478,7.4503,4.9484,-2.1602,9.0043,3.3881,3.3144,-5.9072,4.2432,-1.328,-7.6129,2.1372,9.56,8.2264,4.0663,-2.0697,9.6696,-2.2426,-2.6048,1.1725,-5.1075,9.3412,-0.182,0.7508,-6.2652,-0.1013,5.0449,2.8028,-0.4918,-5.297,-2.5447,-6.8089,-6.547,6.4407,-1.732,8.7844,-4.8676,4.0199,4.7957,3.6042,-0.3092,-9.192,1.4678,1.2331,6.0137,-0.352,0.1884,-5.8532,-5.6009,3.7215,-9.9878,9.0837,2.7068,-3.2627,3.5222,-2.9916,7.8943,0.8581,-6.534,5.0956,-6.0347,-6.0595,-5.1584,5.5345,2.4734,-1.5259,2.8262,-9.7551,-7.8741,4.9848,-0.9849,1.6934,2.7549,-2.5104,-6.8174,-7.5899,3.2973,-2.3365,4.7364,2.1113,9.5902,-6.41,0.0559,9.529,-5.2021,-3.7202
6.6881,4.3421,-6.7199,-2.5366,-1.861,-8.5997,-7.8776,-7.6557,5.4305,1.1151,5.2903,9.6729,-0.1548,6.0502,-7.9688,-9.0854,6.2718,-4.9286,-6.3776,7.6646,3.6951,-3.4979,2.9687,0.1201,-6.2889,-5.8857,5.6355,-1.0462,8.0367,-6.6711,6.8085,-5.5077,2.3335,-0.9027,-5.5985,7.4608,0.9094,-8.9442,-9.2757,9.2205,-4.4759,3.3091,-9.3929,8.516,9.8146,4.6847,7.5143,-6.373,1.7866,-0.4518,-7.6447,-3.8239,-5.1993,-4.3341,8.8471,5.8748,6.5623,-0.7584,-9.8504,5.7711,-0.3505,6.1513,-6.4325,-6.5183,7.7885,-1.5216,6.3084,1.5357,2.5019,2.5762,8.3192,4.4526,-9.1723,6.7167,-2.112,-7.4555,-6.2848,7.2416,0.0922,-6.0742,-3.3298,-6.3894,-9.0493,-5.9803,-6.9738,1.2352,-0.8105,-4.139,-0.6796,-4.4327,-1.6785,-0.3182,-8.849,3.8783,1.7717,-0.2593,3.5968,-0.1376,8.0232,-3.6901,-9.5021,-2.8256,0.8274,-2.0152,-8.8958,-0.1242,2.7125,6.2552,9.0685,-2.4925,9.6259,5.7508,0.6977,-9.2832,0.8377,-8.2585,1.5261,-9.5429,-8.2379,-1.9697,-4.1532,5.1397,-7.119,3.6374,-8.2981,-4.5716,-1.0522,7.9977,5.678,-6.0075,8.1975,-6.2369,-8.3618,0.1645,6.2518,8.1639,-8.8685,-1.5945,3.0354,-9.056,-5.8404,8.1893,2.5764,-3.3146,3.3356,9.8015,0.7719,1.7041,-4.1915,4.6283,7.0764,-5.8411,9.181,7.1447,-5.8449,0.3274,2.3609,-9.9712,4.6892,9.3157,-3.3635,-1.4163,7.7751,0.6352,5.8649,-6.2093,5.2439,9.9651,-6.0003,-9.6196,7.2093,-9.8001,9.0203,3.9505,5.7851,3.4931,2.1197,2.8524,1.2469,-2.7002,0.5421,-6.2792,-5.7387,-7.3752,9.2679,-2.3114,8.3999,5.6103,-4.6086,-6.0247,-5.4639,8.9388,4.7008,5.3328,-6.6482,2.9016,-0.6224,2.9383,-7.2823,4.5391
-0.3014,-1.3823,4.9087,-1.5518,3.2723,-9.8062,0.7613,5.4659,-7.6268,8.2819,-8.7859,-3.1992,3.2293,-5.37,7.087,4.3652,-4.7092,-6.4547,-6.7457,-2.4849,-4.6927,8.9755,3.8711,2.6639,7.1513,-0.4969,-7.5718,-7.9035,4.7031,3.01,0.4329,-7.5852,-2.4643,-3.4532,-1.7239,9.0386,3.9129,-1.202,-5.1216,-6.8725,-3.4391,4.9995,-0.8982,-1.1351,6.4736,-3.5568,5.9928,6.0882,7.4257,6.6926,5.5709,7.5691,9.2489,3.4912,-6.8433,-8.5359,-1.0053,3.3228,5.6702,6.2609,5.6796,2.1534,-0.6909,8.1653,-4.938,1.3671,-1.7983,8.059,2.37,-6.4728,-5.7404,3.5473,-0.4645,4.6191,-1.7685,2.3475,-6.4311,-4.0984,3.1364,-0.5492,-2.223,1.7549,-5.1981,6.7996,4.8199,7.601,0.2458,-9.5062,5.8149,-3.546,3.3627,1.0671,1.7492,-0.8263,-8.8198,1.8684,-6.2238,-9.3922,3.1069,0.7136,-7.1148,-8.4425,-7.3555,3.0308,2.3008,7.5984,7.3252,-7.3148,-2.2803,-4.4158,-0.0546,-2.0295,-5.1936,-9.3925,6.3541,-0.5717,-3.7157,-8.4459,3.997,5.2238,-9.9317,2.8943,9.9897,-2.2526,-9.6083,1.5848,6.9414,-1.1542,5.362,-9.6184,-3.3404,-0.773,-6.7892,-0.8338,3.6449,7.35,5.1699,-0.5027,-1.0077,-4.8045,-0.9369,1.9651,-1.1949,2.7311,-8.2552,7.9996,-9.2997,0.36,8.6641,1.4192,-3.8896,7.8699,-4.4888,0.4514,-4.1998,8.1323,1.7779,1.9216,9.4665,6.4731,-9.463,3.4641,9.9666,-6.2799,1.9691,-5.3922,3.6097,4.446,-7.274,-3.271,2.7706,4.3789,-1.9823,8.6539,4.0165,2.0991,-3.2669,-2.7199,-6.0173,-8.1501,-8.1861,3.7553,-6.0275,8.2957,4.1727,-4.4892,-7.7511,3.4705,8.0081,2.876,5.4189,-2.1808,6.4299,-7.2602,3.8645,6.6128,-3.8768,-2.5552,8.8571,-4.6117
-6.5481,-8.7303,-9.2621,-0.6605,7.2363,-4.2712,-9.6753,3.383,8.1095,9.2122,-0.6103,-3.1717,-6.3761,-1.7281,5.2764,9.8835,-3.6019,6.6363,-1.9724,2.0091,-3.5931,8.3127,-7.3417,4.2476,2.2389,-8.4177,-7.6653,4.4391,-2.1909,8.6051,-5.8303,-1.0875,-9.9521,-3.7277,5.7471,-9.0914,4.8357,3.3352,-0.3398,-3.7312,9.3419,-9.7929,-9.7377,-4.9795,5.2021,-7.0215,6.0762,6.0241,4.3284,1.3728,8.9833,6.9449,-9.1528,1.0053,-6.8958,8.1544,-4.695,1.1521,-3.5897,-5.6043,-7.1499,4.4417,-5.9072,6.3407,9.3447,-5.5892,5.5343,6.9644,0.4954,-7.9239,9.7299,3.155,-2.1342,-9.2928,6.5189,-6.8425,9.4589,-8.6079,9.1913,-4.6549,-2.2746,-6.4514,-8.3513,9.1211,0.4767,1.4615,7.0304,-7.8868,-5.0416,8.9692,-1.0813,4.6433,-1.7806,-4.14,-9.4559,-6.3364,0.828,-6.8449,9.4564,-3.3404,-1.192,-7.3409,1.5374,2.8997,-1.4842,-9.4781,0.6879,-4.1036,-7.6886,1.5953,9.2906,-0.6106,-1.3826,-8.8837,-2.8842,5.1449,-0.7159,-0.4078,1.8921,-7.1883,-8.5641,-8.2744,-5.9969,-3.0387,6.4229,3.0663,-2.0383,6.0535,5.6519,0.0755,-4.0629,-0.5391,5.4379,2.0281,-2.027,-3.9341,-1.5931,8.6825,6.082,3.3084,-9.865,-5.7902,2.7183,8.3875,6.926,-0.426,-7.5821,1.499,4.6658,-6.4842,-5.7049,4.7663,-2.5735,5.1553,-9.0627,7.9412,1.9099,7.0695,-9.6577,1.7373,-8.9141,-4.4326,-1.1822,-3.3073,-8.8733,1.3869,0.6839,9.0341,-0.7316,-7.3315,-0.6588,-8.8897,6.7922,8.426,-9.9282,8.2607,0.6979,2.2084,-3.4712,-6.6244,-9.7422,-7.7065,-4.9541,4.3835,-7.6236,-6.526,-2.5537,-1.3276,-6.0964,7.9877,-9.4776,2.3832,6.9817,-3.2048,1.2347,-1.2152,-0.3421,-3.8001,-3.6617,6.1949
-0.3669,-8.3262,-5.4841,9.3946,-0.8238,-8.7889,4.2361,-0.0904,8.2061,8.3102,-1.2306,-2.3835,-7.7759,-3.16,-3.3975,4.2931,-1.3149,2.8618,4.784,-0.3637,0.7292,2.4009,-1.6525,4.1372,-0.2941,-8.7912,-3.9442,-0.7776,-7.0884,8.5409,-7.6385,3.0302,6.6804,8.0298,8.222,2.3077,-8.1708,0.5485,-4.6538,-1.7376,5.9283,1.4916,1.0643,7.8988,5.4873,-0.7656,5.6158,-1.7439,-1.4201,7.9233,-7.5916,-8.8088,9.9034,-0.4381,4.7788,5.3015,-8.5641,7.3987,8.8471,-0.8894,-4.5113,0.9045,-9.1032,8.3419,-6.6852,5.3515,4.3661,7.44,9.4467,-9.7124,-6.7578,-2.1335,-2.3978,-3.8842,-9.5976,-4.6403,9.8276,8.5816,6.6758,-2.2817,0.9398,-8.1684,-0.4387,0.1835,5.4999,3.3738,-3.3086,7.0953,-1.8521,0.1373,4.6837,0.3938,7.6541,-7.6789,-1.9292,8.2563,8.0963,2.6396,-5.7291,-6.6577,5.9106,6.4938,3.8517,-7.9999,-1.8488,-7.9525,9.7394,-8.3415,8.5677,3.0102,-9.0522,0.6098,-4.0679,9.7875,-9.557,-9.5576,8.4984,-3.8126,6.1909,-9.6909,6.1202,6.5571,1.7452,-2.9121,-4.4942,-6.2043,-1.6726,0.9009,8.0632,-4.7982,5.9094,-7.5913,4.7082,-8.4638,-3.6086,8.8883,-0.4326,-4.4216,-7.7397,9.1955,-4.4565,4.0529,-4.7901,-5.9597,-3.0933,-8.5847,-9.8123,-5.528,-6.1664,-7.4761,-2.1721,4.4855,7.5217,-3.2635,-6.3757,0.0979,-0.6261,-5.5005,7.9277,0.8204,-1.695,-5.3209,-2.6264,-8.3595,-3.3177,-3.304,-6.3224,-6.253,-0.3609,7.1541,5.4636,0.1626,-9.0733,-2.4578,0.5785,3.7039,2.6648,0.3542,9.5127,4.0594,6.621,7.0636,1.8322,4.6255,2.7506,-5.6138,4.8581,-9.9053,-1.2987,1.0371,5.9577,-9.5007,-6.2803,-9.1772,6.8995,7.3974,4.9159,-4.3031,8.7341,-0.5648
-7.121,1.6129,-0.3064,-2.3371,4.2788,7.331,2.2002,-6.5721,-3.7443,-9.2133,9.3943,6.7651,2.594,2.8784,-0.6097,5.5126,8.3901,0.2435,-6.8176,-2.6231,4.7419,1.4474,1.1124,-7.4355,-3.9133,5.6484,1.0696,-5.719,-3.3398,8.1774,-4.5318,3.6749,9.3071,-4.9357,-7.9215,-8.8283,-8.9035,1.1725,-5.5004,3.4525,6.4997,-7.4219,-0.7196,-7.1884,-6.1363,4.7194,-0.1717,-9.6353,-9.322,-3.3757,-2.8302,2.6844,-3.5286,-8.4221,8.5046,0.2101,-4.2817,-5.8343,8.3218,-6.6581,1.539,-5.0166,6.883,-6.4304,-9.4537,-9.3867,2.8712,-3.4496,5.7049,-5.013,4.4456,5.0384,-7.6618,6.7687,-7.1266,-2.724,-7.5574,-1.3661,9.23,-2.3224,8.4721,2.548,4.1668,-4.8132,-4.0837,9.7732,-2.8809,1.1008,-0.1281,-2.4734,-8.8991,4.5942,-2.4306,1.7537,-8.7858,1.2295,-0.388,-7.5501,-6.9284,-2.8409,6.4353,2.227,9.6176,-5.4443,6.3519,8.9864,6.2453,-2.303,6.3286,4.6431,2.7143,9.8916,-1.3529,5.3808,-2.3906,2.2378,-8.4874,-6.5538,-0.9621,5.003,-8.7819,-0.7057,-8.2935,-8.6245,-1.5063,-2.1701,3.4751,-2.0738,9.6954,-8.8888,7.1907,-8.705,5.4336,2.8519,5.4896,9.3073,2.5502,0.0388,-4.2349,2.1617,-7.7729,-0.0245,-6.0022,-1.4349,5.5422,8.8356,-2.5715,3.2311,-4.8419,5.7451,-1.7929,1.1735,-7.198,9.2616,5.8073,7.9992,2.2944,-1.0445,0.4416,-5.2236,5.5558,-8.5157,3.8599,5.4875,-6.1309,6.4287,7.3617,9.4188,2.6709,-6.123,-7.4846,7.8643,-7.298,2.2514,-3.2246,9.3883,8.8789,9.0223,4.646,-1.9288,-9.1862,-5.5893,2.1346,9.3436,-2.5949,4.8109,-3.6682,-4.4468,-7.0204,1.4002,-4.4593,5.4763,-5.8713,-7.9756,7.7209,-1.4258,2.8005,5.6123,1.659,-8.6713
0.0686,0.5045,-9.9523,9.4382,2.6156,-3.6781,-1.0704,-0.9447,7.4849,7.5286,-6.5694,4.9675,1.3488,2.8683,7.0298,-0.0473,3.4362,-9.6437,-6.9431,7.6802,-3.6155,-0.5938,-5.6205,9.8416,-1.3157,-0.3292,-5.9528,1.9243,-8.6812,-7.2915,-6.0902,9.5627,-3.5869,7.3812,-7.055,8.6022,3.4026,-3.701,-3.2869,1.6076,7.0738,-1.037,-3.5246,-5.6586,-2.0294,-6.2146,-9.3899,-8.811,2.0287,7.7866,5.7316,-4.6562,7.05,1.464,4.3714,3.396,-1.3331,-3.6863,-7.1005,5.6123,3.0788,5.7839,-3.2109,7.3021,6.6759,-2.1652,3.8229,-9.2361,7.9891,8.1098,8.4814,3.2684,-7.9386,-3.002,0.7514,-7.7701,9.2116,-2.5731,3.8483,-3.5081,-5.7442,5.1495,-4.3006,3.3048,7.0796,7.511,3.7562,8.9088,-0.8293,4.4616,-7.175,-7.9387,5.9877,-2.566,-9.5109,-9.4399,7.9036,-3.5085,-0.3734,-4.5008,8.1991,7.3059,-1.3657,8.2986,-0.381,-3.9361,-4.0508,0.2053,-0.3003,-7.6453,-0.8105,8.6359,1.3947,-3.7867,-5.3213,-6.7345,2.0904,0.4335,8.0506,-4.4992,8.4355,6.1988,8.6293,1.8847,7.2587,-8.3153,-5.6494,-6.9332,-3.6563,3.8776,1.526,-7.9119,7.7084,6.4833,-7.0637,-1.4058,7.309,-7.977,-1.0254,5.3054,4.1809,-5.0234,-3.0588,1.1747,-8.189,-0.0169,7.106,-7.2539,-6.6996,6.8673,9.2453,-8.5109,0.2036,-5.2742,-8.3557,0.4991,-6.0521,1.299,2.1212,-2.1026,0.8312,9.8488,4.6975,-9.4679,5.2846,3.7269,8.9483,-2.8665,-8.6225,-3.7793,-3.1356,-9.5206,5.5012,0.6574,3.0553,-0.3914,-7.594,2.5557,6.0306,-8.0636,-4.278,1.9415,-4.6553,8.8512,3.5131,-1.7628,2.9572,-1.3929,5.9106,7.4076,8.2569,6.9548,-2.9486,8.3632,2.7235,8.8347,-3.0756,-8.0819,2.8174,4.5136
-5.1094,5.6119,-1.5041,-1.0709,4.0609,9.5214,4.0318,9.1953,-0.5431,3.6326,-7.5633,-8.0375,2.3375,8.163,-5.7849,-3.5318,-9.9215,-7.0588,-8.2796,-3.9081,1.2757,-7.0916,-9.4716,1.0126,-8.8337,1.6544,0.7456,7.9849,7.1802,4.7048,-0.3052,-8.638,4.1483,3.8726,-7.1225,-1.8787,-1.3054,5.3289,4.6704,3.4885,-1.1483,3.9835,6.9489,-9.8137,-4.8437,-3.8234,-1.0087,1.0339,9.8363,-9.7676,-0.882,-4.8613,-8.7465,-6.0899,2.8756,-2.419,-3.1042,-2.9935,1.6765,0.0764,9.6048,6.4405,-0.5077,-2.8212,2.2067,-1.991,-0.6302,7.7126,1.5074,-4.3686,-9.1935,3.3207,6.6515,2.0468,6.0642,0.8637,-1.259,3.1977,7.2527,-2.4967,5.5426,6.169,9.5322,-1.1927,0.4849,4.5326,5.0202,6.6956,2.1585,8.9926,-4.0643,4.0059,0.8084,1.5905,-4.3302,3.7889,9.1355,-2.8189,-2.1061,3.927,7.3247,-8.1987,7.1063,5.0297,1.1086,0.951,-2.9281,6.3146,-7.916,3.8304,-7.4032,-7.2575,8.4044,9.7239,-3.329,1.9844,4.6372,5.409,-9.8109,-3.9792,-9.4581,4.2468,1.9669,-1.7688,-0.6582,-8.1384,4.0733,0.0444,6.5969,-5.461,4.2391,1.3258,7.3843,-1.1939,-7.6203,-3.2437,6.1685,-3.9946,5.0378,3.8189,5.347,7.7734,-8.8443,1.9641,5.1286,4.5797,6.1689,8.2689,4.3886,-8.8666,7.3688,-1.5634,8.7867,2.5207,-6.0348,2.6121,1.0613,-1.6152,-9.7589,7.8302,6.1733,6.8138,-9.7643,0.5434,-9.0276,-4.412,-3.354,5.9555,-7.4994,-8.2281,5.9643,-5.4858,-0.9758,0.5858,-3.6622,8.9907,7.5898,8.5219,-6.9801,-6.0525,8.2423,3.8829,-5.1292,4.5653,5.9887,7.9467,0.4564,-4.5843,-1.6453,-9.2406,1.667,7.6338,-2.892,-8.2018,-4.3132,-7.9013,-2.8298,-7.8863,-0.8904,0.2734
9.1261,1.0918,-2.2175,-4.5137,-0.054,-8.5721,6.5343,-5.9476,3.5872,8.954,-2.3204,-5.3006,-5.7368,9.2754,-8.0364,-7.0655,8.7936,-2.8933,2.0218,9.8925,-4.7579,-8.2494,-3.9496,-8.2978,-5.998,-2.7472,4.1357,3.9648,-8.7439,3.5139,1.9728,5.075,-0.098,7.6013,0.8732,-8.407,3.8568,-7.2088,0.3653,-9.1507,8.2012,0.4627,-2.9629,0.8829,-4.7333,3.0376,-2.8286,-8.0917,-9.1209,-0.9331,-7.6454,4.4643,2.4935,6.2965,6.5766,2.1352,5.728,-9.1425,2.284,0.291,7.9255,7.806,-2.9522,4.5433,5.2468,-9.3669,-2.468,-5.1137,-6.6244,-2.0343,9.2624,6.6329,4.7407,-0.9288,9.3511,5.5954,1.6502,2.0602,2.7089,-0.7865,-9.2947,-8.4776,3.0749,7.7217,-3.7188,-2.7005,9.547,-2.9794,1.1743,6.6504,8.1866,-3.6107,-5.9602,-9.4949,-9.9252,-9.0343,5.7111,8.6054,-2.5372,3.7939,-1.5791,6.805,2.3512,8.3481,5.7793,-1.0768,-5.4727,8.7136,-8.8474,-5.6216,3.6359,8.879,-8.4718,-4.2621,3.7738,2.8351,8.4699,-1.2502,-8.3105,2.1322,-0.8527,7.5675,-9.7777,1.8284,5.774,6.2327,-7.7625,-8.8058,5.0051,9.1815,-0.2708,-3.8303,6.5181,-5.7862,-0.9073,-5.5019,-4.8411,-2.9797,-5.369,0.3146,-8.0069,-5.7163,-4.8363,1.4972,-4.7706,-5.2779,-3.8808,7.4725,5.5501,6.8592,-2.7691,-4.5676,-9.397,-0.8752,-6.0888,3.178,1.1462,8.3486,-4.3174,3.228,9.5521,-7.1949,-5.8414,4.2793,-1.3432,7.7879,2.0899,1.3435,-2.7647,-0.2131,8.0608,-6.7882,-0.2094,-6.0383,6.7898,-5.5896,9.2214,-8.0763,4.795,-6.0078,3.7424,-2.5326,8.401,4.2785,3.2878,3.398,2.2289,-2.1544,0.7426,7.5127,9.8043,-6.0568,-3.5866,-3.6324,8.6542,-7.7307,1.5268,-7.2059,-0.3134,5.8205
0.6796,7.5141,-7.7862,-1.8308,-2.4809,-2.8745,1.0756,1.5772,-8.752,-2.9299,9.7584,-6.5177,8.1254,-8.3699,5.9701,2.0357,8.8697,8.8881,-5.414,-6.4902,7.0405,-0.3977,9.3295,0.6355,9.6043,-3.6164,-3.7903,-8.6594,-5.0503,-6.6127,-4.6073,2.929,-3.6047,-2.3537,1.2188,8.5557,8.3682,1.9688,-4.0066,-4.2407,9.4089,-3.9369,1.4601,-6.1892,3.1374,5.7123,9.9438,8.5332,-7.3155,-9.1946,-7.5702,-9.0424,-6.1251,-9.4949,-4.288,7.3376,-5.4534,-6.4064,-2.1656,1.8521,-4.2787,3.4193,-2.3321,5.3189,-1.7219,-0.7081,-6.1473,4.3139,6.9054,-3.6771,-4.3031,-8.6774,-9.7972,0.0645,8.4126,-9.4538,-7.2518,-9.6866,-2.9812,-4.1933,5.6041,-8.7576,5.0601,6.4893,-3.8785,4.403,9.0513,-3.0929,9.2152,7.0613,-9.75,3.3931,-6.0593,4.6685,-6.1891,-4.5767,5.9996,-3.5934,0.3328,3.6006,-7.6228,-1.8193,-9.75,-4.2917,-4.1309,2.8559,7.7414,9.9227,3.5929,9.5683,-4.1828,-0.674,2.0894,0.8438,-3.11,6.578,-8.7812,8.3015,6.1031,-2.2525,8.8252,-4.9887,-7.9238,4.0117,1.5502,-1.2633,7.0326,2.2628,0.6883,3.8904,-4.5003,1.9952,5.9227,-1.8741,1.6519,-6.7336,-3.282,-7.6013,-8.724,9.8023,3.5906,6.0106,-0.9566,-7.4093,0.9961,3.5852,5.9188,2.6537,-7.1885,4.3831,7.2591,3.7135,-6.5857,0.6782,-8.2556,-2.4861,-4.299,-0.4635,7.25,-8.1087,-6.3913,-2.9557,1.6238,7.2569,0.4481,4.1392,7.6894,5.7176,-9.3477,6.1941,-8.7042,2.8598,0.7876,-6.8344,-9.3609,5.8969,7.6543,5.446,7.1926,4.2096,-5.081,4.2173,-1.1092,2.3473,2.6809,-4.4477,-9.391,0.805,9.1187,3.0691,3.514,-1.9361,-6.517,-3.0546,7.5677,7.1065,-6.9281,-3.7762,7.3087,4.6084
2.2227,4.4024,-6.7819,-1.8831,-2.4598,3.3108,7.6496,-7.3032,8.6154,-6.8402,7.2684,5.5881,5.4025,5.6198,4.7054,-8.9141,4.3321,4.807,-4.6248,0.9485,-7.3607,-5.4442,-1.8468,-3.2536,-5.0301,-1.8018,9.7625,1.1652,5.0066,8.4032,-9.0985,-7.6205,-0.1345,-9.344,-2.4727,-4.7037,1.4353,-8.4057,-2.7158,-0.7539,1.5528,-3.3538,-4.3619,-7.0785,-5.1923,2.3001,9.526,3.4937,-0.583,-0.2945,1.4881,2.0812,3.5136,9.7406,-6.8492,-0.8828,9.2769,-9.5543,-3.7935,-6.339,7.7703,2.1139,-9.4987,-3.8945,4.2261,0.4129,-1.3896,-5.2918,3.5211,5.7796,-2.1875,-1.6017,8.4721,-8.9278,-3.1505,-8.401,9.9411,9.3258,-5.4122,-0.027,1.196,-3.6792,-2.0643,-3.5169,2.0566,-0.6966,9.4732,0.9561,-8.0022,-6.6376,2.322,-5.2946,4.6948,-8.8044,-8.1994,-0.1332,-6.4951,-5.8447,1.9912,-8.6685,5.3857,4.2857,9.3495,-0.4234,-0.7977,7.4418,-9.766,-9.2267,-6.5632,8.842,-7.4261,3.2612,-3.4125,-2.0625,-8.6005,2.6734,-5.4747,-5.918,-3.9168,-5.6699,-8.5165,9.1976,9.0678,1.7339,9.1647,7.412,-5.3729,-3.6238,-2.0601,-8.4897,0.0882,3.61,-9.9539,0.0586,-2.2335,-0.7067,0.2223,1.2264,1.6871,9.7272,9.1768,-1.0535,6.7853,6.5153,-1.9412,4.9577,5.6238,9.56,3.2007,-8.2638,5.8932,-5.7631,0.853,-3.8779,-9.5879,0.3995,9.7965,-5.0684,9.8571,7.6655,9.0098,-3.9091,3.4564,-4.1987,0.4667,7.493,1.1966,-7.4864,6.9416,-9.0671,6.1448,2.0709,1.2232,3.9746,-7.3109,7.8836,-7.3753,2.1386,4.3815,-7.3591,9.183,7.8605,2.8506,-4.5184,4.1999,-9.4045,0.8844,-6.6943,-3.7157,-4.5485,2.0805,-1.5925,6.2254,6.9321,-6.7304,7.4655,6.3839,1.5693,3.5908,-6.2148
4.4003,-8.0961,-7.9745,-3.9404,-7.3018,5.1649,0.8617,5.4211,-2.5597,8.7372,-1.5773,4.8223,6.6989,-4.4714,4.3001,-2.1423,6.7983,7.5406,-7.2296,5.3944,-9.9068,2.3331,-7.729,-9.902,-9.0313,-3.2475,-4.4231,-9.6793,9.9767,6.8832,-4.7482,9.9841,-9.5558,-2.4322,-9.2654,6.8081,6.7933,-1.1334,1.6191,4.8851,-8.9668,-3.3073,1.3711,-0.6471,-8.4495,-8.7467,8.005,4.3258,-4.3573,-6.3543,-4.4597,-0.5703,-2.0505,1.1022,4.9233,1.9035,-2.9246,5.5825,-8.7368,-9.9188,-5.9564,5.6544,0.1499,7.9696,8.1606,9.1045,2.4638,-9.4875,0.1172,-7.7241,-3.3194,-7.1797,-9.8645,3.6261,6.1256,-8.0649,3.0959,-5.0495,-4.6532,-4.3995,-5.5167,5.6917,-9.2243,-9.7743,-6.8475,8.0575,-3.8234,-8.9256,7.0067,-2.0518,9.2611,-5.0423,-7.2205,1.441,-8.665,-8.2344,1.7374,1.4251,1.4088,-0.2773,6.3903,1.5595,-6.9811,-6.9132,8.9812,-4.3614,2.3977,-3.8959,-0.9667,-7.3509,-5.3179,-2.3041,-8.5949,0.306,-6.577,2.9753,-4.2939,-7.0559,4.8899,-2.8729,-5.3146,-3.039,-5.0916,-7.1816,9.4739,6.429,8.2946,-0.0313,1.3316,-1.1426,-6.0758,-3.2316,0.2658,-8.9076,9.7826,-1.7121,9.298,9.6929,-1.9832,-7.8826,-0.0891,1.8003,-6.2983,-2.4,4.413,0.8058,0.6177,-0.5648,9.2476,-2.702,-5.6976,-8.1425,0.0183,6.1531,7.0532,4.1224,-2.9896,6.0979,0.1452,1.1153,-3.2413,6.2844,-0.9508,1.2126,6.8633,-9.756,-8.6371,-7.6343,-2.6354,-6.1729,-4.3263,-8.2101,9.863,5.8733,-4.0829,7.8269,0.2947,7.9827,8.5123,1.9951,-1.4059,-7.8544,3.2481,8.6298,-7.3836,-3.1079,-4.0183,-5.2367,-3.8053,1.9919,2.5934,-9.0225,9.7843,-4.614,6.0855,-2.5933,-3.9142,-9.0411,-0.6928,9.2009
-9.7894,4.6011,7.0521,-0.5381,-4.7257,2.4249,-0.2221,3.4614,-7.0108,-4.632,8.1676,-9.0633,-7.6122,-6.3759,9.5227,-1.3854,1.6612,8.2787,-2.9805,-2.6646,1.2043,-4.4381,-2.5846,9.0234,6.7884,6.0431,-8.7506,-5.1222,-9.9374,8.0912,-6.1026,-6.9102,5.332,-4.3298,6.1047,8.5363,-2.4563,-5.0746,5.7117,-0.3942,-4.7891,9.4383,4.4614,-9.7354,4.188,5.2969,5.985,-1.527,5.3843,1.8561,2.1254,-8.4718,-8.8345,-7.5922,8.5339,2.2434,9.2252,6.906,1.1186,-0.2216,-6.8325,3.8169,2.0497,-6.0836,3.6144,6.9146,6.4872,-4.6034,3.3869,-1.3859,5.6177,5.434,-8.8025,3.5557,3.3127,3.2944,-5.0973,8.5834,-3.8284,-6.7446,2.8401,-9.0741,-3.1186,-0.2552,6.8482,5.9226,5.1204,-2.1311,5.0333,6.5212,9.9352,1.2284,-9.908,-8.6962,6.9911,1.7415,2.6128,0.8408,5.5267,-9.5079,-1.036,3.4514,5.115,5.9728,3.8012,3.1353,-5.3523,-4.3643,-9.766,9.6649,1.6128,-6.608,-4.2322,3.6856,-0.2861,-8.0571,7.5922,5.1742,-8.0299,8.8375,-7.4067,-4.5242,-0.8005,8.9518,-5.4524,-9.9306,6.3897,7.0283,1.4001,-4.7869,2.8605,1.0897,-4.5994,-3.521,1.6419,-0.6612,2.8723,9.2639,2.6692,0.6287,-9.8181,0.3926,7.0878,-9.194,0.7812,-8.0505,-6.4703,3.2118,-1.4606,-2.6668,7.1228,4.6823,-4.0506,3.7786,-5.1865,2.2524,-1.4369,-9.5428,5.2336,8.038,9.0053,4.9467,-1.2878,-4.0693,-5.4998,6.5576,-7.0316,8.1162,5.9188,7.3933,6.2237,5.9782,9.1751,0.1802,-4.6661,-6.3814,-7.0904,-8.7225,9.0187,2.595,0.9549,-8.627,-4.5886,0.5468,-0.2616,-4.7895,1.5026,-8.4763,-7.8644,8.918,-4.3045,-9.0214,2.3271,3.1963,-8.0701,7.7816,0.0127,3.0887,-3.02,0.351
-0.7837,-8.5936,-0.8733,7.1016,5.9906,7.083,-0.6659,-2.2624,-1.613,5.2262,8.3372,7.581,-4.5946,9.2255,-9.372,-5.5471,-9.8982,-1.209,1.085,-7.0417,2.012,2.6543,-6.0834,6.1861,8.3174,-4.669,-0.811,5.3455,-7.2999,-6.2516,-8.3227,1.3362,-9.2722,-1.3061,-6.2414,-8.6208,9.9742,-7.7266,-4.3656,-0.1826,-6.2796,-7.9558,7.654,8.5673,-5.0733,-0.7059,8.4881,7.9691,-5.4052,0.5307,0.7145,-1.5058,6.4312,7.8536,8.2338,9.8973,3.2044,5.7724,-1.3597,7.3062,-3.4817,1.4818,-7.067,-8.1902,-8.1135,0.2092,9.5359,-0.6807,4.6037,7.1914,-2.1722,-7.8266,0.4564,7.7383,9.8599,6.2677,-3.418,-2.1724,0.7274,8.4242,-6.7875,5.8084,-5.8935,-6.8186,6.5708,0.9721,6.3153,-4.5085,3.1147,0.1422,-9.8187,-0.0035,4.4169,8.244,-6.4751,-9.9163,-7.7912,-9.3383,8.7634,-3.4599,-6.3708,-7.0949,0.5863,3.0657,7.1957,6.619,-0.9978,0.8126,5.2929,-2.2464,9.618,-7.0687,-5.4611,6.1222,0.2442,4.582,8.7334,-8.8758,-8.9051,2.5567,1.5553,-7.5796,-5.7613,-1.5422,7.1271,-8.2094,-7.8665,-8.0706,7.338,6.0549,-3.8428,-9.2569,-2.5887,5.7137,7.8628,2.0154,2.2112,0.7012,-3.6497,-8.3232,5.4927,-4.2814,-6.6673,6.8286,7.7193,9.5361,-8.1935,-9.8521,1.4929,5.5364,-6.1337,6.9928,3.9291,9.0551,-6.0384,5.4822,-1.8956,-6.8487,2.0801,3.2185,1.1424,-9.8014,-8.3925,7.5959,-2.7947,-5.3235,-1.3062,7.0371,1.4428,-1.5635,0.0668,3.5949,1.4677,-7.4844,3.9346,8.4491,-2.1072,9.0114,-9.294,1.7319,7.0663,-3.6329,2.1119,-3.0939,9.6909,7.571,2.7549,6.0513,-4.9278,8.4606,-7.972,-1.6435,4.5655,-6.5513,0.9524,6.1427,-3.336,-5.1204,6.4682,-0.5601
4.694,-1.3168,-4.6034,1.84,-1.3818,9.9804,3.5194,5.2503,3.1215,-0.3422,-9.2218,0.2222,7.4356,-7.2174,-0.3957,-8.8691,-8.7523,8.8299,-2.9932,2.7805,0.376,-4.2771,-1.8481,-2.0643,6.0994,-5.8982,-1.1178,6.6828,9.3846,8.6442,-8.2534,0.594,-0.4304,-4.1137,4.7298,1.1614,8.8897,3.9029,3.9116,-5.5358,6.1497,-1.6517,-4.3375,6.881,4.7257,4.6296,-4.3121,5.7521,0.3122,-5.9066,-5.0467,-1.8789,-0.458,5.5644,7.6154,3.799,0.9111,6.3953,7.1973,-0.1213,6.6816,-5.5948,-2.7505,7.1292,-1.9877,-6.1793,-9.5655,-5.915,-4.623,-4.8505,-3.6808,-3.2239,3.278,-1.5026,7.9055,8.4712,7.982,1.5043,-9.851,-1.7869,1.6252,-0.909,-1.3446,3.9957,-9.3256,8.691,9.4509,5.0289,-6.6826,2.8733,-5.7121,8.9937,7.4471,-9.6042,-0.1524,7.1106,-1.5432,-1.6375,-2.0993,-3.7272,-7.4057,-7.854,-2.1607,-3.0486,-9.2439,-1.8524,-7.1853,0.9581,-2.7207,6.1434,-5.2152,5.5269,2.1616,5.6818,-7.2789,6.236,-3.5675,3.1104,3.3766,3.344,8.663,6.1419,-6.1193,-3.6634,7.3619,-5.96,5.8291,-4.7884,7.1174,-3.4928,-1.2654,8.8475,4.4692,4.0743,-2.4789,2.578,-9.4871,-5.3708,6.2156,5.108,-1.6853,-4.6815,9.9922,-3.1805,8.905,8.6904,-9.0071,-7.8292,-3.7926,-5.5353,3.3751,5.6079,1.6669,0.5582,-4.8012,7.8978,-0.624,5.3791,-1.6423,-9.8278,5.5385,-2.1309,-7.4821,-4.4982,6.8801,3.9056,9.0574,5.0945,-5.2475,-5.425,-0.1723,1.9186,1.2415,-5.5697,-4.3913,5.2024,-4.5946,6.0085,4.1716,-2.3143,-9.4713,-1.1446,-4.8609,9.147,-0.0987,-3.677,2.1658,-7.9497,5.4426,5.8621,-6.709,-5.5778,-3.0236,-0.184,2.3711,2.085,-2.7358,0.5041,3.2587,-3.2481
-3.6885,-8.1333,0.2623,-8.7436,-7.6524,-4.8622,-4.2651,7.2581,-9.9939,9.3946,-6.8559,-5.3467,9.2713,-0.8038,-3.716,-7.6926,3.8476,9.912,1.1811,-7.3098,2.1704,2.7438,-2.8941,-0.4429,-1.2663,1.4454,3.3311,4.9496,-6.9565,-1.2188,1.522,9.4079,-1.1704,5.5095,-2.616,-6.7634,8.325,4.4149,-2.1185,-4.0795,-4.8921,1.5008,-3.2012,-3.0614,-3.3164,-0.2142,5.7616,7.4459,1.2686,-7.923,9.2723,-7.4667,4.8481,4.929,-0.1258,-0.9346,-0.0668,7.1411,1.5059,9.9241,3.1049,-2.5063,3.4298,8.7299,9.9779,3.039,4.8058,-8.9732,-4.9105,-2.8158,-5.7059,8.231,-3.1566,-8.7652,1.5598,-8.6246,4.6872,-0.6635,2.4756,-0.5404,-2.6617,3.9831,0.417,4.585,9.5174,-2.7318,0.2528,-9.2478,5.4081,9.4959,-3.216,-8.1385,2.3748,9.6063,-0.4693,-0.1937,4.1206,8.0751,2.2848,4.5446,3.2205,1.3446,2.5331,-9.6495,-4.0476,5.6423,-5.4044,-7.1869,7.6814,3.6558,-0.6673,0.7239,-6.3483,8.3321,7.1691,6.0734,-3.3587,0.4896,-0.5746,2.2372,7.2495,-1.6883,-3.6842,-7.0334,7.6122,7.8438,-0.6417,5.9918,3.2035,-9.2111,-4.6081,-4.5722,-5.7901,8.039,2.4781,9.2926,8.7364,-7.1514,-2.6126,-4.1636,-5.274,-9.9054,-0.7639,7.1254,2.9758,3.9897,0.9338,-6.4567,-8.4134,8.3886,-1.7928,5.568,5.2051,-9.8188,-5.6289,4.1217,-9.9177,-5.1444,-5.2878,-8.712,8.6849,-1.1825,-9.8634,-1.1374,-3.0627,-3.755,6.605,7.8393,7.1423,2.6767,-9.1858,-5.769,2.5893,6.5859,6.0112,5.2563,2.9337,-9.4264,9.7521,3.6022,6.1423,-8.8522,-8.5733,5.0533,2.9004,7.4168,-4.1287,0.6659,1.0663,0.9757,6.9958,-1.4163,-3.2441,9.803,6.6653,1.8319,7.1601,-0.94,-5.4408,8.2714
3.4727,-6.6006,1.3874,-2.2489,2.0134,5.7967,7.243,8.2738,-1.2766,-4.5684,5.6244,-8.1199,1.267,-2.9903,-3.5114,0.8685,6.9302,-8.0759,-9.6989,7.1592,-5.2845,-6.7984,-3.5022,-3.6366,2.2501,-6.5208,7.816,4.2898,2.4476,4.151,-2.5312,3.5798,-2.5036,5.5567,7.3619,1.6205,-8.6969,-7.6954,5.0323,-5.7871,6.5431,-8.3484,-8.3006,6.0962,-7.1781,7.4927,-2.9535,0.2474,-9.3118,1.7638,3.6297,-3.0908,9.9364,8.3204,-3.3749,-3.2463,5.9574,1.7026,3.3606,3.7017,-9.6188,-4.8853,2.2515,9.3943,-4.2844,-6.425,-1.4844,7.0226,-1.4555,-1.2023,-2.1528,7.8612,9.1754,4.9109,-6.6744,5.4484,7.2112,-9.0399,-4.2072,6.6061,4.2504,-0.9366,-1.0445,-6.9176,-6.7173,2.6365,3.7648,0.1054,-2.2169,1.3804,9.8263,-3.244,9.6731,5.4604,-8.577,4.8218,2.2386,-9.5199,-2.41,-2.2021,-9.4124,-5.6131,0.9824,9.3029,-1.9201,5.3616,4.6891,-7.0653,0.735,-4.7203,1.8213,3.7243,1.0393,6.265,4.9798,6.6342,-7.7353,5.3735,-7.12,-4.2356,-4.6579,-3.4988,5.8217,-6.6602,2.6103,0.0722,3.3085,9.6563,-2.3155,9.4653,7.9098,3.6968,-1.8964,3.4509,-7.6156,-3.3583,9.6126,6.0659,2.4998,-4.5616,-8.1373,-2.6907,-1.4642,-7.0969,-2.864,5.7588,9.6673,3.3703,-9.5125,6.212,-6.3834,7.7844,0.0235,1.914,3.2682,-2.0441,-4.6073,-2.8673,-8.6744,8.3474,-6.7295,3.6495,-6.0358,-7.8461,5.5048,1.6621,4.9862,1.1539,-9.2394,-7.704,8.9464,-9.0109,-4.1572,9.0407,-9.1602,7.2577,3.2526,2.502,4.1813,-7.6472,-7.7965,-1.6696,8.1359,9.1897,-9.9748,-4.5197,8.1916,-5.7834,4.3165,-7.2555,5.2246,1.5519,7.9908,6.6128,-3.0584,-4.6406,8.0846,-9.9593,9.4533,-6.7846
3.0239,3.3771,7.1087,6.1717,7.9584,-2.8134,1.5956,-8.5749,-8.7983,9.3152,-2.0961,1.1392,6.6811,-8.6664,-7.5325,-7.3044,7.5959,-4.8676,-6.8666,-3.7689,8.7973,-7.0125,0.7574,9.0075,2.6593,-2.9702,-8.7483,2.5754,-1.8995,5.3895,-7.9446,0.4143,-2.9093,-7.0197,9.2174,5.1255,4.4052,-8.9569,2.503,-6.9739,8.6524,-9.6871,4.9143,1.5549,5.1029,2.5696,-1.1797,6.0988,-8.0518,5.8931,-9.8162,-2.8147,7.7389,-7.6693,8.9881,-1.7953,5.7018,-5.0753,6.0136,4.7205,0.4258,-9.159,8.8583,3.838,2.5062,6.933,-6.4069,-1.6567,-9.9852,-4.5887,-0.2136,-9.0225,6.2548,0.9892,4.1892,-8.4154,2.6464,1.7046,7.1698,-0.6473,9.932,-0.5486,1.0155,-3.9355,-7.9741,-9.0227,-7.6128,1.9848,8.4821,4.3664,-4.7286,-7.6644,6.976,0.8156,0.4179,-4.1878,-6.8568,4.0653,7.8645,6.1516,7.5136,-7.5804,0.5877,7.6449,3.5514,0.2345,3.8435,-1.9919,-0.7328,-1.4723,-1.9282,-4.0048,5.9437,-3.764,-1.6816,-4.9745,-6.5148,8.0106,-0.6568,-3.2751,-5.8322,4.6968,0.9139,7.51,-0.2848,-3.5982,0.2299,3.899,5.3462,-6.895,8.3888,-1.2001,9.1338,2.4093,-7.4449,4.5808,-2.2796,-9.3346,-9.5143,4.6428,-0.9626,2.2981,-1.4052,-7.2696,1.538,-8.8882,1.0071,-6.731,2.4671,8.9218,-4.3108,-8.6511,-5.9929,-6.1362,2.9876,1.5542,5.3255,5.0515,-4.913,-0.3806,8.1314,2.7903,-0.3422,0.5013,-1.8455,8.617,6.1841,2.6572,5.3151,-8.3349,-0.6431,9.4513,-4.4249,-5.055,-7.4067,8.7214,0.2137,4.8246,1.0008,-3.8919,1.264,4.2088,-1.5589,-9.4334,5.751,3.9302,8.3003,-7.46,7.564,-7.4885,4.9014,-6.26,-1.591,5.8613,-3.3147,-6.6214,6.7296,-0.7377,4.3532,-1.7469
3.6566,-9.0005,-8.0395,6.244,-1.2559,-9.7822,-5.2734,2.6942,7.9347,9.0498,-0.5612,3.6276,-0.6626,-3.9828,6.6057,-5.2196,-4.8366,-2.1882,3.7424,4.6151,-6.4478,6.9082,-9.0482,9.9059,8.0091,-1.4996,9.3116,-1.9541,-4.2684,2.834,-1.4209,-7.9973,9.6126,-4.9322,6.577,4.4876,2.649,5.1405,3.7703,1.7078,3.3058,0.7417,-6.3918,-7.0053,-4.9991,-8.6319,3.1715,5.1467,-6.2128,4.9037,-3.808,3.4716,3.5268,9.1115,9.1423,0.8403,2.1322,-6.2577,-6.2867,0.6628,2.7146,3.554,-0.2137,-0.4161,9.3579,-4.8782,1.0769,8.1298,7.9002,-0.4947,-1.119,-6.6658,-8.5224,3.321,6.8157,-3.0696,6.8271,1.4963,-8.1466,-8.2327,3.9982,0.6809,7.9241,1.432,-9.8964,3.4393,-2.2329,-2.3588,-7.2167,-1.0007,-3.739,-7.1209,-4.5787,-3.5968,2.46,6.4209,-4.588,3.9222,7.1205,-0.7427,-9.2915,7.3357,0.4964,-2.5586,6.7393,-2.2973,-0.5973,-3.946,-7.7861,-8.0608,8.2065,-2.6247,-6.3596,5.1464,-1.9062,-2.3021,-4.8455,7.8073,0.4033,2.1245,-9.0618,-7.8595,-4.1713,-9.361,6.5079,-2.2705,2.638,6.0224,-2.1749,4.313,2.1634,0.4861,-0.7649,-3.4732,1.9027,-3.3459,-7.2045,9.9736,-5.5412,0.499,8.2093,7.5172,-8.5947,-5.2065,9.583,-3.4498,8.2997,8.3086,-9.7466,6.1962,-5.6902,-7.1704,3.0554,9.4852,-0.3163,-1.0371,-4.8594,4.1483,-2.6935,-0.1452,-2.4244,-3.3429,6.7743,1.1125,3.7982,7.8618,9.2653,3.675,-9.5275,1.7085,9.5294,0.7093,-8.8341,5.8669,6.469,4.7809,5.8244,-9.6699,-2.2574,6.9484,9.9584,2.0797,-8.9182,-3.0129,6.3837,-2.5478,9.9789,-0.8454,-2.2997,-4.6764,-8.743,4.7963,8.524,-0.655,-6.233,2.6908,4.1191,5.9265,-2.4484,-1.2531
2.7784,-0.8386,5.6986,5.2116,5.8132,6.0955,6.1441,3.4969,-9.7853,-4.127,-9.618,3.7103,-9.4321,1.6704,-1.4826,2.1128,-4.7492,8.9476,2.2414,-6.7072,9.6749,-0.7683,1.747,9.0911,1.4907,6.7931,-0.4736,-4.4557,-6.1247,5.974,5.8857,9.3394,-0.1017,-1.7054,9.8972,-5.3416,7.3048,-1.6841,1.9772,0.7281,4.6484,2.4303,3.1906,7.3723,-1.868,-4.9246,-0.4621,1.3124,-2.1578,-9.3806,5.4231,6.2501,7.8907,4.7866,4.6264,6.1683,3.9181,-0.5808,-6.6485,-8.8469,-8.5171,5.7024,9.9431,-0.8186,0.1482,1.2359,1.7355,-1.2761,-7.7162,3.6663,4.5611,-4.1627,2.9207,1.7833,2.2518,0.3952,5.6534,-7.259,5.2637,-7.0525,4.1644,-7.5386,1.1215,-2.7998,-9.1405,-2.6357,3.922,-3.769,-5.4561,9.8108,7.6251,9.3259,9.5904,-6.7417,-6.4651,-2.2753,-6.6711,-7.8486,-0.0078,-2.9013,0.1552,8.401,9.5076,6.315,-8.971,5.2548,6.4668,0.724,2.6854,7.4259,-0.5444,-3.495,-3.0552,3.8059,8.9482,-5.498,-2.7907,7.5887,9.724,-7.1471,5.8904,0.9793,-6.9322,4.1706,-8.659,-4.5846,-3.4427,8.4324,9.9122,0.7995,-0.5958,-3.9376,-5.3192,-2.1348,-2.6342,-4.2523,-8.1306,-6.6139,3.1865,-6.0717,2.8374,9.4997,3.8593,-5.8429,6.4597,-1.36,-1.5325,-9.41,-0.553,-3.2635,1.0933,7.5171,6.6154,2.4913,0.9869,-7.3052,4.2514,0.6535,-2.0708,5.3648,-1.5265,1.613,-4.4899,-6.2299,-7.6234,0.0379,9.0007,-6.9796,-6.2037,8.6494,3.0626,4.9339,-7.8506,7.9165,-5.0958,6.724,0.2239,1.675,-4.0922,-7.2603,1.133,0.6428,4.8406,0.9875,-0.2381,-7.4006,-3.282,0.9787,-9.205,-9.4692,-3.3663,-9.05,-9.9287,4.7352,5.8055,-5.9914,3.4841,-0.9764,-0.7572,-1.6126
6.4636,8.6752,-9.8821,-1.4317,3.6713,3.5402,-8.4682,-1.3695,9.0049,0.9991,4.8532,-5.0031,-7.5803,9.3844,-3.2486,5.6608,-1.5432,6.5711,6.4339,-1.7338,6.4235,-9.8814,-2.7295,4.0826,6.9667,-7.7772,-2.9226,1.6155,-8.3971,-1.5338,-7.6953,2.4929,4.1834,7.9707,-5.2439,-9.6617,8.4116,-8.8425,-1.0585,-3.5065,1.6121,4.0761,4.9348,2.8261,-4.7586,-1.7706,-3.1711,-7.2764,-1.0248,-9.6224,0.5026,0.849,4.632,7.6185,-1.0093,-3.7245,-6.1082,-1.6165,6.7385,-4.9815,8.8626,-4.4626,-6.8115,-8.9395,9.2499,-6.829,1.6846,-5.4057,-6.8052,7.3673,1.4206,-8.2482,-8.3809,-8.2887,8.3742,1.2863,2.4684,-5.7455,-1.222,8.3273,-2.3715,0.4413,6.3275,-0.4989,-4.94,8.1835,-9.9978,-1.2068,2.2255,-3.9471,-5.6029,7.2427,-2.8951,5.1175,8.5858,0.7128,2.014,3.3849,-7.8821,-4.8251,1.8314,1.0012,1.3838,-6.1571,-4.5392,-0.5528,-8.2165,9.6741,-2.8399,-1.102,0.8986,1.0911,0.1384,2.084,9.2574,-5.7917,3.6973,9.866,-6.2677,-5.4908,3.7942,-4.2935,4.9955,9.8856,7.6921,5.0567,-6.4743,-4.6578,-2.7209,6.5118,-5.4042,-6.1384,6.1048,3.7584,-2.5933,0.4393,3.072,4.7843,4.043,4.861,-9.6461,-4.0113,7.2605,-2.5619,1.3923,3.9978,2.1022,-0.7277,-7.5182,5.0592,-6.6179,-6.1885,3.1432,-8.005,-5.2646,-2.8367,3.0907,6.424,-3.693,-8.2204,7.1849,-1.1468,1.4805,6.7366,-0.0026,7.0088,1.3845,-7.3575,2.5133,3.8491,4.4403,-8.5803,1.1841,8.6817,-0.849,-0.1401,0.4994,-8.0855,9.8275,-5.6003,1.5971,9.2461,-5.3816,-3.246,-3.451,0.6169,7.2262,6.7464,-7.2268,6.6417,-0.6019,-4.6099,-2.2494,-3.1333,7.465,-2.3057,4.1179,-4.1126,6.7695,8.2943
9.8123,-4.5812,-0.2693,3.7788,-4.4108,-5.3872,4.4247,5.4957,-6.055,0.6041,8.0192,-4.8552,2.2365,-1.6524,9.8333,8.7898,-8.9663,-2.1961,5.151,1.4283,-1.2439,4.145,-6.9579,9.9851,9.8214,-1.1989,9.7809,2.497,-8.7788,-2.8611,1.4664,3.5373,-3.1452,-2.264,-1.4242,1.6855,-3.7651,1.2454,-8.9828,-8.4256,-3.0528,-6.289,-7.9448,-8.9031,-7.6268,9.7582,0.2151,8.9202,5.0846,-4.8273,4.8248,4.6414,9.9746,-8.6934,2.8927,6.2973,6.3191,5.1172,5.6306,4.121,-8.3278,-3.6777,8.3246,4.2112,0.3523,-1.1397,-5.9374,9.6871,-6.0111,7.5992,5.1397,6.479,-2.1585,-1.762,7.2647,-8.5584,0.05,5.2719,6.8072,3.8543,-4.9136,8.3964,0.0753,9.143,7.0762,-7.6064,-0.9748,-7.3619,3.6034,-5.7185,1.6112,-3.0527,-2.4834,-9.9921,3.9464,-1.2661,5.0783,0.1897,4.4814,8.8331,5.8948,-0.5488,1.433,2.907,5.5563,-1.4858,-2.5301,-4.2015,-9.4384,-3.1722,6.6949,-1.2787,7.7211,-0.4326,5.1329,-7.5126,7.2608,0.4944,-9.3799,-8.1092,-6.3446,-3.2831,-4.4835,3.6544,-0.5179,-9.9951,1.4339,4.1681,4.3233,1.7783,5.8542,5.8201,9.2825,-6.5337,-9.7031,-5.4701,-8.7275,2.6305,-6.3271,-5.4111,-4.7327,5.991,-9.215,-1.0913,4.1872,-0.2311,-1.1912,4.0289,9.988,9.1466,-2.2668,7.6091,6.1968,8.0069,-2.4866,-2.1581,-4.5049,-5.3943,-5.1385,-6.1412,-4.1125,4.6875,-0.2909,-1.979,8.2054,-1.4857,0.2885,4.7105,-7.9684,2.3533,3.9627,-7.6727,4.5559,5.1103,-4.543,-4.4428,1.7947,-0.3432,3.4598,0.141,-4.5377,-9.1821,6.4512,1.1066,0.3576,2.474,-1.0512,-7.9957,-5.0099,9.5786,-0.8368,-0.5581,8.2086,6.515,6.9829,3.7541,-1.6408,-7.7638,-1.3946,9.8155
0.2207,9.2939,0.5397,-9.7015,-1.9644,7.7341,9.4328,5.4755,1.5222,4.2753,-2.8268,-7.3987,8.3295,-2.2322,9.5569,-0.5123,4.3256,-4.0941,0.3934,-2.7391,-3.0288,2.6499,-3.7183,3.3468,2.309,-6.1797,-4.0702,6.0792,9.1496,0.0671,5.5593,1.0419,-3.4812,-6.5684,8.2389,5.1435,4.4367,4.1681,-1.1727,2.8611,-4.408,3.0385,-9.857,5.1523,1.0969,-5.2352,-7.473,-7.851,5.5386,6.2536,-3.817,-1.7239,-2.02,5.1786,3.8926,-8.0472,6.168,-8.0063,-7.6217,-4.6205,-7.9947,-7.8371,3.2157,3.4073,1.7305,6.6941,-9.6546,8.9891,5.8635,8.2191,4.1007,8.5327,7.4443,8.2606,3.5122,2.9998,4.3392,-7.0502,1.1145,-3.8293,-8.6987,-0.7437,8.175,5.1666,-4.759,-9.9747,7.313,1.7293,-1.7618,-1.7968,4.3061,-9.0347,0.6938,-3.402,5.2778,3.1568,4.1041,1.6825,-8.29,-5.0764,-4.0026,-2.6483,-5.7888,-4.6492,-9.3738,-4.3403,5.0558,-9.5707,1.9223,4.8979,-0.8978,-9.748,-1.7603,-2.1893,4.5324,-5.1546,-5.0552,5.1703,3.3856,1.9492,-7.5385,4.9261,-9.9062,6.3409,-3.824,-5.9985,-1.0784,-7.0381,-0.265,4.0106,8.0069,0.1594,-4.9979,-5.4665,6.5235,7.2661,8.8842,3.5741,-4.7453,7.1603,8.2434,-8.9063,5.3121,-9.3268,-7.7708,4.7991,-4.6223,-3.6817,-6.8868,-0.8924,-0.6428,-7.0904,-2.726,-5.4531,1.9561,2.68,7.9879,2.2008,-4.0085,-0.0955,5.675,-5.3109,-9.4457,-7.2882,5.2502,-5.9442,9.3716,-5.759,7.9607,9.6551,-6.6715,5.5686,-4.8283,-4.694,0.2461,-1.8942,-3.6363,-9.0289,1.2648,-8.9135,-3.4124,7.0342,2.1643,-1.4887,5.8381,-0.0111,-4.3646,0.953,7.6595,6.6016,9.4655,2.1578,-6.3762,9.5771,9.5678,7.8905,4.4367,7.0659,-6.7182,-5.6802
-1.7396,-9.8257,-5.8829,-6.8629,1.6727,4.8215,-5.9045,4.7097,9.1761,4.5547,5.428,-3.7423,-2.1122,2.5413,9.3357,3.6024,-4.6584,2.1573,-1.4798,-4.2346,7.1584,-2.9028,8.7442,-9.4622,-7.1405,-4.1982,-6.9104,8.3466,7.6959,3.7526,1.7208,-7.9134,1.8335,-3.1762,-3.1526,2.8491,9.057,-2.7163,7.8526,-3.1662,-8.7291,0.5992,-4.5247,-2.3777,7.4119,-9.4894,2.0361,7.7474,-7.0492,-0.741,8.1632,-5.5945,-2.2795,2.927,-9.0061,0.3552,-6.6623,-8.9414,4.9004,7.2844,6.4246,7.1203,-2.5774,7.7031,-2.3136,-4.5558,7.6388,9.9452,8.9409,-1.7242,-5.3137,5.6538,-4.4398,-0.312,5.0768,-6.2559,0.9497,5.0309,-9.8778,4.662,4.5531,-8.9707,6.3805,-7.336,-4.2461,-6.1435,3.9309,5.7383,-0.6799,0.0051,5.9786,-7.003,7.2338,9.9297,7.817,-3.982,6.9428,-2.0569,7.1355,9.4078,0.3973,-5.3116,6.3467,-9.717,9.6268,-4.631,9.5344,-7.2144,4.9586,2.8603,2.4048,-1.7556,7.3283,2.8766,6.3408,4.7839,8.5746,-1.9224,0.1485,0.4163,-3.172,-9.7063,3.2044,0.8555,-2.3238,0.0115,1.8395,-9.1588,3.2177,-4.3676,6.0112,3.8084,-0.566,-0.4089,-1.1934,-4.2406,0.6612,-6.048,-7.7568,9.639,6.9693,3.1082,-0.0436,5.5861,1.9,6.5873,4.0911,3.8719,-3.6142,-0.8871,-2.637,-9.797,-7.4334,9.0163,4.9914,-3.5701,8.9262,6.4255,-6.9386,-2.9392,6.4983,-0.8323,-7.476,-5.7032,-6.3399,-0.7972,-0.0292,-5.0831,5.279,0.1754,8.0533,0.6781,-6.6109,-6.5459,-3.4138,-5.7377,-6.8447,0.0958,-9.5439,1.5386,2.9923,-8.1108,3.1996,-8.5488,8.8305,-3.7395,2.4321,2.3977,0.4581,-9.108,-2.2922,-0.4108,2.9956,8.852,2.8846,-6.9695,-1.0081,-7.7412,-0.9787,-5.4194
-6.8397,-4.2456,-6.7175,3.7571,-3.9067,7.8841,0.4453,8.0075,3.1777,6.21,-7.401,1.6958,-4.6637,-3.8785,-2.5321,6.4022,-5.5763,3.3341,-6.9273,5.7963,-7.6413,6.3428,-1.5456,9.0149,9.3665,-0.402,6.1165,-0.0029,2.3202,5.1308,-2.1582,-9.0221,-4.3205,-2.296,8.393,-7.4548,-5.9652,5.0527,-5.4424,1.7185,8.7044,-0.1453,-0.7812,-5.2353,-0.6947,0.0624,-3.6087,-7.9203,8.4299,-6.9105,0.0789,-6.4118,-2.6337,-4.8328,5.9988,7.3101,-0.8725,-8.6372,-7.304,6.4546,5.3877,8.0299,-2.8384,-8.03,-3.0655,4.6349,3.3601,-7.9724,3.5274,-5.9008,4.4304,4.6067,4.4417,2.3514,-9.3428,-1.4059,-3.8994,1.0097,-9.2354,6.8427,-4.3705,4.9762,-3.1383,-4.6056,-6.2209,-7.375,1.6944,-0.241,-0.415,-6.2175,4.6378,-4.3768,0.4077,-7.4706,-4.0382,9.9216,7.3918,-8.1198,-7.4089,-1.2893,-0.1172,-9.9359,0.7513,0.8617,0.5332,7.7233,8.4241,-5.3215,-6.9252,4.7682,-9.6058,6.8006,-1.9508,3.8767,-8.1097,-4.6608,-8.9918,1.4296,-1.9226,-5.9629,-9.724,2.2309,-6.3601,9.6437,8.9047,6.7806,1.9978,-7.7329,1.1311,6.7279,-8.5885,-3.7358,-3.9251,-1.0985,-3.4995,-6.3761,-0.7697,-9.0778,3.0425,-5.359,5.6939,-9.6861,4.0548,-8.7072,-3.3469,-6.9777,4.986,8.5454,-0.4305,3.9619,-0.6215,7.8414,-4.5566,-5.7885,2.0141,-7.5214,2.0615,4.5014,-7.0668,3.5878,4.2896,3.3669,4.3797,3.041,2.7501,8.345,0.0821,3.8919,-8.3111,6.6868,-1.0485,-5.7918,0.982,-5.8254,-8.3638,-3.616,-1.9738,3.0715,-8.6404,4.7788,-0.6856,3.2786,-6.4135,-6.7984,-6.0316,6.5993,9.4101,9.0328,-0.4305,-2.8268,3.1926,-2.3789,-9.3282,8.5412,-6.0179,9.2589,8.9342,-8.7686,-9.7501,-9.7798
-0.8705,-6.8357,5.4406,-3.7584,-1.6003,6.7244,2.7893,-9.489,2.0257,-6.1641,-0.1918,1.2146,-6.48,-4.772,9.4467,1.2397,7.1388,-0.6419,2.7323,-0.69,8.9767,-6.1035,4.3604,9.5722,0.391,-3.7582,-3.3692,-9.2854,9.6274,-4.4599,-6.9756,1.9918,-1.0955,8.3403,-3.8477,-9.4974,3.2523,-3.314,-3.0601,-8.1752,-6.2469,-5.1273,-0.8925,-9.605,5.936,-7.9945,1.1061,-2.2734,3.627,0.3847,-5.9366,6.9768,-8.6909,-5.1843,-5.5805,7.0671,8.647,0.5306,-1.7931,3.9712,9.2021,7.1483,-9.6745,2.6468,-8.6068,-1.6525,4.5719,-9.8376,-6.0055,7.5928,-6.0629,-0.7443,2.7661,9.6081,8.9931,4.8043,4.8194,0.6646,-5.6122,-8.0269,0.1592,9.0872,0.1279,8.6146,-6.5622,-4.9645,-8.0701,2.334,7.1481,-2.4655,3.1768,-5.7171,4.0687,-2.3223,3.0919,9.1266,-6.7979,5.2594,-6.3739,-3.6822,0.9686,-7.906,2.1901,-4.8306,-1.6527,4.1022,-9.3153,7.7399,1.4258,-7.1486,8.737,-8.1332,-8.3568,-2.1352,-6.9147,0.2383,5.1669,1.0225,-8.4036,0.9725,3.5146,6.9368,5.0259,-7.9908,-3.5308,-7.0153,-4.7154,9.8069,-3.2857,0.1384,-7.0641,-1.5105,5.2544,2.9542,-1.8515,-0.2358,6.9706,-4.3537,-0.7957,-0.017,8.4891,-2.6834,4.379,2.5637,-8.3897,8.086,-5.2464,2.9417,-2.8846,0.9312,-0.4957,5.4623,8.2461,-6.7456,2.9587,7.1559,5.0208,-7.861,5.5807,0.6099,-5.1317,3.5068,7.2372,6.3242,-7.4754,2.7412,-6.6883,-1.5386,6.5421,-7.8465,-9.6637,7.3183,-5.3889,4.2864,-0.4793,6.2822,9.8715,5.0096,0.0203,5.6946,0.2382,1.0667,3.7125,4.3234,-7.2183,-0.2749,2.0501,-5.9557,-9.9538,4.6045,5.901,-6.1983,1.2884,7.2883,-9.8932,0.6374,-0.4262,-3.3513,-0.0217,4.5375
9.242,1.5879,-6.5388,0.6042,1.5714,-6.0435,2.2558,5.1852,9.1197,-7.4722,6.9911,2.3095,-7.9191,4.5814,4.0203,2.8686,1.1047,2.5855,4.2675,-8.0064,3.9462,-4.2222,-9.3434,-0.2771,8.605,-4.6642,3.9502,-8.227,2.7392,-2.6055,5.9857,2.2363,-2.3297,-2.1781,-3.7487,-3.4242,-7.4072,-2.1245,-2.4315,-5.7078,1.0993,-5.5597,5.5372,3.6139,-0.4232,8.4569,2.7267,-0.9296,0.9583,2.0098,-2.9619,-9.2462,-6.7621,8.3011,1.9948,-3.9282,-2.9902,-5.9387,1.267,-2.3721,-5.2048,-4.5538,-9.9597,-5.7719,-9.5353,-6.4981,1.0231,-4.0569,4.5989,-8.4409,-1.2584,8.9149,-4.0165,-3.5989,8.1577,8.8891,2.3352,0.8266,1.6104,4.1565,2.9589,0.2621,-0.7519,-8.1119,7.2523,-0.1151,7.3688,-3.9699,-2.8631,9.1876,0.8444,-5.3742,3.2814,-8.8298,9.447,-5.1987,1.5861,-9.0666,-3.5508,-2.6775,-7.923,-1.8776,-7.0531,8.7778,-4.4747,8.158,7.5927,-5.0221,-0.9444,-5.0274,-8.2136,7.7938,9.7385,-3.9179,-2.2557,5.985,1.9882,-3.1902,2.016,-3.9255,-7.9873,-0.5829,9.9116,-4.6457,-0.0714,6.0678,-5.9618,5.8549,4.406,-3.0782,-9.0587,2.2506,-0.7059,2.889,-5.3335,0.923,-9.4432,1.9113,8.7217,3.9619,3.4494,-0.376,-0.748,9.0338,1.8304,0.6759,-9.8301,-7.7512,5.3763,7.3859,4.0568,-9.7116,-3.1453,-6.5061,-1.0116,-1.8847,-5.5539,9.4093,3.5773,-3.0105,3.3564,5.6451,-6.2228,-7.0598,6.3132,4.9562,-3.9722,1.4421,2.781,-4.9869,-5.4204,0.6353,7.4429,5.2088,-3.7498,3.2458,-5.8463,8.0583,-3.6879,-5.569,5.8605,6.5669,-5.3927,4.7324,7.7961,7.9844,4.0002,-3.5564,1.0057,-1.8401,-5.1211,6.3444,-2.6257,5.1093,-0.4658,2.727,1.9476,6.2917,-7.8935,-1.1483
-5.1146,2.0365,4.1134,3.6082,-6.1822,4.7776,-3.4088,1.0954,-7.5067,-5.3986,-0.8618,2.9464,-9.9989,7.6168,-1.4509,1.0253,1.4432,1.1969,-4.4577,5.3263,-7.9783,-9.5499,7.0892,-9.5275,3.2818,-5.096,-3.6067,-8.1824,-7.1145,5.0671,5.7676,-9.2725,-7.6495,-3.3316,-9.8646,1.8977,-6.8021,-0.9742,8.5853,-5.8769,-6.8169,4.1903,0.1026,-3.9155,8.3807,1.1314,-8.2765,-3.4498,1.8214,-8.5463,-9.0301,8.3922,-5.1861,-2.0059,-5.2615,-7.7261,-0.835,2.0642,6.9963,3.1853,-9.2165,-6.2029,2.4366,2.4434,-5.9024,-0.564,1.9225,-1.8411,-4.8304,-9.4799,0.6745,0.9811,-9.7882,-0.412,-0.6599,-7.1325,-4.5084,-6.5275,5.92,-4.9818,9.741,9.6057,-5.2001,-0.6534,-4.4626,-6.8541,-7.5401,-8.9833,-0.1119,1.0256,-0.1064,9.9994,6.3573,7.8485,-5.1713,-3.343,4.3761,-3.1152,5.5587,7.5787,7.9012,4.378,5.3423,7.3935,-3.2174,7.073,-2.0536,-2.7284,-5.6702,-2.1938,-4.2208,1.3074,-8.6285,1.3723,0.7338,-0.587,2.8172,8.8764,-3.9809,-0.3027,-9.8794,-2.2831,-0.5366,-1.3768,1.4458,2.1577,-8.2966,-5.6814,5.3437,-6.1619,4.0373,-2.2834,-1.3712,-5.1761,-8.0411,-4.099,-0.936,4.7498,7.7663,7.1978,-9.4604,2.7215,-0.0675,-6.2,0.1709,-3.91,4.9187,6.0999,-4.5035,8.7509,9.4333,-7.716,-9.9349,-6.7732,8.9855,1.0452,9.7988,-1.366,6.0803,-8.9575,-1.4929,-0.243,-8.5978,0.682,8.812,-3.7069,-7.4034,9.341,-8.0322,9.1955,-5.7858,1.4236,1.9802,7.5659,8.8306,-0.8628,8.6114,6.6804,6.9752,6.7178,-5.1345,-0.3277,-2.2284,-2.3235,-1.4231,0.0919,8.1369,-9.2934,6.3408,5.0668,-8.7971,6.219,-0.1103,-0.1496,-7.3824,2.7911,-1.6694,-0.0102,6.47,5.8466
3.4981,-4.4314,-6.3875,5.1126,2.9589,-8.0466,2.15,2.6776,-4.9095,4.048,4.058,-2.7512,5.3413,7.6282,-7.2426,-3.6122,6.7539,-9.7481,8.3549,0.9524,-4.223,2.6553,-1.988,3.6769,8.9639,9.7908,1.7024,-2.0199,1.1969,5.4273,9.4743,6.1534,3.8392,8.3862,-6.7923,-5.2263,-0.8133,-3.0966,1.6577,4.162,5.722,-1.9387,1.285,-2.8926,-6.8038,0.8276,-2.2688,5.4249,-7.2445,0.867,-5.2761,-8.5049,4.0983,-4.8324,-1.2613,-0.853,4.1515,-8.7364,0.6811,-0.1653,6.0963,6.0874,5.2342,2.7765,-8.9727,6.929,-6.6311,-4.714,-4.4703,-7.3742,5.3135,-2.186,3.5925,-7.5644,2.3252,6.3241,8.3068,6.5752,-0.5929,7.9673,4.04,6.9779,2.1703,-9.7084,-8.2255,2.8693,4.6759,-3.2622,3.4848,-0.3394,3.6437,5.2257,-5.9666,-3.7318,7.5413,5.7539,-2.1918,1.7721,-7.726,-4.3692,-1.4765,-8.3802,8.41,-9.0767,3.663,2.9543,-2.9108,-5.7582,7.6101,-8.563,-4.7354,1.1789,-3.8408,-5.4357,2.1971,6.0002,-0.5374,5.9635,-0.9973,-8.0866,-0.4774,5.2273,-6.2597,7.0726,4.5629,-7.9886,7.6367,1.3465,2.8075,5.9444,-6.8686,-8.5875,-8.9261,9.7849,5.4538,3.0668,-2.405,-6.4214,8.1684,4.4903,3.5861,1.9246,-3.4656,8.3149,-7.1239,7.8198,5.0841,-0.2351,-1.0841,-2.0325,4.155,0.1194,5.923,-0.1743,1.2788,-0.3558,8.4902,2.0537,7.3772,2.5916,-6.9006,-9.7783,-7.1934,9.3158,-5.5654,-7.5281,7.4494,-7.3716,-8.0498,-0.0242,4.0485,2.0583,-0.8196,-3.101,0.2934,-4.7715,0.5171,-8.6738,-7.1775,-1.7561,2.7335,-4.3408,0.7951,-2.5433,3.6595,0.6153,0.119,7.5333,-9.4317,4.5096,-1.9763,-7.6201,3.6876,-9.1293,0.4478,0.418,-7.6373,-9.4609,-0.6236,-9.0287
4.75,-5.983,3.4481,-9.5758,5.5321,5.6811,-3.5997,5.1783,-3.9182,7.3281,5.3778,-2.8902,-7.6422,8.1476,0.4226,2.9624,-1.6266,1.8759,3.0197,-7.6228,4.9701,-3.8262,-5.8588,-4.558,8.6586,-6.2545,3.1068,7.1427,-8.9915,-6.8825,4.8944,-0.5378,-4.7921,-2.3757,9.9598,-1.391,-8.0707,-0.6611,1.6051,6.3163,5.3958,9.9325,-7.7448,5.2943,5.1246,-4.3365,-1.0952,-0.3892,-1.6848,-5.2313,-7.272,-8.7106,4.3012,4.3676,3.4444,-6.8713,-2.3319,-9.0893,-1.926,9.3949,-4.1665,2.3796,-0.0247,9.5353,-1.0062,7.1723,-7.8858,1.3172,6.8409,3.3057,-8.7875,-7.88,-6.538,-3.6431,-9.6784,-2.0745,-9.8477,2.1534,5.1692,3.036,1.7238,2.282,-2.4277,4.4668,9.6647,8.1438,-8.1412,-9.109,-0.4592,2.6943,3.4169,-4.1343,2.8138,-3.5855,-2.024,7.7559,-2.446,-1.9351,-0.39,-9.9084,-2.7827,-0.6049,9.1256,7.3856,-8.0184,8.6614,-7.3386,8.538,8.54,-9.149,-7.3953,-9.758,4.3939,5.518,3.0865,-6.6762,-3.1935,3.0189,-3.8851,1.3482,-0.534,-2.2913,6.278,-9.526,7.5853,0.1459,-8.52,-8.5499,-2.4677,-4.7548,4.4538,2.777,-9.5765,-0.3144,-3.6473,-1.9751,8.2992,-5.2435,7.1743,-3.8199,-2.6258,0.4344,0.4975,-8.0099,7.0512,8.154,2.8132,9.5793,3.9863,4.0162,7.0514,-8.9696,9.5678,-7.9236,4.9747,6.0787,-0.6467,-6.8028,-2.3285,-8.2892,-2.2753,2.1239,8.1283,4.8238,8.2798,5.8461,-3.3121,-8.5167,-1.1765,2.5031,-9.9426,-4.0996,-5.9587,-1.557,8.9074,8.272,-5.2739,-6.2863,-5.5638,5.2912,-3.9848,-9.0181,-5.8463,-3.5251,-3.1478,8.0762,8.5392,8.2377,-8.1337,0.4993,-2.9386,-7.2324,9.5541,-0.5943,-6.8683,-6.1281,4.5592,1.8864,-2.2478,-4.2866
-4.1545,-9.8812,9.7095,9.5136,1.898,4.6024,-8.4837,0.9816,4.1456,-2.7664,-1.2491,0.943,6.5592,-5.6961,-3.7455,7.8653,1.5249,6.7995,-0.8427,1.38,-1.4341,-7.2071,4.6241,7.4526,-6.6823,8.2593,8.0475,-1.4956,-5.3205,-2.4329,-3.0479,1.7978,1.0463,5.8631,-2.3447,-7.4469,-9.7609,4.1616,-9.516,3.0438,5.4652,5.8664,4.7351,-8.5367,0.7925,-5.5703,3.7674,-8.1966,6.8808,8.8813,-2.1634,-0.0159,2.7464,9.5787,-2.0428,1.3337,7.7663,5.2326,-2.339,-0.126,3.6116,2.8609,6.5806,1.7858,4.5319,3.2601,8.114,-4.7845,-5.7146,-5.51,-0.6614,5.0656,9.5985,-4.1588,-1.1378,6.9023,-6.7429,-0.6144,1.2385,3.4008,3.9664,-0.208,8.6786,-7.0885,-4.2692,9.8547,-9.7958,-5.1105,-5.6977,5.1922,8.2179,0.7354,-0.0585,-5.9403,-4.4745,-2.8886,0.2238,-7.0002,-7.804,3.7695,0.1181,6.814,0.9198,0.7115,-8.3918,3.4681,-9.8786,9.8259,-3.5298,-6.5057,-1.3865,0.4076,-9.2608,0.7725,-9.241,8.6596,-8.7066,2.5443,1.0989,-7.6455,-7.1783,4.3448,4.9424,6.9418,7.9515,-5.5341,-6.488,0.7816,-9.464,7.296,7.4948,4.7891,8.101,-8.4196,6.5785,-3.3245,2.4042,4.0409,6.5548,-7.616,-4.0795,5.489,7.3012,-3.9802,5.5652,-8.8317,-5.9474,3.5559,6.2926,8.3142,-5.4043,-1.2423,9.28,-7.7356,-9.8362,7.0057,4.1468,-4.1277,-4.0532,-0.4191,-3.9225,8.1096,6.3724,-5.1888,-4.5968,-0.1071,3.5981,3.8175,3.7109,2.611,-4.4525,3.3419,-5.2986,-8.3517,-6.6036,2.6179,0.3308,6.5569,-3.2498,9.542,3.4289,9.8369,-9.5636,4.7844,-3.6116,5.1453,9.5114,2.8995,-8.9222,6.311,-0.1854,-6.7404,2.7132,9.9969,4.8553,-2.614,-0.6656,9.6477,7.9789,-7.8234
4.8414,-4.1245,8.2053,-1.802,9.4791,1.9997,-9.9691,5.9127,-7.138,-8.438,1.9884,-4.3159,-0.2483,-6.1946,-7.8533,-5.4643,-1.8769,7.3128,-9.3338,-0.965,-3.7088,-5.2644,0.0606,-9.8082,-5.318,-4.1411,-3.7024,4.2055,6.3582,-3.3709,-8.0881,0.8348,4.9102,1.2248,-3.2122,-3.6822,-3.8249,9.8439,4.4221,7.6825,-6.3922,1.4915,6.4657,-2.7743,2.5778,-1.0509,-3.6933,3.2286,-9.233,-3.9656,5.849,-7.9824,8.8695,8.1467,0.6157,1.6339,-5.5024,-9.9904,5.8698,0.9149,-3.4584,2.3583,7.0432,-7.2121,-9.926,-1.0372,4.8261,8.3983,-7.4888,-0.1134,0.1625,-3.232,-7.6989,-6.3799,-3.6338,-2.662,6.1183,-7.9545,-8.2681,-7.6059,1.1414,9.1988,-6.9431,-5.1776,7.0914,-8.5824,-8.7492,-4.0349,9.5807,4.7239,-7.3055,3.3428,6.4152,-9.3127,-8.8736,-8.7903,8.8506,3.4269,-4.2442,-7.3175,5.0751,1.1562,-8.5685,-6.0884,4.5358,-3.753,-6.6664,4.772,4.0896,-9.5835,-7.5415,6.7927,6.9193,7.4882,2.0504,-7.3203,6.3668,8.8831,-9.6987,5.5877,4.3895,8.4795,-7.3757,-5.633,-8.2513,4.504,2.7486,2.7994,-7.2035,-6.5409,7.2486,-9.3294,-2.4436,-5.7316,3.4801,-7.0528,-2.7618,4.3633,-7.3748,-6.2683,1.587,-5.979,3.3562,-9.709,5.4882,0.6105,0.4359,9.3387,4.9036,2.9597,6.8925,-1.4313,9.0308,-0.2504,3.5563,7.8961,5.5182,0.1846,-9.1032,3.3882,7.1567,-2.3783,-4.0725,-1.5938,8.245,-3.445,-6.3893,8.7739,-5.695,9.2007,-0.2677,-4.3491,9.5914,-0.5807,3.9348,4.6851,-2.2804,1.3025,-6.3016,8.7672,-2.1255,9.9944,-3.7064,-1.1963,-5.1431,-6.298,-9.9012,-4.6282,5.6314,9.6423,4.9256,-3.3253,-1.1121,4.9786,-4.9906,8.4406,1.8464,4.89,-1.7863,8.3829
6.6011,-6.7737,6.1554,5.9545,-7.5223,8.6205,0.3515,-6.7816,-0.5129,0.0343,-8.684,-1.4085,4.7921,5.5536,-7.8867,2.478,-7.3998,1.5093,7.8046,-7.5841,-3.73,5.0811,3.5587,-1.7011,7.8773,1.9085,0.6442,8.0191,-8.9672,-8.3399,9.3767,4.282,-0.4909,-7.4368,-8.1121,7.7064,1.8492,8.6504,-7.5916,-0.3208,2.6353,4.4649,-7.5083,2.1375,-9.0662,-1.5478,-8.2293,-0.6545,-9.0499,5.1529,7.6649,-9.4552,-0.8625,0.415,4.7032,6.1197,-2.6804,-2.2206,-2.489,-6.7098,-6.7781,-2.8057,-2.3375,-9.3627,0.5087,9.5788,-4.6229,8.0639,2.8407,-1.4644,5.6052,7.3707,-0.3777,-3.2296,7.2259,-2.8273,3.518,7.3093,0.3399,9.4953,0.0648,5.2498,-5.9864,9.8805,4.7383,8.1003,-9.1593,-5.4005,4.2829,0.1637,-8.2586,0.7328,-2.7352,-1.4347,2.0188,3.7323,9.7491,6.3852,9.4259,-1.6907,-0.9265,2.6559,3.3838,2.8749,7.5475,-8.8173,6.4461,8.6431,4.2106,6.0792,2.2164,7.7247,6.5917,-4.6126,8.648,-2.1181,0.1416,-9.7459,-9.0831,3.6006,-9.3558,-2.4099,2.9705,8.9269,7.2072,6.7307,-5.6349,1.1562,-3.1715,5.2099,-1.0424,6.6612,1.2483,-6.9788,1.5529,5.2561,9.1275,7.3258,5.6081,-0.9853,8.7943,-2.7576,-0.0393,-1.0326,-5.798,3.8568,-0.8201,4.183,-4.9125,4.3862,-9.1446,6.0885,-7.1114,-5.8932,-3.0707,-5.7587,-1.7798,0.8705,5.5616,3.5013,-5.406,3.0165,1.3058,-4.2058,-6.8355,-8.035,-9.3426,-7.0225,-8.8299,1.1525,6.0337,5.3155,-6.4867,2.8122,7.5338,-2.4659,-8.799,2.9851,-0.1455,9.3584,-2.4778,-1.3392,6.2135,-0.0955,0.9696,9.6203,0.7546,1.2974,1.0044,-5.859,9.0059,-8.8982,2.9754,-2.57,-3.2118,0.9561,-6.928,8.2137,-1.0579,5.9048
-9.4537,1.2721,-3.7471,0.722,-0.2958,-3.4613,-3.7213,-4.9316,-0.7807,0.0454,-9.0716,-8.1677,1.9167,-7.2653,-4.3156,-1.2954,-9.6555,-1.0445,-9.0877,6.9953,0.2637,8.5225,1.7945,-4.5686,1.6815,-9.85,9.6775,8.4572,-1.2304,4.8151,2.3229,-0.2717,0.65,9.5174,3.4657,-5.2502,0.4504,8.569,-0.7033,9.5277,-0.5625,-1.8697,8.3494,-5.1465,-2.7755,-8.4202,-8.5592,8.8347,2.2976,0.4813,0.9981,7.0662,9.3098,0.3637,-6.329,2.8928,-5.4192,1.8169,-8.8768,-2.9715,-1.7239,3.0062,-6.2132,4.0667,3.6118,0.341,7.129,0.5361,-7.1447,-8.1832,-8.3277,6.1601,-6.5684,6.7965,3.6398,-1.4389,8.1346,-0.5875,-8.4866,-1.361,-0.1592,-0.2829,8.5259,-9.0506,-2.49,-0.2963,6.6023,5.2113,6.7167,-6.6445,-2.7635,-3.402,2.2189,-8.2891,-6.1237,2.3114,3.3703,-0.179,-6.9222,9.165,-3.5365,1.9422,-7.3994,6.4294,3.7636,-0.6825,-9.9579,-8.7575,3.7368,9.4051,-5.348,-6.0798,0.245,9.9682,-9.2208,-1.9986,-6.9027,8.8126,6.7069,-6.4563,3.0389,-0.6324,7.6075,-6.6284,8.6147,2.3181,-7.6178,-5.3715,-1.2304,3.5729,-8.0851,8.2438,9.6474,5.6479,-7.7537,3.9563,6.1912,2.7654,-2.4229,8.4299,-0.9959,3.9009,3.3062,-2.4452,3.3619,-3.6535,9.4519,-8.9991,-3.1121,9.2056,-0.7886,-9.397,-6.7998,-3.6133,-2.2918,4.8062,5.2541,9.419,2.9802,-8.5638,-2.2563,-9.0761,1.1184,0.4365,3.0561,-3.8394,6.9811,6.5008,4.8512,3.1875,2.8414,9.0171,-3.2593,7.1519,2.1133,8.9945,-8.0333,-4.8141,-1.1157,1.4662,2.5184,-2.7286,-1.895,-7.0572,-4.7817,0.9784,6.5294,-4.2343,3.6501,-1.0114,-4.2788,-9.5982,-0.8068,7.3288,1.2481,7.3282,-3.2438,1.7534,0.8042,-9.9757
-3.616,3.2403,5.3892,-2.8512,9.763,-0.8509,5.9403,-4.53,-2.512,8.2184,-3.0414,5.5235,1.3949,-9.8293,-1.0901,2.2985,-3.418,-7.7908,1.0912,1.1295,-4.8452,-0.1061,0.4232,3.2318,-7.1622,8.1076,4.1567,8.6778,4.7615,-9.5669,2.8842,6.5118,5.2135,-4.0611,-7.2826,-8.8753,-7.7443,8.7229,-4.599,-1.9527,1.3281,0.4488,0.4396,-2.727,5.6236,8.2156,-5.7229,5.6875,-0.3626,-3.9713,-8.1266,4.6579,-8.6505,-5.9445,0.2218,9.2852,-1.2131,-2.3614,-9.0233,-0.8255,4.8454,9.4745,-5.1272,0.6025,7.6852,1.0172,-5.5496,-0.2749,1.1555,-0.1007,-5.827,-2.9399,7.4921,9.0699,4.1015,8.0115,2.5092,6.7171,3.5139,4.6514,0.8353,3.5618,6.9404,7.248,-3.7915,-2.0455,3.4016,7.6638,-7.6184,-9.8717,8.6537,8.8163,2.8068,7.2081,-0.5048,0.739,-7.5355,-5.1477,0.7499,-9.2539,-2.1791,9.5699,-7.924,9.8984,2.4655,0.098,-9.6593,3.5631,-0.0655,6.6556,4.9926,-7.7829,9.717,2.1709,-8.1792,-3.2756,1.3034,-9.2829,0.3808,-9.9103,-0.7648,6.3233,5.8405,-6.7936,-5.0044,-1.9997,6.666,9.1939,0.0392,-7.7732,-9.5243,1.8437,9.0947,-1.1869,-1.4922,5.9555,-8.6936,-2.763,7.82,3.6123,-7.0832,2.9142,4.9203,-4.4841,5.98,-9.9472,8.2328,-5.8278,-9.7397,-9.0215,8.047,7.9211,7.7364,2.3917,-9.3923,0.6123,1.4797,-5.6056,-2.0085,-6.1706,4.6386,-9.232,0.3122,-7.3899,-7.6461,7.5126,7.1824,9.1425,5.2749,-4.6848,6.9504,9.3172,-3.249,-2.58,2.3602,-6.961,-3.9168,-5.623,-2.7845,9.8975,-5.3967,6.207,-5.5901,-6.9235,-4.7491,-3.068,8.0434,-1.1325,5.2185,6.7531,3.5698,4.7264,-8.5485,-5.6971,-7.5257,-1.3147,8.2281,-1.9488,3.0253,2.3752
-4.9254,2.1465,9.7682,6.4107,-7.2871,6.5522,8.8041,-5.4985,6.9557,4.2361,-8.7906,8.1079,7.0967,-6.7691,1.5512,4.7313,2.334,6.0931,0.8134,-7.9332,0.4438,0.5266,-1.9393,-8.1246,-4.6658,-1.7278,1.2531,6.5315,-9.4843,-8.3504,3.1521,9.7595,-4.4256,-2.8199,5.4641,0.035,1.1606,-9.0726,-7.8692,9.0274,8.1999,-2.5969,-2.9359,5.4743,-0.6864,1.462,-1.9434,-0.0783,4.0577,2.2065,-1.8135,5.5167,-2.1841,9.5967,-6.3083,-0.7719,-0.99,3.6283,6.8576,6.241,8.7005,4.3997,7.4794,-1.8892,-4.6757,4.8534,-7.0393,4.1119,7.4289,9.0157,-5.6291,-0.6049,3.6838,7.8368,-6.7166,7.6853,7.5934,-5.5024,-6.1085,4.383,5.3965,9.8105,5.9552,-1.1873,6.0742,8.4062,-6.1679,6.4812,-5.5871,-6.9608,8.3662,7.862,5.7971,9.1706,-7.1833,-6.819,9.7805,-7.5903,6.0722,-5.0506,0.9115,3.7217,-0.3374,-1.0009,-6.0673,5.0085,1.2265,-4.9445,-3.8956,5.2262,-7.9602,6.5484,-6.4146,-0.9776,-1.6785,7.9329,0.2626,-5.951,-1.0727,-2.4649,4.0801,-8.9167,1.5885,7.9626,-1.9047,4.6513,3.0472,7.9523,7.6121,9.499,-7.4619,4.8215,8.3369,5.1144,2.5938,5.2325,-6.7824,1.0108,5.9459,-2.1714,1.639,6.0926,7.9202,-9.6764,-3.3756,0.7474,-8.0056,-6.8456,-4.2957,-4.2906,-5.4658,-1.8185,2.4568,-4.616,4.3459,2.6186,7.8833,9.5243,3.3211,-3.972,0.7774,-2.8981,8.9833,0.9916,9.3124,-8.6004,5.5073,5.0124,-4.3217,-8.1389,-6.0898,7.5344,-9.9035,-8.7148,4.3388,-1.299,4.7911,-3.1181,-5.6389,2.5285,1.5469,5.8301,3.0992,-9.6752,8.0844,7.2526,-8.464,-2.3059,-6.0253,-9.7374,-7.6459,-9.4442,8.9667,6.3252,5.0635,-0.36,8.4126,-8.3888,7.6132,1.7909
7.5566,-9.8471,3.8864,6.1925,-4.18,6.6523,9.0779,4.9163,0.4462,7.7278,9.6181,5.7719,5.8236,-3.2985,3.8595,-1.0071,4.7667,-9.5393,4.791,-6.3676,0.7702,5.1667,-7.6255,-2.2816,-4.5979,-6.4445,-9.7014,4.2413,8.6771,7.529,-8.5012,-1.1293,2.6732,8.0853,5.7881,-7.6906,8.1314,6.1788,-6.6294,4.0271,-1.0951,-9.5232,-0.2807,7.9068,-6.4914,-7.9063,-7.3211,-8.7916,-8.8359,9.7019,-3.842,9.138,-7.8856,5.8159,-9.9117,-8.8476,-4.4525,0.1905,2.8443,-0.4487,3.9011,-2.5412,-7.2942,5.251,-4.512,9.3069,-7.7125,0.235,1.973,-2.8794,8.9457,7.665,-5.4382,2.4526,7.7265,-2.3213,-6.9098,-8.2218,-6.5167,-0.5652,-9.2989,3.2764,-4.9546,8.0797,0.0845,-0.4485,8.7909,4.7951,7.038,-7.7941,-9.6594,9.5623,-7.2148,-4.8983,5.6198,7.4256,-1.1307,-7.7178,-8.2194,1.0902,-4.487,-8.2949,-4.9683,3.3885,1.1455,-5.23,-7.0664,-7.8425,8.934,-5.6515,9.3282,-9.3915,2.9291,8.9361,4.6205,-5.8962,-2.5793,7.9249,4.1349,-8.5271,-5.8151,-1.7465,0.7631,-1.662,-6.74,-2.5268,-0.5703,-4.1234,-7.3718,-1.0286,-2.984,-7.7385,-5.3558,-5.2524,-3.4072,-5.958,4.6617,-0.5997,3.1174,-9.4921,5.3733,5.9085,-3.9338,1.9309,4.6658,2.5877,2.1552,9.9979,-9.4204,-4.9805,4.8539,-7.439,0.4016,6.7917,-9.0199,4.1662,-9.5103,7.6815,3.8459,7.7365,-3.5713,5.5482,3.9074,8.8496,3.1558,1.7548,-0.0315,5.5311,6.4167,-0.1514,-1.9624,1.3581,9.6711,1.8495,-6.0582,8.0582,-0.2172,-0.5016,-5.475,0.8104,6.9549,9.4826,2.466,-0.1534,-2.9667,-7.5291,-4.7104,-5.26,-4.5716,-0.9966,-0.2837,3.5043,9.8367,-4.1431,4.8056,7.6518,8.2738,-5.6818,2.3696,-8.7334
5.426,-4.2159,-4.0148,2.2183,0.1491,-2.1856,-4.6447,-4.4618,2.9406,-8.6718,6.3281,6.7332,-6.2423,-0.3749,-8.4895,-3.3106,5.0073,7.7126,4.2073,-5.6072,-1.4815,7.7276,-3.6667,-4.2772,-0.7869,0.1918,-9.5669,-2.7074,1.7692,-4.7117,0.2243,-3.318,4.6823,-2.0458,-5.017,-7.0224,-1.6232,7.1294,1.2679,0.9521,1.5463,8.3471,0.2308,-2.6033,4.2642,-6.7215,-2.141,-1.7469,2.5655,0.1081,1.6199,3.867,8.5494,4.252,4.0173,3.8623,9.7479,5.1438,-9.0763,-4.8458,6.2375,-4.0637,5.6612,-7.7738,-7.216,3.0468,-1.7106,-1.8546,2.9928,-5.8157,2.9288,-4.2417,5.9212,-2.6596,2.1194,-8.5397,-8.7394,8.1889,5.6524,2.0229,4.1462,4.5463,7.3221,-7.0901,3.6911,-2.5762,6.8964,8.5879,-7.1544,-1.1068,6.553,9.8266,-1.4509,-5.5108,-8.0274,5.5521,-3.0321,6.8253,-4.154,5.1769,1.1556,-4.6616,5.9911,7.08,-5.605,-2.7391,-5.8247,-4.3504,-4.2882,1.4676,-5.038,-7.0615,-3.2466,-2.5168,2.9408,0.4879,5.3662,-8.3591,-0.2403,-1.6235,5.8023,0.5302,-4.4826,-4.3988,5.2524,-7.6409,-5.536,3.6083,8.1549,-6.789,-5.7823,-1.2536,-7.5635,-2.4733,0.9159,6.358,0.924,2.8043,-2.1562,-3.6733,-3.6798,5.6846,9.5589,-4.7893,-0.1245,0.2834,4.2408,1.4109,3.5306,4.9846,-6.5906,-0.5309,-6.8528,-8.9574,-4.9775,-6.3666,5.589,-2.2066,3.2181,2.6411,8.5376,6.8608,2.3394,4.4022,-1.7632,7.4747,3.1803,2.6315,3.3152,2.4391,8.961,-5.9955,1.0495,-3.9415,7.5179,-2.5292,-2.6917,-3.2358,2.7576,6.7511,2.0218,-0.2278,1.2466,2.258,-3.7566,-2.0838,-3.2141,-9.0235,3.8535,7.768,9.9131,2.9065,-7.0412,-8.0965,-9.355,0.6728,9.9537,4.683,3.8448,1.804
4.022,1.6475,6.7767,-1.8861,9.7717,-1.43,-3.314,-7.7895,2.4168,-0.0482,6.0633,-9.1484,4.0609,-6.1994,-6.398,-3.2268,3.1905,-7.9106,9.9248,-2.1442,8.9131,-9.116,-7.0419,0.2307,-6.3975,-2.5772,-7.2793,-9.5862,2.5955,-1.5677,-5.9461,2.9626,-6.442,8.1716,-4.3615,2.7258,-5.1735,7.0788,-6.658,-0.282,7.5034,7.336,-7.5154,-5.2206,2.565,-9.7132,-5.6339,-6.2972,-3.1138,-8.3637,-6.7639,1.99,3.932,4.5119,-5.1154,-1.6216,1.7064,-0.2034,-1.0019,-3.4982,-9.7193,-0.1937,9.1637,-9.5547,-1.7547,7.5443,-2.0914,-5.9906,8.4744,-7.6806,6.9606,4.1731,4.2708,8.132,-9.0225,-6.8112,-2.1802,-6.119,-1.3425,1.4777,7.485,-1.1515,-7.2719,7.2414,2.4093,-5.4109,-2.9808,-3.345,3.3621,-6.7747,7.1784,2.9308,-3.67,-7.6731,-2.0266,-2.7434,0.0468,7.931,-8.3544,-8.1171,-3.7759,9.7732,-2.5692,9.2301,7.2759,-8.985,8.0212,-9.3885,-6.1572,-4.0613,-7.1003,-8.7247,-2.5603,-8.5217,5.8351,-9.1351,7.5916,7.1798,6.9037,-8.2024,-8.1803,0.4504,-8.9578,-6.0418,-8.91,0.8903,5.3876,4.1259,5.6351,7.5868,-1.9236,-6.7272,8.1316,-7.8676,0.4899,-4.3782,-9.5323,-8.0869,0.088,-0.7172,-2.9986,-9.6706,8.9866,5.1027,8.6816,8.4004,3.7977,5.2875,4.9158,1.1582,-9.4526,-1.0815,9.5939,3.7358,-6.1326,2.6899,-6.2543,-1.2544,-8.4652,1.311,3.2174,-8.4722,-6.2974,-8.496,-1.0146,8.3594,5.4482,7.5313,2.1603,-1.8182,-6.8291,6.6665,-5.2847,1.3841,4.7086,0.908,3.1861,-9.2127,-9.4562,-5.5386,4.9942,8.0846,4.8157,5.9427,-5.4244,0.938,-3.9677,-4.1514,9.0033,-1.2811,-9.9082,4.4447,9.1168,7.7788,0.6149,9.0294,9.1323,9.8317,7.8795,-0.3652
-9.0618,9.7731,5.0717,-7.6652,2.5834,4.8536,2.5992,5.9045,2.1866,8.4956,2.5133,7.4085,7.5259,5.4491,-2.1051,3.5794,5.8747,-3.2567,-0.3071,-0.2676,-4.1625,4.0143,2.9986,-4.0448,4.2586,-9.0276,-8.4776,6.9956,8.594,-1.961,-7.0004,0.67,5.6776,6.6929,7.8497,8.7585,-0.2419,2.0832,5.3941,-4.792,-8.5521,-4.9439,3.764,-7.3502,-0.0829,-4.256,-1.9481,4.2265,-8.6958,-1.1526,-5.6428,6.8147,1.7297,9.9935,9.5526,-5.4998,-1.7599,-6.6157,-3.8893,-9.8193,-6.6027,1.9884,-0.6772,0.9833,-5.5981,5.3066,0.3647,-5.9808,0.4643,0.3441,3.7038,-8.8433,1.3442,8.2764,-3.6289,0.5051,2.8195,3.9919,-1.9233,-0.4154,4.1503,-0.5216,-2.9764,-8.697,-5.3867,-3.3907,-9.2348,-6.5407,-5.8287,9.2503,3.8851,-7.7018,-9.4731,8.6992,-7.5881,0.0191,-4.3847,2.9253,-3.176,-3.9451,-7.7943,0.7028,8.8154,4.6401,1.3271,-4.249,6.8141,-7.209,2.1808,-3.5671,-8.0057,-8.3266,9.2221,-8.6312,5.0358,-2.32,-2.9543,2.4841,-7.0583,4.2655,4.5913,-9.9316,-4.8386,-2.3741,9.8213,-6.938,6.2863,5.6366,1.6866,-4.9904,0.4202,-2.0493,3.1119,-0.5916,2.346,0.5397,-7.6389,9.6868,-4.4625,-0.4638,-3.6151,8.5097,6.7984,-9.137,7.2132,-7.1054,-2.8684,7.8903,-0.7789,8.5955,2.5229,9.5909,-8.7077,2.2886,-1.6615,9.1031,9.6275,1.2196,3.6206,-0.7664,-3.2773,7.6713,1.5978,5.9574,-2.4766,-1.1781,-7.7123,-2.6443,-0.2473,-6.399,6.8082,-8.6985,-3.5653,-0.4805,5.544,-5.4579,2.1381,-9.1151,-6.0985,-3.767,4.2732,9.06,3.5972,-3.747,-5.469,1.7461,7.8489,-0.7616,-8.8717,-7.9308,-3.5213,9.0263,7.361,-5.3236,-8.3977,-6.2359,-4.9855,-2.5071,-6.5666,5.437
8.5054,-2.9999,3.5444,-8.5745,1.7754,-6.4646,0.2709,-8.8136,-4.8354,4.5946,-9.1286,-2.9828,-7.4182,-6.7773,-6.4819,-9.1701,-6.1378,2.0943,-8.0961,0.9444,4.3307,-9.7266,8.2343,4.6091,8.2607,-8.625,-9.6068,-4.8634,-4.1692,1.6843,6.3137,9.7442,7.7797,-8.3252,-6.3299,-2.7037,-7.1098,7.6594,1.7104,-5.5163,-7.8658,4.4861,-6.599,-8.343,-8.8205,7.2811,1.1213,6.7441,-6.7913,-7.5415,6.8002,0.8002,-7.639,-6.637,-6.9645,4.8892,2.2006,-0.6873,0.1626,0.5891,8.5234,7.2998,-1.6401,-1.4622,2.1935,-2.5792,6.6414,6.6088,7.7093,-6.6756,-8.993,-4.5914,-5.3576,2.8184,4.0346,-1.8927,-7.2144,-6.3932,6.0919,4.5441,-3.6074,-6.3636,5.0302,-0.0711,4.1628,4.4321,1.7501,5.0767,0.655,8.1174,-1.2695,-3.6842,-3.0921,9.8458,8.2926,-7.2115,-0.2735,-7.564,-5.6217,-3.4813,5.4964,1.2521,8.6142,-7.4608,5.5781,9.6273,-9.1057,0.1971,8.4151,3.2334,5.8925,1.2712,-3.3296,-5.4542,1.8203,-2.6751,2.0724,1.9947,-9.2041,-3.5489,7.969,4.2975,-8.2527,-1.1182,2.828,-7.6047,2.4462,1.4409,-8.2577,4.8399,4.5359,1.7947,-8.9077,8.9107,-5.2179,5.192,0.1252,-7.5208,-8.3886,7.5431,4.6082,7.4368,-9.2259,-7.4327,-5.3586,-7.7867,4.9541,-7.7426,9.999,-7.5802,0.3853,-5.6739,-2.5412,6.1679,-1.9236,6.2661,-6.4487,-4.6958,-4.3407,-0.3221,3.0087,9.9673,2.2454,-9.412,-4.183,-4.7953,4.5791,-7.3897,-9.0794,-8.9018,4.2669,9.7973,9.1775,-6.0715,5.4985,-3.6945,-2.2173,-6.1784,-8.9776,2.6983,7.4316,8.8451,-7.5264,1.7741,-5.8746,-3.6802,-9.229,4.2669,-1.4829,0.5762,4.5667,-6.0976,-4.2099,6.2004,8.782,-6.6127,9.7428,-8.1559,6.6048,5.2895
-3.8599,-8.66,-8.2229,-6.7683,0.1425,-8.6526,7.3554,9.6334,-8.5608,9.9267,-2.4979,3.9249,0.245,7.2355,1.6787,-9.8092,-1.1378,-0.6193,-7.9815,-0.0284,-9.6301,-4.15,-4.3382,5.0052,9.3946,-2.419,-7.7185,-8.1666,9.6433,1.7391,9.2669,-1.1367,-3.2579,-4.484,-6.8336,-9.8716,-3.6974,-7.8526,4.4697,6.5103,-9.4842,4.452,0.9025,1.8948,7.0057,2.9059,4.901,5.3969,2.4619,5.5908,-8.3758,4.6214,-8.6222,7.7607,-5.7519,-4.6735,-3.8844,-3.1969,0.9092,-0.7013,9.7136,-4.5033,4.7429,-7.6967,1.9298,-4.4096,4.1339,-7.7432,-5.3214,7.1535,-2.668,-2.3617,2.1967,-8.6963,-0.2622,7.8097,-3.0145,0.2125,3.7232,3.9191,-3.2276,-2.3597,7.0686,1.8635,-1.4656,-4.7325,-9.1132,3.3805,6.2396,-2.8542,-2.3588,-0.677,-3.987,1.5845,-3.7479,2.2376,5.6496,9.8558,3.3943,-3.6514,-8.1729,6.6948,-3.2695,-7.9886,8.2095,5.6378,2.5088,3.4692,7.709,-1.8925,-0.225,9.778,-8.578,-7.5722,1.2194,-3.7138,-1.9613,2.5534,-2.8961,6.3063,-0.3435,1.6405,-5.8724,3.9871,1.4304,-0.2146,2.1657,-1.9675,8.0506,-6.5478,-7.314,-3.5477,3.2315,-3.1861,-7.6805,4.684,-7.2082,-2.7892,-0.693,-3.6915,-8.8039,2.1768,-4.3513,-3.8038,8.5373,-9.7979,-9.1023,-7.911,7.3302,-8.2938,-5.5532,-5.9792,6.4175,4.6473,4.4497,-8.6916,0.5309,-9.4572,3.3738,3.5517,-9.3824,7.8071,-2.1566,-4.2532,-6.7523,6.3266,-6.8307,-0.3274,-7.5973,-4.801,-1.0394,0.47,-8.9374,8.0757,0.0708,6.7921,5.9681,8.2053,-9.6754,1.9261,8.005,1.3319,-4.1969,9.121,1.6023,0.2712,-9.7076,5.2903,0.9382,-7.866,9.2961,4.0371,-4.0433,-9.1211,-8.8988,2.8646,-9.8751,-1.2173,-6.3041,-3.7452
-6.6256,6.6526,-7.412,1.2821,-4.984,-9.0907,7.0988,2.3357,2.4903,5.7736,-5.9394,4.6712,7.1226,-1.458,-7.3996,3.2109,8.9119,4.1256,5.5104,7.7787,-3.6667,9.1091,9.5225,-5.9565,-6.8913,-8.2888,2.3928,-5.1941,3.3246,-3.1604,4.0556,6.7185,-4.7042,2.3828,-1.9934,3.2047,-0.203,-0.4784,-5.9523,3.8314,-9.2031,5.3442,6.7209,-4.4813,9.4242,1.1863,4.9228,5.2559,6.1729,-0.0008,8.8053,6.7774,-4.9324,2.2957,-9.6708,0.8234,-9.3212,-2.6958,-9.8036,9.9317,-5.0452,5.4589,0.9961,-0.4722,-4.6475,0.7341,-7.0484,1.2718,0.9533,-6.341,-4.0544,-0.9785,-1.3817,0.2784,-1.986,-5.3481,2.6332,8.6625,8.8481,-6.1959,3.8293,0.7593,2.7934,6.7497,9.1376,6.651,-6.0502,-9.8769,0.3278,8.4927,0.4391,-8.232,2.4183,-4.2967,1.1464,0.4166,7.3947,-8.3262,-8.5014,-0.4346,8.7537,-9.4689,2.9119,-6.9681,0.8573,8.0271,-2.8659,-6.1365,3.5317,9.8228,4.9175,-0.5048,-7.6647,-5.2413,8.4701,7.1961,8.8369,-8.7282,-1.529,4.4032,7.4035,-3.831,6.7245,-0.5195,9.9263,-9.9353,3.3537,-7.599,7.1909,2.5433,-2.1399,4.0734,-8.5568,6.6388,3.6842,-3.084,-9.1325,-1.3775,1.1413,4.4674,-4.394,-8.6262,3.8797,-4.3051,-1.9813,8.2153,-7.8722,6.926,-2.9921,-5.2205,-8.8589,8.5054,9.5731,-9.2292,-0.0008,-8.157,9.7093,-8.2324,-8.714,3.1993,3.4335,-9.4525,-1.9769,-1.0585,1.6311,6.7315,-5.7247,0.4852,-6.9171,9.4362,-5.6097,-8.3667,9.4328,-4.9063,4.2853,7.0177,0.8617,3.9788,-5.4928,6.0754,-2.2816,3.9433,2.349,9.404,7.5123,9.3947,1.0713,-7.2697,-8.7404,9.3936,7.8992,9.4835,3.609,2.4173,-5.9201,-0.4552,-1.617,0.6874,4.4456,8.6866
-9.6793,-1.5805,1.7957,1.0309,0.9171,8.0944,0.7849,-3.4451,2.4412,4.7229,1.6115,4.7903,-7.8315,9.1002,-9.8195,-3.5749,0.9573,-3.4194,-6.6854,8.9502,3.6437,3.0341,-6.9527,5.2868,8.3661,4.0532,9.8413,3.0102,-5.6759,-4.5977,-4.4996,-6.2857,-9.4388,-2.3005,1.6681,8.5208,7.7177,-0.6083,6.4921,-2.4372,0.1482,-0.8007,-1.6928,-6.4852,3.3749,4.9416,-5.1107,4.882,3.7554,1.7348,-0.6891,-0.3422,-0.2263,-9.633,-0.8647,-7.0363,8.4337,-5.2801,-9.4833,-0.7432,-6.0166,-9.7865,-1.44,6.4425,-6.74,-5.6361,1.4376,-4.327,-6.9107,-4.8111,-2.371,-8.0178,-6.5719,0.9129,-9.7911,5.2213,-3.5158,-0.1764,0.7078,-6.4156,-1.0428,1.8426,0.5835,8.6853,-1.0915,-4.0976,5.8484,-7.4652,6.1742,-0.2487,5.8689,-1.3182,-8.1612,-2.0269,8.888,3.8072,-1.126,6.3537,-8.7517,-4.7563,2.0363,-3.98,-6.9711,8.9344,3.1714,-8.5435,4.2973,1.2121,-9.961,9.8622,0.5178,-6.5217,-5.8717,-7.2081,-0.0652,-2.9286,8.4321,8.4167,7.6269,5.9766,4.0021,6.1581,4.9422,-6.0981,3.6523,3.0237,4.9793,6.8698,-1.6104,-2.2342,-8.936,-8.5663,7.5999,8.1198,-2.208,1.4656,-8.3918,-2.3818,-1.0787,-8.7335,-8.075,8.1649,1.9501,-0.4143,2.3058,-0.3789,2.1781,7.9024,-8.4928,5.0562,-9.6455,-2.9469,-1.2934,2.2646,-9.1217,4.8859,-6.5595,-8.9568,-2.9419,-4.0886,-3.5287,-9.0036,-7.9814,-3.084,1.283,2.2358,-9.8721,3.6369,-1.2665,1.1366,-1.5096,-6.0061,3.615,-3.9464,-5.7088,-8.9482,-6.0852,3.5554,8.9872,-0.3072,0.6707,-0.0515,-3.8995,4.2888,6.0077,1.1916,7.6681,-9.8783,-0.924,-9.7438,-3.9958,0.7689,7.7287,5.3744,-5.6507,1.9006,0.2274,0.7675,-1.8113,7.5187
2.6401,7.3764,-5.5059,4.7597,-8.0636,3.1345,-8.9991,-0.1221,-9.9326,2.4876,4.2181,3.4198,-4.5144,-8.787,-0.4338,5.4283,3.1834,0.3544,-0.5964,-8.7856,6.8603,-5.9126,-6.4832,-8.6181,-2.5929,-4.1588,-1.4228,6.1371,5.6461,-5.4951,6.4025,-2.2229,3.1985,-0.1864,0.5853,-5.2449,-0.2751,-3.2397,4.0925,6.4175,-3.1908,3.2573,-4.9784,0.553,1.107,-3.2146,7.0264,1.4376,-2.6213,-5.2935,-4.2488,-3.712,-5.4788,-0.2416,2.5384,8.1975,-7.0169,3.7944,-0.8344,4.9662,-8.5152,1.3678,-5.4303,8.2322,9.405,-4.0872,4.0637,6.4862,8.6082,1.9536,-9.4017,1.978,-5.4933,-5.6398,-4.7881,5.7918,7.1279,-1.7755,7.3725,-7.272,8.5201,2.3424,4.8843,6.4806,0.8039,-1.4952,7.8881,3.3726,-0.2511,4.2363,-2.695,-2.9685,0.4458,8.2692,7.0844,2.0952,7.5827,2.6033,0.6246,-5.2924,0.457,4.148,6.7098,0.6448,6.163,0.6973,2.2465,7.1201,6.0568,7.1722,-6.3688,3.5812,4.7313,-6.9077,1.9317,6.3179,-9.3835,2.4587,-1.3277,-9.5861,9.9925,4.5355,5.5618,-1.5125,3.6665,9.5272,-4.7083,-5.386,-3.5778,2.5966,-9.8602,1.0755,-9.4738,-2.2277,-6.4403,2.0516,9.2975,-0.4632,4.6618,-2.3209,-7.9731,-8.3328,8.4582,3.277,9.4529,-5.7186,3.9752,-9.0128,5.0282,0.676,4.7707,1.7338,-9.8488,-1.757,1.5074,9.423,-3.3063,3.4958,-8.6595,-4.6821,-6.5735,7.8246,-8.6695,-5.9895,7.0096,-0.7159,-3.1127,-4.2718,5.1945,-0.9566,-7.9017,-8.3016,-3.9322,7.6679,-8.666,-1.778,5.5798,-2.1888,-8.1268,-0.245,-0.0731,-6.4701,4.2777,-8.8264,9.6489,-5.0841,4.3027,-0.5894,-7.1988,-8.1105,5.6918,-1.1884,8.5224,-7.434,-9.1971,7.0613,9.8143,-7.9366,3.5166,-9.543
6.287,3.0116,-9.5193,2.8536,-2.8101,-9.5592,3.2457,1.6119,-9.7842,5.8853,6.436,-4.246,-5.2307,-8.6342,-0.9808,-5.424,6.6536,-1.064,-1.2649,6.72,6.1177,-7.7885,3.4464,3.3446,-2.1262,7.7334,-1.5124,-5.1794,0.0975,9.495,6.3562,6.3275,-2.479,-9.7811,-5.81,-8.401,-3.2336,-0.9738,-6.1981,-1.239,-3.9794,4.8726,9.9001,-5.8453,9.2631,1.4043,-9.9871,-7.0346,-0.2786,7.4713,-9.3203,-3.251,-5.1714,-6.1973,-4.7983,7.8896,2.6557,2.031,1.7737,-3.8723,-8.6937,-7.7669,-8.4023,-9.9677,-2.9008,1.3492,8.5043,8.2259,-1.534,6.4018,6.9458,-1.6787,-9.5005,-1.618,6.5169,-3.959,0.2655,7.1969,3.866,-6.4984,3.7345,-0.0763,5.905,9.7284,0.2428,4.581,-2.0423,-9.2778,3.9068,3.3346,6.9595,2.1337,-4.5988,8.8323,-4.1204,-2.9699,-1.2963,-2.7903,1.285,-5.4443,8.9925,1.5254,-2.0492,-3.925,-3.9531,6.9546,2.5333,-6.8458,-0.431,-6.0524,5.5942,9.8276,-8.6561,4.5446,-7.4734,1.4527,-1.4235,-3.3699,3.1659,-9.013,4.5476,6.5693,-9.8444,-3.4597,1.4028,2.1563,9.6067,4.6814,-4.6769,6.6427,-9.6544,4.1218,-9.3469,-2.4079,0.1694,8.3714,1.7702,2.2183,-2.4375,-0.9136,-8.6251,5.3581,7.7858,-7.7099,-3.3288,-2.0335,4.4285,-3.7695,-8.6471,6.4076,7.5866,-1.3161,6.118,-6.101,-6.1813,0.0287,-3.6737,9.3227,2.3269,5.8014,8.7491,9.5686,-6.2467,0.5407,0.1399,7.8951,1.8485,-2.656,-2.0888,7.2963,3.3481,-0.5322,3.342,-3.0893,-7.6313,-6.0511,5.8022,-5.0173,5.5053,-4.5644,-0.6761,-4.0834,0.623,-4.4363,0.5378,-7.9465,3.5418,6.4685,-8.0578,-1.6186,-9.7465,5.6044,5.8759,-8.8214,3.1514,0.3259,-2.6866,-9.2956,-1.3671,-9.176
-2.8703,-1.6526,2.9718,4.8162,6.4778,6.8312,6.7076,-1.2118,-5.4034,3.8602,-3.9074,-7.1399,-9.9674,4.8144,-4.3965,6.3203,-2.867,-5.8887,-1.8779,-9.9029,4.1756,8.534,0.07,8.5055,5.6318,-1.8445,5.5358,-8.2531,-3.7561,2.2265,8.2296,-0.4488,5.8516,5.0352,-5.9886,4.6569,8.3519,6.4497,8.4014,-8.0925,8.6167,2.4884,-8.4496,-1.9646,-8.6276,-4.2699,6.012,-9.8683,-6.5838,-6.3044,1.3493,-6.2955,-9.5553,-1.0786,3.8432,-4.2059,-1.6239,0.2503,-1.0047,5.8696,4.0315,9.2014,2.1867,2.8709,-9.8346,3.5204,-0.3195,-3.4324,9.8567,-6.396,6.1739,-8.2473,-9.4184,-0.6466,-5.2852,-8.2204,6.6755,-7.593,-6.511,5.2277,-3.8548,-7.6148,0.5414,-9.9509,1.9899,6.003,-1.278,-5.088,4.9516,6.0687,8.6478,4.9066,-5.9266,-9.0994,-0.7053,-4.2764,-6.4154,6.8851,-2.0938,-0.2769,-3.1618,1.7121,8.2275,1.9063,-3.8115,-1.3361,-0.0272,-0.6201,-3.5474,-8.4554,8.1534,3.555,1.893,0.979,9.3028,7.6892,0.7413,-1.0669,0.5191,-1.5871,-3.4076,-2.1496,0.2063,-3.5486,2.9851,-2.0107,8.2254,-7.1831,6.623,-6.8448,-1.6385,6.7871,3.4062,-0.3648,-0.2798,2.8114,-1.6004,-6.6942,6.9263,1.0997,-2.5102,4.921,-1.5006,-1.1777,5.6656,-4.6668,8.0774,-2.1234,-3.1193,-2.7161,-3.0165,-4.8696,-5.8697,-6.4174,-6.0375,8.0236,-8.2365,-8.4399,-0.2177,6.8916,9.6132,-0.4056,7.3937,-3.5706,6.2544,0.4996,-2.5559,-6.215,0.0729,0.9762,-7.5273,4.4489,-4.0601,4.7875,-3.2314,-3.3363,7.3317,0.0781,-7.4968,2.5811,-1.3427,-0.1483,6.1931,8.3701,-8.1139,-1.5875,6.096,7.5719,1.7214,-4.8818,-7.8388,-1.5328,-3.3745,-9.7169,1.537,-3.4578,1.7367,6.4838,-0.148,-6.1907
-7.5268,5.4365,-7.3346,1.9576,5.0784,-4.5711,-5.7878,-0.2814,6.9413,7.56,7.7993,9.6876,5.9223,0.2195,-4.3371,-7.2488,8.9347,9.8238,-3.4799,-9.0644,-7.6213,-1.6502,-5.6578,-6.4329,6.1181,0.3452,-8.4947,9.603,9.0515,0.5298,-2.94,9.6933,-6.2427,-7.905,2.0756,-2.5635,1.4192,4.0018,2.8577,5.9013,-7.4804,3.5245,-7.7736,-5.7955,8.6698,-9.3386,0.6211,5.0364,2.4587,-6.1373,-2.0888,-3.3842,-0.8195,-7.044,-4.765,-4.0842,9.0788,-4.6478,-6.3305,9.2012,7.2181,-2.6108,5.791,-3.7115,-8.7241,-6.0653,4.7988,-2.1979,5.4044,1.4736,-8.6851,-5.7265,-3.7947,-3.0408,6.586,7.0024,3.7178,-3.2077,2.7185,-3.3879,6.3211,2.6863,-3.5543,-6.9987,1.9538,-1.421,-2.3725,-1.1979,6.1029,-0.5916,-7.7719,1.0608,-3.3217,-8.8922,-5.9322,4.0442,8.297,3.8351,-9.3165,-4.6307,-7.9021,7.4674,-5.9381,-3.5837,1.2858,-4.0045,1.573,5.2331,8.8223,-7.7809,7.867,9.4164,-7.8101,8.6351,-6.7988,0.6018,-8.0283,7.7294,2.454,6.3552,6.0598,-0.6935,2.2521,-1.4348,6.1898,-4.0402,-3.8478,5.5021,7.9517,-5.2223,-2.0243,6.5166,-5.6963,3.2296,0.9789,-6.2906,-2.7433,4.4309,9.1389,9.7817,-5.7165,-5.2459,2.5517,6.0649,1.7699,-4.9968,-3.7011,3.7407,1.9497,-5.3329,-8.0482,1.7737,-7.013,-8.863,-2.2513,4.8694,6.1716,-5.3136,6.8223,-7.8883,-1.0064,6.2263,-8.0995,6.4511,-9.8409,-4.587,-6.3043,-5.9012,7.3739,-7.1547,-3.4142,-0.0777,5.8865,-3.6471,-8.5301,-5.1395,-7.3755,-8.1269,-1.1636,5.4468,7.857,-2.6643,1.7627,-1.2826,-4.3673,-8.296,-0.9411,-5.3181,7.5799,5.9899,8.1068,9.3371,-4.4339,9.834,-5.9218,2.0112,7.5456,-1.3753,7.1531,-0.6025
7.3981,-6.4262,1.3083,-6.65,7.3317,-4.8183,-6.9127,-3.3426,-5.9197,2.7665,0.3662,9.6482,9.1788,7.3776,-0.4564,-9.7979,-3.9159,-5.4447,-1.9161,-8.206,-2.7998,5.4546,0.6295,9.8551,-7.806,-5.4926,2.9755,-5.6109,-1.4744,-1.3678,7.878,0.5176,-1.0653,5.9924,-9.5728,-5.5935,6.3522,3.3299,-1.2797,9.3128,3.9043,-3.8767,-2.6832,-8.1107,-4.184,0.5299,-3.362,-9.8245,6.8672,7.2149,-0.4501,-3.2465,8.8919,-3.0103,-9.2156,2.1828,-2.6784,-0.2422,-3.5126,-0.1937,-2.1595,-3.0172,-9.0577,-9.8785,1.0614,-9.0452,-2.1958,-7.1999,-9.194,-9.6658,-6.9321,-3.0043,-9.1139,-4.0121,-3.0542,-4.7478,-0.4011,0.6991,-6.182,-7.4543,-1.4836,-2.9397,8.4329,-0.8441,4.6254,1.9782,-2.9591,4.688,4.1536,2.1096,-4.8822,5.3227,4.7585,8.9224,3.9074,-0.3418,-3.7805,-6.7921,-3.6248,2.3164,2.7054,2.0245,6.2291,1.3368,5.0221,-1.0039,9.3355,2.4608,-6.1568,3.4777,2.5423,7.313,-6.6813,-6.7096,-0.8845,3.9858,-6.8078,-0.7527,7.2752,-6.8934,-6.8869,3.7785,-9.3022,6.4131,0.1131,4.3057,-5.747,6.0253,5.1894,-8.7804,-0.8632,-0.693,-1.2782,-5.5313,-6.2928,0.9178,6.9529,-9.5187,-5.8035,1.369,-3.824,-0.8226,7.5542,-4.5435,-1.4457,-3.6544,-3.4878,-3.4667,5.0083,-2.3476,0.1116,-8.8979,-6.4746,2.786,-6.4121,-6.0512,9.6255,-7.3647,-2.1724,9.5934,4.1995,-5.6325,-9.5741,-0.8637,-2.3994,-7.1442,-2.1749,0.5939,-1.9953,9.992,-6.1244,-4.2205,-0.8858,8.7952,-8.2495,0.4521,-6.2764,-0.6237,-3.7944,-9.8093,-2.61,-6.2911,3.6609,-6.8129,6.4829,-5.1695,7.2091,4.0198,-2.998,-4.6652,0.6851,0.3123,-2.7377,-1.3884,5.1286,-2.2651,1.3103,3.7926,-2.0968,-3.5351
0.481,-8.3224,4.0165,8.8809,-3.9834,5.5034,7.092,2.1232,-6.806,-1.1503,-1.652,0.6534,3.5166,4.6696,3.4986,9.5788,-3.4506,-1.5397,6.2357,-3.7661,-8.343,-4.8139,0.8547,-7.8179,-1.1229,5.2157,4.4205,-4.638,-9.7918,5.6591,6.7188,5.2589,-7.1928,-0.7978,3.28,1.0396,-2.221,-0.607,0.2855,8.9242,-9.9781,-4.9393,7.0705,-7.501,-2.5527,-4.8536,-2.2025,7.8302,0.8937,6.1438,7.5946,-3.4841,1.4955,3.668,-4.2878,-5.3888,-6.0113,0.1982,-9.7184,-4.3093,5.9446,-9.6677,3.8468,-3.5968,-1.32,1.38,-7.9402,-4.8579,-7.9661,-3.429,-8.7411,-4.6802,-2.7711,4.9062,-2.4586,-3.5435,0.9515,-2.4526,-6.5418,-8.2516,9.1428,8.0965,-9.9408,-5.7758,-5.118,6.2726,2.251,7.5576,6.0638,1.0229,6.4964,5.6244,-4.74,3.8717,-9.6531,2.8252,-7.1486,-9.6903,8.3313,1.2384,3.325,7.0787,4.6398,-2.5333,2.2261,-4.5319,-3.9441,1.8967,5.2186,-4.7116,-7.4175,-8.2337,8.9467,-1.0886,4.1844,-3.2441,-8.7866,4.3354,7.4303,-5.5282,-3.7942,-5.7716,-0.175,6.5835,-9.5614,2.4703,2.664,3.9943,9.5377,-3.4032,7.5392,-7.5594,-0.344,-1.8906,-2.4543,-4.0135,7.8671,7.2383,-7.6824,-9.9969,-5.2047,-7.8368,3.2444,6.9809,4.4602,-5.6538,-5.5288,-5.3359,-6.1226,-8.727,-4.492,-3.3438,-0.0889,2.8043,4.8315,9.6626,6.3941,9.2798,-7.9177,2.0309,4.0326,-5.5472,3.1153,7.6483,-4.729,-9.0368,-9.1169,-0.6573,4.3639,-9.6353,9.9794,4.8299,-6.619,6.1533,-1.2839,5.0709,-9.2881,-1.0986,9.3967,-4.3354,9.539,1.2076,-2.9606,-1.7267,-2.698,-8.3231,-0.649,4.7917,4.2699,9.0915,-0.1608,3.1158,4.6269,-3.8099,-7.9898,8.6565,3.4047,-5.8817,4.5794,-3.9571
-8.5009,4.6327,5.7943,-0.6928,3.8109,-3.5661,-7.1457,-2.9239,-8.3529,-6.7908,-3.1511,0.2213,7.0113,-0.2325,-2.8359,2.8372,-3.2787,2.8862,8.2626,1.6744,-3.9077,-2.2397,0.3181,8.8407,0.1901,2.9492,-2.3815,0.2583,1.875,-2.0317,-7.1488,5.397,7.2258,2.4682,1.3878,-5.9713,-8.2294,8.6026,-9.8378,-2.0382,-6.4163,-3.7055,-0.4598,-0.016,-0.1076,-0.2721,-7.6862,2.4227,-8.7718,-7.1571,-8.0278,-8.1038,-4.9288,-5.7125,-9.6977,-3.6826,4.7481,-8.9296,0.2796,9.4501,-7.2003,0.0252,-1.5207,7.3721,-0.3313,-6.6331,4.5474,2.8077,-1.6615,1.7042,-5.9748,-6.0057,9.9374,-4.2865,6.9155,-3.8938,-4.4916,-6.7059,-2.7283,-1.6592,3.3564,0.9082,2.3517,-4.1521,6.9505,-0.1453,4.1016,-5.1887,3.5562,-4.9787,5.0143,1.653,-5.4341,5.3564,5.5416,1.2862,7.7591,-8.4484,-2.6443,-8.4149,-1.5382,2.7412,9.3806,-2.6228,-0.0202,2.4833,0.3687,4.9663,4.6121,3.0151,-3.0676,-9.6841,8.0723,3.2989,0.5369,-5.1009,-9.7064,5.7136,2.96,-9.1216,-4.2642,4.4481,-7.8528,8.8079,-3.9515,-6.5043,2.3902,-2.0453,2.106,9.4253,6.7289,-6.1764,7.481,0.7514,-9.2679,7.4803,-6.1512,-6.2576,7.6816,-7.4379,2.3219,-4.0955,-4.1698,-2.2982,-3.1344,3.269,-8.8918,8.8079,-7.4128,-7.0522,-6.42,-8.2219,-5.5429,-0.0587,8.9358,-2.6052,-9.0374,7.559,9.4563,2.729,8.6938,-3.9183,7.4485,0.7795,-6.4755,2.6611,6.8308,-7.773,7.2944,-9.7387,-5.5624,8.4172,-9.2267,-3.3068,3.0569,-9.4567,8.0987,3.7571,-0.5801,1.0244,4.9733,9.1029,5.9291,-1.4083,-1.2191,-1.7337,-5.1394,-1.4627,-9.3393,1.0547,-8.8247,1.3919,-6.3377,-4.7176,5.4346,-3.4286,-4.8809,-0.2554,-1.3726,-2.7099
4.7589,1.3841,6.8082,-5.416,-0.814,3.4207,9.1998,-4.0837,-7.2823,-4.5152,-0.4691,3.9232,-0.9594,3.172,3.094,7.5925,3.3547,0.078,-2.6997,-7.2669,6.1375,-1.1325,-9.1035,0.1879,-8.4049,-2.2155,5.154,-6.7577,1.8712,2.5729,2.5129,-9.4372,-3.5149,-8.2126,-9.2952,4.7751,7.7193,2.3852,-5.3976,-3.4938,-7.6474,7.8972,8.826,-9.98,-4.5226,0.387,-3.4597,4.0674,9.9021,9.3179,2.1399,-3.9427,-1.6638,9.1275,-2.7171,-6.7689,-8.2175,6.3955,-1.7527,1.0208,-0.4958,8.6568,-8.3472,-5.1649,-1.5081,-5.4651,-2.6582,6.1802,5.4355,3.9554,-2.2988,-6.827,-4.1879,7.4439,-7.3568,-5.967,-9.349,7.8556,3.4684,-8.7517,3.4481,6.4825,-5.7798,-2.3334,2.8424,1.6012,-0.2455,-0.2014,-7.1491,-5.1203,8.4499,2.8987,5.6088,-3.7947,-2.4819,-6.8583,2.3244,-2.5535,-3.6517,9.7782,-6.8131,0.2945,-0.088,-8.7593,9.0001,0.5457,9.6536,-2.2678,9.9558,3.1402,-2.6344,-2.4823,-0.2515,-4.0355,-3.0027,-8.7178,2.122,-2.2768,6.8039,-0.403,9.2726,-3.9769,-3.6529,0.0625,-0.9694,1.2324,3.7197,1.8787,3.5113,-5.2245,-1.3055,4.3332,5.9465,-1.7802,-0.7099,6.7314,2.8544,0.0092,0.938,5.2164,-0.1844,-0.9494,-5.7337,-1.8753,-8.0808,3.6495,-5.8767,-5.7625,1.1195,2.0053,-5.368,0.2825,-3.4924,-1.3049,-8.0805,1.0672,9.861,1.0971,6.5896,5.0244,-6.1618,4.6102,2.0488,4.7632,-5.7984,1.2477,-1.3507,4.4655,7.7543,-3.8337,8.8856,-9.687,3.2944,-3.4281,7.5473,-8.3586,-5.2247,5.1936,-9.1871,2.7051,7.8862,-6.3039,6.0153,-6.7347,-5.5449,-4.9062,5.1221,-5.5078,-9.3061,-1.5789,0.0494,-2.7234,8.4024,-7.7897,-0.2306,2.8087,-6.6835,-7.6334,8.3884,3.7505
6.0965,-9.488,-4.6124,8.9102,8.9848,4.8071,-0.8348,9.4452,2.2289,-6.4823,6.4834,-0.3814,-9.1868,2.4304,6.0275,4.6837,-0.8754,9.2732,9.8896,-5.5234,1.9226,-8.0752,-8.2725,7.0476,8.5313,-2.0388,-2.338,-7.0414,-0.9874,1.3202,8.8671,-7.8231,4.1742,-9.4579,-1.5942,4.1874,-7.5042,-6.5985,4.7831,-3.075,5.2119,-3.3599,-8.7262,-0.2365,5.1808,-1.1393,8.9512,-2.0372,4.2901,9.1949,-2.9214,-6.4479,-0.1294,-3.1016,3.7148,-6.7822,3.1276,7.1002,-0.312,-5.5245,-0.3694,-4.679,3.6181,5.0693,-0.152,-8.1279,-7.3205,6.2608,0.448,-0.9165,3.8533,-6.9161,4.8849,8.4247,0.8261,-7.7642,0.9122,6.2561,5.5879,2.6832,-1.9642,-3.4062,-5.5962,-5.8445,-4.6719,5.37,-3.6609,-1.9687,-3.6466,8.8818,3.3442,-7.647,1.8886,2.8752,-0.1109,4.4366,2.6462,-8.6326,6.743,-0.37,-9.9089,-1.8273,-2.6715,3.2846,-1.9076,6.0177,8.4411,-8.7898,-2.809,-5.216,-1.7937,-6.7597,-5.8796,-9.3274,4.8859,4.629,-5.8619,-5.4542,-9.6371,4.9815,-1.7239,-3.141,7.5394,1.7401,-5.8955,-1.9273,2.7903,-8.4878,5.4401,1.4371,8.7014,-9.6197,5.8521,0.337,4.8352,2.1657,-2.3177,9.0834,6.1439,-4.9806,-6.9067,5.1959,8.6552,6.4419,6.9992,-8.58,7.3795,8.2617,1.8301,-9.1341,4.284,3.9274,-5.7248,-1.6574,5.4363,3.9637,-4.5474,-7.6761,-3.1874,-5.7347,6.5746,-5.539,-9.6926,-2.4423,8.1112,1.1978,-0.7094,0.4714,-0.1024,8.9466,-1.7384,-7.7119,2.6485,-8.6422,-9.1957,-3.9628,9.1644,-5.9861,8.9111,-7.1868,-9.8488,-3.65,4.9335,-6.3842,-9.7935,4.1833,7.4291,9.7328,5.2698,8.0584,-2.9542,-8.8172,9.9375,6.9349,-9.735,-2.5087,-2.6145,9.4026,8.1072,-1.5294
8.5219,-7.3201,-1.4791,0.9802,8.0853,2.0441,-6.0765,-8.9744,-4.5353,-0.066,4.4885,1.6043,-0.5499,-1.923,-2.9352,-4.5269,1.4429,-5.5977,-1.3913,-8.7385,9.1158,3.8785,1.7355,6.4973,-2.1958,0.0625,8.5292,-7.3783,0.3255,0.5673,-0.858,4.5676,3.7469,3.7407,-4.9164,7.0933,-2.5717,-1.9152,1.7673,-9.7896,-5.8617,3.4853,-9.2677,-5.2471,-9.7356,2.7359,8.0701,9.4501,-8.3855,1.28,-4.0933,-9.6256,3.0226,-6.8289,-3.301,4.7483,9.7829,9.9727,6.6476,-6.082,0.0241,2.3112,2.1774,4.5429,-7.5832,6.7435,2.3711,0.9666,-0.8781,-9.1799,-3.8089,1.1165,-9.973,6.5008,-7.0011,2.0566,-5.307,2.0684,4.5893,3.8535,-5.4951,8.6047,8.2366,-9.0379,-3.094,5.7112,-1.2568,8.8209,0.7866,6.8829,-0.8605,-7.7664,-4.8859,-4.3435,-5.3512,-2.0104,6.515,-2.7036,0.2118,1.3373,-5.2927,7.6785,-8.9436,-0.866,-3.7569,-1.2823,6.5331,-1.5405,0.0776,-0.6971,-5.3927,-1.2545,-0.1823,-1.1113,5.1881,-5.9914,-2.447,-8.9017,-4.7257,1.1488,-4.6286,8.1325,1.3965,-1.7813,-6.2059,4.1005,7.9935,2.8217,7.657,6.027,8.5148,5.0703,-2.7382,8.3232,5.6922,3.2026,3.5664,-7.6653,-6.6773,-0.6053,9.7753,-5.168,-2.7219,-1.8989,9.2695,1.1417,6.4556,-3.9544,8.577,4.2417,-1.8757,4.3108,8.0602,-9.2157,6.2726,-8.6809,3.3867,-8.9838,7.0646,-6.7214,1.1197,6.6545,-8.8085,-2.8602,-4.2199,-3.0443,9.9965,-8.3818,0.4488,7.367,7.0404,8.0663,7.1527,-7.3245,8.2924,4.0699,3.9211,4.7829,-0.5772,8.0623,8.3576,-7.3906,5.0903,4.2747,-4.6944,-5.3079,3.2362,-5.4846,-5.8515,3.5896,0.1269,-2.4244,0.9249,2.9383,2.9584,8.8682,-8.04,4.9421,-9.73,0.3482
0.5323,-9.9864,2.111,4.9267,5.4857,-4.7323,5.6246,-9.0596,-4.0314,-1.953,8.6301,2.4463,-5.7811,-8.5118,-8.4763,-8.9658,7.2438,9.1873,-8.0842,-0.8274,-0.6327,-4.2543,2.2891,-4.1701,-1.5055,-6.3133,-4.2508,8.5789,-6.7771,-1.9145,-4.3243,-4.4823,0.8642,2.6999,1.5646,-0.6094,7.5925,-8.4788,-2.9474,2.636,4.2681,-2.7611,8.126,-8.0168,9.0111,-3.7206,-6.7715,-8.0611,5.0754,2.6562,-1.3468,8.2392,-6.9145,-7.9246,4.509,7.3511,1.2806,6.9983,-7.5948,9.7966,-8.1589,8.9968,-8.3509,2.1056,-7.7581,-4.43,-3.8758,-8.0812,5.5212,-9.7711,7.7433,-3.8766,9.4043,9.7948,3.2889,3.9408,-0.7152,-9.7147,-0.4966,-4.1285,-4.6449,-1.4393,2.6443,0.4847,-3.221,-5.4063,-9.8364,-0.2116,3.4228,-8.0223,6.2853,3.4418,8.2396,7.5096,7.8695,7.6296,4.7625,-9.9734,3.6777,4.0687,7.3808,-7.2692,-8.6104,5.2017,4.2013,-3.4477,-8.0083,6.4863,-9.4266,2.6577,3.8347,-4.6679,9.5143,7.2742,-4.225,-4.3484,-5.8449,9.6357,8.6539,-1.8455,-6.9367,-8.8148,-6.8788,-1.9635,3.6952,7.9309,-7.1116,-2.649,-6.3087,-4.6547,5.8728,1.0122,-8.2955,-1.7551,-1.332,7.6878,-2.6652,3.2709,5.1197,-4.1579,4.9159,7.7665,7.4643,5.9686,5.4067,3.2218,9.9965,6.2966,-3.3685,-4.3824,3.0888,5.01,-9.8098,2.9042,-7.4757,-5.5691,-0.8592,-5.553,3.0696,-2.7434,-6.116,5.8355,-6.1779,2.3823,6.0819,0.4903,-7.2034,2.2556,-6.8713,-6.5473,-7.5197,-7.842,-5.8949,-7.4557,1.5777,3.834,-1.824,-0.6046,-4.6761,-7.2191,7.7594,5.3153,-7.6578,1.9576,-6.1315,-1.4831,-6.1179,-0.3486,6.9394,0.0316,-3.2898,-8.7223,-4.3453,1.5594,9.8659,-6.4654,2.2393,8.4311,-3.5985,5.9052
-3.9145,8.5945,5.4202,-7.2264,-1.1271,-6.6123,5.1888,-5.6846,5.0042,-7.1182,7.096,2.1573,-9.1918,-9.5746,-5.7534,-4.0161,9.2415,5.0712,2.451,8.883,4.1183,-3.8424,-3.0755,7.9621,-5.9587,2.7994,4.8827,-2.6369,-9.1865,-5.1286,-5.0519,-1.8411,-3.3807,9.8351,-8.109,1.2138,2.7965,7.4667,-2.6059,4.3636,3.0822,-8.1215,9.3756,-5.2963,-2.742,-7.9061,8.3201,6.0266,7.5995,-9.3576,-7.3645,9.9317,-8.6605,-3.9321,2.6244,-6.8096,9.296,2.6607,-3.1358,-0.1904,-3.924,3.0271,-8.2185,9.9609,-4.5062,-7.4645,-8.9965,5.9375,-0.4635,8.631,3.2501,-9.6076,-0.7057,4.2307,-9.4937,0.0327,-9.9655,0.6995,0.1323,2.9536,0.3557,-5.5647,-1.296,-7.7435,-4.2232,6.1091,-3.1785,-6.5079,-4.8918,2.429,-5.9066,3.9943,4.837,4.8606,5.897,3.9055,4.9923,7.8412,-4.4963,-6.8973,-6.4381,1.064,-7.2813,-8.8672,-1.3692,2.0371,5.8946,1.5153,9.4984,-3.7031,2.2341,-8.0395,7.4297,5.8691,3.9445,-8.9533,-1.2588,8.7091,-7.4291,-2.9872,-1.0845,-6.5387,-8.1226,3.7536,4.5104,5.816,-8.0599,-9.445,1.9866,-3.1666,1.8767,-2.7376,0.5117,7.042,1.3431,1.2204,-2.5533,7.3335,-5.0959,-2.0683,-2.1225,7.1911,-2.744,9.6338,6.8205,-5.2098,6.1157,-0.2975,-6.4555,-5.3045,-9.3638,-6.8758,3.1626,4.1234,9.9315,3.1796,7.6579,-8.2875,-9.9312,-9.9659,-8.5234,-3.7179,3.2777,0.0223,8.8096,4.4961,-3.846,-3.6238,5.1862,9.5552,4.0147,2.3093,0.0893,-9.1579,-2.4801,-6.5968,0.007,7.7353,-7.3742,-2.0676,-7.6857,9.4433,-6.9151,-6.341,-9.6559,0.2752,-6.0249,6.7294,1.5664,-9.3708,5.1276,3.4602,6.5799,-5.0839,-6.6723,8.3391,5.245,-9.3091,-8.8808,-2.045
-2.2715,-1.2197,-3.369,7.9073,1.6362,6.824,-4.4605,3.4495,1.9453,-5.049,5.6308,-5.0012,3.4359,5.2016,7.3842,3.9058,-8.687,-9.6638,4.5718,3.3212,2.4412,7.0574,1.3864,2.9014,-9.047,-7.2541,-6.912,6.8404,0.1814,-3.165,6.0112,-3.8561,8.6954,3.3905,-5.5521,-8.1868,3.9032,-0.1297,-6.7211,6.772,0.9456,3.6517,5.9733,4.3511,-0.2023,7.4689,-1.336,6.4553,8.8228,-2.8128,-2.681,-7.4038,-8.4293,-6.5117,-0.9029,-5.1102,-7.6951,0.6633,-2.8884,9.3761,1.149,4.7837,-1.9939,-5.3187,0.8405,-3.4209,-3.2508,3.5784,-8.8026,9.0559,9.5443,-8.2368,-9.532,-1.2525,-3.9897,3.4989,-5.5563,-8.7042,8.3079,-4.0423,1.8928,-9.1982,-1.193,8.6664,5.2776,8.4284,-6.6451,-4.6512,5.0662,-1.6228,5.4496,-0.0521,3.3123,3.0893,-2.2608,4.744,6.4481,5.2013,2.9129,-0.8374,8.1084,-1.0229,-0.8109,3.5708,-2.5645,2.2924,-9.2414,7.4956,5.9326,9.8118,-1.2733,-1.723,8.6869,8.4245,2.7076,-6.1203,3.0402,-3.2235,-4.5329,-2.946,9.3366,7.4668,-4.1553,1.9789,-9.2493,-5.7262,-3.6416,-9.1031,3.8842,9.7932,5.0086,6.5559,-1.9341,5.7447,6.2125,5.7157,5.9343,0.7477,-9.2473,-7.3681,-8.9295,7.1035,-7.0313,-9.768,-1.8313,5.6737,-6.9891,0.8279,6.7199,7.6495,4.4254,0.4387,-7.5028,4.1394,4.8938,-0.804,6.5255,3.3234,1.1728,0.0583,-2.2309,-3.4351,2.4933,8.9441,1.0157,-9.8646,5.1514,-2.513,-0.1171,-7.3285,9.2667,-8.3608,8.5651,-3.0794,3.7441,1.2552,0.5903,3.2131,-1.5422,-7.0043,7.9993,-1.3409,-3.372,8.5798,-2.8756,-8.0292,1.6723,-1.0324,2.825,3.4575,9.0931,8.0764,-2.4041,4.1988,-3.3481,5.3754,-9.7531,9.6604,5.6439,-9.7705
5.4919,-9.6921,-7.4787,-6.0603,5.3868,4.8243,3.1659,6.6641,-3.6365,-0.9535,-3.3727,-5.7953,5.6586,-0.6794,-5.3606,6.9614,9.163,0.4153,-0.3564,-8.3113,3.0872,0.3548,8.1918,7.8354,-3.3384,2.9145,-4.6662,-1.516,3.5609,1.0727,-7.5079,-4.8447,8.3285,-7.5856,-3.594,-2.7446,4.8414,9.6964,-5.8162,-7.7462,-3.5699,2.9376,-2.4015,9.6818,2.0302,-3.2168,3.0455,6.5682,-4.1652,0.4867,9.4458,-3.1253,1.8975,-4.8305,-7.8333,-7.0636,8.1814,6.8191,1.3889,6.0642,-7.2387,-7.929,-8.4637,4.6733,-3.5895,9.2933,-1.5144,4.7581,3.2115,5.7943,0.349,-0.2732,2.2763,-8.8491,-4.7276,-8.4968,-9.1845,2.913,7.7051,-8.2821,4.3746,3.1666,-6.8955,0.9617,-4.3153,3.6935,3.5565,-5.8652,-3.602,-7.2089,-6.9443,-6.232,6.0759,-3.2468,-9.0229,7.2188,3.6826,1.6529,-4.6157,-3.9553,-7.4468,-5.1805,9.019,7.3379,4.548,2.0929,5.854,-8.5053,3.5423,6.6286,4.0449,-5.4937,0.5817,-3.8213,9.1735,-7.1661,8.3596,-1.154,7.3638,-5.1601,-4.6249,-8.4223,1.7434,-7.6669,8.94,6.5645,7.0763,3.3533,9.3469,-4.9514,-1.9716,-2.8388,-9.982,8.4509,-8.0989,-6.5178,-5.5865,8.6417,1.6626,-6.9948,7.0222,-5.6572,-9.7487,-5.3995,6.2598,-7.0176,-1.7506,2.3732,-2.3847,9.5375,-7.2934,9.9756,-8.5577,4.241,-1.3229,-2.3735,-2.217,-0.148,-3.2626,7.318,1.5085,8.9323,2.4632,0.6013,7.0825,-8.5763,0.4946,8.8012,4.7041,-8.4458,5.9101,-4.1985,-3.669,-9.9124,-0.5022,-6.273,4.8096,-3.5308,7.0184,8.0333,9.1606,1.8393,4.0212,-1.7556,-8.1033,9.7051,-3.3111,2.1693,9.9074,4.1819,-1.6403,-8.2487,2.4878,-9.0505,-9.5366,-3.7203,-4.1916,8.3251,8.5993,-5.4724
4.1678,1.8628,7.038,7.636,6.5819,0.4446,5.9773,5.3011,-8.0161,-8.7368,-4.3155,7.8558,-1.2473,-0.4334,-0.5308,-5.3624,1.5684,9.0587,7.4919,-8.6348,-1.362,-5.2665,-4.1121,-5.5117,6.9811,-4.4305,-9.9688,-3.7315,-4.7623,8.0095,0.4279,-9.9053,5.7978,-6.1039,4.6057,-3.2849,-4.655,0.2053,6.3348,-3.7544,7.9406,4.4748,-2.3255,-1.1263,6.7826,2.7345,6.5259,9.2064,7.3463,-7.0225,-4.4811,-3.5934,-6.5984,-2.8107,9.0873,2.9418,-7.8603,-1.2331,0.0954,-3.3909,-3.4813,6.8858,0.5137,3.6276,5.9331,-9.287,2.3672,-8.1328,4.1175,4.2065,9.5618,3.8467,1.4711,2.3704,-6.3795,3.9225,0.9904,-1.2621,-7.9512,2.6181,6.2036,-7.5515,-6.0891,5.1788,2.792,-2.4503,-0.3681,-3.6635,3.6229,8.2277,1.467,1.6762,0.4714,-1.4348,-3.3338,3.0057,4.9298,-3.1149,-5.1537,-8.6165,-0.7382,-1.7473,7.7939,-3.1519,-3.1012,0.169,3.1348,-9.7662,7.4937,-8.9841,-7.8844,7.1807,4.0605,-3.0012,0.5173,5.1659,-4.8231,7.3356,-6.82,4.8227,9.6545,-1.0161,2.1246,-5.4034,6.9406,6.2873,-6.9722,5.9091,8.7097,-9.2667,4.6716,-2.0903,3.7784,-0.0459,-3.1633,-2.9988,-8.2833,-6.1951,-1.1063,7.0891,5.4742,-7.7894,-1.2637,-7.9733,5.4227,-9.1769,2.2861,2.9744,-3.5955,9.9631,-5.8088,-3.3874,-8.2279,-5.1013,-8.6722,-3.0219,-6.5213,-5.6198,-5.5148,-8.4909,7.0156,-4.1178,-2.6535,6.3737,-7.7052,0.3445,-4.3397,2.1031,-5.3421,-0.8726,-6.9913,-7.5709,6.5304,5.1875,-9.8424,5.4806,-1.5197,0.9119,2.3616,0.0338,-6.7876,-2.6889,8.1479,9.3425,9.519,-8.1535,-8.8072,5.2611,-3.9305,-1.9868,-9.1566,-4.6819,9.419,-6.8196,7.5718,-0.5997,9.3903,9.7051,5.6807,-4.734
8.1593,7.968,-5.1437,-7.8489,1.5577,5.9888,-5.0235,0.8255,5.5778,9.7833,-6.6888,9.0206,5.6809,4.9354,-0.8872,4.219,9.7074,-1.1801,8.9024,9.7524,-2.1216,-7.2617,4.8853,-8.9815,1.1901,9.7654,4.1002,-3.2762,7.1813,-8.7297,7.0864,-2.6155,-0.6615,-1.8507,0.101,-1.1394,-7.0468,3.9028,-4.313,0.4828,2.3304,8.4889,7.2403,9.2253,-8.757,-7.3259,6.9493,1.1222,-0.9016,5.8405,0.5772,-3.1702,-8.7616,1.4763,1.6402,0.7072,4.0285,-0.3523,6.5429,-0.5353,-6.7203,-2.8573,9.3146,1.7813,1.519,-5.6941,-8.9526,-1.455,-9.4575,8.2187,6.2859,2.8835,-8.6801,-6.9109,-1.8943,0.8721,2.0291,9.7703,-2.7523,-6.8739,3.9933,-0.9388,-8.5979,-5.978,-9.9579,3.3195,0.121,0.9399,1.473,-0.6036,-0.6988,-0.16,1.0147,4.0942,-3.3202,-7.6457,3.0186,-7.7044,6.3192,3.0982,-0.1379,6.7735,3.4021,-5.8056,-0.2071,0.1338,1.6563,-1.7381,3.1376,-5.9394,3.5147,-5.6033,5.5166,-4.9853,9.1914,-7.4125,-8.4193,-6.755,-0.1875,-8.0479,-8.1379,-4.6557,-6.2499,-0.6448,5.5706,5.1904,-8.0089,9.5699,-2.5778,9.9079,8.3574,9.4845,-4.9927,-6.6625,-8.8912,3.8384,6.3904,5.224,4.3184,-3.532,-8.651,9.7194,7.5474,9.3132,9.8565,9.2719,9.9284,-1.1218,8.7643,-9.1643,-4.5779,-9.2927,-2.2713,-0.541,-7.0322,4.089,-0.5146,-7.7533,-1.7239,-9.4838,-5.2929,9.1646,-4.0121,1.6299,-6.7965,-6.1592,-0.0145,-0.7683,3.9247,-1.0942,-5.8954,-3.8716,-5.3644,6.3991,-8.0173,-0.5749,2.1569,2.555,-3.1741,7.602,1.6015,9.5315,3.8774,4.977,-8.7718,-2.4942,1.9992,-5.7522,2.9252,-8.886,-0.292,4.6214,-1.1074,1.8424,-1.8879,0.6377,1.7445,-4.1795,-6.1991,-5.3971
9.8837,4.613,1.46,0.9054,-6.2935,7.952,9.3621,9.6278,-4.5986,7.3485,6.8588,2.6027,8.9018,3.9294,-6.8819,-2.5155,2.7353,-6.5416,3.1284,-5.9651,-5.872,-9.4106,-8.6494,4.5105,-4.5763,0.5913,-2.7695,5.1665,-3.1185,-9.1334,-0.8709,0.8048,3.7728,-0.0791,-9.5838,8.5214,1.6893,8.9093,9.3342,-2.4252,5.9207,2.3848,2.0763,-3.803,-9.5476,-4.6452,-2.674,-3.0244,-7.0165,-9.496,-4.2975,3.4799,8.2484,-2.0141,9.9429,-6.0904,9.8623,-1.0014,-7.2559,7.5669,1.7098,7.337,-2.8326,9.3363,1.2817,0.5683,-5.0781,-7.5618,-8.5661,-8.6009,-1.3078,8.8258,-7.653,-8.5952,2.4404,-4.0135,9.659,1.2733,8.6054,2.8417,-9.9803,4.3412,-4.1388,-5.5204,-6.6799,5.5346,6.5085,-8.7162,8.6217,3.8486,-7.2284,-7.9319,0.8516,4.6009,-6.2834,6.2878,9.8238,-7.6551,3.7623,9.5761,-7.3582,8.8764,2.3931,3.8541,-7.5225,7.5506,4.9331,-3.2819,3.7302,7.2322,-1.0698,-3.572,3.1357,-5.3096,-4.7042,-9.5244,-5.5247,-5.8867,9.3997,4.4167,-7.6878,2.4312,2.4742,-6.3753,1.7598,3.1027,-8.7204,-3.7955,2.6617,4.9918,8.3916,8.6667,8.6844,9.46,-0.6326,-1.4246,1.334,-6.7464,-0.5701,7.2949,-7.0018,-9.8133,-7.9312,2.434,-6.8548,4.4232,-7.3704,-2.8717,4.0921,4.165,-1.4561,-5.5127,-3.172,7.7118,3.0976,-5.8605,5.4195,-5.2973,-6.0416,-4.2777,-1.2327,-0.4022,5.7459,-9.7235,-6.8683,7.6768,-2.665,-0.352,3.7063,4.7611,-6.9177,-2.6281,1.7474,0.1346,-0.8621,1.3607,7.0512,3.2918,5.0496,1.6393,4.3023,8.9824,3.8179,4.9136,8.2606,-6.6785,8.7947,-7.4735,-8.9755,-9.6713,-5.9929,-4.7051,-2.6079,-0.2373,-7.9493,1.8137,4.7184,9.0223,3.0132,-4.623
4.9283,-1.5773,-5.5578,-9.5622,4.4453,-0.9132,0.2104,5.6118,-3.3265,8.0881,9.9293,6.7954,-8.7699,1.695,-5.3391,-4.8484,7.1485,5.1525,8.1395,-0.8399,-9.5462,-5.2383,-2.7356,-3.891,-2.452,-9.8309,5.2348,-4.8956,-0.8322,4.1953,-5.8956,7.4397,-6.331,0.319,-5.8116,5.7268,-1.9592,5.8032,1.2069,2.1708,0.3179,-7.3222,-7.5936,-9.1457,0.5314,-6.6193,9.8378,6.6651,-2.349,9.6445,-2.6977,-3.9592,7.1442,2.0645,4.761,-9.9665,-0.9095,-7.5978,-6.5224,8.0602,0.8269,4.924,7.2043,8.1407,1.8422,8.5499,-4.142,-0.8607,9.8405,6.7006,-4.65,-4.4215,-0.5059,-5.0272,9.2434,-4.3199,5.4289,3.9419,-8.7288,7.3728,5.7321,2.5456,-1.263,2.2721,-8.7602,-4.8451,-3.4732,-2.6092,4.4367,0.2768,5.0698,6.6788,-0.2927,1.4467,6.3367,-6.1556,-1.9529,-2.6664,-3.5109,8.6434,-4.8134,3.6386,-5.7292,0.438,-1.9619,-5.3811,1.3558,9.5538,3.4544,-0.3144,0.6908,0.4836,5.3157,5.5793,-5.9651,-0.6621,4.0419,1.4129,-9.63,9.9479,4.0209,-4.7884,-8.4689,0.5832,8.5249,-7.9099,5.4786,0.7431,-2.751,5.2931,8.8044,3.2902,3.1427,-7.8983,6.298,-6.147,-9.2912,0.0703,-4.0644,-7.3252,-1.955,4.4965,1.5753,-6.6526,-5.409,4.5785,1.9099,9.3181,-4.6356,-4.9088,-3.3433,-9.2269,9.5727,3.5693,4.1706,-9.3069,9.0259,-2.4151,7.1616,-2.654,9.9352,-7.7202,-0.3704,-8.6628,2.2406,-5.7341,-2.4119,-2.4398,-6.3402,-9.7719,-3.1534,8.6836,6.2017,5.406,-3.9099,-4.5312,-5.5549,-9.339,0.2881,9.1982,6.1775,6.0352,-6.2342,2.1822,0.3148,-9.7633,-1.0694,-1.451,-3.3759,7.2994,1.8821,-6.7267,-9.3739,-1.2073,1.0721,6.0011,5.46,0.8795,-0.7515,-8.473
6.126,-9.6692,-6.1574,0.4395,8.3446,-0.9392,-3.0217,0.5676,5.8222,3.0043,-7.9854,6.3412,8.4454,5.9574,-1.0879,-0.338,0.2841,-5.2621,-8.1968,6.3763,-8.0543,-1.0514,-0.0573,-5.8591,-8.7453,-6.7395,-3.7774,0.918,3.0427,-5.7558,6.8234,-2.1718,1.4133,2.0767,-6.9226,-4.0851,-4.1196,9.4825,-6.2011,-4.089,2.0097,-9.1799,-1.0702,-0.7128,-2.3222,9.3175,-0.2991,-0.178,-2.5071,8.787,7.7652,-7.6341,-7.107,-9.1419,6.7379,7.7747,2.8655,1.5845,-7.5273,-0.7344,6.5538,9.2058,8.2465,-0.9568,-6.132,4.053,0.6063,-6.5681,-6.6883,-3.025,-9.856,5.3394,8.4293,2.8861,-3.7658,8.4367,5.4344,2.5523,3.6195,-3.2076,-0.19,-3.5603,-7.1626,2.2233,-4.1923,-8.1632,5.0022,4.3902,-3.1602,7.8334,9.8175,-3.2559,-8.5359,-9.5462,2.6691,-0.683,2.7717,-5.2447,4.81,4.5047,2.1091,4.1178,-2.5549,-9.5559,-5.5215,6.9721,-8.0832,7.0494,-8.2908,9.2003,-3.455,-7.7288,-6.4475,2.1883,-4.8536,-9.4542,1.9279,9.0275,3.8865,-2.4895,-9.6365,6.5681,8.4856,9.1166,-5.1276,-1.5219,-3.081,-0.0371,-0.1117,4.3475,-0.9554,9.8277,0.2713,-8.1301,-4.6866,0.8484,-4.7544,6.9646,4.8227,5.5879,-1.3732,1.2242,-4.5682,-8.0353,-2.5462,-4.7735,2.4143,-5.3588,1.0281,2.0621,1.4778,-3.8381,-3.2891,7.8495,-1.8205,1.3266,-9.2352,-1.2951,-1.009,-9.7132,-2.7002,-9.5205,-6.5429,1.6625,3.9226,-6.7443,5.391,-6.417,2.2548,-1.2146,-8.6154,-1.2166,-8.8684,-3.749,-2.3602,-8.8826,-5.6979,-0.7193,-1.5376,1.9223,-9.9932,7.7793,-0.5412,-8.4675,-1.0827,-5.1545,-8.9628,6.9519,-3.7697,-7.2124,-4.239,2.8066,7.4792,-5.4779,-6.92,4.2845,5.757,-1.3198,-7.9052,-3.5266
7.3426,4.2395,-6.9868,5.1551,5.7077,-7.1837,-1.3602,9.8125,0.9634,-3.8363,-1.2732,3.5469,-9.2191,2.9096,2.3106,-5.2128,-3.8747,2.4429,-3.0627,-4.2258,-8.7899,-1.2882,2.6067,9.4851,4.4807,0.6328,0.9845,-5.5809,-2.4687,5.7039,-4.7975,-9.8682,6.7837,-7.2264,7.662,-0.7518,-6.6143,9.9887,-9.8406,-5.9781,-5.2082,3.7003,-5.1182,3.4018,-3.6549,3.2661,8.7164,-7.7809,8.8894,-5.562,3.4469,6.9509,1.7618,3.6391,-6.3991,-6.8206,6.0307,7.9279,2.185,-1.609,2.8389,6.6795,-3.2432,-2.1428,6.4711,2.4795,-5.2618,1.0532,-5.0728,0.551,-8.7896,-6.6077,9.24,5.6119,7.9296,-6.9686,-7.5118,8.3344,-9.595,-6.3955,-3.101,-9.0266,-9.5246,-2.0099,2.5602,8.6847,-0.8776,-6.1487,6.7066,8.8974,3.7938,8.7614,4.7043,9.1601,1.3816,-6.938,9.1185,-2.3852,-0.194,-8.1907,-0.7244,8.3874,1.0366,1.3393,2.9643,-3.4073,8.8871,-1.7167,6.032,-5.1046,-4.4812,3.5302,-3.8168,-7.3247,7.0786,-8.0286,-4.7985,4.3681,7.5058,-2.441,-1.2488,6.0489,-8.4866,4.8892,2.1884,1.9821,7.058,9.1639,2.6086,-6.9816,8.7701,-8.4378,8.5115,-3.3262,-8.482,-4.1191,-0.8545,2.3701,-6.1182,-4.3443,8.9093,1.781,1.8659,9.9169,9.1938,-1.6185,-4.6194,9.8719,-6.3704,1.1887,-0.7436,4.8643,8.5243,-1.7375,-3.9357,-2.5245,3.3892,8.5167,2.3126,-1.9454,0.7649,-4.1855,0.6692,0.7065,-6.7457,4.2998,-7.5322,2.6788,5.3945,6.2142,8.893,1.9104,-5.8052,9.3108,-6.9395,3.2724,6.556,-2.7805,1.1079,-2.9401,-8.8704,-6.5979,3.955,6.2645,-8.2107,1.6962,-4.7241,-7.1275,-9.3533,0.2927,5.9113,1.1602,-5.1682,4.7979,-1.5725,-2.382,-9.0193,-4.6255,2.0379,-8.4133
0.0473,-4.2384,0.409,4.6548,2.5449,2.4462,2.0632,6.3417,-6.0314,0.2027,3.1608,-9.6666,4.1757,-1.9509,-8.9067,6.2072,7.7421,9.5656,3.6688,5.2688,8.64,-2.5447,-3.8769,0.6979,-0.8709,3.2523,4.4771,3.7118,4.7771,-3.2172,-5.1543,-3.5492,5.7458,-6.3721,-8.9284,-1.2719,6.02,-5.9201,2.1509,-5.5306,5.0189,5.3473,4.4512,-7.7729,1.6997,3.7426,2.8086,-4.6974,-9.8277,1.4518,5.3959,2.7131,2.6649,0.8135,1.1412,6.7379,8.4798,-0.3615,3.3503,-3.2413,2.4016,1.0086,3.3199,5.9062,6.2856,8.0904,6.147,-9.2122,7.929,4.9345,7.0223,-3.1081,8.3657,-8.5119,-0.0673,-7.2037,-1.4049,-8.6261,9.2813,-1.3377,6.7814,0.7422,8.1025,-5.5682,3.1335,0.3158,-0.4883,-7.5168,-4.9772,-0.2807,7.6878,6.1583,6.9687,-2.1895,4.3564,-4.6414,-7.5164,9.1601,-1.2135,-5.1083,9.6565,3.1281,2.8943,5.2463,-0.6699,7.9252,1.1622,1.2313,-3.6109,-9.8354,-1.4557,-6.1348,-5.0361,0.5487,9.135,5.2281,-0.1105,-3.9948,6.1565,-3.2327,-1.5117,8.398,-1.5162,1.783,2.3502,5.7499,-1.2828,-5.3938,4.0122,3.4799,2.3249,-4.0266,-3.5164,1.2524,9.6032,-3.8192,3.5878,3.0344,1.504,-5.1762,-7.9671,7.4795,-5.1514,7.078,-5.2946,2.3363,7.4569,1.3262,7.9661,-8.421,5.6637,4.4562,9.4291,-2.2168,5.9602,-4.6522,-7.1182,7.7088,9.1524,-5.3451,4.5573,-3.0803,-3.6993,-1.7992,3.0153,-7.6977,1.6413,-6.9731,4.5545,-1.5569,3.5501,4.3459,6.3627,7.2686,-6.4751,-7.2285,-1.6403,-6.3023,-3.9412,1.1554,-3.1408,-2.7193,-9.5712,-5.4996,8.655,4.1266,-8.1122,9.0287,-3.662,-2.9361,4.2697,-9.6246,5.14,-7.3116,5.9417,-3.8315,-4.2825,-2.4512,-0.5419,2.9811
4.8036,4.6968,-2.1928,1.7114,-7.3969,-2.9396,6.8561,-7.8062,-1.9727,-0.6066,-0.8916,1.2912,-6.7268,3.9952,1.9636,-4.6989,9.6088,0.2395,-4.8586,-9.6254,4.4929,8.741,-7.7663,5.4568,-7.226,-3.7967,-7.4896,-7.2123,-9.0023,6.6273,0.6619,4.3424,-7.021,-4.8081,-2.5113,-4.2344,8.3251,1.1068,0.3807,-2.1037,6.1939,9.7621,-8.3842,5.3902,-4.1363,-9.9949,-1.0136,-8.9384,5.6335,-4.9641,-8.6653,-2.8646,-0.5102,8.9429,-5.5274,1.067,3.7692,-8.3469,-3.7135,-0.9011,-1.3298,-8.6852,-4.9401,-4.5739,3.072,-7.9325,8.0732,-4.2404,-3.0712,-5.4739,-1.1986,-5.4047,-6.1611,-0.6624,6.608,6.6703,-8.4416,6.9542,-7.0291,-6.4262,6.7374,-5.9762,-1.0036,9.4439,-8.7865,-6.2099,8.664,0.4977,5.6439,0.0116,-6.5002,-5.1662,-6.7894,3.2925,-4.9187,-5.6717,-5.2851,-7.8473,9.583,-1.9996,7.2202,1.8008,8.6025,9.6564,0.9592,4.5633,-9.1265,7.351,-1.2585,4.5448,2.5762,-0.8853,4.029,-8.6139,-6.7967,2.4499,8.2448,1.0888,0.4358,7.0228,2.203,8.8181,2.5237,-9.4189,4.8419,5.6457,-5.3055,5.9089,9.7495,4.279,-3.133,6.9228,1.1876,9.8062,7.0256,3.7964,-3.3835,-1.0628,2.6229,6.3376,-2.5558,2.8787,-3.0241,2.3988,6.1875,-3.1313,-7.4306,7.5395,-4.7969,-0.7765,-7.1631,1.0686,-0.3888,-5.527,-5.3871,8.7213,8.4607,8.1658,6.9716,-4.117,6.0211,-3.5323,6.8308,-4.5575,-5.3588,0.2197,5.2757,8.0739,-0.7573,-3.5887,-7.1213,0.0106,-8.1108,1.7994,6.5991,8.1448,9.5988,6.3065,-7.4922,-6.7613,9.2681,9.1802,3.2544,2.5339,-8.9786,6.461,-4.1731,-5.6285,0.4369,-4.413,-7.7793,-8.5298,-3.6061,7.7001,-7.1181,-5.1044,-3.1886,-9.523,1.1574,-4.2777
7.2061,-7.8288,-6.9775,3.2818,-4.5914,-2.9219,5.5549,6.9372,2.1984,-2.2588,-3.307,1.7367,-7.1187,-7.2381,-7.3305,-6.2292,-4.696,-0.301,6.5101,2.1471,7.0065,2.6051,6.4459,5.1634,6.8079,3.2645,-7.3787,-9.8308,1.4735,-8.1461,2.1235,8.0329,-1.9524,8.9244,-4.6606,3.8455,-3.1449,-2.935,0.6038,-3.9224,3.8483,9.3316,-1.9438,7.8326,3.2224,-6.4538,6.6073,9.6361,2.5347,1.0824,-5.2257,6.0763,-1.8034,2.6086,4.5269,-2.4139,5.7199,8.5276,-3.2178,-5.1625,-7.5294,7.3714,1.2357,-6.8075,3.9291,7.7783,-5.7322,-1.3371,-5.0086,-1.017,6.5015,7.1464,-6.7032,9.9165,-9.6289,4.327,-4.8903,-5.0525,-2.1689,8.8685,0.0298,-3.9675,-8.639,-9.5986,-1.3898,-1.1931,-9.3095,0.3427,-1.9265,-8.3714,-6.934,-0.4029,-0.4504,2.0721,-9.6141,-3.5753,-1.6465,6.04,-0.9783,0.7765,-1.098,8.4289,2.4818,-0.5143,0.6109,7.7843,1.392,2.4502,-1.7361,-5.8208,0.1785,9.3967,-1.6559,-6.9598,-4.3165,-3.314,6.9475,-1.2785,-0.6241,3.6042,3.394,-7.7235,6.7916,-2.3145,-1.655,-3.7209,-8.6899,9.122,-9.7042,0.6488,-3.1883,5.2816,-9.5778,-1.0754,-6.4705,4.1475,-6.7917,-1.6777,-3.7503,-0.2915,4.3698,8.4075,-2.5643,5.5966,-2.415,-6.5305,-0.4017,-8.8683,-2.6645,-1.0136,5.1606,9.8678,-7.0657,1.4543,9.0916,5.2977,7.9803,8.2705,-4.4913,6.1079,7.8406,4.32,4.9121,1.9617,6.8266,4.9136,2.8839,6.3093,1.043,-9.9225,-9.3718,0.2246,5.2294,6.0488,-8.3042,-2.8907,-6.6459,-0.634,1.1248,7.9132,-4.6258,-1.3233,-8.3093,-7.6912,-7.3154,-9.162,1.8852,-0.5559,-3.2735,9.5972,-2.4263,-3.5378,6.5149,5.2494,-5.2216,3.3537,-4.2894,-9.8883,-3.8468,-1.0468
-1.1205,5.0571,-9.8249,-4.2589,9.1157,-6.389,8.3983,-6.9511,3.9654,5.495,-6.2221,2.6388,-8.9046,-9.9975,-9.8556,0.1662,7.2098,3.3271,7.9309,-4.6817,-7.1749,-7.7481,-1.2941,7.2453,7.0705,5.6075,7.0437,7.4436,2.4451,-9.9513,7.9582,0.3845,8.3182,-2.787,1.5877,6.3993,-4.0186,-9.0241,0.7364,-4.363,-3.0373,-6.7066,3.7606,-0.1947,0.3588,-7.4263,-3.0879,-7.4858,-2.6787,8.497,5.5094,6.0005,8.1979,-0.9278,6.7793,5.7266,-0.8551,-1.9158,-9.82,-0.1182,-6.5957,6.3839,-7.3609,-8.9041,1.1083,6.7714,-0.046,-5.2073,-9.0476,2.2716,9.9276,-4.1321,-5.5743,6.8761,6.8617,1.1411,-3.9195,-6.1578,-0.1917,0.4519,-5.2627,-2.6932,-1.5784,-4.3908,-4.1871,3.2917,8.6471,-6.7297,7.5778,-5.0807,-6.3879,3.7564,4.9037,0.7794,-7.7236,-6.362,-8.884,3.1535,-8.0814,-3.0172,-7.3258,-2.103,-9.2345,-6.7982,-9.3072,-7.0799,-4.6993,7.0903,-7.6694,2.8176,-2.4188,3.0989,-5.9472,-7.484,0.1213,-7.026,-1.4473,-4.9382,9.5168,-4.6256,2.5229,4.5865,1.7802,-0.6826,-2.2258,-0.4038,-3.7715,3.669,-6.0034,-3.8044,0.2514,-9.2362,-0.7289,-9.9099,-8.4009,-0.9828,-7.0454,2.72,-8.7956,9.4874,-5.5276,0.2286,-5.6683,3.3874,-7.0754,8.4432,5.5618,-6.5185,7.2216,3.8152,0.0429,3.6728,-8.9388,8.544,6.2368,-3.898,4.6135,5.0036,-0.445,-8.8252,9.9214,-8.3521,1.054,2.5433,0.3904,4.8461,0.1753,0.4782,-3.0592,-8.3517,-6.6147,9.2424,-6.5007,-4.106,-5.939,7.4684,3.2351,6.3973,4.7588,-1.6395,-3.5726,-9.0435,-1.4431,-8.9834,-5.8858,2.553,9.1144,-8.6875,2.6304,-7.5292,9.0692,5.4164,5.0597,-6.9661,1.8757,1.7523,9.7568,0.1861,-5.6089,0.5346
-5.4337,0.8812,-9.4582,2.7309,-0.8362,7.7709,2.6159,7.8114,-7.5307,-1.4104,9.9695,3.255,-8.15,-5.5379,-7.8019,-7.5733,-0.3415,1.7946,-5.4767,-3.0387,1.8383,2.2243,8.2293,8.1145,-7.8382,7.0888,-7.8786,0.2296,3.3404,5.4466,-2.2753,2.0341,9.6228,0.3773,-5.7408,1.2038,-2.7447,7.9056,2.0695,0.3361,-0.0124,8.1254,5.9161,-1.8925,0.8335,-0.3169,-8.2533,2.3065,4.9962,-3.2289,3.4717,-1.8139,-3.9988,9.2635,-6.2465,-9.2981,-8.9248,-4.2922,4.5488,-2.081,-8.0023,1.5685,9.2658,9.096,-9.807,3.2161,5.406,-4.5295,4.6219,-3.9231,-3.3331,0.4458,-7.3286,-0.3954,4.0845,-9.3222,7.2919,7.5737,9.945,2.2911,5.7336,-4.0826,-8.553,9.3871,2.5189,-6.2361,6.3892,5.6203,0.5722,2.3078,5.1807,9.2177,-1.8334,5.3516,-7.1425,-2.7212,-4.1975,-6.1505,7.4176,1.337,-8.1259,-1.178,4.9641,6.3019,-1.4062,-4.8686,-7.5347,-5.4004,-6.6339,2.1832,5.7491,-4.9639,0.9998,-3.8896,7.9183,-9.8809,6.6278,0.1584,-5.5019,5.147,-4.4201,-1.4277,-8.1846,-1.7057,-4.8822,2.5205,8.0221,2.4228,-9.5669,-3.9125,7.8439,-2.286,-6.125,-3.7512,-1.3287,-8.4381,-7.705,6.1176,4.2588,4.0027,6.5917,-0.4333,-0.4192,8.2672,-4.9753,1.9472,8.8088,-7.7506,-8.6381,8.1367,-1.2896,-7.6648,7.1779,-4.3928,1.0529,9.7833,-4.8701,-1.0004,-7.774,2.2735,-1.9843,6.6934,-8.3761,4.6906,9.3487,-6.0772,-6.3304,3.2764,-4.3383,9.3265,8.2543,-8.65,8.4386,-9.6144,-4.4017,-6.4361,3.2499,-0.2901,-2.9395,-9.4245,8.0136,0.3165,-8.9596,6.3268,-8.4051,7.9472,-2.5381,4.8836,7.9092,8.3775,3.2058,-3.6813,-7.4625,-4.1144,7.8276,-4.8903,-9.701,-1.323,4.127,-8.3757
-4.696,9.337,-3.4097,-2.7736,6.9461,-9.0549,-7.5887,-7.1482,-8.7507,3.7844,-4.066,3.8807,4.318,-1.6904,9.1242,-1.0625,-4.184,-0.934,-7.1954,4.9175,3.6838,-1.4236,6.0619,6.4247,-0.9428,-2.6827,1.3576,-8.2701,6.677,-4.5173,7.8296,-4.2113,9.213,-5.3392,9.3952,-0.5448,1.5027,-9.9461,6.5864,3.7071,0.6846,-7.3543,-2.3473,-4.809,9.0966,3.4086,6.1301,-9.3174,9.8759,3.8375,-9.4075,7.9196,-3.0296,-1.9647,5.3358,3.229,1.4175,2.321,-4.2423,9.4344,1.2039,-3.435,2.2305,1.6966,-1.4098,0.8706,8.4811,1.8117,-2.9416,-9.3294,-2.9952,8.9686,2.1353,1.6798,-6.2977,9.1373,-1.0587,-7.6085,6.1593,-0.0098,-9.6183,2.2446,-2.7623,3.9245,-0.1561,-2.6662,3.8481,-1.8058,-9.8705,-4.8037,8.1483,-9.6767,-9.9081,0.3964,-4.5069,5.561,-6.4586,-9.325,-6.2497,4.0506,-9.7082,0.705,-9.4233,2.7067,-0.8122,3.9047,6.7887,-2.7587,-4.7293,1.1599,0.4669,-1.4676,1.1979,9.9557,2.9786,-5.4996,-8.3145,1.0746,8.1876,-6.7974,6.1815,-9.1036,-7.6246,8.1179,8.1837,9.5508,0.5121,-6.278,-5.5937,-2.1002,4.839,6.6611,-0.1946,9.8186,0.5971,-1.4319,2.4148,0.935,6.0469,9.7401,9.9035,9.3945,9.4176,0.5891,3.0295,-4.7357,-7.5683,-0.8507,0.0428,7.6841,1.7599,-2.7081,-4.2716,-4.0281,-8.8047,7.8909,-7.6119,6.5695,-8.6188,4.7044,-9.2437,-0.906,7.9117,-2.1152,9.0946,8.8021,0.3409,3.4354,6.5112,-7.8153,-0.4499,2.8592,4.8132,9.309,-8.0899,-9.9806,4.3973,3.273,-0.2207,2.1275,6.5383,-6.5823,3.7199,4.8839,8.2571,7.9374,-1.8905,-3.9126,-7.1588,1.4018,7.2988,1.7027,-1.4834,4.1814,-2.0789,3.5702,-3.5932,-0.5434,-5.8571,-0.5589
2.9578,5.0106,-7.1434,-9.8423,6.219,-8.9863,8.5656,8.8991,3.9202,-1.7579,-7.6122,3.5128,-4.0953,9.3828,8.692,3.577,-3.2475,-9.2,6.5708,-9.5608,6.7714,-1.6865,9.5453,-1.1792,5.1085,3.0058,-1.8286,-5.2507,4.5713,7.5335,-1.0887,9.5506,0.2542,9.5814,9.5262,8.2678,-5.5429,-9.1812,7.3303,-2.4196,8.7588,-4.3449,-5.2277,7.5976,-7.7449,7.337,-7.1569,-2.1796,6.4918,-9.8207,-6.2568,6.6452,7.7521,-7.7928,5.8096,-7.2543,-0.8972,6.0187,-9.5484,6.2377,-5.6484,7.9179,-6.3569,-8.6744,8.1096,-3.5005,1.2647,6.9675,5.9622,-9.476,3.8996,5.4904,9.29,7.9819,5.9946,0.3837,5.7382,-1.9448,8.7566,7.8961,9.6731,-3.144,-6.1734,-8.0855,4.665,-5.3299,-9.1184,-9.2284,-4.4489,6.0741,9.0447,-8.9662,7.0654,7.9528,2.5849,-2.1609,7.0088,8.8856,-4.5965,-5.5499,6.5718,-4.9872,5.5175,4.8879,-7.2519,3.7038,0.4205,6.6528,-1.5119,-5.894,-3.77,4.2328,-5.2242,-7.1108,7.6183,6.1648,3.3546,-2.4419,3.1107,1.9917,6.3704,4.7143,1.8488,-9.6886,-0.8851,-3.4741,0.9831,2.7921,3.6417,-2.6607,-8.4353,2.446,-4.4014,-3.8262,-5.9993,-2.7663,-3.6738,-4.3731,-5.3383,9.7184,3.8948,9.7388,-1.7521,-5.8082,-5.5021,-7.2367,-4.7009,-5.2797,-0.4384,3.7422,0.5453,-5.3821,-3.5238,-2.1874,-9.0592,7.817,-4.2841,4.9675,4.9531,-8.4659,9.0546,5.9625,2.766,1.0909,6.0541,8.9106,7.0288,0.7781,-7.3559,-4.3741,6.7641,7.3313,-4.9132,9.991,-8.5502,9.8991,1.9874,-9.5105,-8.6888,-6.4609,-2.7778,2.0948,-7.6285,-8.3925,7.858,-9.4813,-9.6806,4.0004,0.8605,3.2995,3.0885,5.7019,-3.4428,-8.7186,-1.6657,-9.8993,-4.9684,9.3019,6.6198,-6.3531
7.1472,-0.388,-0.0916,6.5302,-3.9698,2.8742,4.3007,-9.9874,7.5669,5.8345,5.622,6.3278,1.1834,0.3215,-3.7596,5.0956,-0.3843,1.5314,4.0251,-7.254,4.615,3.8257,-9.2036,-4.197,-8.7345,2.2746,-2.6421,0.7982,4.2366,0.043,5.3105,8.4855,4.6232,7.718,-8.7218,-6.1006,-3.6767,-3.4255,-5.4245,8.4695,7.4763,8.1197,-4.514,2.3489,-7.204,-9.5488,-3.1102,-9.8993,5.0948,8.063,2.4966,8.7242,1.4632,-8.8437,6.4152,-8.2496,-1.5061,-7.0189,9.6649,-6.0424,1.4961,-3.5395,2.0192,1.4482,-0.6268,3.0891,5.8142,-0.1447,1.6641,1.0805,0.0285,7.2003,3.0174,4.3629,-0.9469,-9.3235,9.4435,-3.978,0.9551,-5.0444,-9.0688,-2.6255,2.802,3.3293,0.5909,-3.5667,6.4435,-1.6491,7.7054,6.1561,8.2269,4.1102,-1.8533,-6.804,1.1333,2.4123,1.3121,5.4661,7.6173,7.9318,0.6384,-7.2855,1.342,5.3919,-4.0505,-3.1294,2.8266,9.058,9.2335,9.3158,9.6304,5.5764,-9.2459,1.8768,-3.5599,-9.4439,-4.6666,-1.5321,4.5964,-5.9028,-0.3675,5.2047,3.7552,-4.3113,-9.311,4.4463,4.4123,8.8777,-7.2439,-9.6993,5.5542,9.5509,3.2551,-0.3919,0.7768,-5.0263,-8.7537,6.9368,-6.5454,7.9074,4.9907,4.3533,-7.3836,0.9754,4.9022,-7.7045,6.4451,-9.4019,-8.7241,5.2211,3.1684,5.2489,3.9456,0.3468,1.3217,-5.2226,2.4706,-3.6568,1.5907,0.6058,2.0934,-6.8115,-2.7701,-0.4763,-4.6947,-3.7375,3.32,-7.645,1.5198,9.3612,-8.6796,-5.7968,9.9186,3.8317,-6.6571,-3.2843,8.6254,-8.2358,7.2859,1.8596,-6.029,5.9221,-2.3506,-8.6507,-3.4265,-4.622,7.0553,3.9827,-3.5255,4.4746,2.3945,6.7525,-6.0165,9.9628,-2.9616,-2.1248,1.3948,-4.1303,-5.4286,-5.5774
9.3471,7.1255,-2.0952,-3.7773,-3.454,3.1101,8.4894,-1.5065,-6.192,8.4247,1.6446,3.5536,4.719,-6.0723,6.7862,8.8511,0.8365,9.4345,2.2521,9.6771,9.0986,-1.8385,-2.1558,9.1234,-4.5587,-8.274,5.7749,5.0696,3.1454,3.0397,-1.9679,-5.5078,2.8183,-1.968,-2.336,-5.344,-9.7022,1.1395,2.5902,-9.5654,6.9527,-1.5554,8.0205,-4.8438,5.4339,-9.7353,-4.6638,-3.1676,-2.3952,2.0368,9.6907,-1.4743,-4.2779,-8.242,-6.4279,-8.2498,7.7884,-3.0006,-5.0355,-6.3671,-7.8934,0.2142,1.1467,-2.7791,-2.2562,-7.5075,6.5774,6.8859,-0.2886,-0.0662,2.9732,-4.0614,-8.6752,-5.7023,-1.2572,4.8357,-9.5214,3.1079,2.0971,-5.5152,3.4228,-1.9564,-4.3955,-8.4072,5.9945,-0.344,-9.1748,-6.9252,9.3226,6.5996,8.6795,-2.568,-3.2472,4.7013,3.3561,4.0671,5.7779,1.5654,8.4049,4.7316,4.2557,2.4489,5.1671,-0.7249,8.8424,4.0068,-4.85,-3.9746,7.6715,1.6505,9.3881,-6.5788,4.3718,9.4424,-9.2849,1.0704,-3.5007,7.8514,8.4714,0.6902,-1.2255,-1.1096,-1.4371,0.1575,5.3474,2.5046,-1.4316,6.2822,-8.4527,-4.0376,-1.8813,-6.5701,9.6234,6.7006,-0.2059,8.1863,-2.4783,-3.8509,8.9836,2.8581,1.6075,4.8767,8.6583,-2.275,2.7697,8.0492,-9.0264,-7.7092,-5.1312,8.3914,3.1554,7.8892,5.0907,-4.1291,4.2483,3.2542,9.9492,-1.6371,-3.0376,-6.4796,3.1621,3.4661,5.8487,-0.7822,1.3502,7.6727,-0.5053,-3.3291,-8.8641,8.1351,8.114,5.7385,1.0213,2.8906,2.4468,-3.6633,5.8139,-0.125,-1.8614,4.8238,-0.2984,-6.1479,2.4983,6.9921,5.2355,6.1518,4.4661,-3.4442,-6.2977,8.6533,9.8142,1.9141,-5.8743,-7.0636,2.8453,2.4878,-6.8282,-6.9335,6.9792,1.5697
-7.5193,-9.7458,4.7774,5.9311,-0.6897,-9.9956,-6.4118,4.4978,2.6867,2.7996,2.9886,3.7252,9.9645,8.3326,-0.9709,4.3099,0.5889,3.0586,9.1369,-9.0782,8.3495,6.5101,1.4436,6.4557,8.2354,6.1481,4.5854,-9.5091,8.9592,1.7628,-0.4999,9.729,-8.597,-2.6558,-5.376,0.4274,5.3788,-3.2932,8.9221,4.0582,-6.3511,-7.0839,6.2505,-7.0287,7.8662,7.6342,-8.2938,-6.8337,0.9882,2.2287,-8.6251,0.4574,3.5706,2.9524,-6.3951,6.4018,8.4108,-9.5039,-0.8878,0.0627,-1.8082,7.2973,-6.0649,-7.0801,3.849,-5.2517,9.733,1.7907,6.6434,-4.7504,4.673,3.1411,-0.1493,-9.4673,2.2594,6.4001,-2.4566,-6.3255,0.326,8.6056,5.9236,8.9454,-9.7542,5.7592,-5.5039,-4.0626,0.7726,6.2773,6.6006,2.7316,-4.5456,7.4124,6.3156,7.1667,-9.7592,-6.2,0.3715,-7.5612,2.3485,-6.6691,5.3807,-9.9083,-9.1414,2.2216,-1.2399,4.447,6.5118,-5.5125,-8.8124,-9.7203,-6.281,-1.3971,0.7771,2.1018,-2.0327,1.2125,2.8238,2.2313,-9.9566,-8.1826,-1.2195,-2.2327,-1.8222,9.0377,3.435,7.6012,-7.9081,-9.6341,6.6757,3.6499,5.4198,9.9536,-9.9138,4.3938,-1.6368,-9.1739,7.5964,5.8172,0.8225,-7.717,8.4496,0.8785,-4.4992,-7.0033,1.8287,-0.6935,6.0522,2.8057,4.7433,0.3136,7.8382,-3.8401,-1.4785,-6.7748,-5.8951,0.7128,-6.2921,-5.6105,-3.5966,4.1366,-6.1197,1.6573,5.8393,-8.8364,-4.0682,-4.8413,8.639,2.6891,0.1,2.4501,-9.5609,-1.9517,5.8792,8.4346,-6.7053,1.6618,9.082,-8.3226,7.2263,8.4747,-4.122,-5.637,-0.7751,-3.6849,8.8168,-9.7084,9.8567,-6.1694,7.547,-5.8484,-7.1622,7.848,2.8114,-6.9941,-5.4814,-4.8166,-2.6001,4.3549,-7.5057,9.6554
-8.4101,9.1835,7.5909,-3.2626,5.2127,-1.6468,-6.091,9.7824,2.4505,-9.9674,-4.7765,7.6079,7.1332,-0.4027,6.9294,-8.4083,2.0443,-2.7825,3.457,-9.0852,4.5491,-4.6287,7.0519,-8.6686,0.9879,-3.4184,-0.9479,-2.9739,-6.133,-3.5911,-2.4164,5.9685,-3.8598,0.883,-2.4866,-5.8281,-3.8142,-9.9292,3.2927,7.2835,3.2933,2.0696,6.5132,-8.8331,8.2648,3.4516,-8.7859,9.1145,9.3731,-4.7481,-6.1022,5.7589,-4.7249,8.7537,-9.8867,8.5464,-6.9518,-5.1691,-8.3556,-5.2143,2.6944,6.9113,-1.9994,-5.9481,1.8363,2.6743,8.1686,5.3386,8.2335,0.5115,0.4334,-0.0701,-9.1701,3.5191,3.7928,4.8268,-8.5273,-2.8897,1.2127,9.2539,-5.093,7.1047,3.6789,-5.4583,-2.6027,-2.55,4.2875,8.7677,1.5182,-0.5537,4.8615,5.1082,-0.7649,1.4754,6.2292,7.0841,-8.058,8.8147,9.871,0.8791,-7.9366,1.2449,-2.4917,9.673,-0.2132,-5.7039,2.2247,-9.9872,8.8389,-5.4027,-9.1457,-1.8915,6.7221,6.152,5.1311,1.229,9.6872,-6.7165,0.1033,7.998,4.1513,4.2493,6.6698,9.2491,-9.874,-4.8568,-6.8254,-7.3743,-2.7265,3.5106,6.0716,-5.9029,-8.5041,-8.7267,-3.74,-0.1099,-6.2333,0.316,-3.7265,6.4376,1.8902,-9.4682,-9.4192,0.8722,9.3341,3.9054,1.7774,6.9009,-5.6786,-5.0227,9.3756,1.6281,-1.5088,0.3979,-0.3085,4.6369,7.1997,-5.8506,5.0413,4.0127,-2.9894,-6.3207,0.3669,-6.015,-2.1973,6.9705,-7.7758,6.7988,-6.2083,4.4039,7.3053,-8.5343,9.1497,-0.3104,1.0012,-7.9966,7.6212,9.009,-5.1757,6.6614,-2.0807,2.47,-1.4969,5.7488,-2.542,-4.1886,6.341,4.4702,-3.5578,-7.1108,5.6859,-3.6036,0.0186,-1.1597,-9.2044,9.5939,2.251,-8.4134,-8.4536,-7.5886
-3.3007,-9.8664,-5.052,-7.1231,4.9533,0.0653,-9.3383,-8.4373,-0.3078,7.7135,5.2758,8.9345,-8.3963,-3.2919,-5.4395,2.786,4.5153,-2.2795,-0.0889,-4.2731,8.0241,9.4456,4.6065,-4.1287,-8.5595,4.85,-2.9037,4.4189,-2.1044,-9.2347,-4.4685,1.807,6.5947,-0.0829,1.2439,1.9672,-4.6898,-7.3057,2.8861,-3.7333,-3.0135,-5.9231,-8.72,-5.2846,-1.0722,6.7243,-8.2258,-6.4956,-3.6105,0.4937,-0.9248,5.44,0.7774,9.9381,-2.5298,4.3921,8.6252,8.6392,9.6346,-8.1734,-9.6017,-3.3119,-5.6157,5.7447,2.1426,-3.6297,-0.4344,-2.4136,-8.6124,5.6843,4.3716,4.2976,3.855,6.6135,6.0667,-3.8651,-3.8247,0.6779,4.5893,-6.2781,-2.6684,3.849,-9.2236,7.1165,9.6942,7.5725,1.0957,-5.0501,3.4373,3.1707,4.6324,0.3568,-4.3696,-3.1407,-1.5526,-6.9352,-4.8927,-8.6038,6.7042,0.8969,7.2615,0.9855,4.154,0.7765,-1.1808,-7.3548,1.7539,8.4898,-7.9553,-6.839,4.8011,-7.118,-7.9119,9.8635,-7.9283,5.3169,6.9527,-3.4096,-2.2677,4.5341,-7.6681,-9.0289,9.8521,-1.5595,9.0195,1.6923,-1.7121,5.5293,1.74,-1.6953,-0.1759,-0.0121,-8.333,-9.4565,2.1206,-1.6563,-5.5342,-4.1461,-7.1374,0.4721,4.8835,-5.3985,6.0511,-0.6244,-4.0266,6.2181,6.307,-4.7431,-6.8795,-3.7727,-0.8846,8.0526,-8.7845,8.8582,-7.3293,3.1839,-8.9701,5.4172,-0.3911,-7.2116,-8.1806,0.4644,-3.5848,8.2253,8.1211,-2.7412,-5.0873,-8.7418,2.5934,1.2283,-3.9903,8.9861,9.9972,-9.9147,0.6756,3.4999,-4.0378,2.3422,-7.6895,-6.7059,3.8215,8.2756,-9.255,-0.2868,-6.1586,5.5667,-4.1807,7.3621,4.2536,6.7518,-4.3297,7.945,-7.182,-7.2481,-7.038,4.0041,-0.8327,0.7368,-1.9918,6.6668
-8.162,-5.6475,-9.0348,-4.0109,0.5224,-6.5579,-5.3725,2.5163,3.9065,-8.1215,-5.1867,-9.709,6.5248,1.1571,-0.6319,-0.598,5.5309,2.2834,2.986,1.1328,6.687,6.7667,-1.5383,-9.2559,6.6336,-7.3766,-2.8224,-7.8597,-0.516,-1.7248,0.3042,7.8743,-3.7011,8.4681,2.5878,-2.5337,3.5405,-8.9843,5.6187,-3.222,-4.0241,6.6683,4.5505,3.7082,0.4476,3.6013,-4.8482,-2.2231,-8.8278,0.1145,-0.556,-0.5011,1.3222,-8.013,5.0298,9.8556,7.9073,-7.8662,-7.49,6.0798,6.2065,-7.5622,-1.6131,4.4319,-9.4697,7.1607,0.8184,-8.9944,-3.9818,-0.7965,-7.7306,4.1446,-9.9532,3.2447,-8.7488,-7.2974,-5.0891,-8.706,4.3558,-2.0732,0.5181,1.2417,-3.5129,-7.066,-4.9375,2.1977,-3.6153,1.3791,-6.9995,4.9225,1.9278,-3.3795,-6.0207,-7.7405,6.1201,5.3795,1.2844,-8.0456,-9.7815,-9.1803,-8.2939,-2.5932,9.0661,0.4861,-5.7494,-6.8603,-6.2153,8.8446,1.73,4.8098,6.3011,2.5693,2.2688,-1.1724,-4.7354,4.6942,5.2567,-4.0717,1.6431,-5.9836,-2.4953,-7.7108,8.9305,-8.3141,-4.9756,9.759,-0.8978,1.587,-6.7275,-5.9831,7.6541,5.5967,2.9288,-5.2638,-3.5136,4.4252,-0.0026,9.542,-5.0106,-2.415,8.4422,-4.4558,-8.3772,6.57,5.2644,6.1321,-3.0497,-5.2409,-2.2224,9.7844,-1.0196,5.4554,-6.413,0.4628,-4.8856,9.144,4.7747,-8.7687,-0.0497,-8.4265,1.7063,-6.7847,-0.7947,8.5917,9.4579,-2.9326,-6.946,7.0729,-3.9194,4.2885,-8.6814,-5.7146,-1.489,-2.0114,-2.8847,6.8279,5.0964,6.3365,4.4844,-8.4462,1.9939,-7.8844,-0.9566,7.0212,-4.2065,2.2631,-2.2014,9.1539,-2.2874,-0.3822,6.6156,-3.6452,1.424,2.7997,-1.3115,9.2245,-2.9445,-4.5466,1.3321,6.4154
-1.5383,-5.6257,-0.2174,2.4957,-3.4296,1.3636,3.8927,6.4151,2.8504,-7.0406,-7.8882,-9.5633,5.4672,8.5968,8.0733,7.9984,-5.5917,1.9632,-5.1431,9.5733,0.6328,2.4777,-3.4677,5.9114,-7.1268,3.3808,0.7847,2.5599,-3.415,6.094,2.9537,-5.9538,-8.8369,-4.3937,0.8777,1.0506,-4.0573,-3.7732,-4.0601,-4.8195,0.0347,0.3487,9.0866,3.3154,5.2471,9.7118,8.5894,-7.9389,0.1343,-9.1429,4.3121,-9.8547,3.0036,-2.2266,1.0962,4.245,6.0662,-5.1165,-3.4004,2.512,-6.2015,-3.2679,-6.9876,-7.6054,-6.4238,5.9952,4.4889,-4.808,-1.1616,1.6355,0.9208,0.9058,-8.6034,7.0989,-1.3102,-9.1755,4.1433,-1.4334,-3.033,-6.0973,-3.4739,0.6987,1.2507,6.5635,-0.0947,0.8438,-4.4932,-5.6422,4.8455,3.7214,0.3622,-5.1125,-5.1923,6.2623,8.6249,7.1111,1.5231,6.8004,-8.1971,-9.8673,-9.5919,6.1211,0.7294,-6.3456,-7.5382,-7.818,-0.2769,-5.3362,-6.6303,4.8063,1.765,-9.987,3.7368,8.6976,2.4967,-7.1878,8.0521,8.3339,7.7895,1.7693,9.8329,-9.3537,3.9342,-2.191,-5.938,9.2726,4.768,2.7457,-8.0011,-1.37,-0.3782,-8.5,5.6688,4.5814,-9.0937,-2.9609,-0.8264,4.1141,-3.2006,-4.3939,0.8842,8.4651,9.4378,-2.0509,-0.7193,2.8266,2.2778,4.8519,4.6515,-1.744,-3.5052,5.8627,-1.4463,-8.651,5.6055,5.8899,5.3849,-9.5127,-7.5092,7.8813,7.716,-3.79,-4.1193,-0.1117,5.0657,2.8076,8.8639,-2.4197,-6.4694,-9.7157,-8.8635,4.3509,-7.9267,-1.8256,3.1286,2.567,-7.959,-2.2632,2.0014,-2.0839,-4.3322,7.4629,-6.2674,-6.2837,-1.5673,-9.2915,5.1065,0.8753,0.842,0.7338,-4.5799,-8.7271,-1.7735,7.9067,-8.8181,1.0379,-7.1979,1.7592,-3.5874,2.9479
6.5101,7.0317,-8.3756,1.2369,6.0969,-8.8401,2.8646,5.5359,-1.6708,-7.0388,-0.7173,8.8444,-8.362,-8.8535,-4.0434,2.9381,-2.6433,7.2904,2.6086,8.2438,0.5164,1.5235,-3.6633,-8.6079,4.8433,-1.4318,-2.2039,-0.6302,4.1781,-7.187,-7.449,-7.0074,-2.6679,2.3563,9.3301,5.4488,3.2782,-1.4161,4.8923,-1.7805,-8.1327,1.4855,-8.7079,6.1493,3.2797,6.45,-9.3776,5.9923,-5.901,4.2739,-8.0009,0.2806,-2.2214,-3.5667,-3.0709,0.7711,-3.3099,9.6849,6.9219,-2.0136,6.4529,2.1396,-6.9411,8.8592,-7.1127,-6.7336,0.1546,2.0385,-4.3753,-6.7484,3.5336,-6.4962,-9.9553,4.3351,0.5335,-6.4308,1.0848,3.0718,8.1538,7.1248,6.709,8.4922,1.6462,-8.6746,-0.7836,-6.9595,-7.1481,0.1551,8.8018,6.6067,-6.0044,2.1119,6.102,1.4157,3.651,1.6195,-0.2674,4.6778,-4.8408,9.4125,-0.8956,7.006,-2.6221,-5.3561,-3.6021,4.2761,8.1669,-0.2503,-9.8078,7.1677,9.1658,2.402,6.368,9.4489,-3.7548,-4.2565,7.3357,3.1654,7.0965,1.1335,9.0067,1.765,5.9593,-5.2105,4.7838,-8.5439,-1.4646,-0.2098,-9.5945,-3.8184,-5.7868,-1.4613,8.7623,-9.001,-7.4852,1.0563,-8.3552,-4.7879,6.8808,7.8742,-9.3469,0.5934,-6.5351,0.0753,-4.877,-9.7341,-1.2787,-4.3604,1.068,-7.9983,-6.6557,4.6499,-4.9774,0.9651,1.106,9.0169,-2.3002,-0.7543,-7.6477,-3.5351,8.082,-7.7137,-6.7615,5.7175,8.4118,5.3236,5.6552,6.8805,3.6509,-6.4538,-0.348,-0.8998,8.7356,4.8129,2.1,5.2415,5.7389,4.7168,5.3151,-0.8287,2.873,5.2898,7.5707,-9.6247,-1.0684,-6.3057,-8.0066,2.5551,1.7117,-5.6301,-1.5074,-1.1217,-3.0082,7.9972,-2.3967,-0.0763,3.0185,-5.2322,2.3687,5.0267
-5.0836,-9.0612,-4.498,-4.04,6.3183,-2.7747,1.7619,9.9988,6.6066,-2.7904,-0.0614,1.1953,2.4996,-3.7581,3.8348,-4.9761,-4.5567,-6.6986,-7.2665,-8.868,-2.5162,6.5863,-8.0078,-2.8403,-3.4191,2.2097,3.6942,9.5056,7.8028,-7.6264,-5.0357,7.8046,-4.5892,8.015,-5.2439,7.0992,-8.414,6.4873,-2.1462,6.3655,-2.7698,-4.1079,-9.8931,-1.3361,6.7872,0.9697,-8.6863,1.0077,3.2914,7.3468,9.6314,3.0858,4.7127,9.7525,0.4949,7.1403,7.9487,-6.0576,7.9436,7.0547,-2.0263,-8.9182,-2.4033,-1.5951,9.567,-7.169,5.389,5.0398,-9.101,0.264,-7.2667,7.9033,-2.6122,4.1245,-5.6233,7.519,7.217,-2.961,-6.739,-5.7316,9.956,4.5157,6.0923,-8.571,3.2501,-4.418,3.4534,-8.2137,-6.52,-8.6395,-7.7584,-8.5167,3.9777,-1.334,0.6215,-1.7556,1.1036,4.9775,7.442,7.5417,-4.5899,-1.3872,2.0675,4.4258,-2.2873,-5.8983,3.8069,-6.4783,-8.9378,6.455,2.1714,8.7402,-8.9937,0.3927,4.68,5.5549,-1.2863,1.6829,2.9475,-8.6809,5.9326,-0.1188,-3.9636,8.482,-8.1591,3.293,-8.14,1.4345,-7.2707,-7.358,-6.0092,5.0726,-6.6019,8.4994,-0.041,9.2249,-0.8935,9.5318,3.7881,9.7924,-2.1369,0.895,4.9779,3.6982,-1.2782,-2.4712,6.1245,7.3625,8.4251,-6.2485,8.5769,3.2953,-7.594,-1.932,3.6974,-9.8784,-2.6263,-3.1324,0.6997,-5.1848,-7.7835,3.5516,8.4861,-9.5234,4.0903,-6.4659,6.331,0.2483,4.1272,9.6452,4.1703,3.3178,2.4347,4.0528,-5.9306,-2.4698,-7.4707,9.3747,-7.6959,-9.5631,-0.0322,-2.6582,-9.9174,-7.99,8.0117,-2.0743,3.4905,2.0994,-4.8162,-5.6589,8.135,6.1741,-3.2046,-3.1446,-6.975,4.5648,9.9084,-9.8755,7.0518,2.8531
2.9037,-8.7741,5.0471,4.9794,-5.3772,0.6666,-7.4694,-8.8224,-1.3357,-1.3433,-0.2908,-8.4166,4.7725,-9.0996,-8.7348,1.7018,3.4511,-0.1624,-1.4702,-7.4387,-7.6822,-1.5706,-2.5755,-3.4598,-8.4829,2.4827,7.0121,2.3152,-0.4,4.0112,-0.7429,-8.7894,7.2605,1.7225,7.7963,-9.7951,4.9484,-1.3833,-0.5003,8.1114,-8.1952,-4.7148,3.7143,1.6736,4.0414,1.7561,-6.6999,6.7595,-2.9267,-2.9469,-7.5427,0.7661,-1.9968,-7.7287,0.6886,8.5604,-3.1152,6.5814,1.2274,-0.3738,6.0959,9.8353,7.3997,-1.7614,-6.0442,-6.59,-1.3314,-2.1223,-1.6844,5.8763,-6.1363,-1.1405,-0.448,-2.6005,-4.5314,0.6816,-6.1108,-8.2441,-0.7478,0.5781,-5.6365,9.1871,7.7293,5.0493,-8.5663,7.0323,-0.4273,3.9592,-0.5417,8.5989,6.408,-4.5806,6.2588,5.9708,-2.0789,-3.6041,-4.4037,5.5668,-9.8024,-6.1538,3.655,-4.9443,4.0755,2.956,-5.7505,4.3459,-4.8241,3.8719,8.6935,-9.3667,-9.922,-2.3377,-2.0968,8.6588,7.3978,-4.4717,4.7905,3.4989,-0.4252,-6.7299,-6.0656,-3.7241,-8.2719,-4.8058,-4.5757,8.6648,-0.2893,-9.3888,-6.4077,-5.5657,8.2518,2.0402,-7.9962,-9.6726,0.1563,2.798,-0.294,8.8572,-0.7822,2.077,1.365,6.043,7.0647,-3.2016,9.0469,-3.1631,-0.7935,1.8941,2.1142,-1.2894,1.2768,2.3734,-2.6987,-8.618,-9.6414,3.6514,5.4902,1.4699,1.5561,1.3064,-4.8908,-5.391,-3.3446,-2.516,-5.2842,-3.8092,2.9484,7.8078,1.2057,2.6121,-4.032,6.5168,1.4367,6.3265,-3.5252,-1.0204,7.8526,-6.6366,-6.1236,5.5929,-9.5199,5.8677,0.9872,9.6351,-1.2699,-6.0837,7.3301,8.9761,7.9937,-5.4058,-7.9135,6.507,0.4429,-6.8496,-6.4533,-6.7246,1.6667,9.3335,5.155,-4.3763
-6.5021,-3.7226,1.6395,0.3365,1.3827,0.3888,9.0361,7.82,6.3575,-8.6576,-9.0144,-4.7546,-0.3988,8.2762,6.4372,-5.9358,-6.4681,6.0204,1.6392,-1.921,4.3126,-5.1232,-2.8148,7.6691,-8.0048,9.4872,1.9015,1.7129,0.1207,1.8189,-3.7702,8.8709,1.9007,-1.4413,-2.0737,2.9743,1.4927,3.442,-4.9227,-0.0614,-6.9948,-5.6609,2.305,7.0947,1.8434,-7.0941,-2.6185,6.7783,6.0347,3.4835,-0.4299,-5.7176,6.3968,4.5684,4.9314,-2.3149,6.1259,2.6119,5.985,6.8904,-9.2265,1.5094,-9.0167,9.5188,-9.9143,-8.1199,9.6507,0.6793,-9.638,-0.1852,6.3514,1.2911,5.3146,-0.405,7.068,-7.2653,-2.1392,-5.6317,9.0894,5.8015,-2.8902,2.1246,6.4805,-2.0345,-4.2247,8.6232,8.9903,-3.8397,3.0903,0.5191,-6.893,-0.2936,7.4606,-7.1001,-9.5984,-3.5216,7.2604,-2.3279,-7.2286,-8.4903,-5.2784,-1.3327,6.4005,-3.3177,-9.3087,-7.8061,4.1236,-6.6829,9.7426,7.8113,-0.5108,1.6814,-4.3019,-0.5772,-4.4915,5.4316,-4.5776,-3.1392,1.6283,9.1992,-6.0896,1.1895,6.0114,-8.8526,-3.2304,6.9314,-5.3737,-7.0618,-2.2224,-5.4081,9.4611,2.4688,-4.0256,7.1138,9.713,3.4619,7.6359,-3.1576,-4.5841,-9.5671,-0.9023,1.6899,-4.8117,-3.1259,-4.5645,1.8712,-5.9792,-5.3519,-8.3334,1.3119,-9.0734,8.9458,0.3111,4.0569,9.0163,-3.1394,2.0831,-6.7649,7.3399,7.3153,-4.6896,-9.7422,3.3284,3.6202,-1.1742,-5.6174,-6.6419,-6.9955,0.433,3.0085,-8.1508,9.9803,0.9461,3.1731,-0.1714,7.1215,4.9188,6.7436,5.2854,6.714,-2.4268,-0.4067,3.2479,-2.7131,-8.4907,-5.2708,-2.4343,-2.4459,5.3727,2.7021,5.5859,5.435,9.4346,-1.6212,8.9652,-0.7887,-4.3896,5.8991,5.6422,-4.3267
-5.2868,-3.5421,4.2416,3.0066,1.9737,-7.212,-8.4798,1.6464,-0.4162,1.106,1.4352,-2.6212,-1.2428,4.3513,-4.0813,-3.0539,-9.8009,-1.6105,9.894,0.5657,-6.2403,8.9248,8.391,-7.9716,0.7549,1.405,-9.6125,-2.9184,-4.1574,4.7499,-5.2895,3.6549,3.2736,3.0758,7.723,-1.1512,8.9404,-4.5315,-8.1177,0.9899,-0.5375,0.371,0.5489,-0.0623,-0.0163,-9.9064,-9.0636,5.648,3.4699,-5.7815,-2.3464,3.9952,4.4734,1.3066,9.1367,8.3098,-6.1444,8.7954,-6.0501,9.2895,-9.2089,-2.836,-9.1584,-9.2546,-4.4381,-8.6373,-8.8747,-1.1269,9.9209,4.1359,-3.0816,2.2717,-8.9159,2.3859,-0.7254,-6.747,2.2377,-1.2629,-0.7469,0.41,-3.3545,6.786,-5.4068,-2.1873,8.3066,-1.1731,5.7239,-8.1429,0.846,6.5351,-6.4301,-3.962,-3.4545,7.7364,-9.6319,3.4824,-2.921,-8.5687,-5.6286,8.1536,-4.1541,5.4544,-0.1822,-3.2686,-9.2078,-9.6886,0.9097,-6.459,1.021,-7.7449,8.6068,-8.55,9.2175,-7.3269,2.5227,-0.8315,8.0829,8.3849,2.4048,1.1029,-7.6121,-0.9545,-5.9007,5.2723,5.1003,3.8828,7.2616,0.0789,3.1006,0.1537,7.0747,-7.1346,-3.6778,7.6387,6.3824,0.788,7.1119,-1.8891,9.8727,-7.4877,-9.8119,4.2461,3.2403,5.9951,-3.4523,-2.7106,3.313,8.5034,-2.6059,7.2037,6.5783,4.6901,-6.8414,-4.6606,-1.0486,-9.6609,-8.7833,6.7634,1.8018,4.9911,-3.9984,9.467,-5.2656,9.1019,3.8265,-4.3811,8.3704,5.1865,-6.6001,-5.8353,-2.1485,4.8317,-5.6339,-4.18,9.2543,3.2665,9.0691,6.1667,6.1813,-6.3731,1.0125,-8.3682,-5.3648,5.4839,-8.1198,-6.5975,-6.7044,-6.7393,5.4668,-1.0722,0.1107,-5.8197,-0.4755,4.4057,-9.1918,1.379,-5.2808,0.2731,6.5713,7.3346
-5.0952,-2.998,8.6828,-9.8383,0.3703,-7.1564,-8.2326,-5.1239,-2.9916,2.2216,1.4159,-6.48,1.9332,-7.7738,-8.555,-1.2724,9.1367,-6.0807,3.5111,-5.1212,2.4982,-8.978,8.769,-9.164,7.7797,4.8132,5.6134,-7.7628,-5.2747,0.2996,-3.0042,9.4415,0.6025,2.3301,-3.8178,6.3207,-1.5576,5.292,-6.2625,0.9848,1.867,-6.8685,7.7952,-1.8377,6.1321,1.5429,7.8514,-0.4485,-4.1201,4.9444,-8.6614,-4.7833,-9.114,-3.9566,-3.4486,-8.2833,-7.2786,-6.1017,-7.4321,-3.7822,2.5612,-4.4235,-4.3756,-5.7965,2.5572,2.7703,2.2869,-3.216,7.9882,-8.2461,-1.0536,5.3665,5.1331,-1.8306,-8.136,3.0296,0.2016,-2.1781,-5.4964,5.7132,-4.1209,2.7698,-7.7322,-5.6476,-0.5907,8.1917,3.1135,-8.5809,5.7536,-4.3383,-4.0446,-0.6824,4.2727,6.3299,2.3129,-9.6895,6.7747,7.7035,-2.9927,2.7158,9.4338,3.4732,-7.7717,4.1728,-1.3084,5.1902,7.3543,1.2567,0.8828,-4.0368,7.7403,3.2039,-3.0799,4.6685,-7.8724,6.6812,4.3109,5.9591,5.6584,8.5811,-3.9952,4.4141,5.9716,-5.6245,-0.4183,2.5609,-2.3671,-8.9129,-5.7782,8.7581,3.1046,4.3921,-1.8346,-1.8527,-5.4388,7.2401,-8.4894,-7.7322,-3.4081,8.6705,8.7279,-4.2334,2.9143,2.4799,7.4593,-9.1854,-4.8421,8.8399,-6.2112,2.2532,-4.6397,0.7926,2.8819,3.1467,2.3414,-0.1155,-5.1547,1.5874,-2.4625,0.4762,-7.3761,-8.8104,-8.0211,0.3279,5.9501,2.5116,-9.3367,0.2127,-2.4917,-9.7185,6.6354,-1.4673,1.3108,1.9445,4.3169,2.9954,-5.2843,-7.4542,-3.9758,0.2127,2.4046,8.9345,7.7523,7.7382,-9.5084,0.5562,-9.7191,3.0728,-5.6688,6.1818,1.5205,-9.003,-9.4739,-8.5956,0.7514,2.7923,-6.2262,-3.1965,-9.405,-3.6539
-3.7307,9.6276,7.0134,1.0165,-0.7231,-0.5959,-8.6775,-3.8144,7.5754,-5.6078,7.2705,-7.5379,-5.671,-1.627,-8.5329,8.0955,8.8161,2.3458,8.373,7.9192,4.3275,0.5768,6.4594,-8.6308,0.9388,-1.1536,4.3066,0.9219,9.397,-9.4496,6.5557,-1.1737,9.618,9.1651,1.3623,1.7042,-0.4434,2.3461,-9.1821,2.9738,-5.4212,-6.7174,-2.397,-6.6815,0.647,2.9926,-8.9804,7.7931,9.5528,-5.8209,-2.894,-7.6644,-0.5516,5.484,-2.4893,2.0489,-7.6573,-4.4793,-1.7438,8.1222,3.3408,2.907,1.296,8.1984,6.089,1.3217,4.429,-8.3585,-4.3137,-9.6543,8.0983,-2.2723,0.4895,8.3748,-3.5695,-8.3238,4.6562,0.4753,-3.0556,5.8644,1.9836,-1.7933,-5.7438,-8.3793,6.9596,-0.1735,-3.8138,2.709,6.7792,1.6647,-0.1977,-7.8486,4.3359,-0.5033,-7.1695,1.9451,-4.2124,7.7761,3.6206,-2.7266,-5.1158,2.611,-1.3968,-3.4905,6.7854,-2.0459,-3.8219,-7.5471,-0.8958,-8.9678,9.1868,-6.1928,9.0243,4.4299,2.1713,5.0165,9.5041,1.3617,5.1903,2.6129,-6.6694,0.811,-2.3675,0.5124,-1.7313,-0.4598,2.4989,-6.0371,7.7168,9.2594,-9.0787,-9.3932,5.8417,-2.9889,2.5858,5.9017,2.7125,-9.2336,3.9337,-4.9588,1.9752,3.0091,6.9574,8.2717,4.1794,7.0121,-2.2635,7.2911,3.2454,8.3674,9.7226,5.5112,5.655,1.9701,-7.2993,6.7785,-6.8358,-8.9086,2.2107,-8.2519,-5.8736,-4.13,0.1713,0.2947,0.3513,3.3351,-1.6716,-5.6438,-7.0326,2.4049,-2.4735,7.7737,-0.7158,1.9502,6.646,-8.9941,2.3345,2.0298,-7.0144,-6.0535,4.5505,5.0123,-6.0778,-7.0944,1.6461,-9.3802,-0.1609,6.0117,-0.6751,-7.3762,8.9849,2.9756,6.7726,8.5509,-8.0023,4.9534,5.6893,7.9881,-0.61,-0.1549
-1.832,2.541,2.8015,-1.7347,9.6054,3.9515,-4.1015,-2.0825,0.5581,5.053,2.4337,-0.7875,4.5382,3.5196,-1.0107,2.5196,5.5871,1.5957,7.5887,2.7139,3.3349,6.5766,-0.3883,-8.4985,-4.6721,9.8412,-4.3482,-2.7605,-4.8342,0.2241,5.7227,-3.1425,-0.501,2.0463,9.2741,-7.4569,-8.2546,8.7067,6.9773,-9.4822,-0.5498,7.6616,1.0887,-6.6552,4.5857,9.6867,0.7452,-8.7079,-0.7959,-4.8594,-6.8926,-5.9877,-6.7879,9.4592,-1.2365,9.8494,-9.8354,5.5429,-6.7803,5.9969,-8.555,-4.0217,-8.6841,-6.9166,3.8142,-9.1142,3.5889,-8.7047,5.7073,-5.3591,9.655,-8.9552,-3.301,-0.7997,5.2603,-1.5177,2.4732,3.0074,1.1387,4.8735,-5.5774,5.7861,-0.0863,7.9217,9.1904,3.8364,-5.8399,3.721,-1.9827,7.309,7.8608,-4.072,-0.9883,2.6391,2.4896,-7.2862,-0.0691,-5.5346,3.5754,0.2169,1.9968,4.7488,1.6183,-7.1636,8.491,3.6317,-2.4128,-0.5014,4.4978,-1.2131,-9.3338,3.7918,2.4827,2.0372,-8.7389,2.6272,-1.2345,-7.1283,-6.3323,-9.6279,1.0375,-6.302,6.6748,-7.7175,-1.3199,-5.4196,-8.5599,-8.6621,9.4137,1.3677,-7.5529,2.6848,6.2855,5.6464,-0.1555,-0.7163,-9.6323,-7.7953,9.1243,2.1102,6.153,5.3995,2.1725,-8.3627,-3.123,8.0249,5.942,9.4838,9.996,3.1364,-7.5098,-9.3222,1.1578,-2.4868,-0.6192,9.4221,4.5932,7.7014,3.2691,-5.9708,7.8389,-8.7192,5.0692,-0.1528,-5.1988,3.3085,6.5243,2.4928,1.901,2.3612,2.2164,-6.6266,-5.7138,-1.7221,2.6934,4.0472,6.4784,-6.2156,4.9475,-9.6619,6.6034,3.0757,-4.2551,5.9321,-2.7901,2.049,-3.1046,-6.0831,-1.6781,-7.155,2.6381,8.7797,0.6107,0.4374,-2.3462,1.36,4.0583,-9.4881,6.7748,-6.9002
0.4789,-6.9579,-6.9588,-0.6365,1.2395,-8.7794,-7.4952,-5.5808,1.6065,-3.1328,-8.4372,-9.563,-9.8579,-5.061,4.8175,-0.1902,-2.0204,-9.2091,-7.1988,-9.0754,-5.5506,-5.5614,-2.6722,4.4659,-4.7607,-1.3954,-2.5096,7.326,8.6461,0.5644,5.8563,7.0575,-3.6656,-6.1856,2.2416,0.0341,-8.8912,9.1574,-7.7983,-7.18,-3.2698,-8.5916,2.0513,-6.003,-1.0793,4.9839,-0.5449,-7.3809,8.4768,7.6635,0.3409,7.5606,6.5826,9.8143,-0.2643,-2.7038,0.0158,6.6567,6.791,-5.7069,-6.8595,-5.8847,-2.2917,3.2263,2.3173,8.0689,-4.1388,2.0005,9.0411,-6.7295,-9.6615,-5.5605,4.1301,-4.1092,-9.3504,9.2304,7.4597,-8.5117,-2.8894,6.6495,-3.8378,-5.9476,-1.836,-3.425,3.9118,4.1834,-2.7067,9.096,-0.8851,1.8357,6.7672,-4.5767,-7.4994,0.9677,-3.835,4.8178,-5.9353,-6.2091,-9.5047,-1.3856,-9.0903,-4.2781,5.5693,-9.5818,9.831,-1.4556,2.1642,-6.3749,-5.0505,-2.1381,4.0067,-1.6134,0.8018,-9.5233,-7.1753,8.5043,-2.822,-4.5063,6.3145,-6.9574,7.5466,-7.136,4.0535,5.3878,1.197,-6.0457,3.9815,-9.7334,-6.5773,-3.0334,7.0303,-9.2729,0.2361,-8.7916,-5.6643,6.8475,-5.2767,1.2867,5.3073,-3.0898,1.2912,-8.9786,-9.1863,5.6203,-6.1549,0.5377,7.9846,-1.7584,9.4286,3.7404,4.0177,-1.2353,2.7251,-2.6547,7.7363,7.5636,-4.1973,-3.3235,4.3039,-6.4896,-4.4859,-2.6849,-0.9925,6.9506,3.7531,-4.267,2.6256,-5.6579,3.8954,-4.0506,5.2659,-6.1912,-4.5337,-1.5403,9.4962,-4.9906,9.0955,5.3233,6.4697,7.6921,9.3112,5.2221,-5.7191,-8.8306,-9.3352,-5.3638,-0.135,6.7573,4.2079,0.9351,-2.625,-2.7699,-8.1415,0.5477,7.9624,-2.9926,-5.5876,3.5361,-3.0578,-3.6701
-4.8939,3.1869,7.9004,5.2098,4.81,-0.2616,1.643,-8.1176,7.8808,-2.585,3.1166,-1.5153,-0.0992,0.2108,-5.4117,-0.3576,4.1224,-0.52,5.7146,-3.4929,1.8344,-2.2093,7.03,-5.9795,-0.9602,-6.5622,-0.4137,2.6359,2.8537,-2.0399,5.068,-6.549,-3.9836,-8.4558,-6.5926,-0.391,9.7185,3.0987,1.2713,2.078,5.5907,8.3369,2.2079,8.5749,2.9719,-6.7243,6.1592,9.5113,-6.8127,6.9581,9.7589,2.1363,9.8064,6.0785,1.3681,-3.4661,3.0209,7.0378,7.9018,9.6661,-9.7697,8.2421,-7.2982,-5.458,-8.9069,-9.301,-5.5017,-9.1241,5.4357,-5.0262,-4.2158,-5.0737,6.7093,8.5691,3.5337,3.4233,-6.0956,-7.6401,1.9312,6.7695,-1.2921,-7.1518,5.1279,4.393,4.3285,-8.0395,-9.1817,-7.5315,-1.9413,-7.7411,-1.1046,-5.2616,4.3583,-0.3919,-9.2867,1.8737,-7.7632,-8.8571,-0.3525,-8.3847,-3.7774,1.7431,2.5301,8.8522,9.4046,7.0695,-3.6843,-8.4963,3.2292,-5.0436,8.9238,5.2297,-2.4297,-1.4019,-5.363,4.1596,-2.9496,-1.7202,8.8299,-9.8141,-5.4789,-8.1893,-9.1267,-7.3741,-2.347,-1.4749,-6.4056,4.4937,4.2261,-2.1469,3.315,-5.9321,4.3193,-5.4685,-2.534,-0.1754,-9.8258,3.1893,-3.6129,9.5507,0.3964,-1.3013,5.9084,1.7678,1.5981,5.1193,0.5713,3.9676,-8.4483,3.84,-2.1827,-2.0347,9.8985,4.4645,5.6615,-6.233,5.1944,-7.0916,6.6765,0.0645,9.4725,-8.5988,7.552,3.0691,1.4752,3.9979,7.425,6.454,1.0431,-7.8647,-6.9579,-0.5283,8.732,-1.5557,3.5792,-7.7629,-8.1285,1.8455,7.4415,-1.4723,2.0455,-3.9554,-8.5666,-6.2164,5.1233,-1.5711,-2.6248,-4.1291,-4.6345,-1.965,-5.1644,-2.9875,-4.659,-7.028,0.4144,6.6029,-4.7664,1.0518,9.901,9.4851
2.0127,-5.8574,0.5109,1.7935,6.4694,8.6939,8.4452,7.9533,4.5535,-1.6579,-4.6938,9.8722,3.8543,9.2696,5.5884,-0.4368,-7.0036,2.2498,8.6417,-1.4466,0.1247,0.0672,-6.2059,-4.9461,9.4126,3.1396,-6.2145,1.9133,0.5419,2.7958,-7.4246,-3.5219,6.155,9.3807,6.5484,-6.0145,-1.4375,6.2334,-3.625,8.9964,-4.6222,0.5334,5.2458,1.7463,7.4574,2.437,-3.6305,9.0427,-6.8268,-8.8512,2.3578,7.025,-2.0533,-4.0856,-1.6856,4.9327,-0.2457,-2.1071,-2.3399,-0.8629,-5.1951,5.541,8.9188,-8.3005,-1.786,-8.5511,3.826,-7.5976,6.3359,-5.9383,-6.9947,5.6576,4.8343,7.597,-9.4751,-0.6495,1.2149,5.1075,-1.9059,-7.0329,8.932,6.66,0.4805,1.6256,3.8888,-3.0904,-6.006,8.8617,-5.5489,-3.221,9.1089,-7.5137,6.9345,6.1249,-1.3392,-3.1584,-4.0752,7.5292,-1.573,-8.0379,-2.5613,5.4226,-5.1716,3.4429,-8.0471,-2.838,-6.2444,-3.5061,-6.7027,5.2327,9.5825,0.0247,3.3185,-6.9955,-1.9328,-6.4222,-6.4751,-6.2122,-3.6983,0.156,-0.6275,-3.4645,-3.4205,2.2765,-2.2821,8.1515,7.1884,-2.5318,-8.0451,7.7429,7.4242,9.879,-9.1187,-6.5777,7.6477,-3.8013,1.181,7.2873,-8.4653,-3.6363,-5.9251,9.8767,4.5131,7.156,-2.5442,0.9358,-4.3265,2.4225,-4.5916,8.6921,-9.5518,-6.6338,0.4442,8.7687,-1.6839,8.3821,3.8133,1.6425,-0.0697,0.5702,7.6634,-0.8801,0.627,6.9849,-1.6614,-7.3504,2.0602,-4.9337,-3.8642,-6.9923,5.2394,2.8933,7.8971,3.0237,3.5129,6.6385,0.361,4.5255,-8.7637,-4.6716,0.82,-3.6561,-1.8656,-1.1009,-6.5133,3.4689,4.1526,-5.2104,-8.8474,0.8083,3.5828,8.7491,-8.7501,5.7534,7.1155,7.5762,-6.8642,-6.6047,-0.0466,-5.6787
