-5.4545,-6.2142,-9.6362,8.3937,-1.8932,-7.2833,-8.8398,-7.2228,1.8059,4.8657,-8.3381,-8.0639,5.268,-9.7131,-9.3548,7.1271,-6.5433,-7.3764,3.0681,-0.652,-9.8665,-9.7349,1.0834,-0.9556,-5.5918,1.0931,-3.983,9.4407,5.9062,6.4845,-5.0151,-0.8998,-2.0126,6.5688,-8.5487,6.9255,5.7384,-6.361,6.4561,-5.0821,4.1257,-2.3798,-8.4579,-1.7276,-5.7508,-7.0741,-8.8246,4.6192,-3.7147,-7.442,-6.5626,4.1618,-4.2966,-0.4441,-0.751,5.6318,0.5707,0.6009,7.1028,-7.2669,-6.8756,6.9553,7.7015,9.4976,-8.9994,2.967,7.9475,9.728,-8.4827,9.4127,-2.9423,5.2459,1.0174,3.7982,9.3775,0.2532,9.073,-0.283,-7.3626,-8.6284,5.1667,6.8934,-5.0429,-5.0296,3.1901,2.0525,-5.692,-3.8945,5.7571,1.6046,0.6658,-6.0363,6.4164,-5.8094,6.5923,-5.8593,-6.3358,3.6759,4.0448,-7.436,7.7874,5.2457,-9.6853,-0.7107,3.4209,3.2498,-2.0835,1.6657,-7.5282,-0.9078,-2.9267,-6.1075,-9.8871,-3.0009,1.5788,8.0414,5.6324,-2.5996,7.6919,6.0629,-5.5143,6.545,3.519,1.9433,9.4738,-7.3548,8.0966,-9.3723,8.9418,8.119,-0.2478,2.8343,-7.9377,4.5098,-5.5215,-9.1932,1.3411,-7.0728,6.912,8.8959,5.3058,-3.9908,3.3522,-7.6898,1.3181,-7.1755,7.1981,-1.4014,2.0659,-7.5149,-8.4389,-9.6256,7.9249,6.6332,-0.3422,1.7804,6.4892,9.3788,3.4484,-4.939,-7.8518,3.8626,-3.1701,7.2324,4.717,-7.5914,7.8133,-0.3295,7.8133,-6.2299,8.7623,8.515,5.799,-9.8229,0.2148,9.3482,5.9708,6.3154,-1.0381,-9.6072,7.5282,-4.7347,-7.7971,5.8916,7.5544,2.9968,-6.6217,-8.9184,6.8306,7.3213,-4.8237,-4.9685,5.0108,0.1331,-7.177,9.7034,2.1086,2.9916,-4.8585,8.2033
-6.0393,8.0083,5.4779,-4.9517,9.7907,-6.1599,-7.1735,-5.9443,-5.6774,8.1365,-9.5094,-0.3386,1.2222,-9.2749,-9.5531,-4.319,-2.7968,-3.3474,-9.6576,-8.1874,9.1127,4.5671,8.2067,-4.8644,6.0756,6.9586,2.6747,4.7854,9.089,4.9523,3.5916,3.4659,2.4364,-1.6163,-2.7408,-8.3701,-7.8833,-5.572,-5.3212,1.1154,9.8866,-1.7986,9.4128,4.8598,4.9919,-9.1857,1.5145,-6.2785,-9.724,5.1641,-0.765,5.3512,-6.9533,7.1482,-3.311,9.199,2.9031,9.471,-8.2975,7.1134,2.0747,-1.5202,3.2801,9.9114,7.7636,7.5309,-7.384,7.3299,4.8166,4.6861,-9.3722,-4.599,-7.3006,-9.7328,4.8316,2.8575,8.6017,1.5622,-7.176,6.59,2.4396,-4.7885,5.7851,-2.1095,-4.2081,8.9894,-9.0673,-1.1017,5.0256,-6.8645,-8.8514,8.4617,-8.0917,4.8254,-0.1932,10.0,7.4982,6.2898,7.7884,4.6931,-5.4283,-9.1563,-7.1132,-2.4272,-4.3597,-8.8141,-5.5021,-4.2403,2.7961,9.0703,6.4543,4.7632,-2.0288,-1.4548,-3.0581,8.0353,-7.0869,-5.6653,9.8962,7.1994,-9.7277,-1.604,4.8866,-8.7092,-4.4808,9.755,4.0565,6.0715,0.9736,2.8594,-3.0599,0.6763,4.0096,-5.0134,-7.9931,-4.0877,-4.5131,5.4569,9.7073,4.8018,5.8581,-1.714,-3.3499,3.5177,3.1801,-9.7574,5.8106,-5.1419,-4.5499,-2.7114,6.1152,-2.9965,-5.2288,-8.3549,-3.6316,0.9638,-1.0654,-7.5219,-3.3091,-9.6594,2.2372,-3.7325,7.6353,-7.5086,7.1087,5.3396,2.0587,-3.8199,-8.2049,-7.5606,5.6565,3.9775,-2.4408,-6.0864,-2.1438,-4.0338,-7.441,-8.6809,-3.0443,8.5198,-1.9573,6.7592,-4.3797,8.0316,0.0866,5.391,-3.0006,1.553,9.4353,8.8827,-6.4766,-1.1235,-9.6651,1.6153,7.5948,-3.2487,2.2275,4.6794,-0.2553,0.9214
-4.2856,1.5811,-5.6594,2.0316,-1.6188,-1.4969,-4.6933,7.293,3.1827,-9.3621,0.1942,-1.6889,-8.0534,7.3669,5.1908,6.6649,9.1041,-0.2266,5.4274,-4.4647,3.8393,-2.2781,2.9891,-4.5825,-1.9383,-8.0452,-0.9035,-0.945,-5.6958,3.7671,-2.6512,-1.9174,0.3062,7.3087,-2.4408,3.399,7.6942,-6.5216,-0.5088,3.4466,5.2706,-8.1028,5.8913,5.0355,4.0265,-4.4421,-0.1831,3.2157,4.477,-8.4206,4.1927,-9.2386,-8.2735,8.6771,9.08,-1.8427,-5.0639,4.0179,1.8034,-7.248,8.5707,9.2709,7.3886,-9.4141,-2.8235,7.6753,-8.5033,-0.9783,-9.9573,-3.8874,6.5403,1.8028,9.2204,0.956,-0.3606,4.6399,-2.4151,-2.7316,-8.3359,-9.6713,-3.9079,-4.4678,6.5155,-8.0148,0.4791,6.4217,6.4357,5.9975,4.0737,2.8183,-3.1736,6.6669,-9.3348,-1.723,-7.9008,-2.869,-7.088,-4.2413,-6.4196,0.8713,-9.3769,-5.6496,0.261,8.2803,8.5925,-1.9663,8.0823,1.2404,5.8198,-0.8327,2.66,-5.881,-6.5935,0.3937,3.8127,7.1447,3.7325,-6.2465,-3.774,7.0193,-3.8313,-8.0291,3.2387,8.6153,0.9079,-2.7306,6.9129,-1.8395,4.1073,-1.234,-4.8716,1.9414,-9.2407,6.934,-5.4383,2.239,0.8724,9.4647,-9.0352,7.4452,6.4764,-4.938,9.5307,-2.267,-1.4385,6.7707,-1.4369,0.3433,3.6003,-1.8927,8.6901,0.6715,0.5247,8.8004,-3.8187,-5.5364,4.3884,8.8248,4.9279,0.3147,-8.7598,9.9846,-2.6642,-0.832,-8.2444,3.0515,2.6171,5.2568,-6.4722,4.7619,4.08,0.0022,9.8587,6.0844,9.192,7.5786,-9.0855,7.9152,2.1854,0.1692,9.3059,-9.8105,5.118,9.8515,0.6427,-3.5006,-3.5681,2.595,-3.8773,-8.68,-8.748,2.5046,-2.59,-9.8622,-6.9662,7.2335,6.8837,-0.0937,1.9662,-1.611
8.0687,8.148,-5.4918,-4.1619,5.2464,-8.2626,5.5226,4.3205,7.4726,7.3925,7.9237,-3.2098,6.5583,4.578,1.4049,-5.8765,-9.1071,-7.8771,-0.9699,1.119,-3.7442,-2.3925,7.5794,7.9215,-6.0238,-5.3458,7.2166,0.0717,4.1995,-0.1016,-8.6215,1.8256,8.9715,6.6805,-2.0557,4.6247,6.0398,1.8055,-0.3471,8.8995,-8.7164,-1.665,-3.5451,-9.979,7.4599,4.8738,0.937,8.8764,7.0259,-8.1813,-6.4492,5.6964,8.1974,-5.3894,8.6634,-5.2058,-0.7854,-3.3576,3.983,-5.0021,3.425,0.2277,-1.3778,-5.3557,-6.9811,-7.4493,9.3259,-6.8377,2.2837,-2.4747,0.3072,-7.8164,5.3004,-2.4496,7.5817,-4.816,-5.0817,-3.7415,1.5249,-2.3541,-1.3186,5.8914,-8.3066,-0.9945,4.5,6.9112,-0.8189,6.1878,-0.282,7.4742,-4.0649,2.0307,-0.3919,4.8923,6.9355,3.9297,-4.9127,-7.1356,-2.6153,-4.7171,-2.7334,5.372,4.3261,0.7148,-3.3695,-2.8589,-9.6437,-3.6661,-3.6879,1.523,-9.3636,-8.5156,9.5419,3.9758,-7.2511,-3.6613,-4.869,-3.5152,-1.7197,-0.4006,-6.7467,8.2635,6.3103,6.7663,6.7703,1.87,9.0661,7.5633,9.266,-8.1435,-0.1969,-7.5693,1.8176,5.6288,7.7577,0.8869,-9.3319,3.4339,4.6836,-3.1075,-1.9805,-0.9601,7.5908,-2.689,-2.5492,-7.0334,-1.3699,0.8928,-1.4348,6.4539,-0.92,2.2585,-6.4856,-0.3865,4.1574,-4.354,8.1404,-1.925,6.5355,3.2015,5.9435,-5.4678,8.0985,-6.9338,2.2797,-4.3613,6.0484,-2.0967,5.7822,-0.317,2.412,-7.0602,5.4829,-6.092,1.271,0.5337,-3.3395,7.3945,8.17,6.5818,-7.605,-9.4369,0.2601,-0.9514,7.4003,6.1012,-5.0928,8.9257,0.2208,6.5167,-5.789,-7.1657,8.8527,-0.5576,2.925,0.6956,3.9074,-7.731,8.0521,5.7773
-1.337,-0.4456,-4.0743,0.3575,0.88,4.2041,8.5542,3.1093,-1.6773,2.3093,-4.038,-8.0286,3.4287,-6.6792,-3.0632,1.0896,2.7248,7.6171,-5.6855,4.0087,7.8292,-9.3066,-5.0283,-2.2597,6.0735,-9.2476,1.7372,-3.9315,-4.9981,3.3612,-3.3595,8.0918,9.9097,-4.294,-7.7883,2.926,9.5201,1.4195,-4.5768,-7.9154,2.0079,9.5736,1.6631,7.7974,8.1704,-8.9388,-8.3564,-1.6093,-8.7198,-6.1149,-8.2553,-0.096,-2.5951,3.9432,-3.4705,-2.3522,-3.5009,-0.6691,5.9678,-1.288,-5.2591,2.7394,3.394,6.1386,-9.878,-7.3815,8.2348,-4.868,-4.5893,0.9084,-4.2381,-2.059,-8.8838,6.5905,-2.9445,7.2325,-3.2192,-9.6845,9.6087,2.0275,9.2708,-8.3036,9.8413,4.9164,-0.1069,8.8385,-9.463,-9.0293,-9.9057,-5.27,9.1811,-1.7666,2.7689,-8.0734,-1.4104,-1.5505,3.4714,2.1135,2.3678,8.9676,-6.8701,8.0174,-6.1633,-3.7369,4.2372,-8.1824,-4.6632,-8.891,2.7369,-9.703,2.8698,3.2191,-5.425,9.0257,0.1948,-3.4604,-1.3599,3.105,-5.3598,-7.018,-9.4097,-7.628,1.268,-0.874,-7.3401,-3.7822,-9.9288,-8.5744,5.9528,6.869,-0.0834,8.4053,7.963,-9.478,-0.209,8.3727,-2.0311,-2.0239,3.4988,3.2225,-5.7366,-5.3487,-6.7787,7.4075,-1.2948,-6.6592,3.7186,-6.2256,5.9467,0.0942,0.1618,0.4239,-9.5813,4.2128,6.9915,6.3776,7.4428,1.6939,-2.7291,-9.6462,-9.8773,-0.7245,-9.3977,4.5748,5.9117,-2.3512,-8.7129,7.7992,-4.8638,3.7359,-4.3796,4.5012,-2.0524,-4.4802,-4.2361,-0.0501,3.0257,3.7053,6.3549,1.8727,-1.8122,-2.0355,-4.8944,9.038,4.7193,-0.142,6.5137,4.8911,-1.1135,-5.916,0.1028,9.0773,5.1135,3.1842,-3.2233,-4.7167,0.5831,-6.8759,-1.5964,6.925
4.0153,9.8422,-3.2412,6.4836,1.5582,-2.4784,-8.1823,-7.5366,-8.7855,-7.3568,-3.8629,-6.7636,-0.1149,7.1222,4.9764,-3.6541,-1.0633,0.9114,-7.1363,-7.5171,2.267,-7.0267,5.5324,6.672,-2.7325,-4.7139,-4.0764,9.2135,0.2554,-6.5829,8.6858,-5.3369,5.5397,-5.6414,-5.7945,9.1752,-7.9096,3.4928,-9.5598,0.6696,0.632,1.5101,-0.4408,7.5477,2.342,1.3119,8.8218,7.499,7.7309,-1.5853,8.7485,-9.3738,-3.1636,1.707,-0.65,6.5866,4.0129,9.0857,8.6878,3.7945,1.2005,3.2998,-1.064,2.0665,8.8679,9.0168,8.3313,-5.4762,0.8932,2.8206,-1.3256,-4.4673,2.1944,3.9895,3.6336,-0.9914,-0.089,1.3613,-3.3882,2.1379,0.848,9.9849,-6.8976,5.8485,5.811,-9.4054,7.2272,9.0009,3.6995,4.743,6.1546,0.9363,-1.44,-9.7386,-5.8403,9.512,1.4325,0.7615,7.6631,2.7188,-1.5603,9.2281,3.1834,-2.1175,3.3747,1.3131,5.3562,-3.6121,8.6821,3.5519,-6.8745,5.8783,1.4045,3.769,-0.6867,3.6163,5.4309,-1.4478,-8.6652,3.1891,9.5611,-7.2112,-6.4026,-8.9638,-9.0756,-0.8208,-4.4774,-7.1193,9.3477,5.4106,3.7793,-8.0435,-7.6711,9.8965,-1.2574,-8.9801,-4.4128,6.0437,5.3827,4.2498,9.8926,4.6115,-1.5133,-7.4109,-4.6624,4.579,3.529,0.5699,-3.1604,-4.727,8.0242,7.2979,-9.062,4.1517,-5.6854,0.9721,1.8304,5.8473,0.7702,9.5989,-9.8477,-8.4465,1.7145,-1.3592,9.9845,-9.8589,-7.6232,2.0883,6.8871,6.4743,8.0308,-4.4976,3.6697,1.2153,0.1934,-7.0871,-4.0086,3.555,-8.789,-2.5007,-7.9658,1.7066,6.7884,-1.8546,1.7255,-7.2224,-4.4943,-4.4083,0.3352,1.2288,7.6756,7.7272,6.3658,-6.6606,3.084,5.6799,1.6933,-6.0618,8.7744,-3.6362
8.5749,4.2275,-3.7178,-6.7203,-5.3475,4.8456,7.0664,-6.7731,-7.6752,4.3711,7.3448,-0.5733,-9.3634,-7.9906,-8.2329,5.7069,-5.7516,0.7793,-3.035,-4.7886,-8.3354,5.6151,7.1219,0.1304,-3.9982,2.7697,-0.1742,-9.6384,-5.0119,9.5096,-8.0125,-4.9943,-1.8658,4.3553,7.4359,-7.6657,-1.883,7.319,3.6194,-8.1586,-8.2338,-9.1576,1.6403,8.8205,9.9268,-2.335,2.4772,-0.7966,-3.0353,0.5762,3.5636,8.2122,-4.9754,2.7662,-0.5709,1.7148,-1.8361,6.1023,7.3287,0.1505,2.2444,9.2607,-4.9575,2.6345,-0.7336,-6.779,-8.1201,1.6816,7.7276,9.4889,-2.3627,7.2937,-1.3185,2.4718,5.4047,9.4986,2.4917,0.9712,-0.4039,-7.2098,-6.1069,1.0843,-2.5266,-1.8174,-5.7292,-2.3962,-2.8231,-9.9168,8.1473,9.2276,-4.9623,4.1603,-7.9462,-6.3627,-5.2702,5.1342,-1.0426,7.9689,-7.1495,-3.4497,1.9942,-9.6022,1.6573,-6.2651,6.5433,-1.1868,-3.7403,7.5871,-2.3554,0.5372,-5.4601,2.521,-8.6149,5.674,7.8012,5.0086,-2.7816,3.284,-8.8727,7.1741,8.3592,-5.9304,-6.3153,7.6252,0.7108,-6.9711,0.0899,-2.0247,7.7723,3.1182,4.7632,-9.5673,3.6603,0.0333,5.5391,6.8191,9.8537,5.7218,-1.0027,8.8083,-9.4841,-1.7792,-8.3684,-8.5187,8.449,-9.2156,8.9285,-2.0619,-7.5463,-9.6257,5.0333,9.9658,5.5141,4.0632,7.9861,2.4994,7.1056,2.6168,-6.9264,-6.7362,1.8701,9.42,-8.7975,-8.0565,6.795,-5.7074,6.5055,9.864,4.339,3.1303,-9.4584,-6.4362,3.3482,-2.6966,-6.2186,-6.3084,-3.5446,7.0563,-0.7644,-5.7995,-4.5738,-8.8364,5.1843,-3.6207,-4.9445,6.4601,-6.0482,-9.0384,0.3244,7.2306,1.7043,-2.394,3.9804,-7.9188,1.2137,-5.8148,-7.0106,-9.7454,0.8583,7.7757
-7.4148,-7.7152,-7.0475,-7.4314,-0.861,-3.2235,-9.1987,-0.0075,-4.1947,5.3294,-6.971,2.7299,2.2427,-1.8278,-3.0516,-9.3256,-4.5742,5.7877,-8.8716,-9.7148,6.4067,-8.0614,-2.5214,-8.2267,-3.6362,-7.5952,-3.035,-0.9882,9.3394,-8.1046,4.9852,-1.9319,-9.4378,9.0944,1.5318,-5.9043,-1.5757,4.0604,2.6074,-6.1805,5.1427,-6.3379,5.758,4.354,8.0578,-9.7137,-7.6954,0.6076,1.8738,-7.2388,-1.1415,-1.8498,-0.9532,-3.8738,-4.168,-8.9541,-9.8392,-5.6903,-6.8074,7.8683,1.9167,-2.4852,-1.394,-4.9756,3.0574,-9.2619,-9.4613,7.6664,-5.7723,-9.848,8.7139,-9.6673,3.9259,8.3367,-5.455,-9.8193,-8.3769,8.9196,-9.3955,2.1907,-7.5386,-5.6699,9.8694,8.8942,-2.9558,-4.8225,7.137,-8.9677,-6.3476,-0.5349,-9.1972,0.3407,-6.8823,7.8659,-3.8838,1.7971,2.5922,3.0091,-5.2937,-6.4111,-2.0325,4.9051,8.1313,-3.0972,-8.9242,-8.3337,0.6907,7.6497,-2.3711,-4.7773,-5.7276,-1.8089,2.3013,-0.8218,1.4682,-3.3283,-9.5608,5.1284,-6.4318,7.7767,0.5332,-1.1767,5.4302,-7.0648,4.5331,-7.1871,1.8159,5.0595,5.0667,-2.567,-8.102,6.0459,-8.4847,-9.8393,6.1215,1.1688,2.287,0.2561,-1.0042,-6.2461,-5.9257,0.5415,3.9384,8.1214,3.5171,-2.7903,-7.0353,-5.1621,2.6361,2.3673,-7.446,-6.9092,-3.612,-5.9814,6.6514,8.3258,-7.8816,-7.2371,-3.4694,4.1108,6.3262,4.6221,8.0366,-1.1093,-1.1857,7.3282,-6.7729,-7.3692,3.5946,-2.0353,3.2111,9.9744,6.7264,9.4525,8.4205,-4.1189,-8.3215,2.9116,5.7945,4.4144,-9.9106,-1.3183,1.7692,6.6122,-1.0208,4.3798,5.307,-3.6691,9.7756,9.9223,0.3158,0.0755,-3.414,7.2921,0.9828,7.0262,-0.3936,-8.3773,5.3706,-1.4832
8.5747,-9.8516,8.3235,0.3765,-2.9363,-9.6106,-8.8569,2.8032,9.5268,0.6976,-2.6528,0.3459,5.3545,0.9322,-8.1327,-6.7386,-5.1113,-7.0526,9.9912,8.693,7.8556,5.1013,0.1319,-2.9869,7.8988,8.6285,9.3942,9.8744,-5.4684,4.7136,-0.1882,4.7304,-2.1085,2.2082,-4.7947,0.1571,-4.0317,-9.2062,7.3372,-2.0812,3.1602,-3.9228,-9.5809,-0.752,-3.2657,4.8404,2.5537,-0.3747,-7.4175,5.5027,-3.1425,9.0691,4.5015,-4.8913,7.6369,-8.7167,0.3908,-0.5405,1.1855,2.0515,-6.8887,-3.1659,7.4507,-5.2471,2.5754,0.1869,-7.8023,6.6664,1.5753,-5.0171,-9.555,0.0379,5.7736,-5.0193,0.7785,3.4116,-8.2255,-9.4738,-1.3508,2.4822,9.4103,3.6967,-9.9883,8.8002,9.7592,7.2271,-2.7528,9.6633,9.2886,6.7485,0.1826,-6.5839,-7.3083,7.4066,-0.7112,-1.7068,8.3769,7.3301,-5.1627,7.0643,1.0425,7.0999,-1.4913,-3.0195,-0.1634,0.3329,0.6767,-7.5845,0.4591,3.689,9.6162,-0.2645,-9.406,-7.9007,-3.9757,-2.3713,-6.1842,7.3322,-1.9196,6.8912,-0.1184,5.3618,-5.6216,9.2861,-3.1879,-9.3641,-6.9438,-4.1317,-0.8438,-5.3236,-4.931,-3.6809,-0.0521,7.1102,-7.7091,-0.1994,6.7981,2.6724,-9.3025,-7.62,-5.6067,-3.0483,8.0751,-2.8541,4.5359,-8.0301,-8.5217,3.1146,1.8603,4.676,3.2871,5.7898,5.4127,-8.2324,-1.1587,-1.2047,2.1283,-5.5202,-7.604,3.6,6.3904,-3.1327,8.1363,-6.9425,-3.8962,-2.7708,8.5258,4.6633,6.2789,6.4135,5.2101,8.7657,-7.9252,7.1274,7.5459,2.2976,2.3016,3.9291,2.8067,5.9364,-7.6256,9.5009,-1.5895,-6.054,-4.6599,5.5829,-5.7309,4.5688,-0.98,-5.3116,-1.6517,-6.4217,0.5659,-8.6484,-0.3049,-2.7089,-0.2418,2.2531,6.5349,1.4708
-2.3193,3.9938,-4.8082,6.4922,-2.0475,3.064,4.736,-9.3264,-9.9791,7.5013,7.1577,8.1593,5.1322,-0.3579,-1.3634,-0.2809,9.5793,-7.771,-3.9052,4.4012,-3.4405,-8.6457,0.7648,-0.9314,-1.4054,9.887,6.2744,-5.3939,4.848,-5.5467,8.0221,-4.575,-3.0018,1.5111,7.9857,1.9917,0.9013,-1.0474,-8.3478,4.9321,-5.1749,5.3246,-3.9674,-6.1094,-3.6825,-5.6839,-2.8016,2.2816,0.2702,-5.1579,-0.1141,8.8298,-5.6482,3.1927,-5.5365,2.2523,-8.4588,-3.9203,3.4597,-2.2409,5.8531,-0.621,-5.7481,-6.0645,-9.7656,-2.8865,1.9594,-7.4942,8.4362,-1.1072,5.709,-5.2818,-8.0508,-8.2917,-3.5938,-1.9911,-9.4273,2.9585,-4.8964,8.4514,2.0665,6.6061,-4.2485,-8.5436,-9.7884,0.6662,-1.3314,9.272,-9.9115,-0.9826,-3.9877,-8.5997,7.5079,3.2117,-9.8651,-1.532,-4.274,-2.906,-4.3463,8.165,9.5815,-8.8058,5.2,8.6023,-6.5322,-6.0542,9.18,-0.6778,-7.2018,2.8076,2.7839,1.8499,4.2503,1.6944,-1.6194,-0.2094,4.524,-1.4471,-5.56,-4.7832,-1.2824,-7.7138,-4.1162,7.3099,-4.4021,3.8844,-8.61,9.6927,-8.152,0.7426,4.0981,1.9392,-7.2747,6.141,-5.7488,-9.4897,-5.5029,6.4618,9.6168,-6.529,-7.483,-9.938,-0.3238,1.1693,6.7748,4.0518,-6.8218,7.3682,6.8066,-1.8517,-2.8321,6.9197,3.651,2.2528,5.0979,1.1597,-4.2482,-2.4375,-2.7685,1.0689,3.6067,1.9174,0.5441,1.9789,-3.3488,-7.0908,3.2016,-4.3748,-8.5115,-2.5414,-4.8244,-0.6378,3.2082,-6.9707,3.9954,-1.6134,-5.467,-8.8745,8.1079,8.6377,0.4276,7.9256,7.6283,7.3402,-9.4369,-1.3373,8.0387,7.7077,1.4113,-6.7048,-1.7089,9.8435,1.902,-3.8559,-0.775,3.8192,-0.988,3.5911,-5.4904,2.8006
-1.6043,5.3631,-4.3689,-6.846,-0.0817,6.2813,-3.7891,4.6303,-9.7913,-3.4049,4.2703,6.7637,4.8048,-4.1999,5.0067,6.5643,-1.8993,8.3977,-1.0427,-0.6156,-3.2597,-3.871,-0.058,2.7156,-0.0996,1.2429,5.8846,2.5812,-8.2916,-0.357,-1.2514,2.5121,7.9854,-6.432,-9.4479,6.2925,2.9643,-7.6976,-5.5704,-3.4129,0.879,-5.3007,-3.526,8.773,0.7364,-4.4862,-5.4997,-5.3012,-4.8387,2.8705,1.8198,2.46,-1.9872,-5.6876,0.515,-4.039,3.3572,3.1178,8.6185,7.7726,-6.1807,-1.6251,-5.291,0.5952,-1.9038,-0.0799,-4.0633,-1.3425,-6.6131,6.9919,-8.8217,0.1545,-7.9514,-8.7509,0.4675,4.9111,-3.5134,8.9315,-2.8738,5.0551,4.5531,-8.2385,8.0332,-4.0973,-2.0837,1.6745,4.406,1.4882,-7.4633,-4.1249,-5.3653,1.0605,3.6239,6.8422,-4.2661,0.8022,6.8901,-2.0807,-9.3779,-6.6351,-1.751,-7.3841,6.4974,6.045,-8.2223,1.2622,4.9584,7.9595,5.8472,-3.172,-2.9427,-7.9915,1.3699,7.8828,-8.5019,-5.9977,1.5213,8.8908,8.1933,7.5529,3.5678,-6.5244,8.3741,-4.1409,0.9039,5.5645,-0.5247,0.5327,-9.5529,-0.6095,5.428,-7.533,-7.6086,0.4579,-3.081,-3.8834,-9.1193,-5.7408,-7.8713,-8.0416,9.2964,-0.5496,-0.0584,-6.3829,1.4233,0.839,-8.0153,-1.3921,6.9994,7.0249,-2.728,-4.6634,-9.4835,-2.5138,5.7876,-1.7897,5.9673,-5.774,5.6909,3.3672,-6.0413,-3.1549,-8.1454,-5.978,6.6457,-4.4084,-6.5649,5.3831,9.9297,0.1528,-0.3385,4.8004,7.8469,5.578,8.7044,3.8824,-1.1406,-3.1198,-7.6539,5.1398,-7.7201,2.601,-6.6187,-3.7472,-5.9304,-1.2647,-2.1361,2.5702,-2.1918,-7.3977,-2.4932,-7.1429,9.1531,-6.8717,-5.3328,1.2631,-2.597,7.1841,-6.8848,9.7807
-2.878,5.4395,-4.4436,-3.723,-9.3088,-5.1579,1.0518,3.2119,-2.6974,-2.5603,3.4731,-8.3885,6.7782,-2.7448,-4.5861,7.8681,5.6216,-6.0473,1.5529,-6.8536,9.4269,5.5919,3.8457,-3.9577,-6.3683,3.5478,9.809,-7.3419,-9.0958,5.2876,4.2448,0.7556,-2.7368,-9.8923,9.3534,-8.4641,-9.8005,3.6512,2.2324,-2.2157,-8.2236,-2.3917,7.5559,-4.249,4.1147,9.6346,-6.3875,-6.2668,3.2439,-8.5028,6.6585,7.3835,-8.8613,6.3855,2.5387,-2.0693,-6.4056,6.5724,-3.8004,-9.8947,-4.9626,9.8171,3.3718,0.3359,6.9486,-0.2076,0.4695,-4.592,5.0031,2.56,5.9395,8.8513,9.9135,8.6695,6.1011,-4.7351,2.4718,2.1694,-5.7115,9.8565,-5.9624,-7.4336,8.4805,-8.7418,4.0951,-6.8824,3.2998,-5.979,0.926,-7.9073,-4.7992,-2.3708,-8.5855,4.8985,-1.9891,-6.8298,5.5956,-8.8394,8.1541,-6.439,9.0867,-0.8647,-7.9833,-4.1496,-2.7372,-5.1019,7.5038,-2.2553,4.7232,-0.8334,-9.1038,-0.1896,9.3806,5.655,-8.5944,-8.2122,-9.1425,4.6417,4.9243,6.3101,-4.5929,2.3901,-5.7455,9.9366,5.3897,-2.7656,1.1117,8.1668,-0.5324,6.8814,9.1492,8.7491,-8.7047,6.7364,-2.89,-5.7208,3.7396,3.9758,-5.8142,-8.9445,4.3837,-3.5982,-6.4146,9.5476,-5.3427,3.9706,-5.1055,5.9966,0.6799,-0.7535,4.3286,9.9322,-9.801,-8.0637,6.5788,-2.0782,-2.0272,-2.9452,6.0377,5.4834,-8.7484,9.6059,-4.2047,-1.5168,-7.3593,1.5779,2.3032,-2.5518,3.7998,9.2953,4.1432,-0.8409,-9.7208,-4.8708,-1.8041,-0.3635,6.3081,-0.3106,5.2803,-8.3522,6.3461,1.7797,1.9451,-4.4357,0.3473,4.3853,8.1549,-8.2392,3.9325,3.1826,7.9524,4.6514,0.2395,1.218,-4.0596,3.9597,0.0094,-0.5778,-0.654,-1.6086
0.3858,4.8912,3.7553,0.6917,9.1196,5.4494,1.5212,2.6647,-8.1304,-0.8478,-5.2694,-4.4883,-0.7109,-8.5756,3.8063,-7.1506,-7.3912,-3.9851,9.1675,3.4866,1.1669,1.0216,1.8002,-7.1551,-7.3287,-4.6599,-4.9097,-6.2527,-5.724,-7.1837,-6.4817,-4.3007,3.0441,8.3186,-2.1234,9.2917,5.9814,6.1726,-6.1346,7.3863,-1.7482,7.5126,-5.8166,9.6491,8.3322,-6.6435,-0.8298,7.7154,-0.1295,8.7774,-5.1745,-7.297,5.7297,-4.8228,5.6727,1.2895,8.7732,-7.6476,1.6971,1.3506,-7.4333,-2.8858,-7.5848,4.3226,-0.1381,2.2415,-5.3076,-4.2142,-7.8094,2.0811,-7.8254,-9.859,-9.9828,-2.5955,5.1675,-8.2025,4.0593,9.2124,4.4164,4.412,-3.4963,-2.8168,-1.8786,9.1853,-4.0111,3.3819,2.4661,-5.4074,-4.3542,-6.3167,6.4422,-5.9508,-3.2938,-7.1263,-7.5133,7.4192,3.6615,-9.9632,-3.1686,-7.3159,2.8963,-3.8186,6.6067,1.9766,-4.2845,-7.3023,-1.7754,0.4829,3.7338,9.3172,-5.619,-3.4235,-5.3298,-9.772,-2.535,4.3049,-1.7384,8.1587,7.8885,6.5392,4.4309,-8.4244,-2.0815,-1.3325,-2.2624,-4.2006,-6.8729,1.0842,0.8319,-6.5224,-7.4413,-3.98,0.4155,-9.4282,8.6321,-4.2437,-1.4602,-5.0443,3.6468,-5.5464,-3.1632,-8.3184,-9.2409,-3.0152,-7.6062,1.366,5.5122,4.3786,-1.5022,4.8541,7.6262,-7.9954,2.2163,-4.3317,4.5524,5.4247,-8.9362,-4.2192,2.5887,-8.7619,-4.6212,0.9619,-5.4392,5.7363,-4.2718,-1.4454,-4.6596,2.7057,5.2675,7.6603,-6.8085,0.4637,5.8845,7.7311,3.5381,-3.0363,-7.9378,1.7619,1.232,2.69,8.2117,5.1234,-9.81,8.882,-3.6724,-3.5072,-3.0763,7.4203,5.3612,4.5209,-9.5703,6.6419,-8.8063,-1.0529,-1.7258,-5.4577,-6.9318,-7.6236,0.7203,-7.9425
-4.5979,6.5473,9.9049,9.2449,0.8679,-7.921,1.9937,-7.4828,2.8405,-5.4792,-0.1758,0.4687,-8.5805,4.5202,-9.0289,-5.1615,-6.1121,0.7745,-9.8702,2.6571,-4.0523,4.9311,-1.1761,-3.4451,7.0396,-4.6844,-0.2942,7.1385,-8.3396,8.4571,-6.1941,1.7635,7.6286,-9.705,-1.2767,3.9995,-9.8586,-4.738,8.7301,9.3429,0.5887,1.1595,-9.1443,6.9119,2.9824,0.6335,7.1144,9.791,-6.8187,-0.3344,5.9698,-6.0492,7.8827,-6.5792,-8.017,-2.2655,2.0626,-5.1162,-2.7482,-9.0374,9.96,5.4019,-8.8111,1.7665,2.7946,8.1874,-6.9809,-6.1507,-4.3845,-8.507,4.2999,-6.591,6.2973,3.0873,5.5277,0.0169,-9.751,-1.4407,1.0591,6.267,-1.9283,-9.946,-0.0362,1.6163,9.4066,5.7776,6.6822,-2.1747,6.4299,0.8913,8.6317,5.8152,-9.0074,8.3218,-1.2407,7.0726,-1.2845,-4.9601,9.9341,-1.7369,8.4137,4.1248,-5.3149,-5.6626,3.9684,-0.9353,-8.4955,-0.8664,4.8602,4.7051,7.9838,3.24,4.4826,-7.4845,-5.2715,3.2096,-7.1397,-3.1662,-5.766,4.5926,9.8358,5.7013,-6.8345,0.22,5.6006,-4.0507,4.5245,-4.8967,5.3054,-9.507,-4.8688,-4.9426,1.6328,6.5289,-5.9054,0.1915,-2.5453,-1.5953,-4.4845,9.3548,7.2966,-9.5504,8.7365,-0.5839,3.0497,5.111,-9.1297,-7.8535,-8.7383,-3.5739,7.1265,8.0874,-2.6332,9.5513,-9.9634,-8.963,-3.9155,5.4299,6.7544,-3.2913,1.2508,-8.833,-5.6493,1.7296,6.3319,-9.3074,0.2183,-5.0418,-0.4204,-3.0863,-4.6933,3.0267,-4.844,4.0538,3.7447,2.7621,3.8743,-0.4291,-8.6718,-3.5309,-4.775,5.6375,-6.5295,6.6989,9.0647,9.6347,0.2298,-4.0306,3.1723,2.5616,9.0872,-3.8151,1.2185,2.1678,-2.4629,9.6709,8.0902,6.026,7.8979,-1.5987
8.5179,-6.5107,8.0354,2.2565,2.286,1.5141,3.1896,8.5001,-1.9879,-3.5163,6.8208,-8.4361,2.3909,7.9589,8.8736,6.9494,-8.5666,-2.1876,2.6182,8.6525,8.3181,7.6397,7.4072,-4.6772,1.3075,-4.5681,4.89,-6.5147,-8.0245,-7.455,1.712,8.7803,0.4829,-9.2406,-0.4363,3.9317,-3.7466,7.304,0.1761,8.0496,6.186,-4.2538,9.7338,0.4834,6.259,-1.0975,-3.6019,0.1986,4.3528,4.8326,3.3131,-4.1815,0.5376,-2.7334,-5.9926,-9.2009,9.1486,9.1335,-2.7402,3.445,2.5733,6.065,-9.2605,-8.4718,-6.303,7.5838,-5.1814,1.9339,0.0742,4.3887,0.9673,3.8165,-2.1387,9.947,-0.4688,8.4326,2.0086,1.9785,-1.3502,-3.2235,9.5924,8.635,-1.2358,-7.6526,-8.3088,3.6569,5.6804,5.8855,-4.1558,-1.4957,4.6211,2.6857,-3.0808,5.5317,-7.887,-3.9027,-2.7281,-5.7767,8.6644,3.6428,-7.4078,-5.8047,-5.9271,-7.5353,3.277,-1.1809,2.0997,-9.501,-0.151,-2.1179,9.2793,-7.1396,-7.5506,1.3799,-1.7281,3.0709,-8.2112,-2.3462,-2.2038,-4.5875,4.6995,-0.3535,-4.7438,-0.8495,4.1792,3.8627,-3.7649,7.1669,1.0361,-7.783,-0.9091,1.7455,1.9188,-7.6217,8.704,-7.0626,3.1813,5.8348,5.4134,0.7148,-5.1117,-3.6119,-4.1251,8.5586,-9.1486,7.9026,-1.5751,-8.4978,-8.5435,-7.1304,3.8013,8.2824,-0.4481,2.8359,-3.3388,-7.6174,-6.0214,7.8172,4.3669,7.8485,3.0396,4.0424,-0.4362,-5.2068,-4.7532,-5.8197,-7.3594,1.2802,-7.5258,-9.0499,-0.9987,-3.3749,-4.7891,-0.5311,2.6459,2.1045,-4.7541,2.4584,-3.8838,9.2409,-4.7584,1.4543,-3.6763,-4.2658,8.5857,3.7747,-5.6524,0.5457,8.2294,5.9198,-0.402,4.9723,-9.4181,-6.5711,-5.5328,-3.4939,-3.1324,5.0871,-6.0608,-6.0096
9.2934,5.9013,8.3897,7.753,-3.7234,-6.2108,0.7671,-8.3942,-1.5863,3.8509,-1.9075,-0.9394,4.7605,-6.2068,-3.3586,-6.8386,-7.794,9.267,-6.4866,-9.7653,-2.3476,-8.7828,3.0197,5.9659,8.7617,-5.6498,5.6882,6.5361,6.5117,2.6723,-0.0787,-0.7072,-2.1797,-4.376,3.6742,5.5236,-4.7507,-8.8062,-5.7734,-1.6472,-5.0868,-7.7384,2.8078,1.1839,3.7862,1.7106,8.0315,2.4531,-8.9471,5.5613,1.5893,-5.4232,7.2267,1.8517,-9.8241,7.0275,5.9237,9.9736,7.5457,-7.1656,-3.6226,6.12,1.4503,-7.21,-0.1743,3.8257,1.8529,-1.4951,3.4639,-8.8434,-9.4125,9.6473,-8.8684,-3.2148,-3.2447,4.4932,-9.4408,-9.1951,8.979,6.8792,-1.5967,-7.8059,9.4302,2.3887,-0.0133,0.3878,-8.4993,1.113,6.1953,-7.2298,-9.4194,-6.0596,2.8485,-6.6113,0.8887,-0.1345,8.1226,2.2272,6.0382,0.3565,9.4475,1.6946,-4.9513,6.3516,-2.399,8.5267,-6.543,1.3433,5.3825,4.2599,-2.1144,-0.6823,-6.9704,0.7381,-1.4602,5.3784,3.6841,-1.6562,1.3703,-5.4877,1.6733,7.5459,-9.1046,2.6848,6.5731,8.9218,8.7884,-8.6314,5.8875,-2.5668,5.6474,-4.176,4.3117,-9.86,-6.2523,8.9609,2.0694,-2.7061,7.4693,1.1962,-6.1245,9.5169,-2.0876,-6.2941,-2.1113,7.4064,-8.0937,5.1392,0.8585,-9.0121,-5.7884,6.889,-4.3808,6.2716,-5.4821,-0.8316,-6.3436,-7.2349,8.5481,-7.3104,6.9535,6.7191,3.2606,-7.0991,-0.0069,2.5981,-8.4998,9.5797,1.782,-0.5113,1.7193,-7.9989,-7.8405,5.6874,-1.7475,3.2123,-3.3243,-5.1044,4.3064,-3.2939,-0.362,7.9392,-2.0573,5.5027,-0.0495,-7.2581,-4.8773,-0.5768,-0.8667,7.0528,-0.9679,0.7771,-8.2238,-6.4343,4.1049,2.4538,4.9775,-5.4915,5.0205,5.2244
7.9716,-5.2026,4.8087,-7.3876,7.4108,-3.4406,-7.3865,-7.191,-2.507,4.592,4.2159,5.9776,-8.5116,-6.8083,-3.0169,2.3325,7.931,-2.1209,-4.9671,0.9449,0.6755,9.3753,-9.4983,8.9749,1.2211,-5.6375,8.8188,2.0448,9.4865,4.0706,-5.0889,-4.7529,-9.4871,-3.4796,7.6888,-1.3589,9.6392,-1.993,1.3884,9.5398,1.5049,0.8095,0.2121,-2.8067,-0.6066,0.5831,1.7821,-9.0812,-0.0044,-4.639,-2.9716,0.2648,9.0105,-4.1215,1.2841,8.7268,9.2857,-9.5151,-1.9525,-0.2415,0.5952,-3.6771,-4.6445,-0.8605,0.3904,-8.5868,8.5166,4.5755,0.0904,-9.0033,7.7278,2.9241,2.644,-6.86,0.3936,0.348,-4.9949,-7.9648,-9.1192,7.8686,-2.8451,4.6269,-0.6523,-1.7732,-8.4768,-8.5565,8.427,-8.5575,8.3141,5.3939,7.1082,8.5841,0.5855,5.4046,1.55,-3.3676,6.0892,1.4063,9.6365,-1.6328,4.5294,-9.7897,-1.0648,6.006,1.5721,7.7499,8.7752,6.7483,2.4076,1.488,-2.9669,0.8645,-0.5173,2.5883,-0.4024,8.5171,4.8813,0.9186,8.9959,-2.667,9.7791,-8.345,-8.2892,-9.4781,-8.7401,-1.333,3.0875,7.0194,-7.6587,-3.5185,8.0843,-3.0641,-1.3399,-9.4534,2.4007,-5.4287,6.2782,9.175,4.06,2.0544,0.9437,2.5919,1.3486,-2.59,3.3999,-9.5334,8.8474,7.8817,-6.8535,-8.6934,0.0079,3.2212,1.9082,-4.8256,4.3092,-9.8619,-9.0874,-9.9878,7.1296,-6.0859,7.606,9.5602,8.356,5.6814,-2.8353,-6.7057,2.669,6.1775,-7.5218,-9.38,-6.2665,-9.3022,-1.3449,-7.3066,-9.1191,-6.0511,-7.2041,-5.7121,-6.8958,4.5461,-8.3376,-8.5933,0.2411,-4.6902,3.3574,-9.2687,-6.5475,-0.3278,-7.8725,-3.1341,-1.2308,8.6871,-3.691,-1.075,-9.4374,-5.9361,1.2408,0.0769,-6.4699,9.6926
-3.5829,0.713,4.0473,2.5486,-6.4994,1.9817,0.95,-7.0727,9.481,-1.9204,8.8099,-7.662,9.2902,8.9964,-1.3013,9.832,5.4944,-9.3407,-4.2961,-8.5695,0.0655,3.4669,-9.0532,-6.5208,-0.533,0.4738,-6.4513,-4.3678,-5.3215,5.6711,-7.3399,2.2498,0.638,6.0685,1.0001,1.3963,7.9328,-6.7704,-1.4546,1.809,-5.8812,-8.6968,-9.4367,-9.4173,9.3927,-4.2206,-2.039,-6.5812,-4.0583,-1.6591,8.3333,5.6354,-5.7591,-2.6778,3.858,-3.6068,5.1165,6.0,-6.2339,-9.5842,8.2139,2.9523,6.6594,0.8347,4.1292,2.0237,3.5423,4.4002,0.3082,6.04,6.4486,-9.0024,7.8531,4.2747,1.0374,-1.849,9.8547,7.3466,-6.7028,-3.4846,7.976,-3.6416,7.869,-2.4181,9.6214,9.9882,1.7925,1.1219,6.5316,-3.4509,6.967,-5.5918,9.521,5.3283,8.4218,-7.7405,6.2715,-5.6554,-4.1852,-7.7923,-0.9449,1.5682,-2.9541,-9.8729,1.1485,2.7838,-9.2649,9.3199,8.1257,4.1923,3.1879,-6.036,-2.9437,6.9084,5.5903,9.167,0.3844,-9.4099,8.4775,-5.9888,-7.3247,-3.3558,6.3931,-0.5718,-8.9612,-2.143,6.8578,7.5096,-2.0575,3.5667,-3.9513,-4.1713,-8.3458,-0.2879,-3.4377,-7.0495,7.3708,-6.5372,-2.1898,9.0101,2.6264,4.5335,8.0836,-0.1136,-2.4564,3.0694,-1.3068,2.5525,0.4362,-0.7685,0.8949,-0.1002,2.6312,-5.3011,-9.0466,-6.6414,-2.337,3.2773,8.2597,3.634,2.2853,-8.0778,7.9258,0.433,-3.2229,-4.8579,-5.5599,-9.7616,0.2727,-7.0946,3.1827,-3.9327,5.0913,0.9722,6.6303,7.1652,8.338,-4.575,-7.0775,-2.5917,-5.1691,2.7433,9.1165,5.1284,-9.4541,-6.6523,-6.3211,0.7241,3.5297,7.6251,-2.2737,-5.5126,8.9219,6.8984,-0.1699,4.3577,0.6679,8.2024,4.73,1.4152
3.8647,-7.9366,-2.2591,-5.7015,7.5492,-6.3865,-1.4203,0.4055,-3.2532,-6.8913,-9.8566,-4.7493,-0.3633,2.8963,-1.6321,0.168,-0.9693,9.5576,6.2612,-9.1225,-2.6128,-4.2618,-9.0006,-8.0476,0.0371,2.4316,-1.2016,-2.3394,8.8029,5.1891,-8.2944,0.2544,4.0136,-0.1667,5.0792,-9.9535,-5.2334,-5.3459,6.1808,-6.2195,-4.9846,0.1226,1.8555,-7.0482,8.3262,2.9143,-9.3557,-2.3631,2.4995,-5.0921,2.9265,2.3567,4.5171,-0.2846,2.0543,-3.1193,6.1495,-8.712,-3.1128,-3.0828,-8.5081,9.0852,4.7803,3.1118,-4.2779,-9.9084,-1.5272,-2.8812,-5.3365,-0.2272,-7.4523,2.0784,-2.9917,-8.6591,6.831,-6.242,-1.8544,3.1545,5.6872,-6.1881,-0.4743,-5.5839,-7.4661,-4.7013,-9.9926,5.6742,-9.5113,-0.9468,-7.2298,-3.4001,4.8113,-1.1575,1.3265,9.9585,7.0343,4.3343,7.3678,4.2972,0.2195,3.9183,4.0912,2.3199,8.9101,-6.9395,6.7167,-1.2962,5.0006,4.1827,4.9176,-2.8217,-8.8999,5.3009,8.1263,4.2071,0.696,-8.7283,9.337,4.3354,5.4989,-3.904,5.2335,-5.0964,9.003,-4.5456,-2.8386,0.7247,-5.3112,7.6831,8.5704,5.0535,1.3497,-3.5136,6.9378,2.5044,-3.9995,-9.279,-0.7378,4.9578,8.9311,-0.2143,4.1641,-6.0644,0.9244,8.6989,-2.7241,-7.4421,-1.8067,-0.4469,5.5467,-7.5588,-0.1626,0.1262,-1.9772,2.3785,0.0185,1.243,-7.0144,1.2172,4.5216,2.1169,-4.6263,-4.3342,-7.9883,4.3615,-8.113,-3.5902,0.6418,-2.3016,-7.8386,-5.2635,-3.548,-3.25,2.0279,-7.59,0.7216,9.4452,-2.2448,3.5185,1.6569,-3.1127,-5.7508,-2.7733,-7.3844,4.5457,-6.5963,-4.4649,-2.2616,1.2908,-5.3121,0.0875,1.7855,8.4479,-7.214,-3.3488,5.5892,9.3343,6.0382,-3.2838,-0.5975,6.8174
7.0741,-7.3033,-1.4188,-3.6916,0.277,0.5152,-0.9819,1.5787,0.1007,-9.0781,5.9998,-2.6514,-1.4656,-8.0052,8.2935,-2.0061,-6.5041,0.9808,0.3634,-7.3002,9.4981,1.2365,1.2544,5.6002,2.2373,-2.6787,0.069,-3.4417,3.7319,-9.8044,3.6756,-0.2652,-9.7651,-8.795,7.4658,-5.0666,-7.3653,-2.5372,-8.471,7.9447,-9.0629,-8.7934,-0.8979,5.3376,6.3922,1.9516,6.2887,1.56,-9.1754,-7.0207,6.1208,-1.6214,6.077,-7.2219,0.6433,5.3522,-3.2511,5.7781,-2.0147,3.0675,1.0068,2.2413,8.3288,5.5731,8.7839,-0.4606,9.2393,5.6092,-2.3182,0.7702,-7.7274,-6.7063,-4.2692,2.1533,0.5777,2.1211,-3.4327,-9.702,0.0017,2.316,5.83,-6.9319,6.0964,0.2373,6.266,1.8056,-1.9918,-7.2688,-0.4129,-0.38,-1.4583,4.174,-2.7373,-7.9185,0.99,2.3073,6.5705,-8.7865,8.2864,-7.8933,-9.4722,-2.4485,-3.4568,-5.7843,-4.8121,-8.5316,-1.6783,2.9456,9.9165,8.5009,9.9027,2.8932,-5.2007,-7.7085,-4.4149,-0.8919,-8.9935,-9.5588,6.6247,4.1306,-3.395,0.7694,-9.1432,7.3124,3.6601,3.2055,-9.4517,9.7274,4.7074,3.2043,-7.6764,6.3651,8.5095,9.7831,9.3833,4.0712,-7.6511,0.968,-7.8932,-9.6653,3.818,-8.2114,8.0962,-9.5031,-6.9768,-0.5485,3.0524,-7.5445,-1.24,-1.9413,-2.7725,-6.4318,-4.1874,-7.3618,9.2449,0.7331,6.7012,7.8944,0.1935,-1.2662,8.0061,-6.7989,-5.0606,3.5738,0.3293,-3.0252,-0.3495,4.5036,5.8467,4.9932,9.426,3.9209,-8.9315,-8.9964,8.544,9.1188,9.4396,-4.6462,4.0324,-8.2855,6.9686,7.977,-8.7926,5.3636,-4.7871,1.0609,-7.5024,3.0092,0.4435,-3.3903,-7.6333,-0.9017,-7.8239,0.988,3.4053,-3.3488,4.8096,6.1963,9.3615,8.6435
7.4331,4.8576,1.4463,6.1006,5.5727,-1.6675,8.7154,7.8577,-6.906,-2.1087,2.5795,-0.9721,-5.0179,-2.763,5.6014,7.9662,4.8586,6.9447,1.2549,-0.343,-3.2865,8.4309,3.3393,-2.1879,-4.7397,-9.671,-4.8281,-8.4567,7.2909,-3.4821,5.8951,-6.6456,4.3017,-9.5334,6.4642,6.4246,0.6199,2.5504,1.3474,8.2405,-1.6173,-0.3863,-0.6463,7.3601,-1.2163,-4.9088,6.6385,-5.523,-3.6617,-3.7947,8.7082,9.453,8.4827,5.3409,3.5001,-7.7122,6.6619,-1.9562,-6.1094,0.3958,0.8378,4.8622,-7.6458,1.4554,-4.7294,-6.0593,8.2069,-7.0939,4.0374,3.9903,-3.7823,6.6775,-5.6371,-0.7284,-5.7334,-3.1002,-7.7471,-7.3341,8.0374,2.7701,-7.5112,-0.1724,-5.2776,2.89,-5.626,6.3258,-2.3696,2.1575,7.233,7.526,-3.6482,-3.6512,-1.6316,-4.7347,5.6529,-5.8057,0.7052,6.4284,3.2191,-6.5689,-3.9281,-3.7765,-2.3846,3.1144,5.6378,5.9423,-8.6131,1.345,-0.6467,-3.7859,2.0291,-8.6063,-5.0585,1.2383,3.2714,-6.9859,-1.6695,-6.0191,-4.2495,-8.1506,2.2619,5.0383,-1.2948,5.6998,7.5834,-4.2793,-5.0517,-8.3556,-9.8242,4.3173,-6.9892,5.3768,-6.1372,7.4569,-9.57,6.8876,1.2757,-2.3563,-6.6944,-1.3632,4.35,5.1863,-2.8831,7.0491,7.8229,-9.3397,-5.7972,-5.8102,-6.7837,-9.2313,-1.117,-6.1235,-6.5636,9.393,-9.9246,-0.9322,5.6438,7.2613,4.9016,9.2086,0.0553,8.0257,2.019,6.1634,-3.2084,-9.0791,6.8868,-7.449,-9.0112,-4.6898,8.9683,4.9619,-6.4618,5.35,1.3385,6.8552,2.9064,-9.7093,-4.879,2.9531,4.2649,-5.9757,7.866,-3.2578,2.6604,-2.8754,0.7154,7.7343,7.4508,-7.471,7.7684,-5.4179,9.6837,2.4501,8.3239,-5.9164,6.6273,-7.7241,-8.5328,5.65
-6.9021,-3.8241,8.9837,-4.1111,1.6498,-9.3461,4.2853,3.7931,2.6088,-0.2722,9.8518,8.9296,-0.5328,-4.1385,-8.2441,1.0843,0.0192,0.3615,-0.2568,8.2108,-1.6999,7.7328,-2.8145,-9.4253,-9.1657,-1.1481,-7.8526,3.8586,7.3613,-7.231,3.5999,2.4036,1.9389,-6.946,0.6962,-0.6335,-9.0496,-7.1892,2.3102,-8.2868,-6.0819,1.7061,-1.4719,-1.3503,-3.6241,-2.0209,-9.851,-8.6287,7.9449,6.6966,-2.5619,-7.5811,-8.5659,7.1324,-0.1382,-5.4485,5.2031,6.3194,3.6921,1.2028,9.0536,2.0343,-0.9934,7.2648,3.6687,-0.1829,0.3587,2.6187,-6.2639,2.5164,4.0878,-0.4693,8.2346,-3.1711,0.583,-3.2539,3.7619,2.5405,0.5178,-2.3414,-9.3322,0.0768,7.1884,4.8694,-1.2929,2.9286,-1.903,-7.1478,-6.5769,9.6247,4.8704,-8.231,6.8495,-3.5797,4.0091,-3.406,0.9593,-3.4237,7.5524,-1.9133,-9.2374,5.8511,-1.1143,0.0675,2.728,-7.8865,-8.9343,-5.6079,-7.8979,9.1251,2.9019,-9.5266,9.8855,-9.6,-0.7654,-3.8199,-5.4121,3.9265,0.4651,2.0393,-3.692,-1.3023,-2.0437,0.4708,1.6641,-9.5716,-0.9056,6.8504,-9.5099,-5.1742,0.5379,7.4081,0.5909,-4.1822,-3.4712,-2.3216,1.0126,3.642,-3.282,3.2765,-8.4097,6.9918,-6.0593,-4.7105,4.4876,-2.4453,-4.5794,-3.1069,2.1494,-2.3825,-4.7969,-5.3034,-8.8894,6.0146,-5.7879,4.1263,3.0943,5.3533,7.6716,1.1095,1.3939,6.6864,4.6732,-2.0303,0.8981,4.2089,0.1393,-9.8518,8.4202,-0.7553,-8.9895,0.6835,-7.3698,4.867,9.6855,-0.1959,-7.4988,-2.9092,-0.6656,7.6165,-5.7308,-9.6535,6.638,0.9164,6.2521,-2.4014,-1.5572,1.1233,2.3928,8.2769,2.1768,-6.7721,8.7297,-4.5249,0.6612,-4.5324,-8.4814,2.363,-6.0604,-5.3027
5.0013,-5.8156,-9.1858,7.0496,-8.4191,3.3993,3.9321,-9.8985,9.9756,-1.2593,-9.4724,1.3857,-4.2607,-7.5971,-3.8127,5.0656,-6.8028,-6.4275,6.9009,1.3019,-4.3399,-1.3965,-4.4123,2.1326,-8.4136,8.6861,7.6953,4.8329,5.6297,8.4731,3.9917,-8.2244,2.4485,-9.3775,-7.5721,6.502,3.9343,2.0229,2.2963,6.9824,9.4555,6.353,5.5604,-7.3222,0.5867,0.8257,-7.5026,-5.489,-3.1744,1.645,-1.4325,-9.5463,3.374,4.5321,-8.1206,2.2254,0.5129,8.0767,3.5122,-3.1478,-3.6562,-7.8299,9.6814,4.098,1.2132,5.5139,-7.2649,5.6162,-2.1889,9.214,7.3613,-5.765,5.6589,-0.7989,9.4079,1.9667,-3.5818,5.8289,5.258,8.2062,-3.8729,-4.9719,1.9096,4.6597,0.7598,0.1185,-8.0837,-2.1627,-3.9874,2.1001,-0.6177,-2.8016,6.7545,-9.3849,-2.8513,-3.7925,0.9318,3.8538,-2.0492,-2.9879,2.2635,8.8158,-2.4614,-1.8802,5.1638,0.2091,-4.7906,0.7831,-3.9154,4.4797,2.6169,-5.8613,-2.2235,8.6065,-1.4239,-6.7491,4.2131,8.1328,1.5574,-3.3469,6.9204,1.2465,7.3098,0.5519,7.945,9.509,3.1283,5.8139,6.6776,5.472,6.4988,-6.3741,8.0982,4.6148,-7.3639,5.2195,8.2284,6.7884,5.2995,1.2332,6.0971,-4.4251,9.9221,-0.6177,7.8345,7.3351,2.6586,0.4142,5.7652,4.817,-9.1194,6.0982,3.6023,-1.5844,-2.1849,-4.815,-0.0208,5.892,-0.8498,-5.8908,5.1979,-2.9265,3.9651,9.659,-9.6452,9.4035,-3.7831,-8.6718,0.1543,-7.5822,3.7114,6.2592,-0.2274,-3.07,-4.7864,9.5248,1.0107,9.1149,-2.5117,2.0579,-1.2886,-2.2648,5.1115,-5.2184,0.2427,-7.2752,7.1137,-0.5849,-0.3314,0.2309,-0.9899,0.739,-9.8319,6.3378,8.4411,-0.5268,-9.8277,7.9232,-5.0052,-5.2908
1.8023,6.0843,-1.6117,4.6844,1.5151,3.4473,7.7117,-0.7598,0.6604,4.3451,9.8678,4.7455,5.7475,7.4289,-2.0665,-5.3383,2.4788,-8.3916,-5.0226,0.9382,4.4363,-6.9161,4.0237,-8.3738,-6.4728,2.4494,-6.3613,1.524,9.6887,-6.251,-4.3224,-4.8493,4.853,-1.249,9.6401,-4.2363,-5.3504,-4.22,-9.9214,-1.8248,0.5045,-1.8166,3.6102,2.9176,-2.6546,-0.0195,-1.4238,-8.2285,3.2875,-2.4401,1.1072,-6.7386,-6.8863,-1.6522,4.8639,-0.6994,-2.5814,0.2503,-4.2456,7.4884,-3.1443,-6.6156,-3.5737,-8.9886,-8.719,-3.8119,-2.9898,9.6481,4.651,3.2961,9.2458,-0.6428,4.2395,0.4671,-6.4744,9.7056,-5.3553,-4.7829,7.1166,4.2387,-8.7909,-2.4801,-0.7418,-6.0956,6.3857,4.5859,-9.5997,9.3948,3.9271,-9.1933,9.9978,-6.81,3.6025,-2.0209,-4.658,-2.6594,-3.9176,7.6842,-9.6791,1.355,-3.6427,-9.6856,4.5666,2.5126,7.7424,-3.9345,8.6866,1.989,3.3531,7.1631,-7.2581,4.4609,-6.4937,6.8215,-4.7578,1.6877,-8.722,7.6662,9.4427,8.7152,8.3117,4.5201,8.6657,2.4707,5.1521,-4.2748,-4.0375,7.7676,9.8267,-4.9032,-6.2835,2.9306,-5.229,1.4169,-2.5637,-2.4877,-5.3061,-3.4961,-9.2875,-5.1831,-0.4611,-6.7768,-5.7092,1.3207,0.1874,0.8251,-8.6203,3.6181,-3.4742,-1.5683,4.903,-3.1131,0.7141,5.5213,-7.3568,3.5598,-0.6733,9.3833,-5.5945,5.9148,5.7848,8.7395,-2.3768,-7.1215,-6.5834,-0.6257,-0.4577,-9.2683,1.155,-2.7367,9.1651,3.1659,8.1256,-4.275,-9.7582,-7.6782,-2.8837,5.5249,-3.4438,2.0112,9.9378,3.5675,3.1628,8.2697,-6.6233,-1.6889,-2.3445,-9.9672,2.6034,-7.0114,9.1819,2.2456,0.0891,8.4211,-8.4085,-5.8089,1.4101,2.7885,2.2296,3.226
9.8309,-0.4955,-9.2302,2.0693,-6.8612,8.7557,7.2736,-0.8285,1.1681,-4.5078,1.5593,-1.4893,9.7486,-7.9399,-9.5201,-4.0184,1.9044,-8.6699,5.5253,-1.1132,-1.5117,-5.3469,-7.7718,4.6874,-0.3422,-7.6601,-0.2313,5.2997,-2.9181,-2.4447,4.0018,0.0944,-8.9378,1.8653,-4.3116,2.4749,-0.6203,0.9388,6.8293,3.9845,2.0982,-9.0421,-5.6174,-3.4582,-8.552,-3.3742,5.9314,0.9595,-3.4925,0.7291,-7.9824,-6.3348,-0.9887,2.2074,-8.5406,2.0068,2.7731,-2.4248,-9.6301,-6.7972,-3.0736,0.6487,-8.0531,1.1519,0.3712,-5.1156,-2.4871,-1.9149,-3.3934,4.1219,-6.1233,0.6825,2.4359,-5.3219,-0.3166,2.7871,-5.0601,-5.7305,2.3645,-7.8204,6.6513,8.0712,5.2566,7.0453,-3.3123,-8.6804,7.4394,7.7006,8.873,5.4038,4.1478,2.1131,9.8079,4.7295,-0.8898,1.7905,6.7619,-6.3346,-9.625,-1.1839,9.3695,-7.7432,-4.4071,-1.7286,2.224,5.5764,1.2022,-1.028,-6.617,-8.0143,-1.1303,-9.529,4.717,3.8417,1.0685,-2.1439,-0.0294,2.8185,7.2917,-7.8913,-4.4332,5.4684,-1.4445,-2.2052,-9.2961,-1.015,1.5427,5.1467,-1.4752,9.2023,-1.5785,1.0849,-4.1933,-1.287,-3.4622,-5.5094,9.1562,6.0029,-4.1641,5.2464,-4.192,-7.8486,-4.0121,5.279,-3.8548,-5.7274,0.3604,-4.4761,8.308,0.4118,9.011,-2.5837,2.7965,5.8569,1.283,4.787,3.0142,-3.8019,-2.4908,9.2326,0.615,6.8427,1.1473,0.1096,6.713,-7.4243,-4.4459,-8.6922,0.0049,-6.2458,9.9765,-3.8123,1.1484,1.8919,-9.8703,-8.1004,-8.9318,-1.0919,-4.7716,4.4989,-4.1935,-7.079,4.608,0.8581,6.4683,-8.6221,-6.2978,-7.1514,2.3957,-1.9146,6.0197,5.2007,4.7624,8.9833,-8.7475,-1.7979,6.2055,-0.1184,-0.5113,-7.6494
6.441,7.0893,2.0845,-8.6645,-5.0943,4.6457,-3.5328,-6.0903,4.1421,9.6588,-5.0512,4.5496,3.6008,-7.6519,-0.3703,3.9946,-5.7089,6.1883,-0.1996,1.7209,-4.2571,-1.6309,9.2056,-5.8886,-4.8027,9.8381,8.2858,-9.8127,-6.4849,-6.5895,-0.3518,2.9796,-5.6339,-6.4773,-9.8783,7.9497,-5.1857,6.7477,8.1553,-1.7679,3.6162,5.6915,-4.8779,3.7551,1.3429,2.8272,3.2703,-9.9821,0.5964,8.0574,-9.0391,9.4002,5.1266,2.7157,8.8957,1.6276,-7.7002,-5.9595,2.483,1.3837,1.3813,-5.8428,-8.8177,0.8838,7.2079,8.3972,-0.5529,7.8165,2.8475,-8.3278,-7.3101,-2.1284,6.5826,0.5584,-1.529,-2.8682,8.0744,1.6525,-0.7755,-5.3976,-5.4412,4.0989,0.7273,7.848,1.8973,-1.1114,5.6777,-0.31,-3.6655,5.7198,8.2679,-5.8524,3.9491,8.8779,-7.1373,-6.5423,2.1682,-9.3913,-1.0449,-0.3607,-3.5874,8.7811,-5.6022,2.3102,6.2813,-0.8227,-8.5441,4.2006,-5.266,2.0169,9.6867,5.0378,5.1397,-9.2772,8.7045,-2.4928,9.4891,-2.7597,5.1147,-3.8757,-4.4235,-7.9247,-2.3487,-7.4376,-3.658,3.924,-3.7391,2.4366,-0.5251,4.9611,-9.8981,-5.4502,8.3134,-7.0192,9.2711,2.1451,1.8399,-0.7743,-1.8771,3.6003,-4.817,-7.2104,-9.4408,-8.1913,-4.4555,7.0669,8.3468,8.1245,6.4666,-2.5236,-4.3699,-0.6665,3.3396,8.1684,-4.277,2.2287,1.4642,8.1157,-5.3889,-6.2121,-2.4727,-0.2294,-0.1993,6.9174,7.6311,-1.8871,1.6297,9.9363,0.1535,-1.6534,2.5746,5.7355,-6.0908,-6.7446,9.9652,0.892,-4.8662,-3.7639,-8.5555,-8.7329,-5.5397,9.2854,-0.8465,9.848,-8.8711,5.9741,2.413,8.2532,-1.7998,3.3818,-6.0413,-1.4277,9.4061,-2.7763,3.5177,-5.1624,-7.5685,8.4261,-1.2217,5.5504
9.0683,-1.7137,-6.29,7.7379,-4.418,7.7667,1.7761,2.3884,-9.7686,9.1814,3.9144,-3.5768,9.3073,6.7114,-0.0876,8.6766,-8.1682,0.0915,-5.5484,0.7969,7.2529,-0.7362,-1.8231,1.9239,-0.4437,7.9279,-4.6999,7.5157,-3.1452,4.1036,0.6425,-2.8198,2.464,3.6764,3.3302,7.9726,-2.2072,7.6633,-7.337,-3.1733,1.3865,3.6879,-6.4072,0.1745,-3.2325,-5.0838,-1.2205,-6.081,6.342,-4.1121,7.8465,-1.5126,-4.5015,-8.1863,-4.42,1.326,4.8315,6.5918,-9.9701,-5.6138,-3.6123,-8.6875,-5.7156,-3.4372,-6.1499,-6.3229,2.4222,6.7563,0.5756,7.042,-7.5551,-5.4604,8.7631,6.7189,4.0467,8.0815,1.9771,8.7371,6.2246,7.4651,-9.794,-5.6672,8.576,-1.609,6.8603,6.872,4.4051,-6.836,4.6887,2.3943,2.7029,5.8983,-4.6323,-0.276,7.1801,-3.4453,7.9606,7.4064,7.7435,-0.4186,-1.7424,-4.6986,-7.9043,3.0152,4.8145,-1.1184,5.4807,-8.9182,5.5016,5.1621,8.0671,8.1894,-2.3046,3.2406,-3.8003,-5.8287,6.0198,-4.714,2.0911,-4.5282,-3.5866,5.3615,-7.0038,3.2648,9.0857,-6.1145,-6.831,7.7274,-6.9992,-8.2609,-1.4659,-9.741,0.2697,8.4707,-5.1931,6.5206,5.7086,5.7109,-4.417,0.9231,9.3298,9.4784,2.4594,-7.4162,-7.47,6.7293,3.5277,6.1091,2.8721,-3.6099,-1.5033,8.1838,4.893,-9.7074,2.14,-5.336,0.6757,3.0882,-8.352,-1.7783,-8.3651,5.9054,4.907,1.6463,-1.2072,6.9985,-2.5616,4.8736,-2.9664,-2.2727,3.0658,-1.0747,-7.724,-6.8946,0.0951,0.9435,-4.4222,4.1358,0.1173,3.2861,-6.1996,-0.9073,-4.5164,-6.946,-9.8085,-2.2235,2.905,9.0379,-2.4126,-4.4091,3.3542,6.9697,-8.4292,5.1481,-3.812,-0.4129,2.5535,-5.1335,7.6825,-9.49
6.395,7.3973,7.6225,3.0304,8.8631,-8.5026,-9.7921,1.0974,-5.4497,-4.8076,8.4519,-7.9475,-4.3856,3.1732,-6.803,4.9866,8.2581,-7.7087,-8.8926,-4.3446,-5.3883,0.1832,3.4063,7.6651,-1.6875,-6.4907,1.7878,8.4246,-8.2656,7.6579,4.8171,-2.5842,-5.6505,6.2326,7.7707,-6.1502,-1.0639,-4.4969,-7.7239,-8.2277,-5.5517,2.0535,8.1431,-9.5874,-7.1387,5.1277,-8.2838,2.0233,9.9152,-4.1414,-8.616,6.1796,4.7847,-3.9868,4.9362,5.0079,1.5866,9.1608,6.0965,-1.2533,-6.078,-1.6673,8.4512,-8.6864,1.9351,1.0729,-3.5206,9.3987,-3.7399,-1.583,9.6896,4.6981,9.69,1.1873,6.0362,-6.3533,3.4636,-2.6504,-5.4967,-4.3452,-3.55,-0.9929,-0.0806,-1.4692,-5.5836,2.0366,1.8027,7.6682,8.5389,1.7591,-1.1078,-0.1292,-7.0245,1.632,-1.1331,-8.9224,-7.9229,3.0862,-2.0454,4.9913,6.695,4.9486,6.2597,-1.8545,-6.7151,0.183,-9.7202,-8.5144,-7.6562,6.724,-7.4106,-4.4082,1.9271,-2.4208,-4.1645,7.4902,-0.867,-0.403,-4.2585,0.5075,4.2267,-6.0661,4.768,5.6014,-8.4004,3.2068,0.9044,9.7238,0.6871,6.1904,3.4367,-8.8427,-1.4082,5.7149,9.9386,-8.7575,-2.7263,-0.924,-9.7407,8.2364,-3.2632,8.021,8.0481,1.259,3.2583,9.23,5.7832,4.0679,6.7738,-6.4507,-3.1662,-1.7762,4.5963,-3.9309,0.8494,3.1501,4.6402,9.3189,-0.3447,-2.9425,-2.4539,2.4546,-7.3162,-2.0856,2.4179,9.2765,3.4832,-6.9323,7.2181,9.9104,1.2774,-8.016,-1.2797,4.8436,-7.4112,9.4742,9.5012,7.3584,-1.7115,8.1988,-3.1545,-9.4424,-0.4581,-3.9142,3.4641,-8.1349,-3.9007,-8.754,8.0127,-5.8407,3.373,5.1215,-3.9519,-4.2753,-3.2853,-4.7476,-5.6912,7.3349,2.7009,-3.9608
-2.03,-9.0411,-3.9113,9.0282,-3.9958,-8.8342,-7.0145,-8.7169,-0.2861,7.8128,4.155,4.2845,-6.0192,0.3338,6.2003,-3.4738,0.1104,-9.9816,-2.189,-3.6624,-7.1312,-0.3678,-1.543,7.6876,-3.4377,1.206,-4.0665,0.4824,-4.5701,3.3697,-3.115,-5.72,-8.6848,-4.3138,-3.1442,7.8692,-6.2345,1.8571,3.3062,3.9686,-1.1874,9.8491,-8.9555,-7.6407,-9.2968,7.5038,-7.0795,-6.0001,7.0464,-5.4353,-5.6546,-5.2179,1.9092,-5.2408,2.9952,-1.1999,-5.6655,9.1376,4.8143,-1.3472,8.0056,-8.4651,2.1532,1.0498,-3.1145,1.5114,-8.6467,-9.3684,-8.5441,-5.3577,-4.7036,-6.4939,-6.1073,6.235,1.171,6.4018,-7.0821,0.3236,1.6244,-3.0598,-3.9619,-6.3145,3.9906,9.6474,5.0667,-7.7793,-7.9211,-6.8883,7.7766,-8.0404,-5.5215,-6.5951,9.6338,6.7366,2.8248,6.3679,-7.875,0.0701,-5.5458,-0.7083,-3.6387,0.6607,-8.9306,4.7018,3.4015,-9.7313,-2.4695,3.3069,2.8691,7.5098,-8.4574,-5.7833,3.9306,1.9418,9.0118,4.6251,-4.7686,8.2999,-6.8045,0.0098,0.8946,4.7821,1.7514,7.7195,1.6477,4.1221,5.0459,2.2764,5.5545,9.6892,8.0885,-3.9871,-9.936,6.4882,3.5424,-7.8319,-8.4679,-4.1485,4.3074,0.1896,4.2695,-2.4902,-0.5279,9.6541,4.1216,-9.5455,-0.6328,8.0626,3.1887,2.9841,-2.7988,-3.0595,-6.2911,-1.1978,8.4195,-2.0485,-5.5059,5.3311,-3.0609,-0.5108,-0.3456,7.7302,5.8273,3.0801,3.8546,7.6841,-6.5417,0.2023,-4.2491,-4.4941,9.2202,-3.5823,6.3427,8.0075,3.5413,3.8869,7.183,-1.8221,-3.8072,2.4093,4.7941,-5.2303,3.7584,6.6631,-2.5649,7.723,8.9477,5.0414,3.1902,-6.1167,0.8896,-2.2221,9.0535,1.7533,4.0352,0.413,3.9233,-6.0419,-1.5309,9.8143
9.8196,4.3264,5.8317,-5.9284,-9.8889,-6.1056,0.8138,-6.2443,8.4569,-0.611,8.3287,-7.2782,-3.8701,-3.2456,5.6019,5.6326,5.6285,6.2635,3.3996,3.0031,7.1352,-0.0513,0.7664,9.2061,-3.7368,-3.1823,-1.3784,-3.2379,8.9978,-1.0691,-2.2738,-7.8516,0.073,-7.0865,9.1921,-6.8525,9.3811,6.5188,1.6344,-9.3045,-0.7772,-1.7161,4.7415,4.1898,7.372,-7.5589,-2.798,-6.6121,3.8708,9.4001,3.0057,2.7613,-7.9404,-5.4337,5.6542,-5.9235,4.7903,-0.53,-8.2959,-7.3505,-4.5567,-4.486,-1.3258,-0.4742,1.163,-6.8893,1.5654,-5.962,2.721,9.4239,-0.8637,8.8467,-1.0245,5.103,-4.1722,-3.0186,8.195,-2.2509,2.9005,4.5905,-2.1414,6.5679,-7.5662,3.8061,0.7845,-3.731,0.0859,0.3335,6.2428,9.7798,-4.0902,9.9746,3.9726,0.0749,3.8725,9.6315,-3.2934,-1.3534,-2.3527,3.3609,3.1183,-8.1495,7.8984,-9.7195,-5.4292,-1.4548,4.7388,4.7372,7.306,2.961,6.7085,-7.4111,8.304,-6.6085,-7.2007,-6.9901,4.7782,4.2876,-5.2935,5.6655,4.8649,-1.5873,3.8379,8.7239,-4.8494,-9.1656,2.2086,-0.5041,2.876,4.5595,2.6904,-1.461,7.8969,1.6674,-1.0659,3.9071,1.3548,-7.7607,-9.2694,4.1925,-0.9437,-8.1483,-0.8666,4.5435,-4.0368,4.8322,-0.9036,9.6905,-3.1544,0.535,2.022,3.0402,-5.9919,-3.1497,-3.1744,-3.9719,8.2483,8.9925,5.0001,7.3766,-1.3211,-0.089,-0.6548,1.1688,-0.0725,-7.5625,-9.2088,-6.2687,8.94,-8.2153,-5.7585,8.4014,-8.9822,4.9027,-7.2804,7.782,1.9471,9.3044,2.8978,1.7188,-9.8364,-4.351,-3.3514,0.3016,2.3356,4.1499,-7.1467,-7.7513,-3.1754,1.4758,-1.8787,-4.6218,8.0378,5.547,-8.1693,-4.1714,5.0119,8.1694,-2.4011,-2.0484
8.3082,5.6443,1.695,-4.2932,8.5919,-9.3625,0.7847,4.164,-5.7007,1.3205,-3.6724,-5.4815,0.5821,-9.3883,-7.3208,-1.9426,8.0738,5.6384,-2.3742,0.8896,9.703,-8.9032,7.9511,6.8605,6.2267,-6.8468,9.6197,9.0891,5.8588,9.1691,4.2074,4.4844,1.7083,4.2009,3.4084,9.5703,0.6316,0.6774,-7.9418,-1.8955,8.2244,7.4061,-1.7605,7.9047,8.4648,8.6484,-0.7388,-9.5741,-1.906,-1.5519,-7.5729,8.4138,-4.9852,-9.6522,1.9797,-8.122,-0.7732,-6.5288,-7.1826,1.0692,3.1625,6.6346,4.7176,-1.7654,0.0371,4.1197,-3.7424,8.6164,-4.1655,0.0822,3.0871,7.9081,-7.5228,9.275,-7.5146,-1.9167,4.1455,2.2542,6.9182,-3.0194,-5.2214,-2.6768,8.9538,7.2658,0.8544,7.2028,-2.8254,-1.1478,-0.3967,-2.4545,-4.771,9.2756,0.5497,-7.4942,1.1854,-5.2374,3.9134,7.3768,-0.5897,4.1655,-4.7102,-4.7507,-8.5054,2.5069,-9.182,-3.3425,-4.6925,-9.8221,1.9167,-3.2071,-4.1435,-2.7762,-7.8595,2.4986,1.7162,0.9623,7.5559,-8.2998,-2.3838,2.8023,6.1379,1.1519,7.5889,8.3426,2.4697,9.7728,3.6125,7.79,-9.9177,-6.2765,-8.9894,7.0224,9.8162,8.5597,-2.0511,-6.3721,9.7694,4.4649,-2.5426,3.9395,1.9003,8.3933,-9.7434,1.7215,8.6622,-8.5963,-3.8167,0.2417,-7.3414,8.8937,1.602,-9.6467,8.063,1.5835,-6.9337,-3.4718,9.7746,7.8343,-5.0963,0.5834,-6.7516,4.1471,-0.612,-2.9838,-7.4199,6.9366,6.5825,9.0811,-2.3045,4.2386,0.9452,-1.3212,-2.4715,6.7292,7.5421,1.8928,0.8792,4.4057,-7.2274,3.7554,-7.7734,8.9979,-5.4564,1.4256,-3.6238,6.1565,-2.4668,1.2382,3.5105,-9.2026,-0.585,-3.4926,5.0374,4.575,6.8061,-0.4167,-5.4899,3.4506,9.6289,0.2963
-5.7247,2.9977,4.005,6.3073,7.3389,1.9907,-8.649,8.4534,-7.0037,-9.4167,3.6267,9.9683,-4.8523,-1.4911,4.1372,-6.4541,-9.7455,-9.177,-4.296,-0.7721,2.6563,7.1427,-6.4974,5.6482,9.7901,5.9076,0.263,-8.7708,3.2472,-4.8614,9.1566,0.1535,-8.2805,-8.0469,-8.4385,-5.0352,-9.8206,0.8909,-1.3218,8.1564,-4.3706,-9.1195,-0.3229,-9.2297,-3.1797,8.6019,0.2281,-9.8503,-0.2622,-6.9017,0.9615,-8.8902,-8.9935,-5.9797,6.9391,8.4341,-7.9488,9.6232,7.2536,-5.6833,0.2863,5.4137,-4.7988,-1.9261,-0.8755,3.1157,-5.8831,-6.1738,-6.9404,-5.4643,4.8343,-9.7627,-0.2218,-8.7142,-6.1594,-2.0347,-3.0026,-8.4965,-1.6501,1.99,-0.7961,-4.8865,1.9127,-4.2094,4.0588,3.1659,3.914,8.6476,-1.971,5.2517,-4.3772,3.4581,9.0562,-0.9902,6.6829,5.3736,3.8192,-7.817,3.2717,7.2489,0.8637,-0.5391,-8.6525,-0.2173,-8.3893,6.3314,-6.5424,9.5703,-5.7682,-3.2933,0.1904,-3.7081,-3.2412,-9.5725,6.8642,-6.5529,-4.473,-6.9256,7.938,-5.7222,-2.0319,5.7975,-3.7323,-3.7748,9.0417,-8.9392,8.8001,-7.6664,3.3222,-0.9766,-4.6679,7.593,7.3299,-0.9843,5.3192,2.3229,-3.6053,-7.3166,-7.1915,6.6484,2.8574,-2.2632,-2.312,-1.0748,-9.552,1.6286,-1.1322,-3.7284,5.1364,8.9303,-1.3537,2.5627,8.0448,2.7613,-4.1108,4.7939,4.8072,5.9442,7.3192,2.9264,5.9544,-4.0269,-8.4575,3.9561,-5.5683,7.6156,7.8312,-9.2271,-2.0906,-7.1294,-4.7183,-9.3003,-2.6486,-3.7651,4.8374,6.9477,3.119,-1.8331,-8.0155,-8.7108,-4.4227,5.3108,-3.283,-9.2267,-1.7656,-4.3058,-4.2319,-8.7745,4.2422,6.2193,7.1032,-1.2493,3.103,2.8287,-8.3908,0.4311,-9.7079,6.4225,-7.482,-2.456
0.0668,-8.7261,9.2792,6.6236,9.2331,-5.3052,-1.8421,-0.8923,5.725,0.4311,-3.9808,-6.3886,6.2075,8.6717,1.396,-5.1308,0.2447,-7.0304,3.4359,6.4577,4.9986,0.8872,1.3516,6.2146,2.0698,4.4109,-3.9249,-9.4955,-4.8391,-1.476,-8.7078,-4.7317,-2.2674,-6.086,-6.0067,-2.6826,-5.2508,-3.5648,0.401,-6.8275,7.1429,-5.4732,1.1607,9.834,-1.5665,-8.795,-3.8022,-3.7304,-7.9671,-2.1208,-8.003,-4.3048,6.2351,3.3465,-8.1724,0.196,-0.5859,-9.5291,-9.3296,-0.9814,2.4891,-7.5566,6.5127,-2.1606,1.8307,2.8762,9.8708,-6.5879,9.4268,-5.1389,1.1558,3.3142,0.3481,-8.6453,6.8418,-4.6705,0.0738,1.9775,-5.3373,2.7549,-0.8948,7.9106,3.9901,-9.5807,-9.1672,-7.1887,-5.4359,-6.7289,1.5405,9.5717,6.4384,8.4321,-1.9864,9.3924,2.3714,-3.184,-3.7886,-9.4379,3.08,3.5831,-4.7555,-6.9752,-1.4084,-5.3783,4.0001,7.6251,-6.9663,1.5377,2.4745,-4.4125,8.9099,-4.088,-6.0932,-8.1875,-4.4058,-1.4331,5.6664,3.5441,4.9989,0.2001,-2.9422,0.8012,7.6741,8.4699,-4.3401,0.469,0.5229,0.9039,3.5283,-7.6592,8.9314,-4.2852,-7.1417,6.7844,8.4722,2.4447,-0.7088,0.4661,2.9867,9.2072,-6.8167,-9.0264,9.812,-5.1081,-5.7213,-4.5965,-3.0143,-6.8604,8.7637,9.3547,-8.9192,8.4131,7.1413,-1.5714,7.732,-2.2124,-0.5173,4.0613,-9.666,-4.3264,4.6077,-1.5099,2.5953,8.3456,9.8073,-7.7249,0.17,8.3046,6.7061,9.7103,7.1652,-0.7061,1.7649,7.8441,4.4729,8.4072,9.8879,2.0134,5.1507,-8.2696,9.2714,9.4764,-9.4787,3.9884,-0.0268,-3.6679,0.8504,1.509,-3.9502,-2.0037,4.1362,-6.315,-6.5301,9.4875,-6.0695,-8.441,-5.4322,-1.8683,3.6653,-5.353
0.4016,9.4326,5.7758,-9.1532,6.1759,1.7572,-5.5579,6.9625,-0.4407,9.0051,-4.2167,-2.18,-5.7352,4.6899,9.9032,-0.8503,3.3285,4.9808,5.8457,-8.2719,4.8197,-1.4108,-0.9802,0.8687,7.1889,-9.7687,-1.637,7.679,4.6443,-2.7471,4.9913,9.4828,-9.2706,-9.0095,-9.2987,-0.601,-3.6018,-2.6412,-7.7106,3.3301,6.9883,2.5122,3.6889,-3.1577,-8.5338,-0.6483,-2.7448,5.1193,1.0841,-9.3615,-8.7379,8.3472,-6.5483,-5.0208,-8.258,5.6913,-8.3906,-1.4243,6.1846,-0.9487,5.075,-5.8543,-0.6093,6.7297,8.9157,-6.4233,-5.5734,-2.8233,1.3045,-4.6807,3.0596,8.5086,-3.2786,-3.142,-6.2594,-5.7149,4.8075,8.6255,-8.5883,-9.1508,6.1278,-4.61,5.6614,-3.1692,-0.0022,-5.8154,-6.1869,-6.6729,-3.3391,-0.2716,5.712,1.2925,-1.4535,6.1846,5.806,-9.9841,0.7042,-8.4691,-5.9638,9.1437,-9.6988,8.4285,-5.7927,-8.5813,-6.7629,3.1996,3.593,-7.5138,-3.2003,1.1064,-5.5223,-4.4304,2.0663,9.5055,-3.1642,8.3444,-1.0808,-3.6321,5.4416,9.6358,-8.718,-8.7969,-3.6093,5.2316,6.0678,-6.8393,-7.506,7.2258,-9.7559,-4.9381,3.7404,-3.9249,5.9972,8.3419,0.2736,-9.8476,-1.1416,8.7167,9.4761,-0.87,-9.2459,-8.7541,-5.3555,3.3985,-3.7267,9.8067,-8.0726,-0.6714,-1.0233,9.6475,4.8042,-9.7725,-6.2686,-7.3371,-1.8569,-4.7714,-2.9774,-9.7138,-1.5082,-9.1229,7.3719,0.2248,-4.4921,3.8916,-9.871,7.6327,-9.6016,-0.8818,5.3721,-8.356,-6.5837,-8.672,-6.0586,2.8303,6.8774,-3.0352,-4.8359,2.3059,6.1016,6.9039,2.2221,-9.3577,-7.2906,1.6057,-4.9901,-2.5342,-5.3564,8.9437,-1.0203,-9.3615,0.7568,-4.9407,5.6209,-5.6102,1.0413,6.3781,0.6757,-7.4622,4.2177,6.7172
-8.1673,-2.6292,-3.9547,-1.972,-8.061,4.3637,3.3198,-5.353,9.8462,2.6259,-1.2636,8.8288,-9.901,-4.7902,7.7305,8.2117,-9.3268,-8.972,7.1148,-3.7292,6.5003,4.961,-3.8158,-0.8028,-5.2412,5.6835,2.5134,2.7196,7.7574,3.2443,-7.6647,8.3197,-2.5767,-4.7982,2.3185,-1.8283,9.7373,-5.9357,2.4682,-9.4443,2.8889,-3.5455,2.8257,-4.4852,-5.0934,0.8813,-6.8327,-8.5257,-0.8975,-8.7033,-3.9672,6.9787,5.4349,0.5993,3.0192,4.8416,3.7003,9.1689,-3.5712,-2.5905,-3.6359,-0.6546,0.5017,-9.3182,0.3521,-8.4077,-6.2338,-6.1984,-2.9933,-3.2709,-5.9099,-7.5645,0.1691,-6.3322,-9.2091,-7.3749,-6.9216,6.6233,9.995,9.2044,8.5494,4.8825,5.0643,-4.7874,-1.7141,0.8889,-7.3223,9.3931,-6.988,-2.5483,0.786,-2.7286,-1.0641,-0.3539,5.6527,-2.8073,3.481,-5.9217,-6.4468,4.9563,7.0966,8.0397,-6.6307,9.7344,2.1193,-9.3791,1.6051,-1.5937,-8.9298,-1.5885,0.1847,4.2762,-9.7096,5.8687,-7.1035,4.6229,1.5754,2.5032,3.4846,-6.0712,7.2378,0.96,0.5077,9.956,-8.0122,9.832,-5.5638,-2.2284,-2.1612,5.0795,1.1563,-8.967,3.8981,4.6759,9.0336,7.4172,-3.3614,2.5907,3.2661,-3.2586,3.4666,-1.3386,5.651,-1.295,-4.597,8.571,2.2826,-4.3777,0.7162,-9.3782,-2.0511,2.9698,4.838,-6.8221,-7.247,-3.2553,-8.4489,-5.1743,7.4231,0.1905,-6.8079,5.3104,-2.7407,-6.1134,2.1337,5.3543,-8.4647,-0.8529,3.7088,9.1795,-4.7016,-8.9685,-1.0252,7.0294,0.8635,-7.1137,-4.2171,2.5027,-8.0455,-8.0712,-2.1037,-4.9674,2.6349,-5.6038,-9.0858,-7.4368,1.3458,-7.674,9.7378,9.3523,3.2864,4.7468,-5.7416,5.6572,-7.3179,-8.4947,-2.6216,2.286,-6.4451,2.7759
-9.8995,-5.6772,4.0709,-6.7177,8.3789,4.2317,-7.1465,0.84,2.5426,1.883,2.4801,-9.4543,-1.6165,-6.7306,5.1793,-0.9061,1.2105,7.9471,-0.6615,1.4646,1.4279,-7.1782,4.8572,-7.2195,3.8556,-4.0157,-3.5858,-9.8919,9.0384,6.8305,-7.9642,6.0918,-5.4,-4.4892,-9.3419,-8.5072,-2.6998,6.9521,-4.5639,7.1931,-6.568,6.4003,-9.3498,2.6128,1.0255,6.1409,1.2375,7.7987,-3.307,-5.0537,-7.7109,5.2893,-2.5648,-6.4108,-1.0522,-4.858,1.6605,7.095,6.7386,8.2091,5.1446,-3.5193,-8.605,-3.6842,5.8602,8.6183,-3.8815,6.2919,0.1054,1.3224,-4.2547,-5.8912,8.2688,-7.221,-0.4739,0.8355,9.6667,4.0947,3.3957,-9.4012,8.8098,-9.5409,0.3212,-6.6832,-8.3813,-6.5175,-0.3398,9.8262,8.3963,-2.741,0.1648,8.2336,8.5959,-0.9497,4.0808,-9.2965,-1.9595,-6.0279,7.8376,6.3577,-6.4952,2.6344,3.7912,-5.6845,-6.2032,-4.7316,9.6424,-3.9214,5.899,-2.8451,6.7689,8.945,5.3043,4.7849,1.5304,1.9171,-9.4236,-2.7815,3.4438,4.7835,4.3472,-8.3806,6.4909,3.8469,4.1126,7.5193,-3.3442,-3.4774,9.835,6.1213,-6.7912,-2.2677,-2.6429,-6.2255,-5.2454,-2.5283,-8.4514,3.684,-2.8644,-8.2836,-2.7217,-2.8037,3.676,-5.731,1.5374,-0.6767,-9.6515,8.8457,1.7086,3.6835,4.8186,-7.9555,5.741,-2.4774,0.0349,-3.3271,-9.8487,4.2219,1.9892,-1.3663,1.3398,5.8131,0.0639,5.5022,2.1338,-0.3164,-0.5543,5.0736,5.0316,8.937,-1.9591,-5.6759,7.9974,-9.8045,3.739,-3.4603,-6.0823,0.7422,-2.5085,2.2239,1.6252,0.5554,6.7362,-2.0211,2.7279,6.7879,-3.2313,9.6108,-2.1587,0.8504,5.3267,1.9052,4.2248,-1.4946,4.6484,8.8196,7.7575,-6.3609,-5.5251,6.9481
4.8729,-7.3186,-4.1297,-6.1028,8.4031,2.258,-5.8109,8.2289,-6.281,9.5436,4.8361,-1.6998,-3.5069,9.4582,5.4602,9.2224,-9.3837,-3.5204,-9.1209,7.8306,9.0949,2.5499,7.6434,4.2297,-0.4891,1.7249,1.3115,1.3614,1.8751,-8.8609,-7.9152,-3.2122,-6.1355,-5.3028,-6.9299,-7.2076,-4.8861,-3.5863,-2.8072,0.3522,2.7209,0.1401,-5.9346,8.1963,-5.4504,9.1105,6.7927,-2.9798,2.8489,-0.7697,-8.443,7.6806,2.8738,1.9803,-2.7037,-0.135,-9.0175,-5.9995,9.8842,-6.6371,-7.7575,-7.3926,0.6631,-7.4674,-7.0934,-0.5965,-5.7301,2.7895,-4.7975,5.9173,-8.673,2.0539,7.6513,6.3612,-4.8608,9.4049,-4.2594,-5.9217,-5.7231,6.3151,6.0392,-1.1021,-6.7309,2.2528,7.051,0.3515,3.6796,5.2073,0.848,-4.4823,-6.2552,-0.2219,2.8521,3.5595,-0.8106,-7.4461,-4.7356,-0.6996,2.0462,5.4388,-0.945,9.4964,-0.8357,8.8791,-0.8947,3.5337,2.9997,-9.2345,0.9583,7.2649,-0.5832,-6.8126,-9.4555,-4.8455,-6.5514,-5.8107,1.1469,-2.4924,2.2883,5.9507,-8.1748,1.2626,-1.5553,-2.4683,5.9932,-2.4095,-6.5637,7.4344,-5.9462,6.2594,-9.9903,9.1894,-6.0402,5.4145,2.1609,0.3783,-1.194,-5.6711,3.5245,6.5306,0.0512,6.2558,-7.0702,2.4287,3.3827,-4.7064,5.0712,1.5365,-1.0149,-6.2422,7.4945,1.8564,-9.8669,4.9078,4.3863,2.2702,-4.9949,-4.007,4.9715,4.8129,8.3965,-2.6556,0.8882,8.5664,7.1014,1.3758,-3.9007,4.6985,6.706,-6.0844,5.635,6.3174,-7.3214,5.6172,1.4736,7.9217,-5.7287,-5.275,8.3728,-3.5316,-2.389,-4.8531,-0.0425,-8.872,-7.9026,8.8221,-2.1552,7.7452,-2.8436,6.6476,0.0071,7.5925,6.4961,-2.6292,8.5762,-2.9076,4.3888,0.3651,-0.27,-8.198
-4.5371,5.869,6.8731,1.0449,7.1353,5.7596,-1.9605,9.1117,2.6737,-6.8658,-8.8854,-9.5255,5.0613,-8.0382,0.0447,-2.2881,-1.138,1.6329,1.9452,-1.6753,0.94,9.4658,0.2966,3.3353,-9.272,-6.8358,4.8239,-1.4961,-4.8688,-4.4316,5.9866,0.6306,-3.9283,2.1732,3.9222,-0.166,-7.7237,8.1319,9.5135,-0.4658,9.3467,2.018,6.3897,1.3108,0.2075,-3.2247,3.2212,-3.8246,3.7382,9.0727,0.9905,-6.2403,-7.7149,-1.0731,-0.9895,8.9212,-4.5078,7.8805,-7.2584,-0.3162,6.5037,0.4813,2.4341,1.4105,5.7726,8.4406,-2.8554,5.0222,-1.6353,-9.2869,-2.7539,-1.278,1.5873,3.7754,-7.8947,-9.9534,-2.6188,-8.393,-9.541,1.069,0.6106,3.9046,-5.8349,-0.5704,4.0558,-3.0447,4.8088,-8.7813,-9.9259,1.9068,-3.0748,1.8022,8.5521,-8.8546,8.2833,1.9727,-6.135,4.1479,-1.9226,9.2661,-5.8772,8.9893,-4.2607,-5.8816,-4.871,8.9044,-4.0428,8.8873,8.6975,2.6447,-3.7652,8.8781,-2.3558,2.5982,5.3028,6.4219,-3.0732,6.326,8.1289,-7.8975,0.3435,-8.93,-7.7441,1.5561,-7.2396,-4.3058,-7.7684,-9.5602,-9.0593,4.1719,-7.7624,9.7221,-6.6651,-0.6343,-8.6996,-6.9566,9.5696,-6.9404,-7.0661,6.157,9.2491,1.704,-4.5766,-8.0228,3.1944,-7.4947,1.1093,9.3063,8.361,-1.6171,-2.335,7.2579,8.3289,9.2002,-2.15,1.8143,-4.7454,0.4426,-1.3469,9.4889,-3.4307,-5.5414,-3.3705,-4.0251,0.2882,3.2881,-3.7542,7.1363,-8.6521,2.8927,1.5737,4.6227,-5.7119,-1.2564,-7.2169,8.4884,6.5856,3.7259,-1.3501,6.8508,-7.5178,0.4588,4.2356,2.834,9.4723,-3.4588,1.4537,-8.3252,0.0461,-9.4037,-2.186,2.8827,9.7752,-2.0782,-7.5752,-6.2891,-2.6926,2.0943,-2.3808,-5.2173
3.9441,-4.563,7.61,5.3779,-6.4189,0.846,-4.8346,6.8801,-7.949,2.3417,-3.8781,1.1052,-8.4904,3.0919,-5.9604,6.7659,9.6894,7.0493,-2.076,-6.427,-9.6375,-1.2284,7.4692,-7.4338,8.3731,6.2915,-3.9362,3.4204,-1.4547,3.0776,0.5303,-5.2033,0.8854,-9.5896,-7.7256,-0.6527,-4.8863,6.9276,1.5267,-0.519,-6.4604,-1.644,5.5357,-5.1409,-2.026,3.2877,-6.913,9.1628,-5.4084,4.3092,8.3164,-4.0906,-8.9728,-7.5687,0.8489,5.2111,-2.8073,9.0783,-2.3799,-9.3001,-2.0362,0.5146,3.9552,-4.2509,6.5863,8.0836,6.0909,4.0569,3.7537,-3.5427,-9.5512,-4.2297,6.1291,0.1294,2.6058,8.494,-9.0683,-7.7489,2.1807,-1.9022,-6.3294,-5.0443,-3.7089,8.3356,-3.9214,-5.6213,-0.3516,3.4974,9.6725,-6.9566,-2.8917,3.4698,-1.1339,5.8954,2.1987,4.8172,7.6201,-4.3474,9.2846,3.6704,5.4033,-1.9644,7.1979,-2.0253,-1.8762,0.6136,9.8014,-7.5636,8.6321,-6.9709,-3.3042,8.1958,8.828,4.2273,-5.1068,3.6503,9.9671,-3.5421,4.0506,-4.8449,6.8913,2.9344,-2.8015,-0.7419,4.1829,-0.2885,-0.088,2.8785,3.2054,-7.5931,2.3564,4.401,2.8402,1.7951,-6.5715,5.1403,1.3134,4.3972,7.9036,6.1369,3.6998,-9.1386,-1.0932,-0.0897,2.9846,3.8164,-0.6411,4.76,9.8243,-9.3917,-2.5018,-5.217,-7.0411,-4.2557,-7.5474,-9.7101,-5.0877,8.7,-2.313,-8.2915,-4.0909,3.4718,8.3016,-0.1893,6.1325,-3.6957,7.6592,0.7499,-8.3447,-4.4505,8.0507,5.7645,5.5668,1.1844,-0.5351,4.7278,-9.1162,-5.2998,-7.0712,4.4895,-6.5122,-4.817,2.1869,-6.113,-5.7311,-2.6753,5.4986,-2.8083,-7.9079,0.9941,9.5075,4.2925,7.0709,-9.6417,6.4123,-2.0842,8.1901,-9.9738,2.8998,7.0023
-8.1765,-8.1356,0.5725,-4.2809,-4.5759,7.5231,-1.2256,7.9811,8.8724,1.8322,0.6783,-7.9686,-4.2577,-1.8794,-6.1316,0.1954,-9.6142,4.6101,6.6502,-7.1533,2.0835,2.8029,-3.6002,-1.1298,6.1705,-6.9891,4.9818,-7.4183,-1.4334,-4.6725,-6.913,-5.1347,-4.9268,8.6782,-9.6027,2.6737,3.5961,-8.9285,-0.8262,0.9716,5.367,5.4281,-5.9233,7.3503,-5.1616,1.0069,6.3085,9.6997,-5.9425,-5.15,8.2154,-5.822,0.6438,-5.957,-8.7763,6.7017,4.1179,-6.9731,-4.0151,-4.7142,4.19,-9.1238,-7.7075,-4.7126,-1.4136,-2.8579,6.4541,0.5008,-1.6004,2.9357,-5.2064,5.8755,-2.3485,-5.8465,2.0549,-0.2865,-9.4205,8.5018,-1.3496,-8.1567,-6.954,9.844,-6.0622,5.3547,-4.5769,3.6991,5.9309,9.4347,-8.0889,7.7226,-0.1829,3.5132,2.7527,7.5432,-8.0472,3.2919,-8.5901,-6.5709,-5.3413,6.8097,6.9647,-3.193,-1.2182,3.0918,4.8851,5.3553,-5.8592,-1.4582,-1.7148,0.477,-5.8952,4.4559,-1.3554,8.3332,-3.3845,8.2981,5.6097,2.3155,-9.8021,3.1146,7.4938,5.9481,-4.6213,-9.0137,7.3268,-7.4759,7.199,4.7196,-7.1467,1.7708,-4.9248,-4.691,8.5692,5.9776,-2.3599,4.3401,8.2187,0.9364,-9.3169,-3.4587,-8.2422,-2.1423,9.8238,6.8292,-7.4113,6.7393,5.5025,-7.6312,1.4022,-8.3067,0.1476,-3.722,-8.9913,-3.9561,-9.6082,9.9183,3.8055,4.5126,-6.8088,-4.5673,-8.0602,-9.2323,8.7458,5.4626,4.877,-7.0437,7.269,6.296,9.1595,-4.3694,-9.9669,-5.5193,-2.3599,7.157,1.008,2.2412,-9.3752,7.5469,6.3907,3.1464,4.8065,-0.0519,3.998,-8.0864,4.559,-1.3614,2.8645,-7.4459,1.2386,8.478,7.9674,-7.8936,7.5604,-5.7587,-2.1658,0.2656,-7.6995,-7.5041,3.1815,-2.4425
9.7434,6.3587,4.0331,8.0244,2.6526,-1.3911,8.5729,-3.3031,3.1811,5.4383,-4.6029,8.5636,-6.7142,6.9312,0.4026,7.5644,8.4933,-8.0153,-7.4733,-6.7013,-4.8536,9.2125,8.2325,-5.42,1.3335,-8.9827,9.4739,8.3326,2.2314,-9.8206,2.2373,3.9838,7.8906,4.3397,-7.6084,-1.0075,-9.1854,3.4112,-4.3477,-8.4339,5.4261,7.5138,7.2954,-1.4318,4.7024,-0.6451,-6.9608,1.2693,9.9515,-6.9245,-3.6847,1.5549,9.3815,-6.8413,-5.1495,9.4158,-6.4999,-7.2367,-9.2612,0.1438,-3.6254,5.9635,8.0281,-7.862,2.6089,-7.2733,-9.6819,-4.9746,8.5646,-9.5249,9.9498,7.0404,0.5279,5.1132,-6.1689,-5.9832,-6.0495,-5.848,-9.0933,-2.9598,-5.8122,4.4694,-1.8782,2.7805,6.695,-0.9623,-4.7901,2.115,-7.4065,4.0644,2.1245,1.1132,1.6106,8.3431,-6.4524,-7.2894,-4.2819,-2.9106,3.3259,2.0133,-1.1028,9.7203,2.3226,-0.8655,-5.1057,7.7925,-5.0107,7.0191,7.4829,4.1681,-9.5195,4.9598,9.6447,-5.91,-2.7143,3.7055,-5.9519,5.9066,4.2331,5.907,9.7563,-2.6455,-6.3016,-1.5792,-0.5773,-4.1381,-7.8513,9.3145,-9.2758,-9.8399,-4.3495,-2.0557,7.326,7.2355,-8.9224,-5.2467,-6.237,1.101,1.4624,8.2158,9.874,-8.4123,3.4746,7.0665,-8.4308,3.1075,5.902,-3.7738,7.8682,2.3777,-4.2939,-5.3695,5.5527,4.7183,8.0376,8.6158,8.8548,3.2064,-4.2594,9.2498,6.7125,-7.7104,-6.0306,0.1447,6.2794,5.1859,-8.7869,-1.6498,7.9344,1.9232,-5.9211,5.5238,-5.8795,5.419,-1.1895,0.6594,-1.9379,-9.515,5.2019,-9.6785,7.3903,2.8317,5.4276,7.0153,-5.5182,8.6509,-3.9947,-3.011,-2.0632,6.4597,-4.3186,6.7566,-5.5963,-3.7676,-4.2324,-6.7484,-5.1943,-2.3872,-6.5511,-8.7183
-6.8229,0.6925,8.546,8.3412,-6.4342,9.0197,-4.3195,-5.6988,-7.3713,5.7898,2.8752,2.8913,-1.2504,1.5232,5.7306,9.6336,1.3798,-5.1655,1.6479,5.6089,-6.5652,-5.0272,3.1567,-9.9641,8.2518,-2.6134,-8.692,7.1029,1.8819,-9.01,2.1137,-6.9344,-5.0141,-4.2321,1.4799,6.2181,5.3325,-7.7052,-8.3171,9.8613,5.1271,-8.0618,3.1402,-3.9598,-5.4898,0.1545,-2.5355,1.9817,-8.0889,1.7564,2.29,-0.2573,-9.7143,-6.8521,1.3403,7.4618,5.8491,0.2025,4.6148,0.4866,-7.2233,-8.9879,5.651,-7.2805,-0.2852,6.7684,5.4974,0.7876,-5.0097,-4.3943,6.0047,4.643,-1.2493,0.1254,3.4378,5.1527,-9.6712,1.1235,7.4767,6.2301,-7.7357,6.8632,1.5204,-0.9236,9.8946,-2.742,6.7573,-1.9546,-9.1966,-9.1807,7.8405,-0.7634,9.3402,-6.7363,0.9679,-7.7222,0.5519,-9.6435,-7.7394,2.5134,-0.8907,-8.5991,0.279,7.6955,-1.4216,8.0024,-9.4833,-0.3488,3.4304,-3.2689,4.9861,6.1964,-8.4716,4.6354,4.0291,-0.7005,3.1922,4.4492,-9.7108,1.0822,-7.4234,9.0263,-2.8744,-6.9915,6.1955,2.3814,-2.727,-4.8773,7.6338,-6.4646,0.7411,-6.78,0.857,-2.1285,9.5736,4.7415,-8.8623,-3.2561,-7.0421,-2.7215,-0.0862,-8.1191,-5.5139,-1.5211,8.8852,-8.2862,-7.2669,-1.5836,-3.8427,-8.4892,-3.2597,5.173,8.6345,0.4259,-2.9327,2.0489,3.1917,8.3242,2.5295,8.0624,6.4413,8.2593,5.0043,0.6367,4.2917,-7.1275,-9.4115,0.5967,-4.2786,-2.9472,1.8348,-8.2879,8.0687,-5.3496,-4.7375,-8.8504,-2.7897,1.0847,-8.6359,-6.5351,-3.7455,-8.8925,6.3371,-0.7154,-4.31,-5.7062,0.7142,-5.7111,9.3418,-8.882,5.8406,5.1496,-0.9652,8.6209,-1.1279,-1.2161,-6.8458,-0.3547,-9.2794,8.8074
-6.3282,-7.1976,-4.5923,5.57,9.5415,-8.8468,4.9021,5.5739,-1.1947,4.1304,-2.6445,-3.2672,5.6084,5.9184,-5.086,-3.4027,0.071,-7.4486,-9.0345,2.0843,9.8192,4.8369,5.5479,1.5097,-8.5363,-1.288,5.4142,9.3767,4.651,-2.3519,-5.4694,0.8465,7.6532,8.3173,9.3505,-6.1889,-0.9021,-3.084,-1.3214,1.8393,-8.2896,7.6403,-4.7928,-2.4664,-5.7711,-7.9658,4.9554,-9.7647,2.4776,-9.0064,6.6546,-8.2041,9.9743,6.0812,-5.4884,-3.5305,-7.6584,-7.1206,-8.0966,-6.214,2.2246,-7.3895,8.9172,5.7119,-1.3887,0.5044,1.5238,2.7419,6.5295,-1.1122,6.7964,-1.522,1.9992,-8.8886,5.4665,6.8307,7.5218,-7.1225,-3.868,-0.9881,1.8668,9.7119,-6.896,2.8415,8.9418,0.7892,7.2689,-8.8554,-0.1989,0.6988,-4.8101,-9.5154,-8.9831,-5.44,-9.5409,-0.541,2.8215,9.7751,-9.8785,-7.321,8.4244,-2.0687,-1.2415,9.92,6.2607,-1.6107,-8.7368,4.2784,-7.1274,-6.7279,6.1369,-1.4021,-2.339,-4.4234,-3.4456,-7.8829,-5.6125,-0.2303,6.0923,-3.3199,-7.6082,0.238,-1.0086,-2.1511,8.1777,7.233,8.4783,-1.8367,-3.4934,-8.1996,2.2476,-6.5347,4.7457,-8.1327,-6.1908,-3.3492,-9.041,-8.067,2.7202,5.4162,-0.7211,5.3405,7.5559,-0.8657,-1.9504,-5.1724,5.2284,-4.2086,-3.854,-2.5727,4.0131,9.2907,-3.5695,5.5413,-2.8281,-3.2026,-3.2434,8.3408,7.4819,-8.5381,8.9181,0.3096,7.4699,-0.2182,4.9585,5.558,0.8502,3.3361,1.3503,-0.9802,-2.5265,-4.6584,9.336,7.5555,-1.0206,3.3253,-9.3455,2.05,6.6415,-3.169,-3.0188,-6.7081,0.139,-1.7487,-9.1652,8.8333,-7.0803,2.8269,-4.1472,5.9857,-9.0996,-1.0561,-3.1334,9.5893,-2.8788,-5.5155,-5.4645,5.8241,-9.9499,5.5799
4.6341,-4.1978,-3.4876,-1.6447,-7.0095,2.9422,9.1413,-0.4186,4.261,8.8285,6.7229,6.015,3.2105,-6.4358,4.0235,-6.0793,6.702,5.7187,2.2746,2.8759,9.989,-1.229,-9.2364,9.8646,-7.5121,0.0178,6.2919,-5.2238,-4.7803,2.0014,-3.2615,8.2992,-2.5553,8.8098,-8.6511,-7.6306,2.7503,-1.395,9.6033,-9.1569,-5.4643,8.0988,-9.1426,0.9655,2.495,9.345,5.5311,8.5065,0.8417,8.506,-8.771,6.494,-3.8729,2.9793,-0.6496,-0.0793,-8.7017,-1.0707,5.0346,-9.3356,-7.9163,-6.6236,-6.7,-6.0874,-0.6072,9.833,9.6892,-2.7421,-1.8703,7.936,9.8195,-3.9151,-6.5765,1.5091,4.9588,4.3259,0.8808,-7.9854,5.9568,-8.5802,-8.2073,-1.0019,3.1806,3.6417,6.172,-4.0594,6.5221,5.3018,-2.4233,-5.6401,-8.5838,4.0313,-0.2721,-8.2911,0.2029,3.4782,-7.6879,-4.0924,-5.9933,-8.4028,7.2295,-8.0239,-5.6991,-4.6514,-2.2459,7.4521,9.6863,5.9163,-9.1361,2.9974,-0.5068,8.4858,3.6359,-4.9026,-3.6938,-3.1601,1.0259,-2.8985,-0.1482,-4.9364,1.1523,-8.6136,-6.5956,5.9425,8.6729,6.4206,-6.9969,6.4159,-3.6859,6.1576,6.527,7.9827,-4.1063,-6.5566,2.2991,1.6652,-9.6962,2.9973,8.1503,8.174,4.8199,8.5958,0.0044,-4.5362,5.9684,-4.7593,8.7418,-0.017,-8.4041,9.6505,9.8099,3.243,-7.6177,-7.374,5.4285,-2.9247,9.2518,-9.7201,-5.1422,-1.4139,-1.2303,9.0137,-8.4899,0.2975,-4.6272,-8.9262,0.6566,3.7994,-3.2692,4.954,2.2522,-1.1055,-2.2277,6.2492,-5.1967,8.9637,4.7365,-7.8328,-6.6698,-5.3385,-2.7032,5.4747,-4.2725,6.258,2.2303,-1.8933,1.917,7.4013,-0.7835,1.4776,-6.7532,4.1369,-3.0105,-8.5025,-7.8836,-7.926,-2.779,9.8785,-4.9267,-3.1769
-3.3608,2.7062,3.2806,5.6748,0.8812,5.3426,2.572,8.7218,7.4885,3.4363,8.1894,9.297,-4.7897,-0.4641,5.4242,-9.4629,7.8432,8.7345,-6.1801,1.4743,-8.4422,6.3483,-9.126,3.9263,-9.2178,-6.8442,4.8177,2.7004,-9.9202,5.0833,5.3298,4.4068,6.1282,-9.1392,8.5147,5.3114,3.1002,8.3664,0.1532,-5.6793,-5.3864,-5.9167,3.4637,5.5338,7.0067,-5.4177,-8.4047,-9.5516,8.1711,-1.9182,-3.8244,-7.479,6.6783,-4.2708,-5.9529,6.415,1.2915,-2.2129,-4.8024,3.2437,-6.2183,2.135,-8.2032,0.629,-7.1608,-8.5596,-7.1337,-8.2766,-2.8632,0.5876,6.4969,4.8647,5.6207,-9.4776,5.4636,4.4757,8.4069,-8.9164,-1.8636,1.0983,6.5238,-3.3907,4.7535,-3.5525,-7.8532,0.5649,-3.4654,4.7334,2.1361,-6.1202,-5.5443,9.0315,-4.5081,0.0748,9.606,-9.9895,9.9747,-5.2321,6.2564,-1.5724,4.8738,-9.9802,8.8335,-0.2805,-5.921,5.9349,-9.0319,9.9499,-5.1392,9.6263,-6.3137,-4.1992,-3.0637,-7.3797,-4.5396,2.2815,-6.404,-7.0204,9.6015,-2.417,9.5337,5.9911,-5.3746,6.8961,-6.4989,-5.5276,9.2617,5.0823,-6.0215,4.5757,-7.9601,-0.8331,-1.5111,5.0448,2.2551,4.361,-1.8579,6.4496,-3.1941,-9.0769,0.4213,-4.8847,4.8329,-2.2633,8.1999,4.697,-1.7883,4.6354,-3.1125,-6.5651,7.0956,-2.2921,4.8083,0.2523,-1.8921,-0.3109,-6.038,-6.1271,-9.5215,0.7296,-6.8183,-9.5179,3.9626,-2.0026,0.3688,-3.0859,-5.8879,6.1633,-9.8446,0.9674,6.0788,4.0022,-1.7075,-2.6131,-0.0286,8.9529,3.825,9.8894,-1.3936,-6.1929,-0.6154,6.9503,-1.1343,-8.4142,-5.4994,1.8983,5.6373,-4.523,3.0136,2.3356,-3.1726,-9.4623,-7.3022,1.4313,-7.0753,-3.0075,8.3955,7.5785,-7.1724,8.7153
9.3266,5.8157,5.6917,-6.6668,4.4301,4.1266,-0.4613,-4.9364,-7.8661,3.3107,2.3299,1.5656,-4.9472,4.2263,0.1383,-3.0978,-0.7345,8.2711,-1.9806,-7.7416,6.3375,-2.2129,7.41,4.2796,0.1621,9.2365,8.8377,-7.8049,3.6282,-6.4721,-0.5059,-3.3077,-4.4174,1.0321,6.9761,1.4173,4.0254,-1.1238,3.4543,8.1971,-1.1683,1.1313,0.0805,8.6854,-6.0713,-0.063,-7.8277,4.0794,7.0432,4.225,-9.2444,-7.4073,-6.2196,-5.5597,-5.9616,3.4587,5.6331,1.9421,0.2466,-2.4847,-5.546,9.2146,-1.1435,9.5004,4.5054,-2.8499,-5.507,-6.2994,-6.1327,5.2341,-3.6241,-2.2209,5.9094,-5.4039,9.6528,0.5643,-2.1988,-8.652,-5.7104,-8.5966,-9.7194,0.6501,-5.1693,-1.0027,-1.4034,-5.1234,7.7826,8.4978,0.4531,-2.1877,-9.3667,9.0425,7.6264,6.5381,4.4448,-7.9142,-4.54,-9.4885,3.0345,-4.7905,6.9868,-8.7098,-9.3381,2.6309,-0.8111,-7.0264,4.2813,-7.2562,6.3629,-2.7256,-3.7506,8.5558,6.8707,3.2885,-8.4133,-8.5996,-5.744,6.4051,4.6059,-2.8112,-7.3012,-3.9649,-1.0394,-6.149,-6.2457,7.961,-7.3275,8.8046,1.5098,-4.8568,-7.8247,9.4222,8.5076,3.2422,4.6036,4.5727,1.1019,-9.9238,3.843,-6.2074,-0.9687,-1.7405,7.1272,-5.468,-4.3,-3.5401,8.561,-0.9362,7.1709,-2.7127,9.0372,-8.0879,9.5264,1.4094,-8.2824,-6.4731,7.3627,-4.6126,-3.4872,6.7655,-7.4443,-6.3354,6.0593,-9.5654,-9.0064,6.1676,-5.7653,1.6292,-1.0905,-0.7864,-2.9241,3.7282,1.9819,-3.3505,7.3565,-5.2235,6.731,5.8941,7.4669,2.8306,6.2521,3.309,8.6842,7.3604,8.7248,-9.4069,9.0579,4.6193,-0.3046,9.3792,-5.3523,9.5712,-6.1478,-0.8756,9.1581,-8.4816,0.9953,8.9296,-6.9402,-7.7008
-0.9485,-3.9218,-4.0384,9.708,9.9233,-1.6389,-5.1089,8.5899,8.7058,9.1521,-9.7282,-7.9811,7.4933,-2.8888,5.1986,3.5862,-8.397,-4.4028,6.1155,-6.7087,-3.0363,-5.8471,3.1143,-0.4586,-9.2808,0.5822,-8.7698,-1.706,-0.3386,-0.3081,7.5604,3.7411,-4.6849,0.58,2.9551,-8.5659,-9.8623,5.1417,8.0854,9.104,-7.462,9.7914,-0.4165,5.4034,2.463,-2.8142,4.4497,-1.444,-9.8043,7.0183,3.5747,2.3171,2.2979,9.9243,1.5595,8.2388,-3.7002,5.1529,3.1712,5.761,4.9822,6.2598,-8.7275,-1.5691,8.2882,-9.6733,-4.4345,0.651,-5.7643,-0.3613,1.4864,-9.2212,8.5589,5.1541,-3.7404,-2.1786,0.2252,-8.8217,8.2338,7.5534,1.6978,1.3529,-3.2522,-8.8107,2.3472,4.9714,-7.6898,5.6623,1.1883,-5.3643,-3.619,-6.0129,0.4013,0.2468,9.8312,-7.2281,5.5246,8.6326,6.3698,-4.2529,5.8188,3.7235,-2.2016,3.126,-7.8076,4.3217,2.5214,7.9572,6.2267,-8.8885,2.8161,-5.0617,-2.185,1.1237,-6.6993,-1.4116,4.5039,0.2075,5.2744,-9.875,-4.0814,2.2811,1.0124,-1.3496,9.8717,1.7112,-6.0136,9.1928,-8.6806,3.9419,-0.699,5.6229,6.5425,-1.7043,5.0302,-2.2361,9.0547,-5.4331,4.4756,-3.8343,-5.1394,4.7215,-6.0138,-1.3178,9.1282,-1.895,3.8152,-4.5752,-6.7718,-1.9421,8.7902,-0.8176,-7.3584,-5.7234,-4.1741,5.8425,-2.1049,-2.2818,-8.2221,-6.589,9.9084,-8.9012,0.6833,2.3582,-7.8035,-3.6061,1.7814,6.065,5.9564,8.8532,-8.2584,-3.4623,-6.8316,4.4938,-5.4947,-3.2463,-4.0054,2.1564,-2.8229,8.3619,4.6287,-0.8286,-2.6077,6.3568,2.0787,6.9458,-4.1785,-0.9716,-5.7043,3.3345,-8.1075,0.8192,-3.5089,-4.7955,-7.8941,2.1988,-3.4951,-2.3273,-6.0294,-5.8138
-8.0469,-4.3999,-9.5398,8.1901,0.7309,0.5108,-8.102,0.0404,2.9763,0.4684,7.983,3.345,-2.1016,1.7919,-0.4432,5.2579,5.1349,-0.5291,-2.6535,2.7947,-7.9249,-5.0578,2.9205,4.9681,3.2719,5.0859,-8.7849,1.7176,-8.6954,-8.3757,9.8107,-4.7789,-0.5599,-4.1678,0.6018,6.2125,7.6257,-4.458,-4.2019,-6.0712,4.1911,8.3697,-0.2208,4.2676,4.0462,-6.5294,9.2878,5.6129,-1.8123,4.4201,3.2668,4.977,6.3751,-4.2313,-7.0951,3.6143,-6.4824,4.6317,-8.4376,-6.3928,-8.037,-2.2594,7.9427,-5.8497,-9.9492,0.7102,1.2729,8.2948,-1.6078,-4.6299,-4.0759,8.7906,3.4318,-9.31,-8.8396,5.4049,0.7374,5.4434,-2.0239,-5.3106,-7.6001,-7.1807,1.8857,0.5714,-5.873,-5.5692,5.7015,3.5341,2.1844,2.546,-7.8373,-7.3321,5.8658,3.5685,-7.9542,-7.1415,4.5264,-0.818,-7.0933,-8.395,4.2445,-8.3276,1.7355,6.9291,2.264,7.6564,-5.7971,-7.6328,7.3671,1.0388,2.7519,-6.3563,-2.9102,-2.9944,-1.2339,-4.4008,-5.6615,-2.2565,0.0515,-5.3573,4.7607,0.6182,-7.1262,8.859,5.2567,-1.6474,-6.8927,7.9085,-9.6038,9.1563,4.1721,5.5691,9.5268,-9.1661,-5.5837,-7.5635,-8.5007,6.5052,5.2545,1.4352,-2.085,3.725,-9.4297,3.0195,-6.1876,9.5651,-3.5549,-8.9109,-1.4542,-2.0045,2.923,-4.5141,-6.1062,2.3021,-8.5855,-6.0475,-6.2235,9.8194,2.4688,9.28,-3.6819,-9.0456,3.444,4.0844,-5.499,2.2614,-3.6705,-9.119,-2.2043,-0.5647,5.3354,-1.2325,-1.0412,8.3414,0.3054,3.045,7.3908,-3.5785,1.268,6.0186,4.4518,-9.4689,9.7201,-5.0852,-7.6706,-7.8467,-7.193,-6.7397,7.6972,3.1759,-7.9661,-4.8031,5.6226,-3.6719,6.6234,3.905,3.4088,-0.0162,-6.6599,1.0345
1.982,8.8218,-9.381,-8.9224,1.5348,-6.6846,0.6565,-0.9104,-1.342,-5.2368,-2.4819,2.0811,1.1262,3.7253,-0.2505,-7.4961,-7.3954,-0.1265,-5.5296,9.046,-1.1592,8.704,1.625,-7.0357,-4.0215,-8.7124,4.8201,-6.3993,-5.5235,-1.5987,0.6724,-8.0214,6.1956,0.5141,-6.7582,5.0162,4.3846,3.761,2.4015,9.3166,-4.267,4.3322,-9.0344,9.5942,-2.538,5.3293,-5.1632,-7.1397,-0.7401,-6.1242,-9.918,6.525,-9.7414,6.1707,1.8553,-4.5127,-1.6422,8.6291,3.0822,3.2557,4.1527,-6.9786,6.3104,2.468,6.7948,-1.0026,9.2048,8.5357,-7.7069,4.8069,9.1959,-7.7372,-5.701,8.5341,-9.5111,2.2159,-5.6769,2.5544,3.186,4.6691,5.6834,-8.8999,-7.6297,-2.5405,-0.7198,-5.7572,4.9218,-9.4589,-8.3032,-9.4733,-9.4332,-9.0427,2.4956,-5.4433,-6.3509,-1.521,-9.8805,3.7595,8.8801,-1.2389,7.018,9.9845,5.6411,3.1435,8.1103,6.3012,-4.181,5.2429,8.833,6.0889,-6.4371,5.3121,-0.438,6.4652,-5.7625,1.0878,0.0752,1.6522,-3.6594,-9.0826,1.0297,3.7169,3.6258,-7.7573,-3.4566,9.2078,-3.0248,8.8408,7.1503,1.9883,-0.9795,-1.7981,-9.0961,2.0878,9.7332,2.6439,2.4683,3.5488,1.4431,9.8469,6.7443,-3.5833,6.2799,-5.8436,0.9402,-9.7992,8.3887,-3.6578,8.5551,2.2772,-1.8161,-3.9189,-6.0458,7.7467,-6.2382,-9.6246,1.9485,1.9954,4.1987,6.5468,3.2844,-2.2624,-2.3777,0.343,2.4727,-9.8804,-8.5112,6.8937,-6.9091,6.9175,2.5645,8.2766,-8.3987,4.812,8.1988,5.2182,9.8151,-8.1927,9.7738,-2.6752,-6.1425,-7.8378,-5.9891,4.4505,-6.4417,-2.4172,3.6987,-1.8235,-5.5768,5.2621,3.7736,-1.8739,3.6352,9.8686,-2.2338,6.6806,-8.9023,-7.1568,2.3716,0.2642
-2.6529,8.6394,1.2546,3.3756,3.8128,-9.9999,-8.3229,-1.4735,6.5629,-3.5229,0.8172,-2.5571,9.1736,-7.6168,-1.257,5.2689,1.1969,-1.662,-2.2827,3.7049,-8.6362,8.7333,-9.3974,5.0338,-0.3505,7.3376,-9.7295,-6.587,-1.3365,8.488,-3.7824,7.2181,-0.6501,-4.0021,1.9542,3.7821,1.2385,-0.9491,-4.6279,1.314,-4.7893,5.3309,6.1937,9.2046,-2.8715,4.6201,-0.6746,1.261,-5.2319,-1.2501,-7.4578,1.419,-4.8143,-3.653,-5.2101,-8.6726,-4.4954,5.9876,8.5992,0.2005,5.0375,4.2561,-3.0976,5.0156,7.3272,-7.6351,-9.9312,3.2939,7.3461,-2.9751,7.1852,-4.0681,9.9051,4.202,3.2264,6.8806,-4.3679,7.8715,0.0369,9.5382,7.627,-5.0691,9.4752,-3.6749,3.7603,-2.5062,9.6086,0.8414,-2.0983,-1.1387,5.9819,2.1359,-6.1554,-5.3901,-8.5375,-6.1564,7.2509,-8.8066,-4.2369,4.9181,4.9769,-5.3565,8.8043,8.9933,6.1668,0.4556,-4.2444,8.1176,6.6096,6.0039,-1.8843,7.1644,7.7798,1.7515,-3.066,-9.2239,8.0756,-4.923,-3.6586,-1.7216,-2.9759,-6.2386,0.6296,-8.2803,8.032,-7.5261,2.703,-3.8489,-7.3881,-4.0008,9.5438,-8.0879,4.3482,-0.1825,6.2618,-3.5885,-4.7033,-0.9011,-4.5597,9.3476,-6.1103,2.7118,0.4057,-4.8658,7.4891,1.2395,-4.5047,-5.01,5.5514,-9.9777,4.9036,-3.901,4.7524,4.9002,-2.8658,-8.7241,-0.1527,1.8754,-9.6016,-6.1066,-9.5849,7.7602,1.0751,-4.1271,-1.0224,0.4307,-6.5237,4.3396,8.4286,2.1815,-2.9741,7.2923,-0.197,5.1722,-4.962,8.5246,-3.0611,-4.0786,-8.6185,-7.5011,-9.227,4.1412,6.5582,3.5575,-7.2489,4.5145,-1.9125,-2.9347,-8.5426,-1.726,-2.7485,1.6676,-3.0367,4.4026,8.4851,6.4849,4.9085,-1.8675,9.4493,2.0925
7.6185,-7.93,-0.9186,7.4016,-5.4294,-8.1081,7.0544,9.2785,-7.0129,9.9645,-0.4957,-7.6497,0.7756,4.0928,9.6881,-1.3405,-4.0397,-5.1289,1.8736,0.5718,3.5844,9.8286,-9.06,-4.5741,-9.8691,4.5188,-4.7276,2.5774,6.5459,3.7822,-4.7912,7.4253,9.8437,3.3689,4.116,3.5691,8.8614,6.9044,-2.0253,-4.4593,4.6384,-9.0903,3.2014,-9.2714,-7.4923,-6.355,4.5567,4.6273,0.2517,-5.4934,-1.7877,7.3461,-8.4129,2.9593,0.5531,8.0373,-1.134,-9.4585,-9.1281,-6.1935,-8.0755,2.4631,7.9488,-3.1845,4.3292,7.7909,-2.9897,3.4727,0.1189,0.2472,4.583,6.7738,-6.9033,6.0426,-0.8728,9.3619,2.7964,7.5053,-8.8958,-5.0057,1.9299,7.1,-9.8,4.3616,6.8576,-1.6087,-4.8819,6.4835,-7.8881,1.063,-9.9179,-3.5038,7.231,-7.6898,0.415,4.6753,0.8826,-8.6223,-4.9825,5.0343,-4.9975,-1.3197,-6.7466,9.0757,-7.4126,-8.6646,-6.3409,-5.7931,7.4924,4.3437,-8.3193,-3.2577,7.7774,-5.4819,9.19,6.4788,-3.148,-8.8126,-7.6915,1.0916,1.7705,1.6702,2.2377,-1.112,-0.0456,9.2257,-8.6201,4.5484,0.2181,-0.8078,7.0715,-8.5257,9.8474,4.6091,5.3964,4.9051,-8.1084,3.014,-3.8516,-4.8311,0.8835,-2.9078,5.3626,-1.0612,2.2572,-1.4702,6.2969,-5.843,-8.5854,-7.9039,4.4249,-9.2109,5.1398,8.4854,-8.9302,-1.04,5.2913,3.5443,-1.1182,-5.8952,0.0353,-6.9229,-2.3457,-4.5936,-1.398,-1.4012,-8.2144,0.3808,-3.809,1.9927,2.4455,-2.8222,-5.0958,1.5251,2.9704,-3.062,9.6087,-7.8414,5.9193,-2.3965,-4.0494,5.7392,-6.5362,-4.2439,4.2049,3.1826,-7.846,0.9655,2.1013,0.5828,4.5543,-3.4424,-6.6861,7.373,5.321,-3.1627,8.8978,-0.2803,-7.8113,5.2479
9.0987,-6.4926,1.0327,-6.5312,3.6861,3.5194,-4.7192,-1.3276,-2.8144,4.8127,-3.1988,5.599,5.383,1.3981,5.7826,0.2876,-9.4567,-4.674,5.2557,4.8631,-4.9826,6.4629,-8.1512,-3.9471,0.7455,6.5178,-7.4753,-2.6388,8.0169,4.4366,9.3246,-7.7944,3.1764,-2.7091,0.4205,-9.7686,-1.6134,7.1079,-0.2322,4.8426,3.2341,-0.1314,9.0234,1.8603,0.2418,2.1431,-1.3595,-6.3457,6.8541,4.8408,-1.8391,5.191,-6.3822,0.3082,-7.2505,-3.5437,-9.213,-3.1231,-4.7969,-9.2756,6.3728,-6.7301,-9.0467,-2.9526,-3.5516,4.9923,0.6226,-1.3868,0.2409,9.6141,-6.6587,-8.6687,7.8724,-3.8702,-5.5992,-0.0465,-9.0888,3.9074,5.6231,4.6282,6.3757,2.5224,-5.6935,8.5921,-4.3609,-6.8126,-3.1866,9.582,0.8191,5.7681,8.5044,3.0772,-4.1994,3.036,4.4299,-3.0638,-0.4183,-4.3863,4.3606,-1.6877,4.8843,8.7831,-1.768,-0.7908,-0.9595,-2.2482,2.7881,-8.7578,2.2447,2.346,8.0833,4.5495,-3.9803,0.8171,4.428,-2.5458,8.0326,6.5305,-8.0735,7.2585,4.681,7.8369,-6.5706,-8.7864,-9.285,-9.1284,-1.758,-0.3013,6.1788,-1.7352,-9.4783,7.8561,0.124,8.9427,-6.0889,-7.6025,-9.0516,6.2211,1.9095,-7.6397,-3.4038,-9.5484,2.8447,-2.1044,-8.5359,-5.8463,-2.3005,2.477,7.7318,-5.6678,6.1447,5.0871,2.8406,2.4038,-5.7647,-8.726,0.0914,1.7887,6.3129,-2.5381,5.0578,2.8311,1.1288,5.4015,-4.8473,-2.1533,0.9877,3.7963,3.6455,-4.8281,2.1182,-6.2281,2.2007,1.9106,-7.9282,-3.6209,-6.0061,-2.2834,8.9077,2.1569,-8.749,-7.9296,-2.8313,9.8126,7.189,3.7788,-0.3125,-6.5123,-3.7477,-1.5489,1.3944,-3.1026,3.7159,8.9384,6.469,-5.0019,-4.3366,-3.5705,-3.3041,9.2315
3.2221,4.6884,-5.7951,3.6367,8.5062,5.237,6.8813,-0.7704,6.6789,-1.8319,-5.2452,9.2129,3.6605,0.8914,8.4596,7.6195,5.3436,2.658,1.1748,6.9947,-8.389,-4.4769,-7.047,-9.2314,5.7009,4.2544,3.467,1.3783,0.8817,2.1147,7.3227,-2.6646,-3.756,6.6598,-1.9861,2.5443,7.7353,7.2691,3.5058,1.6142,-4.5446,7.865,4.5821,1.8511,-6.7356,-7.0689,5.6318,-1.5054,9.3894,8.7078,-0.4365,-5.1512,9.4564,-0.8732,-0.1785,0.6329,8.295,-9.3039,-3.7135,6.5307,-8.643,9.8215,7.6241,2.5408,-7.9507,-6.1762,-3.2151,2.5251,4.0187,5.7113,-7.6786,-3.3079,7.4314,-2.1901,-0.0257,-7.3665,2.2938,-4.2766,5.3666,9.4538,6.7648,5.1609,-0.1317,-8.8222,8.1414,7.4746,9.1571,1.4995,-7.9732,-3.0707,3.3619,-0.4234,-1.6381,-0.3208,-4.9412,-6.8831,-6.3799,-5.82,7.0388,-5.6431,2.7124,-1.9498,2.9508,-7.3491,4.7775,-9.9773,5.9552,-9.8197,-4.5112,-2.1153,2.321,-9.6085,-8.2004,5.1432,3.854,-6.8877,-1.4239,6.7617,1.2855,8.1988,-2.6529,-3.7826,5.6887,-2.0084,-1.6448,8.7267,7.739,-7.1701,1.4457,-3.3769,0.6643,7.7326,-1.3474,3.6394,-2.3159,-5.0936,-4.0787,-9.1877,-5.7901,-7.0371,3.4431,7.2213,-5.3816,4.7116,-1.9396,6.5702,-7.8498,-0.6613,8.9918,-3.3084,-6.1528,0.3917,9.3409,-1.7477,3.663,7.0061,-3.2088,-3.9561,0.5569,-4.8449,3.1607,2.6718,-8.3241,2.0372,3.346,-6.7813,-1.0612,8.85,-6.7303,1.6309,0.7088,7.8884,-3.6093,1.3723,2.0169,-4.4388,-7.6119,0.279,8.3894,-1.2491,-1.9843,-8.8432,-8.442,9.8327,6.8426,1.9314,3.5957,-8.9767,6.9356,7.9467,0.4053,7.7945,-0.5497,-3.6951,3.422,-1.3616,-5.7828,4.1028,0.4452,-8.5866
3.8807,-0.0181,0.0521,8.8061,4.8645,-9.8803,7.7412,1.7967,7.824,-7.5435,-6.654,-0.4466,-4.3941,8.5121,7.4242,-7.8163,6.4296,-8.463,-5.1422,-2.6422,4.2546,4.444,5.3435,4.975,-7.419,-3.0803,2.7561,-7.2866,2.4161,7.3776,8.0962,-5.2957,2.1821,-6.4445,-8.7268,7.8116,-2.3226,-5.0369,4.3339,1.8106,-9.0449,7.6133,5.9928,9.3215,4.148,-6.4244,5.3195,-7.0747,6.0827,6.2822,5.1157,-0.3245,-2.3814,-5.0478,-9.4001,0.5487,9.9836,-3.1683,7.4303,5.0045,5.5066,1.3427,-5.3416,-2.812,1.156,-2.2008,2.6603,3.4044,9.4739,-1.14,-4.1844,-2.1414,7.1301,-4.8057,1.1614,-8.9061,-4.1894,-0.9883,-8.5744,5.5103,4.8439,-8.1085,-3.694,8.2357,-8.6831,5.2247,-8.8954,-1.0617,6.2443,7.5759,1.6595,-8.1789,-5.1755,2.524,-4.555,-2.2145,-6.0133,-3.655,9.0387,0.9698,6.4172,-5.7275,3.4057,0.5576,1.8221,1.0751,7.6512,-4.4273,-2.692,-9.1045,-7.2947,-1.4383,4.535,3.806,-9.9132,1.4501,0.5117,3.5369,-5.0154,-4.9617,2.6721,-1.6136,-3.1303,-2.0566,1.6674,-8.9518,-2.9381,-1.7198,7.7542,-3.2637,4.0903,-0.0087,-4.5512,-0.7208,-1.9997,-6.2211,-1.8755,-8.0134,-2.9498,-2.6964,2.9674,-1.1723,-5.6247,-0.9798,2.0689,-1.2048,-3.2241,-0.3361,-2.695,1.3599,4.8458,7.0401,-7.6267,-3.3461,6.8888,6.3644,-5.5952,9.6023,4.0831,-6.5805,7.2305,3.8158,9.7797,1.1251,9.1864,1.5058,1.4028,3.202,2.6989,1.3583,6.5856,-3.8133,9.8247,-6.8672,-4.0243,-5.2497,-8.3027,0.6947,6.5701,1.6373,-0.6927,0.3238,-5.4501,-8.4036,1.5394,-4.2837,-7.1705,8.1653,-5.1186,3.2134,4.5878,8.3187,-2.9814,-9.5272,-4.3458,9.4251,0.3463,8.8533,-5.0865,-3.1761
-5.9779,1.8474,-4.7875,-5.2947,4.2469,-4.2016,6.9795,5.8294,2.9624,-9.5743,-8.1175,3.1362,-0.5212,3.5612,-8.5235,-4.918,-5.8793,-3.053,7.6304,1.4428,5.0791,-2.0607,-1.477,5.3828,9.8448,-0.5936,-5.482,-0.3804,4.7132,-1.9608,4.6762,2.1294,-2.8399,7.1127,-8.0033,-4.3165,-2.8924,5.5276,-1.9073,-0.9363,5.0509,-1.4218,1.8522,-2.4006,-9.0185,-8.3152,-3.8643,7.1209,3.5958,0.3692,-5.4183,-7.297,-4.2374,8.528,-1.9667,-8.2308,-1.9671,8.9177,-0.1709,7.97,-5.1753,2.6339,-0.2764,-7.2089,-7.3528,-4.2332,3.1823,8.289,-9.7195,4.4676,-8.261,3.0034,-4.648,1.3522,-0.8325,5.0248,2.6595,2.4975,0.3339,9.2997,-8.1268,-9.3656,9.726,8.1935,6.5069,9.4387,8.5834,7.6623,-8.4005,5.0184,-1.7874,-4.2061,0.7878,-5.9195,6.3191,0.375,-7.115,-0.5928,7.5308,-2.6458,-0.294,-3.9596,6.7872,-3.9121,-5.6834,-1.2454,-3.0465,-9.4541,-6.9141,-9.12,-1.8937,-1.0958,9.3375,-9.7244,0.055,3.7111,6.4954,3.5539,-2.4405,2.3133,-1.5053,9.6848,-6.6878,-3.834,6.9331,-4.8493,-7.7573,8.3721,7.0596,-8.8623,-6.821,8.044,-8.5369,-2.1895,5.3252,2.1001,1.4168,-4.1968,2.5805,4.3362,7.9251,6.9472,-9.9205,5.5725,8.03,-2.5732,-7.7689,-7.0237,-0.5971,-4.5164,-0.5943,9.5639,6.7297,5.361,1.7465,7.1578,6.5143,7.4485,0.6583,-2.1625,5.4435,-3.1622,-4.4171,-7.7608,-6.9368,4.1079,1.8727,7.9003,3.5111,-3.5322,4.5549,9.1066,7.866,-0.9499,-4.7947,7.92,1.6441,-1.0636,9.4119,-1.0096,-3.2768,-8.2331,-3.6934,-5.8412,-6.6999,-6.1486,-9.5325,-6.4157,-5.3336,1.8443,5.7091,-1.6719,2.4301,9.7858,0.9789,6.8369,-4.6278,-0.4317,-1.704,9.0829
6.0978,-6.4317,-3.5068,-6.1081,-1.1066,-7.7722,7.3003,0.7111,-9.0999,9.2478,4.6014,4.0715,-5.9959,-8.7118,0.7534,1.3167,-2.98,6.3584,5.6564,8.2985,2.661,-8.4355,5.3058,8.9897,-3.969,7.8951,-2.5146,-8.4429,7.8549,-6.9254,8.114,2.6452,-6.4443,4.031,-6.114,2.9445,-1.4697,0.9027,-4.6649,-3.2982,-4.2756,3.0387,9.7523,2.7314,3.6047,3.6549,-0.8207,-0.1996,1.2294,-0.611,5.8183,-6.7868,0.2512,3.1825,8.0033,5.2448,-8.0402,-2.5758,8.4339,1.5654,9.2368,-3.74,9.3012,1.2513,7.9967,-8.3255,-7.4197,-0.0743,0.9345,-6.7361,-5.0929,0.7744,1.5954,-6.4265,7.4507,-4.921,4.6338,0.0532,7.4068,-5.7123,6.6598,-9.6623,-3.1985,-4.708,-0.7046,9.7089,5.2507,-9.6434,-0.2931,-3.2291,3.1813,-6.4608,3.2676,-2.6465,-7.9132,8.7681,3.4818,7.8568,3.1715,-4.9576,-6.3799,2.1336,-7.6789,3.1191,9.9284,-0.6241,8.1346,-8.8967,-6.0421,-7.8869,-0.1842,9.607,4.7831,6.9459,-3.4246,4.9785,8.5426,6.3306,-0.18,3.6945,-9.6536,1.7622,0.3858,-1.3573,-7.109,-9.426,-8.5417,-7.2101,1.4269,8.9849,3.102,4.8521,-7.8395,7.9874,3.4112,-2.7527,9.3647,4.4558,5.4233,-1.9638,-2.8661,4.1177,-3.0594,-4.8487,6.0824,-9.9897,-9.0679,-1.2585,7.0923,-5.9072,9.0353,-2.7264,5.1286,8.8693,9.2779,-5.7753,-1.0425,8.0169,7.7755,8.4511,-6.0958,8.7577,0.4636,-1.1958,8.0563,3.3829,2.7921,0.816,2.4358,5.6826,7.4511,4.3971,3.2018,-7.1242,-1.7064,8.5767,-9.2997,7.8052,7.4914,-8.0124,-6.3449,1.5607,5.6594,8.1684,3.0069,4.1361,2.1532,5.7348,7.5578,0.9764,-0.1494,-4.1513,-1.3533,-1.9245,-2.7954,7.4503,6.1378,-4.1465,9.6608,-1.0054
-3.6276,5.2525,-0.7744,-2.4365,6.2003,-3.7742,8.3671,-5.6158,3.5064,-7.3701,-4.0996,9.4988,-1.0061,-1.621,9.242,5.3275,-5.2712,-0.7079,-9.9808,-1.3454,1.0816,-0.991,5.0022,3.2944,-8.3139,-8.1067,2.3736,6.9505,4.4629,-1.2629,-4.9339,-5.4309,-6.9454,0.8408,-1.7187,7.0054,0.0588,-0.8027,-0.5739,9.0235,-8.9514,-4.2234,-4.8857,-5.0682,1.4138,8.766,-2.5673,6.6477,2.0398,-1.059,-0.7811,7.5101,0.375,0.9316,6.02,-9.7419,-2.7665,9.0622,7.5004,0.9235,5.6897,5.4612,8.3697,-9.9416,-8.9762,1.0433,-8.9156,-2.7075,-1.9933,-1.2168,-6.526,9.7483,-1.027,-1.6177,-2.5877,9.3046,-5.8295,1.207,9.5359,-1.3586,-0.9644,-5.1437,1.1684,-1.1688,6.1949,-2.6154,-1.8576,-7.635,-9.9267,-9.1084,9.4458,1.9425,-2.6815,4.2593,6.7819,-8.4629,-5.3176,-9.1457,-0.6143,9.1042,-7.5384,-6.2918,1.311,-5.358,9.587,2.3565,6.1932,-5.9301,9.7964,-0.2751,-2.3199,-5.1658,9.2682,5.1912,-2.4241,-2.0146,9.829,2.1835,7.3608,4.0205,-4.1243,-0.341,0.0546,-1.1318,6.4888,-0.0671,-8.7391,-5.7607,5.3586,-0.9025,0.7598,-1.0817,4.786,1.9455,7.0349,1.9847,-6.6161,1.675,-0.982,5.9652,3.5121,-1.6948,-5.5691,-4.9149,-6.5325,2.6198,0.8868,-3.6913,-0.8751,8.3327,2.1062,0.8035,-2.3939,-3.9836,8.5342,4.5477,-1.7274,4.5954,-8.6236,5.5012,4.377,-9.3141,-4.2445,-8.2993,6.3213,0.0386,1.1881,-6.1702,4.2684,1.7497,-1.2843,7.7162,6.1319,-8.6717,7.3583,-8.3634,-0.8274,-7.4664,4.824,-7.4924,9.2264,3.2077,-3.5499,-4.2684,0.2879,-8.1121,9.2065,-8.8971,-7.8786,7.3434,-1.9604,4.6085,-7.4364,-3.1582,-1.0837,-9.6859,-0.636,-0.1077,-4.2818,4.8412
7.3999,-9.3513,5.4882,4.3746,-2.9105,-6.2379,-3.6968,1.1081,2.6816,-3.4999,5.7025,-1.4599,-9.9279,8.2022,1.6044,-1.9436,-1.69,-4.9953,8.0745,1.2951,-2.787,1.5027,-4.9871,-9.6224,-4.9514,4.5634,-7.1001,7.8551,-5.4648,3.7749,1.1255,3.7423,-6.902,-4.7237,6.4155,-5.3641,9.365,3.0637,-9.2973,6.8105,1.4841,9.1979,-8.4127,-1.9836,-8.8787,-6.9317,-8.4106,9.3145,-5.6713,-4.3532,4.1623,5.8741,-5.3113,8.1062,-1.466,4.3241,-7.1285,-0.0192,0.9157,-5.5443,5.8597,-0.8294,-3.482,0.6631,-9.7047,-7.9154,-1.085,7.0944,6.7417,4.5326,4.4248,-8.8516,-6.0867,6.1388,-3.9668,-2.6766,-6.6551,-7.3065,5.2052,-2.1033,4.174,-0.5477,2.7021,-9.1852,6.4099,8.9224,-4.9448,-1.9536,1.2641,0.7499,-5.4128,6.1503,-4.7949,-3.3922,-5.7248,-8.092,7.5307,1.4829,-2.8879,4.2401,-2.1983,-9.7119,4.567,0.4309,-4.1016,5.4597,-7.8579,6.9591,-1.1185,8.5,6.1064,8.5575,-2.6168,2.3244,-2.3464,6.4415,-8.2482,7.3181,0.7706,3.9071,-0.4162,6.6796,6.4555,6.79,-3.7246,-4.5344,6.2293,-0.7098,4.6896,-7.1266,-7.957,-5.6118,-9.8942,7.4389,-7.7584,-0.3151,0.5119,3.8902,-9.9802,-5.7677,8.2093,-6.7121,-1.5614,-9.9114,-1.0161,8.7207,-3.342,8.7602,-8.4003,9.0998,-6.841,-7.264,2.9744,-5.3956,6.9346,1.0674,-3.8408,-5.76,-1.5278,-7.2862,-6.3474,3.9755,8.7381,-4.5632,8.2838,3.64,1.4685,5.1645,-2.5363,-1.3034,-3.219,-7.3784,-8.9485,-5.4765,-9.3246,9.3582,-1.5589,-0.3815,-0.0269,-3.3921,6.6754,9.439,-7.4629,-2.4415,-7.5,7.9564,-1.9131,-6.2354,-5.7668,6.6291,6.4937,-3.3499,-0.1919,9.0399,-4.3736,-3.0724,1.464,2.632,0.5361,0.1077
-4.2059,4.3799,-1.662,9.7161,8.4651,-7.2709,1.1587,1.1798,3.2809,-8.3643,3.1962,-1.5773,-1.2763,9.01,9.8077,-4.5359,-6.0668,-9.4297,-5.2856,-6.9645,-1.331,-5.9693,-8.4089,2.0718,-6.1728,-0.7116,-8.8258,5.0746,-0.6687,6.3726,8.7336,7.0785,-5.5041,-0.583,2.212,3.0197,5.6672,0.247,1.8931,0.6511,-9.5395,-1.83,0.2094,9.9337,-6.1107,-9.071,-9.6252,-5.9147,2.6088,2.5036,-8.254,-5.4327,-3.8036,-3.7109,-1.8551,-9.3938,7.5004,-0.7962,-1.1392,9.8771,-3.3352,-7.85,-9.1727,-1.6297,9.568,-8.9446,4.7009,1.0331,4.9773,-7.339,-3.1424,-4.3081,-7.3081,3.3815,3.909,2.332,1.8474,-7.9863,-3.76,-5.0777,9.2496,-6.0279,1.355,3.0132,-8.6669,7.5539,-9.8148,-8.6973,5.8266,-2.4633,2.9291,-8.7166,7.6902,-1.6345,-2.0325,7.1439,-6.0136,3.9514,2.8856,4.6169,0.8962,9.5311,-1.6992,2.6484,-7.4619,-9.451,6.7345,-1.7538,3.9935,-4.7893,-6.5006,4.2278,-8.4119,-7.0362,-2.3526,-5.1262,-3.4131,-3.4244,-6.1078,0.9549,-5.8265,1.6509,6.2687,9.7859,5.154,-8.3107,6.5517,-8.7895,0.5983,4.3711,-7.4666,-3.1848,4.5677,-7.5811,9.3122,-4.534,-5.244,6.4911,8.3196,-7.1564,6.1663,-9.32,8.0494,-7.7285,2.798,-5.7871,1.4838,-9.9099,-5.3498,-4.4008,4.3247,-1.6292,-3.6701,-8.3034,-1.7066,3.2631,6.1745,-0.1173,0.2436,-4.5968,-8.8234,2.4563,-9.5944,4.4485,-0.4181,-1.7012,-7.2229,7.6785,-7.3144,-2.1629,-6.5024,3.8636,-5.1865,-4.7329,2.5403,1.4645,-9.7624,-7.9792,8.1838,8.0969,8.9696,-7.8042,-6.2895,-1.1932,-8.4116,5.7669,8.8498,-8.4364,-3.9239,9.7205,4.1678,9.0971,-4.9008,-9.3931,-9.348,-3.3679,4.0716,-9.0392,-2.1998,6.9496
6.941,7.9769,3.8116,0.4113,0.3624,-8.8263,-5.5961,6.884,3.1264,2.2288,5.8895,7.6748,7.2284,8.0137,-2.3722,-9.1748,0.7374,8.575,-6.3822,8.1129,-6.6876,-5.147,2.756,-2.7296,-6.4549,-9.8308,6.8962,5.5467,-9.6654,4.7995,3.0356,-2.3768,9.1305,3.3173,-2.4846,2.9444,1.4323,1.2739,-3.5378,4.2501,5.3357,4.5902,-4.2412,-2.6329,4.3261,-2.2043,-7.4684,7.9817,-7.526,1.3841,-3.187,-1.0409,-9.6726,5.6848,-3.3486,-9.9873,0.9115,2.0013,-5.1079,-7.6827,-9.8522,-2.9094,-8.9904,-6.7765,-7.3984,-4.5789,-1.5311,8.1427,-5.3585,6.3225,-6.155,3.299,-1.5261,8.5059,1.259,-7.008,4.5301,8.334,-5.2779,1.8189,4.9144,6.263,-6.8904,9.5891,8.6591,3.6472,1.2775,-9.775,3.5092,9.282,1.7952,-2.6807,8.3386,0.7691,9.5822,7.0124,-0.4953,8.8996,5.3185,7.3309,4.1766,1.3849,3.4488,7.1982,-7.2931,-9.8113,-1.665,0.2571,5.8336,-5.8577,-4.3315,-9.4285,7.3672,3.4562,-5.1862,-5.6072,-2.5911,-6.5306,6.0511,8.9307,-3.259,9.4038,1.1055,-6.2356,-0.9472,-1.5363,-6.3172,-0.9988,8.202,2.4615,-8.321,-1.2539,-6.7349,-1.0303,-7.6099,-5.9536,-3.9708,-6.2164,-6.8928,-4.841,-8.3571,9.2791,5.177,-9.947,-3.2815,-1.3138,-6.2439,-9.42,2.2956,3.7351,5.9469,-0.1165,2.1863,-2.2594,-3.8951,0.4457,-3.6534,2.2832,-7.4237,9.1078,-2.4987,3.2415,9.9331,9.6547,5.111,4.6331,-1.1601,-8.1904,-7.289,5.8576,-8.374,-6.8077,-3.351,1.1251,2.2913,-2.085,4.6072,-6.3283,-7.8636,-9.6196,9.5102,-4.7507,-0.913,2.4072,-5.7409,9.3613,3.2111,-1.8424,-1.4487,9.0814,-1.736,2.0172,4.7334,-9.5427,-4.688,7.4407,6.1062,9.3872,-3.1393,-4.2476
4.787,-5.0485,-9.2122,-9.0494,2.7306,9.7192,-4.192,-6.6539,1.8683,-8.7659,-2.9679,2.7298,4.6934,4.1204,-2.407,4.814,6.2563,0.4498,9.7781,-7.3263,-2.1296,2.7759,7.519,5.4856,-1.6758,9.254,3.1687,-6.1882,1.0703,-2.046,4.3834,6.0482,9.787,5.5996,9.7676,9.1557,-3.0707,-9.7207,-4.3086,-7.2319,-8.283,-7.3155,8.4617,9.8026,-8.4283,0.6972,-4.8259,0.2395,-8.4668,-8.4685,2.5506,7.6477,-1.9275,-2.1,-0.6732,9.6324,6.048,-7.1114,-7.7574,-0.1084,6.9477,4.914,-5.638,-5.4254,7.8189,-5.9607,-3.9232,-3.599,2.4283,7.5994,8.2993,-2.4892,-6.1285,-1.3337,6.3604,4.1149,5.6793,8.9169,8.8051,3.2482,-4.3109,1.8071,-5.3512,7.8868,-4.1107,-6.3974,-7.0932,-7.223,-0.981,9.6563,-7.8105,-8.1993,7.9675,-2.2946,-2.7685,5.7395,-6.8916,5.2894,3.4531,-7.0433,7.273,-6.0457,-1.3239,-7.8299,0.0117,-1.607,-5.5384,6.3758,7.4064,-5.118,-6.6562,-9.5365,9.6142,-3.4848,-2.5312,4.3134,-0.0201,-7.5115,4.3759,3.5276,0.0099,0.8332,2.7376,-0.0493,9.615,3.5223,2.8163,7.7985,6.6072,4.395,-0.9297,7.2597,-5.6448,6.0741,-4.8663,-2.3281,0.391,-6.5629,-6.8652,2.3551,8.8576,-2.0893,-3.084,-7.9178,2.8487,-9.0361,-5.9973,-1.6453,-8.7796,-5.222,-9.9453,-1.5479,-0.6118,1.9958,-1.229,-1.5085,-0.1935,-9.4361,0.8443,7.5569,-6.6013,-8.6196,-2.3966,6.9412,-7.7121,1.935,-3.0402,-4.4147,-0.7762,-5.4808,-2.0846,-4.6035,6.3682,-5.4204,-7.5875,1.8909,-3.9288,7.9015,-8.3899,-7.6609,-5.0693,-3.0875,3.4651,7.8624,-3.266,-8.3772,-1.2128,-4.1944,8.217,-4.1955,-9.014,2.437,-9.0176,2.6488,-8.2854,-8.2257,8.732,2.756,-4.1657,6.1576
-6.2606,0.3191,-9.3695,-2.3427,-4.7016,-2.5567,9.7064,-1.6414,5.4343,7.941,-3.7229,-4.8639,-6.3858,-6.07,-9.2173,-2.6336,5.2933,-9.8155,9.2874,-6.9784,4.6956,2.7892,4.359,3.1393,-9.151,5.5406,-4.21,-6.574,6.5745,-6.1016,3.9062,1.9129,0.6463,6.2549,1.4054,1.4418,8.6797,-8.7174,2.7341,7.2113,4.5846,-5.3617,9.2646,9.7448,-7.1014,5.1736,3.393,9.0258,-5.2198,-5.4261,-2.3745,-0.2163,-4.2946,-9.6359,4.1245,-5.1842,9.3952,-9.5508,1.1978,-8.1588,0.7294,1.9371,-6.0098,6.6125,0.42,4.5948,9.4452,2.8829,0.9398,-8.6374,1.5221,3.8889,0.2475,-3.6069,5.4125,-2.3848,-0.0458,-2.8489,-8.5541,0.7226,-3.6321,8.8045,5.4593,-2.5453,2.9672,-9.9769,2.266,-0.346,-0.8422,-9.8004,3.9919,5.9437,-9.2616,8.9915,3.9456,2.8995,8.5467,8.0271,6.9096,-5.5381,-2.4921,6.1873,-6.1458,-5.3307,9.1569,-5.2601,-2.4947,9.1709,-8.2642,0.4935,8.7572,-3.5195,-5.6941,3.9959,-0.1576,5.9642,3.1741,7.3334,7.048,-9.7055,-9.9362,-8.3426,-1.2757,-8.6029,1.8913,1.1337,4.413,-9.8774,2.7328,-7.0256,7.3228,7.5741,3.9929,-9.2647,-6.0931,8.9806,5.9771,-2.7666,8.3704,7.9359,-6.5343,-1.529,-6.9951,-5.7055,-3.4151,-0.987,-2.1665,-9.5962,4.545,4.1352,-2.9127,7.3007,-1.4504,5.8148,-0.5442,0.616,-6.5892,-2.0985,-1.4159,6.8072,-0.7901,-7.3002,5.2879,-2.0485,5.6895,-6.7383,-8.0739,-8.084,5.921,0.5349,-3.1137,7.7386,-9.213,0.6631,9.6826,-1.099,-0.7441,-3.8383,2.3208,-0.1921,-4.1899,-4.9018,-9.0271,-8.3011,-2.7114,2.1801,2.0865,-8.4164,4.1302,-0.3932,-8.7403,-1.508,1.9198,-7.1583,7.2653,1.3719,7.8562,6.6719,-4.5327,-6.2532
2.2832,5.0333,1.8718,-7.8186,6.1976,4.5288,-8.5002,7.3025,3.8388,-5.0388,0.4806,-8.1836,-5.8799,9.349,2.6491,-8.6849,-0.7158,8.1165,-9.2007,1.135,-7.8832,-3.7086,-5.0348,-9.9753,2.8303,2.768,0.5989,3.0205,-6.8744,-2.7524,0.4819,-4.9093,0.8514,7.1454,7.7104,6.6021,9.3431,-0.9946,9.1847,-1.7367,-1.5402,-6.3032,-8.1185,8.5399,-8.4328,-5.4251,-7.3305,-5.5635,5.1138,-2.9305,-9.4632,5.789,9.9046,-6.8644,7.7311,-9.6509,-4.2086,1.0699,7.0737,-7.0122,8.2936,5.9582,6.3997,-9.0852,-7.3874,0.5349,-5.3221,-9.4486,-0.341,5.7893,-3.2247,-6.6985,-2.5776,-4.9747,-3.1836,3.1232,7.9569,1.885,0.9553,3.6643,7.2226,3.3904,-5.4946,-4.1559,1.1579,-7.7668,6.4201,1.3174,7.8782,3.1896,5.7549,4.4536,-0.6892,-9.045,3.4385,4.4404,1.4868,5.3303,4.6718,-7.4447,-1.9042,-1.4213,3.9928,-7.7463,-6.984,-0.1062,9.2467,-8.0734,7.5337,-8.852,-7.6657,2.1058,0.5338,-7.2299,-8.2031,2.706,-4.2009,0.7988,-5.7691,8.5188,0.0117,8.1998,-9.8188,8.4327,8.6042,-1.383,-2.5705,7.6697,7.7166,0.522,-9.0032,-9.2381,0.0495,7.318,-7.8541,0.5168,-4.8487,2.6287,-5.0587,0.4069,8.0552,5.1183,6.4648,2.4753,-7.3167,1.6241,1.7472,-5.7695,-3.3674,-8.9568,-2.5659,2.0054,-7.9571,5.0792,8.7795,6.0542,3.5414,-0.8844,1.5471,1.0471,-4.348,-2.1877,2.3457,-3.478,-1.133,3.6762,3.026,-7.4085,-0.1401,6.0596,-4.6205,2.0393,-5.1376,2.9312,4.1678,-1.2026,-3.9053,-8.7483,-4.5992,9.7781,-7.0334,3.1624,-7.1526,-4.213,1.7629,0.5486,2.248,-7.4276,-7.2301,-9.1697,2.1733,-3.2349,1.0923,-7.2867,-8.2771,-9.9445,1.8247,7.5262,-6.9565,2.9867
-5.2206,2.3946,4.7947,8.2596,7.9521,-5.1324,1.0479,-8.9823,-5.7458,-8.7768,-3.5733,-2.0019,-0.4539,-5.4871,-4.1527,4.843,7.3924,-8.644,-0.5193,8.3586,7.5533,-3.4472,0.4532,-8.3311,6.3339,4.9541,2.3425,0.7244,-8.0346,3.5555,3.1502,-7.7653,3.1339,-2.5288,8.1577,4.6014,8.2473,6.6092,-8.6403,1.4544,-4.5967,8.4987,7.4577,4.9682,0.2042,-3.8434,5.8721,-6.9631,3.5688,-7.9018,-6.1189,-5.8805,-3.2937,-7.7403,1.5337,0.7902,4.2068,0.9694,9.0196,-7.9275,0.1204,7.6132,1.0076,8.538,4.7884,-5.13,2.1741,2.3962,-6.7419,-2.2715,6.916,-2.8662,4.9027,-8.9141,-0.2155,2.914,7.6262,-7.2825,-8.2857,4.5036,-2.158,7.9093,9.6768,3.35,5.465,3.3877,5.4723,0.8858,0.5317,-6.4768,1.8847,-9.4183,0.9431,-0.0533,5.3095,-3.5627,-5.8717,-8.0041,2.1968,0.103,-3.3102,8.5142,-1.0206,1.6367,-1.1463,1.221,7.0756,3.9173,-1.1293,9.7909,4.1432,-0.8818,-7.2765,5.5696,7.3875,-5.2562,6.9338,-0.5719,0.5956,-4.2543,-5.0918,4.9604,8.3738,2.5799,-7.0969,2.4381,1.153,-7.2948,7.2625,-0.4123,8.4041,7.8578,9.0638,3.5414,-1.9832,-5.6043,0.7504,-7.1722,-0.639,2.8241,-4.8835,2.7998,-5.9499,0.1861,9.5692,-6.3355,-5.119,-3.0354,-1.4213,-0.9932,3.1841,2.6945,0.6598,9.3789,-1.9332,-6.213,-7.3011,-7.6135,8.2808,-0.5006,7.7183,5.2502,-5.0654,7.6239,0.6673,-1.0503,4.5615,-3.9566,6.85,-8.1328,2.4384,-5.7156,5.96,-7.0752,1.1946,-0.0049,-1.7612,1.7123,-1.9973,6.9508,3.5039,-8.9492,-4.5654,6.0392,2.4858,8.5783,-3.7222,-8.8225,-7.2676,-3.3904,0.602,2.6293,-3.5997,-3.5034,-3.7395,0.973,1.5126,3.9227,-6.1419,7.1649
9.8089,-9.3222,7.0225,3.4631,-3.7626,8.3242,-4.8123,3.5487,1.5739,-1.7973,-1.1086,5.2274,-2.2643,6.9767,5.2183,2.6464,-9.1631,-7.1275,0.0832,-9.9546,7.2714,-8.2394,9.5055,-9.155,-0.1125,8.113,9.744,-1.1669,-3.1683,-3.8253,4.4272,0.5784,-4.0926,1.3157,-7.5159,-4.8142,0.3918,-9.3462,2.4308,-1.692,4.3871,-2.2868,-4.6497,2.8017,5.0796,-0.0674,7.7725,-7.7583,2.628,6.6824,3.8705,-7.7238,-0.6507,7.6067,8.2836,6.65,-7.2771,8.0419,2.9699,7.7722,4.3416,1.5352,-3.1456,0.1353,2.666,1.2782,1.8699,3.311,-6.3722,-8.4212,7.0419,-0.8884,-8.0278,3.6389,6.2459,-2.694,2.2326,3.5863,-6.051,-7.8844,-1.6667,2.9224,-2.2022,1.0951,2.336,4.6151,3.0655,-8.782,6.3199,-2.7755,-6.6604,5.5555,2.7448,-2.292,-6.1028,-4.4916,7.9346,5.2787,1.4254,1.5242,-4.2336,-0.8376,9.1552,-6.5107,-2.11,-8.6142,-0.5909,-1.4512,-9.2562,9.7445,-9.9076,5.944,-4.9661,7.2679,9.9379,7.716,-9.6699,9.0895,-3.3286,0.5538,-0.1031,7.8783,-4.3725,0.2382,4.15,-1.8735,-3.6876,5.7241,-1.046,-5.6125,-2.1537,-6.9181,-2.3572,-2.7624,6.5543,9.0985,-1.0254,-9.3219,-1.1729,-6.2731,3.6382,7.5748,0.5665,6.3354,3.6426,-9.6742,-3.0161,0.0031,4.3098,4.2993,1.5281,-2.6845,9.6415,6.2863,-2.7797,-5.7552,-4.4124,0.0834,2.1163,-3.4523,3.1833,-4.765,7.0674,-9.7204,-0.8395,1.5575,-0.077,-0.5846,0.7903,9.6157,-5.2963,4.2828,-4.8006,-6.6153,-2.7784,-1.1815,4.6738,5.278,-2.0331,-3.4118,-8.7106,2.6645,-5.5855,1.8849,6.9776,0.8193,3.4184,-0.3743,-9.383,-0.0548,-6.8884,-9.6685,-7.53,7.5584,6.9438,2.7572,2.5988,-4.6139,-4.7644,4.171
7.0454,-4.3794,1.0828,7.3596,-3.7264,-8.7996,-8.4547,9.8021,-3.9655,7.5476,2.7629,-2.3076,8.0882,-9.5127,8.9435,-7.8493,3.6621,-3.3013,7.1439,9.7884,3.3172,0.9542,-0.4846,8.9813,7.0802,9.8223,-8.2994,7.5543,8.2996,5.3513,8.7895,-1.5305,8.8893,6.8932,5.505,-4.6228,-2.9837,-8.1274,7.4077,7.8508,-3.0878,-9.0447,-1.2112,0.8857,-3.1423,-2.3512,-3.3215,-6.7452,-9.8088,7.3556,-7.3633,-4.2873,-9.5731,7.0949,-6.9239,1.3151,-4.9629,2.7445,3.1639,-0.8315,1.3684,-1.7508,4.5134,0.5232,3.5064,0.8062,7.8579,9.5651,-2.6995,4.9411,8.3961,-2.5618,-4.7684,7.615,6.3031,-6.7664,1.2032,-3.4808,-8.7211,5.9168,-4.2144,-4.1656,-6.3714,-0.3254,3.9771,-1.9706,8.3711,8.0877,-9.3459,7.8335,-7.4147,4.4853,-6.9745,7.5727,-4.687,7.3871,-2.0821,6.3348,3.3732,1.9845,-2.4494,-8.3882,-9.4027,2.8659,-9.1543,0.1048,-6.0516,7.9674,-5.1973,-1.2181,6.9569,-4.4519,-5.1925,1.7572,-7.026,-1.5413,3.4533,-3.1288,0.5182,-7.3714,-7.6112,-4.8761,-1.4246,-1.9077,2.6497,2.6875,-7.8247,-5.8885,-7.6417,-5.6477,9.3546,3.5925,-9.7696,-5.6375,-4.3992,4.1367,-2.1415,8.0581,-2.4655,-2.3333,7.7241,-7.3734,-2.9251,0.1456,-7.9123,-1.547,-4.4018,-2.8936,1.5185,-7.3743,7.4354,-0.081,-8.3438,3.9767,-7.9971,-2.8192,-8.2325,-8.651,-1.4724,8.9349,-1.4673,3.8148,7.0435,-7.3139,-2.8574,4.3413,3.6112,7.0708,-6.5226,9.0965,-0.1999,8.1764,1.0435,1.734,6.8837,9.7837,8.9268,1.5882,-2.5075,-4.6652,-1.6544,-9.1265,3.7674,6.654,-6.3299,-8.6776,-9.7422,4.3754,-6.1333,1.8418,3.0981,-9.6514,1.5436,3.5293,8.3811,-3.8157,-3.4984,0.2126,-5.0412,-4.4299
0.4019,-4.7401,-1.0471,1.522,-1.7534,-6.7131,-5.2022,9.1414,-1.659,-5.6269,1.0329,-0.7567,-3.1189,-1.4913,-7.3525,3.6403,2.6513,0.3583,0.2494,-4.8923,-9.9964,-7.6894,-8.2359,-8.1551,7.2951,-9.6623,-4.1894,-0.6529,-8.5634,-5.64,5.8645,-7.0611,6.4952,7.3594,0.5541,3.9619,-9.8131,-9.3551,8.9978,-2.9005,7.6424,-1.2271,-1.1976,6.3072,-4.4469,-4.7554,-3.2172,1.9416,1.8248,3.3704,3.3314,7.9589,3.8664,-0.694,-1.9971,1.3082,-3.2536,8.389,-4.0553,2.1389,-2.9345,0.5454,-5.6222,-3.054,-8.5033,9.2128,8.67,-1.7138,-9.122,-6.7471,6.9927,-7.111,-2.4565,-3.4565,7.953,7.5855,-3.5157,-0.8929,-0.1991,7.4561,4.7916,6.2401,8.0633,-5.1529,7.5651,-1.0043,8.7192,2.4042,-4.3354,4.1087,7.7218,-4.8003,4.4167,8.3309,-5.6362,4.0123,7.845,2.8957,0.2019,-7.0957,-4.4778,3.9775,-3.3454,-9.1354,4.4433,1.7513,-9.0314,3.7566,4.42,3.0385,2.9313,-6.4976,2.6445,-1.9634,4.8127,-1.2358,-6.3059,6.5787,5.5819,0.364,-2.5316,-6.3211,-0.1255,9.9125,-2.4017,-8.8515,0.171,-8.8337,-9.4681,9.3101,-7.202,5.3504,2.6273,7.8493,-6.0612,2.0812,2.8037,-1.0193,-9.9753,-8.8927,8.5836,6.7261,9.2641,-6.8881,-1.3979,-6.8781,-4.2064,-9.021,-3.0521,-8.2527,3.4952,9.3673,-1.0287,4.5353,-0.0738,8.0396,-2.9889,8.7485,6.2963,7.0158,9.5368,-4.0735,-3.2311,9.3135,0.8121,-0.3908,-0.3947,7.8352,7.2156,-4.25,2.613,-0.0151,5.0748,2.5661,5.4773,5.9856,-3.7368,4.1339,1.4623,-5.7685,3.455,4.7248,-3.9473,-7.1071,-4.6828,7.9029,-6.6842,9.3478,9.2137,-2.6465,-5.141,-6.9737,5.5935,-6.0508,5.186,4.6207,-1.3272,8.5721,-5.6068,7.5265
-3.6551,1.6489,9.0436,5.4942,0.0348,-0.1847,7.8736,4.3499,4.5674,-1.4795,-5.5988,-8.9236,-7.0289,-6.719,0.7011,-0.8111,8.39,-0.5613,-4.7772,4.403,-2.9212,9.006,-5.4284,1.0895,4.4928,3.698,5.2416,7.9729,-3.3175,-4.7778,-8.9954,-7.0528,7.7333,4.1214,7.6302,-3.7296,-5.9483,-0.8653,-5.7081,9.1154,-7.0564,-6.3291,0.1081,-7.2256,3.8661,8.3749,5.8663,5.2111,5.981,3.1403,0.088,6.9866,2.3676,6.6915,-9.299,5.118,8.58,-3.891,-2.7137,8.1692,9.3847,-2.4515,-3.7807,0.3495,-7.5015,-8.1176,3.2529,-7.9763,-6.3138,3.9615,2.9169,4.1517,6.9509,-7.0189,-3.9946,-4.9218,-5.1989,0.071,-1.3532,-8.7202,1.043,7.9886,3.4936,-8.1818,-2.4071,-2.8623,4.0133,-9.6316,-7.7504,7.4046,9.2775,-2.782,-7.3695,0.9922,-9.7107,-1.6128,2.4299,-4.9332,2.7047,3.2889,5.9326,-2.604,0.4381,1.1419,-1.1228,2.8859,6.0986,0.0242,4.9943,-0.2582,6.558,-4.0604,9.8039,5.009,6.4032,-2.5537,6.2837,2.7352,6.3794,3.6502,-9.3119,6.2315,7.415,-2.0601,-4.7354,-9.3262,7.2588,-4.4181,8.5808,1.4424,-6.6498,-1.5965,-7.1502,5.2603,-1.4317,1.9018,5.1958,8.3607,0.7818,4.1298,-7.836,-8.24,4.5197,8.9265,9.3687,-5.4382,2.749,9.9341,9.1282,7.8078,-5.3416,7.0358,2.4546,8.9784,2.2806,-9.8066,-6.6909,-0.2315,9.6184,-0.1344,-0.4662,1.8123,-2.8549,-4.2837,9.3393,1.4148,-9.855,2.2009,8.8454,5.622,1.453,3.3536,-5.9252,8.5949,-5.0245,4.7315,7.7604,3.2112,3.7875,2.3635,-4.0323,4.9812,-7.2328,4.542,2.9331,6.1344,8.7573,-2.0725,3.965,5.2719,5.8564,4.6524,8.6154,4.7101,3.6148,2.5517,-4.5635,7.163,-2.0685,-2.6665
4.8261,4.6453,2.1384,4.6738,-0.1036,8.8594,-0.0397,9.92,-0.2456,-4.5412,8.9512,2.2258,8.0933,-4.8146,-1.778,-7.7272,-4.0871,-7.551,4.1624,3.6112,2.4565,-3.9764,1.7801,3.8441,8.1629,7.9429,6.1241,0.7249,-8.4807,7.9049,-0.9462,-2.8783,-0.2085,-6.1077,-7.7232,-7.4634,9.3023,-8.0642,-1.7478,-2.3766,-8.8124,-7.9332,-7.0166,6.131,3.0308,4.605,2.9458,9.2119,5.6751,8.3709,-3.2155,-3.5803,8.3867,5.6427,-8.9059,-2.2085,4.1187,8.3363,-8.7758,8.6661,-4.1745,3.3852,-0.9397,7.2968,1.4195,9.5361,-9.1344,-6.971,-1.3148,5.2194,1.8866,-2.129,2.3519,-7.4923,4.6915,-7.1792,2.4704,-4.5152,-1.8326,7.6735,8.3513,-5.2044,-2.9489,-8.515,-3.0535,8.6222,-2.8549,-8.6051,5.4652,0.4066,-7.0183,-9.7246,0.3591,-7.4277,-8.2531,5.6552,-6.2798,-2.9186,-1.0945,0.5108,6.6242,8.5328,-7.6497,9.1154,-2.0655,2.9411,5.9805,-6.7438,-3.875,-6.7366,-9.1004,1.974,2.5546,-3.3475,-8.3862,8.5124,-6.4464,-3.2775,7.8082,9.8152,-6.1097,9.3929,8.3561,2.2701,2.0259,-2.2109,-0.0365,9.808,-7.6558,-0.5184,8.0332,-9.9825,4.3003,8.9297,-0.788,-7.9634,-6.6407,-8.9771,-9.9593,-2.0242,5.0763,4.0602,-4.0602,4.1332,5.6926,9.228,7.5649,2.3436,-9.5871,-7.9952,-2.4342,2.817,9.9853,9.3202,2.7743,3.209,8.4627,2.6612,-8.7215,-8.7456,9.596,2.9313,7.7617,5.8026,-3.7464,-2.6228,-9.8247,0.1405,3.1112,2.2025,-0.432,3.7063,0.8861,7.0951,-9.713,-3.6942,-5.1,0.0835,3.5986,2.0444,-9.4917,-8.0421,8.1827,4.0523,8.9479,-3.8029,-8.0477,9.6325,4.1832,7.5189,-1.0854,4.591,-7.3101,5.4605,2.7053,-2.4729,-5.7539,7.3757,-2.3998,-1.9667
9.0995,-4.3896,4.1336,-8.4923,-8.5128,9.9489,-3.4286,6.1682,-4.4286,-9.8314,7.5809,-4.8163,-1.6387,-4.7529,0.5447,-7.7777,-5.1875,1.6759,-8.9625,3.5782,-3.2427,-6.7807,1.827,-1.3253,0.7631,-5.6374,8.251,-1.565,-3.2152,5.399,6.6792,1.0209,-8.931,-5.7005,-9.8647,0.4496,-2.0974,-4.8331,-2.1519,-2.0305,-3.9602,-5.8287,5.317,5.0167,6.0418,-5.1966,-1.8284,-0.579,-1.7016,7.8236,4.3112,0.6695,-7.7832,-6.0587,-5.9928,8.4901,-3.9553,2.7357,3.5793,-8.0613,4.0918,-8.5899,-8.7776,0.1512,-5.288,-1.665,-6.2136,-1.5461,-2.9987,2.7735,1.1963,5.4129,-7.4811,5.1304,-4.8768,8.5418,-8.0804,-9.3398,2.4371,3.6322,-0.1345,-0.2905,7.5969,-8.0358,3.6203,-8.2303,-0.9285,-2.2164,-9.2139,-8.8524,-4.9392,-6.3886,6.8198,7.8842,-9.8852,8.5704,-8.5223,-4.1718,-1.9814,9.5758,-0.2168,-0.443,6.1375,7.0043,-4.3136,-3.1505,7.4991,4.2998,2.8814,9.0757,0.4316,0.2913,3.7442,-6.9667,-2.6242,-4.6146,3.7994,-3.924,0.2497,0.9061,-5.7246,-7.8772,-9.2808,3.7545,8.4335,-7.4131,8.4169,-2.695,2.5812,-6.0538,2.4154,-7.7326,7.753,5.2373,-4.0921,1.4689,1.6123,9.7138,-3.5303,-3.2481,8.3382,-8.4951,6.5952,8.6982,-4.8476,-0.7685,-3.1993,7.818,9.3009,-2.6884,-6.2313,2.9687,9.4232,-8.2302,-8.5683,0.7778,-6.9479,2.4016,-6.6006,-0.8013,-2.122,-3.3285,-5.3046,-2.4529,-5.868,7.435,-6.535,-0.7968,-8.5741,-4.3347,9.6373,-5.288,-0.5825,0.2853,4.8164,3.2068,-7.3236,3.2907,-2.3649,9.867,6.1835,-1.5058,0.0899,9.9224,-6.5624,-3.5576,-4.5825,-9.7038,3.0929,1.6828,-8.6019,-5.9628,1.8118,2.5297,3.5774,2.0358,8.8744,1.1,-3.8007,-0.471
0.6487,-9.0257,-1.9994,-8.7871,-2.1376,-1.6396,7.1455,2.6082,8.2013,6.7838,3.4625,1.325,-5.6321,-2.8866,6.8684,-2.0976,0.9936,-3.0947,-9.2217,0.4266,2.6225,-2.365,-5.9263,-3.4011,-5.6838,-5.4844,0.1815,6.1149,-6.7307,-3.2153,-2.5877,9.2772,7.4935,-8.8421,4.0767,-5.354,6.0284,-0.356,-8.0014,9.9696,-2.0638,3.1884,-6.1627,5.0115,4.9692,-5.0698,3.7771,3.2573,5.9693,-4.3269,6.0318,8.2064,-3.5685,-4.7649,-0.3184,-0.2551,-7.96,-6.9586,4.6357,7.0212,1.2215,-2.2033,-0.9609,5.7856,-7.9457,4.0998,-5.191,-4.4908,-5.2516,-9.7934,1.3238,-8.6404,-2.9255,3.2569,-2.6491,7.214,8.8913,-5.6696,8.9274,-9.8494,2.3542,-7.1451,-8.4053,3.8857,3.9317,2.8837,-7.4186,7.6514,8.661,-0.0616,-1.4291,-0.7144,4.7603,7.105,3.2075,5.4983,-7.4713,5.4104,-5.7127,-3.0019,-7.5497,7.6986,-0.2667,2.9431,-3.6441,9.7561,-9.5002,2.088,-7.6731,7.4111,8.4402,9.1239,-1.4873,-2.1051,-1.9211,1.1584,-6.0806,-0.5696,5.7255,9.2391,7.6665,5.9916,-1.4622,-5.6189,-5.6809,-1.2504,8.8321,-2.4533,-5.7954,5.5816,6.7664,4.1627,-5.0253,4.9119,7.9821,3.8476,-3.0693,0.5864,9.1164,4.9127,6.4501,7.1586,4.3985,2.7959,0.181,-0.7727,8.4892,0.2199,-7.2401,-3.1063,-6.5461,-4.7993,-8.4705,-8.7253,7.6571,-3.1957,5.4896,1.9583,8.1452,7.4809,-0.3026,1.5063,-7.7899,-2.3427,1.0835,0.232,-6.5292,-5.7851,7.6627,-4.3428,-1.4539,-0.1784,3.1884,-3.4875,-5.7067,-0.3368,0.5825,-6.886,7.2474,-4.1681,-6.3278,9.5959,3.5486,-9.5588,-9.1808,4.9242,2.909,6.2063,9.4417,-2.608,-0.6366,-8.9124,1.4413,8.6022,9.8857,9.5357,1.8167,-5.459,9.631,-2.3908
-1.5099,-2.2164,-2.4346,-4.7946,6.047,-9.4391,-1.1403,-1.0127,0.7674,-1.9666,2.4386,3.0511,7.0123,-2.8027,6.8615,-6.6834,-4.7367,9.7076,-9.9518,0.3866,-0.9439,-9.48,3.1396,-1.758,3.5366,-2.2348,8.9018,-1.7117,1.3956,9.1771,-4.5296,4.2239,-6.688,0.1063,-2.0083,-8.1575,3.4291,6.1847,-1.1861,-2.5412,3.6539,8.1755,-4.4155,6.6043,-4.7308,1.4558,-4.0551,-4.9994,5.651,6.2391,4.9257,-2.7405,0.2863,-1.8491,-5.2018,-7.7995,-5.5973,0.4774,2.3127,-4.2383,6.1502,7.0802,4.3414,-2.3056,-5.1573,-6.5676,5.0136,0.9549,-6.7131,4.3398,3.3915,9.0935,0.8136,-4.8833,-5.1698,3.0686,4.8715,-8.9303,7.9989,0.6086,5.5164,-4.2349,-5.8043,-3.8011,0.7953,-9.4468,-8.7622,8.4088,-1.7729,-3.0534,2.0264,-3.6503,-5.3694,-4.6806,-9.3959,6.7838,-8.3601,-0.8838,-8.8867,2.1141,0.352,2.1726,3.341,8.3127,-3.3418,-9.949,4.308,-7.7202,-1.4519,-9.2593,0.9316,-6.5405,2.3895,8.4413,-6.559,3.0022,-2.6137,-5.6428,-2.0519,8.7193,-6.8578,-4.9021,5.2879,5.8991,4.5835,-6.3595,-9.4834,-4.6409,-1.8956,-1.2376,4.7199,6.7285,4.5654,3.9868,3.8303,-6.4461,-1.5439,4.7689,-4.4851,-8.6039,6.2164,-0.6137,-9.8974,6.6078,9.6715,-2.7779,2.0862,-0.1096,6.8423,-5.8944,7.9468,4.902,8.1114,-8.4029,-2.5283,-9.7917,-4.1217,-8.0983,9.7531,-5.0879,-4.5957,2.7452,-3.2189,7.5728,-8.944,-4.2267,-2.4286,-3.6787,5.4889,-9.5498,-4.8999,-4.5803,6.8875,-6.1416,2.233,7.5811,1.4619,8.1111,-6.7129,0.8097,-1.361,4.9599,9.8481,-3.7448,2.3445,4.7723,6.0746,1.1255,-1.2281,0.4671,-2.7184,4.5735,0.7741,2.5593,-7.5714,-6.3821,-2.0416,4.1866,-3.679,7.9886
-6.765,6.26,3.5055,8.1765,6.8989,5.2651,0.0102,-3.7805,6.7681,-3.814,-9.342,8.0447,0.0048,2.7172,7.662,3.2858,-3.1198,5.8686,-7.5015,-1.4078,4.1608,9.3379,3.5447,1.3343,-8.955,-1.6523,6.7033,3.1841,1.2965,-1.1166,4.5279,2.9459,1.217,1.3927,-3.7474,-8.8554,-3.1289,5.0393,5.7907,-8.2186,-9.4054,-1.715,-4.6875,9.1202,2.3436,1.0369,5.9427,9.5472,-7.8795,-6.7991,-1.0671,8.2061,3.0787,-3.9621,-4.569,-1.62,-0.9849,2.9596,5.2719,5.5792,-2.78,7.4167,9.4512,1.59,9.1646,3.4702,-6.2399,-5.9029,-8.0279,-5.0202,2.5283,7.1959,-6.7053,-4.5346,-8.7062,-6.0114,2.6051,2.7748,7.0205,1.6832,9.1002,-1.6825,-8.884,-2.2303,8.4308,-2.8922,5.3726,5.5167,9.7151,3.7548,9.0963,-0.7879,-6.1389,9.3269,-4.5957,6.3554,-6.4858,-3.045,-6.7835,4.8262,1.5407,2.1162,-8.227,-0.9773,-7.7536,2.9282,-2.2636,5.2781,6.4728,-7.7368,3.9797,8.4492,0.9993,-4.7816,-4.8491,4.4651,1.903,8.738,8.711,9.7668,0.4658,5.7312,9.2878,-6.485,5.408,-8.43,-9.6387,9.47,0.0743,5.2798,3.1323,4.0822,1.5879,-9.2431,2.3636,9.4104,1.6101,0.0366,8.1144,-7.6421,-6.1352,-4.0698,7.1544,-4.0167,-0.7295,2.8673,-2.4454,-9.1856,5.762,-5.0832,3.1047,3.2108,6.1553,-9.9551,3.3794,8.5501,1.387,-2.3557,-9.169,-8.2404,3.2947,9.4784,5.7419,-8.5875,-6.2972,4.1109,-0.5806,8.4073,-9.7224,-9.0384,1.7885,-7.3793,5.9436,9.1009,1.7275,1.3771,-1.0437,4.3513,4.9185,-1.8691,-5.9309,7.2238,2.8374,-2.2599,-3.1496,-0.8905,2.7919,4.5059,-7.0169,6.2343,4.8153,3.7884,9.2759,9.7482,-0.5855,3.9647,-5.7083,2.7814,3.4456,9.4005
4.247,6.9068,5.7857,-5.8539,6.7527,1.692,7.7305,-4.7462,0.7387,-1.7749,-3.2539,-6.1291,4.2423,-5.2409,9.8527,9.8701,5.2655,-5.7941,-8.6362,8.5793,7.7863,-8.8088,-8.8301,2.7532,9.1774,3.1202,4.0561,5.9081,-9.1853,2.5887,1.0138,2.9239,-1.7715,1.9638,-3.1081,-8.1134,8.4869,4.904,-3.659,1.2911,-3.3172,-2.3158,5.7858,-9.8872,-1.9533,-5.496,7.2726,9.0299,4.448,4.8498,-5.9026,2.3096,-7.448,8.7288,6.1131,-9.2864,2.2957,1.2419,-7.1363,0.906,-8.0504,-6.6411,-4.7706,-6.7501,3.6628,-4.581,-0.0105,9.5787,3.919,-4.5114,-9.7447,5.5965,4.4454,-1.0894,-1.6868,-7.6355,-1.407,-9.2979,-1.7303,1.3967,-5.8182,4.9747,8.8862,0.5687,-2.2883,-8.1065,-3.1715,9.8256,4.4209,-6.4797,-0.4293,6.9674,-7.2385,-3.7894,-3.0371,2.2934,8.5299,5.2017,7.5028,2.4279,-5.4605,9.7489,2.9028,2.2504,-0.8916,5.3337,-4.5916,-0.4231,-0.1754,-2.1573,-0.1996,2.408,8.1237,-2.8896,-8.872,5.0674,-9.9385,4.8549,-7.351,-8.2948,-0.67,-9.6,2.2878,-4.538,2.388,4.0244,9.9316,4.7209,7.387,-4.1698,9.4159,-2.3666,-1.5094,8.2252,1.6207,-3.6868,-9.6487,-5.6832,9.9414,3.5897,-6.2786,-5.1979,-2.8843,-3.2825,-8.9751,3.9478,0.1216,-2.9418,5.6212,0.8019,-5.889,0.3527,3.9049,8.8749,9.0872,0.1398,-3.345,5.0545,5.9896,4.805,-8.5922,-8.3967,-3.827,8.2445,6.0754,8.23,2.7347,-2.0237,4.4323,-8.4416,7.8731,-7.1533,-9.7288,7.6479,-4.3224,0.9873,7.8305,-4.0644,-4.2416,-7.8995,2.2792,5.6067,-9.7518,-2.0805,-3.3887,-4.3047,9.2763,9.8858,9.4714,1.8963,-1.061,7.9631,9.2364,5.576,-6.9459,-6.136,6.7748,-5.793,-0.9907,-6.5175
5.4628,-2.454,1.9037,-4.9908,-0.3816,-2.6847,9.9572,-7.8891,3.8452,-9.1927,-9.8932,-8.5648,-5.1522,1.6016,1.9377,9.3679,4.9306,5.0404,-4.664,6.4898,5.7777,-5.884,1.0698,-2.5362,-7.2627,8.3312,8.0765,-7.4549,9.069,-1.217,-2.0371,6.4764,3.0828,-2.7336,-0.2159,-7.9527,6.6077,8.9518,5.677,8.3949,0.2676,6.604,2.5432,-5.7354,7.1028,7.4175,8.3541,-1.8645,4.0678,6.9044,-3.4749,9.2943,0.3266,3.5733,6.0201,5.8954,-1.7881,-3.2134,9.3207,-6.049,-5.1232,4.5028,5.6015,3.8894,-1.7122,-4.0833,-2.2807,-5.2945,9.8854,-3.6273,-6.6383,4.1786,1.2038,-4.6915,-7.3678,4.2089,7.791,-9.9113,1.9135,8.6471,5.6433,-8.4469,9.0801,5.2413,-9.757,8.6171,-0.6863,-6.1368,-1.4933,-9.8534,-3.6793,-5.0045,-7.4894,4.1871,-1.5576,7.1484,5.5096,3.4806,-8.4011,-3.2497,-2.186,8.3468,6.5497,-7.2901,-9.8123,5.0357,-8.8205,1.2355,-5.2011,-8.5273,6.1763,3.0224,-1.9618,-3.8708,6.7928,6.6362,-9.6327,5.565,8.9802,-6.0663,-1.6271,-4.6897,-3.385,-5.0734,-5.8151,3.8154,3.7041,7.8348,-3.3119,6.2672,-4.1501,0.1874,-8.2965,-7.0262,6.8162,-5.98,0.7464,-4.1264,-5.5556,2.2088,8.7288,1.3253,2.0566,5.4295,1.5419,-3.6676,-1.5135,0.1165,-5.8466,1.0457,-0.0492,-0.367,-9.8456,-8.1214,-3.2549,7.099,-1.1792,-3.801,-6.5357,-5.3347,-6.6508,-4.0894,-7.5101,-1.6491,5.4091,-1.1041,4.9007,-5.08,2.3694,7.0091,-7.2339,7.8758,-0.2604,-4.4633,6.708,1.7897,-0.2999,-2.3965,4.7905,6.6105,5.8832,1.4671,-7.6421,-1.5741,4.27,2.9348,-7.2825,8.7736,3.2297,3.3658,-1.0549,-2.7134,-8.0703,6.2624,0.8316,5.8957,3.0769,-4.7421,2.2319,-4.3892
6.1944,9.2805,4.0688,-3.7913,-0.4289,-4.662,2.8875,9.457,4.1851,9.2901,8.1216,-2.4019,9.9353,-7.0156,2.6109,-9.8907,8.1521,0.7377,-7.5185,9.0049,-2.601,0.7262,1.7508,-4.1322,-1.9675,-2.3602,8.945,-5.4214,7.0343,-1.9614,-8.9804,-3.0898,-2.1977,-3.709,1.8076,-8.4103,-1.7186,-1.4169,8.9956,-3.653,7.1832,2.5852,7.6043,7.348,1.1934,-1.7088,8.4797,-2.5519,5.4781,-1.9725,-0.6629,-6.4258,2.1384,-4.7473,-2.6804,-5.2616,0.5179,1.2644,7.5628,-2.8687,1.5603,-4.3656,-9.9018,9.6135,-9.9074,4.7017,7.7313,-1.5919,-8.7088,-3.9959,5.7298,-7.4144,8.776,-2.3884,8.7183,5.1576,4.8153,8.1158,-5.4732,7.5934,9.186,-0.496,-0.9852,-7.2754,-7.673,-9.5512,4.0311,4.5307,6.8204,-7.5502,-3.9414,-0.6398,5.6122,-5.2427,5.5495,6.3294,-0.1147,-0.7929,-5.8843,2.0683,1.4596,-8.0042,-6.2424,6.312,2.762,4.0556,-2.5112,-9.003,3.1431,0.133,-2.434,9.4874,-5.9035,-3.2781,-7.3333,-4.7426,-6.0883,-3.9359,-9.1145,4.0227,-2.0713,5.4826,-1.108,-2.5312,8.3934,9.926,5.6463,4.2606,-0.1905,2.6274,-6.8281,-5.867,-6.1622,6.7053,-3.8559,-4.5231,-8.579,-8.6469,-1.0945,-0.6986,4.4253,4.2002,4.8701,-9.7764,-7.2302,2.4017,-4.0372,2.5779,9.8151,5.3738,-0.5604,4.8473,2.4931,-3.5903,-3.3922,-8.8823,-1.1065,6.1836,-2.5484,7.2727,6.6306,0.9454,4.6218,-3.1917,-2.7997,2.4823,-0.348,3.1256,7.1346,-1.0168,2.4054,-5.7453,3.0644,-7.6096,-2.0094,-4.8609,3.7793,6.037,5.5183,3.1388,3.6399,8.7021,8.3967,-4.127,-2.6142,-0.8863,-0.2269,4.0209,5.6073,-8.1476,-8.5624,-2.7794,-2.2509,6.2371,6.0182,7.6001,-8.7254,2.6692,-6.6032,-4.7068
-5.9431,-9.7452,0.8535,-0.9464,-5.1748,-3.8445,3.3788,2.452,-4.0618,-1.6214,3.1771,-1.9069,-7.7795,9.6506,2.1096,0.9898,-1.0654,5.6807,0.6707,-5.7654,-4.7673,7.4479,7.1225,-9.9268,0.5679,1.1878,-5.868,6.7836,9.7621,-0.5505,3.7262,1.1633,-0.2652,6.4348,-4.2915,-1.3516,8.343,2.0102,-0.4936,7.4346,7.2818,-4.6079,0.6107,2.3757,-3.0079,-9.3609,-7.0535,9.639,4.2108,-3.5846,8.7277,-4.0987,3.7843,-9.0026,-4.5626,1.1112,-0.4414,-5.8697,-4.6349,-4.498,-6.8726,9.6445,7.7626,-0.6779,-7.6132,3.0022,-2.3928,8.0264,2.6209,-4.5224,-3.8712,4.0442,2.5395,-7.7069,-7.0853,-6.8085,6.8751,0.619,1.6821,-4.135,-3.0033,5.3382,-3.1286,-8.4373,-1.8536,-4.1525,3.9664,6.2452,1.6515,2.0744,-7.4078,-7.8761,7.6234,3.1209,0.9044,-6.5116,-1.6099,-9.6032,-9.0298,6.4692,-3.3067,4.2659,-6.7209,0.6497,-1.1361,-0.3175,5.3761,-0.8089,9.1878,9.212,0.8333,6.6328,-3.9864,2.8824,-9.8194,6.5525,-0.3426,9.0203,-8.2992,3.475,6.6591,8.2051,8.6488,3.4073,-6.4175,-4.3414,-9.7911,-4.8244,4.6911,2.8804,7.3365,-5.0391,-8.734,8.0468,8.6917,7.9741,-5.822,-2.4356,-0.2664,-3.2096,-6.3827,5.2145,6.831,-8.2903,8.12,-0.3632,1.4031,2.3938,-8.3136,6.0051,-9.0592,8.8046,1.0857,-6.6516,3.7214,-0.2562,0.5937,8.0904,4.3475,5.1053,-5.0504,-7.351,-5.6006,-9.4112,3.7159,-1.8987,1.0704,6.0866,-8.1206,-4.705,6.7765,1.5815,-2.6786,-7.5056,7.831,5.02,4.1662,9.3143,-0.9411,-7.6649,-6.8494,1.0954,-5.4636,6.6199,-3.9537,8.196,7.4027,-1.66,1.6075,-5.5507,-0.2617,9.606,1.2133,7.8457,1.96,9.0072,7.0854,-6.6293,-3.598,-2.4971
-3.6985,-1.4851,-3.3845,-2.509,6.7177,-4.5577,8.5709,-9.307,8.374,3.9921,2.3116,2.0283,-8.1091,-3.0142,-6.9004,9.5836,9.3849,7.6251,4.0374,-0.0069,-7.8897,-4.2021,5.9006,9.1858,0.4963,-4.2898,1.2301,0.0052,-5.4631,8.6195,7.2944,1.4207,-9.3786,-5.985,9.9642,-3.4167,3.7402,8.5285,4.5494,6.93,9.8539,-8.9625,-9.0207,-3.4392,8.6657,2.457,5.8406,4.4399,-8.7418,3.9304,0.5671,-7.3862,0.7431,3.3138,-1.3952,8.3619,-4.8206,3.5282,-2.3765,3.7274,-2.2917,9.931,-8.6669,3.0032,2.4216,-7.7447,3.7184,7.9984,2.1362,7.719,7.9297,4.4774,0.8932,7.298,-7.9819,-7.3233,-0.2844,-1.723,8.4612,-5.1571,-3.1651,-8.5058,8.7246,1.6298,9.8517,9.3168,1.6281,0.2249,-2.757,-4.9571,-4.8103,-6.4097,-8.1542,-3.2293,6.4787,-4.3568,-6.2111,-3.805,9.9843,-2.2314,-4.869,1.3983,-5.2222,-6.0846,-6.0431,-0.5171,6.3591,4.5262,8.3297,-6.3329,-5.8009,-0.1019,1.8185,4.8723,-8.4011,-4.1652,-9.4406,9.001,8.9725,1.812,-6.0039,4.6085,2.6833,-0.5578,5.7971,6.7556,3.4208,7.2721,-1.3658,3.1091,-2.9832,-1.5755,5.0847,5.9898,-7.7104,-8.691,-9.0938,4.7759,-9.4505,-9.2717,-9.889,8.4495,5.0411,-8.4321,-2.85,8.6002,1.7652,-6.38,-1.4009,8.788,-1.0969,3.7284,-8.6858,-9.3841,2.5757,-2.6462,4.0826,3.2938,-0.252,-3.0049,-7.9674,-1.3326,-2.0334,1.9591,-9.0118,-8.8223,-2.991,-5.0973,7.455,5.1143,2.3111,7.926,7.5107,-8.1505,-9.5488,-4.9616,3.6403,-7.2014,-5.5043,-6.3495,-5.8754,4.281,4.9135,0.9172,9.6757,-9.2919,9.7717,0.2469,4.9532,2.4814,-8.4288,-2.9796,6.521,-2.7606,5.6624,3.7546,6.701,-3.6259,2.4645,5.055
-8.0907,4.5767,2.9326,-1.8792,1.6756,-2.2788,3.2886,7.8783,-7.793,-4.5814,9.4017,-1.1614,-9.0165,-2.048,-1.03,6.0866,5.0315,-1.2112,5.6617,-1.5933,4.8533,0.4627,-9.4725,6.8367,-6.2197,-4.8813,-5.1961,-3.6051,6.7698,-9.8932,3.5418,-8.4826,1.8238,-5.0473,-7.4925,0.0511,1.8396,0.3195,9.6928,3.2256,6.7076,7.4678,-7.7075,3.9241,-4.776,5.5508,6.6067,7.6792,-0.8537,-4.7337,-2.1553,2.1121,-8.9502,-5.4801,-0.7914,-6.1248,-6.2896,-8.6402,-6.5268,7.2812,-0.6132,2.4505,9.7938,-7.3705,-2.6601,7.8991,4.2997,-9.3781,-5.3457,1.7609,-0.3866,-4.7572,6.308,6.3871,6.3181,8.0741,-9.3836,3.6024,-3.6714,2.6142,-1.6796,5.2451,3.0359,-8.0105,-9.4158,-7.7018,-6.414,-0.8088,-7.1304,7.2525,5.9434,-4.0843,1.9507,1.3795,-6.4819,4.4741,-3.1362,0.6203,7.1604,8.917,3.2121,9.4751,7.9882,2.3674,4.8243,-9.3262,5.8806,2.7029,-7.7056,-5.5287,0.8778,-1.3901,-9.0666,-5.5342,-1.9063,-0.6818,4.623,-4.7131,3.2571,5.6296,9.6301,-1.2744,1.893,0.5928,3.2252,3.2497,2.1118,5.5054,-9.9921,5.6573,-9.6135,3.7328,-4.0802,-7.3274,7.4289,-9.5139,-6.9886,-0.8388,-8.719,-0.4375,-3.8603,-3.2264,-1.8265,-7.1784,-2.7889,7.476,6.2679,-4.9527,8.0947,-1.579,7.2986,-0.4176,7.9044,-7.158,-6.2692,-7.62,9.3274,2.737,7.5824,4.1977,-7.2311,-6.4204,-2.9588,5.2802,9.2396,7.8303,6.3701,9.7198,5.9692,-9.8698,9.1604,-5.616,2.9539,-9.8127,-0.6393,2.7272,-4.3873,2.8603,9.9407,-2.9109,1.1379,-4.4663,8.9938,2.7368,-8.8537,4.4621,-5.5522,-4.6094,-4.2112,-4.1535,-4.7957,-8.5488,0.9307,7.0689,-1.8387,-4.9389,8.1567,-7.0129,1.2223,4.2758
8.1439,-7.4766,-0.5024,-0.0538,8.641,2.7362,-9.4297,-0.5981,-0.8118,-3.54,5.8732,-3.6609,7.1361,-9.1447,-6.5673,0.9352,6.737,-5.5176,-0.2131,-4.9318,-1.0409,-8.126,-1.5374,9.5552,-7.9557,-2.3964,6.0432,-5.9781,-1.0527,-4.3249,-9.7689,7.8209,0.8183,9.8547,3.7989,0.0198,-2.5045,-0.0335,-3.16,7.516,-4.8203,5.8889,-6.6508,-6.3314,8.4576,-8.7489,4.4795,7.8744,-3.9875,1.6591,2.9692,-6.4898,3.8353,-6.8253,-1.0076,-4.486,8.0256,0.6155,-0.8735,-7.1152,-3.0423,2.8452,4.4795,5.381,4.8665,0.2349,-8.1545,-6.026,-3.3856,7.957,-0.3553,-6.9231,-3.0593,-9.8705,2.9245,7.7542,7.6277,-2.9442,3.0453,9.3477,1.1429,-3.8571,3.402,1.6007,7.8407,7.4515,8.867,0.044,7.9976,0.1836,-3.5367,8.3722,-9.0412,-2.3234,1.7208,4.1592,7.0895,-6.3492,-9.271,-3.9735,-9.5984,-1.519,-4.0525,3.3393,-6.953,-4.588,-2.1501,1.3706,0.9524,2.3408,0.4322,8.8957,-2.8777,-2.6385,-8.5234,5.3031,7.2674,-3.249,7.1303,-6.432,8.0892,3.5195,-8.9042,2.113,1.8296,1.6123,9.9666,0.5735,1.7997,-7.6146,0.5015,0.3946,-7.8397,-9.8059,0.3862,-1.0797,-0.6477,5.6091,7.5806,-1.3157,-5.061,6.9265,0.3785,-4.6597,9.6409,2.7325,9.8107,-6.4391,-1.8514,-9.2292,8.8164,-6.2827,3.5482,-0.6046,-5.5692,2.8993,-7.0579,-8.9593,-2.2511,2.6012,3.1309,2.3048,-1.2686,-9.9524,-5.7672,-3.2007,6.3553,-1.6011,-9.588,-1.4676,-9.6134,7.6636,-3.1703,-8.0647,-0.8286,9.9927,8.2885,-6.9896,-0.1567,2.32,-4.8285,-4.8795,1.992,-2.6161,-2.7538,-4.0096,-1.3332,7.4394,-3.3127,5.0863,-9.9347,0.7577,9.7674,-0.3524,-3.8543,4.6122,-4.5963,1.231,2.0681,7.9474
5.2216,-5.1903,7.5993,-5.7572,4.3707,1.3141,5.7419,7.3009,-8.8284,-8.6719,0.1259,-2.8776,-0.1225,-8.1903,9.4218,3.6389,-5.1265,6.3158,-6.042,2.9073,-5.1827,-0.1968,1.5713,7.2598,-6.5739,-2.0509,8.9047,-2.816,-3.5043,5.7136,4.4631,4.7676,6.3163,-2.4194,5.2649,-9.7287,9.5597,-7.1831,0.7738,-9.3705,6.6263,0.647,-5.4257,4.5336,5.1247,5.1437,-9.1256,-2.8346,-3.274,-9.7236,-5.6581,-2.8909,-0.2553,-6.3037,8.1673,-7.1046,-4.8586,-9.6159,4.9646,-6.7144,-5.1023,-1.7731,-3.5696,-0.3208,8.501,-2.4011,9.3428,-9.6817,6.5192,0.6074,-2.5275,-0.4846,6.8254,8.8311,8.9898,-4.3503,0.8264,-8.0429,-9.0356,5.2882,2.0592,9.5577,8.0099,-1.3506,-1.6767,3.6862,7.7102,4.3509,-6.4175,-8.2729,-5.0775,4.8867,-3.2328,-7.963,-1.3802,7.6997,7.5734,-0.4891,6.285,-0.9879,7.4423,-2.367,5.1824,-5.7604,9.5092,-2.2803,-7.7862,-0.0295,9.8915,4.3878,2.887,-7.5246,-9.4555,2.6238,3.4252,-0.3286,8.7214,-1.6016,4.9045,8.8114,-1.1096,-3.5472,7.7682,5.6414,-8.8808,-2.7981,0.5388,9.3143,-5.6635,4.062,-7.0348,1.9165,4.681,6.418,-1.8715,1.9796,9.9536,7.0777,-9.5155,-7.3377,-9.4572,-8.0441,-8.718,-9.2021,-8.8441,-4.4679,-1.3795,-2.1344,8.8564,-5.567,-4.6095,1.3571,-3.1687,4.6086,8.3283,1.5848,8.48,6.4592,8.9499,-2.4518,5.4108,-3.4988,-6.4167,-3.8334,-2.5672,1.9211,1.1525,-6.989,-3.1172,3.0055,8.0496,-3.5329,0.8658,6.2343,4.67,-3.0343,-2.9537,-5.8844,1.7292,-6.8212,6.1768,7.4033,3.5858,-5.2449,6.878,-0.2989,1.6061,6.2392,-2.6343,-1.0282,0.7576,-4.8021,4.6176,-8.984,-6.0698,4.493,-1.9797,8.2929,-3.468,5.7914
-5.0393,8.3933,8.5927,1.8227,8.3154,-7.3858,9.9214,-9.842,-5.2095,8.8353,-3.111,-7.041,-3.0271,8.7254,3.7892,-0.7932,-9.111,-7.9257,-9.4956,9.963,-8.5721,9.1697,-2.9682,3.848,5.5097,-9.1488,4.6475,0.1245,2.9486,8.7858,7.3538,-6.2241,-3.7056,8.5391,-2.4746,-4.8591,-3.8312,0.0801,-0.6662,-3.0245,0.4937,2.5525,-3.9648,-8.4254,-8.3318,-4.5307,-6.8986,-4.8628,0.226,1.4296,6.2787,3.7085,7.2701,3.2027,4.2426,-2.37,9.1533,6.3688,5.6754,1.0387,5.3048,7.7032,-2.8814,-6.033,-7.2226,3.8741,3.4624,2.0923,2.9382,-6.7756,8.9372,-4.5394,8.0229,7.6834,6.0327,5.5723,3.5589,-1.5066,7.8703,4.3152,-5.2668,7.2805,4.4391,8.4707,-3.9304,3.1347,-2.0207,-6.351,-9.4517,3.6956,6.6878,2.4549,-7.7193,7.9343,4.4551,-0.1034,-0.7391,-3.2827,-1.0409,7.2392,-9.7409,-3.9608,-2.888,4.9733,-2.0707,-1.0201,7.0815,9.8716,6.9315,-4.4287,-8.2918,-4.5273,2.6446,1.2884,-8.0171,-9.8336,-8.6552,4.1699,7.9806,4.3419,7.2917,5.4217,-2.5153,6.4107,-3.9709,-2.4955,-6.6851,-9.2881,-4.1369,3.5302,3.6046,-5.728,7.9642,3.2886,-5.5076,0.1391,6.7188,-7.0566,1.7205,3.3291,8.9025,1.0867,-6.255,1.514,-6.3607,9.1869,3.7711,2.8598,0.5512,0.2879,-3.0404,-2.6963,-9.8842,-8.3585,-2.2911,-1.0723,0.0811,6.6578,-1.8639,-8.9652,2.022,-0.6786,5.6643,9.5907,5.6064,1.1383,6.4075,1.0584,-3.6737,0.7908,-9.0767,7.6858,-2.1791,1.2897,-7.0809,-2.0581,-2.5464,-5.6919,8.0641,-4.5365,2.2268,-1.3039,-9.8284,-9.8514,3.9146,3.4047,-0.5714,0.9109,5.6825,-2.921,7.3225,6.8031,3.5598,7.4089,5.4477,-0.6228,-0.3963,-0.9977,-5.153,5.4895
-4.6862,-5.1303,-2.8701,-5.6734,-1.8488,-7.7044,2.5564,-7.7566,2.4078,0.1679,8.1595,1.7943,8.7678,7.8811,-5.5373,-3.9159,1.0002,7.8178,-2.7454,4.293,-8.0871,1.7031,-8.9563,-9.2149,2.8149,4.4038,-0.0007,8.5885,3.5013,-9.299,-7.3806,-8.6883,-8.2717,6.6515,-7.3024,3.6189,1.3742,5.6097,-9.6571,-0.6591,8.4569,-1.5895,5.1934,-1.87,-6.5791,7.0974,6.7212,7.6306,3.6998,4.9541,-0.2044,-8.6549,-7.1809,0.5415,-2.4772,-2.1615,1.1967,5.5887,5.3801,-7.122,6.4689,8.1651,-1.4602,-2.0467,8.2092,2.401,3.4745,-9.5402,-6.0708,-5.0018,3.0337,-1.3077,6.083,-4.22,-8.3599,-5.0183,-1.3457,4.9491,-1.9704,8.0471,3.2491,-8.4513,4.9329,-3.1413,-7.7621,-3.6913,4.9318,6.8787,4.5338,-8.279,-8.8352,7.8929,7.4283,5.8813,3.6884,-5.0851,-4.1581,-6.8545,-2.7894,3.3782,-0.8626,8.1228,-9.1344,-6.5913,0.109,4.6933,-3.7949,-9.9434,0.5684,-6.0459,8.1764,-3.663,3.5205,-9.5168,-3.303,-7.4666,7.4179,-0.9885,-7.1971,-9.5077,-8.1974,3.5075,-8.4088,7.7376,-3.271,-5.0396,-0.0927,9.1813,-5.21,7.4799,-8.0156,2.1309,9.9641,-8.6232,9.9839,-2.9708,8.1958,2.3348,8.0612,9.0115,-0.8053,-7.3567,3.4497,9.0155,6.9254,1.6833,-7.9667,-4.3499,-4.8295,0.7375,-1.3483,3.7429,-9.9572,2.4358,0.943,6.8949,0.2798,5.7269,3.467,-3.1823,-0.209,8.7468,3.499,-8.8623,2.1541,0.3926,-0.342,-6.8012,-1.8098,1.6817,-3.3304,-1.9468,4.2453,-7.9654,-1.2069,5.1658,3.1947,4.9264,-4.6116,4.5787,8.0517,2.345,9.4167,7.492,7.9097,5.0708,-5.2972,7.6209,-3.4704,1.3762,9.1346,5.4203,-2.9257,-6.1085,-9.4113,-8.941,-7.8364,-2.7199,-1.872,-9.8132
-5.9504,-1.2616,2.4282,7.3675,6.2646,-0.7064,-2.0785,-0.1615,-2.3477,-6.4496,6.857,-3.2272,-3.3372,1.6579,1.8856,2.7132,8.5258,-9.9109,1.1795,1.9515,-3.2385,4.8766,-2.573,8.3401,3.299,0.6188,-4.4274,2.9766,9.1737,-5.9609,-0.8667,3.5811,9.5609,8.732,3.9953,4.6237,-1.2939,-4.7589,5.7679,8.9682,8.2887,-5.2012,2.4757,-8.2403,7.5888,-0.0732,2.2888,-1.2679,-9.9425,5.9996,7.5487,-7.2839,-5.1277,-6.2946,2.9045,2.5901,9.7676,-8.9965,4.8238,-6.4455,7.0448,-8.6304,-3.5124,6.7926,-4.3601,-0.5267,-3.4375,1.2365,-0.2704,-8.1667,-9.4685,9.4181,4.51,-4.5706,4.5472,7.121,-8.2679,-2.1262,6.9131,2.6249,6.3591,-6.9934,-3.6787,2.7109,-1.8524,-4.0813,-0.7191,3.7027,7.4602,9.3501,-1.2199,3.9266,5.2258,5.4995,-6.3566,4.3937,-5.8537,2.7766,1.4352,3.3085,5.3746,3.6247,-3.7969,-4.9332,-2.424,3.8257,-1.0059,4.4655,-2.8168,6.1516,-8.2521,-7.3339,-0.9566,-2.5218,7.9621,1.4614,4.1233,-9.764,-5.4947,8.255,-0.865,-1.3815,4.5103,-9.4943,-3.5534,6.3249,8.5957,-6.035,-5.0598,-0.158,-1.5276,-0.5741,-5.2416,-7.0691,-2.4342,3.9756,8.0403,-2.6312,-3.3071,-3.7448,-8.9516,9.0282,5.1849,-8.0924,-7.0454,-3.3237,-2.0191,3.6727,-5.1912,1.748,4.5512,4.0284,-2.9364,6.0464,-9.3699,0.8276,5.53,1.691,-3.5194,-7.9113,-7.3965,-2.9274,8.5863,-6.037,5.6967,2.8617,4.4457,6.0583,-1.3239,4.8202,9.9708,-6.9599,2.7603,-9.9358,-2.1175,4.5667,9.7004,-0.623,8.1359,-7.1505,8.5388,-8.0755,-4.3363,-5.4854,-1.2247,-6.6719,7.6766,-1.2101,-7.7559,4.8539,8.1899,4.1935,8.1236,3.6927,2.0277,-3.9854,-0.1762,6.3512,-1.7743,2.0715
5.1708,6.0703,-4.4203,-4.011,6.0871,-5.0205,6.6772,9.5001,-7.8049,2.5055,-8.0131,-3.1844,6.4734,8.8981,0.2546,1.09,0.5235,8.6633,8.6442,-1.3604,-5.0584,4.7242,-5.9014,7.4529,-1.8376,-8.3871,-8.8883,-2.2653,4.136,4.6687,4.6681,1.2329,3.8989,2.9023,-5.7092,2.5167,-4.6703,9.4755,2.2144,-7.109,-6.0594,1.2255,5.5581,5.1231,-0.4951,-0.6717,6.4428,-2.2523,-3.3913,0.0539,-5.8515,7.674,6.2013,-6.8311,4.6248,-7.9333,-1.0994,-6.0097,3.7899,-7.9756,-7.9837,-2.1002,3.1573,6.0726,-8.203,-3.2581,-7.8629,-6.1198,0.2813,-3.7015,-5.8087,-2.1673,-7.3607,-5.9286,-7.6416,1.5972,-6.5765,1.3129,-9.6495,4.3873,-9.6485,3.0864,-7.138,-5.0661,-2.966,-8.9388,5.7552,-8.7087,3.1473,-2.0537,-0.7143,3.5677,3.8505,2.9687,3.4342,6.7807,4.2898,-8.9982,7.0125,-4.5319,-9.6482,3.399,1.9889,-4.9907,6.7994,5.7435,6.5861,-4.2236,3.7544,3.6074,5.3068,-6.551,-7.3217,3.3946,-3.3522,2.3321,-2.0998,9.6425,9.3423,9.8738,5.8487,-1.7782,9.9474,0.6961,6.1393,-9.935,1.2875,6.4132,-1.6415,5.9185,-6.4753,9.5807,-5.6031,1.649,5.9877,1.7238,-2.4664,0.4293,6.5658,-0.758,0.8053,7.5871,0.3059,3.4443,-1.4866,-1.0584,4.9734,-5.109,3.3821,-0.5854,-8.6426,-4.6826,-4.9985,-8.8704,-1.5613,-4.6815,-6.9863,9.5316,-4.3993,8.711,6.0455,6.9827,6.1171,-8.1259,-9.4317,8.9322,-9.1179,0.8861,-2.9645,-0.6068,5.0409,8.5352,-6.7956,-5.1702,4.4579,-8.9742,7.0132,1.0812,-5.8561,2.7245,5.823,9.1989,-7.7478,3.8987,6.9044,-7.3448,-0.5742,-5.942,-1.7752,-9.1767,-5.7232,-7.1876,1.2906,9.2744,3.8978,-4.0869,8.3095,-2.144,-0.1846,9.4936
5.5114,4.7968,-8.678,0.9571,8.132,-8.5779,3.7786,3.9491,-5.7991,3.315,-3.2632,4.5824,-8.6392,9.6849,2.1146,8.5204,3.7683,3.3485,-7.0714,-3.13,5.3635,-9.4669,7.5333,-6.0237,-3.6669,-8.8963,8.6906,0.6131,-6.7906,-1.2027,-4.7473,1.307,2.9605,7.3097,-4.7642,-0.9508,-5.9655,1.4454,0.0776,-7.2364,5.9779,-3.6906,2.0535,-8.9125,2.7926,5.3095,-6.6242,-8.5912,4.4075,9.0629,0.7089,8.2524,7.6705,-1.0197,4.5213,-3.8666,-7.2964,2.8751,-8.8127,-5.0887,-0.7974,2.0203,-2.3802,6.3399,-0.3028,-4.34,3.0037,-4.7807,9.7177,-3.9666,1.3578,-2.2138,1.6796,1.9583,1.6646,7.6389,3.0746,7.9246,-6.9389,4.6007,-4.8639,-0.7189,-8.4618,-8.22,-2.9894,-8.7678,-3.6388,8.65,-4.671,-9.3285,-0.7201,6.7163,-2.7205,-6.4216,6.7934,1.3376,-8.1374,-5.849,-6.4132,4.5652,-2.8356,-5.6355,5.7123,-9.5165,-8.5343,-0.6514,-6.5513,3.6451,-4.6642,2.4243,-7.6038,0.7101,-8.2872,-0.8732,-9.1775,5.4072,-4.5429,7.3005,2.8552,2.0282,9.1802,0.2357,-1.8325,6.6292,4.9352,8.6073,-7.223,-3.8686,1.1206,0.966,-0.9379,-7.1165,0.7589,3.3712,-6.2098,-4.3987,3.5464,-2.68,-6.2989,-9.7063,-2.0257,8.8617,9.0174,4.1692,3.5711,7.1686,7.865,-5.1599,4.7765,7.199,-9.2609,2.9458,7.1615,-2.1098,-0.4294,2.818,-4.1107,5.7957,0.698,1.333,5.2229,4.2286,-6.4206,1.6011,6.2811,2.6162,-5.3318,-9.0421,-5.5434,5.3813,-6.1215,0.8854,2.3837,-8.3374,-2.886,4.6423,-8.2449,-9.8247,-8.0763,0.8647,-6.3307,-2.9041,5.5741,7.6095,0.8773,7.6997,0.1033,1.5708,6.8043,-0.768,5.0038,7.5181,-1.7675,-4.0399,3.302,-2.5003,3.1607,0.1433,-1.9435,8.0025
5.1639,-4.5816,6.3483,-0.8752,3.2419,-4.7212,-2.7526,8.8107,8.2266,3.4773,-1.3728,9.7178,-8.5081,-3.5144,2.1892,3.7749,8.1399,-1.4018,-5.3974,-5.0908,-3.0362,-9.3789,3.4371,7.6515,1.7641,-3.5787,-4.8163,8.66,6.5361,1.6299,-6.1004,6.8885,5.0724,1.8513,6.6613,-8.12,-7.5744,-1.1741,1.0329,9.2753,-6.5146,-3.0204,1.7959,6.7283,9.244,-9.0487,7.4043,6.7239,0.3294,-6.2724,5.5561,-3.6108,-3.6505,0.5046,7.3506,-1.9377,-3.4432,4.4334,6.7522,6.2658,0.8764,-9.4594,-0.9464,-7.7701,7.4718,2.4915,-5.5935,6.2371,9.2549,5.7252,6.8472,1.7541,-3.4118,-5.2625,-7.1115,4.3917,0.2825,3.235,3.2289,-3.2912,-7.25,4.9247,2.7084,-0.3979,8.4239,-1.9602,3.7536,5.6891,4.2928,8.6497,9.8486,3.1566,1.1305,1.8226,-2.0931,-5.0209,2.6798,-8.1957,-3.9591,9.8958,-0.7148,-4.4613,-5.9205,7.9953,-7.6226,6.1907,3.3072,-7.6696,-8.6869,9.715,-1.8447,5.4514,8.6871,-1.8219,2.536,2.6823,-2.2033,3.7235,9.8491,8.0877,-9.5658,-4.7208,0.8763,-5.311,-5.3868,9.5916,6.3766,-7.3665,9.7243,9.3255,7.2998,9.5993,-3.5134,-8.557,-0.1298,-7.5577,7.7125,9.6871,5.5975,2.8891,1.8631,9.7138,3.1068,5.3659,-2.2896,6.0376,3.0013,-6.7025,2.0471,6.6134,2.3599,6.2702,9.8436,-1.1426,-3.7314,-2.8475,-8.3905,-0.0027,5.1067,1.444,0.1046,-6.9726,-4.052,8.8646,4.7278,8.4725,5.6329,-9.3462,-1.3903,3.0132,3.2178,4.415,8.3911,7.1783,7.0909,6.5715,-0.7443,3.0471,5.464,-1.9951,9.3612,-6.4031,-5.4181,-9.4521,7.1584,-2.498,-2.2855,-5.5635,9.6707,-3.5359,0.9015,1.7533,-7.6805,7.3429,6.3306,-4.0658,-3.7093,-7.8973,-3.7331,7.8524
0.3785,-3.098,-3.503,5.9052,-2.8089,-0.7023,3.3541,-1.3243,-9.9645,5.619,2.8961,-1.253,-4.2255,8.2025,3.2607,0.9174,-2.7798,5.9952,-5.8422,-4.2128,0.6126,-5.1901,-2.2614,4.6049,6.7921,7.6918,9.648,-8.7127,-0.7971,2.9328,8.5288,-8.8408,1.1085,-4.8849,1.3888,-1.6471,3.7187,-0.33,-9.0227,6.0352,7.3845,8.0418,9.2703,-2.6525,3.0671,-7.0564,5.2563,-0.1111,2.3928,3.5702,-3.638,-0.8875,-5.4788,8.1193,2.941,-1.4226,7.5307,6.0392,-6.8459,0.1086,-9.2717,1.2737,-4.1756,-2.2815,1.4062,4.4218,2.7635,7.4929,2.7132,-8.577,-9.0364,3.818,-9.2659,7.1436,0.4317,-0.2336,4.0405,-5.916,5.7786,-1.8852,3.2315,6.5305,-0.4483,1.1809,-6.8759,-3.4195,-1.6364,3.4823,4.5285,-5.0516,-6.1291,9.6035,-5.2686,6.8668,-8.4886,4.595,-9.6862,2.2448,7.8302,-0.5476,-0.637,8.1373,2.1291,-9.3023,7.6121,8.921,5.316,4.0414,-5.7152,3.0014,-9.2458,-0.1222,6.4633,1.1234,-3.5188,9.9688,-1.2576,3.2265,4.7088,-6.6663,8.4809,9.387,-9.1429,-6.0698,0.2267,8.3202,7.6521,-7.8094,6.8903,3.0658,-9.5845,3.2766,9.6128,-3.0993,6.8536,-6.3635,-1.2982,-3.3348,-0.8743,5.1623,7.458,2.2458,8.3372,-9.2099,7.4273,-7.9588,-0.0492,1.5462,3.1837,-7.8924,8.1569,1.846,-5.9278,0.3734,8.5899,7.0134,2.162,-1.0529,-6.7321,-5.2214,-0.1066,1.6313,-2.8912,8.0747,-5.1267,9.3936,6.3588,1.9025,2.4919,6.9378,5.018,-9.1825,9.7835,-4.4112,-2.4982,-3.6378,-3.6689,9.5823,8.4537,7.2962,-0.2152,-8.2435,2.8418,-6.1729,-8.3972,-4.6778,8.8769,-5.3593,-0.8433,-1.8358,6.4316,-0.9896,9.7893,-8.5334,-8.9605,4.8061,7.52,-5.5352,6.1362,-2.2662
0.5157,9.1141,6.6337,-6.7374,8.713,-0.0159,-2.8638,0.6666,-8.5436,-8.2581,1.4041,-5.1309,6.9393,-8.5152,-4.0822,5.6461,-7.717,-9.2008,-7.2562,4.3334,-8.8277,1.6193,-1.7161,-5.6164,5.955,2.9177,1.6406,3.355,9.5572,6.5975,9.8554,-0.2676,-4.8639,4.66,9.693,9.6995,-3.8733,6.8606,-0.8207,-1.5844,0.5366,-1.3272,0.8851,-8.1232,-1.7295,0.8073,-5.3576,-7.574,-3.0204,-3.3924,8.0689,-1.2504,8.5806,-7.3024,6.8426,9.5526,-3.7303,9.1303,1.3442,-3.4897,-0.7619,-0.4325,-9.5757,6.0438,6.4815,2.3933,2.6517,7.9539,4.3996,3.4227,1.1035,-0.6479,-0.5139,-7.5042,2.5174,-3.2887,-7.8779,0.1926,-1.9419,-8.7408,-6.9957,-6.3794,-5.8301,-7.2283,9.3787,-5.7951,-9.5952,9.7099,4.5972,-5.5607,7.7352,-4.8424,2.3226,3.1281,9.9588,-5.3575,-8.4309,9.4395,-8.4082,-2.688,-4.7583,-5.9228,7.9225,4.778,-6.4152,7.4181,8.3606,-1.6018,-3.4775,-6.5418,-8.6466,4.0967,3.3802,8.356,-6.7874,-6.8465,-7.6257,-0.1973,8.4225,3.6263,-0.7834,6.7295,2.1524,3.3557,-5.7275,9.7193,6.3772,4.1383,0.607,6.4081,-1.4282,-4.2211,1.7444,-3.3173,-6.2949,5.5554,2.3068,8.7776,3.8529,-8.6531,-4.292,-4.6261,-6.22,3.0505,4.304,-6.035,-6.3724,1.7986,6.2202,-1.6963,3.385,7.0688,-8.8019,9.2607,-2.7559,-8.4073,0.3717,-8.9357,7.0601,4.7723,-0.7904,9.9218,-2.7892,-1.054,-4.0154,-6.7763,3.5531,8.379,-9.1126,-1.4214,1.9458,0.2414,2.8124,-3.9478,8.0075,8.1667,5.6867,0.2949,-6.7866,-3.703,6.9815,4.7041,8.805,1.8894,-4.9944,-8.1783,9.4854,-8.882,1.1641,-7.0316,-8.3346,6.653,-7.738,2.1516,3.1334,1.4112,2.2777,-0.156,-6.2415,3.7896
-4.1443,-8.7727,-9.2906,2.5258,-4.7103,-9.1421,-4.1521,8.6477,0.2585,2.9909,0.4164,-3.1626,8.0294,6.9057,4.7537,9.89,2.2104,-4.5298,-3.092,5.372,1.0838,-5.4803,9.0738,8.4825,6.2219,6.6975,6.2259,9.4885,-4.9786,6.5766,9.5558,-1.2281,-9.7534,9.168,2.5197,6.0034,-7.8057,1.9963,6.3049,-3.5281,-4.1857,-9.3443,3.6118,-2.1928,9.0729,-0.6925,-5.2159,-8.4001,4.1101,-2.3278,1.2983,-6.3488,9.1773,-3.215,6.7515,-3.6814,9.1015,-6.4926,9.2725,7.5654,7.7167,1.0251,-8.0286,-4.4915,-7.5636,-6.7545,-3.5056,-9.4998,8.7121,-9.3802,-4.6901,-2.6671,2.1236,-6.7535,5.1561,5.8374,-6.1754,-9.9895,6.9155,-8.2501,7.2867,9.2361,-6.9482,4.6572,4.1167,2.1836,4.4539,4.3234,3.2789,2.4433,-4.6168,7.563,6.335,-1.7346,1.711,8.6784,-3.462,-7.0668,7.9536,6.8554,-3.3541,-5.8647,-3.6199,3.8576,0.44,7.3855,-6.1689,1.6842,-0.0953,0.8694,-3.0456,-7.785,7.2749,-7.8196,2.922,-0.567,2.8719,5.2523,3.3638,7.919,1.4445,-8.3858,-8.7505,8.8603,2.4775,4.7304,5.0565,3.6179,-9.9439,8.7791,3.8446,1.3764,-3.2732,0.1182,-0.6723,-3.8298,-5.7009,9.782,0.391,-1.7978,7.6037,1.235,3.4794,-7.1136,-5.2943,6.5405,-2.4472,-7.5116,-4.0871,4.7114,9.1013,-8.7167,-9.3671,-1.4685,-8.0302,-2.69,3.4661,-8.508,-0.4805,-2.8148,2.8565,3.8543,9.9304,4.9359,1.1601,3.7185,4.5513,1.2467,-6.1904,-4.9419,-4.7581,-1.0873,-4.5679,0.7147,-8.3959,-2.5185,-7.0117,-4.3571,1.1024,-5.0623,6.1637,5.8875,-4.5459,7.6275,9.1786,-7.0755,1.0465,-8.5098,8.9706,6.3348,6.1885,-0.0475,3.4652,-4.2171,-3.0677,-5.0267,4.5252,-8.025,8.836,7.2244
-9.0322,-0.3709,7.0591,4.6256,-3.3542,0.7493,-7.2278,-2.0208,3.0036,-3.6386,-1.3515,4.3937,-6.4117,-1.7741,-0.3386,-4.4072,-6.3758,0.2042,-1.6414,7.6772,-6.3236,-6.9909,-1.7429,-4.1207,-2.9949,-5.5546,-9.055,0.9526,-3.3619,-5.9325,0.2682,-3.5174,-6.1016,-9.532,-8.7443,4.6736,8.1025,1.3109,8.0469,1.5245,-3.1014,1.6675,-0.6165,-9.1989,9.0906,5.1883,-2.9255,-9.0563,6.658,-7.7425,7.874,2.2129,-2.0685,9.2083,2.0386,-0.8871,5.8463,-9.8016,0.7756,-4.1559,4.7518,6.8475,-0.5304,-8.9196,0.4893,6.3575,9.2338,6.489,9.1742,2.8163,-0.9017,5.8459,3.0656,-4.9378,-4.5696,6.9888,2.7162,1.3188,2.5952,6.7091,-9.2632,-9.8542,-8.5992,4.2929,-8.6454,8.9958,-1.0306,-7.4119,9.573,7.4357,-3.1903,8.918,5.3578,-2.1574,-0.1852,5.4076,-5.7301,-6.3065,7.8188,-0.4125,-3.5423,-1.8409,8.0032,-0.6162,-5.9465,-2.281,-9.0447,-2.2442,-7.8089,0.7295,3.276,-5.796,-4.9055,2.2902,1.931,-3.1852,5.5359,2.4866,-0.553,0.6146,-8.7331,6.5424,0.6849,-9.2179,7.2975,7.4584,1.9964,7.184,-7.2863,-1.6248,8.9731,3.6647,4.0144,1.7888,-6.0001,-7.6447,8.1223,6.3842,5.948,0.1712,1.1093,6.6672,1.5915,5.2333,-7.7865,-5.3413,-2.1639,-0.5816,5.9502,5.4174,1.1891,-1.5869,4.2487,5.7173,-8.0224,3.652,6.2238,-8.663,9.7142,-9.0352,8.9846,-0.3875,7.6994,5.5593,4.3503,7.5944,7.4975,9.7877,8.7962,-1.3216,8.8374,-0.7752,7.3373,-8.9617,3.6102,-4.3802,-6.7241,-1.1106,-4.8333,2.602,-5.7841,-2.3933,3.2955,9.8444,-1.5302,-8.6095,9.973,8.8477,4.028,-1.8463,-5.9311,-1.6525,-5.5775,-2.1522,-7.0292,-6.7377,-2.0824,9.262,1.3275,9.0259
5.7296,-6.0956,-2.6551,-5.9682,-1.6905,7.3478,-0.1942,-3.934,0.4791,4.6711,-3.4118,9.7226,-2.4548,6.7954,5.3464,8.5702,1.609,-4.9703,8.4528,-9.9729,5.149,7.4955,-8.3977,8.6746,9.1447,-2.6718,4.4571,8.9101,9.7329,-2.95,6.023,-4.7115,7.8073,4.5843,3.0546,-2.035,-7.1478,8.7937,-6.6141,6.2589,4.5244,-1.2814,0.8878,-7.4064,8.9915,1.2969,-3.2072,-2.5567,-0.9418,-6.6218,-1.6739,6.2495,-6.5038,-2.5363,-1.5205,-3.3595,-0.9567,1.2981,-2.0296,2.9507,-8.5671,-9.5895,-0.9872,8.6767,4.5431,9.4298,0.5592,-4.9315,-7.102,0.7565,2.6558,4.305,-4.5679,4.7823,-6.2687,6.4281,-8.9976,9.054,-5.9975,-6.9199,-6.2814,5.5773,-6.0913,3.9225,7.5841,-9.8678,1.7561,-7.6122,-1.2471,-4.0911,-9.7965,-3.5001,-4.6015,3.9408,-2.5931,-4.7275,-9.0052,-6.4382,-9.657,-1.9353,2.5826,-8.9926,-0.5093,0.5346,-1.2749,5.5193,-0.4739,-7.4692,6.1774,1.0933,1.2,-7.4312,-9.5223,-6.3723,-6.0629,7.4641,2.5726,4.2635,6.8445,6.1947,-6.8125,-2.6815,4.2075,-0.9629,-5.6904,1.0624,3.8835,-7.711,-9.5805,-6.7135,-9.8542,8.1409,2.7802,-6.6136,-2.8482,0.5698,6.1055,1.6824,-7.6527,6.0885,-7.0615,4.9651,5.5607,7.2245,-7.2547,3.1945,-1.8271,0.0321,-3.4261,-4.2464,-3.8318,-2.8979,-5.5895,3.1894,1.9718,-1.0468,8.395,2.3895,8.9717,8.7379,-3.7855,-8.8689,5.7824,3.7762,0.1721,9.7827,5.1584,3.458,-3.5596,7.0172,6.7838,-3.4077,-1.7135,5.5454,-9.4631,-5.785,2.7933,6.159,6.3218,7.9929,-4.564,9.5206,2.6144,4.1453,2.7779,7.7389,-6.4125,-9.0236,-1.9318,-3.8356,9.5358,-0.0536,-8.9577,-9.8101,9.228,-9.6953,2.096,-7.6903,8.4425,9.4674
6.4547,-6.3147,8.1005,4.0987,2.9444,3.1973,-0.0787,-2.9941,-0.7552,-9.2115,2.8475,-2.4624,0.5146,-5.2791,6.3101,3.4355,7.2424,8.3495,7.9316,-2.4576,6.0139,0.3289,7.5116,5.2508,-1.5073,1.2042,-2.2576,-2.0756,2.2407,0.7848,3.4362,-5.8158,7.1063,-5.0661,-0.1553,-3.674,0.29,-8.1434,5.9506,-7.1427,8.7752,6.1523,0.1075,7.2969,2.6267,5.2395,-4.5192,-8.7173,0.7581,-7.6578,2.36,0.8558,0.7744,8.681,9.5732,7.8908,-2.2797,4.7987,2.4914,3.1627,-2.3479,-4.0015,-0.2496,4.0056,-8.1816,9.3719,4.716,9.4684,-3.9603,9.5611,6.7847,1.0034,-0.1796,-7.4072,6.9503,-4.7149,3.8421,-2.5139,6.5267,-3.793,5.4244,-4.8314,5.6898,-7.8412,7.3547,3.5612,-5.6164,-3.0844,1.4212,3.4019,-8.903,-7.43,-2.8553,-1.8687,1.0234,8.2468,-8.2188,-4.7688,-0.805,-1.9955,-5.1588,0.9302,7.9339,3.0787,9.5455,-0.4633,8.6438,-9.364,0.0295,-1.2445,-1.6616,-9.3176,4.3767,-4.4367,3.6956,4.8104,-3.4158,-3.4288,3.3362,-5.6283,-5.6932,9.8425,-5.0538,2.4599,4.247,9.8045,-2.4609,2.8656,-4.6226,9.9057,-7.7303,-6.0244,-3.0085,0.5077,1.9718,-5.9537,-4.4404,-3.3596,9.0387,-5.5708,-2.6068,-9.1972,-3.397,-6.8377,-9.4677,-8.6743,-3.7189,-0.516,5.6323,-4.7658,0.2811,-4.5205,-9.2853,1.9404,-2.2888,-3.3435,-2.5884,-0.6929,-7.4199,-6.4398,-2.8766,-0.2988,3.8452,8.0479,0.1785,-8.3467,-3.5812,-9.8725,-6.4718,1.9549,1.7395,-9.1455,-4.9007,6.5007,4.489,-8.0604,6.5451,-0.6337,8.1962,4.3352,7.0948,-4.4257,4.0526,2.3746,-2.4338,-8.1079,-8.2938,6.5899,0.1444,-6.1195,-9.3151,-5.3359,-9.9098,5.4324,-3.0285,-1.2256,0.3325,-9.9748,2.3039,-6.3934
8.1641,6.2255,0.995,-3.901,3.1796,3.8002,5.3024,-3.8606,-2.5185,9.4676,-4.4622,-8.8177,2.324,5.5129,-9.5901,4.0605,-7.326,8.2918,9.1102,4.766,8.1788,2.7845,-4.1537,-4.9408,-1.8766,-7.0567,-2.3515,-4.0876,0.2415,8.1766,7.6792,1.2514,6.9274,-0.9896,3.71,6.5473,7.6753,-4.35,2.6521,-3.8871,9.8061,-5.7436,-1.4893,8.6545,-9.2741,8.7311,-6.6047,8.277,-6.348,4.1701,6.0985,3.1511,8.1517,-1.2682,-5.7572,-5.0234,1.1835,-9.0563,1.4928,-2.347,8.757,9.4688,8.7583,-6.5986,-2.8912,7.2454,3.7689,-5.2653,-8.9397,6.7896,-7.7494,4.5624,-6.2343,6.1567,0.8778,-1.2845,3.5483,-1.9878,2.1323,4.6131,4.2805,5.0355,1.7127,1.4694,-6.4135,-4.7642,-2.2742,3.844,-9.0812,-6.5536,9.6173,6.3062,-7.6688,-0.6643,9.7167,4.9479,0.3773,-4.5413,5.3518,0.2105,5.2517,-7.4144,-8.9945,1.3381,9.804,-7.1849,-8.8743,5.8681,1.5211,3.742,-5.5771,8.1004,-7.2338,-2.0115,0.0111,-6.6673,3.5335,7.0794,-4.9315,2.5666,9.8471,9.6705,3.2873,-6.4383,-1.6827,9.3103,-0.1084,3.1566,-9.6674,2.9493,4.5916,-4.5613,-9.181,5.5611,6.564,-8.8418,-9.8759,-4.0538,-6.3579,-9.7979,8.7318,-1.7581,-2.402,-6.7413,-4.6906,-4.2879,9.9926,5.9274,9.6746,0.1361,8.736,1.4179,-9.9742,3.7963,8.5496,5.6814,5.1651,3.9762,-6.6234,0.6742,-3.0332,3.8978,8.5537,9.7531,8.4291,-1.5116,5.7867,1.6304,6.4887,3.5693,-1.7348,9.5319,4.7467,7.2048,-6.1315,5.5927,-2.8764,1.3078,-0.3386,4.7311,-9.1804,-3.6514,-3.1675,-2.0336,-8.0445,3.0442,4.5077,-9.6571,-5.2954,1.5775,7.8023,-6.5305,8.0076,5.6483,-9.3443,6.258,6.8875,0.2511,-1.3291,-0.4487
8.231,-8.9962,9.7968,-5.6457,-9.3231,-2.1549,0.7709,2.9382,4.4675,4.1805,4.7451,-8.6704,4.5525,0.2077,-5.2091,1.4663,6.4319,-3.7492,-7.4144,4.5617,-9.4571,-4.7265,9.0613,2.9888,3.3284,-4.3082,9.8597,-8.5544,-1.0095,1.5512,5.062,1.8459,-1.6076,8.7145,9.6411,5.6344,-0.1823,-0.6798,0.0201,4.4904,5.6208,5.7876,5.8706,-9.0402,-1.3659,7.191,-2.3906,2.3162,-1.6923,-2.7802,-2.4922,3.6017,-8.5721,4.3289,9.0799,-7.7863,9.2982,2.2773,-5.9785,-2.0897,-3.0197,-5.5147,0.5803,8.4254,-1.7151,-3.0325,1.4642,-6.2995,2.5164,-0.8521,-5.8897,0.4046,-4.3082,-5.695,-8.7087,6.8703,0.9937,3.0125,4.4892,8.4189,4.3219,4.9547,-8.7861,-1.1524,-8.9107,9.1219,-0.9929,7.0409,9.3023,-9.5318,2.0422,6.795,-6.585,9.3583,4.7572,6.0701,-4.3158,-5.5879,-1.9361,-6.2133,9.3838,0.6246,8.72,3.8185,-4.5268,-1.8291,7.2355,8.5974,5.5834,7.2222,-1.8942,-2.5016,-8.0595,-5.4609,4.3025,-1.4926,7.5836,4.9095,-5.2134,-3.1058,6.0823,-6.0129,-6.5903,1.1201,-3.696,-8.5865,3.2131,-4.4296,-6.3233,-4.2862,7.703,-4.9698,9.3671,-6.9051,3.0169,-2.935,7.3605,-1.608,-1.8374,-8.9033,-4.4546,1.3613,4.5748,-3.5174,6.6622,-3.9918,-5.1881,-4.2207,-4.0522,-0.8625,-5.0822,5.664,4.61,4.9672,1.8109,-7.7984,-3.2655,-7.8221,-0.0179,4.2908,-0.6621,-1.1199,2.9435,1.7776,6.499,9.1552,8.9603,-9.1116,-4.4166,-4.5732,9.044,5.4151,7.0196,-4.3057,-4.5089,-7.0824,7.5232,-2.4768,-5.0567,-1.6148,4.4552,-3.6513,-5.4862,-4.2562,-2.8321,-0.6103,2.4663,9.1199,-4.2634,-4.9381,-3.4211,-2.2607,1.5196,-1.7697,2.4553,-7.5677,-0.5131,-1.1919,-6.8502,7.9206
5.6189,0.1203,-7.4509,-2.0064,-5.5793,5.18,7.1967,-2.0435,2.3536,6.4082,-5.9306,-3.2611,0.4445,-5.116,7.6127,8.4959,-0.8132,8.3058,2.5167,9.7297,-5.0478,-6.702,1.73,1.956,-0.6522,9.9612,-1.2269,-7.2174,-6.5124,-5.1018,9.4855,7.3812,2.9334,-1.8216,8.5543,-4.0485,4.3318,-9.8793,-4.9041,0.3222,-4.7878,-3.3008,-3.994,-6.9733,-9.2495,-5.2853,-3.1957,-3.1327,5.482,5.3721,5.7238,-5.5313,3.4241,7.159,-7.3673,-6.6462,2.9823,-0.0542,-7.9637,2.1037,3.3739,9.4542,-0.415,-0.1904,-1.0509,2.5423,1.1711,4.6869,2.6003,-3.7597,5.6104,2.4811,1.6011,-7.8236,-1.5708,-8.4467,-1.4578,3.9283,8.8558,-9.3973,-3.7418,2.0337,-1.533,-5.9202,-3.2232,0.4143,9.4551,-7.155,7.9623,-9.974,8.9911,4.2259,-7.8821,-2.1503,-9.3103,7.0369,8.5807,-1.2142,7.7168,7.6658,3.1457,-9.9092,-5.6477,8.1629,-3.7929,4.0336,-6.8957,8.9232,8.9389,-7.9437,2.4457,-8.2189,6.9345,-7.1668,-0.6352,3.0271,6.4693,7.3243,3.6687,1.4076,-8.4471,3.3951,-6.1762,7.842,-0.9733,-1.6934,-7.5432,4.5918,6.1584,-7.4815,0.3714,6.6617,2.9184,-2.3847,2.3874,6.9487,-5.7405,6.3563,-2.3089,9.1813,8.0607,-8.4631,7.6193,-8.5048,-1.4331,1.1877,9.8137,-6.2331,4.8853,7.941,7.6064,-4.0094,3.4058,0.1922,6.5187,-5.8693,-6.541,-2.6036,6.365,9.3483,7.8877,6.6748,8.868,-8.7393,3.798,3.1602,1.7596,3.596,2.9317,-6.6081,8.1413,-4.8791,-0.516,7.1475,-1.0837,2.1223,-7.094,-8.1465,-7.3228,2.4241,-4.1199,7.0249,0.2381,-0.6467,0.0507,-2.8833,7.4834,7.5524,9.5095,-5.3324,-1.1284,4.4622,-4.7807,7.9267,-3.5447,0.6481,-1.8423,9.5525,-8.2717,3.6675
-1.0305,9.9157,-6.2897,8.6909,0.5023,-3.9592,4.2207,-2.894,-9.3556,6.6169,-9.4169,-0.4922,8.2938,-0.9175,8.0788,1.7735,-0.6798,3.0227,-2.2926,-9.2631,-7.7066,-8.7783,6.8168,3.3683,-9.5622,-2.1063,9.1614,-7.6653,1.3281,-7.4197,-6.0002,4.4601,7.6054,0.021,-3.6351,-7.0447,9.9801,6.0663,-2.617,-1.8495,-3.6498,0.2958,-0.4769,-7.0377,-9.6293,-6.4516,9.0224,-8.2987,-3.1841,-8.9547,-8.8372,-9.0344,9.8497,-6.8974,4.7507,9.7477,-1.2133,-5.9653,-3.996,-0.1046,8.575,-8.8645,-6.7669,-7.2351,3.4513,0.2772,-3.4159,0.3091,-0.0391,7.7579,-1.2504,1.8864,1.3049,-6.3934,-9.6991,7.8283,-7.91,9.2308,9.1757,3.079,9.5646,4.7763,4.5572,5.3897,3.4536,-5.8707,-4.0767,-1.1059,4.1384,1.7292,-5.9611,-7.3826,9.9278,2.2655,-1.4601,-4.011,-3.6914,-4.8842,-6.1866,2.1242,-6.9468,-7.4264,1.366,2.0519,2.7363,7.3736,7.9672,-2.107,-2.8568,-1.614,9.0236,7.315,-8.7057,-7.648,7.2237,-6.3875,2.2324,7.6093,-2.4006,-0.2741,-8.8828,0.7282,-4.6745,0.5013,1.8566,-6.2993,9.6974,-5.0492,-1.6495,-3.1128,-7.2139,5.541,-5.4091,6.2269,0.324,-5.7074,-8.9524,-7.9552,-7.0254,-9.9989,2.1464,3.0529,9.8046,0.1362,-4.4803,3.8345,-9.2335,-0.3703,-7.8984,-1.5172,6.5117,-6.0913,-5.3879,-0.7075,9.7388,1.1405,3.3226,-3.463,-0.0012,-4.0492,-5.0854,-9.7848,9.7145,-1.7474,7.0205,1.1814,-4.1673,0.4524,-9.3271,2.0837,-3.9765,8.7456,-3.4932,-4.757,-4.8359,7.7032,2.7313,-7.856,-8.4282,9.1124,3.8422,-3.5337,6.6378,3.5484,3.3978,-9.164,2.5244,-9.4515,-9.2663,0.412,-0.6514,-9.1584,-4.4069,2.9552,-5.9469,-9.72,-2.178,-3.0944,-7.582,2.6849
6.6316,-2.8307,-0.6989,-4.4734,-2.6933,-1.988,4.2221,4.6035,6.9905,2.3149,5.3989,3.6724,7.7845,8.0579,5.6838,4.935,1.9232,8.4264,8.3188,1.1026,-1.1346,-1.8131,-9.9013,1.544,4.0,-1.8084,1.0681,7.1263,-9.7934,-7.903,0.553,7.9649,-7.5765,5.1028,4.0056,0.9711,7.3176,7.8853,-7.9621,2.0624,-5.2679,-5.7459,-0.6102,0.6803,6.3526,3.8929,-7.1161,6.491,4.4336,-5.2106,6.0502,-7.7468,-3.347,8.3372,-3.7038,0.9145,8.0528,-5.7392,-9.8309,4.4603,4.0424,-1.7968,-0.2293,-6.4464,6.4042,-8.9709,8.4062,7.5574,-6.8845,-8.365,4.5383,-6.7996,-4.2834,-4.0064,-0.6941,7.606,6.2286,9.7442,-7.8435,5.6266,-3.3028,-5.8777,-2.2922,9.2049,-9.1771,-0.8869,-1.9203,2.2361,3.1131,7.5286,-8.0545,3.907,-1.0547,3.7438,9.1584,-5.8663,-7.2781,6.6327,-6.0872,2.3266,8.4152,4.1603,2.817,2.6776,-7.5377,-8.0758,2.6757,1.4234,3.7736,-1.3866,-8.5878,-1.0098,9.0098,-3.9283,1.8738,-6.1326,0.3799,7.486,-5.7225,-1.1396,5.6211,9.3082,1.9981,-4.4694,-6.2043,1.5136,-6.7954,8.972,-3.8035,-9.2473,1.1392,1.26,6.7968,-9.1045,8.367,-6.3843,9.7115,7.9393,4.3286,6.3025,4.9251,-7.2086,2.2069,-6.1983,-5.6581,5.2607,2.7958,-7.3865,-4.1799,1.724,3.4919,6.2045,-5.5176,5.9563,1.0154,-8.6012,-8.8676,3.36,5.8182,2.3255,3.0855,5.8415,-6.3339,-1.3951,9.8947,-7.3708,-1.6727,-0.08,4.6706,-2.6556,-8.5986,0.3233,6.9017,-4.2803,8.3132,8.7004,-5.3983,-0.3498,7.6496,-2.2285,2.2268,4.5578,-1.6593,-1.9133,-5.4276,9.5064,-5.6957,3.095,6.4219,-0.958,7.5641,6.4065,-1.2385,1.1794,-2.7659,2.8522,9.6803,-9.0573,-0.7154,4.0787
7.8459,-5.0104,5.1199,2.3045,-2.1245,-1.7302,-5.3837,0.4119,-1.9163,4.9707,-3.8006,-9.89,-5.3922,-6.038,-5.5436,3.8833,7.2688,6.479,1.5385,6.8098,-4.161,-6.058,-1.3307,3.4715,0.3876,-7.4031,8.9174,5.7326,6.2154,4.3189,-4.5753,3.4321,-9.8788,7.387,4.3261,-1.1291,-0.689,-9.8199,3.1068,-3.4202,5.8931,-3.2992,0.6436,-3.5387,-4.119,-7.7657,3.4662,-7.0961,8.1924,-5.0049,-8.3317,0.3267,2.8406,4.2701,-6.4259,4.1087,-4.6006,1.0811,6.3628,1.1195,-5.0052,-3.6212,-7.9582,9.2574,-4.0447,1.4299,-2.0205,-4.6073,-3.3391,0.7674,-7.3294,-7.3971,-6.1862,7.33,9.6963,-4.0376,2.652,-9.0192,2.5188,9.0774,-7.772,-6.1075,2.2749,-2.0461,4.6701,-6.7968,-6.057,-2.6999,5.472,-7.6892,0.2313,-8.2964,-1.8335,-9.7337,-9.916,-5.0218,-4.8395,8.2071,0.7393,-9.6049,5.2125,-8.2491,-1.1539,9.6859,8.4645,5.3203,3.1829,-3.7308,-5.9261,8.8054,6.8174,-6.1213,-8.3747,1.2151,-5.552,-8.7449,7.6857,-5.2204,-6.3389,1.5559,-7.1275,-7.95,-9.2824,6.3208,-0.0239,-0.2654,2.6107,-6.1213,1.5215,1.2772,5.8697,6.6705,-7.8298,-0.92,-3.3127,0.403,-3.9397,6.2504,9.2599,7.3637,6.142,-0.63,-8.6785,-7.2857,3.8862,-1.0965,-3.1975,7.6217,-9.0812,-5.6985,1.589,7.8317,7.293,-5.3691,-9.7081,5.1073,-2.552,-5.5411,-6.0428,-2.6508,5.3322,0.7634,-6.3599,-7.2724,-1.1938,7.4069,-1.0036,-4.0171,2.7691,-0.0457,-7.6056,5.8272,-6.7783,3.0353,9.1168,-6.4817,-1.8633,-6.0317,9.6573,-9.7994,6.3419,-9.8629,0.0254,3.399,4.1874,-1.1179,-5.5067,0.8857,-8.8321,-4.9453,5.2561,6.6124,-1.0592,5.1326,-7.184,-1.538,6.8631,4.2788,1.9399,-4.6718
-6.2263,3.0222,0.1774,7.1592,-9.3752,8.3576,1.389,1.5227,4.1839,-5.4944,8.2854,-2.1482,-1.103,4.33,-3.2686,8.3535,2.6405,6.2021,7.4865,-4.9154,-8.5388,1.6142,4.6717,4.53,6.675,9.0056,0.1778,8.5736,-2.497,-5.3004,-8.347,-5.7502,1.3888,-9.937,-4.9715,2.265,1.2106,-2.1403,8.199,-8.2338,8.8217,2.6496,5.9995,-7.6325,9.9401,-1.2957,-7.1825,-9.4899,-9.0045,-8.6723,8.4705,-8.2423,-7.7746,7.26,-9.468,2.1957,-4.2009,0.0235,-8.078,-6.7835,-4.7893,8.3134,-5.2321,0.0621,-3.2303,-5.8902,7.6485,7.9836,-7.9453,-9.5057,9.3763,-1.4922,7.9911,4.3563,3.2863,5.6349,0.2545,9.6066,2.8413,3.9498,8.2336,9.104,8.1186,-1.4492,-7.3823,2.2362,-8.8251,0.5477,-0.7706,3.9519,-9.8474,-7.4152,-7.9258,4.9907,1.2391,1.7712,-1.0585,-4.1798,6.4486,2.1517,-7.6169,2.2304,-0.3193,4.2978,3.2399,2.7177,-0.9965,2.8945,5.0433,-7.8561,-8.3343,8.5813,4.3739,0.8063,-1.5135,-4.3851,0.4115,-9.8587,4.6283,3.8279,0.9539,-5.7877,-2.2937,5.6255,-0.4993,-8.8987,-7.6904,3.1696,-4.2424,-9.2226,2.4449,-3.5214,-5.8393,-5.5847,-3.5297,7.4015,-8.148,5.9857,2.461,7.4109,-3.3288,5.8376,9.7147,-6.5336,6.0745,-0.8851,2.7475,-7.6385,-0.5233,-3.1887,-9.7169,4.5626,9.4877,-1.328,-4.1156,3.9107,7.4236,7.8971,0.6974,8.8056,-8.2738,-2.4664,8.6194,4.831,-9.4142,-5.9889,-3.2273,-5.7512,0.4352,1.8003,1.0142,9.798,-4.0137,-9.9708,4.5152,-3.9281,1.1142,-7.9525,8.1289,-8.2454,6.0375,-9.1312,9.9518,8.9248,-0.607,2.5484,1.4121,1.9226,4.5345,8.2804,7.5589,-5.1728,7.6623,3.0569,7.1295,-6.3339,-7.5976,0.7644,-1.6758,-8.0815
-3.2628,9.0011,4.0152,-1.2934,-7.7388,7.0787,8.5794,-1.7653,-7.4675,-5.3825,7.9741,-7.0411,6.5522,-2.8539,2.9336,5.0205,-6.6033,-0.0363,-7.9734,1.2365,-9.3623,7.1166,7.7295,-4.5334,-8.221,9.8083,-1.3549,9.9291,-4.8639,1.9639,-2.4402,-2.673,-0.1474,5.5903,-5.4623,5.3684,7.2334,1.6477,-0.1549,6.2698,0.8025,-0.4939,-5.7566,4.072,-8.9075,-3.9091,2.1398,8.5739,5.5817,-7.0807,4.4801,-7.188,-4.9384,-3.2803,-8.4697,-2.2318,-7.4948,-1.5496,6.3204,9.2811,-4.1894,6.106,-1.9412,-1.8518,-3.6512,-3.7751,-0.5241,-4.4881,0.3679,0.7104,7.4819,-6.0848,2.9522,2.4253,-3.8697,-2.9118,3.8201,-7.7403,6.8545,-7.9371,1.0249,6.962,7.9842,-3.866,2.9065,-5.4546,-9.2722,1.5987,-4.542,-0.7105,9.3128,2.3573,-2.7319,2.227,6.1964,0.7957,-1.0763,1.6926,-1.8115,-6.7098,-6.0254,-4.2708,6.5291,2.559,2.6429,7.3619,-6.9558,-4.0233,7.8858,4.4463,3.0777,-0.2028,8.0931,-8.1017,-3.4905,7.86,7.4098,4.8917,2.4987,3.1426,3.1373,-7.8019,-3.5229,-2.6096,4.2648,-6.343,-4.908,-9.7671,-6.0871,1.6517,6.8174,-0.9605,-2.7204,9.1112,4.0974,4.1285,8.4561,-0.811,0.4969,-7.1997,-4.5011,-2.0593,-4.3106,8.0961,7.1496,7.0966,-7.4237,6.2158,5.2967,7.0423,-6.7008,-8.4758,-8.2905,-5.5192,-8.0392,-7.9303,8.2707,-7.8064,-1.5705,3.1882,6.0634,-3.7478,-7.6307,-7.7267,4.3747,3.6928,-7.7145,-5.4487,-4.9369,-7.5079,-9.7668,-3.7346,7.686,-2.6248,-1.0346,6.08,-6.2698,-4.7293,-4.1863,-4.1059,5.5476,-5.9268,-8.726,-8.0275,0.9774,-2.3035,0.7507,-4.5405,2.5091,4.4055,1.8756,-3.296,3.8143,-5.9772,-9.6748,-3.8741,0.5278,-7.3536,4.2488,9.1972
1.4659,-1.2377,8.4025,0.8311,-4.4064,-1.6445,-1.0733,-7.6282,3.5067,7.7486,0.5081,-5.9641,9.3209,-3.4755,-9.0149,-5.5509,9.2598,3.72,1.3379,-9.8322,7.3198,2.4877,-3.9304,-3.2374,-2.5144,-6.6487,-4.373,-6.6797,-2.1246,4.8664,1.3229,-3.6934,-7.3764,7.0296,-5.5754,-2.5171,9.6488,1.1793,4.8308,1.3428,4.6385,-8.2379,-1.1026,4.6342,4.8127,-9.1973,-6.5218,3.7342,8.8952,-5.6445,-5.7564,0.616,5.0789,-0.0745,1.2974,-7.6233,5.4067,-7.9959,-0.6307,-2.7502,7.0291,8.5575,7.5832,-5.9623,4.8252,-1.9442,7.8933,-7.6832,8.6835,-0.2164,-0.8266,5.7339,2.3093,-0.5042,-0.4341,6.9704,-5.4719,-6.8953,7.2442,-4.3306,0.1669,-3.066,-5.6613,0.888,3.906,-9.7128,-8.0461,-6.1654,-1.561,4.6211,4.6233,-2.4503,2.2492,0.4226,8.1665,-5.7996,2.9594,5.589,4.0499,-5.6473,-7.6454,-8.4883,9.936,-2.9026,-4.1414,-5.3305,-7.7094,5.2207,9.6037,5.6598,-4.515,-1.2667,-9.9741,2.2344,5.8917,-1.4199,-9.5302,-7.3677,-9.9676,-0.0275,7.261,-3.7279,-8.7254,-2.4237,5.2052,7.4819,-5.5616,1.971,-5.2541,7.1742,-3.4863,7.5808,3.2345,5.3185,-1.2541,-9.7869,-0.5429,8.1673,5.2604,-3.1336,-1.101,7.7386,-3.4709,-4.0028,8.7202,3.3377,-1.1123,7.4412,4.2604,-0.0274,5.8401,9.1892,-3.6355,0.4914,8.2525,9.2265,-7.8603,0.0531,-8.3209,8.3624,-6.221,1.9717,9.4944,-7.6317,8.3267,-5.5065,7.8817,-3.7155,8.673,6.653,7.8893,9.506,1.7543,-1.4343,8.2904,3.7715,-6.4852,5.2948,-5.9835,0.2255,-8.042,1.066,6.1404,5.2638,0.6411,-8.8788,-6.4661,2.6558,7.559,8.393,8.4764,4.4908,8.152,-8.981,7.072,8.8723,4.411,-7.0202,-6.449,0.0579
1.8069,9.0217,-8.3376,-8.7172,3.9917,-6.7772,8.1359,0.0448,-4.9837,-7.2299,3.95,9.6395,6.2802,-8.8036,-1.8367,9.6939,7.8599,5.7594,-4.7784,-0.515,7.4407,-3.464,-1.9482,7.0933,9.5306,-5.0917,-8.0032,-8.2491,8.5548,-1.5581,-1.8772,-6.002,-9.0967,0.8243,-4.4663,-5.5614,9.3621,7.2053,1.4719,-1.6361,3.7091,9.5995,-5.6303,8.4138,-3.3586,0.0671,-1.0467,6.2804,8.7869,-2.0108,8.1864,-1.7255,-2.6117,-9.3719,1.8159,9.5698,1.716,1.0114,-4.4734,0.8418,0.4352,4.5695,6.6876,6.5953,9.3775,4.5562,1.3858,6.3738,-7.7908,-0.6017,6.0624,-7.2621,1.4249,-4.4414,7.8975,-0.5659,7.7348,-8.4407,-7.8726,1.8002,6.027,-9.5611,-6.4166,2.7801,-4.5895,7.1427,-9.7586,2.2725,0.3343,0.6594,-6.2974,7.2011,4.2445,-2.7018,-6.9719,4.8332,0.6672,6.1636,-6.8257,-3.3239,9.5292,3.0039,-4.5624,-7.385,-5.2442,3.1981,-2.4627,-3.7418,3.895,4.6736,5.7961,-3.3261,2.4627,2.2462,-2.7255,9.3432,-2.9248,-4.4338,-3.3287,-0.2872,-6.9819,-2.558,-6.477,-0.5603,7.8154,9.1513,7.6667,2.3226,-6.5864,-9.45,-9.9422,-5.5185,-2.1389,-8.7062,-1.2455,3.0305,-2.7154,2.8617,1.7445,-0.1452,9.9776,3.2696,-3.2431,0.6172,-1.3892,0.4744,-4.506,-6.926,-9.9079,5.734,-9.8924,-3.72,-8.6917,-3.1253,-4.9485,-5.7175,-7.5972,1.379,2.8542,5.3762,8.8339,-1.7578,2.3282,4.362,-8.0328,4.5369,6.7081,-4.9276,2.3643,3.6968,-5.26,-6.5326,-9.3085,1.9127,-2.734,0.6982,-6.6148,-4.2279,0.954,-6.6879,4.365,-0.9518,9.5307,7.0628,-9.5639,-2.5011,-7.2736,-1.9175,5.5168,-2.8215,3.8135,-3.424,-0.9888,-5.4897,5.4243,-5.211,-9.044,-2.7962,-2.9066,-4.1377
-9.8086,0.6746,5.8448,-6.2543,2.0781,7.202,0.1171,9.6387,1.072,-7.1385,-0.7001,-0.1613,8.5888,-9.5997,-9.6649,-5.3889,-7.0366,3.5024,8.0068,-1.0932,-4.3882,-6.3771,1.3183,4.57,-2.0744,-5.3505,-0.3267,-3.3458,0.0163,5.7341,8.2053,-6.9903,-4.4822,7.6203,3.8621,8.2525,-7.925,1.5611,8.1658,4.0501,5.5759,-0.797,9.1833,5.3114,-1.7204,-2.7672,-3.1485,-0.9049,-9.5148,8.1604,7.8045,7.9917,-7.6606,-2.5808,2.273,3.6325,5.1827,-7.7365,-9.3192,6.8348,-2.9193,7.6086,-3.7804,9.2346,-7.7039,-5.4148,6.7419,3.0019,0.3347,7.5317,-1.0553,2.5627,0.4147,-8.6717,5.5827,-0.4393,8.9203,7.5838,-0.8095,0.3124,9.9686,7.9581,-6.8785,3.5592,9.4021,-9.4527,7.7772,3.5575,0.9921,-9.7623,0.9629,5.7233,-8.7359,1.2344,3.2194,-8.7396,-2.7616,3.4449,2.5219,-2.0473,-4.5657,1.1235,-3.4284,9.1738,-3.9341,-2.1794,-2.3306,-3.2473,-2.3407,5.385,-1.3846,-1.2464,-0.307,9.3835,-1.4207,-3.563,-5.8269,8.2845,9.7951,1.2466,2.5856,6.7945,-2.2878,2.4084,2.7611,-3.6767,-3.7829,5.3905,1.4211,-7.6787,1.1742,-5.449,-6.8836,-3.0008,-0.5796,8.7002,-1.4079,3.29,-7.0543,-2.8376,-8.4744,-3.3779,0.7778,-7.1596,7.3734,-9.2872,-2.5509,-6.3465,-8.6786,-6.3301,3.338,-0.4846,3.1828,-5.1781,3.5398,4.2702,-5.8723,-7.7093,1.135,2.4113,4.0395,-1.2708,9.2284,5.7909,-6.841,-2.5164,1.3916,-9.422,-9.9671,7.6318,1.7218,7.8521,9.7601,3.5432,-4.7365,-1.4173,1.1319,-4.0856,-7.2637,2.8444,-4.0895,8.2837,-5.6709,5.5718,7.9792,7.3702,-1.4136,-2.8759,7.666,9.3798,3.2787,2.1916,7.3816,8.5266,-0.8977,-0.3154,-2.3041,1.6616,5.3296,7.3184
1.3314,4.5804,-6.9738,2.7742,-8.9979,1.6646,-0.0447,-9.4273,9.3669,6.6053,9.6625,6.2824,7.1432,-8.8502,-1.5033,2.43,9.7063,-9.6821,-2.1582,1.6654,7.7138,-7.8021,-2.4984,8.6514,3.6923,-1.322,2.0236,8.2228,-7.5112,7.0448,9.3307,-8.282,3.9598,-5.0354,4.2378,-9.5414,5.5684,4.8009,-6.3089,-9.1909,4.93,3.6891,0.3885,9.6379,4.381,9.303,-6.4176,-9.9444,-1.145,-0.8033,-5.8986,3.3064,3.1418,3.9274,-4.232,-6.1996,-3.2038,-6.0698,1.9791,1.2666,-0.1207,-6.6294,-2.5053,6.9297,-2.985,-3.7178,1.4694,9.7805,9.1625,-3.6279,2.7384,7.7535,-1.2329,-4.7834,-4.4721,7.8315,1.4307,3.1621,-0.7806,-8.7627,-8.7813,-5.7535,-2.7646,3.7762,-7.8211,-2.026,-2.0955,5.8495,-9.9455,1.1452,0.6275,1.9808,-7.9459,-4.2661,-1.2516,-5.6094,-6.934,8.9196,-5.9959,4.9822,-9.7777,-6.0367,-3.3222,-0.3445,-8.5459,-9.0982,5.5144,4.0581,-5.5043,-5.0173,6.9804,-4.7975,-0.2908,2.7527,-0.1686,5.9233,0.4302,6.2342,-3.749,7.0519,-8.2074,1.1745,-9.9026,4.2967,-1.7597,-8.1142,-5.3129,2.9917,2.795,9.5849,7.8161,0.9621,7.1686,4.145,0.0772,-5.9947,-2.8832,-5.9514,-4.287,-6.7791,4.8457,7.3698,-4.5903,4.336,-3.9222,5.5654,-8.8538,3.6366,-5.6953,-1.9486,3.96,-4.0557,-8.7248,-3.9269,6.4292,-5.8655,-2.561,-8.7837,5.2407,8.6269,1.0159,-5.4818,3.8515,-6.1077,-6.2869,-5.9212,2.4348,6.7151,-4.2351,-1.776,3.0437,-4.2201,-4.8637,-7.48,6.4943,2.186,1.5478,-7.7928,4.8682,7.5218,4.9074,-1.7049,-7.9492,3.6417,1.4169,3.591,-3.7625,-7.5789,-6.6476,-4.4982,-8.4821,5.5803,4.1571,7.82,-5.328,-4.7546,-1.7476,3.2842,-9.5908,2.9831
-8.5535,-9.3837,8.6606,2.7583,6.0323,4.5595,-2.0301,0.4641,9.7899,-5.4568,-3.4816,2.5851,8.0745,-1.9524,-8.9216,-4.3942,1.8443,8.0882,-6.061,7.0035,-7.5042,7.4807,8.5608,1.4666,4.4365,-1.8778,8.0727,6.3945,8.6678,-8.2377,-2.1061,-4.8892,-8.6635,-5.1581,1.5084,-6.7207,7.7942,-8.0883,-4.9709,-2.7956,-6.8487,-0.7545,5.7946,2.754,8.063,-6.0572,-9.3353,-5.0732,9.3837,7.2032,-1.4208,7.8656,4.0706,1.952,-9.8221,1.9333,9.5416,-5.5294,0.0117,-8.3048,-6.7078,-5.5814,0.5599,-8.8274,-5.9025,5.8052,-5.6865,-0.5083,7.1735,7.4006,5.7695,-8.1455,-1.7023,-6.1858,-4.8408,-3.5949,6.6484,-4.3022,-5.3968,4.0929,1.063,-0.5598,-5.0801,-2.8088,9.3126,-0.1485,-7.988,4.8479,-7.7085,9.9362,-9.7317,-8.9743,5.5637,-4.6343,-8.6336,6.6224,7.7134,3.3511,7.9594,-2.1867,3.8511,-4.1139,0.5631,-4.513,0.288,3.9615,1.4314,-1.0344,-1.7184,8.5108,3.0831,5.9583,-3.1838,6.7184,-7.7578,6.9985,-2.5976,9.2709,9.4252,4.3555,-0.0283,-6.4731,4.6086,-8.1502,-1.258,6.9222,0.0928,0.2173,5.6426,6.1125,-5.1413,6.6441,-3.1719,-1.3473,-5.8444,6.5407,-2.1203,3.8782,7.0763,3.0031,9.1078,6.3972,-8.5495,-4.2644,6.3853,6.1818,3.096,-8.8309,3.0494,4.7543,3.5183,-0.6546,2.3082,3.3884,-3.5396,4.3251,-6.3159,-3.3905,1.6975,1.6761,6.422,-7.5165,6.1817,1.8629,6.4877,9.1014,-3.0966,-2.5502,-8.6477,0.5248,0.5537,2.1598,-3.2837,-3.4112,6.3953,-7.3245,7.6388,5.3233,-0.2304,4.009,2.2433,1.6305,0.0039,3.5588,-8.2756,-5.8443,8.0979,7.2756,4.3129,9.1545,-4.9642,7.033,9.3575,-8.2126,-4.9177,-4.1265,-9.6896,-8.2248,-5.4896,7.8351
0.7405,-4.9492,-5.6263,9.6993,-5.063,-6.699,7.7442,3.9264,-2.3189,-0.1472,-1.4016,-8.1597,-3.7288,-0.3883,6.9235,7.8046,7.5742,3.0083,1.7668,-3.864,-2.9087,8.9436,3.2315,5.7363,0.1223,-0.2713,-3.625,9.1641,3.2808,1.5074,-6.5698,-8.8683,4.386,1.9736,-4.8201,2.3788,1.2122,1.9023,-3.9593,-6.1221,8.9619,-9.9288,-1.4452,5.1435,-3.7022,-6.8699,-5.433,-3.4808,7.7645,3.9412,-7.5042,-2.9443,-9.1588,-2.9689,2.5533,-6.3026,-9.9534,5.0174,8.4574,6.6499,-5.1105,1.6677,3.9144,2.0775,6.9073,3.4743,-4.7322,9.9355,8.8572,-1.8062,-9.0998,0.9987,8.4341,-2.6173,2.7502,6.3873,-0.4892,6.0934,-5.5443,-7.5965,-9.4519,3.3268,-7.3496,1.3349,5.2591,1.6143,7.1872,4.9246,9.7048,-3.4432,9.9902,8.0556,-5.1996,-6.6254,-3.0466,-2.8751,-0.5776,-8.7637,9.7519,-3.7682,-6.3506,8.7883,-7.2694,4.9899,5.8845,-3.5152,-6.6476,-9.1389,2.4375,4.3161,-0.7311,-8.904,2.3102,-9.2282,-0.1812,4.0644,1.6876,-0.8149,-2.2964,-9.5049,2.4636,-0.8856,-1.363,-4.2363,-5.2799,8.7301,6.1763,-9.2724,-9.302,0.6925,7.8488,-9.2057,-8.1152,7.4302,-6.0097,-3.5316,-2.3062,-4.8017,-4.7682,-9.715,4.8912,8.806,0.5027,4.91,0.858,9.9863,-3.8451,0.3915,-2.6556,-9.1434,-8.8099,-7.5552,2.9993,-4.2799,-1.9645,0.8346,8.1597,3.5291,-9.059,2.1426,2.0379,8.0668,-6.0748,6.6367,-7.3821,2.5631,3.9943,7.1526,-8.6186,-6.6666,2.5894,-7.7042,-9.6679,-5.6551,-8.558,5.2134,2.6753,2.8255,2.3532,-3.3278,-4.5072,0.506,-2.7122,9.3293,7.4663,7.6889,-3.0363,-5.4791,3.2346,6.326,4.3409,-6.8935,8.0677,-9.5309,-4.4145,0.2046,1.41,1.4909,8.1984,1.4135
-0.0832,4.2236,6.1691,-8.5837,-5.3296,9.3199,-9.148,-8.8349,6.0575,3.6374,0.8999,-5.8972,7.5509,7.4055,-1.8862,-3.1657,-6.3339,0.4239,9.017,-4.6997,-3.405,2.9886,-3.2268,4.9356,-5.986,-4.4564,-7.4715,-3.668,7.07,-5.6514,0.5521,6.9145,0.6659,6.3273,-9.231,0.9014,5.3563,-2.4092,5.7087,-6.7373,-5.949,8.0811,7.8741,2.2156,-1.9721,2.8521,-0.9075,-1.3205,-9.3485,9.005,0.422,-3.431,-6.7449,-7.9805,9.5593,1.173,6.5023,-9.5598,-9.2215,-9.1577,8.8896,3.4019,-5.9861,1.0543,2.8566,7.8731,-1.3927,-2.2422,0.7371,1.7026,6.589,-6.6835,7.7036,7.2397,0.8086,5.7162,-5.7605,-0.3068,9.9477,1.8216,8.5089,-0.1272,-1.4,9.4998,2.4118,-1.3858,-6.3346,-8.7906,8.3337,6.8121,9.1,-2.216,-5.0814,-3.4498,-6.0892,3.3082,-5.8431,4.7293,2.738,8.2117,-7.9768,-2.3882,-5.3028,4.5466,1.8234,5.4674,1.1213,-0.0221,-0.6876,0.824,7.2312,-1.6364,-0.2676,4.7344,-8.0042,1.2701,4.8882,-4.284,5.5787,-8.2169,-5.8699,8.0308,-3.0656,-4.0352,-0.252,-0.5083,7.7348,0.5211,-8.2032,2.5177,9.0621,-9.965,0.5652,-2.9681,-8.9744,4.2448,-6.9029,-1.6878,-8.6741,2.4384,-5.8025,-1.8162,0.2291,-8.2936,5.8422,6.4825,5.0817,0.2158,3.2104,-6.1404,-2.0581,3.8883,-1.1056,-8.5927,-3.9789,-7.5741,1.9835,0.222,-1.4071,-7.692,6.7265,-8.5845,8.5962,2.381,6.2837,-8.5455,-7.393,-6.0499,-9.1487,0.2962,5.4657,3.8754,-0.7539,8.3171,7.2239,-0.8824,7.8827,-6.0622,-0.5983,-2.3922,9.1437,-4.4937,-7.4881,-2.8754,9.1549,9.184,-2.2346,-3.1298,2.7016,1.5871,-3.5758,8.9781,3.788,1.421,-8.7024,-5.0516,-6.3199,5.4792,1.7041,2.7873
-8.8572,4.6564,-1.3103,0.2157,0.3311,-6.6905,2.5538,-7.1361,6.8015,-8.1023,8.2588,0.1907,2.2738,-2.4717,-0.6707,-5.0047,3.6021,-0.6715,-0.7907,3.3011,0.7272,3.8845,3.119,-2.2548,-8.9797,7.9002,-4.3556,6.8258,-6.9446,-9.1289,-6.4388,-3.9111,-2.1018,5.9497,2.9511,-7.2236,-9.5308,7.3744,-6.2501,-7.4795,9.4413,2.8154,-4.6717,-8.3023,-1.9812,-0.4979,1.945,3.275,-1.3248,-1.5282,4.8155,-6.9243,7.7317,5.3516,9.1613,0.9827,-5.5855,-0.3185,4.9119,-3.6224,-6.2857,9.3369,-2.8474,4.6983,4.8847,-7.7001,-7.1474,-3.3071,8.6015,5.8962,0.9911,-1.1255,-7.0891,-4.2858,-8.8638,3.6531,-3.919,-3.8185,-9.088,6.2204,-9.4675,6.2375,3.0657,-4.921,-3.9022,-5.178,-0.3695,-9.1945,9.1384,2.7888,0.4355,-2.5095,-8.4079,3.0048,5.9754,9.9015,-0.942,5.6014,-2.3498,9.3057,9.8547,8.1646,9.5953,-1.4464,5.0554,-1.5596,1.6276,4.9012,-6.3627,9.093,-2.1332,3.5613,3.7475,-0.3873,5.1378,1.4627,1.3625,7.838,6.0505,3.2531,7.4395,5.5843,8.4606,3.4635,4.5258,7.1748,2.8921,9.2672,8.5769,-1.5953,-8.8943,3.1718,-9.2209,9.1265,-0.7965,-0.2891,9.6532,1.144,-0.8106,-0.0114,7.7794,-3.3086,-6.1329,1.0485,-3.5238,2.2582,0.3668,0.5414,5.4204,-5.5529,6.8488,-7.6745,2.8924,4.8189,-3.4361,-2.5348,3.9488,-6.8168,5.7837,-9.8908,-7.4286,5.554,4.6656,-8.6449,0.4271,-4.854,4.3575,1.9075,9.0788,-9.5908,7.8598,1.0599,-6.4381,-5.4384,6.2578,-4.7933,-0.0549,-3.5609,-1.1659,-0.1003,-2.8616,-9.6366,7.9572,4.611,9.6488,7.696,-3.3987,-8.9432,-2.8621,0.3403,-9.6157,-3.5603,1.1134,-6.2058,-5.5116,-4.0811,-1.7612,4.4256,9.764,6.8906
-0.9163,8.2338,-3.9067,7.2022,9.6743,-1.8391,4.4149,7.9025,-7.0799,2.7028,-6.7706,5.3091,-2.6735,-3.7487,5.7734,5.7495,1.6068,-9.6105,-6.1897,-1.4622,-1.0746,4.9773,-0.9291,-7.5046,9.441,0.3635,-5.1034,8.2789,-4.6811,0.135,4.4649,9.7907,4.5325,-2.0595,5.147,-2.5144,-0.693,-0.6817,-7.0098,-4.1982,-3.5797,1.9708,7.2324,-9.2618,3.9451,9.5357,1.7748,6.2752,9.092,2.0168,-9.1076,-0.1485,2.9737,8.4022,4.3037,-8.3757,-2.3087,-9.5767,-8.4443,-7.4537,1.7442,5.1665,4.7289,-7.2997,-1.3942,-9.0411,3.0967,4.97,-7.3575,-3.4233,-2.7216,2.4645,9.2621,7.0744,-3.2566,-6.308,3.1521,-3.6321,8.5011,-5.8999,-9.6274,0.5146,-1.3621,-6.3311,4.5452,-4.828,3.4056,2.7929,8.6353,2.6843,5.8392,-1.1708,3.5851,-1.2184,-3.0193,-9.1795,-5.3617,1.6128,8.2451,-5.3883,6.1934,9.0673,0.1365,-9.9584,4.1499,1.5369,-5.7797,-2.0345,3.6798,-0.0375,-7.3272,-1.9805,-8.8231,7.8727,-6.18,-6.8408,7.3913,-7.3934,-8.2859,-3.8475,1.2691,-5.6482,8.0888,0.0902,9.268,5.0665,4.0629,-0.5064,-5.0566,-4.1358,-5.3916,-2.3347,-9.8327,3.4749,-0.3818,1.5225,-3.6211,4.7637,4.7671,7.2443,-2.3021,7.0844,6.463,-7.9283,2.5689,-0.8815,-2.2994,7.5276,-0.3459,3.7228,-5.9355,4.9143,5.2474,-3.1648,-2.5658,-7.7126,-1.3315,-2.1763,-2.9102,-1.9466,5.1034,-3.9461,9.651,2.3301,1.3428,-9.3704,6.1565,0.4658,3.8663,-9.584,-5.3899,-2.5016,5.9513,4.0195,-8.7472,-0.8053,5.359,6.7729,-7.4823,3.1285,-3.3949,-0.0708,2.3971,-6.2401,-1.8236,9.4705,0.4612,9.437,2.8915,-7.0222,9.778,-7.6818,-8.3283,5.8832,-0.4095,-9.8746,2.1091,0.7362,0.3139,-7.4333
-3.601,-0.5042,7.5125,0.2047,5.0526,-6.8548,-9.3749,0.6715,-8.4395,7.9474,-7.736,7.727,3.466,5.8005,-7.6271,-3.5747,-8.7967,-5.0492,1.1791,8.4595,-3.597,4.6296,4.0018,-6.0297,-4.694,-0.2172,3.0385,1.1917,3.4862,-7.5225,-6.5276,4.4237,5.9286,7.0944,-0.6781,0.2524,7.9185,0.5839,6.7253,-6.7516,-3.2501,-3.271,-9.2094,8.0732,2.4569,3.2294,-6.5462,-7.2413,9.9305,1.3871,1.4286,-7.0483,-0.9787,-3.0826,1.4199,9.4341,8.6851,4.0231,-3.8282,-5.8904,-9.952,-8.5315,6.4536,-1.4314,-7.9477,-0.477,5.044,-4.7181,-7.1532,-6.1435,-2.4045,-2.7322,-3.2791,6.1354,7.8785,-9.6389,-7.934,-7.1047,3.388,9.6213,-5.0952,3.272,9.8622,3.0111,-3.4696,3.5369,-1.1532,-5.8376,3.0823,-5.0525,-6.7897,9.4142,-2.7599,4.1135,1.2762,0.0801,-9.8134,5.2242,3.7046,-6.2255,1.2101,0.2386,-8.8934,-2.0156,-4.012,2.0906,-3.5908,-7.4095,5.5962,-4.139,2.8246,6.5937,0.7074,-5.0159,8.5235,5.4916,5.4455,9.9415,-3.2059,-4.1344,-6.6296,1.9869,-1.9029,-8.7491,-1.9158,7.7586,-4.1037,1.9745,7.1579,9.0102,2.6855,8.9674,7.6865,4.9073,-8.8306,-7.9661,-6.2535,-2.5749,-3.259,-0.9097,0.4504,5.1687,-7.7187,6.3769,3.3787,9.3737,-2.0706,7.7062,-0.6341,-4.1066,-0.0438,1.3282,-6.7711,-5.117,9.3314,6.1865,-8.1552,-8.5728,-8.4722,-8.5158,8.6733,-4.6151,6.5586,-1.356,9.9345,5.7134,-0.5895,7.7175,-7.9449,-9.5122,8.6367,-0.4672,-1.4393,8.5343,3.2894,2.9782,-5.7856,-7.8233,1.5595,-2.5239,2.964,-1.6703,9.5517,3.8211,-0.5516,-6.1736,-6.6301,0.6764,4.2614,-6.8105,6.0966,1.6444,-3.8557,-4.1278,-7.5782,-5.2079,5.1897,-4.9655,-4.1795,-2.5995
-2.4985,0.1355,-7.4467,8.7359,6.2039,5.4213,-1.0293,1.6307,-0.2394,8.3664,1.3987,4.3461,-2.1247,-2.9039,-2.0409,2.6923,-4.2263,9.0331,-2.9535,-2.1132,-8.0662,-3.7987,-8.417,-1.0239,-9.2722,2.655,5.7548,2.5316,8.0082,4.6395,-3.1508,-0.0308,1.4636,7.1555,1.9314,8.2176,5.2937,8.5078,2.3074,-0.6221,0.2628,9.848,2.4951,-0.5548,-2.0527,-6.2324,-9.7352,4.0998,9.2586,7.4133,-8.7968,5.3775,-9.1799,-5.4572,-1.1077,0.6554,4.5369,-8.3707,0.5159,-6.087,-5.4381,-4.9778,4.2483,-6.4584,-1.7598,9.2257,-9.6829,-0.4671,5.4286,0.2379,-6.4951,-8.4673,-2.2201,4.4735,8.3637,-4.5925,2.3978,2.0028,8.1436,7.8754,4.5605,-0.4292,-3.2536,-1.0346,-8.1612,-2.1448,4.0572,6.6602,6.4747,-1.4398,-6.3633,-1.5943,-4.7217,-0.2507,5.7302,-8.6476,-2.5736,-7.8498,-2.4183,-3.8889,3.2857,7.8697,-6.4832,7.0781,5.3327,1.1064,2.2019,6.4995,-9.7028,-7.4034,9.9466,1.7606,1.2988,-8.7576,-8.5734,8.3902,4.9417,9.7715,-5.9961,-7.2941,-1.2718,-0.2977,7.3346,7.6363,-6.032,5.8075,-5.9159,2.5995,-7.9281,-6.1242,9.9793,-3.8131,8.1154,6.7186,9.2569,-7.5581,-6.8687,5.5281,4.4128,-7.2291,6.6919,6.4295,-7.4513,3.5472,-6.5517,5.9568,0.4184,8.042,9.7886,6.7086,0.0255,-0.6928,0.7243,-6.011,0.4796,-7.502,9.0673,1.3286,-8.663,-1.8516,4.9871,8.7437,7.7932,-8.8638,2.0141,-3.7851,6.7967,-8.3579,-1.5256,4.4698,1.3754,-7.5606,-5.2194,-7.9367,-3.2804,-7.5867,-3.7816,9.6271,2.392,-8.1966,5.5314,-5.6247,6.5688,-1.7993,1.6521,5.4259,-7.9566,-0.613,-6.0319,1.77,-6.0765,9.9574,2.9933,7.0529,-1.6155,8.4564,-3.6504,1.5493,-9.8467,2.2474
-9.521,0.2523,9.3815,-3.2151,-8.2208,-4.8791,-6.7962,-3.0575,-5.7359,-0.707,-9.1318,-3.8804,-9.2359,7.6035,-8.7972,7.4569,8.576,0.4803,5.1857,-9.6636,-6.1909,-4.3869,-2.7151,-5.3303,4.6472,-3.5257,-5.6091,-2.8409,-8.8024,8.9519,-1.53,-6.5567,-7.5446,-7.2911,-9.6975,-4.3518,5.373,1.7136,8.0318,7.0016,2.833,-7.1599,-6.2539,-2.3429,-0.9852,-3.0859,0.2199,-7.9539,-2.5542,-1.9176,2.724,6.9093,-7.897,-2.7836,9.0709,-3.469,-2.479,9.1638,5.8742,-9.2816,1.7629,5.4054,-6.8447,6.5177,9.8842,8.9529,8.3133,9.6274,3.356,0.8179,-0.4966,2.5811,9.4264,-6.6647,-6.1101,9.0796,-2.4385,-7.9337,2.016,2.8998,-8.6141,-3.1968,-1.7224,-0.4827,-6.9852,7.0971,3.9092,-4.2876,8.5332,-7.6836,4.0105,7.1696,3.8543,5.4429,9.3129,5.8299,-2.467,2.1243,2.7657,-6.2817,-7.9266,3.6085,3.8314,-2.5437,-6.8062,6.3854,-4.3054,9.8649,7.8307,-5.1864,6.6376,-2.0136,-9.6689,-4.3268,-6.1854,6.8641,0.2203,-1.2845,1.7112,8.2028,-4.8574,5.6363,3.5649,-9.9817,6.5742,8.2008,-6.5634,-9.7745,0.3685,-5.8879,-9.9323,0.7077,0.5279,7.8358,7.3427,3.2081,-1.1708,6.5977,-8.5888,-9.7357,5.9364,3.047,-7.0141,-9.235,-3.3904,-2.2857,-0.6734,-5.6547,6.1698,-7.9113,8.1888,7.615,-5.6164,6.8416,-2.988,-0.1757,9.8225,8.8368,-1.1776,-2.6579,-6.9709,5.7973,2.8308,9.8174,-2.4992,3.1526,-8.5383,-0.1029,-7.7336,5.6441,-0.0409,-2.8337,-2.2191,1.8809,-6.8125,1.8739,7.3544,-6.7155,6.3198,6.0401,-5.873,-0.2764,6.0556,3.356,-1.8555,-1.7205,-5.1519,-3.8911,-4.2649,-4.9687,-4.1375,3.3284,5.2306,0.4405,0.8555,6.7383,5.1817,9.8153,-4.6214,5.9073
8.5388,5.3301,4.6855,1.6061,-2.0834,3.8793,4.9957,-4.9815,-9.133,2.4324,-8.8073,-9.7996,-9.6925,-1.6905,-2.5168,5.2001,3.2709,-2.2226,-7.5802,-4.167,-9.3037,-5.845,-8.5383,-9.2206,-2.1669,-5.7878,4.5625,-1.9198,-1.6702,2.6196,4.01,3.3368,8.2659,8.1754,-6.0766,0.8648,3.0944,3.0221,4.229,9.2651,-5.1873,-4.4563,7.1499,5.26,0.1843,-2.3642,0.2505,9.0432,0.0507,-3.8646,9.9935,-1.244,7.159,0.6294,7.5696,3.0478,-6.7666,3.8807,9.2233,-1.6056,1.6605,4.1073,8.0981,-7.4701,3.7087,-7.2457,-1.5035,-1.0999,5.0785,4.701,-3.6736,0.2605,9.197,-4.7108,3.1879,8.7461,-5.4166,3.1048,5.2526,-7.817,-2.8088,6.4807,-7.1147,-3.5634,-3.1887,8.9491,1.1341,1.6001,6.6713,3.1105,2.2334,-2.1049,-9.7647,6.7791,-8.9653,-6.4298,-4.0088,-4.468,-7.069,-7.9176,-1.1547,-5.8812,8.2595,-4.575,-7.0342,-3.7385,1.5342,1.6108,-0.8162,-7.968,0.0737,-1.9514,3.3736,-2.604,-6.2405,4.891,1.2813,-1.9351,-9.3781,9.4356,-4.7905,-8.6812,3.6857,-9.5308,9.172,-4.0861,-7.0225,-4.1284,5.3823,-9.5303,8.5569,-2.937,-3.7555,-5.8451,-8.5862,1.2245,-7.3052,8.2417,-3.6944,3.6625,4.9416,2.888,1.461,-0.8863,-8.0754,6.6953,3.7495,-8.8912,-1.5261,6.0579,1.1664,4.3669,5.6964,-9.7171,6.0282,-3.7699,-5.6936,-4.8758,7.9652,-2.4047,-2.6896,5.5382,5.0779,7.2618,-5.7839,-5.7131,-6.6605,7.8008,1.8866,8.1698,-6.9905,-9.9201,-2.7817,-5.7045,0.5056,-0.6683,-0.3612,7.7315,-2.5278,-7.8619,-7.2307,2.0222,6.7632,-5.1931,-7.9467,0.7583,-6.1758,-4.6111,-0.6729,6.4847,-2.5397,-1.1415,3.9004,-7.147,0.4986,-3.1507,5.6149,-7.9165,2.9448,-7.2626
8.1623,-4.4834,6.4918,-8.4442,7.34,-5.8245,-3.9028,6.9707,-8.2562,1.9694,2.2549,1.1547,-4.7697,-5.5265,-2.1085,3.8458,-1.3019,-0.7354,3.4575,-8.6346,8.6992,0.18,5.6834,-4.4491,-1.7826,1.6516,-9.7462,-3.4386,4.9915,3.0334,4.7824,-0.3146,7.0165,-3.3862,6.9224,6.6368,7.7535,5.8197,-2.6218,5.6898,-4.1792,-9.254,-6.8866,2.0279,0.1607,4.3842,-5.405,3.4897,-3.0721,-1.1754,-0.9521,8.8063,7.0445,-9.2641,-1.9572,-1.6617,1.1001,-7.9347,-1.2142,-6.2349,3.4844,6.0749,-2.1989,-7.3186,-3.0526,-3.7802,-7.9914,-0.3685,5.0332,7.1429,3.2217,7.2023,-0.7744,8.0366,2.6872,-6.506,5.6412,-6.0794,2.256,-2.6993,-8.2626,-2.7355,1.9084,-2.3298,-9.9486,-8.4811,-0.1913,4.8755,-7.2543,5.8491,6.6668,1.5959,1.7897,2.312,4.5174,0.6134,8.9765,-6.7215,-4.2149,2.208,0.6847,7.7857,8.6136,-2.3796,-2.7455,4.3221,0.0771,9.1791,-4.8713,-1.0275,-0.1405,7.4496,-2.5835,3.7294,-5.9935,-4.6451,-4.2013,-7.1358,7.8038,-2.0371,-9.0538,7.6268,2.1647,-4.487,-6.3761,-3.1119,-6.4917,-6.7347,-6.7758,1.2061,-3.7344,6.58,-5.5129,-5.7067,-1.5216,-1.0733,0.9996,-0.9308,6.7654,-7.6213,-5.8083,-8.2224,2.6046,8.0555,1.1504,-7.8287,-7.6861,-1.8429,-0.1476,-0.7585,1.1853,6.1971,-7.3926,4.8627,-3.6467,1.2662,-0.0099,7.4003,6.7844,9.5105,-4.5002,0.9139,1.7198,1.2441,-1.2393,-0.1599,6.1416,1.4089,5.4959,-6.0666,6.7746,-1.5527,-4.3131,-9.2811,4.8756,1.0545,9.2217,8.9019,-4.5389,-4.5269,-3.2246,-7.0227,-8.4321,-5.1401,-3.9499,2.1381,-5.2991,-3.1189,-7.7859,-9.7289,-5.6067,8.6881,-5.64,6.6604,2.9281,4.7337,-3.1179,1.9232,7.3879,-3.4316
-9.2778,4.4828,-8.4618,-2.2702,-7.622,7.3743,-2.0031,7.1113,-9.3956,5.5847,6.0253,3.144,-3.0193,-4.5865,-0.0608,-5.2417,1.8472,2.9757,3.9824,6.3112,-5.4796,0.0049,-7.1362,-9.6875,-9.5908,-0.4722,-1.2101,-4.7739,-5.5842,6.7795,7.7952,-0.0868,-3.77,4.7364,-0.4902,-0.92,9.7312,-4.2015,2.7926,-6.4093,-3.8276,8.4944,-3.2566,5.5435,3.7652,-0.8043,-4.5404,5.7829,0.6533,1.5708,-1.8274,8.8739,4.4835,-9.065,6.1785,-2.1423,5.0408,9.6856,4.5753,2.7323,-3.5212,7.1493,-0.563,3.26,-2.3539,-0.7716,-0.2144,4.4821,8.0743,2.6322,-8.9391,-0.199,0.3398,-7.2486,0.7138,-5.8142,-0.5828,-4.596,-7.6246,4.3458,-3.8984,5.205,-7.9303,-2.9902,5.4255,-6.5661,-1.775,3.1881,7.0489,-8.261,-0.0726,-1.2894,-3.9671,-2.3071,-5.4617,8.2349,-1.1867,-7.6526,-8.4863,0.9748,-7.0351,2.6289,9.6784,9.2579,-0.9431,9.8319,-3.48,-3.6866,-0.8478,-2.4864,-7.4503,8.9159,-6.1466,-5.7617,7.7198,6.6385,-2.7555,-0.3822,8.0016,8.2079,7.758,7.1792,-0.3632,-8.7925,7.1586,6.5081,5.4951,-1.6711,6.5068,1.7637,3.224,-7.7036,-5.6541,-3.4772,1.0031,-1.9323,-8.595,2.4065,7.7664,-4.9543,-7.7784,-5.2377,8.7328,8.8397,-9.7162,9.8093,1.4297,8.1198,4.6548,-5.4283,-7.0833,2.0618,1.8477,6.6652,8.5843,-5.9873,-2.8274,-1.4606,7.6285,-7.4862,8.3204,1.6457,8.1411,-1.9361,2.37,0.8474,-4.4508,-4.2908,-2.1899,3.93,2.262,-9.9971,6.6373,-1.3541,0.1023,-9.9343,-6.6147,1.1359,-3.2241,1.6915,-9.2566,3.9859,8.7117,-2.1976,6.0634,-2.9612,-2.2007,-6.0258,0.2616,-7.3702,-2.3821,8.6293,-0.2462,6.4151,-5.5972,4.4207,-0.9903,8.0126,-4.9503,-7.1876
3.3227,-2.7609,4.5382,-0.4368,-3.4359,5.492,6.4333,2.8743,-4.7643,-7.8134,0.2,2.3311,9.5767,4.9163,8.5963,-6.0933,4.5065,-9.988,0.8946,8.2502,-5.4187,-9.1699,6.7032,3.1282,-1.3869,-3.8278,4.5315,-5.7148,-4.3089,-8.5929,3.626,-5.9836,7.888,7.3094,8.4381,8.9833,-7.7066,7.3594,3.0187,2.9284,8.5072,-8.8817,-8.2242,-4.1041,-0.7882,-0.4757,-0.8586,3.7024,-3.846,-2.5057,-8.9096,-1.293,-3.2916,6.5904,-9.6209,-3.3296,4.9612,8.0167,-0.9392,4.4557,2.2625,-4.3029,-4.0085,-0.7375,-3.9292,6.6375,5.5896,-0.8615,-8.1575,7.8118,4.1518,-1.6366,4.2531,4.9713,4.6256,0.4497,-5.6287,1.2113,-3.72,-8.6707,2.8684,5.5457,-6.1022,-4.9692,2.1726,8.5482,-4.5386,-5.5355,-7.8139,-0.4622,1.8248,-0.8237,8.6183,-9.905,0.0405,7.0496,-3.5454,8.4494,3.8654,7.9603,-1.5857,4.2864,-3.9041,7.8957,-9.889,1.4675,0.5776,4.0257,-8.7721,3.8519,8.8794,1.1864,-1.7831,-6.2045,-4.9901,-5.7108,4.5403,4.8337,-3.9646,-3.0586,4.6586,5.9412,-5.0769,1.2665,-6.5938,-7.3024,6.4869,4.4309,-4.6263,1.0941,-5.5503,2.6945,1.665,-4.7187,-1.7281,2.6065,2.7644,0.3593,-6.6748,-3.2661,4.5807,-9.4273,-1.1686,-6.7389,0.1693,-2.4439,6.5603,7.7721,3.7749,6.7836,-3.6498,-1.3539,-8.7497,-2.2438,-0.0417,-8.0778,2.6307,-0.3497,1.017,-8.351,3.7077,8.2201,-1.445,-1.7708,0.1955,-8.5643,8.6002,1.4647,-5.3941,-1.5759,3.5141,-0.1333,5.4759,-3.4049,7.2798,-4.7127,-3.4592,-6.4439,-0.9601,8.5169,-7.4149,9.9297,9.5753,9.267,-3.4183,-0.0587,-0.6621,6.1033,2.7743,-6.9264,-8.5498,-3.1798,3.903,5.951,-9.8884,-1.9545,1.0452,-3.0979,6.8742,7.4965
-7.8125,-3.0871,-8.481,-5.5953,8.4618,3.333,3.7421,-4.3125,-7.3691,4.8431,-2.6342,-4.9529,-2.2246,8.9314,5.208,4.0072,8.9244,8.9953,3.986,3.5896,7.7301,-0.1419,-8.8042,-6.2161,6.6161,7.419,-8.972,2.6135,8.3847,-8.9962,1.1539,-7.9125,3.1798,-9.8938,7.4966,-5.5025,-3.5684,7.0623,1.6465,8.2752,-6.1315,0.08,-0.1993,6.1988,1.7236,0.1956,6.3114,-3.2402,1.5711,4.0863,-5.6849,-8.2641,6.5433,0.6737,-4.2112,-8.0503,9.2518,2.8021,-2.1247,-9.2787,0.5857,4.9125,-6.2337,9.6064,2.8527,-3.0065,-0.803,-3.7783,-4.8868,-8.1423,-6.2018,5.0795,-6.7219,-2.2787,3.3291,-7.364,2.7011,0.3871,5.892,-9.6882,-9.6682,0.4005,-1.5585,0.4425,6.5111,-2.2157,4.4037,-4.1222,6.4618,4.7229,7.0442,-0.6641,4.1487,-6.4148,-5.8701,-7.6096,1.3205,-0.5063,-5.4208,4.7957,-8.8406,-0.518,6.7606,9.0886,-1.8715,6.0422,-9.9827,-0.5925,5.4782,-0.0571,1.396,7.6594,-7.6448,4.8206,-3.7038,-4.7152,3.3196,0.1989,-5.0178,6.2044,6.9627,3.1086,8.5334,0.3513,-1.8594,1.7527,-3.706,-4.0265,2.621,-9.7073,-8.7936,9.3927,-9.5064,-8.2356,1.9992,7.795,-9.0524,-3.0847,-9.197,-9.7193,4.6553,2.1197,-5.498,-8.2604,2.0621,-8.3527,7.7754,-7.6493,-0.7536,-6.5273,-2.3045,5.7463,5.1192,2.1637,-3.1413,-0.9616,-4.8887,-3.5885,-9.3485,-1.2279,-6.4064,-0.8053,-6.7757,0.1752,-7.7424,3.6269,-5.1957,-0.8889,-4.0412,-0.5709,2.8771,-7.6837,1.2527,0.0969,-0.7467,-8.4073,-6.1786,4.7069,9.2539,3.3324,-3.7506,5.2681,-7.5936,-9.9662,-8.217,3.6846,0.8326,-1.5606,8.1866,-9.0417,-5.0136,3.7362,9.0412,-6.0417,0.4409,1.8379,-7.4579,-2.9576,-8.4904,-7.2907
-2.6236,4.5435,4.518,3.7591,-4.0179,-6.5309,4.3402,5.8921,-2.4858,1.6568,3.2058,8.155,-1.6018,-6.736,0.2807,-9.4338,-4.8948,7.4919,0.3395,-7.6556,-6.2051,-3.0115,-8.3499,-5.612,-3.8042,5.3958,1.1336,9.5687,-0.4919,-1.5829,2.181,7.121,-2.325,-9.3762,-2.8539,-3.4759,5.4401,8.1611,-7.1248,-7.865,7.5697,5.1756,-1.838,-1.0928,8.2224,7.838,0.3361,9.0134,6.9811,-3.5801,-2.2528,8.9245,-7.2146,-3.6028,7.0296,-2.1557,4.7979,-6.5083,0.1814,9.5912,2.6422,6.65,-8.4504,-2.5488,-7.8248,-2.483,1.9448,-5.6467,1.7577,5.7783,-6.1685,1.152,-4.8631,0.6949,9.0389,8.0796,-0.3127,7.9676,-3.4724,-8.2491,0.6238,9.3235,0.8606,1.8207,-0.9585,3.8333,7.3276,-7.0964,7.7551,0.7031,1.0552,5.3988,-3.7082,-4.5234,4.4903,-0.0969,2.201,-3.1368,2.3244,-6.0182,9.8166,4.9312,-8.3471,-9.9438,2.8272,-9.2272,-9.5438,4.2533,-0.487,-0.2768,-8.6164,0.9487,-4.842,0.822,-0.1345,8.3301,8.4113,7.6767,5.6741,2.3805,-3.8949,0.6876,8.4815,2.507,3.9471,8.5162,-3.8713,8.7437,7.6615,-9.7628,-5.5531,-3.3683,-3.6343,4.1907,9.7138,-7.7654,9.0737,-1.041,6.18,6.1819,-7.6914,9.1834,-6.8882,6.1727,9.2887,1.1319,9.718,5.7908,1.3908,-1.4074,7.0992,-8.8316,8.0091,4.2982,-3.6993,3.8063,-0.114,0.6001,7.0455,-4.3886,1.3184,9.1266,-8.4354,-1.6685,7.9795,1.2301,6.1575,7.2249,4.99,4.8646,-7.9091,4.4873,1.0121,3.6757,-6.3113,-1.4038,4.3695,8.3893,-3.7738,8.8,-6.4426,-2.051,-3.0803,3.8724,8.247,6.7638,-7.2782,-7.9045,6.9148,1.345,-2.4625,8.0025,6.6334,3.3092,-5.9571,-4.2933,1.5212,-3.5166,-6.3949,-9.571
-8.1235,-5.713,-8.4646,-6.0254,-3.2368,-2.7735,-1.4395,-5.3144,-4.9414,0.7593,-6.5427,-0.8725,-1.9128,-2.5688,-0.5613,-6.1589,-0.6574,-8.8464,-5.0473,5.177,2.704,-8.1792,7.2963,-9.0006,-8.8918,-5.6604,0.2525,-5.5359,-4.8643,3.1536,4.6777,9.5983,-7.7538,-4.0627,8.1041,-5.2416,-9.3463,5.5575,-8.0972,-5.2984,7.2869,-4.7309,-0.0201,-5.2764,-7.0827,-6.0387,6.9623,-7.1579,8.9964,6.3018,2.709,-7.7624,-3.6961,-7.3786,-0.1333,-2.0938,9.9074,-9.9114,-5.7499,-8.1841,0.165,-5.4467,8.6254,2.377,-0.0407,8.1086,7.4217,-3.1483,-3.1171,-4.6515,-0.1853,8.9874,-6.3841,9.2599,-9.9604,5.3458,-1.2504,-6.5069,0.337,-7.8805,9.9361,9.7467,-2.0546,-2.3675,-1.8657,-0.4753,2.2619,-6.9765,3.0424,5.6885,9.7432,7.3123,-9.6145,-2.2915,-8.5806,8.1531,0.695,-6.7453,6.5961,6.2305,-7.9678,0.3481,1.1003,5.9687,6.6011,3.2555,7.9437,-0.86,-1.2293,7.0908,-6.5225,-5.029,-8.4369,4.8768,-2.9677,-4.8758,0.8875,-9.8676,-0.8034,7.2719,9.3276,-3.185,-6.1903,6.3394,-0.3338,-5.8051,7.9117,-9.4467,2.4465,-3.6102,9.0667,9.087,4.7809,-9.4029,-1.1666,9.4982,6.9373,3.2813,-4.2521,7.899,-8.2224,8.9326,3.8954,-5.7217,5.9275,6.1121,-1.1707,1.2006,4.6744,-2.5615,-5.8467,8.0665,6.1352,-3.6471,1.663,-8.1756,8.1516,-1.5569,2.3564,2.8324,-7.6278,-1.3568,-2.5696,-3.6273,-8.0998,7.1595,7.4981,-1.9254,1.3266,7.1688,8.6016,4.9047,-5.1576,4.9335,5.9296,-0.7587,2.2364,7.5468,6.2933,-5.9813,-3.7676,1.0501,-9.3761,1.8601,-9.9333,-9.1811,5.8486,4.2845,6.4312,3.8668,-2.6558,9.207,-4.1373,9.3128,8.5679,2.1932,-3.8254,6.3945,2.7351,7.4672
-5.2972,2.2674,-8.0693,9.6622,-7.1146,8.1458,-4.2935,-7.906,-7.0873,-2.4912,-2.0165,-7.7387,2.029,-0.744,-4.4114,-1.2072,-4.9907,5.3513,-8.9347,9.7458,0.1801,-0.9687,-4.7372,1.9174,5.5438,-0.7851,-0.8853,-8.8304,5.6697,9.0968,-7.0397,0.2545,-6.1634,3.7505,7.2734,3.6661,4.0192,-1.0887,-9.4983,-8.4976,4.3261,-1.2442,-4.8343,8.1427,-3.2412,-7.24,7.1923,-1.9734,9.4501,0.0259,4.2012,6.1585,-5.9643,0.4159,6.7447,3.0806,7.9035,2.647,6.695,9.4445,-0.3466,1.9739,-2.7834,1.6262,9.4308,8.7445,-9.1674,-7.2408,-6.9464,7.5498,7.38,-9.2852,8.2408,-8.0256,6.7027,-9.2387,3.7819,-0.278,-8.6755,-9.9213,-5.0549,7.631,2.9755,5.8258,-0.2916,-1.5416,2.8955,-9.2304,6.4934,9.5856,6.6894,-6.5735,5.1109,-2.3187,-0.5454,-9.5224,-0.0588,0.6898,-6.5008,2.3112,-4.4034,-8.3069,8.0477,7.4201,-3.6517,5.8878,6.6554,7.6553,-4.0732,-2.856,1.6279,-9.7136,-9.6768,-4.6955,-9.1536,-5.8656,-7.5827,7.1493,3.5038,-5.8073,1.4014,-7.2395,-7.7114,-8.7324,-2.8851,-8.544,8.7392,-5.4922,-1.5319,3.8422,-6.1383,-9.5646,-5.4824,3.1155,6.4497,0.0724,8.2801,5.6271,0.4744,-7.9583,-8.6235,-0.7996,-8.6824,9.2694,5.8004,-8.6971,8.7357,6.2748,-6.4112,-0.3147,3.553,6.8417,1.9188,-8.0084,5.7962,-2.1758,-7.4209,8.9104,-9.4803,8.7162,-8.6769,-8.547,-2.3127,-4.9176,4.6238,1.4309,5.3986,5.3734,5.1446,8.2471,0.1396,-5.1546,-3.3399,7.2762,-7.3041,3.8035,3.9596,7.9612,2.2194,-4.4532,-4.1651,-1.3681,-4.22,9.7407,9.787,-2.9243,8.751,6.2999,3.4765,-3.3824,-0.3135,6.8288,3.2685,-1.6261,-4.3891,-7.2467,7.5654,6.8704,-0.9324,-5.8725
-8.3263,2.9048,-9.8175,-7.5356,2.413,3.3963,3.7687,0.5549,1.7375,0.1526,1.9367,1.6722,-9.0571,4.2349,-9.6828,6.7113,-6.0529,-9.098,-6.1273,-3.5012,-9.9938,-0.31,-5.0667,-6.1467,-0.2461,7.6526,6.9864,-3.1057,8.9384,2.3773,-9.564,0.5458,5.9774,9.145,5.4313,8.1147,4.2894,-1.2024,-1.189,8.7645,5.6756,1.8097,-6.8183,-3.7091,2.7789,4.601,-8.2917,9.4981,0.3016,-9.1465,6.6435,1.1308,8.4956,-7.6878,-9.6634,-8.0559,-1.1939,9.9561,-2.2627,8.2851,-4.6912,6.5005,9.4749,-0.6994,-2.2372,-0.045,-1.9516,9.5305,-0.9741,-3.0636,-7.8013,4.6541,-6.9379,8.3758,-9.8535,-7.6029,-4.9243,-3.887,4.5515,-7.9784,-6.5771,3.5966,0.7858,-4.6389,4.3193,-7.4141,0.0958,0.0923,-0.9623,9.9694,-0.731,-2.9437,2.1524,-4.5866,-0.4557,0.1923,-2.6883,8.8476,8.5723,4.2141,4.6848,-4.0955,4.7808,1.3877,3.2943,3.272,6.377,-6.3306,0.8808,-0.4661,-2.0913,-7.2033,9.6136,-5.6633,-1.3599,7.3063,9.7261,4.3174,4.8388,5.2386,3.7111,8.2664,4.7328,-9.4264,1.3652,-9.4271,4.5559,-5.1521,-4.1729,7.5317,-8.3599,1.7186,8.685,8.8238,9.2078,-6.8677,0.9822,-7.6957,3.3896,0.3706,-5.987,7.2908,7.1283,8.6008,7.9363,1.1063,5.2223,4.0341,-5.6333,-9.0423,6.8695,-6.9635,-7.1143,-7.9646,5.0221,3.1386,-8.3737,-7.013,-5.4389,9.9832,-9.5529,2.8634,-3.3254,1.7679,0.9436,-8.7462,9.6886,-3.7184,9.6049,9.6467,6.0413,-7.3395,6.5581,5.375,-7.929,-2.7775,-3.3225,3.4472,9.2585,-7.2905,-7.0114,-2.8357,6.2206,1.7289,8.1544,7.9404,2.7127,-4.405,8.744,0.4439,-5.3852,9.005,5.4906,-3.0067,5.3109,-2.6324,1.2752,-7.5194,-3.5225,-3.2307
0.5509,-7.891,2.2776,9.5048,-3.8362,-8.1392,-4.459,-3.5023,7.0576,-4.4771,4.2675,-3.4409,-3.2611,9.0992,4.3442,2.7749,-7.7778,8.6645,7.0684,-8.7268,5.1459,-2.2529,-7.3373,-7.3573,9.938,6.5204,-5.6509,6.8275,-5.2177,1.6927,2.3617,-2.9941,-2.0597,7.5301,-9.8113,-2.2456,4.4937,1.1808,-7.5675,8.886,4.3231,8.3543,-1.8284,-0.572,0.6381,-5.9022,6.6153,1.3559,7.4966,0.396,-1.8168,1.5956,2.523,0.1986,0.1239,8.9749,-2.2314,-7.2161,-9.202,-4.8676,-3.378,4.6085,9.538,-7.3297,4.0807,6.9958,6.907,-8.3782,-6.4023,-4.8098,-5.8219,-0.052,-6.9476,-7.6284,-9.7157,4.3747,-6.7906,-2.8484,9.1487,5.4969,-3.5792,0.2334,-2.4424,0.4584,-0.0279,-9.1689,-3.7768,1.1323,-6.5945,-0.6469,-9.046,5.4078,-4.5625,9.9645,6.2442,-1.9661,5.8777,3.3723,6.0327,-1.0499,4.8079,7.0482,-8.7319,0.5997,-2.4807,-7.1564,-2.5326,-1.6089,-6.6628,-7.0845,8.8103,3.7588,5.2322,7.412,-8.2784,0.7584,-2.2883,-5.5209,0.3708,3.8825,-0.8347,-1.3742,-0.4859,8.6773,-8.0625,-9.0338,4.097,-7.6379,1.8775,-0.8738,9.4242,-1.1584,-0.7266,8.8926,-2.8381,9.3247,-7.7653,-3.1688,4.6642,3.0328,8.3877,3.1136,1.0567,-7.1133,-1.8995,-7.2447,-6.8573,-3.5503,-8.0808,3.0351,9.8091,-9.7979,-8.4772,6.0687,4.5365,-1.0886,-1.5546,6.9726,-3.0567,-8.912,5.5676,7.7616,-9.2475,-7.9496,-6.3952,6.6053,-1.2636,-8.2347,6.9527,-6.715,-1.583,-1.3999,-9.8776,-2.0785,-7.877,-9.5405,3.5196,-3.1423,-7.2114,-7.9562,-3.9769,-9.9177,7.1675,2.5641,-3.7301,1.435,-0.3405,-0.8828,-9.7322,5.0398,-6.0101,4.8908,-1.3697,0.634,0.8135,-9.1174,5.1911,7.4975,-7.3455,3.8068
8.6342,-0.8815,-8.4702,-8.1052,-6.2615,1.5478,0.0212,4.4498,-8.3173,-1.567,2.6062,9.2823,6.354,-4.3628,8.4327,-7.7891,-1.057,-8.3132,7.6116,-6.0132,8.2431,-0.3076,-0.5754,-5.2458,6.4836,-0.7276,-4.6583,0.9589,-5.3317,8.673,-1.5401,-4.0045,4.3191,-2.5851,-6.6324,-5.7025,0.6403,-6.4635,6.6627,-6.9787,9.1861,4.7021,0.406,8.2891,-9.7712,5.2276,-3.946,3.4005,-8.1562,-5.9133,0.7129,-1.9682,-6.664,1.1068,0.7887,5.981,-4.9161,8.3002,-4.4521,0.3904,4.3891,1.681,7.4499,2.0498,1.8029,5.932,-1.5346,-1.0551,5.957,-8.1695,4.0061,-0.7399,4.7195,6.0496,1.8713,3.6952,-0.2523,1.3019,-1.1361,2.2368,3.1207,-1.3639,-4.1211,-8.4137,3.9066,-1.9116,-6.6881,3.2831,2.761,1.6247,0.4192,-0.4104,-5.4901,-6.4606,-9.5603,8.7627,0.3245,2.4625,-1.0413,-7.4497,-6.4601,-9.2023,-0.7433,8.1233,-0.8763,-0.3165,4.5628,-5.2323,-8.277,-5.5276,6.8627,-8.0457,4.0434,-3.8247,4.5847,0.0588,8.4636,1.8871,-2.2682,8.3259,-4.8256,-6.9911,6.9455,-7.6275,5.4742,8.2646,-1.8264,-3.9919,-7.0403,-8.7228,-1.1733,0.0755,-8.628,2.205,-6.2865,-3.6523,8.351,6.4693,5.7214,-0.9897,1.7712,7.1602,7.0231,5.7426,7.1791,-3.8929,0.8717,7.3384,9.8735,4.0244,3.5481,3.504,2.8294,6.8916,-7.3296,1.1115,2.3116,1.8136,-0.9277,-1.4871,8.4615,0.6758,9.3025,-0.0913,-0.6932,7.5607,3.415,7.0952,-5.2626,2.8546,-9.7462,-3.7423,-0.9108,-1.878,0.6427,-0.4909,1.3148,-6.8857,3.0512,4.5954,-3.078,5.0417,-3.04,-3.5812,3.9399,1.7676,9.8281,-7.1906,-3.283,1.8712,0.6159,-6.0657,7.1611,-1.9908,0.7596,-0.8686,-1.036,4.8263,7.9778,8.0292
7.6436,0.5253,8.5917,-6.9545,-0.9285,-7.0162,-2.2261,5.1036,-6.33,1.5716,7.0716,-2.9738,-0.2108,7.001,-0.2514,-8.6572,-9.3018,-7.7216,4.2861,-7.3844,-9.394,-3.3686,-4.7033,-5.1458,-3.5374,-8.9933,1.6884,2.5285,9.0448,-8.4827,-5.5164,8.5324,-9.9594,-7.4381,2.235,-1.0116,-2.5087,4.5162,9.0419,3.1306,5.2516,0.8149,-6.3934,-8.2442,-0.1684,3.4994,4.0881,-8.14,5.0267,5.4378,0.6908,-6.3674,3.9297,6.7071,-9.4647,8.1755,-4.5379,-7.3536,5.1247,-1.6066,-2.0775,2.8969,3.9249,-6.0997,-9.4761,8.9914,-8.9574,4.8894,-6.477,6.5714,-3.0641,-9.4512,8.5639,2.9721,8.6824,3.2391,-2.8066,-1.2235,9.346,6.4796,7.4662,5.5433,4.0757,8.4577,-3.7061,4.9643,-4.5283,7.0963,-1.9174,-5.3084,-7.2091,5.946,6.4056,-0.7672,5.5593,-2.2171,-5.222,2.282,0.2859,0.5427,-7.3537,9.3408,9.2635,3.5912,3.9143,4.8839,-8.8722,0.6831,-4.2292,2.928,9.8587,0.7727,-2.6445,-1.7919,2.2405,-3.0946,-9.9315,-8.5996,-6.3904,6.0021,6.7702,0.9717,-0.0347,-0.8127,-9.5067,5.6968,1.4074,2.8631,8.6349,2.8188,4.1332,8.4245,8.7221,-0.5091,4.2421,-8.1139,-0.8334,-8.0683,-8.2933,0.263,-8.6005,3.7933,-7.5828,-6.609,4.2708,-3.4859,1.4478,-2.1398,-4.7461,1.3791,1.9465,6.0943,9.4102,1.3221,6.8716,4.8271,-0.1114,2.7576,-2.6668,7.5411,-5.2652,-4.5585,-3.7283,4.8721,0.3257,-4.3654,-8.612,-9.2152,2.538,-5.8235,4.8411,8.7521,6.6492,9.4565,-8.3496,6.5165,-6.684,5.0088,-5.0085,9.2378,-6.6292,3.4778,1.9072,-9.3567,4.5664,4.4628,-9.3016,-5.5035,-8.0928,-1.9499,6.2711,3.4576,6.8414,2.304,-3.4803,-5.604,0.9254,9.1697,-0.2227,3.5862
-9.9409,2.9646,-8.8139,-3.1996,8.845,-4.4722,-1.9887,-5.3706,-0.2137,-3.5081,-5.6712,3.4619,6.5228,5.1579,-4.6641,-7.7598,-8.5748,6.0448,3.3717,-2.3748,4.2385,1.3684,6.7236,0.6654,-8.9613,-1.9379,9.5324,8.2727,-6.9054,7.697,4.7965,6.8892,6.7378,1.699,-1.9834,7.1343,-7.1564,4.5505,-5.818,2.2289,-6.5294,-7.6346,7.3851,-2.3147,6.5541,0.954,3.5155,-2.0735,-7.9989,5.8444,1.8136,-0.1961,4.1878,-4.7277,-9.2772,9.1949,-9.5536,5.7065,-9.496,9.5433,9.5213,-3.9498,-9.6111,-3.0414,-9.83,3.5108,-6.1819,-7.0252,-7.3329,9.1564,3.4964,-9.8316,-1.0005,-1.142,6.5762,-6.2496,2.4429,2.7674,5.8912,4.8736,-7.4004,-3.866,6.5514,4.9102,-7.6112,-2.8631,-5.3466,6.1764,9.894,-6.1741,-6.073,-0.2168,-0.1347,8.4702,9.2342,-2.536,-6.5612,-4.3159,2.3067,6.3275,9.6543,-1.1186,8.0079,-6.3587,0.2609,-5.574,7.9665,0.8151,7.6154,-4.2234,-2.4061,5.1811,3.3867,-8.3104,-5.3076,-3.9509,0.3266,1.0942,5.3672,-9.2267,3.5385,-6.4888,-9.5664,-3.8806,-4.7122,7.5705,-4.5526,-2.9305,-4.0105,-0.3697,2.1995,-8.3467,-2.2844,2.3991,-2.2585,6.0207,-5.9219,5.091,-4.2857,7.5987,5.4381,1.1447,-4.1217,6.1136,6.2593,-6.5102,8.7319,-0.6927,7.3458,8.0118,-8.1573,-2.5258,-2.8048,-3.9722,-1.6398,7.9691,4.9298,3.8285,-7.9781,8.721,-2.1265,-2.7511,-3.4041,-4.8984,4.1601,-4.9261,-5.8068,9.3036,6.6881,5.2533,5.3771,2.3923,9.2151,-7.3442,-6.3822,-8.1344,-7.6867,9.077,2.5599,7.6042,-9.5116,6.2414,-4.1187,0.9269,-3.5587,-1.1425,9.184,-7.6462,-0.1971,-4.7009,-1.9295,7.253,-3.013,-3.2558,3.2711,0.2535,-6.7221,9.9111,5.7415,2.7554
1.1663,-3.0149,2.7384,8.0516,-9.9038,-6.6653,7.147,3.8765,-8.7669,3.1889,-0.514,9.5601,2.1074,7.7126,1.3026,1.6225,-8.8771,7.9509,-0.8834,-0.6884,8.0807,4.037,9.9402,-2.3746,-3.9558,8.3399,-1.2791,3.7245,8.8358,-5.3024,-5.6942,-0.555,-0.9892,-9.6691,5.6417,-2.1132,1.9062,5.1657,7.7919,0.3129,-5.0692,5.3888,-7.7463,1.7716,7.1518,2.8737,9.8018,3.8786,-3.8252,-8.9175,8.0444,-3.9884,-2.7384,-8.8388,-0.7336,-1.2796,-2.4698,-4.6056,9.0139,-8.4001,-8.9576,7.1709,6.1731,-3.263,5.575,7.1661,8.4368,-9.8737,-2.9392,-3.6755,-2.4783,-3.1895,-0.7364,-5.6711,-3.8502,7.9544,-5.0484,7.0144,-0.4022,-7.7148,3.6603,0.7134,7.5668,5.4337,-8.4032,-5.0843,-3.7209,-5.9439,6.6119,-3.0499,8.5556,-1.3204,2.5529,-8.5829,1.091,-2.8691,7.1332,-7.2071,6.2145,5.6707,4.1063,2.3255,-6.6544,8.9663,-7.6727,4.0674,-3.112,4.4343,-2.62,7.4494,-7.0938,-0.4258,7.8335,-5.7022,1.6127,-2.6279,6.4467,3.1914,9.4871,-0.9863,5.2297,-5.6521,5.3254,5.4614,-3.7754,-9.4401,-9.7067,6.9734,4.6309,0.2814,5.3374,4.8638,5.0927,8.5157,-6.5186,-8.2767,8.3591,-1.7112,-9.2066,9.8373,1.005,2.4826,3.5027,-0.8644,3.6009,5.4197,-9.503,-5.4287,-5.0283,1.996,4.6467,3.4888,-3.2001,2.9818,1.8901,5.3791,0.6033,-9.6257,0.462,2.318,7.6174,-9.7792,-7.9947,1.841,-7.8918,2.5681,5.6093,-0.5913,5.7543,-2.7165,6.9668,8.4552,-0.1104,-1.1981,-7.0239,-5.2834,8.8407,6.5071,-2.6736,9.0265,2.6235,-5.0502,-7.0619,-7.5064,-7.5041,-2.6381,-4.0155,-9.0721,5.1857,3.0539,3.2219,7.9718,-7.5988,-7.0459,-0.3704,4.4102,3.1617,-7.6548,-8.9745,2.295
-0.5218,-4.6171,1.4816,-6.1804,-6.9881,6.2003,-6.3443,4.5709,3.1116,3.8596,3.3233,-5.8824,7.814,4.9181,2.0192,6.2105,-2.4585,-2.765,1.1549,-4.4216,-0.3721,0.3386,9.0842,-9.2071,5.0038,3.6174,-9.1263,1.2304,3.6783,-1.9835,-1.9015,3.6517,-9.2374,5.0232,-2.5286,6.0602,0.7907,-3.132,-7.4086,7.8747,9.8852,5.6025,-6.1947,-2.5726,6.9518,4.7205,-7.9804,5.4701,-1.1297,-3.2772,-8.62,-0.9281,5.1462,3.4363,-3.3458,0.5336,-3.0386,1.1232,3.1433,-3.294,-6.0045,6.2748,-5.1202,-0.095,-1.8253,7.7379,-0.8167,-5.488,-9.4711,-4.9715,-9.0866,-6.8632,2.5014,-6.4551,5.7943,6.7785,-3.1699,0.9024,8.6163,-8.1089,-2.6529,7.1219,-5.9424,6.3242,6.0472,-5.4582,1.4754,-6.015,-8.3094,6.4241,-1.9105,-6.0318,5.0586,-5.0411,-7.7715,8.6487,7.2526,-0.2246,1.5215,-1.5694,7.3181,-7.6842,3.3244,-3.7768,6.1359,-0.7168,-2.4574,-3.4569,-6.5838,7.397,1.6414,0.6616,-2.2821,-0.7025,9.4695,0.1686,3.8369,-1.094,-2.7404,-2.9573,9.3898,-1.109,-2.9969,2.7091,4.2818,1.1676,-9.353,3.3244,-3.5701,-4.3267,1.5533,-0.5616,4.3295,-2.2748,-3.7252,-3.9561,3.9902,-8.7227,-4.3729,0.451,6.0716,-4.1751,-3.3386,-7.4975,1.7326,-0.8186,3.4817,3.6637,3.4142,-9.4776,3.103,-9.5591,-2.2681,-3.9132,-9.782,8.1304,2.1731,-7.3313,-4.8953,-2.5774,4.4756,-2.7023,3.3007,5.6179,-3.9343,1.2659,2.7247,-9.5918,-5.1728,-2.7353,-7.415,0.8788,0.4166,-6.2329,-1.2134,6.1999,5.8049,5.2456,0.3151,-9.1069,4.6595,-8.5707,-5.0016,-8.5722,-2.0076,-4.3488,4.5104,-5.5102,-1.533,-5.0865,-2.0033,-5.9488,-4.3595,2.4245,-6.7031,-5.595,-4.3858,-7.8212,6.2496,3.1286
-7.8032,6.2083,-2.0456,-0.1269,6.3567,-4.0503,5.3064,-3.4357,6.1436,-8.8452,-1.3327,-9.4317,1.3957,2.0662,-3.8797,6.537,8.9327,-1.1684,3.8348,5.1767,-1.1848,0.6798,0.2695,0.8464,-0.9439,3.1552,-6.2209,5.3185,0.5274,8.881,-4.7002,-4.6003,-0.2269,0.8272,2.2424,1.5808,3.6393,-7.9161,8.5472,2.8344,-2.9611,0.4841,-1.2415,-4.8674,6.6517,2.4549,1.5539,-6.1518,-0.1117,3.0133,-4.4527,0.244,-9.5877,-4.598,8.7181,-7.854,-3.2658,-6.2591,-3.4357,9.1217,8.4503,0.2283,-1.0607,-0.6863,9.8796,4.4921,-5.6014,2.6749,3.5681,2.4608,-4.6212,6.6842,3.5185,-7.5227,-4.322,-9.846,4.8039,6.9202,6.5744,-2.3284,0.9451,-8.0199,9.6093,-9.5153,-1.1845,3.2275,-1.0862,1.043,0.4505,-2.3761,6.2509,-6.8692,4.6974,3.6948,9.8078,-5.9706,-1.9093,7.33,-4.4815,4.382,6.3529,-3.027,6.3271,1.895,-4.4675,0.9989,-2.624,7.8084,-4.3853,-6.7221,-6.895,-9.9667,-7.8144,6.2591,1.4738,0.0653,-5.4232,-0.7556,8.4338,7.1405,4.6352,1.2571,-9.8729,-6.7087,-4.9994,8.2902,3.4157,8.2822,-3.0907,7.8233,-3.3831,-6.0724,1.5292,-4.5808,-3.7507,-1.3867,-5.1446,5.4088,7.5221,0.5308,-5.129,2.4101,-0.2056,-4.5994,3.7733,-9.7397,-6.0066,-0.2197,-4.7506,-2.3284,-0.1486,-6.9029,7.0426,-2.4546,-9.2145,1.2415,0.0917,-5.6668,-4.0033,2.6514,6.4974,0.408,-6.1271,-6.6012,-7.6269,-5.1557,0.0888,0.6058,9.2228,-5.593,3.0241,3.3755,-2.8706,9.9366,6.6181,-4.3694,-2.0586,-1.6152,-7.74,-6.5667,-7.7051,2.7167,7.3459,-0.1227,2.7451,-3.9213,-3.8461,7.5105,-7.2196,2.2101,-3.1213,3.1772,-9.6801,-2.9699,-1.4902,-9.8781,-1.6678,2.4678,-7.313,-9.3729
3.2486,2.2428,2.4133,-3.2652,-7.1456,5.4004,-7.8703,-6.6478,3.264,1.5996,6.923,7.5171,1.919,4.0322,-7.8058,7.5941,-1.8416,-2.1249,-8.4582,-2.2015,5.1683,6.9297,1.3509,8.5595,-1.9065,-8.2935,7.8729,-7.3235,3.9031,7.7101,-0.2294,6.1933,4.2383,-1.8787,-7.6914,3.0238,-6.4398,1.3608,0.4729,5.7343,-1.205,-1.1258,5.4752,3.2287,-3.1982,9.3308,5.3896,-2.3076,2.7236,9.8116,5.6577,-3.1215,-4.1607,-3.5141,-6.0151,-5.2224,4.9468,-7.8317,4.3821,1.2202,-7.8332,-1.5714,-0.2021,-8.5293,-4.9919,3.9642,3.317,4.0078,2.3893,-4.0849,-0.1081,-1.9785,-8.4302,-7.2,6.9784,-3.1427,6.5096,-9.1776,-3.5994,-5.6675,-3.3936,5.1525,2.6081,-2.0053,9.6039,-2.6795,-1.8504,8.0761,6.5063,2.9767,-4.2363,-4.8506,-9.3474,4.4701,2.8971,-5.9465,3.9893,-8.4517,6.6379,5.461,3.1616,-4.0537,7.8708,-8.5939,-9.2203,-4.0581,4.9949,-0.3322,-7.9262,-3.552,1.2106,-5.0763,4.4019,6.8186,-8.2145,7.1819,-1.3964,-9.793,1.0308,6.337,9.6071,1.164,7.8583,4.3951,9.7622,-5.8521,-7.4063,7.9375,4.6382,-8.905,9.2409,-8.8538,-0.2009,-3.047,4.919,-7.3298,-8.0909,9.2753,2.37,6.8264,-5.3168,9.3827,3.9084,8.5836,-8.0679,2.8358,-1.3626,-0.6499,3.796,-0.4045,3.6667,-0.4156,-7.2933,-5.4714,9.8031,-1.6351,-4.9457,1.4264,4.074,-3.9009,-9.0379,3.9356,-4.2619,-1.3861,0.7763,3.5453,-2.5774,2.8107,-7.1069,-7.6885,3.9427,5.0269,-1.6957,7.5536,-0.3697,-3.2926,-4.4387,-4.0732,-0.1599,5.093,-0.3114,-6.689,-5.8898,-5.5445,7.7028,-6.4633,-8.9153,2.1273,-2.4959,6.4919,0.2856,-6.5481,-2.8317,-6.3776,-9.0186,-9.7896,9.1728,-8.3356,3.721,1.7808
-9.0056,0.7933,2.7036,0.7077,-6.995,-7.2847,9.0261,1.5441,2.8821,2.199,-2.2475,-4.3187,-0.7764,-3.7547,8.2955,3.6231,-7.6281,1.3605,-2.157,-8.0579,-4.6558,-6.1056,3.6579,2.7578,3.5035,9.0829,6.8393,7.6037,4.4229,-0.1477,9.8034,-8.7016,3.4227,-7.5227,-4.8879,-6.0837,-1.407,-7.563,5.7233,8.3996,1.4801,3.6877,-2.3555,9.2721,-8.7814,-8.7276,3.5205,-9.6146,-2.6659,-4.1995,5.893,6.9492,-1.733,-2.4809,2.3081,1.5815,-3.5769,8.8795,-4.0199,-7.2519,0.0171,-8.9194,3.6992,-0.0655,4.872,-2.083,-1.5511,-6.5883,-0.3812,-7.1978,1.0118,0.492,0.1872,9.1473,6.0991,6.4331,4.5723,-5.7267,9.3331,7.1243,-1.5638,1.3268,2.1782,-6.3866,-9.5615,4.4341,1.1179,2.554,0.7323,4.1122,8.1828,-4.5339,-1.075,-8.979,-8.364,7.9874,8.5783,-6.9527,5.1607,7.6421,7.5753,-4.2348,8.859,-3.9934,3.6846,1.9146,-9.6722,4.7129,9.4708,-5.1903,-3.424,8.0623,-1.4395,9.5615,-1.9802,0.2972,-3.5542,1.4217,-4.8876,9.8301,9.0793,8.8344,-5.5558,-6.2227,4.7786,-2.5039,-0.6895,0.0327,4.1987,-1.857,-1.5391,-6.8338,4.6235,7.8111,2.8465,-8.2226,0.1816,5.6581,-3.4283,-5.9206,9.4556,7.2666,-7.6628,-9.0868,-1.8612,8.4337,0.4438,4.9355,4.797,-9.604,-8.5734,6.0109,-9.0718,-8.3529,-3.4942,2.5482,9.5595,2.911,-9.1678,-6.5866,-2.8529,-4.8218,-3.3088,3.266,-9.3525,-6.3127,4.8555,1.2165,-3.4981,-0.3607,7.538,-6.3431,-7.7168,1.1411,5.6005,0.0121,3.8124,-1.222,-4.7339,-7.8644,-1.8984,-0.6094,8.0029,7.1844,-4.2205,-8.7237,-6.7415,5.0513,1.2827,8.8446,7.8219,4.9802,4.1088,-4.4029,3.1024,5.1409,-4.7667,8.5129,2.2204,-3.2927
-1.4357,4.2559,9.1191,8.5681,2.0881,3.461,-2.1812,3.8024,7.0127,5.0887,4.7425,-3.8488,6.4001,7.905,7.9651,1.8678,3.3826,3.2428,4.2588,3.3698,-1.6114,-7.9457,8.1098,5.4731,-4.7806,9.8209,-1.376,1.4175,-2.7625,-3.1118,3.3701,0.2609,2.1651,-3.1646,0.0134,-4.6645,9.2437,2.2011,-7.2455,5.3707,-4.1675,-4.3088,-3.6135,7.8015,-6.4655,-7.1671,-0.1106,2.6919,6.0411,-8.34,0.3613,-4.4291,9.9837,9.7818,-9.2953,-5.4097,-7.185,8.2508,3.4677,-4.85,4.3077,-0.5166,7.851,-3.1094,-3.0879,6.004,-1.1427,-1.777,-3.0223,-9.2437,3.3516,-6.0187,-0.6556,5.211,3.7364,-8.0819,-4.5776,-7.4576,8.3191,6.6607,-0.8097,-3.961,-2.7962,-8.3983,-1.0342,9.103,7.6828,-2.0786,6.4527,-4.0593,-5.7898,4.8956,9.257,-0.0834,-5.4289,5.1807,0.0734,5.2076,-8.4625,-6.1258,-1.6668,2.3133,-8.1639,-5.9786,4.5024,1.2356,6.5827,-8.5396,-8.4532,1.1088,6.7541,9.9439,7.3201,-9.3857,4.4994,-2.7029,-3.4991,-7.6713,-8.1428,3.9491,5.1696,-8.5683,-8.0208,-9.6533,6.7716,5.0789,-4.0222,-1.3864,-0.1744,-1.0696,6.1591,-2.9578,-2.6587,-6.9514,0.1704,1.2913,-6.8661,7.3803,9.3232,0.4976,-3.1911,-6.2438,-1.2295,9.3531,6.638,-8.9336,-5.585,-5.4579,-4.0253,3.1198,2.7281,-5.2011,-9.3874,1.5343,5.9521,8.2254,2.3333,-9.7591,-3.3978,3.2187,4.2649,-8.2557,6.8481,-2.8523,2.4623,1.7978,7.4451,-8.1344,4.435,-6.8685,7.2207,7.6326,4.9539,-8.5084,-4.9313,-6.4934,-8.3772,-5.0393,-9.6069,-1.7283,5.3907,7.5977,-5.5397,-8.6787,3.1321,-3.0091,8.3623,-9.45,-6.2054,2.5604,9.1477,-1.1978,-9.5445,1.95,-3.6726,2.6354,1.416,6.4316,4.4356,7.1882
7.491,7.0581,-0.4948,6.9976,-5.9542,6.2092,0.1737,-7.0019,-2.2138,1.2091,-0.1926,1.4224,8.6037,-5.7193,5.096,-2.349,-8.0252,-2.2714,2.0176,9.5103,-9.834,9.0764,5.7768,-5.0796,-7.0209,4.6607,-4.8353,-4.3225,9.3981,0.7542,-8.0979,-1.5686,-5.1046,-8.2429,-3.9727,-6.0587,-3.6262,6.188,-1.6944,-7.7213,-1.2427,-8.9061,1.5286,2.3652,-2.2301,1.3601,6.0428,2.4136,3.0058,9.8187,2.5192,0.5143,2.0816,-8.8036,7.551,8.7999,6.4492,8.4494,-0.3835,3.7152,0.1539,9.9467,1.0599,1.0058,9.3677,1.9789,4.4799,-8.2724,-1.3752,6.4219,-1.7618,-1.9924,0.6479,-2.4485,4.8345,6.0143,-5.6461,5.8622,1.8018,-9.6752,4.2413,-9.0576,-3.9605,-3.1089,-7.1408,-8.1888,1.1289,8.1993,-9.0457,1.0145,3.3125,-3.6005,-4.0254,2.9327,7.1567,4.7517,-3.7699,8.0043,3.452,6.0654,4.2958,1.9983,-8.1497,6.8573,-7.273,-4.0674,-8.9633,-3.0615,2.2566,1.8521,5.8933,4.2018,-0.4073,-7.2211,-4.7634,-0.6838,2.342,3.5066,0.9058,4.8115,-0.3884,-2.7244,-8.6849,2.1662,7.3523,2.5285,2.8213,7.4512,-5.5418,8.0234,-9.1344,4.9221,4.7826,4.1505,0.6437,-7.8282,-3.8215,6.8431,6.9766,-2.6717,-4.8563,0.2258,2.1301,3.8408,-5.0184,-2.6436,0.5537,-3.8957,9.7527,9.0989,-8.1416,2.5286,-2.5102,-5.5296,7.4045,-5.6075,0.5412,8.8247,5.1191,-1.5058,-8.7869,-0.0722,-3.7734,-1.0357,8.7782,1.3718,-6.2701,8.4439,1.8109,9.0593,-6.931,-8.7739,-2.5112,-7.8065,-6.8666,-2.2387,-6.7753,-3.1549,4.9976,3.0954,-5.7704,-2.1756,-9.1857,-2.618,8.8499,-6.9309,1.392,-3.6528,8.8508,7.3219,-9.5147,8.3881,9.6654,-1.8562,-5.4247,-0.9538,-7.7134,-6.7403,-9.2759,-9.1693
-1.9088,-3.1583,-8.5467,-9.6329,-4.7017,-1.3259,5.5402,-1.2958,-0.9375,1.1879,-7.5038,-4.2834,8.9202,9.8567,-6.1949,-0.4185,-8.6156,4.9428,-1.113,4.4789,-0.5682,6.5923,-0.9507,-6.6148,8.2935,-6.3312,9.1066,4.7523,2.335,-9.6941,6.1389,4.858,-2.765,6.6029,-5.9751,-6.3744,-4.8505,0.2262,-4.3825,3.0818,-1.1321,-8.7286,9.863,1.1526,-6.5285,-5.6751,-3.6819,5.0051,-2.1408,5.6419,-8.6144,-2.5968,2.0194,-9.4824,-0.6129,9.0055,6.0761,-5.6092,0.2568,-9.5101,2.4712,-1.8027,-2.778,6.887,-0.2925,-7.0113,9.0075,-0.5466,-2.7025,-9.7654,-5.1155,1.3435,9.6733,-7.4374,-7.2204,-1.9685,-8.4858,-2.9265,7.0914,-0.5742,6.7968,2.8849,5.676,-5.5895,0.0952,2.0633,-1.3482,6.2793,2.5741,8.4802,3.536,5.1249,2.0926,2.6708,-8.4805,-6.1554,9.9111,7.9927,5.2999,-8.6026,-7.2402,1.8919,-2.1245,-8.3983,-1.029,8.3313,1.414,4.2188,-4.3026,-4.3715,-5.8344,-6.7144,0.9007,-2.526,1.5835,2.162,-2.0,-5.3699,5.9884,-9.2923,-1.2318,-3.9166,5.054,-4.7398,5.0559,-0.1379,-4.0134,3.3002,2.0604,7.0593,4.2871,8.1944,4.2102,-0.8402,2.4413,-7.0693,2.331,-9.5289,2.3977,-5.4094,3.4572,4.8395,-4.0369,6.9653,3.9556,-9.3646,-7.7995,7.8231,8.7019,-7.6775,-3.1095,2.5287,7.8127,1.538,-1.1804,8.5665,4.5464,-2.5944,-6.3833,8.1303,-6.5559,-7.8638,-9.2794,0.6475,-5.9104,-4.0581,-7.4907,9.6087,-1.8237,4.7595,-2.2201,-9.4033,-2.7715,-7.8786,1.117,-5.567,8.0465,-2.9318,3.3351,9.3629,-5.6683,0.8219,-2.8703,1.3197,-5.4755,8.8989,-1.2656,-0.8235,3.6629,1.9873,2.8565,-1.6692,7.7404,-0.9705,9.8443,-2.1575,-7.9464,-8.7998,-6.575,5.8218
-1.0743,-7.1843,3.7343,9.5284,-6.5476,0.5269,6.2987,6.7226,1.1407,-6.2504,5.4407,5.3036,-9.6715,-7.3491,2.7268,9.9537,-4.3567,2.2027,-8.4161,1.4758,-2.367,-8.4663,-6.4165,-0.9922,4.8757,8.6518,6.6546,0.24,9.5786,-0.07,8.218,-1.8647,-8.8075,8.8056,6.1245,-6.1057,-5.2687,5.2528,-6.3931,3.6549,-8.4238,-5.4222,3.5328,8.3981,-5.2823,-1.2686,-9.3664,-5.6444,-6.5887,-0.6332,3.5798,-4.2474,-7.3124,8.133,8.6805,8.2949,0.7421,2.0603,-4.1288,-2.7495,-0.8965,6.7063,2.613,4.4792,0.9537,-2.4704,-6.9107,-4.9537,8.7883,-5.8419,-7.9795,-5.9023,1.7452,-4.6133,5.1261,0.4734,-8.5381,2.8018,4.6058,-7.7013,-0.4178,1.2531,-1.109,8.6323,7.8882,0.5741,-3.6309,6.826,-3.6338,6.6666,5.9646,-1.5882,-4.9891,-3.5886,2.3504,8.8121,2.8557,-1.6807,-3.1679,9.6456,9.4443,1.7604,-3.8977,-9.3874,8.9425,5.3983,7.7922,0.033,-0.977,5.8083,-5.9712,6.4157,-2.8666,2.0923,1.4144,-1.5823,-1.6122,-9.8489,0.5628,2.6126,-2.4281,-0.3197,-4.7167,2.6159,-5.7019,-6.958,3.4613,3.4628,-8.6182,1.7113,4.5407,1.5312,-2.6939,-9.6038,-3.9908,-1.7855,-6.834,2.1173,-1.0587,1.2036,0.9592,-8.3362,5.1471,8.087,-6.8142,-4.4554,-0.9792,-5.4177,-3.7621,-9.8347,4.6458,-8.0774,-1.5002,6.6004,2.8363,-0.6086,-4.8178,8.7752,-0.2137,-5.0663,-9.0328,1.4922,3.7715,9.8433,-2.8287,1.2573,-0.7782,9.601,4.7633,7.5663,8.1728,-6.3309,2.9829,-6.5932,-5.3383,3.9603,3.3969,3.7279,-6.3989,1.2079,8.2109,-5.0807,-3.3741,-0.516,-9.8972,-9.9025,6.3674,7.8422,-1.8202,4.1532,-6.412,0.6983,-9.6862,2.3845,-3.046,-0.0981,8.1457,-3.1391,-1.6579,8.8437
-7.0571,7.9547,-6.2211,5.2437,-6.7772,-4.6616,8.5964,4.5485,2.6729,3.2881,-3.5133,-0.1092,-4.6327,9.888,6.5153,-2.1689,8.3519,2.506,4.9508,8.004,1.9179,7.3039,-1.3596,-1.1766,-6.1289,-6.7262,3.6057,-2.057,-7.7778,0.8443,-9.1398,-7.9749,4.5613,-2.7766,-5.5781,-7.3937,-6.2654,8.4937,6.278,-0.2588,-6.0975,9.5386,-9.1311,-5.5896,8.4496,-2.5905,8.104,-3.0665,-0.1545,8.3461,-9.3998,-8.9853,-1.4277,-6.1991,-3.531,4.4953,7.885,-8.1906,6.8186,-6.9268,-9.789,7.5138,5.1923,-5.1672,8.9618,7.7799,4.3856,9.6712,-5.4113,-5.0437,6.1695,-1.7288,4.8339,-7.9773,-5.7893,0.2041,7.0774,-6.636,-6.1484,-6.6934,2.1235,4.7666,3.0181,-2.9108,-0.0836,-5.2144,-4.8438,4.835,-8.8162,-5.4793,-1.3395,8.6556,-3.2992,9.3259,-7.9403,-8.8464,-0.6704,3.7586,-7.7634,4.2206,-9.9848,0.1644,-2.1252,9.3113,8.5873,5.0123,9.4361,-8.0507,2.6672,9.8314,9.2754,-8.2339,-8.431,-0.2613,1.0099,-3.5379,-9.0139,8.8717,3.7258,1.0808,2.1054,-5.078,-6.2274,-1.582,-0.098,-8.0819,-5.0817,-9.5079,-9.0626,9.6175,9.925,2.8476,-8.4294,-5.0579,4.1095,-4.4389,-9.7472,2.799,4.4512,-2.8197,0.6814,-9.991,-7.6266,7.6837,-6.514,-5.1026,-8.4012,-8.5053,-1.4964,5.1443,-8.7667,5.4662,3.7618,-5.5045,8.0159,1.6652,-9.9914,8.697,0.8729,3.8332,0.2042,-0.5144,0.0864,5.0084,2.9339,-2.4322,-5.7513,2.9512,8.8324,3.6894,2.2556,4.92,3.1057,-1.3438,-9.0661,-7.4469,-2.4689,-6.3125,-6.0186,6.8255,-8.6815,2.36,-4.6399,-2.8696,2.1074,-6.1052,-1.8478,-7.4591,-6.0107,-9.3046,9.2382,-2.1701,0.8398,-9.1283,8.6641,-6.9425,-5.8414,2.2596,-2.0747,-0.8799
0.8765,-9.5475,-2.9421,8.0361,5.9303,-4.1122,-5.9064,5.3492,9.7488,3.3742,-7.89,2.2556,3.3048,-6.5631,-0.7737,-7.7998,-2.5761,-4.97,-9.5234,8.6316,-5.8471,5.7938,1.556,2.2548,-9.0207,-0.9701,2.4846,4.6651,-8.0018,3.9609,-4.7035,-4.1341,4.5608,5.3496,-1.4081,9.705,-7.6161,4.699,-4.1597,-2.6641,-0.4072,-0.3196,-9.7818,-1.8504,9.3989,7.8976,0.6522,3.523,2.6063,3.3891,1.7325,2.3702,-9.355,-6.7539,7.0331,-7.7766,2.6531,-2.04,5.2457,7.201,5.5123,-4.8896,-7.6605,7.3007,-8.3196,-7.3122,-8.577,-6.022,-4.9158,6.596,2.3108,2.5632,-9.3994,-7.9078,1.5169,3.8544,5.1567,-9.198,6.5106,-5.5474,4.8758,-0.4785,0.5248,7.0856,-4.2749,-6.3812,3.8944,9.6092,-1.5327,-9.6556,3.7944,0.7641,7.0733,-1.868,-7.6335,3.9342,-4.5619,2.8514,-8.1257,9.6762,-9.809,-9.7339,-0.323,-7.1973,-6.0225,8.709,7.1629,9.9823,0.2826,2.9579,6.7819,-8.6775,3.1156,-7.7088,-2.7232,1.4159,1.0763,-7.5022,-8.8521,6.3357,6.7806,-4.6146,-9.9221,-1.5308,-9.3022,6.1309,8.4334,5.8176,-7.437,-9.8821,9.1304,1.5989,0.7119,-3.2965,-0.852,3.2213,-6.3386,-6.2018,-1.0374,-9.5289,-3.5643,-9.4444,-1.3742,-7.7695,6.4496,-2.7074,-8.2896,8.6619,-0.3534,-5.6093,2.5729,-3.096,1.8796,-8.8961,1.1348,-4.4189,-6.2214,-4.3649,-7.4113,5.6467,1.8312,0.0673,2.2274,3.551,-5.8087,-7.7275,-9.975,-1.5204,6.3184,-6.9281,-5.4814,6.8134,-6.0593,-7.8475,-7.937,5.803,-5.3503,-8.2678,-9.4214,7.7298,-5.6667,7.5205,-1.8194,5.2259,-1.7318,-6.0463,-9.526,4.2508,-0.8904,9.1232,-9.1342,-5.9475,-4.8408,8.7847,-5.7084,-2.6206,-0.8185,1.6057,-7.4439,-2.576
-7.9876,0.1267,2.3766,-6.6065,2.8922,2.6224,-5.2532,0.8122,-6.8228,0.2878,-2.6876,6.4918,-6.9629,-7.4556,-1.5429,1.5072,-7.216,1.7221,-4.654,7.0496,-3.2451,-6.8687,1.603,-0.5022,-5.5689,-6.3317,3.039,-4.8553,0.0627,9.6547,5.4553,0.068,7.8996,2.1541,-4.081,9.4537,-0.5847,-4.7167,6.3182,4.727,-3.0201,-8.7552,-5.8045,3.8718,3.1406,9.6362,9.1014,-3.5578,8.9782,0.228,-2.573,5.6789,0.3811,0.5865,-8.0814,1.7492,8.8911,-3.72,8.8532,7.8368,4.041,-2.0803,-7.7207,7.604,5.8652,-4.6378,0.1285,-6.5075,-0.7587,-3.7182,5.478,-6.4862,2.4382,5.6487,1.3676,-4.1997,4.1343,-2.3449,7.7404,-0.5465,-1.7244,4.273,-5.8875,-1.7691,-7.1151,5.1329,5.0796,-7.7353,3.9809,9.4066,2.7568,-1.3441,-5.795,-2.5931,-2.1592,2.0612,-5.8855,-0.4237,2.9024,8.542,6.7809,4.059,-4.0693,-5.8036,-4.5455,-0.7404,-8.7145,7.7371,-8.0293,2.3751,2.089,-3.9441,-2.496,2.683,2.3191,2.093,-8.0682,-9.542,-2.263,4.1154,-6.2753,7.8221,-8.2194,-6.0791,8.0359,-3.9602,3.476,-6.8208,-7.0372,1.4213,3.1428,-5.7232,-1.9697,-3.6606,2.1617,-3.419,-9.1965,8.8899,7.1905,1.268,1.7292,-0.9299,-8.9365,-9.8125,-8.0756,-6.3115,-4.9606,-0.2887,-6.4313,4.5014,0.4735,7.6032,0.7309,-1.094,0.1586,-6.2938,3.838,-7.9361,-2.5618,-9.2247,-4.1512,-1.9426,-0.4026,-6.5241,-8.2814,-6.3266,8.2165,-7.8487,4.1691,2.514,8.2182,-3.7301,0.759,-5.676,-4.7644,1.8632,-3.7282,9.4178,7.7785,7.8121,-8.3655,-6.8667,-7.7673,-0.1464,0.1629,-3.7246,-9.0182,-4.678,6.9939,1.3002,-1.4123,1.8736,-2.3253,-6.7024,-1.7601,-9.6484,-3.8196,0.3804,-7.7566,9.259
-7.2844,-7.9701,-6.7769,7.5812,-9.8641,-1.5831,4.2607,3.4196,-9.2789,1.3114,-3.3897,-1.8639,-4.7649,-0.2764,1.0035,6.7256,-7.2638,-0.8184,-1.4366,-0.9189,-2.481,7.1105,4.1082,7.6152,6.9936,-8.6903,6.2055,3.5741,1.5783,0.9833,3.0897,9.8926,1.7402,-0.6977,-2.8149,7.8087,2.7909,7.2353,4.888,0.245,-9.6046,-0.8659,-5.4073,-8.0026,0.9329,8.1583,-4.0231,-0.7403,-0.5916,-0.5658,-0.7553,7.2925,7.6117,-0.8293,5.8222,4.345,1.3596,9.3698,4.9872,-8.8092,-9.1363,8.6821,3.0796,-9.9676,6.2981,-7.014,-0.0696,5.4152,7.1992,-7.0658,0.9179,9.0897,-4.2466,7.9057,-1.8754,-1.8156,-9.4434,-8.9303,3.6181,-4.3449,3.9679,-3.2437,-6.8022,-9.7947,-2.7007,6.983,-5.241,1.8176,5.6301,-0.4112,4.0951,8.9721,-0.0085,1.5168,7.8567,7.2103,3.6681,6.0303,8.0286,-9.6844,8.1156,5.3501,-4.7303,1.2259,4.9505,0.2755,8.4572,7.8235,2.2621,-0.9634,-5.8443,-4.7737,-7.8557,9.5729,0.763,-9.4651,-4.1021,6.723,-6.7176,0.9144,-0.1075,-2.1039,0.4999,3.3488,-5.0782,-4.1401,3.4186,6.3824,-7.8901,-0.9053,6.5894,-9.3659,-8.3248,-8.9269,7.8422,-1.3997,4.004,7.9431,-3.0055,-8.2107,-3.6325,-7.7379,1.2882,-2.2808,1.0307,-3.3708,-5.7273,4.6762,4.8351,1.8552,4.4596,-3.0821,-3.5222,-7.8383,-8.045,-9.6669,5.7887,-6.157,3.9257,-7.9815,-7.7908,3.7265,-8.0729,-3.0648,-4.2701,4.3551,0.1113,8.4878,-2.4797,1.0403,-2.6113,5.8963,-0.4695,-8.2024,-0.6652,6.0129,-9.0795,1.2591,9.8847,8.3683,1.4203,9.6092,8.3053,-7.3039,4.1745,-8.8812,0.1517,0.6846,9.4759,-2.7883,-3.9433,3.564,3.0869,4.4631,3.8416,-6.2456,-1.5494,1.6215,-0.6024,8.1884
-1.4079,-8.3038,-2.0549,-5.5512,5.7653,-8.874,5.734,7.127,4.1093,6.2674,-0.5,-3.67,-9.7008,6.8412,-4.2034,1.3735,1.5755,4.9113,-3.3254,-5.798,-9.1631,8.2926,-4.0208,6.6033,-9.9128,-9.4998,-7.2891,-2.582,8.8909,-6.7006,8.9862,-1.8014,8.4383,-2.04,-2.6824,5.5751,4.2436,6.1977,-8.5002,-3.2585,0.1585,8.9977,-5.5112,-3.5587,9.0861,5.069,-2.9864,-8.6858,1.8562,-1.6175,3.1829,5.844,-4.1208,8.1268,-4.0639,-2.7951,-0.7581,-6.6888,-6.8495,-6.5531,2.0311,-4.3292,-2.3562,-8.0894,-5.2127,3.8706,-4.4286,-2.6814,2.5253,-3.062,3.6946,-3.981,7.2046,9.1674,-1.7626,-6.0591,-5.3256,-0.9378,-6.3592,-1.0652,-6.0298,-9.0798,-5.7733,9.4035,3.8607,3.7603,9.9986,8.4785,9.0142,-2.4291,-1.5303,-9.2854,-4.8073,-4.4587,9.1233,-4.111,-5.7777,6.6436,5.6173,8.3807,-4.1781,-1.946,-1.8074,6.0992,-8.4618,-8.7254,-4.554,7.7385,-1.6509,2.353,4.5524,-7.534,-2.9545,-5.5985,5.6086,4.7949,9.8369,3.348,3.0999,9.9421,-8.7327,4.3971,4.3166,-3.0595,2.2442,-7.8762,6.3258,-6.2582,7.7383,-8.7759,0.4743,-0.4126,7.5384,-0.2048,4.704,-9.3548,8.0418,7.9444,-7.2455,-1.7494,8.1104,-4.9909,-2.1421,-5.5866,4.4028,9.8478,-8.4128,1.4555,-6.4992,8.3931,5.797,1.5805,6.5697,-2.2449,-1.2679,-5.5747,0.4906,4.5116,-6.8313,3.6475,-1.8984,-1.0486,-1.4105,7.9004,4.2891,-6.2469,6.969,-8.4065,-4.8334,-5.0751,0.2295,-2.1995,1.043,0.3853,8.7369,6.1654,-4.6981,4.8125,6.0177,2.346,5.4173,-7.9435,-9.773,-3.0,-9.8744,-1.8647,6.4642,-3.3093,3.6285,-5.1627,-2.9695,-4.753,-6.8472,-8.1591,-4.9809,1.5327,-5.061,-9.0921,-0.962,0.0756
1.2836,-8.4085,2.8571,6.9706,0.8572,5.2652,0.8387,4.8942,-4.4347,6.9639,-8.1276,4.4971,2.5933,7.4848,4.1449,8.2529,-9.5776,-9.7609,-6.1866,8.0138,-1.9536,-2.926,-2.1086,-1.3168,-8.3842,-0.8616,2.6759,-6.7949,5.7295,7.0003,-7.511,3.9552,-4.5426,-8.8267,8.5433,-3.6592,3.3883,-7.7146,1.5536,9.3077,-4.4366,9.5292,5.9871,0.1887,9.7881,-3.6704,-6.7828,4.5249,1.9217,0.2178,-2.5144,-3.4906,-4.7001,-9.2926,9.2912,8.6068,-0.3641,5.4913,-8.4585,-6.0511,-7.2617,-2.5577,-1.7679,4.0798,6.5554,8.9069,9.0105,-8.758,-7.0433,-9.2829,3.7352,6.9958,-3.1196,6.2941,3.3508,-1.7682,6.8867,-6.7815,-8.1648,-8.7535,0.7847,-2.0746,9.0982,-8.0544,-5.0212,5.3432,-2.5563,-2.4594,-6.9214,1.4239,7.0936,4.4404,-8.8326,-8.814,-5.5291,-9.9137,-5.3119,-2.5049,-3.5843,-1.9447,-4.44,-5.854,1.0605,-8.538,0.2872,2.2071,-5.9666,-8.1055,2.9843,-3.1019,9.608,3.0334,-2.3475,9.2185,6.1008,5.1824,-6.2265,-4.5676,-4.3531,-0.6067,0.2202,3.3251,-1.4275,-7.2439,-9.8732,4.3178,-5.3328,-5.9221,2.0073,2.42,-9.6976,-6.0653,-7.8291,2.5059,-3.8088,-6.8958,7.528,7.9365,-1.419,3.5476,8.8386,-7.0254,-7.3271,-8.9388,8.6438,-4.5402,3.0224,3.8622,5.8044,-1.5005,-3.2559,4.9836,7.2171,-4.6927,-1.0698,1.354,9.1769,4.1697,5.9161,-7.2303,-4.9594,5.2252,7.1897,8.3162,-9.6245,-1.7417,-3.4132,-9.9639,1.2992,8.9641,3.9607,-6.2142,8.0299,4.4448,-6.1143,-7.3854,-2.2446,-0.2857,-5.9061,5.8564,-2.9114,-1.5507,-1.5119,-9.6384,-8.9407,1.7974,-0.0837,8.9048,-8.7695,-9.2552,0.9728,1.5782,1.8163,-7.5845,-7.2713,2.6195,-6.797,0.8541,8.7051,7.5425
1.393,0.9975,-6.5261,1.1167,2.1904,1.3067,-8.7606,-3.2561,9.181,7.5915,-7.0087,4.3889,-6.0194,-9.8984,0.6804,9.0404,-1.5336,6.2655,9.7636,5.0393,1.3656,3.8075,2.8619,-2.1192,7.9512,3.893,-3.9877,-5.2081,0.0111,0.6317,7.6356,-2.53,-3.4554,1.7429,0.5584,5.232,5.5794,-4.8282,5.3312,-3.3489,-0.5012,3.9795,-3.4263,-4.9937,-6.1386,-9.6686,4.2105,-0.6104,-0.4469,2.0396,3.8893,2.3509,-2.0641,-8.8278,-4.5289,4.9802,-4.8568,-7.9009,0.7039,-4.7415,-0.6146,-0.1045,-7.0863,0.3635,5.0925,-0.0351,-5.3051,-4.5158,-2.2293,-8.7578,-1.0941,-4.1825,-2.7814,-0.7808,-9.4555,7.4245,-3.5846,6.6435,-4.369,3.146,-4.6386,-9.6783,7.0743,6.3379,6.7771,-2.7658,-1.11,0.6504,2.2444,-1.9364,-8.9932,-8.4375,6.5326,-4.0877,3.4631,-3.9439,0.7195,8.2867,2.8251,3.9465,-1.6887,-7.0659,7.9715,7.9723,4.4204,-3.6218,1.5334,8.0951,-6.8316,2.05,1.1644,-5.4505,-7.2669,0.9645,-3.795,-9.2548,-8.8527,-7.8537,-8.2776,-2.1586,6.6768,1.8041,-5.1813,1.6526,-8.5693,2.6639,-3.9341,-1.9473,5.1224,1.0083,-7.5703,2.5136,-0.0923,-8.4313,8.3486,3.5186,1.2902,-9.5278,-1.5515,9.4665,7.0354,0.289,-8.3015,-5.5739,-6.8952,8.3623,-4.3058,9.1122,-6.8427,-7.9264,-2.8734,8.449,7.6238,9.7634,-4.9245,4.4101,2.0582,2.3926,-4.8141,2.5725,5.2963,3.1595,4.8541,-5.535,-2.9175,-1.2198,0.9827,-5.943,6.5608,-6.3685,-1.7053,-7.6004,-1.3496,2.4632,6.4654,-6.7924,2.5832,-9.5529,0.6675,6.3752,2.9545,-8.4221,6.7142,8.8739,-9.5277,7.8758,3.9995,8.1177,-2.0625,-4.4559,2.5354,-8.075,0.3627,-3.9856,1.0064,2.2274,-6.1563,0.779,6.0471,8.0582
2.6339,8.841,5.8593,-7.2058,-7.6241,5.3688,-3.3713,-3.7577,8.7654,-1.1859,-2.6214,-4.122,-3.9274,-0.2432,3.0218,-2.7416,-4.1508,-7.6908,-9.0248,8.2223,0.645,9.8242,-8.2859,7.3438,5.1833,2.4596,-8.5655,-2.8611,2.5263,-5.9468,-3.1146,3.1406,5.2311,-9.9842,7.8469,1.3026,-2.0199,8.5507,-2.3772,-0.7453,7.1326,-4.7265,0.0593,5.0594,-9.9953,4.5406,6.7885,6.9184,-3.2275,6.5617,-9.497,-7.0747,8.3764,-4.6333,-8.6058,4.428,1.1072,-6.3452,-3.4043,1.1528,-3.8691,-0.3911,-0.2928,-1.3893,-7.3984,-7.9712,8.2797,7.0913,7.9668,0.7377,-9.2556,-6.6745,-1.848,4.8646,3.9214,-8.1114,-7.4737,-5.2855,-2.0197,8.9277,-5.895,-5.5144,8.2227,-1.3563,1.6312,-5.7206,-1.7209,-0.4203,-5.5569,1.262,-2.3887,0.8614,3.9801,-7.0252,0.2432,-3.4481,-8.2393,2.0468,-9.857,5.5687,0.3489,-6.1972,-5.442,-4.1419,8.1896,-0.6741,9.673,-8.9061,9.8508,5.8942,0.1922,4.0242,4.7875,4.3964,-5.5981,-2.6789,-0.9521,-7.7379,1.7287,-7.5114,3.9702,-2.1763,-5.3132,2.5531,8.2075,-9.5146,7.1174,-5.311,6.7507,6.7906,-7.712,2.7984,-1.4182,-8.6438,1.4421,-9.1397,5.2005,7.0825,-6.8857,-2.4691,8.168,6.5938,-7.31,8.5676,-6.4124,5.6362,-3.3606,-6.6383,-7.8607,5.6212,-6.4252,3.32,9.6514,-0.5167,-7.8239,6.9308,2.3623,-2.5651,6.7016,9.66,3.6225,4.7388,-3.3684,2.2681,-2.0765,-5.3247,-5.1407,-6.8275,7.4609,1.9868,-0.7227,-6.8669,0.2099,-2.2962,-1.4082,-3.7758,-0.2567,4.8777,0.1298,-3.076,-4.9461,3.8309,6.2039,8.4406,-1.2847,4.4733,5.1723,-3.3618,-2.1587,8.663,8.227,-6.1069,8.9617,-4.7419,0.8708,-6.8769,4.8332,-3.6581,9.8914,0.8269
-6.0499,9.0379,1.2146,-4.2763,-9.9351,0.6352,-7.3149,8.5161,-2.4294,-0.4952,-5.9708,2.5247,9.1654,3.4807,6.7198,3.4545,6.9084,2.2186,1.7656,5.4489,-5.6437,-1.4786,-3.0158,0.2616,5.0886,3.2517,-4.8922,-2.9081,4.9477,2.7073,-8.0358,4.9422,-7.1526,1.9088,-7.3197,-0.3354,6.7627,1.0549,1.3957,-3.719,-3.903,-4.0318,8.5119,1.9144,-6.1953,-6.5313,0.0873,-3.8666,3.5149,-7.1944,7.6303,3.8068,-6.8926,-5.7821,9.36,-6.8053,1.929,-4.7935,6.0798,-2.1359,1.1151,3.8336,5.4457,-0.9263,-8.4889,6.7273,3.0733,-6.9723,3.8579,-2.1793,-9.7992,8.0907,6.3703,-8.3643,-1.5197,-5.5234,9.2635,-2.9046,5.0223,-0.2794,0.4739,-0.5851,-9.6175,-0.2582,9.7107,2.0731,-3.829,8.5512,-3.7951,5.54,9.8532,2.7695,2.3502,-8.9307,-4.7875,-3.4521,0.4631,0.4314,2.0626,-3.6491,-7.3306,-5.3487,3.0369,9.4848,3.8642,-0.5648,5.0617,3.8919,-7.0525,-2.8971,-5.5791,4.4349,-1.1027,-0.1116,-9.8569,5.8452,1.7527,4.7802,5.2915,-6.6023,7.3449,0.871,7.6085,8.9955,9.0686,2.2879,2.5926,-2.1999,4.124,-5.9962,4.1043,-7.839,-3.7129,-8.9112,5.9958,5.3291,-0.5155,6.9825,-4.3561,-2.2061,1.192,4.4617,-4.0905,-4.4254,4.3981,3.4306,-7.0717,-4.7673,-0.1441,7.9882,0.6937,-2.3744,8.6831,1.8191,7.8457,8.9476,5.8636,9.0699,2.6882,2.988,4.4211,-9.2611,6.5185,-8.3359,6.6145,2.843,-6.18,8.0805,-9.0923,3.3422,-2.7545,-0.9892,-0.878,5.6562,-1.7991,-1.1069,-4.5825,2.4292,0.8476,-3.2404,-7.6084,-6.1897,-2.4518,3.9592,0.2314,-8.8288,1.281,-1.3702,-5.2561,1.1034,1.6406,3.4926,-2.7697,7.1684,-4.7298,7.2871,-6.2109,-8.8575,7.8769,-0.9004
-9.9188,-9.082,7.9083,7.9323,5.1864,6.0972,-1.9645,7.2375,-2.1661,-5.7001,1.6625,-3.3138,-5.2699,9.6521,9.4461,-1.5089,4.2952,-3.5836,8.7809,-0.7497,-9.5362,-1.4208,3.8313,9.5168,-3.0698,-1.3671,3.7914,-1.0998,-4.1838,2.0801,3.1838,-6.6998,3.3452,-9.8215,-3.8033,-8.5192,-7.6449,-3.1273,2.8519,6.768,2.6516,-9.7754,3.8999,-2.0625,7.2713,7.8758,4.1828,-3.6159,-5.0062,9.2841,7.8813,3.7825,8.6191,-8.5553,9.0007,4.2095,-7.1046,-8.8853,0.1548,5.5732,-1.2025,5.5505,-1.3284,1.7101,5.1482,4.8673,-9.529,1.6922,-5.1046,2.7046,-3.2894,8.3081,7.1996,0.9242,8.8626,-5.0358,9.1247,3.9754,8.2186,-3.4337,-6.1658,-6.5654,-3.5097,-2.4263,-6.5295,-5.2029,7.2042,-1.4321,-2.8353,9.1802,-4.2804,2.6788,-5.4168,-8.9375,-2.3827,-9.1428,4.1627,7.3156,-5.7794,-8.3676,-3.3356,9.2256,5.3756,5.3079,-7.1756,8.3373,6.4138,2.831,9.3989,-1.6688,-0.0915,2.2115,-6.8565,-5.7377,9.4403,-4.6883,6.7493,-4.2867,8.9335,1.2799,-5.9658,-2.6607,0.3421,-7.9165,-4.8841,-2.0665,1.2348,-3.5173,9.2351,1.376,5.218,-9.2523,8.7157,-9.2231,3.3062,-6.0936,-4.2447,-4.9772,-5.5735,-2.7782,8.1616,6.2868,8.7761,-5.3268,-3.8921,7.8419,2.0371,5.939,5.3254,-9.3917,-1.1065,9.0091,5.0084,3.8396,4.8691,-1.7376,3.8461,-3.6441,5.5809,9.3221,-4.7605,1.885,3.5225,8.3241,5.4575,6.553,9.9438,-1.0632,-7.5451,3.7139,2.0096,7.7851,0.3181,2.0828,-2.954,-7.7344,-9.6164,-5.833,0.9623,-7.7334,-5.6543,5.8094,-4.4571,-7.1606,-0.8493,-1.889,4.8978,4.4512,6.2039,-6.6041,6.5872,0.342,-5.2734,9.7214,-8.4822,-3.8531,-0.5032,-6.0021,-3.8025,9.8085
6.6389,6.2094,-7.9957,9.52,-4.2,8.6221,-3.1363,0.9235,5.1329,3.0398,-4.875,3.5449,4.4405,2.6345,2.5521,-4.7652,2.2924,-7.326,0.2054,-5.0801,-0.5742,9.3127,1.2912,-0.3981,-7.712,4.8186,4.1798,-9.6351,-3.1351,-9.0682,3.9696,1.2055,-6.1091,1.3757,-0.8038,-7.8655,-0.8023,2.5934,-9.0027,1.5517,0.8046,-1.7366,-9.9385,2.5051,-0.4349,-8.9264,8.6308,-2.5919,-3.8693,1.8555,-0.4613,7.2309,8.1607,4.9955,-1.8848,-7.0886,-6.4416,-4.7515,-8.5924,2.6529,-4.0819,5.2435,-8.678,0.5371,1.095,-1.7889,4.5204,2.1498,5.6402,-2.037,-7.841,8.1622,4.8612,-8.8402,9.3677,-0.7509,-6.01,-7.3238,3.3107,6.4008,-4.3905,2.4712,1.1671,8.7262,-7.2816,-1.6445,6.1222,-7.9306,3.2862,9.1661,-1.5954,-8.9318,-8.389,7.5494,1.3854,6.4795,2.796,7.7014,-2.6314,1.2892,8.8752,-4.6143,9.5015,-4.9071,-4.2064,-5.9609,-4.1683,5.0166,1.1075,-7.3722,7.3121,7.2135,-1.1235,4.2247,3.1875,1.2413,-8.4408,-0.275,-1.3591,-9.522,-1.5869,-6.7131,4.8106,4.0046,-2.2164,3.4969,7.0869,5.4054,2.7391,-3.7015,-6.3922,-1.0556,-7.4891,-2.4542,2.8245,-3.9292,-4.7512,6.5192,6.6199,8.4295,9.1419,0.9041,-0.232,9.0718,-4.9972,-6.3106,9.5546,-3.2336,-3.2007,0.847,4.5688,4.7195,-1.6041,-3.3041,-1.2731,6.4876,-1.7639,1.1795,-4.919,-4.6795,-6.7317,8.4417,7.5364,-5.9929,-0.4894,1.3387,-3.785,-9.9745,4.0215,-9.1757,-3.0546,-0.9709,0.3324,7.4348,2.8742,3.0439,3.3421,-8.175,9.2149,-2.6529,8.2024,-8.746,0.9953,8.7377,-5.0009,9.2314,6.7173,1.299,-0.7205,2.494,3.8966,2.9094,-2.5731,4.7909,-4.467,-8.5459,5.1015,-2.3538,0.069,-2.8256
-5.1096,4.2502,6.9613,-6.8836,2.4006,-1.3382,-4.8303,7.5551,-0.1652,6.3343,-0.8628,8.9736,8.8781,-2.9565,-4.9653,-7.0099,1.2167,-6.6683,9.5542,5.7183,-6.4418,3.1227,7.3866,-9.8127,-0.5165,1.5351,-1.5676,6.3533,4.9792,-7.9312,2.9101,-2.0456,-1.62,-3.02,-2.1808,-2.0273,2.7532,2.6642,-3.6169,2.2359,-9.9347,2.5226,-3.5408,5.3704,0.7603,9.8305,3.6876,1.413,-1.6941,7.5817,-5.4386,-8.1694,-7.3986,-3.5644,0.6452,3.4336,8.7316,4.4265,9.9794,1.8212,3.7591,9.6218,9.2229,-3.4209,9.1756,3.8772,4.0091,-1.3887,0.7899,-8.8418,7.6224,-4.2193,6.6686,2.8787,6.0391,6.1239,-1.7353,-1.4422,-4.0531,1.8193,7.8528,-9.8381,-9.6802,-1.2034,-0.9308,-5.1678,-0.6921,3.4964,-4.8146,-3.0036,2.9493,6.2904,9.5825,-6.9994,3.9361,8.1723,8.9675,9.2298,-7.5552,2.1431,-9.673,6.2381,-4.9224,4.2181,-4.4831,5.1323,-2.8808,-7.3568,5.0969,-1.5842,-1.8615,-8.3476,-8.2607,9.2555,-3.5887,-3.4464,-5.1461,7.0183,1.9657,-5.2522,6.4772,6.9257,8.7068,-1.3452,-3.9094,-8.8547,3.0854,0.267,0.4285,2.418,0.5098,2.1189,1.0077,4.143,0.9445,-1.411,6.7967,9.4094,6.9318,9.5624,-3.5535,9.5837,-0.5224,-5.2049,8.7816,-0.8713,9.6369,5.842,6.5944,-3.0163,-3.4022,-5.5454,-5.2288,-4.8148,0.4187,-7.9116,3.0246,-8.2363,5.1623,4.177,3.7779,2.7456,4.0417,-2.8341,-5.327,-9.6888,3.9606,0.2912,8.567,-6.0728,1.4046,8.4586,-7.3264,9.8543,-8.4339,-8.1967,-7.4871,-2.4026,-5.858,-5.9755,-9.5276,5.1907,0.2113,-1.2483,8.6887,6.8378,9.0096,4.3113,-4.9115,2.1377,9.2828,-0.4207,4.1881,1.9534,-1.1478,-3.9077,3.932,-6.339,-9.0164,-3.8872
3.4121,-2.3334,2.4436,2.6823,-5.4624,-8.5529,5.6903,5.5287,9.057,-5.4041,-9.7478,-9.265,2.068,7.0248,-7.3637,-7.7289,5.8506,-4.0039,-8.8279,-7.9966,-6.2824,0.8456,8.8484,-3.0682,1.8529,-6.2231,-9.7573,-2.3502,5.1609,-3.2637,5.6199,6.7947,-8.1763,6.9617,2.9379,8.4242,4.0242,0.2387,5.9634,5.1452,-7.1416,6.6341,3.6945,6.8485,-9.0833,5.0511,-4.3624,-1.4158,5.4799,0.7786,9.2065,-8.7791,4.4408,3.0315,-9.0633,7.2306,-0.5872,6.8413,1.8987,5.4585,0.1786,-9.1354,-6.6439,-5.4627,-8.8061,7.8464,1.6749,8.5286,-6.714,6.9953,5.0675,-3.0543,-8.5178,9.9066,4.2226,8.6151,8.1612,-7.5883,7.1228,-7.8505,-6.2538,-3.3406,8.5728,-3.0386,8.3055,-2.0914,-8.8617,5.5269,5.8493,-0.1679,-3.1838,-7.5133,9.2533,1.6079,4.8075,-3.0216,-5.1687,-0.4245,1.3069,3.5337,0.3732,3.9297,-3.6649,6.5638,-1.5953,-2.2722,-3.6662,-9.887,-1.7504,-2.2579,0.0917,-2.6142,9.1781,4.1736,-7.6688,7.2906,9.9264,9.0214,7.3137,5.5012,-5.9947,-4.3613,8.5134,6.4368,-9.6607,-0.2406,3.2665,-7.2312,2.2779,0.2705,-5.0916,4.9299,-6.3283,7.3896,-4.6626,8.7899,1.7639,8.0584,-8.3171,3.6873,-8.9644,-3.1502,6.3408,-6.5154,-5.9458,2.4651,7.8964,9.5498,-0.3141,-4.2191,4.5163,-4.3164,-9.427,1.2983,0.8772,-3.2904,3.8003,2.1594,6.5624,0.705,0.7707,8.062,3.5402,4.1316,-8.677,-4.9151,-4.5888,-6.701,4.0046,-9.133,3.0714,5.7182,-2.1218,-7.8612,0.8358,8.3751,1.1114,8.0492,3.5704,5.4448,8.9505,-0.938,5.844,8.4999,8.7237,6.9026,-3.0107,-9.3425,-2.4887,1.6016,3.4117,-6.4652,8.669,5.0665,-8.8975,0.2512,-2.9127,-6.4924,-4.0222,5.987
-6.121,-2.0103,-4.0888,7.6557,-4.9038,-5.9145,6.8959,-3.8054,4.4607,-0.2081,-7.5743,-0.138,-4.1558,7.1411,5.5207,-3.147,3.7675,7.3655,2.1951,6.1028,9.2989,-5.1387,-0.8228,-7.6832,2.7566,3.78,-6.65,7.1696,1.414,-0.8031,-9.5836,-5.3828,-9.7477,-5.0142,-0.4869,-8.5864,4.0707,6.3121,8.646,-2.4569,-3.9455,-0.5726,7.7922,6.368,-0.2629,-6.7362,7.504,-4.8591,1.5394,-4.808,6.6631,1.2593,1.7861,8.3658,6.2931,8.4791,6.01,7.5683,1.298,5.1968,5.4665,8.7693,-3.3275,-6.7007,9.6908,-8.446,6.8303,-4.1627,8.669,1.5043,-2.3986,-5.5282,-5.5017,8.366,4.4447,5.5052,6.3183,-7.5527,-9.5589,-3.7444,4.7924,4.1823,-9.3277,-7.7944,-6.4032,-2.5655,5.614,-8.5415,-0.6364,4.7565,-8.8913,3.8952,9.9415,-6.0083,-8.9753,-0.8984,-2.8502,-1.7819,-8.9877,-5.463,-6.1088,-5.6675,2.3257,-7.8138,1.0917,9.0234,-9.947,-3.3518,-3.3364,0.817,1.3805,-6.3869,4.1648,7.0944,-1.8709,1.7599,-9.4189,0.9482,2.7284,-3.1702,2.3816,2.8478,-6.6218,-0.1721,4.1622,6.9875,7.5526,-0.0979,2.1238,4.7407,-0.7504,0.7904,2.4415,3.342,4.7301,-6.7476,-4.2319,-0.7658,5.6939,-2.7518,-8.478,8.3503,-3.0089,7.7076,4.8795,-6.9941,-7.129,4.4769,-5.4021,0.128,5.0695,-3.3168,-2.4121,0.4615,8.0799,-5.8586,3.5413,-9.8952,-0.5392,-9.6288,-6.8576,4.7492,5.9411,9.2189,8.8212,-1.0368,-3.857,0.2617,9.6016,8.0655,-2.8629,3.8586,-7.7101,-2.1181,-9.679,3.6244,4.4599,-6.1697,-3.5746,-4.6069,-7.4222,5.9169,7.3436,5.688,5.8865,0.2552,1.5333,-7.2084,-5.6561,5.4146,0.906,3.2813,5.7832,-9.2091,-0.2532,-0.0003,-2.7185,-0.1294,-0.5054,9.5794
8.8758,-4.865,5.2862,-1.7556,-7.4892,2.9932,6.2793,-9.7901,-9.8205,8.4122,-5.2398,-4.4895,-5.2062,-5.4083,-0.3265,-5.0143,6.7436,6.5997,-2.9885,8.8983,-4.3067,9.4309,-4.7504,6.636,-7.466,-0.4582,1.6617,-8.4534,-5.292,7.8781,-8.5053,1.6922,8.0411,-7.7277,7.9725,4.7192,-3.1919,6.9579,-3.0628,8.9643,-0.4892,-5.2728,-1.4932,0.5197,4.4294,4.2311,-5.6185,4.0304,-0.0712,1.1584,-9.2632,-2.415,7.9222,-4.8878,-9.8624,7.3588,1.3633,-2.1287,-8.9018,3.1816,1.7255,9.9907,9.9238,-3.8724,-5.1325,-5.0174,-1.6507,-0.778,-2.9117,3.4959,-6.933,0.2054,8.7526,5.4554,5.1005,-5.6829,-0.5052,-4.3271,-8.9502,-1.0725,-1.0484,-6.0286,-8.0941,6.0726,4.3814,7.4571,7.9437,8.9177,9.3458,-6.4929,-2.093,3.2759,5.6899,-0.9488,-2.1738,7.9303,-9.0497,9.3492,-5.7588,7.3462,-2.5776,5.6966,-3.2521,5.2942,8.6805,-7.2725,-9.1723,8.9894,7.4457,0.1627,0.6369,-6.5198,0.5541,-7.8834,9.4316,-5.8863,-5.6424,2.5153,-2.4692,-2.3126,-0.6339,1.25,-0.1396,-7.0242,-1.1576,-3.5125,-1.9371,-0.5486,8.4298,1.8551,0.8935,9.3676,-0.1984,-7.1608,-8.6263,2.4284,-1.0175,0.8169,6.4403,8.9439,-0.6465,-6.4048,3.7134,5.2029,6.2752,4.3509,2.4851,-6.5045,0.791,9.7887,-0.8221,-9.8399,-0.0429,4.2781,-7.2129,-3.2258,-6.3585,3.6322,-8.5285,9.1894,-8.2792,1.0767,-0.7305,-4.931,0.5207,-5.8452,3.5424,-6.5825,4.6281,3.3418,4.0277,-8.8993,-6.7866,-8.0034,4.9563,-7.6362,4.6776,0.3444,-5.67,-9.1845,0.7212,4.9987,-4.7801,-3.0258,7.7558,3.6955,-7.0304,1.4159,-1.7555,-0.2545,4.45,7.5863,3.9388,1.4231,-3.8692,-1.0337,-4.6265,1.6343,8.4342,-4.6776
8.3249,-6.819,-1.1877,-0.5994,7.7847,-2.1421,-5.6491,-9.5466,-5.4913,-6.1254,8.3387,-8.3271,-8.0501,-6.6585,-1.0613,4.4136,-0.2663,-8.6078,-1.5869,-3.6381,-3.5779,-3.6373,-1.0792,-0.3293,6.1631,9.4077,5.3304,-8.1995,9.3032,6.4593,-8.7138,2.4515,-9.7386,-8.2493,3.3478,-3.0667,-0.3405,-8.3066,6.1208,9.6951,6.8156,8.0764,-2.5049,-6.3884,3.4084,4.2054,-9.4413,-2.7772,-3.1123,-4.9256,9.3458,-8.0574,-9.1662,-9.4431,6.3613,8.5972,-0.9312,6.6406,0.3179,-7.7137,-1.4067,5.4903,-6.4311,-0.9498,3.8377,-7.2323,-0.6849,-4.7165,9.8482,-9.4053,9.5044,1.0519,-2.2316,6.3528,3.8264,7.3946,9.3642,1.7845,2.2377,8.9714,-0.5189,8.718,-4.4433,-4.302,-4.2814,5.2945,3.2332,4.7467,-6.1713,4.955,-9.1423,-9.3838,-6.8426,6.0446,4.3682,1.8304,-8.4894,5.1033,-2.9457,4.8438,-8.4578,-9.8589,-9.3309,-0.7481,-2.9214,0.096,-9.6631,-7.9307,8.8605,3.3828,-4.2385,-3.2795,-5.4002,-1.8823,-4.3695,0.8334,-7.7106,2.6885,7.2203,-7.655,-6.7098,-4.2213,1.2847,-1.2127,0.9499,-7.2637,-9.0613,-8.0003,4.3187,0.7956,-7.6487,-2.5385,9.7976,-0.7082,8.4788,-6.92,-2.7581,-7.3748,6.4623,-2.5417,5.4096,-2.1856,-5.2862,-6.4428,-8.3423,-3.3302,1.07,-8.7402,-4.2151,-0.9028,4.5658,-0.6095,-8.2222,-1.5436,-5.8934,-7.8813,-5.273,5.5848,-3.758,-5.4301,-8.988,9.2372,4.0705,0.038,4.1422,0.6696,-1.5372,-6.4893,8.6459,-8.0877,-0.8775,5.4221,4.9715,-3.599,3.2021,9.5916,5.3201,-2.1591,4.8208,0.4368,6.4274,-1.8995,9.9627,-5.2947,2.6051,4.989,1.1003,-4.6444,-1.9863,9.0448,6.9144,-5.0386,-1.8274,-2.0823,2.8616,5.7151,-3.9449,-8.8006,-1.173,2.5251
9.8392,4.9036,-6.2868,-6.9352,-4.6315,1.7021,-6.6399,5.8218,-7.6604,9.1392,1.6857,-0.7433,9.3708,2.7217,0.9917,-1.8002,0.6102,-6.9527,-8.5385,0.4299,-5.4228,1.5337,-4.7913,6.8434,6.3377,8.02,1.0964,-2.6747,-2.8806,0.3038,3.9661,2.3768,1.2828,3.0359,-6.3043,-7.2644,0.5652,4.8214,-6.7713,2.6714,-9.179,0.8788,6.0231,-7.536,3.7607,-5.0992,4.7263,7.174,-5.7699,-9.8149,-4.7198,2.7981,-7.9033,9.9323,2.0712,-2.3539,-1.3573,-9.7928,5.1073,-0.1686,-4.7142,-1.8886,-0.3882,2.3387,-2.0221,-4.4181,6.8805,-3.0316,-4.0232,-1.2116,6.9201,0.7845,6.1136,0.7583,-7.9242,2.6037,-7.5899,-5.5492,5.1054,1.5108,4.728,-8.2385,9.9135,-5.8614,-0.229,3.4474,3.9971,-8.4671,-5.8157,-8.2855,-7.8607,4.015,-4.5199,-9.1834,1.9537,-1.4482,5.2166,4.6352,9.0263,3.5735,-9.7282,7.4339,6.4038,-3.0872,-7.6608,-2.9444,-3.0342,-5.5519,-1.5171,-0.1993,-8.7427,-9.721,-1.62,9.934,7.8736,-5.7726,7.0408,-1.9527,-5.5127,-0.7054,-3.1128,-4.4993,-7.607,0.0707,-1.3594,9.4732,2.7625,5.7632,9.7214,5.4816,8.9164,6.7814,-3.2544,-1.7612,-9.7291,6.9728,-1.0662,4.8681,-5.9638,-9.3975,-4.2907,8.8236,2.9866,6.0104,7.5383,2.9118,1.002,-9.4249,-4.7167,7.6316,0.2864,-4.6219,1.4353,-6.7703,9.755,-0.4248,9.135,9.147,-1.5176,-4.0095,-9.1187,-1.4016,6.6041,-8.8486,-3.0477,5.7562,4.515,9.4036,8.4705,-1.626,6.3613,-4.7425,-0.1246,-0.0983,2.7448,-3.5422,-5.9094,-4.3059,-6.4127,-4.5127,8.897,8.181,2.7368,2.8832,-8.3064,8.8469,3.9017,7.6259,8.7828,2.7233,-3.3503,4.5454,-7.1392,1.6325,-6.0158,-3.1546,3.9515,6.8285,2.3876,2.5406
7.2304,9.9102,8.5294,2.2546,-9.4758,3.5934,9.7673,1.703,-1.8803,1.1759,4.737,-0.8558,-8.2775,-8.5727,1.029,6.7841,4.9098,8.5114,-5.5127,-5.7505,7.6762,6.3863,3.648,-4.5768,3.7285,-5.2915,9.8699,-0.7637,2.6611,6.4112,9.6009,-2.8014,-6.6171,-0.4118,-2.7924,-1.5028,-2.3791,6.7233,8.773,6.638,0.5955,8.6785,-2.8505,7.8449,5.7635,-0.5811,-8.9859,-5.5351,-1.4133,8.1334,1.6467,-8.329,-6.9085,5.6558,-5.0251,-7.5221,2.7836,-6.3851,-7.1748,6.76,6.6168,-5.0568,3.8765,-4.6741,-3.6436,-4.7854,2.1526,-8.8876,8.0641,-5.0266,-3.8294,0.2899,-9.8607,1.4574,-7.9674,1.5002,-1.0859,5.2049,-4.7295,-7.144,-0.6933,-1.0171,9.116,9.1945,3.3127,0.9035,2.4785,5.5366,-8.6422,-0.7008,1.4003,5.2413,2.0197,0.3787,-7.155,8.6128,-0.0487,-8.2782,8.201,-5.7577,6.8593,4.8593,9.4421,-9.6709,5.5175,3.9744,0.9998,7.0755,-8.2601,-6.1793,-0.1488,-3.7337,-2.6193,-5.7528,2.7587,-5.022,3.9775,2.873,-8.6933,-9.6553,-6.2334,-8.3869,5.4723,7.5223,-7.3126,9.5767,9.4393,-3.3157,-5.4402,0.086,-6.202,-5.0391,-8.7888,-8.9607,5.5384,-6.5381,-6.9129,-3.2675,-8.7107,-6.6058,6.6051,1.3832,7.1677,-1.6888,6.6716,0.2356,-1.7696,6.505,-8.1399,6.6219,-9.9626,7.5247,-0.7341,3.5393,3.553,-4.8014,-5.3868,1.1972,3.9676,7.1241,1.3484,-6.8149,0.7007,-3.8809,-8.349,-3.3738,-0.4868,-6.3023,8.1408,7.8607,5.0995,-1.9179,1.3366,-0.7942,7.9454,-5.792,8.2462,-6.167,-6.8125,-1.4394,9.483,3.9981,-7.5753,-4.8136,9.8065,1.7927,4.0225,8.7561,8.0217,-7.6653,4.0409,3.6342,1.1486,9.5497,1.2524,-9.6085,8.4021,-5.0165,1.7693,-5.7669
-6.0732,-1.2842,4.8416,-9.4358,-9.8886,7.9667,-1.8744,6.1144,0.1042,9.1595,-2.4573,4.7081,5.6622,9.2523,-3.7835,0.2213,5.8633,6.1072,3.1313,-6.8155,-4.9076,3.5505,8.1854,5.4601,-0.753,-5.5309,9.445,5.995,-8.2853,2.6564,-3.3485,3.9857,1.502,-5.7778,-6.3717,1.281,-2.0851,-5.5216,-8.4615,3.266,-1.0532,-2.4475,5.9478,-3.8013,-9.644,-6.268,-5.7831,-7.9892,9.5268,-9.6172,-5.8182,6.6193,-3.0051,-5.9921,-4.6296,6.0623,-4.5824,-4.0761,6.1818,-5.4102,-9.7146,-7.4169,-6.4688,0.7396,6.202,-9.0852,-9.4119,-5.5296,1.6465,-6.0945,-8.5793,4.8874,3.4189,2.3472,-3.1204,-6.3732,2.6271,9.9542,-1.5485,5.7599,-8.569,-2.463,0.2361,-7.7906,-4.5164,1.8064,-2.9775,0.4786,-9.2416,-9.6083,-1.1202,-6.6223,-7.3382,-0.581,-3.6805,-5.6416,3.5394,7.3674,-2.604,-9.65,-1.0209,-6.1233,-7.1539,7.2221,1.1987,6.7663,0.1798,7.7071,2.8311,2.955,7.36,4.0922,9.8547,9.074,-4.8066,-2.596,-5.3459,-8.8846,-7.0637,9.2091,-0.1459,6.0541,7.6343,-5.5358,4.7453,-1.3023,9.2851,-7.8714,-4.0454,9.1419,-1.0681,-7.8635,8.514,-0.5256,-5.1962,3.9412,3.4423,-5.3911,6.7674,-9.6166,-5.4795,9.3577,5.9957,-5.1807,-1.7513,-0.2016,8.7842,9.5648,-4.9932,-6.0402,2.0492,6.0259,-6.3207,7.3721,-0.9234,4.0421,6.3493,5.7981,-3.2639,8.8534,1.3915,2.0274,8.7741,-1.7329,2.3551,9.3412,2.1696,4.2295,-8.138,7.0305,9.5712,5.7019,3.128,-7.9844,8.9728,-5.129,5.9022,0.1796,5.6759,5.0418,8.3887,1.4558,9.2346,3.0143,-6.3136,-7.5654,3.3546,-7.6345,4.6023,3.8173,5.019,-2.4515,3.44,-0.1588,-6.7821,-0.9127,-9.8177,-6.7755,-8.473,9.9328
-9.5405,-4.3474,3.1588,8.0231,-3.1166,-5.1584,6.1443,1.1301,-8.0651,4.1458,8.7192,6.3794,9.5497,-9.8926,-6.2737,8.418,1.6618,2.4121,-7.2305,3.4722,8.7537,-6.8994,-4.0876,-7.1673,7.9328,-6.2426,-4.8457,6.4779,-9.3529,8.9821,9.6389,4.5395,9.1504,-0.9323,-2.8718,3.2589,7.0576,5.9331,5.0027,6.2164,1.3847,-2.9625,3.8917,-1.8376,-5.3665,0.4786,-7.4527,-7.1245,-9.4339,5.2694,-8.6224,8.7649,6.4684,7.8057,1.1128,8.8155,-6.2688,-2.0825,-5.8609,-6.8146,9.7691,6.2241,-8.0834,1.5149,3.4255,-8.1852,5.7923,5.2598,9.8657,-5.2275,-4.6834,-8.5082,-3.7745,2.3475,9.3334,5.6834,6.0071,-1.7011,3.3173,9.4717,-5.5301,-7.8593,-2.3834,0.9217,9.2186,4.1507,-7.6005,5.8041,-2.3451,7.7192,3.0312,-9.9831,4.2726,-7.0305,-6.3806,4.2467,7.6143,-9.5287,-2.4583,5.4389,4.9382,5.8835,-9.5729,6.098,7.3081,-9.472,2.0457,-9.3401,4.6073,-7.6458,-0.8535,-7.5499,-7.3468,-0.048,-2.2083,-0.5312,-2.5206,4.0738,3.2947,2.7734,-7.3363,-4.4165,-2.8383,5.6973,-2.7797,7.3758,-2.2175,-3.2494,-6.7478,-7.3198,4.6988,9.7568,-7.7472,5.4801,6.4282,0.2851,-1.7723,-1.8542,5.9901,1.0563,3.4864,-2.1955,0.5183,6.2728,1.8338,-3.1362,7.203,7.2353,3.7432,-2.3332,4.3711,1.3358,6.9628,-6.0229,-0.0505,8.465,8.2855,2.2215,5.1008,-6.7951,-8.9111,-9.3019,-3.6058,-3.3505,-1.1944,8.3466,-8.6096,-1.4932,6.5816,6.9895,-5.9477,-5.9242,-5.4241,0.863,-5.0463,-0.6349,-5.056,-3.8559,-8.1321,7.4345,8.6742,-9.2568,7.8984,-1.1973,4.9338,9.8381,-7.7909,2.3394,2.2808,-1.5123,-0.0845,0.0302,7.4972,-1.8066,-8.5338,-4.7931,-1.9087,-3.8282,-4.3668,8.3583
-2.9671,-8.9485,9.3819,-3.3268,6.1341,7.126,5.9874,-8.7243,-7.4946,5.0022,-9.043,3.0314,9.4815,1.2735,-4.2327,5.9547,8.7326,-4.5898,-9.7964,2.0959,8.7177,2.9913,-8.6791,-7.6819,-4.4093,-6.503,-7.8298,9.853,7.9056,7.7681,-8.0264,8.7219,-6.8582,-0.1983,-6.7844,2.2483,-7.8999,-7.0988,1.1087,2.5488,-5.7092,-0.6387,-1.9529,7.4029,8.9863,9.4981,8.5541,6.3852,-5.5086,8.3549,6.727,-4.8158,-7.1998,-0.1786,3.9199,-2.5501,-2.9707,-0.3903,7.5551,9.4846,1.3629,5.3503,9.2424,-0.6592,-8.3216,0.8949,-3.0541,-5.3583,5.174,1.52,-0.9999,2.5505,9.6883,4.1271,-2.5802,5.5469,-7.6539,9.3857,-8.5096,-7.723,0.6026,-9.4945,-8.8538,-8.5283,-4.5985,0.3909,-5.8225,0.3571,2.3938,9.8861,-0.3817,8.7056,0.2962,-3.6742,-0.9182,-3.0162,0.6094,4.665,-0.603,6.2815,2.558,-0.0674,-9.7298,2.9395,-9.7589,9.5263,-3.6161,0.2418,5.6579,-3.5186,6.6657,6.0268,9.4942,-2.4888,-3.4191,2.4248,-3.7802,4.3455,7.3916,5.5792,-6.1804,4.8764,-8.8681,-1.9275,2.6367,4.0907,6.2692,-6.8476,-7.9413,8.0846,2.6367,-4.0898,1.3937,1.1196,-0.7771,-5.3955,-8.1096,-9.6477,-3.6278,5.6728,-3.1724,-6.1462,-3.3003,3.3319,-2.9206,2.0449,-5.9918,8.1173,-4.2915,-1.5762,0.8413,-8.7457,-7.6832,8.3478,4.5256,-9.0304,-5.8669,-6.5783,0.895,-8.0746,-5.2868,-4.9689,-6.0089,-1.8917,-9.5628,8.9212,-6.0515,-7.3768,5.2668,4.1679,2.0405,7.5359,-2.2275,3.1509,-3.3224,-2.6287,6.5519,-9.8589,-1.3455,-2.2663,-4.0371,-6.2577,-4.4001,2.8903,5.4716,-9.6469,0.2303,4.9991,3.4323,-0.2359,6.69,4.6179,2.0844,-5.8377,-1.8468,7.2569,8.8375,-2.7253,-7.0751,0.9798
1.4581,1.5048,6.8174,-6.8294,1.2359,5.0618,1.0259,1.2841,-1.2653,-9.1805,-3.0619,0.7083,-6.8777,8.6696,2.9685,2.883,-9.4317,5.9572,6.7109,3.7688,-7.0014,-1.6539,-7.1789,3.154,2.9587,0.3086,-4.7354,7.2966,8.785,-6.6092,-9.3069,7.0231,-3.8464,-2.9442,4.7933,0.8311,-0.5655,-1.3133,-4.2503,0.5313,5.1075,-4.0186,-5.1829,4.3521,7.9171,3.8967,-2.0506,-8.2053,-2.2575,-5.7722,6.8412,-0.7984,2.6887,3.4998,-4.6607,9.8758,1.8721,8.1341,-9.049,1.8249,9.3702,0.478,-6.7709,-5.699,-3.4308,-3.1813,3.2846,-7.3609,-3.0713,-2.6041,2.0051,5.0738,2.6286,8.0248,-6.4606,-8.1892,-5.3602,-2.6428,-5.2423,-7.614,2.6593,6.0716,-9.2278,-8.7737,-6.4395,-1.5826,-6.7143,1.1764,-4.8679,3.6872,8.3504,-2.2502,4.7859,-6.7554,9.9499,-8.6182,7.1784,7.5383,-4.3536,-8.5699,-2.8367,4.661,9.3081,-0.4784,-3.8322,4.1561,1.8529,-7.307,2.2783,4.4572,6.6298,6.282,8.6897,6.0732,1.246,-9.6763,6.6335,4.8524,2.6309,0.4382,4.236,2.9868,-6.1819,7.8476,-9.9821,-5.2278,1.1084,3.2526,-4.9932,-2.074,5.8399,0.8745,5.8561,6.2117,-0.8869,-6.8164,8.6207,-0.1244,8.8241,-5.207,-0.481,-2.9627,-9.5176,7.139,9.4263,7.3771,7.2111,8.8372,3.4835,-7.2006,9.8867,-1.5587,-8.3841,4.7533,9.6675,9.9629,1.5358,1.743,-1.7789,-6.4849,2.5365,-6.2938,-4.2103,-5.736,1.3063,-3.7247,-0.3608,-0.1339,2.2427,3.509,4.6484,-5.8258,-4.2431,4.2717,-8.9943,7.772,-6.1299,3.3372,-4.2069,-5.2124,7.6408,8.177,-6.1889,-2.7935,5.4461,3.4988,-6.8174,-8.5822,-4.9135,1.5797,9.2086,1.6504,0.4285,4.6194,7.4745,4.9554,-2.6912,5.0777,4.5389,0.2211
-0.3267,4.1283,-8.6107,8.7608,1.3187,0.4495,-8.2709,-4.7185,-1.7259,4.7367,-6.3438,5.7852,-8.3247,8.3134,5.3489,7.8157,8.8059,8.9313,-9.0589,9.0897,1.3067,8.069,4.0563,-9.1894,-2.0785,5.7483,4.269,-4.6945,2.7994,-1.5074,3.7926,-8.6403,-2.473,-2.9922,-8.71,-2.1384,9.165,7.3101,2.2499,7.9073,-9.331,-1.9721,-8.894,-7.6719,0.0211,-9.2229,-4.9774,6.5331,-5.3114,1.3725,6.5054,-2.8473,8.4374,6.0587,5.9734,1.3614,0.5958,-7.7966,3.2096,-6.3738,2.6565,7.0281,0.7054,0.3012,0.8158,-9.1578,3.2941,4.3219,7.5055,7.1545,-6.19,-8.6525,-0.8471,9.6374,9.549,5.3515,-4.4211,1.0689,4.7075,-1.7637,2.7863,2.659,-3.3746,-3.3078,-3.5402,8.5857,-9.8478,1.7993,1.3747,-5.102,6.9792,7.3403,6.8125,-1.3169,6.6899,-6.3809,0.3183,-0.1014,-8.8839,0.3622,7.7383,-5.3521,2.8277,0.3911,3.5665,-0.0413,4.3544,-0.5917,5.3667,0.1645,-1.0213,2.9549,-9.2379,-5.5094,3.5962,4.321,7.714,7.3698,6.5376,4.5565,-8.8631,1.0963,5.9932,-9.0856,2.308,0.3216,-5.3332,9.2587,-8.5065,-9.6242,-6.976,2.2986,-0.8332,-1.0637,8.2824,-6.4674,0.2874,1.3383,-0.6282,1.1102,-0.3211,9.1875,-0.7166,-3.8183,-0.2352,8.4357,-6.5196,7.5355,-6.2982,-9.5366,1.1263,-9.9588,-7.2293,-4.5228,4.5954,-3.4414,-1.5227,-2.6047,-6.8903,7.2956,7.0963,1.3195,-5.7196,-1.3334,-1.8806,-5.5731,-3.5837,-5.4536,6.4474,-4.7125,-3.6267,-8.9203,8.8672,-3.8613,-8.2069,-0.4698,-3.9388,4.7808,-6.3697,-7.9971,2.8422,-7.3488,2.1662,-6.3484,1.3871,2.4972,0.7697,7.361,-2.5556,-5.3829,-2.9106,3.3319,-1.8315,8.9494,3.4561,-7.3771,-9.8176,0.4871,-6.0594,-5.7427
-4.7726,-1.7999,0.9097,-6.185,1.2697,0.3349,9.7122,-6.6757,-2.2356,9.1908,-7.785,7.3857,-7.8564,-7.1899,9.3602,5.0859,6.8908,-6.4529,0.7522,3.0496,2.6158,-9.3457,-8.6607,9.415,6.6287,-5.6839,-5.8321,-9.9986,-8.7246,7.399,-8.2296,-4.4461,-6.0143,9.9977,4.0566,-4.8784,-5.4263,5.1932,-5.3711,-8.3078,-5.3408,-4.1279,7.9047,9.6143,4.8397,-4.0038,4.8864,-4.3313,3.7683,-6.2364,9.0163,8.4295,-7.9947,2.7183,-8.9322,-0.6433,-0.7067,-6.2975,-6.8201,-0.8693,-9.376,-1.9706,9.6411,9.7469,2.6036,-6.4262,4.2282,6.6303,8.3143,-5.0927,-1.3935,2.9083,0.5255,-5.2972,3.2141,-5.8661,-0.1407,5.1262,7.3193,-2.0401,-5.3558,-5.3004,-3.4224,5.7125,-5.4706,7.6847,4.726,-5.5797,6.8079,-6.1277,4.4024,5.8592,-7.5449,8.8132,2.5909,-8.4717,-7.1403,6.8592,8.655,-4.092,9.379,6.7618,-6.1647,9.3182,-9.6389,4.2847,-3.9713,-9.5681,-2.4378,5.7718,5.9166,2.7564,7.9309,8.1495,-1.8024,8.1144,-6.903,-5.968,2.6295,-5.3577,-4.1511,-6.6193,-7.7081,3.4762,-7.8677,-0.6571,6.4507,2.8053,-6.1959,5.6649,-1.9529,0.6475,-3.8898,8.8646,7.6365,1.4693,3.2783,4.703,-6.6783,1.8545,2.3855,7.2304,5.079,8.985,-2.6262,-4.3387,0.3979,4.4228,-6.3895,-7.8462,0.6556,-9.7106,-8.4047,-5.6107,-8.909,-3.0029,-6.3485,9.9856,-4.1043,1.4448,7.0968,-4.5243,-8.3097,6.6943,-5.0755,-2.2892,-4.1593,6.886,-7.5874,6.1782,-0.062,0.7472,-0.991,9.5063,-6.8638,-6.0974,-1.2883,-9.1141,-0.9448,6.5863,-6.9422,-2.135,7.6561,2.0854,2.9281,1.4443,1.94,7.3114,-9.1853,2.1491,7.8428,-9.2093,-8.6424,8.688,9.3143,-8.9533,-3.8085,7.2001,0.7124,-1.3584
0.0529,0.6193,-1.2681,-7.3917,-1.5231,8.2602,7.922,3.3874,0.4241,-3.752,5.958,7.3079,4.6416,-7.5199,8.9896,-0.9184,-3.8148,9.3435,-2.2077,-3.5597,8.1515,2.5453,1.3456,3.3711,6.9084,-7.1531,6.6415,8.8391,8.897,-8.5367,6.2681,0.466,-6.4372,2.8951,-6.754,9.4051,-1.3167,-4.3414,-6.7591,8.0688,-9.1596,-9.1932,0.4304,9.3513,7.9238,0.9731,-8.4404,-1.505,5.9219,6.3185,-2.3861,5.7693,-0.3564,4.8745,7.021,2.1017,-3.6299,-0.4854,3.4031,0.3411,7.1318,0.8395,-5.403,8.7587,6.3664,5.6005,7.4318,-5.6807,6.6919,-3.8469,1.9196,-8.714,-3.5411,4.5609,6.1405,-5.9145,1.9928,-6.3379,-1.2696,9.445,-6.8049,-9.4464,-2.5205,3.153,-4.4965,2.1904,-7.2616,0.971,6.8299,3.3588,0.9738,6.5712,-7.0497,-4.4835,5.795,-0.024,6.9673,-2.4205,6.2559,1.4382,4.0145,0.0498,-0.8366,8.7757,3.4197,0.3215,8.832,3.431,1.5364,-3.4233,4.2722,1.3886,-0.6624,9.3244,-8.7248,-7.4233,7.8558,-9.5245,0.2652,8.9115,4.4269,-4.2616,4.733,2.217,9.1774,-2.7762,-5.3218,-0.7448,-2.4249,1.7044,3.0933,0.4075,-1.9,-9.7883,6.7608,1.0299,-9.7074,-1.4859,8.6495,8.2111,9.8766,-6.4091,5.1267,-7.7217,-0.4631,4.8484,-1.3495,-3.774,-6.6821,5.6727,5.3893,-6.5709,1.7417,-6.2877,8.5213,2.1508,-5.165,3.8256,-8.6193,-0.5425,-3.2984,1.3689,-5.2393,6.7058,7.1638,8.673,8.7406,-9.1319,-7.985,-0.023,1.8159,0.7284,-2.9457,8.0769,1.7844,-4.5499,1.5877,-0.2463,-1.2482,6.6311,1.0468,3.4515,5.3752,8.3602,7.1233,4.9661,-4.112,-8.8898,-6.4405,-1.2765,-0.1345,-6.8621,9.546,6.982,2.7964,3.6923,1.2749,0.6314,7.7816,2.0199
-0.1296,5.0568,9.5576,-7.4409,-1.4253,6.6981,-8.9175,-7.0762,-3.8863,2.1662,-5.1315,0.9278,9.9134,8.2751,0.4217,4.4634,3.7362,0.5792,-8.816,0.5581,-5.0822,3.8987,-2.9866,8.3574,-4.713,-7.8426,3.9632,-0.7707,-1.4759,-7.1812,4.4217,-0.1492,3.6929,8.896,3.3548,-9.7043,4.4152,6.2865,8.0973,4.3999,-6.2958,3.6268,-1.79,6.4057,8.8329,-9.8318,4.5403,-4.0495,8.8654,-6.2087,8.4201,1.9497,-5.9135,3.4415,-7.7165,-6.0661,-3.2539,-2.9184,9.1939,9.571,5.5581,9.3422,-7.4469,-9.0612,-0.1669,-6.6923,2.8712,1.7656,-4.7541,3.0671,1.9373,-2.2979,-2.4984,3.1778,4.9083,0.8552,-5.9273,8.8443,9.2621,-4.1323,-8.1644,0.6125,5.9735,-7.8871,7.5779,-5.8433,-1.8534,-3.3206,-3.3479,5.9322,3.9761,5.3263,4.3483,-7.0384,3.926,-3.4802,-0.7904,-8.7663,0.7466,6.3896,-0.3299,3.3808,-9.7589,-4.9079,7.3371,9.8318,4.9043,-1.0256,-2.3611,6.0501,5.8464,-5.4883,0.917,-7.4399,7.0645,2.9929,-5.2723,-8.6299,0.0241,5.6901,7.0467,-4.3312,4.9366,7.3519,9.5025,-3.4265,5.6903,0.9,0.9296,-0.6261,7.1763,-2.576,3.614,6.9155,-4.7736,1.7613,-4.7503,-1.1821,-4.4072,9.3632,-0.5438,3.2079,-5.6431,-4.5774,-1.2867,5.3906,-0.3888,-6.7537,-9.7434,9.373,1.162,-0.7454,-7.6481,-8.4944,4.9349,7.6474,2.7158,-7.4104,-2.7952,8.0592,-1.2844,-4.6801,-4.1298,3.3482,3.3927,-3.4674,4.9997,-9.9706,-6.3281,-6.8096,3.639,-4.3428,-6.2857,-4.0842,3.4544,-1.2014,2.5809,8.57,3.8243,3.6765,1.205,-1.8221,7.2564,-7.9069,-7.1101,4.3778,-9.4703,-4.9521,8.1281,-7.2272,3.9692,9.3923,-4.0199,-3.745,-9.0943,-9.1348,5.5862,3.8037,-9.5024,9.1169
-6.0162,-2.0167,2.1249,5.548,-4.0116,-3.9079,-0.5631,0.8624,4.4457,9.1541,5.1071,3.246,-6.0195,0.1894,-1.7357,1.6429,3.9389,-6.2481,2.7955,-7.3424,5.7316,2.9844,-7.9601,-1.9868,7.5554,1.7184,-3.9016,2.543,2.9941,-9.4471,5.6006,-5.9852,-3.3079,-7.0114,1.2526,0.0096,6.5027,8.7784,4.3142,4.8064,6.2173,1.1286,-0.4031,2.5567,-0.6907,0.8603,5.7325,-0.4335,5.7237,8.5504,0.4309,-1.0053,-3.9789,-7.5158,8.3757,-5.8804,2.3206,-1.3256,-2.7583,-6.8282,6.9156,1.6862,-0.0142,-7.6498,-2.3554,-2.4347,8.6039,-1.2527,6.386,7.4165,3.5098,-4.2925,-2.3155,-3.5651,-0.6991,-9.5652,7.8372,5.8325,-1.1537,-1.9553,2.1446,-2.2984,2.7478,1.2594,5.8885,1.1036,1.8598,-9.5813,0.8164,-5.2342,2.0222,9.0104,7.8201,-5.2912,3.8889,-2.0567,-3.5069,9.249,-0.469,5.9415,-9.9753,3.5727,4.936,3.2525,-1.5342,2.4281,5.4501,-7.5393,-6.6037,1.5801,-2.999,-2.7509,-8.3103,6.5558,-6.0855,0.1772,-5.3154,-6.0452,0.2288,1.58,6.3778,-6.4145,-0.5944,0.4166,-0.9967,0.8084,5.1623,5.7556,-9.2702,-0.446,0.2681,-8.0277,9.2518,5.5458,4.1999,5.6964,7.7785,2.7005,-9.8324,3.3119,-1.8025,9.7831,4.0313,-2.1879,-8.9322,-7.3039,4.9551,-9.976,6.3427,7.1542,1.1436,5.5781,6.8361,1.096,0.5267,5.3969,0.1099,4.1597,9.427,-0.1176,7.4202,7.0926,-1.2011,7.7434,9.7864,-2.7893,-2.5204,1.5795,-6.3081,-7.9512,3.3989,-6.4654,-7.5031,-7.8696,-0.6587,-4.191,-3.9493,-7.8146,-7.7131,-8.7017,9.8049,-9.9147,3.6133,-9.7362,-3.2966,0.5984,-9.8413,4.1309,9.0333,6.5687,4.2513,3.4405,-9.8077,6.8756,9.5175,-9.4906,9.0718,6.8324,4.9012,-1.352
2.6876,-5.6297,-9.1495,-6.2657,-8.0915,-2.9017,3.2633,-9.4234,-7.6131,-1.8619,5.8835,-4.2767,9.6532,-1.5806,7.9486,5.2719,3.2868,-4.7205,4.4892,6.045,-0.3315,1.921,-8.4876,-3.9285,-4.943,-0.461,0.4218,-2.8243,-4.302,3.6042,-6.4307,-5.6643,-4.7136,-0.1748,4.4851,-9.637,8.143,2.2846,5.6629,9.974,-4.5337,2.1678,2.2446,5.2217,3.7748,-2.0958,-5.6547,-6.2506,5.5902,-3.4638,-1.4278,9.0533,-5.3769,9.5612,-5.2357,4.7911,6.781,0.8396,-5.1839,5.6649,3.6892,-3.9831,-5.8266,-6.3077,-4.1197,-1.4432,-4.1228,0.2818,8.6973,8.6792,5.0814,-7.9716,1.8606,0.7107,-0.4149,3.3958,-5.0751,-9.5798,9.6244,-2.8032,5.8943,8.1564,-5.951,9.8497,-2.5052,-7.6054,-8.9113,6.462,5.6775,0.4992,-3.4611,9.186,-3.1841,-7.6356,-1.4771,-7.2118,-1.4205,-5.8833,-9.1451,7.15,-7.2742,-2.8015,5.9136,7.9603,-6.588,-8.282,0.4813,-7.4211,-8.5,-9.4369,1.1351,2.534,9.5374,8.0308,2.208,-1.7954,0.6854,0.6018,-4.0258,3.1856,0.9644,-2.4311,3.8191,8.171,5.3265,-0.9399,3.7529,-6.929,-0.3227,-2.4375,-0.228,-5.6058,9.4327,6.4062,-0.1693,-0.4865,6.931,-1.2537,-9.6267,-5.9579,-7.6708,4.7367,-8.5262,-3.4784,-2.25,-7.568,1.9739,-7.6726,7.0324,6.2609,-8.9189,-4.6069,-4.6079,1.1283,0.5359,-9.5142,-4.5907,-8.2098,0.9074,-0.0599,3.764,-4.3554,-2.627,-2.2336,1.4684,-7.2426,8.6356,-2.1462,-3.8629,-3.1983,-3.213,0.3754,7.0489,1.1437,1.7951,-8.9689,-3.953,-7.0604,-1.2703,9.0202,1.7596,5.8711,-9.1123,7.6306,4.8383,5.788,-1.361,-6.9495,-6.4173,-8.5761,6.4118,-6.5123,7.5108,-1.0697,3.6665,7.1511,0.6045,-3.8665,0.73,7.1826
-6.9233,-4.5302,5.6322,-1.3022,-8.4025,5.2536,9.5312,3.5478,5.3363,-4.5175,3.6702,2.3352,-7.6643,-6.6481,-5.2205,-6.1062,-6.204,-4.0895,5.3349,3.8919,9.2265,8.8062,8.8417,5.7685,-8.0326,-0.3675,4.1299,-4.2083,-3.9117,9.2934,5.869,-0.3693,-8.6106,7.6102,-2.8659,-6.4382,3.3752,8.6178,-4.0941,-4.2717,6.9644,7.8412,-7.8373,0.5047,-3.423,-7.3796,4.6364,9.8145,3.7086,-4.4719,-9.4441,1.7001,3.3339,7.6453,-3.3801,3.6611,3.8808,-3.681,-3.624,7.454,8.8858,-9.2211,-8.2915,9.7599,0.3222,1.1377,6.0846,9.132,6.4654,6.7823,6.2662,-5.2349,1.7769,7.4367,5.1479,9.5831,-9.866,-1.5281,9.2736,-5.4663,5.8735,2.0838,-9.0124,0.7081,5.9417,-5.3924,-1.7831,1.2763,5.3363,2.1609,3.273,-8.4389,0.4017,3.0903,3.0793,-2.3193,-8.2821,8.3431,5.9556,4.462,-4.5242,-3.5176,3.3868,-6.5904,-1.7294,6.4656,7.4589,7.4426,-4.8606,-4.3829,-7.3202,-3.2434,-1.3957,4.6777,5.3572,-8.7169,8.4981,3.3282,2.4523,-0.4912,7.6427,0.3821,-5.5536,2.9064,4.1819,8.2769,-1.425,1.0401,-8.8192,9.3326,0.048,5.6311,4.7366,5.9132,-3.1863,-4.5947,-8.2024,2.3779,8.2328,-8.4878,1.2532,-5.7665,-4.1757,4.5624,0.2203,-6.185,-9.3626,-2.1194,7.2728,-0.9152,7.3687,5.2473,-3.4359,3.7079,-7.3632,2.7232,2.4579,2.0408,-0.8103,6.7324,-7.6801,-7.6089,-1.8673,-9.1795,1.1834,0.0068,-9.5326,-7.2377,8.0444,4.6654,-9.0926,0.1844,5.3545,5.0539,-3.5597,-7.4539,-5.4605,-7.7328,-9.5145,-8.9148,1.5019,8.9345,3.0398,2.3913,1.3614,-3.031,1.734,-5.3781,9.7577,-3.8724,-7.6283,-5.5713,-9.208,-1.2928,-3.5897,8.355,-6.0818,0.633,-9.4469,-9.4676
5.4127,3.6881,1.7268,2.1197,-5.1421,9.4422,8.6552,-5.4873,-7.8247,-9.5961,3.133,2.6382,-0.9413,1.1753,-3.2469,-1.177,6.4249,-3.9734,-6.8231,-1.9903,-9.2149,7.1195,5.1011,-8.5724,2.4101,-9.4017,-8.5501,5.45,-4.7026,7.5172,5.6165,-1.5236,-5.1604,-8.852,-9.3601,-8.778,1.7232,-1.6482,7.455,1.1807,9.0075,-3.0507,0.0607,0.4757,7.4772,-3.4134,2.1581,-6.4192,5.0277,7.1353,7.8767,-2.8625,9.9616,-2.4164,7.7977,-8.2853,2.488,-4.8727,9.2061,0.7499,-0.1224,-3.6069,-6.0579,3.258,1.0749,7.1401,1.9478,2.9323,-4.0871,1.3546,-3.229,-7.1461,-8.1219,-3.2987,9.0965,-7.3228,1.4868,-5.9273,-4.7867,-1.8751,-5.8555,-8.5087,6.5489,-8.8406,-7.7176,6.1682,3.5264,7.5591,7.2376,-8.0307,4.1619,-1.0482,2.3967,-4.6827,-5.5875,-6.1045,-6.2228,-3.5933,-8.0089,-4.7902,-5.4926,0.0354,-0.6824,6.7558,1.9846,3.823,5.8613,-0.0952,9.5554,5.2691,2.4801,-3.0449,-9.8754,-3.4101,6.2899,7.4241,-4.6378,-0.5507,-7.1562,2.1354,-7.7516,9.1174,-0.8346,-5.2049,7.5588,-3.1851,2.5152,10.0,-3.9612,-7.8726,9.9812,6.9771,6.1031,-4.7456,-9.3409,8.2889,-6.8805,8.8646,4.4162,9.637,-4.4246,-0.1463,4.6837,-9.2238,-1.7334,4.2724,7.5788,9.9974,7.9614,8.4116,6.0669,-1.6702,3.7673,-5.3316,0.1196,4.2335,-5.243,-5.0914,-5.9817,-4.852,3.7114,-1.0952,-0.7224,-2.1908,-6.4876,6.0814,-8.1087,4.9308,-6.0313,-8.9166,-4.1945,2.1511,-3.4486,-3.0128,-7.9446,-2.3531,0.2865,-5.3619,5.6072,3.4372,5.8008,-0.4489,1.6905,1.9398,-6.3286,-9.894,-5.2537,4.8286,-1.694,6.0987,-2.2803,-8.9371,6.1856,4.6436,-0.5789,-7.9771,0.5862,-0.2921,-9.0022,-0.0793
-6.5311,-1.3117,9.7587,-8.5368,7.7238,-1.7029,-8.9937,-1.5511,-1.0096,-2.0017,-7.9352,7.6355,-6.4305,-6.6715,-9.794,-9.6712,-6.8977,-3.2756,-8.5272,-1.8095,-3.2184,4.7992,-1.4919,5.5235,-8.053,-3.8759,5.557,0.7518,-0.9369,-3.1639,-2.2312,4.5123,3.5473,9.9229,8.4119,-6.4256,-6.1643,7.9254,0.6699,0.3649,-4.6,1.7285,-5.6506,-9.3407,7.705,-6.6577,5.6083,0.7264,-4.8112,8.7283,2.8935,-7.1672,3.2423,6.8328,1.4723,6.9106,-4.0057,4.8158,-9.6545,-1.3661,-5.3532,-3.0403,2.7249,-5.346,6.2871,7.9448,-5.6398,8.7651,4.0686,2.4613,4.5691,8.0771,2.9115,4.6877,-9.8152,-8.0806,4.496,7.6707,8.3023,-2.0357,0.6963,-1.4731,8.489,1.8352,-2.5695,9.3197,-6.8547,-6.3526,-8.349,-3.7252,-4.6185,3.2311,7.2518,-9.9649,4.1226,-9.8161,-1.6554,3.3124,-6.307,4.161,-8.4351,1.8638,9.9977,5.0887,-1.3178,-0.4328,3.0279,-2.6398,-3.0522,-3.2748,1.0835,-8.01,8.9396,-3.4082,2.4636,8.48,-1.4961,-5.0468,8.407,2.8562,4.1014,6.4368,5.3706,9.7245,9.9112,-9.511,-7.8273,-2.7416,-9.1504,5.6513,-1.7209,-7.1922,9.6844,0.7919,-9.7941,-1.8486,-5.7421,-7.6491,-4.6085,6.7637,-1.6007,8.2211,6.8389,9.5402,0.0652,-3.5664,8.6351,4.2177,2.6867,3.6795,6.7304,-1.02,-5.6919,-4.7835,-1.2846,-8.6493,-9.1334,-6.2386,3.7797,-5.2345,5.7529,-5.2793,-8.8638,1.3119,9.1704,-7.0828,-7.3688,-9.8319,-8.7036,6.2091,3.1206,-8.4303,9.7165,-9.4885,6.7817,1.4093,-9.2949,5.7629,4.9292,-9.9725,-3.2732,-8.5417,-1.091,-6.6942,-9.4816,7.7948,4.5733,6.9245,4.597,-3.2655,7.3421,-3.6502,6.39,-6.378,-2.3802,-5.673,-0.2563,8.695,-1.0982,-2.241
1.9228,3.803,8.5971,-7.5215,-9.7233,-0.6697,3.7847,7.2228,5.6212,-2.7433,1.154,5.3779,8.6739,3.1661,3.697,-8.3049,0.006,-0.327,-2.92,-9.4271,3.5338,7.6075,2.5185,-6.3443,6.0763,0.7466,-9.9924,-5.6051,-9.8511,8.4427,-1.6827,-4.5253,2.3003,-2.2824,-4.3622,-0.6298,-9.4149,-9.7529,0.362,-3.9735,-6.3121,-3.3968,6.808,5.4929,4.1649,-7.3515,-2.6376,-6.5538,9.308,-4.3366,0.2707,-0.29,-9.7551,1.217,-0.8935,7.3142,-4.7584,7.672,-8.9787,-0.4051,-1.7099,-7.2089,-8.9018,-3.0342,6.2727,-9.1429,-9.9015,-7.4652,-2.0913,1.268,0.0282,-5.7179,4.8072,8.3367,0.0746,9.2958,7.3167,9.1507,-1.7459,-9.7738,4.4638,4.0511,-0.5863,7.3163,6.8021,-4.1526,-4.0161,3.0989,-1.0914,-2.6086,7.7245,-7.5371,6.6196,-8.9653,-0.5204,4.377,8.6918,-9.3664,-5.9485,9.773,-3.4146,7.7653,-8.1114,-9.5544,-4.4783,8.8567,7.8789,5.1326,-0.829,9.9871,-4.8069,9.7147,9.1629,-2.4686,5.6659,-0.2644,6.4105,4.2454,-4.3341,9.2233,-0.9343,-9.9366,0.3522,-4.9053,0.6214,-9.3398,4.2844,-9.4382,7.1308,-5.7975,4.307,-2.4061,-2.1549,-8.0842,-5.2576,8.5713,-6.2893,8.8785,8.7201,-0.1046,-5.6799,-1.1816,4.6459,5.3294,-7.0021,4.3032,-6.0298,-7.1051,-3.1451,6.4965,9.6082,-5.6318,5.0369,-3.3112,6.2329,4.8211,-8.573,2.4972,8.8442,-4.5799,-8.3128,-1.7366,6.3884,8.6595,0.2342,-9.2422,-8.7533,0.5137,-3.0537,7.7778,-4.1389,-3.2429,-7.5204,-9.0396,-2.1291,-8.9689,-4.8635,-7.7993,7.7192,-4.7618,-0.2288,-0.5789,6.5365,7.8443,-6.3477,7.8685,-3.2967,-7.6848,-0.0258,-8.7255,6.5799,-6.5121,3.8817,4.5655,-6.216,-1.9179,-6.2805,-5.9707,-0.1484,-2.5194
-6.0734,9.8134,-9.6355,-1.8517,-9.3174,1.5488,9.3122,-1.3138,7.6968,-2.3228,-9.0496,9.1684,6.1412,-5.782,7.9517,-1.9586,3.9982,-6.1513,2.9759,-8.6732,-0.0821,-5.5793,0.8088,6.7404,6.7685,-9.2452,-1.5413,4.5418,9.02,0.4735,-2.2765,1.2625,3.9197,-8.6122,-3.7428,-1.941,-2.1404,-8.4591,2.8545,2.9062,-1.8782,1.5897,-0.6692,-4.9929,-3.0672,3.4065,4.399,-4.1622,3.7364,1.1722,1.2549,-8.1981,-2.4506,8.8274,-5.2059,-2.6252,-1.6036,5.4611,2.8999,-3.1832,-5.4553,7.0908,5.2891,-7.5588,-9.4198,-9.0253,-3.5256,-0.7606,-6.6026,-1.729,-3.4005,4.3833,7.4506,3.066,-7.7963,-2.8887,-3.5063,2.3821,-0.6105,1.7218,6.3674,-3.622,-4.8728,8.4456,-6.2123,-4.2834,-2.4841,6.8821,-1.1817,-4.7107,-1.0247,-3.0886,9.3398,-6.3311,-1.4565,-4.3345,-1.7278,-6.9908,-5.2302,6.2676,-0.4489,-4.4273,4.5597,7.7055,-8.9892,3.0075,6.0344,-2.6916,1.154,-6.3535,-7.8051,5.1519,6.6438,7.6339,5.0933,0.5679,1.1478,6.5146,1.7908,8.0391,-6.7124,5.4602,-1.0858,-0.9257,6.1206,9.433,-1.6813,9.5691,7.1708,-0.6677,9.2216,-7.9851,-8.2343,-8.6358,-4.3351,0.4313,9.4799,-0.1054,6.526,6.5468,3.4497,-1.2193,-1.2109,8.1442,-8.5636,6.7785,4.8877,2.3583,9.2612,8.2721,5.5773,8.9341,1.5347,-3.466,4.3426,0.9689,-5.2263,-4.5996,0.8658,-2.5366,-8.0393,9.9923,0.3175,-1.9011,-0.2732,-1.0181,-3.1484,-0.1248,-8.6712,-9.8578,7.7,2.0002,4.5072,0.1362,5.5652,3.3964,-4.3721,0.7222,4.7407,-8.8402,3.3689,5.4023,2.2649,-5.7242,4.9556,7.8238,1.4125,-4.1741,-4.5712,7.5625,7.8007,-3.609,-7.9531,2.0375,0.4958,7.3738,-2.5338,-6.7089,2.4801,-1.8406
4.6143,-3.4576,2.2204,-3.2629,-7.5047,-9.0752,-9.7043,-2.9581,-7.203,2.6233,4.2561,-6.9831,8.8332,3.6751,2.5173,-4.7893,7.1667,-4.1245,-6.5023,-9.131,-1.7964,7.3318,1.8675,3.5776,3.9381,3.5356,0.4256,-9.2535,8.2651,-1.3014,-4.3685,6.6173,-0.5094,8.2163,9.99,9.2959,0.7328,4.2445,-4.7698,8.0229,-3.9617,-5.433,9.3418,-9.2101,-7.7503,0.7381,5.2246,-2.4284,2.2259,-3.7089,-8.3584,-6.3475,-3.4125,-4.3599,9.4593,-1.7721,0.7151,8.385,7.8677,3.4288,-0.5426,-5.0771,9.8043,3.3725,1.7063,0.2417,-3.7212,5.5087,-6.8114,7.7646,0.7175,-2.0975,-4.0317,2.2621,6.2135,-8.9896,9.5632,-9.0023,-9.1187,-6.2547,-0.8844,5.0405,0.2783,2.7431,6.1403,8.6101,-2.4531,-7.947,-2.9716,6.8263,3.0648,-7.2582,-6.8939,-6.3511,-7.8973,5.6247,5.5925,2.5286,-0.4496,-5.5526,9.2893,-0.6379,-8.1303,-1.5887,-0.5726,1.6237,8.1312,-2.5229,1.8546,-0.0457,8.1385,2.5161,7.3059,3.9814,5.2799,8.0172,-0.8629,-7.0728,-9.2483,9.9332,-4.1858,-0.4093,-0.0723,8.973,-0.9955,-0.3658,-1.7363,5.5572,-3.0778,1.5797,7.144,8.2695,-5.6675,9.2489,9.4955,8.7504,-3.5747,-2.1556,5.758,-2.6652,8.0691,-2.0792,-1.0648,0.3309,1.74,1.4286,1.8979,-8.8951,-3.7901,-1.0193,-7.6109,-9.6448,8.5912,3.1963,4.2151,9.9106,6.7767,0.7896,0.6909,-0.3243,-7.5062,-5.3987,6.1499,4.8269,-8.1347,8.4625,7.3847,0.714,9.5562,-4.2838,2.734,7.6333,8.9507,2.635,-3.7837,-1.5796,-2.5766,-0.9084,1.0205,0.0226,-3.8753,-7.3497,1.2901,1.1587,8.9412,-8.9779,4.6914,0.7557,-4.51,-0.0015,-2.6174,-6.513,-1.7142,5.3149,4.9635,8.1683,-3.9215,-1.6535,2.3231,-1.3394
7.3473,-4.8625,-4.7157,9.8477,-9.547,-6.352,-1.2752,-9.113,-3.874,7.5664,-8.0839,-8.4176,0.4808,6.51,-4.3599,0.9706,3.634,7.3794,-4.5724,6.8881,7.4435,9.008,6.7223,-4.8916,-1.1416,-5.1738,8.2981,-7.8164,-9.8331,-0.7812,5.36,8.6291,-4.6272,-2.9614,-7.4249,-7.0743,-9.9564,6.1618,-5.4354,0.116,2.3138,-0.075,0.0675,-6.0884,4.1676,-8.1538,4.5818,9.8964,1.9783,-9.1732,2.4777,-5.8073,-2.0265,7.8076,7.86,-8.0719,0.8531,5.2863,-9.5585,2.2334,7.7624,-1.1322,3.5072,0.6181,1.0104,-8.8962,-8.6742,-4.2397,2.6824,8.5164,1.9158,-3.4919,-5.4112,-7.2115,6.259,-9.2811,-1.6346,4.9441,-6.2415,1.4321,9.4863,-5.8976,-3.1663,-7.0759,3.9638,-9.8192,-7.6319,-7.0544,2.664,0.0399,-3.454,4.5965,6.3724,-9.3135,-3.8572,-3.1856,0.2217,-7.8577,7.3366,-2.1592,3.8465,4.5298,5.9867,3.0582,6.981,-0.3817,7.8446,5.403,-4.6633,-8.8886,7.9803,-7.7206,-1.0435,-3.6093,9.564,2.1562,2.8821,-7.9887,-2.0094,-7.8468,6.8405,1.8371,-7.2329,-7.4726,-5.9366,5.424,-0.7638,-7.2064,7.1577,7.4331,5.6688,9.9116,-6.8045,-9.3483,0.9474,0.6181,-0.5397,-4.2733,2.4191,-3.4674,7.4393,7.8969,3.1192,-9.1044,-6.5481,7.1268,-9.2373,-3.5942,2.0531,-3.7445,-8.6761,9.3501,0.3198,-6.5076,-5.92,7.0918,6.2745,4.1082,-0.7077,-2.7876,0.6842,4.6252,9.7896,9.4617,2.8676,6.7758,-8.0759,-0.9003,5.1729,2.9504,-4.2389,4.122,-5.5593,3.0863,-7.5716,7.0972,0.3301,4.7348,3.037,-3.5229,-3.6537,3.0204,-1.0054,3.7345,-4.2533,6.6247,-5.2633,7.4742,2.9057,-0.6826,-1.7748,8.1719,-7.9053,-2.6822,-3.9328,7.588,2.4949,4.0553,1.9281,4.1107
8.6623,-6.501,-0.1453,-6.5265,1.4459,-1.8637,-5.2142,-6.0502,0.4288,2.7279,-3.0705,-4.3559,-7.4187,-6.2882,9.6278,6.876,6.7269,9.2923,2.2734,-5.4788,8.1741,-5.0207,-7.4559,0.7124,1.7271,6.37,-5.1452,4.4547,7.6959,8.148,2.6404,-8.129,1.6481,-6.6694,4.7464,-4.837,-2.0204,-5.1609,8.4589,-8.3333,-0.1778,4.4164,1.9943,1.5629,6.0265,-2.0718,7.345,-4.0111,-9.5677,-2.9935,8.634,1.9843,-4.8947,8.3808,-4.859,5.2513,-5.8168,4.5636,6.7921,-0.6953,-7.1748,-3.6988,-3.9583,8.0347,6.1018,-2.5904,-2.0545,-9.3933,4.4292,4.7612,-6.1736,-5.0798,3.5718,-8.2448,1.8128,-1.6856,-1.2591,-1.2425,-7.5321,-8.7654,9.007,5.9137,8.8535,2.3727,-2.5023,4.2431,8.2286,-7.6145,-3.5136,-6.0063,-9.3448,-3.2024,2.2265,8.5679,-0.5431,-7.9065,-7.3811,8.4016,-2.057,-5.7688,-5.1616,-4.24,7.5533,-2.0113,4.0114,4.769,2.4859,7.4959,-9.1798,-7.5124,8.2202,2.719,-4.9225,-4.3919,7.7517,-3.0176,-5.4576,-2.8591,3.3582,0.3533,-8.2122,-6.5351,1.392,-4.1539,0.3018,5.6162,-9.3584,7.4833,9.0211,8.6932,-9.567,5.4331,-7.1513,-5.1689,-2.9922,2.5016,-4.4828,6.0697,-2.9067,7.0951,-8.9486,6.833,-7.4642,-2.4236,6.8398,-7.4852,9.541,-5.2488,9.9458,-0.7043,2.882,1.4881,-4.1956,-0.0925,9.8018,-1.3384,6.6008,7.8516,1.5339,-4.5404,-0.6673,-3.0448,9.1155,6.3569,-6.5936,-2.6442,4.1896,5.9842,7.9358,-8.8249,0.4128,7.6018,6.4839,3.2626,-9.7354,0.5658,9.4482,9.7157,9.2019,6.5951,-8.1188,-7.8469,3.0058,-2.5749,3.7265,-8.626,4.3866,4.2616,-0.065,5.7719,-0.4192,-3.537,-0.9521,-8.7931,8.9912,-5.8971,-6.7973,4.5989,4.0014,2.0069
9.5876,6.9463,4.0856,2.3033,-9.233,0.665,6.5619,5.6402,-2.1206,-2.0015,4.2641,-7.9589,-6.3182,1.1035,-7.6528,9.5841,-3.5988,5.7548,-7.0601,4.0692,-6.683,-1.5017,-7.1413,6.7523,-2.6411,-8.2532,5.2146,7.705,-7.857,2.4164,5.789,2.8578,-0.344,3.2514,-1.3361,0.6931,-4.2058,0.8599,7.5425,9.9404,-7.1787,-3.3629,2.5291,-5.2381,9.0004,-8.9871,9.7008,-1.6508,-3.125,-0.8302,6.3676,-0.2951,5.8729,6.1232,2.7124,-8.5591,7.6889,-4.0976,-2.8751,4.7774,-8.2207,-1.4515,6.0909,-3.8116,1.6867,4.0431,5.2605,-7.7265,-9.9847,2.0651,-1.8634,8.4965,3.322,7.8294,6.487,1.5364,5.3889,6.0229,-3.0124,-0.5817,9.9759,-1.2971,-6.1131,-0.4164,-9.0545,-3.9172,5.3822,-9.1912,1.7801,8.163,4.1385,0.1622,-5.5423,3.214,6.2857,-1.5626,0.7695,-1.4325,3.1438,-6.8223,7.4131,-3.6443,0.3364,1.8266,-3.6247,-1.0141,-1.3036,-5.1318,-3.0136,-8.8,-7.3604,6.8941,-8.4338,-2.9376,8.7173,6.6081,-8.8681,-3.0635,7.05,-6.9219,0.5097,-4.8821,0.4118,2.2092,-3.4449,-4.9781,-8.7319,5.9843,8.4464,9.5413,-5.5613,7.7404,6.3498,1.8608,-9.7759,1.8685,-7.5964,-6.9791,-4.3549,6.3289,-2.0711,1.7084,1.4423,0.9415,-1.2197,-3.9811,3.5753,8.5773,-3.2072,-5.1415,0.7611,-9.8741,-8.84,-6.5076,2.6883,-3.6315,3.1169,7.5386,7.1105,2.8998,0.3277,-4.8889,8.0599,-9.9884,7.6453,2.7583,2.8818,-0.9643,-0.8135,-7.9079,8.6855,8.2413,2.1458,-7.3038,-0.4326,-5.257,-5.9363,-9.3968,8.9998,4.6879,-9.4978,-5.9135,-8.6917,-1.5194,-1.7808,-8.5906,7.7246,3.8153,0.5696,2.6804,4.6411,0.1166,-0.8716,9.2162,-9.6403,6.3206,6.8012,8.6795,6.0164,9.5218
8.5112,-0.2387,-4.7658,4.5222,5.9277,-9.9081,-5.6931,8.5693,7.7032,7.9438,0.5823,-8.0505,4.8696,-6.1149,-1.3178,1.9993,7.7328,6.6718,-6.4074,6.5101,-7.3351,-9.1666,-8.5857,-4.9198,6.6826,0.9672,-5.1322,4.311,-3.6185,0.2332,-6.3386,2.4106,1.858,2.5859,9.8902,-6.7961,-4.0939,0.3903,9.7982,-8.3661,-1.847,-7.544,-5.3177,-2.0765,3.8796,1.4205,-6.5796,0.6584,-7.2137,8.927,4.1123,9.7539,-0.1564,6.8776,-2.0881,-2.5645,-7.4042,0.4081,2.8248,1.3988,-3.0791,-1.7001,-9.9476,-5.3985,-2.3994,6.2911,-5.2404,2.4996,-2.6058,-5.7865,-2.367,3.0629,9.1116,-3.9699,-7.471,5.5101,9.0735,-7.6245,-2.4016,-1.7334,7.4343,-3.3902,-1.0563,7.7116,8.7088,-3.6376,-4.7285,4.2702,4.2252,-9.7915,8.1906,-4.7339,-8.4677,6.5227,3.6129,4.1535,-6.349,-8.8625,2.2103,5.48,-3.6393,2.307,9.0051,-5.0044,-8.401,0.8101,-6.6552,8.2834,-1.2781,-7.5415,-0.2658,-1.2567,-8.6288,4.2208,3.4966,-4.56,-4.0045,-5.5457,-2.9763,6.2988,5.2605,1.5507,4.3632,-1.1338,-3.6018,5.0341,-4.4111,-3.9714,9.423,-4.3647,-7.1955,-2.9879,4.5108,-4.6892,6.4096,3.6981,3.0603,2.6653,-7.6398,4.9418,-8.7329,4.7766,7.8589,-3.8112,6.1255,4.4575,1.7347,-3.6179,3.9464,-7.305,5.2346,3.1154,-7.9025,-1.0791,2.9453,-7.7341,-5.3863,-9.0739,5.514,9.728,1.2237,-1.541,-4.2296,-5.1132,-4.886,8.2961,7.9026,4.6763,-9.4558,4.5606,-9.2956,5.3532,-7.4426,8.9051,-6.3305,-7.0124,7.9,-2.2581,-5.1725,-3.4246,2.802,-3.1291,2.9341,0.5299,4.5766,-1.1968,-5.6505,0.599,0.7967,-2.9501,-6.3939,-3.014,6.315,4.162,-2.4725,-3.969,-0.0025,4.1171,6.5943,-5.4601
6.1465,-1.6012,-3.9471,-2.52,0.8482,8.2284,8.3654,-8.2702,7.5135,6.4193,4.0608,3.9324,9.3972,-9.1313,-7.9143,4.5781,1.0442,-0.1252,-6.8679,-4.2379,5.2855,8.1116,-6.2322,-4.7689,1.0979,-9.4206,2.7449,0.5592,1.56,-6.5563,7.0956,-9.2054,5.8918,-7.2911,9.6616,5.5482,5.9315,-9.5017,-3.0508,2.5301,7.4707,2.1028,-0.8322,9.2309,8.8634,-6.3563,-3.165,-5.3798,-0.623,-3.3168,-3.4587,-2.024,6.0012,3.7301,-3.8809,-4.7945,-3.2219,-2.465,1.9517,8.2824,-0.8269,-9.3027,-5.7733,9.6012,3.5029,7.8894,6.5239,-8.9454,5.3724,0.9705,-7.2721,6.6837,9.2608,9.8682,7.0145,1.5053,2.5485,-4.2104,-0.1183,-8.2923,5.9044,1.6121,8.6295,-0.6406,7.2873,-6.3327,0.5043,6.5736,9.4306,5.1716,9.217,-1.6788,-5.0735,-1.0698,0.7134,4.4682,1.19,6.957,2.0868,-3.6468,-0.492,9.244,-8.1443,-3.401,-5.0192,9.2151,-4.6807,-0.883,-5.0524,-9.7716,-7.6342,2.697,8.0019,-2.6652,3.6998,-6.6363,-5.1829,-6.5722,6.894,-7.3316,-8.9561,8.6442,-3.9244,-1.2431,-3.9249,-1.238,5.0343,-7.505,2.6875,4.5081,8.3478,-1.7447,4.6183,8.9915,6.565,-5.5741,-9.2994,7.4427,-9.4552,0.8609,1.3903,0.2168,-4.9676,-4.6644,5.1302,3.9308,-1.8536,5.6575,5.2028,-8.7444,-3.076,6.5589,2.9087,-8.7534,8.6361,0.7746,7.1772,5.4805,6.1218,-8.6214,-3.7012,-4.5659,-6.2003,-2.9013,-7.5659,-6.7076,3.8381,-7.9559,1.7492,0.0439,-0.6973,-5.0823,9.6349,-8.7169,3.6644,-6.7969,1.3313,7.2868,-6.611,3.5247,5.1209,7.4554,-8.0072,-7.9721,-9.6735,-6.8167,-7.5935,0.6907,4.678,4.7782,-7.1902,-8.7478,-6.4301,2.6991,5.9,0.9295,-5.6182,-5.9573,-1.2371,-3.4643
-2.6955,-2.7589,-1.3469,-0.0271,0.9809,5.75,2.7081,6.9916,5.3786,-6.965,6.0648,-3.4616,-9.7261,-0.4057,-5.1568,6.7272,-8.1305,-7.7175,-1.9317,6.3228,8.9802,9.5283,5.7183,9.4358,-6.3154,4.1875,7.5028,4.7981,-3.6552,-9.824,9.1942,-4.2263,-9.1391,4.4831,-8.0391,1.1819,2.5597,7.6145,2.6875,-0.3309,-6.2292,5.1074,2.877,-7.357,-8.0183,-9.0778,-9.612,-7.2949,-9.4578,-6.3943,-8.228,-0.8998,9.3665,-5.6525,1.4123,-2.5309,-6.1246,-3.9127,-9.4183,-9.2342,9.8602,0.58,-3.7958,6.5747,-8.4271,-6.3043,1.1062,8.3046,-6.1558,-3.8713,3.2861,5.3405,-5.2387,1.6974,-3.8599,-7.3664,1.7606,9.6842,-9.7171,7.8086,3.0394,-1.9016,-0.7823,5.8163,-1.9883,9.6551,-6.3629,-8.1299,-7.0892,-2.792,-1.8063,6.274,-2.0419,8.0526,6.6574,-2.0124,6.8477,3.9765,7.7844,-7.1451,9.5989,2.2797,-3.5677,0.5588,-9.1668,2.1822,4.0277,-1.682,9.0046,-5.3054,5.1785,6.619,8.3129,-3.2987,7.9339,9.2451,8.9373,-4.5938,9.8005,-4.3896,-7.5058,7.6502,5.1943,2.5786,-8.7427,2.503,-3.364,7.1828,-4.2707,7.9873,-1.9201,2.7496,-1.8522,-7.9921,-5.1362,7.5985,-1.0125,-6.9005,2.9133,-2.4195,-5.6884,8.7643,-8.8705,4.6198,1.245,-2.728,-3.4437,2.9615,-3.8734,3.3792,-8.5874,-3.2018,1.8416,-4.3101,-8.8904,-6.514,-2.135,-3.0402,-5.0257,4.5106,7.7261,1.7011,-9.7887,9.9152,8.2438,0.1719,4.0906,4.7303,8.0583,5.368,3.2243,2.5627,-2.234,-1.7444,-0.7934,-8.5482,-6.6411,-5.3261,4.6307,5.6176,-6.2346,9.4534,2.9142,2.9621,-4.2116,-1.0659,2.5988,2.5712,-8.8445,-3.6649,8.9216,-3.8984,6.699,-3.5582,-8.2208,4.7933,4.2145,-8.8788,9.0408,-6.3167
0.8262,-1.5179,-1.6974,0.6398,3.4178,2.0163,8.798,1.8704,-8.467,-2.7362,-2.7518,-1.2084,8.663,3.7287,-3.3158,-6.74,-5.4037,-0.1027,5.6415,-3.486,7.3575,2.6642,-0.4602,5.4882,6.6248,-5.9549,-9.9719,-1.7872,9.6112,1.4296,1.6445,3.862,3.6543,6.7123,1.6727,6.1507,7.9421,-0.7701,7.6746,-9.8477,4.3617,-4.8739,7.6637,-4.1677,6.2533,-4.0049,0.7086,0.9699,0.0508,6.6382,-7.0363,3.5562,1.7555,4.974,-7.3461,3.0652,9.3343,3.439,9.9202,6.2761,-7.249,8.7964,-8.2817,-0.7242,-0.1144,-2.1589,9.4912,2.1584,8.9605,6.0619,-8.7663,6.2754,2.0702,-2.983,2.1117,7.855,-2.8295,8.1579,5.3318,-0.5831,7.0103,-6.0896,-0.0908,-2.2873,-8.1195,-7.5675,-7.1259,9.3543,4.5473,8.8809,-3.4274,-7.8953,6.2999,-3.0809,-0.9856,9.4819,1.624,-1.3013,-8.1264,0.6475,-6.3259,8.4884,-8.7385,-0.7277,-5.995,-7.2627,8.6411,-7.9078,-3.7365,3.7034,-9.5807,4.6134,-5.5685,-9.9994,7.254,-7.6178,-6.6086,-9.8924,5.0442,9.2973,9.6014,8.9429,0.5049,-6.7977,7.4774,-4.4958,-6.7756,7.4767,9.536,5.1179,-1.8323,2.7579,-7.634,-8.2912,6.5777,-7.4276,-3.2033,7.7689,9.8441,-1.3047,8.6037,9.5071,8.9905,3.2969,-1.422,1.4416,0.3347,-1.0079,-0.8839,4.2248,3.8095,-7.2521,-5.7905,3.2026,-0.206,4.0998,1.2789,3.2906,0.4615,-4.8983,6.669,1.1663,9.2047,-6.8914,9.8366,-8.1271,-5.314,-1.2587,4.2264,-8.8979,-9.8364,-1.341,-5.7843,3.6314,2.9068,-3.0272,2.0794,-5.8268,-9.6247,-2.4765,6.5145,0.4829,-7.6632,-7.6401,4.8572,0.8692,9.4054,1.4578,-3.0951,8.9368,-7.9229,-1.1432,1.0907,-9.6814,9.4923,-6.7736,-1.8265,-7.4107,5.7832,5.7368
9.3075,-5.1589,2.1125,-3.5944,7.5628,0.0917,1.4297,-7.1644,-4.2781,-5.9681,-6.6309,-2.5686,-2.526,2.526,6.0929,9.3874,-7.7972,-9.6182,4.6155,-0.0016,1.7113,-2.7575,-9.0385,3.7671,-0.7457,7.5376,-2.3832,-9.3281,2.5942,-1.0044,7.8038,9.7102,-8.6074,-5.8781,0.3829,8.14,-3.5431,-1.6204,-0.1444,1.6293,4.9652,-8.256,-7.4309,2.5796,9.7045,-1.6481,-1.2804,-1.9941,9.5944,-5.0666,-3.9995,3.6127,7.5963,2.1798,-9.511,7.3285,-6.1548,3.9546,5.2767,-1.5722,-3.3396,4.025,-6.7725,-2.6471,-9.6252,-3.6606,7.0265,-5.6789,-8.4959,5.9898,-5.3919,-5.8229,0.382,7.4859,3.2684,7.3593,-4.2037,0.3028,-6.9869,-6.9461,1.6033,-0.8149,-3.4736,-3.181,0.3574,5.5661,4.6673,3.1812,-4.9967,6.5194,-6.6083,4.6506,-1.3474,3.5484,8.5201,1.4756,2.7325,-8.6862,-2.3841,8.103,-0.1868,6.0511,6.5659,-5.8125,-6.6097,0.3254,-6.8281,-8.9675,-9.9256,9.0528,4.7206,-1.8252,8.3329,-9.9741,-7.1463,3.2067,-9.4732,-1.7495,-9.4188,5.5112,-0.3268,-3.5317,7.9625,1.9089,6.2121,-6.6591,-1.3961,-1.6532,1.1796,5.4238,-9.3853,-8.0043,-1.9238,1.3788,-3.8211,9.3317,7.2592,-7.0787,3.977,-7.2314,-6.4253,8.0981,5.0879,-5.2122,-1.084,7.1682,-0.4382,2.4622,-0.9739,-1.8708,8.8995,-1.677,-3.7799,-1.319,9.387,-1.5372,-4.1497,-0.7131,-0.387,-6.7143,-1.5787,8.566,5.1218,-7.0735,8.4776,-9.711,1.8716,-0.0837,6.8744,4.422,4.0938,0.7431,-8.4019,-2.6108,9.6327,-8.0732,-0.4957,-4.1015,-8.1637,-0.1024,5.073,0.3327,-8.0622,-4.1108,0.859,6.0179,-6.1973,3.3328,9.9952,-2.6497,2.746,-1.1142,-5.3286,-2.7504,-5.6182,0.2675,-1.1714,5.6506,3.8061,-1.5316
3.5132,3.9165,4.5018,9.7821,7.4876,3.7464,2.679,2.049,3.1243,-6.5194,7.4568,2.1473,-2.7779,-2.7059,-3.7304,3.4248,-9.4629,3.0097,-3.3408,2.0138,2.5699,-8.8874,-4.3853,-5.6444,-3.8679,-9.0867,6.0814,-2.6788,8.5033,-0.4702,-4.265,6.8205,8.3714,5.4707,6.88,-1.4184,-8.0986,-8.1232,-4.8921,0.2412,-3.1771,0.8789,3.2327,7.998,4.1269,9.3395,-2.1023,8.4088,-7.7912,1.7116,1.1984,-7.4168,-5.2595,-3.8491,-7.2829,3.1037,9.2754,4.6454,-3.2744,-6.6407,-6.1177,-3.7306,7.2382,-6.0198,5.6223,3.1189,-2.6985,-3.9022,9.1767,5.3912,1.5114,3.3358,7.65,5.2176,-4.3167,-8.754,7.8137,0.901,-0.2675,-5.0299,9.108,2.4216,-1.0364,-6.9922,-2.1392,7.9793,6.9556,3.2777,8.7868,2.7307,7.4711,0.2727,0.4227,2.103,1.437,2.0935,2.9852,-2.4882,-8.6866,8.6507,0.6379,-7.2557,5.7275,-6.289,-0.2305,3.5718,-4.3143,5.8822,-5.1791,-6.6599,-5.179,8.4656,8.0615,6.9059,-5.8059,-5.3777,5.6408,-9.0522,-4.268,6.7533,-8.5523,7.1083,3.7406,-5.0628,-6.5519,-6.2682,-8.0748,5.004,2.0368,-9.5256,5.1584,2.0986,7.1132,7.5121,8.5521,-1.615,9.1049,-1.2001,-9.3689,9.0934,3.587,-2.595,-3.2342,9.2171,7.8486,1.0484,-0.2916,-3.0998,-4.7104,-4.4216,-8.6448,-2.2171,2.3421,-6.0234,5.8441,3.769,-1.9008,4.1918,7.6889,-1.5026,-3.8352,-4.6199,-3.5316,2.3789,4.4547,-0.4222,3.0021,-5.2797,9.3486,1.6689,8.2777,-6.2311,-6.6416,6.1036,6.1271,6.7131,-8.5581,8.8484,4.4896,-5.272,-9.1938,3.0683,-9.6494,6.5665,-4.1659,-1.8254,2.6763,3.9757,7.6453,4.022,6.9009,-8.8001,9.2444,7.2054,9.8223,1.2204,-5.5145,-4.099,-0.1725,-8.6488
-3.0137,-2.9135,-9.0594,-0.1954,-1.6035,-3.4697,-7.6348,4.7444,-8.934,-7.5117,-4.6848,4.7155,3.596,-6.2657,-4.5025,-0.6617,5.4512,-5.3747,-6.5278,2.725,-0.9083,-3.7691,-3.2525,-1.9721,5.882,-2.8421,-6.9082,9.9342,6.3001,3.6923,-2.9735,6.903,1.2543,6.2624,-6.0073,-6.7222,7.2264,7.3307,-6.9944,-2.4658,3.5295,-3.1815,-0.0791,2.2404,0.3957,-3.988,-2.9564,-0.7218,4.1767,-2.8784,-3.7856,4.1955,-1.3409,1.1107,-5.6477,1.945,0.4596,-1.6978,-2.8821,6.1004,7.2286,-1.8432,2.2932,6.2319,-1.9638,-0.1252,1.8336,-4.611,8.9818,9.1105,5.5234,5.8834,2.2753,-9.1114,-2.0675,-7.2386,9.7194,-7.8957,-4.4503,-7.5129,3.7553,9.981,-4.7781,-6.1783,-9.8368,5.1148,9.8369,3.1996,-2.6893,-1.0337,-3.5352,-7.2718,8.5234,-2.0956,3.8837,1.9564,-8.0179,-0.0483,-6.0093,-2.7188,3.5488,-7.0985,2.6632,-6.545,-7.1075,-0.0075,-9.4444,-4.6715,-3.6805,2.1157,-0.4069,5.3738,7.5254,5.2145,7.6565,7.5964,5.1257,1.5055,-1.6242,2.5491,-1.2193,-1.7208,4.4085,-2.6898,-9.8465,3.3484,2.6463,0.5497,6.9342,0.0314,-2.704,-6.5785,8.7018,-4.5454,-8.4455,-2.1192,5.0736,6.001,-0.0882,5.6632,9.6726,6.8683,-4.4319,3.9995,8.2108,-8.0513,0.0004,0.6197,-7.3728,2.9815,2.489,-7.7372,7.8272,-2.4275,0.3382,9.2007,-6.5331,-9.3382,-7.5473,-9.7899,-3.6856,-2.1033,-6.3352,5.745,-0.4259,2.4265,-5.3288,-5.3949,3.4027,9.0499,0.3712,3.8326,-6.0038,1.3613,-2.6459,-8.7814,-5.5631,-4.6245,1.1868,3.5511,-2.9455,-5.8447,-8.6948,-2.5308,-8.2877,-9.4844,2.5043,-4.1313,-5.9961,2.0849,0.9973,-7.6282,1.4785,6.6928,0.3527,6.0954,5.1504,2.5189,-3.8356,-7.0507
-0.9077,2.9182,-5.8412,-2.0904,3.1737,-4.7826,-7.5059,-3.2252,9.9795,-3.9486,-7.7091,7.0899,-6.1716,-5.3723,-8.934,-1.0853,7.5644,-7.5354,4.2958,1.8837,1.7933,3.2976,-6.4892,2.0386,6.8654,-0.9577,-4.1921,-8.5532,6.0022,-8.2948,4.4051,-1.3126,8.9855,7.0796,-8.1614,2.9091,6.3068,-2.892,9.6494,-7.3771,-6.5124,1.4067,7.1825,2.4865,-9.9497,-1.3687,-4.3216,0.5408,5.993,-2.2119,6.4597,0.1564,2.8222,9.4808,3.5824,2.9699,-2.6123,4.1921,-6.8886,9.6077,-3.0442,-3.8012,-7.0005,3.672,-1.6144,-3.434,-5.5512,9.3189,6.8533,4.5427,-2.0183,7.2935,-5.2914,2.4343,-2.7907,0.9747,-0.0387,-8.2445,6.8245,7.4719,3.5098,1.8065,-3.4931,4.5291,-7.7955,4.082,-5.7969,-9.6221,-3.3711,3.2409,1.1279,-8.8442,4.0229,0.169,-2.0792,-4.9529,9.8951,-9.1419,-1.5519,-9.2511,-4.123,-0.0086,-8.9659,-9.6518,6.2467,-3.8504,-6.4363,7.7033,7.5078,-4.0082,-6.3275,2.5749,-8.4588,5.2664,-1.5386,8.6179,-3.8951,5.472,4.7151,0.6873,7.7098,1.576,-3.2894,-6.4922,5.8793,4.0396,-8.6245,8.2027,9.8036,0.1586,-8.9889,-7.2514,-4.0552,7.0995,5.2081,-4.9642,-7.5301,8.4952,5.0671,-8.3714,6.064,-3.0704,5.7061,-3.985,6.2393,6.5819,-4.1733,4.9969,3.5101,-2.3515,-8.5389,-7.9162,9.7248,-3.0724,2.5024,8.0864,0.3818,-6.0104,5.8086,3.8355,5.3324,-9.525,7.768,-7.1166,-4.8653,-8.1345,2.1583,0.3723,4.8684,-7.9056,9.9818,2.0817,-8.0134,-1.8855,8.1278,-3.6217,4.6598,-4.4562,-8.0815,4.973,-1.8751,-3.2518,3.4965,-3.5334,-9.238,-3.3997,-0.5206,2.2921,-3.0346,8.8929,-0.3141,-1.9476,5.7219,0.2384,-5.9141,-3.0421,-5.2692,9.2164,-2.5426,-2.2365
-3.3551,5.1342,4.4557,1.0458,8.9769,-2.254,-7.2059,3.2547,5.0184,3.2613,-4.8244,-8.8534,-4.8047,-9.3145,5.1429,-5.0045,-9.8562,3.5512,-1.8828,-6.8506,4.3822,9.0809,6.4282,6.7639,3.8397,-9.8976,-5.0069,9.5795,-4.2314,8.6585,8.4598,9.7405,-5.2139,-6.9259,-5.3993,3.6195,0.1076,2.3412,3.7078,-8.5056,-3.6846,3.1142,-4.5058,0.1386,-8.8058,-6.2647,1.0665,-5.6121,-5.6531,4.152,-7.9788,-9.8376,-2.1967,-8.3747,-5.3166,3.6567,3.3694,-6.7753,1.3933,8.9959,-3.5228,-8.3182,-6.4545,-1.2879,3.8398,-6.6798,-6.2505,6.4198,8.4415,5.8643,-3.5765,-5.176,9.0555,-6.9868,-1.0751,-3.6651,-7.9043,-9.1462,-5.2236,6.7227,-0.5236,9.5396,9.9633,6.2664,3.6379,9.3122,0.4273,7.8082,9.513,9.3309,-0.4077,5.5753,-6.1411,7.0507,-4.9148,7.0967,0.9102,-2.2429,-8.7818,-2.1082,6.4907,-0.4887,-0.5128,7.2158,-3.7571,2.6592,8.3588,6.7881,-5.3835,-7.7179,-0.4953,3.51,1.3589,0.4425,0.0841,-9.305,0.9754,5.4241,-5.1137,0.5979,-1.7338,8.2594,-5.5782,0.5354,8.9716,-1.3531,8.4316,-3.074,-6.2368,-8.7159,4.5724,8.6756,-4.4842,-9.8575,8.7286,5.7104,-4.8002,-7.2264,9.309,-9.2379,-1.3389,4.8562,3.6141,-2.1397,2.8913,-5.6254,-8.2786,8.6625,1.2596,4.2781,3.7745,6.9769,3.7138,-9.8872,-1.2815,7.0392,9.983,8.7571,-3.2464,-7.026,-0.8052,9.8108,5.1505,-8.1585,-8.2318,3.0152,5.0613,-3.645,4.7247,4.2407,-0.7108,-0.9557,1.6,-2.9814,-4.574,-4.0429,-8.5488,1.2778,-3.0906,-5.754,-4.3574,-0.064,9.7587,4.7748,-5.5065,-6.6431,-3.1105,3.3807,-3.754,-3.9014,5.3487,-5.3172,8.2965,-9.6447,4.5644,3.8076,2.4234,4.1195,4.9626,-2.123
9.3565,9.4016,8.1938,6.8753,3.7829,-7.2884,2.9962,5.3869,-1.0856,8.1701,-2.9057,-0.8265,1.9516,-6.1701,6.5182,-5.4831,3.846,4.6696,-6.6079,-2.4615,-8.5737,-9.4183,7.9935,9.916,-3.9804,-9.0335,-7.4985,-2.5846,-5.9615,-4.865,-1.7723,-8.6613,-9.2332,-0.0801,3.0868,-2.922,5.3002,4.6988,-1.3203,-4.9625,-8.7732,8.9666,-5.8329,0.3129,-0.4508,-9.5473,-0.9745,-1.1976,-1.3367,3.3502,8.2712,-2.6486,-7.8867,-0.6293,-8.6966,3.2898,-8.4841,-3.001,-8.9285,3.1967,-7.2291,3.7061,8.1246,-6.2591,2.4314,-9.7487,4.1212,-6.4037,-2.5932,6.6284,0.9212,5.6985,5.3391,9.1879,-0.8671,9.729,-2.5593,4.7867,6.5686,-1.9228,0.9319,-2.4886,3.8247,1.2414,6.8009,6.1561,0.9544,-4.3956,-0.0678,1.3448,7.4726,2.5373,-5.3385,-2.107,-2.881,1.9352,7.9901,6.7527,5.4447,-3.1641,-8.1048,2.4131,8.1849,6.4548,9.0637,-7.5279,-5.8707,-0.3287,0.0239,9.4127,2.2636,0.2251,-2.3692,-8.1465,-3.4161,-7.3797,6.9834,9.5799,-4.385,-9.5686,3.5985,5.0016,9.9955,8.7811,-0.785,3.2141,3.3628,-3.8882,2.5733,-4.4171,-7.7156,5.2421,6.6249,-6.5598,7.4019,-5.9583,-6.4072,0.5606,-9.7719,1.3713,-0.8854,1.0045,-8.9679,-2.9088,-4.5923,2.5631,2.7542,-6.2594,1.8554,0.4259,-3.1033,7.0216,-1.295,9.8869,0.7602,2.8175,5.6613,-7.6156,-0.9074,-4.7959,-2.0138,7.4517,6.4461,-7.1974,-7.5017,6.2199,6.7907,-5.488,-9.964,9.681,-1.7547,-2.5387,-8.9868,-0.4032,-1.1639,-6.7493,9.737,9.0981,-6.2261,7.0267,-7.2403,-0.4133,5.288,-8.7889,-2.017,0.6825,5.6744,-1.0135,-4.1993,-3.0055,3.1164,9.1793,-9.172,5.4718,-7.9307,-9.9239,-1.2629,-9.6842,2.5506,7.3905
-1.5861,-6.5305,-7.6205,-4.9416,1.7801,-0.9923,-0.2139,-3.384,-9.3409,1.5918,-5.3944,6.7705,-9.5755,1.7649,-1.0986,-6.187,9.2363,-7.779,3.1428,1.8487,-2.4543,2.8108,8.9792,2.0963,9.327,6.2178,-1.6539,-0.574,-1.7122,-7.1692,8.2265,-5.0486,3.5959,3.6246,-0.3017,0.6407,9.1072,3.2918,-1.0973,9.9733,-1.7882,6.6489,1.5824,8.4181,-2.2754,-5.9954,-6.9478,-5.4694,2.4201,-8.4031,9.2851,-5.7157,-0.8075,-6.0451,5.267,5.0604,-6.9062,5.6056,-7.4248,-3.269,-6.1197,0.2115,3.208,7.4707,-3.8558,-4.2215,4.13,-0.7592,6.9171,6.9852,8.0683,-9.22,7.5741,2.0993,-2.4011,-9.696,2.5587,5.3379,8.4711,-3.8175,-4.5019,-3.5361,1.9736,-9.9898,4.2225,-4.0508,-3.2194,-9.0962,-2.5023,7.9829,1.0253,8.5822,4.9506,-1.3174,6.1915,9.1133,-2.7702,8.7974,-7.4791,9.5472,9.3893,6.4165,6.5798,-7.6911,-8.0343,-1.8312,6.6851,5.8207,7.9588,7.2217,9.2441,-5.7297,8.6866,7.3619,8.5858,-2.6087,0.2338,8.2287,1.2672,6.0999,3.6893,-3.1136,-5.3307,-4.9886,3.5375,-5.1756,-5.4661,8.6367,-3.1139,6.6429,-5.8656,-3.065,-2.1692,-3.1918,8.4724,-7.2038,-1.1874,1.3249,-5.9696,0.7475,-9.9853,3.5972,-5.0142,0.6833,3.6289,2.753,-9.5331,7.1901,6.5396,-1.8691,-3.0074,0.4419,-2.1295,-8.755,4.9927,0.9417,-8.5478,4.7033,3.7684,0.8955,-6.9781,5.0199,-1.2583,4.4624,9.1522,-8.9478,-3.1532,2.1155,2.6606,3.6018,-9.1254,-7.1356,8.9902,-8.8088,-2.6828,-4.8821,-3.9429,7.7846,-9.3899,9.8154,-5.7179,2.8436,7.5688,3.5614,-5.5525,-9.3414,8.3979,-5.7336,-5.1223,6.2742,3.1233,-0.2719,-3.2795,3.0155,-3.4791,-1.1624,-1.6341,3.1826,2.3385,-0.0584
-5.8068,9.9904,-8.3318,-1.5281,3.4305,-8.8568,0.8545,0.5333,3.553,-3.0326,3.9142,5.6896,-5.2435,9.8318,4.6529,-1.7102,3.9257,4.2547,-2.887,1.1652,5.8993,9.5876,9.8128,9.0565,7.7067,3.5971,-6.1325,-4.758,6.3197,4.2968,4.6085,6.722,0.3681,-4.8372,-7.1864,1.5021,-3.5923,-2.1744,-2.7625,-0.5507,-4.2686,-7.3603,8.5476,-3.8577,6.7821,-6.2509,-9.0863,6.2197,9.2238,5.6878,-4.9132,8.7397,-8.7208,9.1112,7.226,-2.1702,-4.9506,0.8083,-8.5636,-6.0491,-2.4364,9.5781,4.6667,-9.2062,-8.5211,8.5887,5.4855,7.389,7.8053,2.6109,7.0086,-3.0133,-2.2198,2.4024,5.8563,0.5226,-1.9065,-5.4336,-0.1803,-3.1688,5.8866,0.8395,3.884,3.6158,2.4298,-9.4315,-8.5554,1.1554,6.2626,3.8712,1.282,3.3588,-4.8305,-9.905,-0.8414,-7.2342,2.254,-0.6296,-0.5982,-8.7676,6.6633,4.0722,-1.3777,-0.94,-4.9398,6.7021,-7.3348,1.8954,2.272,6.3935,-2.9001,-2.5544,1.1992,4.9236,-9.6739,3.4009,9.0078,7.2824,5.49,3.8133,-4.7217,5.9669,-0.8796,-1.7772,-0.7791,-9.8352,-6.468,3.0452,4.8652,-5.8287,0.6883,-8.2773,9.7406,6.9876,-3.0122,3.9823,-0.4822,4.0014,-5.9372,9.7331,-4.9207,-1.9006,-4.8885,0.9725,4.9353,-1.0813,3.4941,-6.0484,1.2497,-9.2998,3.7644,6.3426,5.9984,8.8693,-9.2714,-5.7345,0.4343,-8.1297,0.8824,9.2155,5.3572,-1.6564,-9.5957,0.0092,7.3924,-6.3595,-9.4239,-8.3291,6.3996,-5.137,-9.562,1.5836,-5.8198,6.6802,9.6412,-6.5919,-9.654,8.3867,5.6328,0.0333,-6.9093,-1.0082,8.0471,-6.3698,-5.8345,7.9467,4.4678,4.6374,5.9378,6.3821,7.7769,-8.8527,5.7369,-3.7985,-1.1368,8.0587,3.2502,-7.8265,-9.8602,7.6751
1.3715,3.6963,-0.0846,-4.8861,-2.033,6.4425,0.1283,-3.5467,6.7848,-8.6228,3.4871,0.9711,-0.1949,-4.3275,4.3492,-7.6676,1.5463,8.4653,2.3991,-9.7362,-3.613,6.7895,0.3336,5.676,-4.5727,8.1823,7.6433,1.7773,6.4107,-7.3693,9.2516,-4.1025,-0.3954,-1.4471,6.4382,-0.1675,-4.744,-1.2142,-1.6978,-3.2591,4.62,-2.046,6.4935,8.9432,-6.0261,-4.9411,-3.1815,-2.2114,-7.8139,-9.7388,4.7414,9.9417,-4.5421,-6.2772,-9.7997,0.3556,2.1355,2.9276,9.9181,8.6349,-7.3805,-1.0589,5.0359,1.3515,9.7408,8.1909,-7.8721,-8.7129,5.3149,-2.7949,4.6528,4.6127,-9.2373,3.6068,-3.2785,-7.9749,0.916,-4.2728,8.2347,-2.0339,8.6766,5.8851,-6.3886,8.2923,-4.8252,5.1753,-4.6285,-6.1766,3.8116,-4.7596,-1.3405,-4.31,-5.2731,0.9187,5.9936,-1.3712,-5.8817,-5.1143,-8.0882,-0.4347,-0.885,4.9962,-5.0617,8.3036,-7.5672,3.5846,0.5936,4.0478,-0.5962,-8.4495,3.1745,-6.7182,6.0213,-5.5738,8.9667,-9.5447,6.3864,-0.6603,0.8772,-0.5129,-8.5492,-5.6963,4.6648,4.569,2.5249,-8.6534,9.3452,8.0038,-3.3118,3.9899,-3.1897,3.1404,2.3482,5.8126,-9.2458,-5.942,-0.1717,-1.1667,-6.3391,-8.2224,-6.5447,-1.9704,-8.7138,-4.2353,2.1853,-0.8532,-2.8468,1.916,-0.2272,1.891,-0.6029,1.0178,9.6518,-3.8774,6.5192,-9.6417,5.6141,-3.0236,8.6466,4.1018,-4.979,5.0341,-8.3206,-6.2147,5.8333,8.7086,-6.6433,-3.9003,-4.7571,3.1117,4.8388,9.5353,0.2268,-1.5846,-2.1697,-3.3721,-5.6284,4.7999,2.4844,6.4048,-2.9535,-7.3074,-3.7331,4.8839,1.9677,2.416,0.6925,-6.241,-2.3559,6.2702,-8.0286,-2.3506,4.4183,4.422,-9.3564,-3.6404,-3.1969,-9.191,9.3035,-5.8443
3.1781,-8.0016,0.5281,-2.5776,6.3267,-9.9384,9.123,8.0817,7.433,-3.1311,-3.2238,1.0163,9.5513,1.6293,0.8809,-7.6927,-7.2679,8.0079,-1.6575,7.6297,-6.8215,-6.2608,-5.0312,6.4428,6.2846,5.3051,-8.4032,-1.8594,-4.1136,-4.3506,-3.451,-2.9961,6.4343,-3.9896,4.5845,-6.8251,9.4697,1.1886,1.4576,0.0599,8.0478,7.4815,-8.2778,3.1969,6.8359,-3.3515,-4.9296,-1.048,2.804,-6.4818,-7.5341,-6.5144,-8.5287,3.8386,9.8326,-4.2083,4.4343,2.4521,-7.0662,0.3807,9.914,-0.7066,-1.5325,-7.2703,-1.8717,0.9326,-5.8539,6.6835,1.6067,5.1107,6.7579,-4.2845,-5.4508,-2.3748,3.7646,-5.8636,1.6619,4.4433,5.5173,0.5488,-5.2622,-2.5042,9.5604,-7.3083,-2.9872,-4.1282,-0.9894,-7.503,-6.832,4.3685,1.3821,3.3542,8.9466,-9.1785,4.1966,-3.1395,8.1504,6.1198,-0.6748,-0.4513,2.7881,-7.7429,9.8366,-8.09,-5.7751,0.8894,-3.1468,-5.5218,-5.7314,8.9864,4.8928,4.8439,5.5703,-8.9479,9.8224,8.9149,-7.4191,3.8488,-5.9478,6.6472,-6.4099,-7.713,2.868,2.5244,-9.6236,-1.6253,5.8704,-0.1794,-9.3321,-8.9582,-2.8999,-2.4109,-6.6984,-0.9632,-2.1391,-7.2589,-6.6098,1.7798,0.8716,9.1241,3.2391,-9.0631,-4.9844,0.7016,-4.5375,-6.9353,-9.7952,3.6777,9.2323,-8.8244,-7.1414,0.7919,-7.0332,-0.589,4.7592,-8.552,4.0818,2.3862,4.8834,7.1152,4.2958,8.5909,-6.6459,7.7042,2.7151,-4.0794,-3.772,4.6624,-5.5228,-2.5285,3.0165,-3.5052,6.3684,6.0486,-9.4663,1.8957,-0.7003,-3.6406,-9.4851,-1.8613,-3.292,-3.5722,-3.2372,-8.2706,8.2042,7.4596,4.8762,-5.075,9.8212,-6.3457,-9.1098,-5.1503,-5.3601,-7.7677,-5.2699,1.583,-2.2985,9.3753,-8.4684,-1.4109
2.2881,-0.7641,9.0947,9.0836,-4.4362,7.3805,-9.1614,1.7368,0.7049,8.0603,0.6077,5.8458,1.6107,-2.558,-2.4801,6.3335,-1.2217,-2.5613,1.0282,9.7917,-6.8041,-3.9665,-1.1855,1.5055,6.7963,-7.5342,4.3466,-0.8689,-4.1341,-7.7256,3.7694,-2.2226,-1.6152,8.1872,5.572,-4.4528,-0.417,8.2789,3.4922,-0.8747,0.1004,-2.7603,1.275,2.209,7.8413,-1.3317,-7.6427,8.6787,9.9549,-8.1653,7.0356,-9.4652,9.6406,-4.0448,8.8616,-1.891,-3.277,6.5357,-3.0259,4.8751,-0.6399,5.1346,-2.2219,-2.7877,2.851,1.5804,9.1033,3.164,-2.9438,1.0918,2.5644,-6.1684,4.9452,-4.7553,2.8661,4.3373,2.9629,-8.5116,-1.155,2.87,7.8056,9.4012,0.1884,0.7416,0.7197,-2.6612,-4.8386,9.3781,-1.8659,6.9276,-2.8587,4.9091,-7.02,9.1989,7.9313,-6.342,2.089,6.2204,0.2686,-7.5641,3.2863,3.8849,-2.935,6.1478,7.7638,6.099,1.2556,0.2339,-6.7527,-9.0341,-1.3358,-2.8606,-2.9318,6.9281,1.9568,-6.9734,-6.495,0.6347,4.4329,-0.7306,9.3679,-4.0856,1.6974,6.761,-5.6291,8.7812,6.3467,8.9157,-1.2319,-7.6381,-5.2742,-1.9246,-8.0077,9.2083,3.319,-7.5694,-8.1299,8.2233,7.215,-3.9844,-6.419,6.0508,-2.0364,4.8705,9.7647,-1.6612,3.2873,-0.5928,1.899,1.7401,-8.7133,-5.7884,5.4381,-9.2166,-3.404,3.7922,-8.8603,0.1031,-9.2435,-3.0315,-9.4841,4.9781,-7.9524,-8.4705,8.566,7.1402,-0.3843,-0.2824,-3.2365,4.2035,-3.7586,-8.1068,-6.0982,-3.2114,-2.1633,-5.4509,-6.379,-5.5436,-8.0958,9.4543,-2.5034,3.0729,9.7978,3.5093,-5.0712,4.8262,1.5553,-9.1571,4.5997,4.7864,-9.9652,-7.6318,-9.1726,-5.0632,-9.5326,-5.415,7.1884,-7.6289,1.8779,-2.6186
-3.1413,6.0356,-1.4061,4.6624,8.6838,-0.2545,5.8381,5.4736,8.1021,-5.8756,1.5412,1.0086,-1.1486,7.8425,3.8949,-2.5725,6.0384,7.9894,-1.9185,-5.3034,1.0808,-4.9926,3.5684,3.4308,-6.8264,-3.5821,1.3719,3.6772,5.4368,2.9107,3.2968,7.169,-9.1319,3.9549,-5.2731,7.5986,-2.3004,0.8419,-5.2274,4.1562,-3.7267,-1.4555,4.9728,-4.0996,-4.7438,7.2764,-8.8487,-1.2674,-5.7438,7.068,9.6864,-9.1661,9.2308,5.7166,0.8547,3.0463,1.3461,4.8751,-2.0524,-2.3795,-5.6068,-3.3773,3.7207,1.81,5.2123,-3.3277,-8.0258,9.6703,-1.9638,7.9082,4.715,-6.7673,9.9407,5.4235,2.8896,2.5286,3.2413,-3.7245,8.8655,4.2531,-1.9559,2.1303,6.0879,4.7987,4.9165,-3.4196,3.3712,-2.7423,-3.8505,6.7396,-7.3002,-0.0665,-9.0116,3.9518,5.2729,-2.4488,8.7337,5.901,-1.2511,2.9961,-7.2461,-6.3639,0.5174,5.1267,5.6706,-2.8367,-8.417,0.2372,-1.0156,-0.3075,3.4993,8.4311,-3.9334,-3.3157,-5.2331,1.8428,6.7567,3.944,5.3672,-6.257,2.8256,0.462,4.2829,0.4079,-0.5628,-3.7522,6.1798,8.349,-2.8519,4.8639,-8.3422,0.3777,0.0105,-4.2126,-2.6767,-7.1941,-5.3383,4.1993,-7.7199,7.4305,3.7163,2.86,-2.3218,-4.0075,5.4449,5.9112,-2.406,3.2451,-2.854,0.1669,-4.9552,-6.2334,-0.6042,4.727,6.7197,-3.5285,-1.378,-5.3359,-8.3671,0.2473,-2.4603,7.1134,3.2019,2.1542,2.5616,9.9795,-1.6376,7.3517,8.6429,-0.4607,3.4369,-1.3172,0.7792,-3.3015,-8.0326,6.809,9.3289,-0.575,4.8229,-5.1041,-8.1125,1.4503,8.7413,0.5186,0.3792,-4.9255,-9.3544,7.5345,-5.1943,7.5356,-7.2659,1.6591,-6.3689,-3.4968,1.179,-2.9961,-3.7139,-6.1294,-4.6065,-6.9501
7.6326,-2.2221,-6.1024,-9.1994,-5.8172,-2.4192,-2.1841,1.981,-4.3157,-7.0738,4.9109,7.8291,2.6257,-3.0569,-3.8802,-0.461,9.726,-8.3136,-0.8004,0.3824,-9.5573,4.1237,-5.7629,0.228,6.4962,8.412,4.3496,1.6342,1.5493,1.0528,-9.0056,-3.1229,0.3036,7.915,-5.5106,3.9777,-5.8001,1.7671,4.0199,-4.0819,-7.9265,-9.9801,-9.1894,6.1017,4.0201,6.576,-7.9624,8.2085,5.376,-5.2701,-2.3514,-6.3417,6.0108,5.0231,-0.1499,-9.3241,6.169,1.5876,-7.4863,8.5077,-8.1559,9.6894,-7.3822,-2.3471,5.6848,-9.462,3.3673,-1.0306,4.1921,-3.4786,-5.3449,-8.3013,3.0578,-5.521,1.6993,1.5331,-1.6466,-1.7958,5.1366,8.5379,0.37,-3.0915,-6.9659,6.663,2.6592,-3.7604,-9.7965,-3.0828,4.9605,-8.4404,-9.8102,9.0203,9.4484,-1.1821,2.2757,1.0407,-1.4594,-6.3552,-3.3743,4.9017,-7.9064,1.9346,-3.7224,-5.6953,1.9087,-0.7867,-6.6829,5.7365,6.9926,6.2825,-6.0686,-7.3499,-7.0468,4.7209,-6.5172,7.2687,6.0892,-7.3055,7.5487,4.3906,9.5904,4.262,8.2716,-3.5015,5.2037,5.6739,9.473,-6.3271,-0.2497,-3.0633,9.8785,-7.9264,-1.3924,-5.9493,-2.2865,0.5197,1.9883,9.7446,3.2504,3.9761,9.5359,-5.6593,-7.3859,5.4207,-9.0794,9.4917,8.9357,9.2195,5.4657,6.1543,1.4302,-2.2986,-6.4379,-5.2467,9.8665,-3.2453,3.2321,-0.2474,8.7822,9.8868,8.097,-7.804,8.8952,2.9734,1.9507,2.7727,-6.883,-2.1363,-7.7837,-8.2207,3.5269,-4.54,8.9325,-6.7005,-3.2925,-5.1246,-1.5327,5.9932,7.8115,-9.7614,5.1463,-1.6373,-8.9619,-4.2082,-7.7319,-7.7314,-0.591,7.9198,3.3151,1.0932,9.1889,-7.1588,8.2106,1.6121,6.7888,-8.4875,2.4175,4.5784,8.2936,2.1803
-0.3898,2.8893,-7.5971,-3.218,9.187,-7.8061,-9.5444,6.7501,5.3291,-0.1218,2.3177,2.2645,-0.6436,6.4831,-0.0323,8.0221,8.0142,-0.0,7.1887,9.1268,-8.8891,-7.8347,-0.4438,4.6993,3.7053,-0.3861,-4.8282,6.3758,-5.2683,5.8966,1.3112,8.7897,6.0757,-6.8099,2.8518,-2.9485,-7.7303,-7.0261,8.2535,-8.8812,-0.0293,-3.2569,-0.8401,5.5557,0.4069,-0.5527,7.2746,5.6166,8.9289,-1.2361,-1.9152,-9.8333,-4.9639,-8.5376,-9.6019,-7.6775,-5.3503,-8.8617,9.0012,5.9501,-0.1944,2.0524,8.6237,-9.9387,7.0056,-2.5862,3.6153,-5.118,6.9449,3.5096,-6.8798,-7.6177,-9.0372,4.7264,-1.4094,-4.0844,-3.0953,-1.5596,9.305,-0.2371,2.7578,-4.9871,4.1526,-2.9578,2.3469,-4.3439,-3.6374,6.4794,3.9231,-5.9888,-7.3524,-0.358,-1.4185,2.0056,4.7001,-0.6015,-8.758,1.7841,-4.223,7.8575,8.3756,5.9499,8.4957,6.9093,5.1394,-6.2317,9.6704,4.8077,-1.0496,3.7438,-9.3952,-4.01,3.0382,-1.8883,9.035,9.0508,-8.5529,6.3543,0.2464,-8.2802,2.9274,-8.4115,8.1094,3.9308,-7.7174,1.4168,2.2627,-7.1563,5.911,-8.8251,5.9584,-4.297,-5.2386,-4.7777,5.1352,0.1546,9.3908,3.6234,-4.3433,3.5396,-8.892,0.0859,-6.2739,5.892,-8.5489,5.659,1.4491,6.1614,1.8124,2.6842,-1.8624,-5.9544,-6.3063,4.5268,-9.3565,-9.653,-8.1918,-9.907,5.9709,-0.9398,-9.589,5.6051,-5.7482,-8.682,-3.9357,1.763,3.0955,-5.3648,-4.1885,-2.3813,7.2094,-4.7202,2.0098,2.5692,4.4855,8.8629,6.4616,-9.7923,3.8517,9.1504,-9.4812,-8.0736,3.4897,-8.3057,-5.7549,-1.3683,1.1663,8.254,8.2207,-2.7385,8.7767,2.2713,7.6976,-6.6335,1.3683,-4.0871,3.9302,-2.9895,-6.125,0.297
-0.1066,6.7436,5.7868,5.4082,2.2564,4.889,1.1251,-4.6441,-9.3907,0.116,-8.8439,1.8698,-7.7158,4.7869,-4.2341,-8.9138,7.5643,-6.7277,6.8168,4.9996,-9.9997,4.1241,-7.7799,-4.4323,-5.3931,-6.5652,5.0704,-8.3462,6.5531,-9.5452,-6.7015,-6.962,-3.333,-8.7855,2.2831,0.063,-5.5058,-4.7068,4.0166,-1.2097,7.4379,-8.5563,8.0655,5.4355,-0.4442,-4.6049,-0.9037,9.4958,-4.4974,2.6179,7.4479,-4.216,-4.4817,5.2654,-2.276,3.8797,-3.3045,2.6247,-8.6053,5.3719,4.4678,0.2889,-4.3109,-5.4877,-6.6145,-6.0115,-8.8877,3.7618,8.9279,-1.3363,3.58,-0.441,-4.228,-7.4233,8.1313,-6.0269,-7.0675,-8.3022,0.5738,0.5525,-9.1602,9.153,-9.5537,6.052,4.0835,3.3259,0.7661,-7.7211,0.7857,5.7274,-6.9274,9.1424,-8.0305,8.8317,2.9775,3.2588,-6.3472,-2.4786,4.7368,4.2569,7.4309,6.5319,9.1683,4.2705,-8.743,-2.7125,9.5027,-4.6107,8.4566,1.1655,-9.8173,-6.9374,-0.2418,-6.2261,-4.1582,6.3171,0.1962,0.5283,-4.3686,5.7934,0.5457,-9.6575,-9.511,5.8675,-9.349,-7.185,-9.0794,-1.5957,3.1866,-2.166,4.44,-0.5657,-0.2193,-5.0596,-7.2906,2.2091,-2.0903,-0.3449,-1.1156,-8.1602,6.1808,-0.0879,-1.7199,-5.7618,-1.9085,7.3253,2.4878,-3.7802,2.5074,7.2936,-8.1426,-3.3387,5.6686,-5.0816,6.9897,-5.3472,2.6463,8.5594,3.8083,8.8538,0.5808,-4.1378,-9.0202,9.0222,7.2156,3.2794,0.5151,-4.3782,4.749,-2.3751,-3.5136,4.3023,-5.4089,4.9213,0.6647,-8.8098,-6.9794,2.9665,-7.6478,-8.3099,-3.7578,6.8923,-0.9421,-6.306,9.2458,3.2319,3.2069,0.968,3.8871,7.9883,9.8087,9.2859,-9.6938,-8.4856,-0.0754,-6.9381,2.3114,-5.9595,-8.825,8.9647
-9.4636,7.5209,7.504,1.2418,-5.8464,-1.4351,0.6412,-4.0538,8.4486,-8.4981,-0.6843,-3.6986,-4.387,6.3903,-0.7523,-1.1665,-0.0916,0.0252,-5.7985,-3.3078,5.0963,-6.0829,2.4185,5.9889,-1.167,4.9493,-4.4588,2.1555,6.2492,9.8076,5.9782,-1.6864,-1.2571,-2.7083,0.7033,-7.2593,5.1129,7.6921,3.952,2.1394,1.6581,3.1171,-3.4994,2.3963,8.1171,-0.8533,-5.0025,-6.5919,-5.4948,5.5706,-9.3467,8.4951,2.7476,-2.1644,3.6027,-6.2838,-7.0167,2.6152,0.7639,0.6441,-4.2745,-7.318,-6.1219,1.4217,-1.5183,-8.3454,-0.8189,-1.8646,-7.8993,-3.4961,4.619,-2.7551,-5.9614,0.474,-9.3471,8.7368,-8.9306,-3.7694,5.3583,6.8898,-8.623,0.4216,-0.3315,3.2465,-4.8682,-0.6334,8.6249,6.4985,9.9055,-5.636,0.9146,5.6226,-5.237,-4.0978,9.7937,2.4324,-5.1216,1.12,3.8012,-4.1729,-4.4427,2.4975,7.6856,-4.6463,-0.3377,3.909,9.604,-7.2568,8.543,0.185,-7.7553,5.9996,2.6011,5.9197,8.1187,-2.6207,-8.7476,6.2771,9.6154,-4.0891,1.6286,6.4836,0.5354,9.9038,-4.1718,-7.0511,-8.6576,9.1024,2.9439,-1.952,-5.0008,-4.0895,8.5885,-2.058,-9.7152,2.4452,8.4832,3.7997,-4.2577,0.5441,7.9662,1.1289,7.7068,9.6501,2.3731,-0.6641,9.0118,-5.2634,5.528,-0.5334,3.9211,3.3012,-3.9986,-5.8661,5.9443,2.3533,-1.1458,-3.8471,4.484,5.1765,-1.1734,1.5126,6.5347,-2.7586,8.2043,-7.533,-6.2379,3.6005,9.4732,3.9319,-7.7969,5.0291,-2.0223,-3.0686,6.609,4.2713,9.3149,-8.1364,-9.6382,2.5314,-0.5938,8.9414,4.3068,-1.3509,1.4802,-9.2404,1.9135,9.2798,-3.7829,9.765,-1.5354,8.077,-2.9983,1.1283,8.8832,6.1512,-2.5205,3.317,-2.826,2.502
-1.2894,5.9242,9.4291,-6.0351,-3.7195,5.3829,9.0462,9.3551,-1.1908,-0.6335,0.8886,7.0467,1.7122,7.8368,-8.4461,8.4413,-1.3269,3.5204,-2.7987,4.3576,6.0593,-3.9085,8.6559,0.2208,-2.9923,9.2071,0.9097,3.1995,8.3884,-0.9651,9.9266,-6.6352,1.0311,-0.8865,2.6081,7.6076,4.1081,4.9582,-5.5822,-7.7482,-0.6781,-6.2419,-1.103,-5.189,-2.8027,-9.5613,-6.8737,4.2696,0.1144,8.2392,-7.2577,-5.9156,3.0303,7.4673,7.1404,1.4658,-5.1789,5.7412,-2.2796,1.5502,0.3107,-7.9619,-3.3541,2.9607,-2.4554,-5.7212,-5.5139,-8.2452,-8.1952,-1.364,7.6951,-8.6153,-0.4004,9.8581,-9.2494,5.3274,8.9289,-9.1215,2.4008,3.0655,-6.2375,0.1429,6.0303,8.2833,0.2711,-5.529,-0.5981,1.1844,4.3774,-5.1336,-7.0004,6.6357,2.5184,-4.4924,1.8149,7.2858,6.9112,0.4783,4.6845,3.7852,-8.6088,-0.7256,-8.5181,7.4823,5.6373,7.232,-4.8712,-1.7294,2.1647,-3.6757,1.1842,-0.8228,8.4603,9.3106,5.6667,8.5315,-7.2297,4.7689,5.4727,-1.5529,-8.2177,-1.3699,5.6993,7.4618,-4.8924,-7.8411,3.3965,7.2418,7.8765,-7.436,-2.6711,-2.3202,-3.9451,-4.8838,-3.8056,6.2575,-0.2054,8.3119,-0.2736,8.5517,3.9434,3.0891,5.216,-9.8367,5.2494,6.2407,0.9822,-4.1396,-4.8448,2.9939,-8.8489,-6.83,2.8198,4.1335,-9.5106,3.615,-1.9887,8.2106,1.4231,-8.4624,-5.8696,0.7496,-3.848,0.3335,1.6914,-5.8772,8.7244,7.1883,-9.3927,-3.5035,-3.5273,-4.7168,9.3277,-0.9647,1.6314,5.1745,-9.2113,6.8036,2.5161,5.9625,-7.0882,6.7486,-3.6161,-4.326,-8.5467,2.4397,-0.7093,0.0282,-0.4762,-8.8627,6.4614,-3.6273,-6.7469,8.0,5.0798,-0.9695,2.2457,6.1644,3.7302,-0.8053
6.1522,9.7037,3.8179,2.2382,-0.1355,8.8637,7.5006,1.4563,5.8582,5.5597,5.5946,9.4708,-9.911,3.1669,8.3178,-1.8619,-1.0263,-9.1438,-5.9937,-7.8375,-4.3007,-3.2873,1.959,-1.462,-7.7555,-9.3386,-9.6841,3.7296,-0.9104,-1.3875,-0.3737,-1.0741,-4.393,-0.1198,-1.6653,-5.2278,1.3646,1.2643,-5.3363,-3.452,-9.0986,3.7494,-7.3489,-6.7953,-2.5699,-4.3054,-1.0727,6.2903,9.7661,-7.0342,-4.2548,-7.4566,9.9906,7.4995,1.1538,4.9469,-8.1612,-6.6699,-2.9597,0.2688,9.6462,0.843,-9.2952,5.4391,7.6375,5.0128,0.6609,-4.3846,-7.3831,-3.332,2.0143,9.1277,-4.6838,6.9755,-5.1681,-1.088,-7.0016,1.8935,9.8654,-2.2934,5.1635,-7.3157,6.6056,9.0288,7.1754,-3.9113,2.0201,-4.3098,-0.1551,-5.1625,-0.7371,-4.5605,3.8449,8.7738,-1.062,-9.8154,5.8468,7.9908,-0.0889,-9.7499,8.5295,1.5246,9.2167,7.0892,-8.4218,-6.7792,6.3936,-9.2831,9.9785,2.3599,5.5566,3.4493,-6.3305,0.0173,-9.1427,6.1343,7.3229,1.888,-1.297,-7.2918,7.1379,-6.4174,6.7192,0.2194,2.0157,-1.5777,-7.6881,-1.939,-6.4608,5.2933,-8.4702,-8.4163,6.4584,-1.3995,-7.3843,8.8838,-3.8226,-1.4216,9.0786,1.562,-4.6069,3.8736,2.9442,3.9253,5.91,7.6177,-9.0945,5.4556,4.001,-1.6901,6.6424,8.9534,2.0098,-3.1773,-1.1357,-0.0413,-3.1984,4.3267,-7.5713,-0.5993,-8.5728,-7.9303,-8.2363,-0.2949,-2.146,9.2432,2.453,2.0771,7.3984,4.567,-7.3542,-7.884,-3.9711,-8.8793,-7.9191,-1.2881,6.68,-5.1579,0.7741,3.2394,-6.677,0.261,-7.895,-6.9508,-9.3698,8.0926,-8.3895,-0.3666,-9.0039,-6.8069,0.7182,4.3526,-2.7715,-2.674,6.7483,-7.3375,4.7957,-5.1652,5.2427,2.6921
6.6796,-7.9823,-0.9517,4.5101,4.039,-4.637,5.0359,8.5572,-0.2993,-1.5832,3.3699,8.1312,6.0066,1.3735,7.9824,-4.3216,-1.4698,9.9113,-6.7519,-5.4348,8.7866,5.2257,1.2737,-6.4848,-3.9287,-3.0036,-1.7943,3.8246,-5.4748,2.4226,7.6616,1.9883,-3.7352,1.4048,-9.9099,-2.7948,-0.3839,7.7358,8.1688,-6.6481,3.7566,-3.7029,-5.5468,5.5825,-3.1951,8.3683,-9.7075,-1.9088,1.7921,-7.6293,-4.2928,6.9521,8.6848,-3.1418,2.4919,-9.4785,-6.1103,-1.9419,0.3701,-3.8011,-3.9117,2.2721,-5.3351,3.3333,5.5042,3.2478,3.4963,9.2679,-6.9379,6.2118,-0.268,-2.545,1.8117,1.3806,7.5258,-5.8299,5.247,-8.6326,8.2549,-8.0977,7.7302,-3.5257,3.1822,2.1934,7.4667,-4.6333,1.0397,9.8766,-3.1241,-9.674,2.3535,-5.0812,7.5631,-9.246,-1.1691,-3.5636,1.9249,5.2724,-2.4585,-1.2823,-2.6419,2.0476,6.7845,-4.4303,-3.6869,-0.2196,9.1891,-7.9271,8.6293,6.5115,-8.3827,-2.5184,8.3557,0.4717,-6.1969,2.0988,3.1119,-8.0995,9.587,7.067,1.6626,4.2648,-2.4238,5.3458,5.3427,5.8511,5.6104,3.819,6.3649,3.2215,-9.7098,-6.0211,8.0304,-7.3967,9.6435,-4.9653,6.0042,-2.8726,8.017,0.6101,-5.4085,4.6975,2.4063,7.007,8.54,-6.6757,-7.8573,4.5215,-7.6907,7.2614,-1.4996,2.6592,0.6325,-5.3858,-0.8685,-0.1089,7.8278,-0.1424,0.382,-1.0075,-7.8793,-9.3357,0.3024,5.9875,9.6824,-6.1005,-8.2089,1.883,-3.2881,8.8177,5.1207,3.606,-8.5076,-5.2924,9.8032,7.5165,-1.8738,0.0124,-5.6052,-1.1041,-3.6537,9.8214,3.3843,0.1616,7.8543,8.6022,-9.8416,0.753,4.5486,-1.0612,-1.4629,-6.6864,0.4224,-6.5016,2.5392,3.1018,-0.3734,2.2171,8.894,-7.117
-6.1682,9.7785,8.7364,8.7883,7.2858,-4.443,3.7962,-6.3158,-3.9529,-0.0806,0.3208,-7.8457,-6.6642,7.6176,-2.8228,7.8477,-5.8861,-3.7353,1.5899,-8.1748,-1.5652,4.1416,5.7009,-4.9216,0.3508,-2.8046,4.39,3.1223,-3.6512,2.2412,7.334,5.0498,6.4056,6.2879,-7.3966,1.8713,7.6808,7.0244,6.9056,-9.4788,-6.8087,-5.3522,-3.8106,7.4238,-8.4136,4.7861,0.5946,8.5678,-9.9737,2.2844,1.6281,2.743,1.4092,-0.1503,0.6535,-4.6629,-2.1671,-2.4703,-3.0133,-1.5041,9.6649,-3.6166,-2.6293,-9.9729,1.9727,-0.9242,-0.3321,-7.3175,5.8835,-6.0439,-2.5797,-1.5483,-5.7752,4.1903,3.7994,3.4442,-4.7709,-4.7181,-0.0202,-6.3124,4.7413,-5.5496,4.7948,7.6015,8.4133,7.1217,-9.8768,-4.5964,6.1554,1.8723,9.2642,-5.2431,0.4563,-3.1178,1.1384,9.3906,-5.8758,-7.6963,5.6855,-7.343,4.8003,-9.6532,-4.314,0.2141,5.4912,0.2044,2.5875,9.175,8.3647,5.6582,-9.7338,-7.3291,-2.4956,2.5425,8.2433,-3.1343,-6.2605,6.612,9.1824,7.3236,5.6875,8.2347,8.3401,5.5171,2.2028,7.4073,-3.652,9.0317,3.3589,-5.1228,7.1127,-6.9589,5.3032,1.8347,9.566,-3.016,-3.8396,-6.3744,-4.2803,7.471,-3.9045,9.0945,5.8503,4.8359,5.3598,4.647,-8.5228,-6.4598,9.6039,7.3921,-7.6079,0.1346,-8.4052,-9.5145,5.8716,6.8767,-9.9591,-1.2674,-4.0723,6.5482,-4.6373,0.4218,-3.8691,-9.5029,-3.9327,9.4382,3.1323,1.7954,-8.0651,4.5637,4.8604,-5.1533,-7.4307,-6.276,-6.4518,5.8084,-1.7053,-3.9904,4.611,2.1211,-3.2203,5.9042,-3.2292,-0.703,1.6084,-9.5274,-4.2258,9.4148,-2.6491,8.3972,-1.8057,-9.3223,-0.4405,-9.7058,-8.6408,7.2103,-6.6136,-8.3161,-8.9822,-4.5361
2.8374,-2.1431,-9.3231,6.8943,-4.0957,-5.2222,4.8852,3.983,-2.0584,7.075,-1.0547,-4.5333,-0.1173,5.0114,2.9181,2.9162,3.1934,7.6552,7.4194,-2.0285,-7.9353,-9.8182,-2.6879,-0.3755,-4.1341,0.9144,-6.7031,8.6335,-9.7248,-7.0263,7.939,-7.9763,6.2001,5.8321,-1.9417,-6.029,3.8652,-2.6981,-8.0822,-8.7986,-8.6718,5.3403,5.1923,-2.1729,2.3555,5.4291,4.5482,-8.2396,-3.0694,9.8685,-6.6955,6.5732,0.655,9.5133,-0.1174,-5.5371,-1.835,-6.6063,3.0044,6.879,-6.5715,5.1695,-8.0542,-8.9055,-5.8158,-2.6596,3.0052,9.8923,6.9802,-3.2721,2.3868,-2.5274,-2.0561,7.1413,9.0667,-0.8945,4.823,4.187,-6.0929,7.6395,-1.915,0.3539,-0.41,-3.755,-1.4404,5.1332,-2.5102,-2.5861,-4.6878,-4.2292,0.6661,8.4365,7.3238,9.2703,7.9237,8.3533,-1.6934,-1.1835,-3.5232,3.7292,8.2792,-7.5444,1.5704,5.8845,-4.6181,-3.6612,1.1164,7.9615,6.9001,5.1503,-0.5709,-0.7078,-7.3729,2.2221,-1.1963,-5.0398,-8.7389,3.5739,3.5103,-3.0145,4.2649,-0.546,9.9106,-5.7425,4.8588,-3.4045,3.5527,9.4973,-0.0925,8.0757,2.6732,-4.9917,-6.6854,8.2349,-5.8964,3.4205,4.4437,-9.9384,-8.7438,8.1906,8.482,-3.9891,9.533,4.9804,2.7701,-8.5021,9.6754,-3.3304,-0.6713,-3.5974,6.6918,-5.6858,2.1178,-6.4399,-1.8961,-3.891,-4.282,7.1557,1.2134,-4.7044,3.4844,8.1591,-8.2523,-8.73,-9.1346,9.5243,3.4742,-3.273,1.3171,-1.9651,-4.8185,5.0121,3.3227,3.1795,0.3669,-1.5993,-3.8592,6.8154,3.6706,3.7717,7.0404,-8.2825,0.2059,-2.1277,-9.9538,-2.608,4.5499,3.0453,-3.8651,-5.8279,2.9385,-4.7393,-2.4795,-2.8408,-6.1954,-7.9558,-6.1538,5.112,6.9796,7.4604
-6.4075,0.536,2.6825,7.7284,-4.2851,-0.6254,-9.2679,-1.868,-0.5952,1.9806,-7.344,8.1962,8.5467,1.3769,2.8041,-6.497,-7.1461,-1.0072,-1.6137,-2.1592,0.1433,-0.9554,1.9714,4.6948,4.7425,-4.3267,7.2746,4.5951,-9.0882,-2.1327,5.4386,9.741,-5.8656,-4.7729,-7.875,-7.0196,8.9706,-9.5892,9.4375,9.9044,4.3779,9.7258,-7.6611,6.5049,0.7526,-7.8032,6.5137,9.4078,4.398,-3.5559,-0.1319,5.1065,0.2572,0.4178,-3.1264,-5.0222,1.8221,6.2761,5.3867,3.3219,3.7718,-2.2788,-7.147,-3.2287,-5.2873,-1.6624,7.6827,-1.4008,0.954,-8.1289,1.5907,-0.4749,6.6014,0.5801,-0.1799,-1.6782,4.3804,6.6363,-6.8591,2.119,3.0665,-3.5324,-0.3616,9.3881,-1.3813,-1.189,-2.2327,-0.6589,-2.8973,6.3912,-5.633,1.6186,2.3529,-9.5475,1.0612,4.4593,-1.3242,-6.2521,9.0671,-0.3345,1.036,-3.322,6.041,-7.4751,-5.1151,8.4084,-6.8387,1.3459,-3.7997,-9.3325,8.632,6.0736,8.4591,2.2805,-8.5129,-4.6733,-1.0151,6.4484,7.7542,3.089,-9.6245,7.6323,-7.7159,-6.7313,-7.0317,-5.5083,-6.3389,2.6973,4.1624,5.7415,-2.6874,-6.4317,1.1398,-6.382,3.1497,7.4133,-0.8754,-5.7346,0.1354,-5.6242,3.1089,8.8052,2.4312,2.7744,-5.7725,3.1168,-6.4224,-0.3186,-1.4827,-6.6721,-5.0532,3.9207,-2.7119,8.6302,6.2439,3.3425,-3.4059,9.8313,4.5619,1.1275,-3.2552,4.427,-9.5939,-7.7449,-1.1527,9.5532,-7.9921,-9.6132,-1.8513,9.8867,2.2296,8.2559,-8.5212,-0.9106,-8.6508,-9.5853,-2.7558,-4.5903,-7.96,-2.6919,8.0072,8.8138,-3.6641,4.441,1.3575,0.5325,-9.5865,-0.0539,-2.6789,9.1667,-8.5609,4.6871,6.7309,-7.4022,-3.2127,-9.0284,3.1606,2.3998,-8.796,-0.5768
1.508,-4.2694,0.4539,-1.3771,-7.1845,-7.832,-3.6685,-8.1961,9.2696,3.4351,9.3799,9.5674,-1.7928,-7.7903,3.0963,7.626,-8.8154,6.9986,2.6271,-8.7051,-0.1148,6.7991,5.4135,-1.4001,-6.4436,3.8864,7.2686,-7.2339,-7.607,4.1217,3.1248,8.432,5.2562,-4.3309,-3.5448,8.1062,6.0497,0.1418,-3.4034,-0.9363,-2.4071,1.6229,-2.4659,-3.1661,0.5289,-2.2347,-2.9571,6.335,-4.8818,6.363,0.2615,-4.0079,-2.4208,5.7705,-8.7893,-5.1753,-9.4148,-9.171,-8.8172,0.1935,-1.1606,-8.6186,-8.4567,1.0244,4.2148,6.6479,-0.5148,-8.4028,3.0844,3.0398,9.6916,-7.8098,-4.5866,-9.0203,5.5002,4.8868,-2.5793,-9.8178,8.48,7.529,-9.3277,-6.3353,-7.1042,-6.3799,0.9514,8.8248,0.1231,1.2496,6.9776,5.7336,7.8308,0.4498,9.3888,-4.8737,-1.232,-7.1892,-8.8697,5.4521,2.2829,2.3477,3.267,-5.4192,-8.464,-6.4058,-8.6199,4.513,-5.0846,-8.409,-3.3257,-9.0082,-8.0932,-0.3908,-0.0684,4.2954,8.1093,-2.8283,-3.6397,-9.6542,-2.4386,-4.1392,3.0884,-9.403,-1.2778,-5.7708,-3.8884,-5.1185,-7.3995,2.8875,2.7699,4.5999,-0.9748,5.7516,-5.6375,2.2525,-7.7776,0.7656,6.499,-0.801,-1.2361,6.0606,-6.4277,-1.1331,-4.9975,1.836,8.1769,-1.8233,5.391,-4.7052,6.0777,-2.5339,7.2101,-5.4898,-7.7799,-0.9946,-3.954,9.1644,8.6607,-3.1383,-6.204,-8.1638,4.9104,8.7604,-6.7245,9.2092,-1.4567,2.7011,-6.6902,7.4597,-2.1374,-1.6312,6.6108,-4.3812,-6.3796,-1.1133,-6.2234,-1.4926,7.3135,-1.5068,-9.2613,6.0491,6.2308,5.3496,-8.5491,-7.6407,-1.2523,-7.7994,3.2048,5.5463,-5.7784,2.0493,-3.6185,7.0917,-6.4769,-4.6498,0.4824,9.5476,-8.1717,-6.0012,4.631,6.1467
9.0023,8.6373,3.8488,3.4923,-6.6382,2.5917,8.532,5.4567,-3.3631,8.2759,8.8337,-7.0192,6.593,4.9247,-2.9762,6.3172,-6.2877,8.791,-8.4863,5.4276,2.7759,6.5732,3.733,-1.7827,9.9553,-3.6739,-6.6895,-0.032,9.1761,-0.5625,4.0491,8.765,6.8319,-8.5074,4.9032,-7.4513,-7.2452,-1.1267,4.4826,3.7184,-6.3605,-6.0249,-1.7995,3.2642,8.0399,-6.3503,-1.641,0.5362,0.5381,6.6975,9.4384,6.7364,5.8195,0.2772,-1.7589,2.1526,-2.3493,-7.7655,-7.0795,-8.7443,9.557,0.7288,-6.7109,2.8176,5.6552,-9.0727,7.0539,0.0469,7.3404,7.1108,-7.5179,-7.5801,-2.4846,8.6798,-9.0121,-4.5482,9.2206,-5.3716,-1.4139,-5.9578,6.2561,-5.6869,-7.0421,-7.6096,-8.3381,-9.4938,7.9972,-8.8855,2.0584,-4.0909,-1.8947,-4.069,-0.6222,-5.629,-6.0063,-0.7,4.4201,8.3869,9.5074,6.2655,-5.5777,8.4864,4.4612,-8.4009,-6.4602,-9.7164,4.1573,9.8265,-4.5744,1.4995,-0.0341,-5.8914,-4.1201,5.5046,0.2008,8.1594,-7.7878,4.9867,-3.8769,-5.5801,-8.8385,-6.7542,5.1979,-5.348,-5.3326,-7.5689,3.893,0.2769,-9.2834,-0.2058,-5.0799,3.0701,-7.9446,-2.1827,4.1904,4.8363,-9.4034,-0.1565,5.5743,-7.8321,1.622,-8.3831,7.7219,4.2076,4.3455,3.5859,2.5887,8.4479,-6.7426,-2.7265,0.2994,-8.7888,-9.042,-6.66,7.3542,-0.5896,-6.0445,-8.1462,7.8379,-5.3057,3.1332,6.4689,-6.5824,-3.7973,3.775,-9.1456,-7.9283,6.0286,1.0284,-7.8196,5.1985,-0.6619,2.5741,-8.2808,-8.6344,-1.0474,2.3444,-9.5184,2.1055,-6.0953,3.7619,6.0364,6.7691,-0.4579,5.032,-2.5635,5.7907,-4.0155,-3.9308,3.002,-5.3836,-8.6607,-7.0011,0.8842,0.1096,-7.0721,-4.3237,-9.0129,-0.811,7.07
