5.1648,-1.0264,-8.0093,0.0244,-9.8129,4.3662,-6.8862,-4.1912,-9.5271,3.3683,-7.2802,8.666,-4.9704,1.6631,-6.1994,2.5763,-2.3706,4.7698,5.5933,-7.3496,3.0309,2.217,9.4247,5.8455,4.036,5.4622,-9.2942,-1.6262,9.7753,3.5808,5.8019,7.6596,-3.9586,-8.9938,-2.092,4.7299,-8.5018,-3.3666,1.1146,5.1446,-8.139,9.2126,8.0181,-5.2254,-4.1359,-0.428,-9.8388,6.4616,7.2356,-9.8733,5.245,3.8918,-1.3077,-9.2749,0.4899,-3.1369,-8.8563,-7.1542,-1.5322,-1.5052,0.046,-1.8068,-0.3225,-9.4834,-6.7245,-2.7525,1.0604,7.0042,7.852,9.25,5.6916,3.1397,7.4472,-8.2529,-1.394,-8.2459,4.497,-0.5125,8.1269,-9.9886,2.325,2.8387,-8.5602,4.8645,-7.9179,-9.4815,-8.3031,4.9107,-5.0053,-4.1229,-6.6642,-2.153,-1.2261,6.1437,6.8999,2.0454,1.5249,-0.2549,-3.1824,3.0024,4.4288,-2.3838,-1.1794,-5.7094,-1.4743,3.6798,7.5801,-1.2309,-5.5314,9.6717,-8.7047,-4.0125,0.083,-1.8475,3.9854,-0.081,-4.1129,1.3938,-7.9798,-2.1387,6.1584,8.0997,-7.745,-9.1557,3.1132,-5.6553,8.6703,7.4795,-5.7769,3.6596,6.5843,-2.8562,-8.3576,1.6818,2.7612,9.9838,-5.3924,0.0381,7.8533,-6.3968,7.4094,5.9299,-8.5284,-3.7103,9.7207,9.7989,-8.0816,-9.042,1.7733,2.1627,-9.6068,-5.6381,-7.2948,-8.1467,7.1747,-4.0991,2.8995,-9.3504,-6.0727,4.9375,9.9651,-0.0297,3.9873,-9.9838,-0.8417,9.51,1.0873,-4.8615,-8.9957,-7.808,5.1948,-7.4347,-6.2897,9.3814,0.2007,-5.1262,3.5664,-9.6346,6.0926,-2.011,-0.4729,8.6676,4.0303,0.2111,-6.6015,4.5856,-7.8807,9.1283,7.1888,5.964,3.6891,1.9075,-7.3387,4.4036,-5.6121,5.2401,1.0611,-2.7808,2.4736,-9.5683
9.6565,-3.2989,9.4333,-4.7225,-8.1432,-3.2577,-9.6031,-7.3367,-5.1393,3.6714,-5.4303,-2.5077,-9.8388,-4.6518,3.8804,9.479,1.388,6.3221,6.8052,3.9928,-5.6775,7.3017,-2.7081,3.851,9.7185,-4.2903,-6.3912,-4.4454,3.5977,-8.6731,4.2499,-1.429,0.6238,-5.5013,-3.0246,-0.9542,-6.8966,1.8001,-8.2563,-3.825,-2.6249,-3.8659,-7.3725,-9.9932,0.1148,6.2139,5.5185,8.9601,6.5622,2.7731,7.5377,-0.3517,-1.5136,-9.9164,-5.5197,-0.3632,5.2157,-7.2174,3.2824,1.9589,7.6953,7.6119,2.1832,4.9306,-6.4012,5.0587,-1.5756,7.6166,8.4833,-0.6458,8.0615,8.2562,1.0074,8.5173,-4.7469,9.8138,-1.3193,-9.9689,-6.232,8.595,1.4807,-7.678,-0.0044,1.7368,6.0322,-3.4927,1.587,-9.6281,-4.6626,2.3152,0.4922,-8.8182,0.0849,-5.5686,5.8599,-3.4901,-7.8231,-0.9174,6.8996,6.9682,-4.1582,4.5517,5.6444,-3.3701,5.9667,9.4192,-1.1005,-4.1581,-7.2772,7.8892,-8.9268,-8.254,-5.4204,-0.167,-8.3106,-4.8143,2.9786,0.7838,-1.5884,-4.7089,0.8483,-4.3093,-4.1692,9.627,6.6806,6.957,0.7007,6.6581,7.965,-2.4034,9.8919,-2.7069,9.4524,0.9474,1.2015,8.5219,-1.7686,-1.1179,9.6543,-7.9723,0.9239,-5.1925,-3.8632,-0.8424,0.7806,4.1789,-2.1855,2.7819,-2.1442,-2.7806,-4.8855,1.4281,-6.0641,-2.3009,5.2548,2.9056,-3.7055,-1.4563,0.1793,-6.9392,-5.1561,8.5307,-0.7964,-7.3512,-4.553,-3.1895,-6.8294,8.3268,1.1458,-1.7838,-9.7486,0.9652,2.788,9.3322,-0.2038,4.4853,-4.7678,3.2707,1.4406,2.0161,-2.8728,3.7593,0.3105,-2.4311,0.6759,-5.8298,-7.7248,-8.5953,-2.5419,-4.8753,6.7723,4.1353,8.6156,5.7623,0.182,5.1877,-5.842,7.7554,-8.5487,8.1527
-9.6683,2.7866,-9.8664,-1.8228,-9.951,-0.6524,5.8285,2.6029,5.1198,2.804,4.3671,8.0883,-1.2161,-8.9064,-8.7578,3.5656,8.3498,3.1435,-6.307,7.3658,8.4338,8.1574,4.7463,-6.1873,3.6184,-2.0927,4.193,-8.2656,-5.1963,0.0805,-6.7286,-5.993,-2.9068,1.4357,-0.8773,4.9022,-1.8184,2.9691,-3.4242,5.3443,-0.9616,5.8977,8.0542,-2.0969,6.4376,-3.9565,8.7665,9.624,-9.4906,9.5971,-5.7855,2.6302,-6.2838,-8.0975,-8.8632,0.2076,2.9038,8.2991,3.0891,-1.079,2.352,4.1237,7.4501,0.6781,1.0316,0.2303,9.6613,3.1604,9.9427,-7.6094,8.6525,6.4001,5.371,-7.2416,3.3579,1.9793,7.0905,2.4926,-4.3202,-2.2205,8.9947,-0.6636,8.8762,-9.4451,-4.2315,-9.3105,-1.7767,-9.8708,6.4815,2.4358,0.9174,0.109,3.777,-1.7424,-3.6571,2.161,2.8728,-0.4468,-1.3378,-6.3792,8.0362,1.5143,-8.2642,1.3228,4.7791,1.4713,4.0642,-6.3345,-9.8824,7.5599,4.8812,8.8276,6.0435,-0.0816,6.0002,-3.3744,9.7416,1.6352,-8.8297,-8.9076,-3.0571,-2.6184,-4.2792,8.2581,8.8247,-6.463,-6.5056,6.4168,-4.255,7.1246,-7.1149,1.1196,4.9154,-7.7516,-4.3499,-9.6577,-4.895,-3.0281,2.2637,-6.0903,1.5652,-4.2926,-1.168,-0.6424,1.9766,7.9201,8.3566,-3.5448,-0.6333,-0.9837,3.0775,-9.274,-8.8068,2.1349,-4.7088,-8.7943,-9.0887,-4.9827,-7.6721,-2.7247,3.6588,7.716,3.0599,-7.6994,5.1513,-6.06,6.9968,-8.3818,8.7419,1.1448,-1.927,1.3485,9.4955,-4.5008,7.675,-9.1633,9.7803,2.8012,9.8958,1.0749,4.1701,6.6091,0.9005,1.5613,-8.7552,-1.4141,-3.0191,-9.9364,2.578,0.467,5.4897,2.9683,-1.714,-5.0926,-7.7853,7.3232,8.2256,5.9714,-9.0362,-2.2384
3.0459,-3.8931,9.0205,-4.741,9.7065,-6.7637,-8.6352,3.9932,8.3216,-4.7319,1.002,-4.9741,-1.8285,6.0527,-1.315,2.756,-0.0664,-4.3612,7.71,0.0822,-1.4649,2.9598,2.5932,-0.9023,-7.916,3.1773,-4.5374,3.1112,8.393,6.631,2.375,6.6722,-2.1106,8.9447,-0.6719,-8.6028,-1.5068,-4.836,2.529,2.5175,-8.836,-5.5755,-0.8471,1.8597,-4.735,0.9236,-8.1286,0.339,7.1126,-4.6337,7.7996,2.1998,-9.7904,5.2958,4.6253,4.9594,0.4714,-2.0059,-1.6006,-2.7695,7.0199,0.2192,-0.3244,9.3683,-6.5092,9.7368,8.1681,3.0259,5.6121,-7.4125,-3.1632,-8.3389,9.0436,-8.2363,5.3239,-7.0733,-9.4902,0.8929,-0.2057,8.5448,1.5509,6.5935,-0.5639,0.6414,-8.9328,6.4813,-0.0088,1.4605,-4.6772,8.1066,9.876,-4.5243,-6.5055,5.9595,-2.6925,8.6569,2.7175,8.4836,6.0305,1.6745,-3.9021,-1.241,-4.6361,7.9665,-2.5316,5.927,2.0264,5.6599,7.44,-5.2602,-0.2259,-0.3312,1.8368,-6.1194,9.6498,-2.3226,-1.5791,8.3253,-3.0088,-4.374,-0.4877,8.7682,6.0223,-2.2371,-6.7526,-9.86,-3.755,-8.2089,-1.5621,-4.9092,-1.5309,-8.0895,4.0745,0.0038,4.9623,-8.0223,-7.2395,-2.7912,0.149,7.6301,7.193,2.7597,-2.4026,1.2003,-9.5726,0.8981,-3.1734,8.026,-1.079,8.8835,-1.6322,7.5701,4.7632,8.63,-7.2627,3.1028,8.4746,-0.7268,-5.5144,1.8265,7.9068,5.4563,-4.2861,-8.5888,-9.6929,0.3434,8.9866,0.5145,-9.3006,-6.9692,-6.9006,-4.5517,7.9833,3.3942,5.378,9.0222,5.4009,3.485,7.2576,-0.3348,-4.997,-4.201,-2.9326,-8.59,4.7065,-4.0348,-8.0192,-4.8459,8.4604,0.3817,9.9668,3.8715,9.9991,2.8671,-6.1415,4.2599,-8.6911,-2.7418,-2.033,-5.3047
-0.8057,-3.6824,-6.7661,6.5178,0.4825,8.9277,3.5591,-7.617,3.3572,-6.1826,-3.9363,5.2719,2.003,9.737,-8.6353,-0.3442,-8.032,-5.9122,4.4928,7.694,-7.2062,-5.6524,-3.199,7.4997,1.5595,-1.1528,9.9747,-1.8707,-9.3849,7.9682,1.1289,4.3726,7.4561,5.8065,-0.5362,4.0607,6.6231,-9.3759,1.2708,-5.3841,-2.4023,9.228,9.621,-5.7612,-8.5692,-5.8114,5.0466,-9.7956,-0.5771,-3.7705,2.2676,5.9936,-3.0759,5.2004,6.3404,3.568,4.7798,-4.7676,-5.2515,-5.8253,4.8928,-5.6443,5.8856,-4.2286,5.5922,0.0714,-7.4328,1.8968,-4.186,3.9462,-6.5599,-0.8283,-3.409,-8.4559,-9.0639,-9.2229,-5.92,6.2644,-9.7455,7.0461,-0.4285,7.6135,-8.1903,8.643,-8.5052,-1.0392,0.0434,-2.5857,0.8373,-1.2968,4.097,-6.2522,-9.3206,2.7485,8.2709,1.0184,-0.8648,4.6949,-3.7307,1.079,2.8898,8.5478,5.1955,0.5959,-1.6582,5.834,-0.108,-6.0874,8.2988,2.5661,8.2392,-3.9235,4.936,-7.3856,-9.0804,-4.8879,3.3243,3.253,9.8361,-2.8036,1.4085,8.3321,4.4943,2.5326,-0.7538,4.4977,-1.0247,8.3334,-5.1789,9.6589,6.2335,0.2826,7.1726,4.5364,9.8516,-0.4172,0.6079,-4.7643,-4.0411,-6.6589,4.8915,-7.6012,-8.7799,8.6269,-9.99,4.4392,8.1624,-5.3962,9.3356,-2.2145,9.5628,4.8356,8.4612,-1.2376,-6.7974,-5.9472,-1.6037,0.1419,0.4939,9.3974,-2.5778,7.1873,9.3669,5.1647,-0.118,8.9013,6.1137,-7.9715,-9.6185,0.0622,-6.6965,-8.71,9.6735,-5.61,3.4892,-8.0372,-0.5417,2.845,-5.5343,-2.7077,2.5676,4.8418,2.4986,-4.6523,-2.1057,1.371,-1.7828,3.3404,-3.8657,4.9682,-8.2575,-2.631,-6.1274,3.8105,9.6133,-5.9376,8.0242,-5.7527,-2.9104,0.6734
-8.477,4.5145,0.4861,-2.8174,-9.825,7.3053,2.5363,6.3025,0.2229,3.2909,-1.4292,2.9342,9.2724,8.7992,1.8011,-4.9079,5.2764,-5.2638,-5.9961,3.8647,3.1909,-1.0816,-4.029,3.4272,-4.9583,9.1597,-4.5127,0.4052,-3.1181,-9.0106,9.8671,2.5047,9.6295,-9.0452,1.6903,9.235,3.7408,-6.6017,7.321,9.0568,9.9771,-1.3493,0.6933,-1.0385,-1.4387,-2.7453,-4.8047,-6.6265,7.3193,7.1513,5.9259,1.506,-2.9548,0.4833,1.6321,-8.6647,5.593,0.5273,-8.2223,5.1519,-0.645,-0.0842,7.1913,-2.6437,2.0556,9.3052,-0.8523,-9.3268,-8.9021,8.4266,3.1949,-4.9534,6.6741,2.8563,1.4,-3.1458,-3.5401,-1.8636,-2.7165,-6.6421,0.66,6.2415,5.424,8.8952,-9.0478,1.0875,0.413,5.6961,0.7102,4.3144,-3.6072,-7.0173,7.1464,0.4207,9.9917,0.812,-7.5344,-4.2388,-4.5382,-2.3755,-3.5627,-0.9824,9.2444,8.7615,-5.9604,-3.1883,-8.6215,0.4835,5.3202,5.4083,9.0717,5.5674,4.983,-9.8923,7.7707,-7.0631,2.2047,-1.2141,-6.4691,-8.2639,-5.1821,-1.2984,6.322,-2.0246,1.0632,3.8042,2.1998,8.218,-9.8552,6.7558,0.3391,3.3511,6.8389,-4.185,7.7867,0.8687,8.869,-6.7313,8.2456,0.6194,6.2982,3.7693,8.9369,-4.6233,7.3951,2.004,-6.5818,7.7419,-5.767,-5.6401,-5.6805,-9.176,-5.8474,-0.7743,-8.5102,7.3538,0.5849,2.6811,5.2912,-5.8991,4.319,-3.3843,7.281,1.5057,-3.0677,-9.1516,8.0392,7.9223,-0.4556,-3.0465,4.7972,9.7078,3.2341,7.8405,1.0957,5.5078,6.5626,-0.9107,-7.5959,-1.9643,1.6354,-1.459,-0.284,2.9589,2.137,-8.5796,-5.5821,-3.0935,6.2786,-6.9036,8.7566,2.3837,1.4467,9.7148,-7.5687,9.3713,-9.8319,4.8887,1.8845,0.9997
1.7266,-4.1935,-7.5117,-3.2059,-0.1678,5.7363,-6.5729,9.7382,3.6057,-4.7425,2.494,0.0367,-6.264,7.0064,6.7606,-2.6674,3.9344,-6.4658,8.6513,-6.4174,-1.2096,3.5294,-2.438,1.2512,9.1005,-8.2922,8.6202,-1.459,-7.8851,-5.572,0.8542,-8.8398,1.3454,-4.8354,-2.5824,-4.9665,9.8728,0.105,-0.0379,9.3876,-3.8709,8.1461,-1.5477,-0.1041,-9.9137,-4.5807,-1.3022,9.7723,-9.3256,-0.3375,2.6132,1.0293,-3.0057,-4.7702,4.184,-8.0828,-9.1729,-6.781,3.1445,3.3689,-7.4102,-8.2534,3.068,-8.5183,2.1214,-1.4443,-7.4704,-0.225,2.5109,-1.2087,4.7304,-6.6898,-6.1288,-2.4255,8.1239,-2.9975,2.1231,5.5078,2.3161,-2.7725,9.1848,-7.9349,-0.4757,-6.4151,2.9463,9.1085,8.5013,0.0219,1.2463,9.9878,6.6133,-5.068,7.4953,8.1783,2.5111,-3.0692,-7.5102,6.4514,-5.8301,7.7559,-0.779,8.4127,4.9468,3.6007,1.7165,7.2776,1.4765,1.6026,6.7089,7.8474,2.1923,2.3236,6.1129,5.5747,7.9858,8.866,-1.774,3.7034,-1.1819,6.7966,-9.8159,4.0519,-2.4536,-0.7325,8.438,0.9234,1.592,-6.3034,4.9276,-3.8935,7.3978,6.0085,-2.2319,-3.1945,-5.7696,0.9674,-7.2343,7.0976,-9.6001,3.858,-6.2774,-2.3535,4.7577,2.2791,-2.973,5.3741,1.6117,6.0892,0.648,-5.2357,-0.9408,-5.959,-9.2725,-6.3679,5.6499,-6.4376,-7.3948,-7.2265,-3.568,-3.0626,3.6948,-2.7448,-4.1846,2.3227,-9.3225,9.7252,-9.7617,-3.9896,-9.4938,0.5301,-8.8109,-2.746,5.7195,0.0686,-5.3265,-3.489,-3.0555,-2.7211,-6.2608,-9.3553,-2.8141,-8.5511,1.0496,-6.446,-1.5019,-5.7922,-0.991,-4.7621,-6.4657,-7.6251,-7.5888,-3.524,-8.9325,-5.7055,6.3783,-9.0655,7.8518,-4.267,-2.3494,-4.0295
4.0071,-6.6858,-5.3655,-0.5573,1.9559,1.3369,1.6295,3.9343,-1.2721,9.4312,0.7459,8.7586,-0.3061,1.0318,-4.3367,2.5127,2.976,-6.9585,-5.9656,-2.412,-1.2163,-6.5015,0.6904,5.8341,2.6182,3.5169,-8.1281,-9.3753,-5.8497,-5.8118,0.4678,2.0151,-4.7725,2.9414,-1.2033,5.0253,-7.2972,-1.6466,-4.3206,7.816,6.8402,2.6946,-8.275,1.004,-5.3501,-9.5982,4.5677,-4.7651,1.2519,-8.37,-1.9746,-7.3857,7.2632,-9.1826,3.8527,4.1616,4.7402,0.264,3.3726,4.3034,8.9824,7.6991,0.4872,4.0873,7.1939,-6.5047,-9.9111,2.9226,2.1343,0.7706,9.6211,2.5536,-7.2766,9.2707,2.6108,-8.7042,-9.8243,-5.3787,-7.9107,3.395,5.8642,-2.5384,-9.93,-0.1535,0.7836,-2.4864,-7.3435,-0.982,1.5023,-5.5329,-0.6394,3.2734,-6.7505,4.415,7.0419,0.0204,-5.6177,-4.7295,4.439,6.1081,0.086,7.3365,5.2617,2.0989,-5.5762,-0.1445,-2.3608,-9.0995,0.4438,-7.7539,9.9043,7.792,9.461,3.7647,-1.5877,8.4657,-9.535,-8.0359,-4.4741,4.2538,9.92,-0.4981,-5.6934,-4.3512,3.8197,4.6247,-1.3985,-6.9459,6.1359,2.2898,0.8624,1.7521,-6.1783,-0.3885,5.315,6.7983,6.1184,-7.1139,8.4526,-5.9682,4.105,8.1302,-7.8576,-9.3442,-2.4472,3.4952,8.0501,7.3132,-2.9902,-1.932,-3.6789,-3.3264,-7.3282,-3.4939,2.8126,-4.7514,5.6418,-9.5333,-5.254,-9.3002,-7.4938,8.7161,-3.9767,5.5449,8.4079,4.0196,-1.6977,-2.2505,-5.2169,-6.8304,-5.3467,0.25,6.4238,-6.6483,4.8844,8.6292,9.6611,-1.5737,0.0884,8.5889,-8.7897,-3.6212,-5.8309,-4.6884,4.2799,1.9095,4.2652,8.059,-5.9288,-0.3313,-4.131,2.3741,-8.5602,7.5385,-6.2253,-0.7315,-1.1234,-9.8771,7.2526,-0.6353
-2.5561,6.9148,3.9057,1.7919,-9.6241,-4.5277,6.3452,-9.1461,-3.2668,-4.5275,-2.8221,9.2536,0.0132,-4.0223,1.5841,0.6011,8.5643,-3.6432,-8.7977,-6.6748,-6.2801,-3.2798,6.7694,9.307,6.2543,-5.4408,-2.9261,-9.4513,-5.4667,-2.9068,7.6883,-6.6107,8.6508,0.3837,1.6417,9.2085,-6.0274,1.8627,-2.9195,-9.2011,4.9643,-4.9255,-8.3211,-9.3276,6.067,-7.1046,-8.7122,-0.5477,3.7829,9.414,9.2376,-5.2959,9.6328,4.1434,3.1833,-0.8742,-8.2554,1.0275,6.7986,4.8847,4.2359,4.6522,7.8553,4.9081,8.1621,-5.5504,6.5799,6.3063,0.4257,-9.5614,4.5726,-0.0758,2.9722,-6.9515,-6.7503,-9.4113,4.0117,6.6283,-8.1648,-8.7467,7.3021,1.0192,-1.7784,-1.7795,7.2792,-6.4328,8.3499,-9.975,-0.2022,-1.0543,6.924,-5.6339,-4.5339,3.779,0.8658,-2.2556,5.2246,-8.3439,-5.5184,-0.1329,2.2681,-6.3028,-1.5345,-2.5079,2.2667,9.1616,2.5943,5.9966,1.3645,4.6676,5.6756,8.8529,5.8345,3.4145,-4.9459,0.7756,3.5079,9.1313,-7.8972,6.7706,7.0546,-9.8265,-4.1204,8.2991,-8.9359,-9.3888,8.2972,-7.4988,-7.2573,2.2103,-7.7658,0.4991,1.46,-9.3119,7.6633,-7.936,6.0772,7.7974,-6.6648,3.0417,0.324,-0.6331,-6.6736,-1.8179,-9.9574,-5.7928,-3.7797,1.3035,-4.3228,0.7872,-8.1618,-7.7156,2.7367,5.7885,5.2387,6.007,2.7538,-8.4853,7.251,-6.6014,1.4952,1.2018,1.7394,3.9274,9.9002,-6.285,-6.6854,7.0293,0.3347,-6.6342,4.0183,6.4812,5.8999,7.433,-0.8594,-3.1744,-2.3648,-3.032,-2.0184,-7.9094,3.105,7.7468,5.727,-5.602,-9.5247,-1.1769,4.8031,7.5277,9.568,6.8551,2.8851,6.493,9.4177,4.1355,0.8863,3.1881,-3.6743,-2.4874,7.8407,8.5269
-5.9545,-6.6972,-3.7013,-0.0551,-1.3376,-2.4648,8.4669,-1.1015,3.7514,5.5108,-5.1844,3.339,8.9632,9.8789,7.4956,-6.0388,-0.8867,-0.6624,7.5111,7.3139,8.7062,-7.4921,-8.279,-9.602,-6.4132,-4.5101,-5.8833,3.2205,-2.2102,-5.2939,0.2232,2.7433,-9.0565,-0.7438,5.8407,6.0069,-0.9927,-2.0135,-4.935,4.0502,3.8698,-9.0117,-1.0545,5.3124,-5.0202,-5.7612,7.8351,6.8118,-7.0681,2.5449,-8.0161,0.5866,1.6481,-1.2227,-0.6089,3.303,-4.4954,5.3445,9.5999,-1.0363,-4.3386,-2.792,1.341,1.0091,-1.2172,-8.7473,8.2547,-0.5941,-7.6525,3.5621,-1.3262,3.8562,0.8904,-9.2491,-1.9191,-3.0217,-3.8797,-2.1356,-3.1089,9.9317,6.5209,9.0601,1.3949,-7.7742,-3.8765,9.1307,-3.7751,9.6011,-9.6648,-9.0489,-5.9123,-8.6729,-4.8171,7.0392,-4.6736,0.6706,4.4619,0.9165,-0.136,-0.9154,-7.7375,2.5799,8.7993,2.0003,2.4044,-1.1424,0.4682,-6.5408,-4.6656,7.9543,2.7374,6.9962,1.0617,3.477,2.3685,2.1211,9.809,1.5946,8.0118,-8.3625,1.8963,2.2469,-3.6345,7.9102,-0.2967,4.8946,-3.0293,8.0836,-4.131,-5.0812,-2.0554,-9.3628,6.4613,8.8829,0.8231,4.0016,-6.9705,-8.966,8.7834,0.8758,-1.1534,-0.8954,2.3372,6.0078,-0.3077,-8.4947,-4.5256,8.3549,-9.3056,4.3767,4.399,6.1653,0.2822,0.6188,-3.3781,2.0782,-1.2659,-7.355,9.241,-5.3922,6.6971,-4.8464,-1.7972,-1.5438,-8.8465,-9.8059,-7.5295,-3.4445,-9.4041,-2.2938,-9.8022,-3.6509,-7.9315,2.3737,7.8697,2.7535,-3.2264,4.4874,-0.7049,-7.7909,-1.5402,8.5411,1.3375,-0.1118,1.7795,-7.6883,2.613,0.9355,4.7527,-9.3655,9.3692,-5.0019,7.1489,8.1492,-4.9201,9.1155,-8.0413,-1.7942,9.4256,2.3853
8.7877,5.2888,2.3362,-6.3086,-9.7715,3.7618,0.2167,-2.0175,-9.5337,-4.648,-7.4926,-3.6475,-5.8297,5.4208,-2.994,7.5412,-0.5021,-0.539,2.4439,-1.4987,6.6521,-5.786,-7.3849,-8.6768,5.8302,-2.8125,-1.1397,0.0431,-0.1444,-5.9999,-2.6956,8.5049,0.5192,-5.6763,3.9502,-9.7861,5.993,-2.4933,6.6307,-4.1741,-0.146,-2.4326,5.0105,-5.3689,1.2217,-1.5935,8.1992,7.9259,-2.3129,-0.9233,-8.3441,-8.87,7.3648,-4.7391,6.3118,-2.2184,9.2378,-9.6089,-7.1401,-2.5081,7.7284,8.99,-1.84,-8.3553,-0.2737,-1.9566,-2.3069,-6.8973,1.048,6.1762,-3.4811,-7.638,-4.5472,6.0479,-8.6187,-9.7708,8.5982,-7.1834,-1.9638,7.203,0.2118,1.0474,-8.6697,-8.2022,-7.4352,-5.477,3.75,3.1072,-0.9637,-3.2388,-6.0243,-6.8193,-8.4942,7.9309,8.2485,5.9931,-6.0192,7.8166,-1.7631,-7.1592,2.6647,-6.8187,5.7228,-7.9729,0.5595,-3.2081,-9.3655,4.669,6.9196,-0.9653,-7.9174,5.0569,-5.6601,-3.5908,-6.821,2.7223,-3.6676,8.7869,-3.8173,1.2498,-3.6302,-9.5708,-2.3203,-6.2452,8.2808,7.7979,4.6371,-8.4299,-6.3067,8.9621,-4.1434,-1.5783,9.6185,5.2649,-1.1513,-2.2463,-4.5891,-9.0793,8.0698,-9.8697,-2.2965,6.7907,8.5317,-7.9901,9.534,-6.6681,5.5841,-2.303,6.1581,6.2899,1.7827,9.9901,1.0581,5.9634,-5.8738,3.0335,-0.5652,-5.9789,5.5815,3.9246,-3.7534,-0.1965,-2.4095,-7.1322,-4.405,-6.37,-3.938,5.8945,4.4671,-1.6841,9.1308,-7.0067,2.548,-1.7043,6.0533,0.0215,6.3669,0.7194,-4.069,-2.5563,-4.8632,9.0189,9.8115,-8.9191,4.1833,1.9104,-0.9855,-5.8946,0.1097,-2.2381,-8.0327,5.8754,2.6799,-8.3798,-5.7697,-6.1186,-0.6761,8.0717,-3.2567,5.9503
7.4859,-9.6718,-2.8448,8.4584,-0.7878,0.5,6.9166,3.4374,-3.3968,-6.1995,-4.9245,-1.5125,7.4849,6.4516,-5.8856,-1.6649,4.5231,-6.7185,7.9548,7.4202,-6.9757,7.5011,-1.8608,-5.5092,1.3468,-5.1958,5.9299,3.886,-9.2355,7.7787,-1.7432,-0.3844,-7.8163,3.4467,6.2948,-3.8566,-5.0694,0.0581,-7.4493,-6.4133,3.8008,-1.9186,-4.8077,-0.5737,-0.7904,-7.6266,-1.5676,-2.3998,3.9678,9.9643,3.7544,-6.0917,-2.2458,-6.2215,9.1987,2.3593,7.6623,4.0531,4.1203,6.4028,-0.4954,-9.3991,-7.4438,-3.1673,-0.8219,-6.0578,-0.1399,-1.2451,-7.398,-0.8588,-3.472,-2.4685,-5.1438,4.2174,-8.949,-9.8048,-8.7135,-1.9114,-2.2282,-7.1708,-2.1406,-6.0124,-9.824,-4.5188,6.0356,8.6117,-7.1752,5.7372,-4.4498,8.7093,-8.3782,2.2718,5.6877,-7.8357,2.3121,-3.1005,-9.3069,5.6429,1.1699,0.4555,-9.4172,2.8132,-7.2418,-7.6058,5.1012,0.6917,4.225,-5.5146,5.4618,3.1589,0.177,-8.3188,4.2986,8.6088,-9.9072,-0.8557,-4.1857,9.5782,1.2326,2.2511,7.8828,-2.6226,-1.0772,4.0417,4.3413,-9.1258,-1.2763,-2.2898,-9.2143,-2.5532,-5.0424,-9.0277,3.5551,9.5776,1.7134,-7.5003,-2.7145,1.066,3.4106,8.4501,3.9145,3.2421,9.7694,-2.7741,-7.6151,0.6267,-2.0252,-1.5472,-1.3726,-1.956,6.2552,0.7328,-0.6644,6.1197,-6.5508,-8.4594,0.0181,-1.8624,-7.5079,-9.1628,4.5531,7.0612,-1.7783,3.1608,-6.6724,5.1853,3.6929,8.8434,2.0241,2.2425,-6.3205,6.464,0.6782,-1.5394,7.0369,0.8894,-8.1071,4.5431,2.687,7.7443,-6.3808,7.1699,6.5936,5.337,7.2476,-5.2421,1.2358,0.7935,8.033,-8.8763,-3.3643,-0.3018,0.6226,-4.5712,-4.5017,6.7541,-4.1344,0.022,-5.4254,-4.3012
9.5921,2.3475,8.3194,1.8286,6.2745,3.3739,2.99,7.3329,-4.4295,9.5832,1.7187,3.6857,3.8118,2.7036,-6.6342,8.9623,-9.8917,7.5585,2.0654,0.82,-8.6387,-7.4842,-5.4751,2.9608,-1.2723,-0.0549,3.3681,4.9709,-1.1205,2.7529,-8.7389,-5.1334,0.4007,-3.9952,6.1168,3.8243,-4.2864,0.8717,-6.3778,2.3586,-6.1815,-8.2328,-7.6592,-0.3815,-7.0754,7.5082,9.2008,0.4308,-1.7427,1.9594,-1.0009,-1.2195,-0.2416,6.1334,-2.301,-8.7448,-7.5983,5.0381,0.041,-8.6134,-3.2836,-3.7019,-4.605,-5.9187,-4.6921,-5.7817,-8.2445,1.1747,4.8233,-6.4881,3.3818,6.8717,6.0211,-9.1577,-4.045,8.6802,0.2947,-5.9591,7.2086,-9.4521,6.2667,5.2057,-0.2395,0.6379,-1.5941,7.5555,-6.1819,8.0394,-4.405,-0.5678,1.1705,-0.6116,5.5765,3.3516,0.5308,-4.1055,-7.8337,-4.7798,3.7713,-1.9241,-8.1617,-9.2302,-7.3815,0.9195,4.1295,3.9311,5.8246,4.7276,-7.5375,-7.4789,-4.9442,-1.5414,-2.2906,-0.9782,2.207,3.0381,2.5716,6.6721,6.4674,9.9665,4.6254,-4.2927,0.674,7.9532,-9.6512,8.7591,8.1458,4.9159,5.5231,-7.0374,-2.5617,-9.5964,-3.2845,8.1436,2.8681,4.4522,-1.8457,-3.1541,-8.7367,9.3723,-6.8168,-3.9887,-6.1712,4.9553,8.5801,-5.8806,-1.2773,9.5913,3.4337,3.9538,-7.6496,-1.9867,-0.7534,5.1678,-2.4516,8.074,-2.5759,5.0796,7.7322,-5.0214,-1.5474,-1.7967,-2.657,5.0632,-5.0602,7.9078,4.6011,-4.3207,1.2262,-8.5648,0.4072,-0.0077,4.4011,-0.579,-4.9882,3.5548,9.8385,8.479,7.8274,0.1698,-1.1557,-9.4713,8.6678,0.0679,-5.5262,-4.6473,-2.3571,8.9411,7.4926,7.4872,9.7649,7.0399,-3.4734,6.8122,3.4781,-0.6375,7.2454,1.5906,6.5348,5.3673
8.466,2.3643,3.8064,-6.5802,-5.6192,-7.5123,-5.5615,-8.2379,8.0137,-9.284,3.5967,-7.0857,-1.8896,-0.5543,9.9194,0.4477,-6.931,5.0941,-5.6197,-9.1759,-5.7692,7.7701,-1.5912,-5.831,0.9552,7.453,9.6605,7.8302,9.9791,-2.9894,7.0031,-1.0182,-1.7752,7.4024,3.6594,8.2337,-3.0459,-5.3976,-3.9362,2.1728,7.5625,-9.1523,-9.1536,-5.3738,-8.0778,-2.0209,9.5003,1.1513,-1.4148,5.1,0.2573,6.047,-4.587,-7.3816,2.1952,-3.2982,-8.5241,-0.932,-8.0272,-3.2519,4.6613,8.9541,8.816,-5.4235,-5.2158,2.5013,2.9272,-0.7578,-7.2149,8.2165,9.6508,3.291,-0.4429,7.0656,-4.7616,-0.8786,9.144,1.1063,6.7046,7.9319,-3.1141,2.1891,5.9872,0.3478,-3.5107,7.2288,2.0906,2.6778,-9.95,-4.3454,-7.5603,-8.808,-1.2879,-3.2365,1.5505,-8.2788,-9.7142,9.3992,-9.9539,6.2446,3.8795,-5.5344,2.392,-7.8157,-1.3146,-5.9117,5.6825,8.9852,2.3439,-5.8839,-7.8719,2.74,-0.9206,-6.1985,8.2449,-3.942,-0.4257,-1.8148,5.7433,9.2531,-8.5234,-7.0334,-6.7252,2.5263,8.5342,-5.5,4.494,3.2764,7.1436,-3.937,8.4949,3.39,-8.6106,2.063,-6.3147,1.4208,-8.8383,-2.4962,-9.045,-3.345,3.7903,-4.7217,-7.8719,-0.3652,3.1836,1.3671,-2.0915,-4.8183,-7.0103,-0.2673,7.0587,1.3101,-3.3547,4.7408,-3.319,-2.5522,5.5579,3.808,-6.4224,-4.748,4.7717,-0.1095,-5.1294,-1.1475,-1.791,7.2587,2.9542,-1.0093,-3.188,0.0314,-8.433,-4.1117,9.1012,-8.2645,-3.9769,2.6005,5.0484,5.9424,9.4513,-9.7942,1.1742,-5.2198,0.9544,1.0485,3.4226,5.8658,-2.2213,-2.5418,-4.7645,3.1617,-0.2357,1.0191,-5.55,-7.2925,7.1821,8.0363,-6.4099,5.1622,-0.5069,6.2637
-0.2584,9.5699,-7.3344,-7.1415,6.0114,1.4105,4.5269,7.2619,1.0341,4.717,7.3602,-8.1358,-5.7422,-5.2127,-9.3333,8.3065,-5.9667,1.8866,9.7506,6.7171,1.6918,-3.4322,-8.391,-8.1171,-4.6703,-5.616,3.6686,-5.7349,-0.1436,-2.2489,-4.4972,-3.9661,-0.8442,-3.6524,-6.5286,1.5898,-3.9154,-1.0419,-4.3959,-3.68,9.7154,6.0594,-6.3937,9.8367,7.6007,-7.1021,-7.0107,-9.501,0.6332,-5.7039,-9.6935,-4.5988,5.74,3.5518,5.7414,-8.8403,3.6745,2.6059,-4.0876,2.8055,-2.3251,7.936,0.8489,6.397,0.7481,2.2432,-8.659,7.8412,-3.7807,8.4198,-5.1266,-5.659,-6.8417,8.4008,9.7959,-0.4436,8.9318,-0.7954,-3.5944,3.7883,4.964,-2.0634,5.0032,-1.3853,9.0722,9.9955,-4.0375,5.6405,-7.8526,3.142,0.8018,-4.8579,8.2537,7.5582,7.6342,-4.4846,-3.6695,2.4739,-9.4864,-0.3437,-2.897,9.7295,3.2359,-1.3159,9.5397,6.5014,-7.9499,-6.5911,6.7028,9.133,-1.5425,8.0185,-6.5638,9.9548,1.4952,-9.1122,-2.465,-7.3218,7.9079,-0.3787,-4.5313,-6.5978,-6.8942,5.4887,-6.7714,3.4557,5.8147,-3.6985,-8.8343,5.3509,0.3778,0.2026,-5.3047,-7.697,-2.7837,1.7611,-2.3388,0.2678,-2.5791,-5.7051,6.9252,-2.7141,5.4375,-0.7891,2.7132,-6.3517,6.6046,9.3737,0.8791,-8.2798,8.4651,-6.7311,7.7744,2.0507,8.2395,2.7797,3.9247,6.9238,7.422,9.1932,9.0297,5.0714,2.0448,8.6167,1.7823,2.7014,-6.3115,-8.9089,-8.8258,-4.8766,8.712,-5.774,6.7698,6.4529,-2.6448,-4.2862,-0.2575,-3.607,-7.9697,-6.5167,-3.3584,6.4956,-5.3252,-7.6068,-3.9834,-1.5726,-6.7686,-3.0938,-9.2598,-3.6628,-8.0609,-8.3981,8.875,-3.8893,-2.1308,-0.9487,-2.9578,-4.192,7.2944,-6.8788
0.1196,0.6026,4.4639,-5.5313,-1.8979,-4.8112,4.7819,-4.5518,-1.139,1.9895,-8.8852,8.9845,7.4489,9.7293,-2.3257,-5.9534,4.0167,2.7093,3.2234,8.8022,6.6898,-9.2034,6.7752,7.4056,-0.289,-5.1964,-7.6788,-8.8032,2.8021,-7.2459,6.0648,-1.32,6.6494,-0.5515,-6.4244,9.8734,-7.4213,-3.497,0.4119,-7.0356,3.9464,-7.683,-7.4275,-8.0276,8.3354,-6.7514,2.7754,-3.2658,3.9695,7.07,7.286,7.943,0.3508,9.1422,2.2241,2.2083,-6.7142,-5.6078,-3.1118,-2.2774,-2.297,-1.3779,4.6432,0.9958,-0.578,8.0152,-8.6136,4.0702,9.6441,-2.8265,-3.5884,5.1922,-7.616,4.8849,-7.2679,-7.691,8.9443,3.1287,-9.6153,-5.1199,7.9988,-9.5214,6.7808,-5.1541,7.7418,8.3836,5.4576,-1.0968,0.5291,-6.0717,-6.5941,0.3085,-5.4576,-3.7748,3.7013,8.7533,-0.3799,2.8119,-7.2218,-1.1944,-6.682,4.1099,6.0809,-8.6473,8.226,-9.781,1.8052,-4.8402,1.9998,-6.9466,3.7504,9.2851,-0.1753,8.1314,5.0545,7.1581,-7.318,0.3194,7.6133,-2.7712,2.9855,3.6106,3.7807,5.5481,-1.0283,0.561,-0.6835,0.6347,-7.923,5.1461,-3.6693,2.6884,-9.2821,-0.1699,2.5104,-8.3526,9.5344,-7.2365,-2.6932,-8.3137,5.1531,-1.9877,-6.3629,-4.0047,-6.3385,8.2459,3.8815,2.7614,0.7882,-0.4251,5.5053,1.2707,-0.6461,8.7581,-2.7485,3.8657,-7.252,-1.7799,-5.317,-1.1037,-0.8382,-3.919,4.6329,-6.8108,7.212,-5.5168,-6.6046,-9.5265,0.264,9.5959,2.614,4.4428,-2.4737,-9.2094,9.1527,-4.4004,8.8501,5.485,7.3642,5.3948,-6.0214,-6.8424,-5.3245,8.4173,-9.4832,-5.3479,8.55,8.6324,3.3247,5.6834,-7.8786,-5.2104,1.4253,-3.68,9.9611,-7.2932,-5.2378,5.4451,-0.3067,3.7683
7.8552,-5.6437,2.8784,-0.6109,0.566,2.8608,7.1058,5.2422,-2.4311,-0.3189,7.9636,-6.0453,-8.6128,8.1964,6.4514,4.067,-7.1406,-0.0545,-7.1604,-3.7971,3.1716,1.5689,2.305,-3.14,7.9104,-2.8778,-1.4485,2.8374,-6.4825,1.2389,-8.5019,-6.41,-0.9256,2.8692,3.7098,0.853,0.7559,8.1529,-3.3198,-6.0105,9.8574,6.8012,-7.9494,2.2886,3.8531,-0.6058,-7.7499,-1.8012,-4.5895,1.4262,-8.9573,-2.513,-0.2864,7.6404,9.8773,-8.5224,0.858,2.077,-8.5281,9.7397,-7.7417,-2.1513,-4.1764,-6.6984,8.8338,4.3375,0.501,0.2195,-2.7082,-0.7469,-2.2423,-4.1886,4.7221,1.2841,8.896,6.7203,-0.29,-0.7661,3.9174,-6.1847,-9.7176,8.5513,-0.1221,7.4688,8.4212,-3.5623,-8.7697,8.2199,-3.1872,-7.4489,-9.2773,4.9815,3.9754,-7.2037,-7.7389,7.2677,-6.0023,-5.3785,-3.1894,4.7641,8.3023,-0.8935,7.5696,4.8285,9.933,-5.9858,-9.85,-1.3208,-8.7493,-2.4504,1.4078,3.3342,2.8082,7.928,5.8595,-7.8114,5.4121,-8.4723,-1.5784,-5.3098,-9.8293,2.6948,-0.3439,8.4846,7.1765,-7.7347,4.6322,0.8336,1.4761,3.6791,6.9003,-2.1225,-2.0622,6.0292,-6.1463,-6.8978,-9.921,7.6349,-0.0271,-3.3191,7.86,-8.518,-1.826,4.8944,9.9186,-9.8522,-9.3827,8.8683,3.6525,8.7311,-5.0172,-1.9575,-6.7603,9.1886,-4.8056,-3.6019,-5.3893,-8.6932,1.4501,6.5573,-0.5051,-0.1081,-2.3971,7.0959,9.1851,3.8846,4.5471,2.9504,4.9173,3.4258,7.4703,-3.8624,-7.3812,6.329,7.13,-2.0782,-0.0604,6.059,0.4309,-8.9713,0.4982,0.4365,-9.108,-1.0961,5.7424,-7.4711,-0.3062,-5.1338,-2.8926,-7.6609,-7.9948,-6.7383,3.3342,4.6288,5.3246,6.8031,-5.6635,4.1558,9.8584,2.5873
4.1311,-3.526,-8.3574,-0.6532,-9.6436,-0.6581,-0.7105,-3.6352,-3.3134,-7.1692,3.9284,0.1732,8.6982,8.7418,-4.8688,-0.3442,6.6477,3.2269,-9.9411,-5.9629,5.8953,-1.9426,8.9074,-0.2424,5.2668,-9.0004,0.5683,-2.3003,-2.7779,-0.5278,9.3983,2.2108,4.1927,4.9001,2.7798,-0.6884,-8.7627,7.1554,-7.2839,-7.8799,-7.5147,0.8091,-4.3005,6.4929,-3.9445,-8.9046,-4.963,-9.0855,6.6226,5.8069,7.374,5.4382,6.1613,9.6352,5.8901,-8.9281,0.1393,-2.578,-4.8415,2.3515,8.3974,7.7065,3.9541,-9.6671,-5.7472,-6.4798,1.1964,3.2411,-1.7739,-7.9251,-9.245,-1.8749,2.5156,-1.2319,6.5342,-2.1287,-0.2219,-4.6439,2.4509,9.8673,5.7958,-3.9893,-3.3447,4.6606,3.1945,9.512,-8.9902,4.6096,3.5352,-2.5969,6.152,2.8884,-0.9978,-6.3953,-3.6732,-9.9845,8.1804,-6.7277,5.2091,7.7333,-1.2667,2.1526,-6.4134,-5.8465,6.4071,1.4283,-7.1557,3.4956,9.0623,-3.3888,-5.9563,-9.9559,4.3316,6.2455,7.4316,5.4523,-9.4355,-1.6643,-5.3566,-5.0109,-3.8011,-4.7263,1.3297,-5.8494,8.3095,7.7015,-1.2678,1.2696,3.915,-5.7897,-5.0008,0.7835,6.0481,9.7503,6.2953,-3.8956,-9.1284,5.463,7.5949,4.8104,9.7637,9.3111,6.6017,-2.5702,-6.4991,-0.6901,6.6851,9.1468,4.1745,-8.5044,9.9863,-8.2283,3.2902,-6.0841,3.5857,7.4053,7.3785,5.2965,1.6458,2.6209,0.8235,0.6754,8.3842,6.0343,-8.0625,8.618,-3.0241,-3.7457,-1.3111,-5.4278,-6.0513,-5.8384,9.8038,3.5559,0.7857,-0.787,-0.3969,0.4138,-7.9008,3.7116,-0.635,8.4215,9.1486,-2.155,5.4969,5.6102,9.9825,4.4051,0.5044,1.0696,-7.5884,-9.3044,1.9962,6.4799,7.4147,-3.4353,3.3774,-5.5895,-2.0142,-0.5525
9.3804,5.3001,-3.9805,7.8559,3.1356,1.6892,5.134,9.4336,3.3747,-0.1176,4.6106,0.8927,0.9387,4.4878,7.3753,7.3546,-6.9107,-5.1108,3.3914,-5.3021,6.4695,4.5081,-1.3103,7.621,9.6978,-8.4262,4.8402,-6.4033,-5.6652,-1.6856,7.9242,1.6481,-9.257,-9.4795,-1.4578,3.8727,9.2506,-2.0718,6.5563,-3.8359,0.9926,-9.5822,-4.6991,-9.5606,-0.7159,7.9819,8.7299,-0.2824,6.2225,-6.0131,7.1697,-7.0807,-6.6728,8.0108,7.9647,-9.8494,-2.5739,-1.2929,5.8574,-1.9247,9.878,5.8609,-8.4541,4.7112,1.4965,-9.6141,1.4526,5.0694,-0.7532,2.3928,5.4862,3.9945,8.974,6.8753,1.0589,-1.8813,-0.6653,4.9641,-3.7576,-9.8048,5.5448,-9.9828,-8.6054,3.3038,-4.8097,-6.9252,-9.9023,0.6265,-5.9865,9.9025,1.8609,6.3574,8.3043,4.2803,-0.7811,-8.9893,6.5866,2.8654,3.9741,4.9175,-5.2647,1.8695,-7.4532,1.0644,4.859,-6.449,-1.7001,-5.2485,8.2487,-9.7898,-1.8497,-8.2033,3.1058,1.6058,-3.488,2.5041,-7.5474,-7.0332,4.2783,2.128,-0.7798,-2.4016,-4.4586,-2.7318,-3.9099,3.6197,-8.4092,-3.0107,-3.4301,2.5375,9.25,-2.7967,-8.5256,7.9661,9.458,-5.1466,9.1218,1.6516,-6.5917,-9.9305,-2.7468,-5.6765,-7.1951,-8.8891,-6.5589,-9.0747,3.8999,-5.0275,-8.1506,5.813,5.3057,5.3727,1.4143,5.9007,-4.9137,-7.6528,6.5516,5.536,9.2767,-3.061,7.4788,9.6681,-4.9036,-0.6847,-9.6511,-0.9747,8.9493,3.0464,3.113,4.1269,-4.4839,1.3728,-2.5667,-4.0403,-7.5051,6.0263,5.1731,-6.1199,-5.5042,4.913,8.0484,5.5768,2.9816,-0.7761,3.8816,6.7594,4.5926,5.1612,1.2498,-8.8053,5.7219,-0.2198,4.0148,-7.7445,-2.0143,-5.0165,-6.9766,-9.0884,6.0435,-9.6718
-8.3135,2.7805,-8.8308,0.1672,-2.2679,6.9953,0.8484,5.5812,-7.147,0.2557,0.6486,3.3268,1.1223,8.9127,-3.4359,-0.9771,6.7328,-8.6147,9.3845,5.1304,6.6763,-8.9162,2.3439,1.2777,-7.6624,-5.9233,-7.3924,9.2204,3.5708,5.7533,-5.0811,9.4695,7.9516,-4.3198,8.8743,-4.481,5.1621,7.7225,6.2298,1.6058,5.0383,5.5089,-7.7027,-4.6701,-5.1086,-2.0717,-8.5168,7.075,1.5463,2.7511,1.1728,9.0639,6.85,4.6086,6.5179,-6.9496,1.4105,-3.1388,0.223,4.2565,1.1065,-7.8538,-6.1491,3.6368,4.5249,3.6103,7.2366,-1.1923,-1.6148,1.047,-6.4695,6.6504,1.8835,8.9293,3.0632,4.3502,-5.7273,-4.5172,9.1162,6.7102,2.7564,-7.3066,6.0575,2.0555,7.1002,7.7248,5.2388,-1.484,2.9794,6.3421,-2.051,-6.73,9.0441,-4.627,0.5993,-1.6536,2.7923,0.9353,-4.3459,-6.6121,2.0278,-5.0316,2.1105,8.8253,-1.7502,6.4279,-0.8332,-1.2895,7.984,-2.4346,8.5147,-2.147,9.9671,9.9569,-3.3688,9.1998,-4.181,7.3872,-4.906,-5.7594,8.3213,-2.3117,6.5745,1.0651,-2.8294,-5.1487,-8.2169,-8.3426,-3.7125,-1.6188,0.6355,0.1481,7.3074,-4.7352,-8.3415,-4.4533,-8.631,5.1384,-9.6326,7.9529,-0.6522,4.8034,1.6079,3.2158,-0.3466,4.0624,9.496,-7.6404,-4.1829,8.7434,-1.7089,1.0026,9.8748,-4.9657,3.4098,-9.7227,-8.8279,4.2555,0.8813,0.0937,-1.3026,-9.4421,7.1065,3.8457,-1.0035,-6.189,-7.6227,-9.3441,1.5194,-5.5872,7.6829,-9.9376,3.5871,-4.1774,4.5863,8.7677,-0.7376,3.3066,-8.9475,-3.7303,9.0817,3.3014,6.2221,-0.2391,-4.9471,-7.8051,-9.4891,9.6794,3.3936,-8.2812,-5.4694,-8.3101,7.6237,-7.767,-5.6297,-4.94,4.6014,0.5062,-0.4883,-9.8313
-7.4259,-5.0877,-3.005,-1.5128,1.9232,-9.2748,-2.0992,-0.5593,5.7813,6.135,-9.3268,3.5058,4.5291,-0.7056,3.1311,6.0789,8.9268,7.5412,2.3146,-2.2686,3.935,-9.6954,8.6672,6.2793,8.614,9.9497,-1.5546,9.6909,-6.5045,7.6074,1.3222,1.9364,-7.2056,8.8053,6.7772,7.9954,9.3774,-6.54,-4.6703,-2.807,-8.2968,4.4487,8.8203,-9.7711,-3.8583,2.617,1.5421,-8.6743,-0.7513,8.2566,6.0992,8.1364,4.0135,-8.8938,-8.8117,-0.4588,4.8622,-1.3724,9.8347,6.4276,-9.2699,8.4652,-4.3478,-7.4617,8.0527,-5.327,-5.1282,3.8768,7.627,-8.7789,-2.8178,8.1735,-9.3981,-6.3168,2.7712,-5.6635,-0.0234,3.9329,6.8574,1.2501,-6.9585,9.7444,-0.4025,-4.6788,7.262,5.7498,3.0531,1.9226,-2.2406,6.981,2.3037,4.4517,4.0276,7.5755,4.2011,-5.4874,-1.0237,-7.5533,-6.9112,7.8302,-2.9246,5.4174,9.8371,2.1204,7.3627,-9.1893,-2.8018,-2.7613,-3.8806,5.1731,-9.7718,6.1506,-8.0098,9.4219,-1.7678,-5.6009,8.3324,7.5081,1.8174,3.3735,-5.503,-7.3921,-2.5094,5.887,2.1368,-0.1322,-9.8581,-5.3346,9.9496,1.2519,0.5959,-8.9633,8.6871,-2.866,-4.8306,6.5442,-7.8222,7.9504,-9.5006,-4.967,-3.6545,-1.5306,-6.775,-1.792,8.5745,-2.9571,0.1747,5.7976,-8.953,8.1881,5.6784,-0.138,2.4142,-6.0502,4.5321,-7.422,-2.9998,-4.9052,3.0178,-4.8552,3.6704,-3.068,-6.7611,-8.1219,-6.4914,0.2209,-1.7705,-6.4053,-1.9772,2.2678,0.9735,-5.9313,-5.6577,8.879,3.4648,-0.2717,-4.2107,-0.2679,7.1866,-9.9721,8.42,-9.068,2.4832,2.1984,3.3603,7.2321,4.4532,1.6907,4.4159,4.599,4.0114,-3.6865,1.9653,9.4423,-0.8295,6.0637,2.4911,9.6721,0.4773,-2.2338
0.629,5.5388,4.8339,-0.615,6.9672,-4.3218,-8.4477,-4.9708,-1.5003,-3.7359,3.0647,-7.9048,7.786,6.5756,9.9032,-6.0813,-0.3933,0.7008,-2.9714,2.331,5.2145,3.9001,-6.1173,6.2696,1.874,-8.8186,-2.1401,-0.6441,5.8323,-3.6664,5.8877,-2.2567,5.3443,8.5563,8.1712,8.4282,2.7764,8.9655,-1.0052,-6.5895,5.1215,-2.2474,3.0471,6.6911,5.8725,-5.306,7.0693,5.7008,8.5619,-1.4232,5.0274,1.1578,8.546,-8.4307,0.5048,-2.5922,-5.4255,2.7724,6.4082,2.2175,-4.9095,7.4816,-8.2745,8.0446,2.5381,1.2656,-8.4919,5.0062,9.6492,-4.1177,4.3118,6.0338,5.7021,8.8846,2.0793,4.5315,1.5948,6.7454,4.7687,-7.4141,-8.5019,-6.8375,-6.4773,-5.8506,3.6084,-0.3116,-2.9461,9.162,-2.8716,4.6939,-1.2684,8.4063,-6.4295,7.0211,3.5731,8.2624,6.8957,5.7455,-4.0094,-6.4292,7.392,-7.3182,-6.959,1.5868,-2.7689,-6.0043,-6.0266,5.1382,4.4543,-1.2179,-2.653,5.7461,1.235,2.2086,9.5797,-8.9466,-9.3454,4.6218,3.8897,3.5058,-2.5825,9.2346,8.3982,-1.9842,5.5097,8.2762,4.2061,-1.9277,1.1681,1.2836,-1.3479,2.7428,2.3369,3.5239,-0.2893,5.0643,9.0819,5.7029,-9.253,-4.075,-1.4114,0.0487,-4.9436,1.6238,4.2587,9.9964,-5.623,2.8208,-2.4626,-2.0153,5.6992,-7.1087,3.6794,-8.4369,2.2028,9.8329,-1.1169,-0.5363,-0.1204,-4.3049,-7.6105,6.676,-2.8127,9.934,2.1876,8.145,5.3954,8.7468,-5.9814,6.1423,-9.0227,9.8341,-8.8529,-3.636,-7.4119,-1.0973,1.3768,-5.8524,2.5796,-4.0419,-9.9173,-3.455,3.1354,-5.9621,-6.2601,4.0532,-7.037,-4.8991,-5.8622,4.74,-5.9922,-2.1672,9.0546,9.2719,-9.6296,-1.4211,-6.8218,2.3196,9.8652,0.3116
-8.6919,1.7928,-8.6281,-6.1276,-6.351,-6.441,3.4369,1.4285,4.3418,-0.8163,4.0614,-9.8283,-0.5795,-6.9351,-4.9327,-6.1228,-0.6606,7.0499,9.115,8.3973,-5.3423,3.9305,5.3055,-2.8958,1.7702,-5.4666,-6.6349,-5.8958,5.7795,-7.1083,8.6962,-2.0792,-1.6596,7.2188,-8.7468,-2.6529,-1.9845,-4.7597,-4.533,-5.3719,-5.976,4.7119,8.1188,-4.2313,5.3756,4.3934,2.6706,-2.4535,-9.4377,5.3263,-4.8163,-7.5109,-0.5708,-0.8572,3.5061,-5.7304,0.389,0.2827,-6.5294,-6.2802,4.7159,-8.8518,4.6714,-6.8934,-0.9457,0.6187,-6.8989,-6.6197,0.4417,-4.2592,0.266,-3.2746,-8.4123,-7.1952,-1.4842,0.5489,5.1204,5.3889,9.6233,-2.6651,-5.9423,-2.1709,-4.2958,7.319,-7.2777,-2.821,-7.8158,-4.0224,0.8387,3.0738,-1.8654,5.2373,3.2551,-9.2655,-5.5161,-4.5262,-9.8991,-1.9809,6.1044,-1.7056,2.368,9.6421,-8.8059,2.8021,-3.8816,0.574,-4.5625,3.8504,-5.6128,-2.3222,-1.9894,-2.7757,9.728,-3.1993,9.6234,1.8435,9.626,-5.4863,1.1825,-0.6955,-2.7671,-6.1965,7.193,-7.9474,7.5619,4.6007,3.126,5.1847,-7.9159,-9.9024,9.6029,-2.1439,-1.3046,8.1885,5.5636,2.4897,5.2141,1.405,6.102,9.5722,8.8137,-2.3099,1.6384,2.4181,-0.0826,2.371,4.824,-3.2287,-8.2595,-3.0177,8.3991,-4.1808,4.4331,-2.6041,-5.8027,-2.0801,-6.4694,7.1162,3.3904,-8.5386,-8.0178,3.5465,6.9204,1.6017,0.1632,-5.1709,1.0869,-3.192,-8.5995,-2.6702,3.059,-3.6977,3.2432,4.6436,-0.3704,8.658,4.8633,-0.2504,8.1922,-5.0143,-3.9809,9.888,-7.1641,-2.1741,1.4912,-3.9876,3.6701,0.1725,7.2048,0.2466,-5.0861,9.178,5.8774,-2.7103,-7.0669,-9.1519,-3.3467,1.2706,1.0221,-2.1054
-2.8622,-0.8557,-2.2666,2.582,2.1479,7.363,-8.417,-4.9095,-2.6792,1.9857,-9.5041,-6.9155,-2.312,1.0548,5.9339,2.9426,6.3566,3.3423,-9.1538,-3.6441,-7.5727,0.9268,-1.5485,-5.9831,6.896,7.7438,6.8105,2.2567,-0.9782,-2.4242,4.3277,9.0673,5.9099,5.5502,-4.445,-4.321,-6.0673,-0.4786,-3.2162,0.853,-1.953,4.886,1.3959,1.3059,6.4188,9.3535,2.4885,-5.4878,-4.2667,1.1359,9.6348,-8.5772,6.5357,3.6409,-5.4591,-7.1417,7.5651,-2.0608,-8.2351,-4.8702,-9.5087,-5.9756,-7.7814,-5.8825,4.8308,-0.2877,-0.5798,7.5319,0.7534,7.7657,-2.7471,2.026,-0.6476,4.0729,-6.4383,-2.9804,-2.1839,-3.0158,-8.6376,4.9829,4.8668,-2.0076,-1.1617,2.3187,-4.1019,6.8642,-3.2269,-9.6335,7.4326,-3.8799,-2.5934,-8.4193,-6.5926,5.6767,1.6896,5.6536,6.1659,-3.6262,3.9287,4.4232,7.2497,2.2194,-2.6211,7.539,3.1519,-7.7077,3.1856,-3.2917,-0.0388,8.9268,-6.6668,-0.0984,-9.6817,8.3882,-1.5736,0.3998,4.3067,-2.8312,4.1752,3.1693,6.6113,3.191,-3.7364,0.9837,6.2164,-4.4881,-9.4179,-8.8152,4.6994,-7.4532,3.3432,8.8123,7.2977,-5.9027,3.9387,-1.6499,-3.0239,2.7533,-4.139,1.9394,2.7829,-1.9248,4.3598,-4.5253,6.2063,-5.95,-5.3304,-3.9005,-7.8702,-3.4954,4.6833,-4.4151,-8.0537,-8.1466,-5.4976,1.9602,4.2823,4.4846,6.4976,-8.6524,3.1936,-6.493,-7.1084,-7.636,3.2101,3.0063,-3.9776,-1.2622,6.9222,-2.1017,2.4214,-7.9323,6.0858,-8.4836,2.0516,-5.4214,-6.4245,3.7528,4.926,-7.6674,8.4104,4.7258,-5.8964,2.4558,7.4969,7.728,-5.6226,-6.8893,-5.3385,5.3215,-5.2298,-9.4509,-7.5094,-8.7883,7.4435,-8.6437,8.1379,9.914,4.1361,6.5005
2.8086,1.3473,-3.3455,3.1409,4.4773,5.3041,-3.6302,0.473,-5.2572,7.9745,9.5773,9.7733,2.7042,9.727,-1.9155,5.4301,-7.0651,-9.7362,-5.1632,-4.232,-5.7399,6.3418,1.5509,8.9106,7.5145,-3.8928,9.7178,8.988,4.4419,6.7057,8.5028,2.3282,2.0197,8.4322,-6.9615,1.2336,-2.0423,-2.9888,-5.5791,-2.9548,2.6434,-6.0836,8.8596,4.4184,-2.4012,2.0062,-3.8847,1.3388,6.8295,4.8981,1.9473,-3.1884,7.123,5.2347,-8.9869,0.1949,-8.0209,5.2121,3.9912,-8.4751,-2.6836,1.6713,-3.1747,-3.0355,-5.4095,-5.3541,7.2372,2.0003,9.034,-3.9349,-7.5072,-1.3837,6.0139,2.5503,0.9588,0.5981,-8.1213,-5.3626,-4.9153,4.0488,-4.3633,7.4879,1.7066,-2.9077,-5.6947,-5.9512,5.6383,9.4537,5.3525,-9.0307,5.3097,-6.7942,5.8649,-6.1835,6.2822,6.9537,4.5038,9.7526,-0.896,-8.6363,8.6499,2.3862,-4.0284,5.7681,-9.3387,-0.1396,-6.0417,6.2198,-4.9334,-5.3815,-3.6033,-1.2081,-5.6432,-4.8516,0.849,-5.809,9.7461,-2.6698,9.2486,-9.8195,1.4701,6.1781,4.3964,6.3362,-5.2442,-6.4737,-3.1443,-5.1835,-8.9692,4.6309,3.2643,-1.2659,9.0977,9.4674,-4.1973,-0.9298,-5.2838,5.9632,-9.2119,9.2963,8.3022,-6.7439,-7.5715,-1.7022,7.9814,8.5925,3.1145,-8.2455,9.5451,-9.4457,2.4257,3.7811,5.9722,-7.0894,3.6684,-3.6259,-6.5183,-3.752,2.1354,-1.1476,-1.4411,-4.929,7.6525,9.4719,5.6349,4.05,-2.7184,7.543,-2.9991,-7.0126,-1.5333,1.7472,2.2557,-0.5536,-5.8902,-6.6027,-4.5697,3.7714,4.3302,5.7794,3.0322,-4.5765,3.4933,-3.6063,0.8634,-8.0214,-2.9143,-2.3057,-4.4525,-2.9116,7.2523,-9.2941,4.6812,2.8915,5.3896,4.7249,8.6541,0.1524,0.8998,-6.4819
-3.4497,-7.2258,-6.2736,7.022,-6.064,2.6856,-6.5121,-7.6281,-6.795,-5.684,-0.0768,-1.9677,-7.0141,-0.3326,-6.0414,-9.898,3.1509,-5.5955,0.3697,1.6524,-5.0938,0.7087,-8.7565,0.4187,-4.1284,-2.0247,-5.5804,2.6584,4.6871,1.0277,-8.2978,3.63,-4.8067,3.1547,-5.956,3.5964,-9.2711,-3.5421,6.3636,8.2998,5.1425,-5.5885,1.3536,5.8383,6.9166,5.8319,8.9772,3.3774,-5.5035,8.7179,6.4319,4.2133,9.3468,-6.9888,6.8436,4.2258,1.6947,-8.0582,2.9374,9.2074,-6.1665,-5.0326,-8.6582,7.8554,-6.3151,3.3341,9.467,-3.9133,-2.5151,9.9257,-4.4974,1.9485,5.9577,7.9254,-4.2688,-4.1109,-7.5584,-7.8729,3.5022,8.5652,1.8811,-1.0573,2.1439,4.0222,-8.1861,2.6204,-6.9061,-2.4991,8.6809,-9.1527,3.4555,-6.5292,-5.6888,2.2072,1.1682,-1.2268,4.9898,-7.3042,-1.2692,-3.4832,-9.6468,-3.9281,-7.9206,3.72,9.5446,-0.0962,-8.3123,2.185,-3.3495,7.8214,-6.5204,-8.9548,4.3272,-5.5877,9.0218,-2.5851,6.6854,9.4489,-8.7123,-1.0508,-3.1088,-0.549,0.1783,5.7253,-1.5808,-7.1579,-3.9391,2.3238,4.2085,-1.6281,9.7504,-3.1026,5.8048,-6.1549,6.9015,6.6434,4.5381,-4.467,9.3828,3.0815,1.0105,1.2451,1.6012,-0.9081,8.5391,-4.7631,9.839,-1.2183,7.7902,-2.1733,-4.1661,-9.6765,-9.5518,-3.3919,9.251,4.6313,2.0795,-4.984,9.5849,-6.676,5.841,6.6465,2.8939,-7.5165,7.8507,-8.0785,-2.5351,-5.6715,-7.4652,-0.9217,-3.6392,-6.3989,2.0085,8.2316,-8.9802,9.0475,1.1641,-3.4548,9.6001,6.8789,-3.6282,-9.2269,7.9864,1.8306,-1.2768,0.4017,-6.2516,0.8436,-7.8081,-4.2859,-5.1791,-4.2152,5.6255,9.1004,6.1184,-0.9291,2.8132,-5.0057,4.1329,3.9448
-8.881,3.71,-5.3995,4.2518,7.2278,7.2364,6.2749,3.8981,8.4558,-7.6225,0.6203,1.4017,7.5103,0.9397,-8.8995,0.5984,-1.4781,7.5944,1.5888,7.8191,3.9278,5.0249,-5.543,-0.437,1.0832,-7.4798,-6.5646,-3.2343,6.9015,-8.2189,-2.1883,-5.6198,6.4377,0.7917,-1.3729,-1.1097,9.8081,3.8961,-5.2555,-2.9193,7.3349,3.5313,-1.0442,-5.4498,8.4,-5.5112,-0.0054,-7.2396,-8.3428,0.9506,-7.142,-1.5628,7.4286,3.2758,1.8738,-2.1836,-3.1139,-2.5112,3.1823,-7.2321,-4.1648,5.8842,-5.3384,-9.7958,2.829,-1.4326,-9.4918,3.902,6.0375,-8.1548,-3.1396,4.73,-4.0818,-2.4048,5.8963,4.1979,3.6374,-4.1213,-6.8141,2.8112,-6.2977,0.3084,1.8949,-0.9599,4.7568,6.4918,-7.9134,2.5416,-1.1435,1.3376,4.4339,-3.6569,-3.3074,-6.5818,3.8165,-8.9273,-6.4953,-5.4777,4.7319,-8.1496,1.4999,4.732,2.8831,9.0445,-8.6037,2.6362,-1.2154,-4.9402,-6.6569,-6.6444,-2.424,-2.0028,3.7268,9.2441,-4.3291,-2.2376,-0.9628,-7.3111,3.4016,5.059,1.7475,3.0664,-1.4212,5.0305,0.4928,-3.0041,0.0064,2.4358,5.4817,0.6133,-3.9666,8.6966,-2.9911,-2.1252,5.4197,1.7621,8.6796,-6.4404,4.9617,1.4918,6.6319,-6.9903,6.0331,-2.2678,-9.9167,4.3729,-0.1575,-6.4382,-4.4484,9.1053,-6.4228,-4.3477,5.6275,-4.9525,6.3179,2.0429,7.3901,-2.709,-9.9,1.6184,6.1202,5.9734,-8.5622,5.0665,7.4482,1.7256,4.0115,1.7184,-8.7428,5.7209,-0.5513,5.7047,4.4684,-1.0089,-8.0213,8.4521,0.7127,-1.2896,-4.3464,6.5565,-2.3515,-9.8499,2.2092,-6.2593,9.1123,-9.2802,-7.1893,7.6373,-3.1714,5.2586,-1.8558,-4.5224,9.8164,9.6593,-7.2331,-2.2204,0.8605,-2.4013,3.0917,6.9271
6.5309,1.1387,-1.7201,3.9959,4.0689,4.3373,5.1922,6.486,9.7614,8.0007,1.3355,-9.5682,-6.06,6.8868,-5.2243,9.7566,6.3268,8.1184,-3.6439,1.524,3.5802,-6.4939,2.5578,0.9406,5.5851,-2.758,7.5219,0.2906,-1.292,4.4172,-2.843,-7.108,-2.0959,4.4021,-7.1498,-8.587,-3.1914,0.8495,6.2351,-8.9414,-4.4853,3.1664,-2.0772,-4.4653,0.0581,7.1313,7.352,-5.7272,-0.5719,-5.5118,-8.5223,-7.9551,8.4079,-2.2871,4.5933,-7.601,8.0073,6.2735,0.0798,7.9353,2.9968,6.1701,2.5215,0.0244,-5.1698,-8.8732,0.6511,3.8976,7.1664,-5.5903,-3.5601,-9.7856,-6.9286,-8.8644,6.9255,2.4718,6.1732,-1.0746,-2.2163,-6.9192,9.9548,9.588,-6.6897,-8.7576,-3.5937,-8.7375,8.143,-8.2757,-3.2465,9.6714,6.3948,-8.9079,8.5646,-5.0812,9.4404,-6.7182,-0.5975,-6.4037,2.8314,8.5191,5.2284,3.394,-5.3037,-4.9913,-7.0604,5.9288,2.1974,2.1846,-5.6898,0.8441,8.5334,8.7029,3.422,-3.0379,9.7761,4.0208,9.8719,-3.2271,-0.0076,6.4411,-5.0704,2.7638,8.3868,7.481,1.3723,-5.4694,-7.4471,-2.9357,-2.8881,-8.177,7.5824,4.867,-7.6671,-8.4571,9.4728,5.7597,3.2481,9.8571,-4.2705,5.3612,8.0225,-4.7977,6.3916,7.9506,9.184,0.6733,5.7214,-0.6507,-6.0716,-7.9161,6.3567,0.9358,1.9421,-0.1107,2.7259,3.9022,-0.6076,9.9692,8.0358,0.8837,2.5035,-2.2954,9.3733,3.0329,-1.3544,1.9925,1.2797,-5.1647,-3.9915,-7.1583,-1.2135,-6.8303,7.3068,-4.5466,-9.7495,8.4956,-9.3059,1.2006,-3.552,7.186,-4.6682,-7.5734,-1.0829,-1.8727,8.4653,0.1459,-8.3754,6.2741,6.619,1.4578,2.883,-8.632,-9.0848,-8.6191,8.5866,5.1614,-9.7298,-7.0346,3.93,-4.3305
1.5945,-2.1808,9.0892,-2.536,9.171,7.0927,-6.5081,6.3703,0.2965,-9.604,5.9459,-2.725,-5.6803,-8.3242,-3.3452,-0.6973,3.4509,-0.6069,-2.7943,7.8167,-9.4383,-8.9107,7.6296,3.4311,-8.9408,0.6614,-5.1332,7.3827,-3.5873,4.039,1.4399,1.8659,7.1098,3.7699,1.865,-7.6615,-4.5517,-5.6093,3.3481,-7.7609,0.2758,3.3236,-2.8411,7.2732,-0.3931,9.5413,-5.7476,-8.2595,7.6075,9.8682,4.9288,2.496,0.8169,9.4683,-2.107,9.5887,-9.7822,4.3552,-2.712,0.315,-1.4179,-1.1729,3.8782,-0.3237,-1.3334,-2.8975,9.5134,2.9968,-6.7142,3.5474,-3.388,7.4877,7.0694,-7.5303,0.8186,9.056,-7.2485,-7.7951,-0.4593,6.6833,-9.5359,7.4407,-5.7429,9.2003,-3.6072,5.6088,-0.1885,4.5658,-5.1436,3.4714,2.8938,-1.5475,0.5402,-8.7008,7.8654,-1.014,-6.6496,-5.5516,1.8947,9.8191,-2.9276,-2.9442,9.9201,-4.168,-7.1673,8.8421,4.371,4.3641,9.9936,-6.8863,5.7505,-7.6448,4.8991,2.8591,7.0561,4.132,-2.0819,6.7053,-6.0575,-3.8112,4.5828,5.6774,-2.2973,9.8039,-7.9151,6.6779,-1.9499,-4.5736,-9.4653,-8.5134,4.9352,-1.8672,9.4629,-9.7258,2.7294,-9.6904,-9.4722,9.6533,4.5542,4.4578,-7.3974,-2.9543,8.1079,6.9297,-9.1341,5.2533,4.7576,-2.9568,0.5229,-4.5368,-4.3634,-4.2126,-2.5075,5.1842,2.7233,2.9447,2.9329,0.8563,-8.4673,0.9617,7.4145,5.0431,-5.3798,4.2212,-6.965,-4.8098,1.6234,-4.1113,0.723,4.7324,-1.5117,-4.5316,7.4833,-0.5205,-6.5667,4.4199,1.0583,-8.5999,-2.9482,-3.2303,-0.6919,-6.3922,5.848,3.7804,2.5214,9.987,6.8221,4.4839,-9.6684,1.7448,-6.4083,2.0753,-9.9996,-2.7956,7.3322,1.2444,2.7848,1.493,-8.3018,5.7055
-5.5011,6.9195,8.3766,-1.2023,-8.0694,-5.5544,-6.3887,-9.7817,2.1236,-2.594,-1.3655,-7.6372,2.7016,-8.7056,-4.4309,-7.7994,-1.6679,9.5311,-7.5448,-9.5243,6.2054,5.3424,7.9795,-3.7237,-8.4649,3.1011,-4.8054,9.6355,7.6757,-5.9492,-1.4402,-3.7845,9.8674,9.9567,-7.6587,1.6182,9.7761,-7.1464,6.3979,-1.0386,2.5336,0.0146,-1.4472,7.3325,-8.7288,3.4203,-1.0083,-3.1205,-1.7575,7.2019,-8.3033,0.2024,5.9763,3.4239,4.2541,9.6528,-6.326,0.5134,-2.6041,-6.148,-0.5623,-9.3597,-8.2563,-7.5844,1.6564,6.8635,-5.5087,1.3629,9.5699,-9.4304,7.596,-1.4104,5.2337,3.8055,1.4815,-9.1257,9.809,-6.1996,9.3796,6.3704,-0.577,7.5651,1.3919,-6.5458,-7.3751,-0.1998,-4.3165,1.2111,1.5853,-5.6177,-9.6126,1.5106,0.3082,9.1888,-2.5391,7.548,4.4001,-4.8817,4.3606,8.8942,0.1117,1.6476,-5.9713,-0.1499,-4.055,-6.485,-8.9941,-3.2206,9.3672,6.2846,-0.5049,-7.3014,-0.2099,-4.4384,-6.4888,-3.0949,4.2485,9.3519,8.9263,-0.1845,-4.8828,6.6977,4.4583,-6.5579,9.2766,-5.5028,8.4058,5.3878,6.7642,-9.6599,-9.8767,-2.2891,2.5258,3.4927,-0.7096,5.4595,-1.5629,1.6416,-2.7845,-3.6823,-7.8944,-1.1168,2.8323,2.1892,2.4601,-1.4968,-8.1626,-6.5506,0.698,7.519,2.3331,-6.2947,6.9773,-1.4161,-8.435,4.3254,-0.9673,-1.6693,-9.6086,6.6566,-9.5801,7.6149,5.1624,6.7214,-8.0395,-4.5327,-5.5674,-2.5974,-7.7444,-0.6485,-8.1287,5.4907,-1.1599,6.2194,-7.5647,-1.7548,6.3796,-5.0093,4.3272,-6.6177,-1.5398,-6.2208,6.0189,-8.4824,2.4981,-4.0116,-1.7955,7.2951,6.3609,-9.7162,0.1894,9.3414,1.6248,8.1686,-6.3493,3.6713,-6.2447,-5.6447,-0.4787,-0.9579
3.9939,-3.5318,-0.4017,0.7606,3.3391,-4.8269,6.8551,-9.7981,-2.9178,-9.9824,7.3265,-7.6272,-1.9697,-5.2955,-1.6689,1.4663,-4.0921,-6.6893,4.9721,2.8531,5.7076,-2.1606,9.2763,7.4859,-6.6887,-3.2968,9.8096,-4.111,5.9315,5.6168,-3.5181,-9.5356,9.6086,9.2301,6.0013,-1.6329,-9.4655,-5.9245,2.1404,-6.0397,-2.0663,-8.1333,-5.9668,5.4409,-1.2851,9.5968,-7.9153,5.5158,4.0768,6.984,-8.9138,5.1641,-9.4325,-8.3893,2.5456,-5.5517,8.7201,1.118,5.656,0.7763,9.3112,-4.3289,8.807,0.3567,-7.7516,-7.9262,5.4768,-4.4916,8.0104,9.0371,3.4303,-2.432,-3.7186,-2.5484,2.0153,-1.779,2.0971,-8.4341,-4.8281,6.3349,-6.9409,4.3521,-6.2469,-3.7737,-4.8376,-7.7641,-5.1316,-5.5183,-0.2865,7.7497,-3.0307,-7.557,9.5949,5.7586,-7.1526,6.803,1.8901,8.4898,-1.2006,-5.0087,3.7514,-7.827,9.6522,5.7572,-5.872,9.6547,-5.6526,-4.1812,2.5647,-5.7963,-6.0523,-4.4454,-8.8866,2.7076,-8.3029,4.3651,-1.5286,-4.2676,2.2908,5.7766,1.5162,-2.0249,6.4787,7.0174,-6.4428,-0.8845,1.7539,-3.7658,8.0253,-2.0544,-5.6813,-5.0563,-5.111,-5.5503,-6.4907,-2.4551,1.385,-3.086,9.6006,6.803,-3.0252,-1.908,6.9287,-1.4127,5.0706,6.0842,9.6977,9.1181,-6.6229,-1.6893,2.4228,0.6956,4.0641,7.536,-2.3222,-8.5982,-8.5274,-7.5213,-2.9775,3.8303,4.0577,1.0724,-3.5515,9.855,6.2837,8.2809,1.0822,3.185,-4.6501,-9.3186,-8.6095,1.1256,8.3583,-1.922,-9.1755,9.1267,-0.3051,-3.4315,3.1798,-4.4815,-2.6225,0.1229,-5.5643,-9.239,2.3304,-6.6394,-0.7894,3.2576,-1.3235,-6.0772,5.8921,-0.7296,0.5203,5.406,-5.3844,-2.4564,-4.2967,5.9189,-5.8332,9.3009
-6.9403,8.7685,-3.9418,-1.5541,0.7046,-4.3246,0.3226,-6.5732,-3.4386,-3.3009,-6.4769,-2.0283,7.0133,-8.9687,-5.319,-1.4951,4.5587,-4.9263,7.0435,-1.8931,-3.9571,-2.3971,3.0188,-7.8189,-8.1401,-7.7632,7.0343,-8.5505,-5.7012,-1.3356,-1.9139,5.304,-8.9212,7.5286,-9.5643,-5.6065,6.9568,3.556,-0.6389,2.0242,0.2224,8.3622,2.2114,7.0772,-6.5705,0.9352,4.5223,9.6196,-9.7388,-0.8675,2.3796,-4.2471,-4.1173,5.8103,3.4417,0.3418,8.3808,7.0447,-4.9914,-1.6607,-0.1355,-6.5877,-9.1421,-7.9674,7.2968,-0.7563,-6.0744,-1.2845,-8.569,-1.8381,6.4979,9.5576,-7.8666,-8.8693,3.9451,-9.2297,6.2631,-6.6539,7.8541,-8.7389,4.4812,-4.3149,7.6175,1.4044,-4.3846,-5.0819,-3.678,9.6691,1.3875,-3.7451,-9.9584,9.9382,7.8908,2.8191,2.0285,-6.9227,-1.3398,-8.7695,-3.1816,-8.7964,5.4957,-4.0438,-7.2546,-0.7787,0.4508,-0.9159,-4.7327,3.7377,-4.2942,-0.4288,9.9911,7.9422,-4.4565,3.5682,3.6047,-9.2026,-4.7297,-9.894,4.6865,-2.5095,-5.4754,7.6255,2.9221,8.6584,9.1263,-6.8134,3.0336,-8.8753,0.612,-3.7835,7.6329,-6.5354,8.6726,-2.4023,-3.9769,-0.0223,-3.0359,-9.0142,-5.0296,8.7094,3.7827,-9.0644,5.5728,1.3971,-1.3028,-1.8321,-6.0854,9.3559,6.7276,-0.6856,6.3782,3.9819,-8.0884,-1.9607,-8.3359,8.0197,5.2394,6.533,2.0941,-8.4073,-0.9899,-9.8101,5.7997,-0.2354,0.8083,-0.9912,-5.8728,5.3498,-1.0858,2.4788,-9.7195,-7.7669,7.4237,-0.1256,-1.8028,1.7189,-1.845,0.001,1.6031,6.2239,5.2532,1.3796,5.2014,-1.2441,5.8199,2.5125,-4.8271,-5.4535,-3.7603,6.3505,8.1043,8.8993,-9.2456,8.4305,-3.8045,6.5032,-8.5078,7.4048,3.8592,-2.4574
5.6616,-1.8032,-1.7954,-9.933,8.7607,-4.6662,3.9736,-5.4332,-8.9966,-6.3945,-1.0494,4.7459,6.8747,8.2329,0.1407,-4.9555,-3.7406,-1.7564,-3.8214,-5.7827,-9.8283,2.0077,-0.3853,-1.6647,8.6624,6.5372,-3.9407,8.7828,8.3573,-8.4935,-2.8349,7.052,7.4163,-4.6208,1.4971,-5.161,0.0575,1.9978,-5.9427,-5.1368,-6.7146,-3.6922,-6.1772,4.1912,8.0327,4.2876,-4.9474,1.0624,-3.9286,5.9921,-0.6077,6.4625,-3.4247,3.6298,-3.4748,3.7136,1.8087,2.6687,2.2443,4.0349,7.6498,-2.9567,-4.6201,5.6538,-1.2338,8.9672,4.0402,9.4631,2.706,-1.6738,-6.2614,6.0014,-3.7497,-6.7627,-9.8868,2.0932,-7.2375,4.3161,-9.6675,4.2887,8.7472,-6.2667,-4.8237,5.0977,5.135,-5.8793,-9.9867,-5.9794,-9.303,3.6557,1.6955,9.0281,-7.6717,-0.4114,9.9783,-1.5896,4.9846,3.4256,0.0811,3.1904,-4.3768,7.1087,-1.7816,-0.1326,-6.7181,4.7022,-8.7793,2.3743,8.8978,5.5797,-8.5862,9.8331,-3.7562,4.8297,1.689,1.761,-8.5197,4.9677,6.3056,-1.7961,3.6333,-4.3339,2.6737,-1.426,8.9723,1.6598,3.1988,-0.8889,-5.7143,5.1492,3.8191,8.8046,-5.5981,-8.643,-6.4725,-0.5008,-1.126,4.064,0.1112,8.9071,1.7028,2.3898,5.2509,-0.7757,-3.3528,7.9478,-4.4683,-7.6308,-6.5052,8.123,2.8947,6.7368,4.7088,-2.2277,1.1515,6.4262,-9.9128,7.8938,1.5147,3.821,7.0209,-3.0283,-1.7909,3.1362,0.2992,6.863,-1.3096,-4.213,0.3376,9.3032,-6.1458,-4.4886,7.8722,9.2082,9.098,-9.3537,-1.466,0.2463,-1.3519,-4.5638,-7.4033,-9.2028,2.3003,-6.8797,-4.3491,7.847,-8.9885,-7.83,-1.1911,4.9912,-1.8652,-4.9279,9.1561,5.2887,6.9068,3.3184,-7.379,6.4603,5.8604,-3.121
-3.9359,6.8113,7.4917,2.7737,-7.2774,8.7496,4.1098,6.717,8.8897,-1.4872,4.463,-2.1668,-3.6377,-3.0518,5.1241,1.0535,-3.439,1.5727,-9.6039,7.7067,3.2668,1.1006,9.6538,8.2384,4.9128,3.0851,-7.865,0.9596,0.6549,2.0337,2.5175,2.6299,3.2322,1.7143,4.7433,9.5527,0.4732,0.9158,-9.6361,8.1252,9.0928,4.8178,7.629,0.3967,-2.6193,9.3629,-2.279,-0.9857,-5.6638,-3.4669,-5.1706,-7.5077,5.9075,8.9033,0.8563,-1.5124,-4.9428,-9.9775,-1.5737,6.5026,-7.0268,4.0754,5.039,9.1838,5.643,8.0254,8.3974,6.2109,-2.9017,-1.8397,7.3629,-4.5948,0.0534,-6.4766,-8.1506,-8.753,-3.0685,-7.4657,-3.0517,4.9714,-8.3075,-8.6482,-8.4608,5.182,-0.8072,-5.7661,1.291,-2.4805,7.2378,1.8765,6.2192,-7.618,-8.4031,-1.4355,-4.0441,3.3769,7.2148,8.171,-7.1826,-4.7062,2.1611,-6.1758,6.6383,-4.024,-2.7463,-6.1636,-8.2511,1.251,-8.6466,-5.1331,-4.224,-8.6319,8.9791,2.2354,-8.0848,-3.2419,-2.7328,-1.0825,9.8613,-9.4465,-1.8787,-4.1791,9.6573,5.0903,4.7823,3.9352,9.1801,-4.6642,3.0061,-8.8558,-2.2704,6.063,-6.2252,-1.408,-9.2949,3.1831,2.8868,0.7817,-4.2462,1.8269,2.203,3.9408,-0.8766,9.1262,7.9254,-5.9906,-4.9428,4.5005,4.81,-8.9896,4.2626,-7.1154,2.2935,0.1737,6.1093,3.638,-6.3251,6.7757,5.8181,-7.9729,2.2689,8.55,9.58,-0.9307,-0.181,-9.7922,3.6041,9.6282,-1.7225,1.0141,-8.5347,-7.0195,5.0143,-1.0148,-8.5031,7.2885,-8.5022,-2.6716,-0.0768,9.3337,0.6365,0.2738,-8.399,-5.7788,-1.919,-1.635,0.253,-0.2252,-1.9481,6.6715,1.3426,2.6157,-8.2959,-2.4189,-2.1268,-8.2224,-6.9875,-6.3645,-3.7315,-6.421
2.4251,6.5946,6.5981,9.2597,4.3701,4.6414,-0.2112,-4.7992,-5.3494,-5.2428,-0.8471,9.4746,-1.9905,3.6184,2.1143,8.6284,-3.2064,5.8805,2.2867,-4.9221,3.5105,6.4204,-2.7042,-9.8058,9.4503,-3.1751,-0.4816,8.0703,-6.8491,7.1485,1.8445,5.1527,-6.0827,-9.6547,9.3661,8.8217,-5.4592,9.6931,-2.2882,-6.4061,-5.5934,-1.9059,3.9896,-9.5446,-1.6559,-9.0641,2.0469,-3.7605,7.2167,-6.8404,0.9428,-6.1301,4.4216,8.8334,-9.7868,1.452,-2.4381,0.5526,-9.2043,0.1499,7.8228,8.1559,-5.0259,-0.443,-0.5718,0.0002,-3.353,0.9512,-4.4265,7.7491,-2.8328,-0.393,8.3672,9.5929,-6.034,7.7096,4.4741,-5.9004,0.2417,8.333,-3.3013,-3.7161,-2.6588,8.0294,7.4346,-4.0185,-5.5624,4.0083,6.8883,2.648,-6.906,-5.0789,-8.7161,-3.7196,5.5247,-5.1307,2.5701,0.4488,3.661,4.1254,6.9935,7.1207,3.9677,7.5949,-6.726,-5.4366,1.6676,7.7949,-6.4314,0.1552,6.4374,-3.7704,5.3502,3.6188,-2.0626,2.441,5.041,-7.4011,-7.1123,-8.2701,-5.3728,5.5899,-3.6619,9.9379,-6.3023,-8.6991,4.3735,-1.184,9.2504,-9.5909,8.9723,-5.6519,6.5759,-6.2242,-8.246,9.7095,-3.8619,-2.5317,-0.9354,-9.94,6.7791,2.6869,-7.332,-1.5366,1.9757,7.9074,-6.4975,-0.5601,9.2776,2.2679,-5.3139,1.5646,-4.0415,3.6474,-5.078,6.4968,6.064,-7.8123,8.5187,-0.6578,9.4813,-8.2088,-2.4064,2.0203,8.5177,3.4512,9.7608,5.4583,5.5684,2.424,-5.2776,-7.0836,-1.6931,9.9446,-9.1468,6.1188,-0.4697,4.3304,6.0767,8.4153,-7.0809,1.7508,8.1994,9.7739,9.7564,-5.7794,-0.4879,-2.4718,-3.2333,8.1935,-5.4359,-3.9398,8.03,-2.701,4.5861,2.1934,-9.3432,4.3061,-3.7171,-2.492
-0.2658,7.5827,-2.1394,9.2788,5.6644,-4.0512,8.7616,5.3084,3.1369,6.1447,1.8246,0.2757,6.3232,7.0201,7.4932,-8.5271,6.8233,0.9639,6.0389,-6.1241,-9.0157,7.2863,3.9409,-4.8998,9.8007,-9.338,-9.3045,-6.6798,-7.7471,6.6638,-5.833,8.6682,0.4909,4.9004,-2.8157,8.9119,0.5998,-4.9274,7.2988,-8.7206,-7.9641,-7.5045,3.6537,-3.9504,-7.3385,-4.7648,2.5792,7.7742,1.1989,7.5637,9.7459,-6.5894,5.2594,7.3708,-3.2688,-2.6883,2.5487,1.4257,3.0287,-3.222,-8.521,-0.0651,0.7054,5.1745,3.1995,6.2064,-1.5162,-3.2698,4.1813,-7.1723,-4.0688,3.0814,8.7271,7.4456,2.6777,5.9953,5.2022,1.5564,-9.5035,-3.3977,-4.1639,-0.0966,5.1011,2.2474,2.3456,-0.8154,8.5117,-9.8059,4.4428,5.9335,5.6669,4.1316,-0.2141,3.6283,-3.5849,-0.5452,-8.5304,-1.722,-2.5816,-7.9953,1.4071,-5.2574,-1.0165,3.0404,4.6443,-8.7419,-5.5529,-2.6047,-3.7056,3.0689,4.1576,-4.8949,-0.7256,-4.1673,-5.8995,8.167,-6.975,-8.3086,-3.5979,-8.5961,3.0456,0.6395,-0.039,-6.8369,2.092,4.0391,5.308,8.2978,6.7888,9.2896,8.3808,5.3723,-4.6197,-2.9482,1.7374,0.5345,5.3048,-1.6232,2.9346,-1.6095,-0.8998,-6.6197,-2.3153,-8.2244,0.0725,7.5895,2.8317,-1.5891,-8.2606,4.6122,0.3125,-3.3304,-9.4105,3.5311,-6.8804,-7.3152,-7.7824,4.3925,1.994,6.4606,6.352,8.3218,5.374,1.3889,-6.3392,-4.7948,9.0984,8.2704,-4.6113,2.9912,0.178,7.0657,9.9272,9.4573,-9.383,5.5532,-9.7728,3.9893,-3.3285,4.5837,-6.6908,1.0068,-1.6386,7.6866,-3.8159,-2.7975,2.5901,8.6119,8.0685,-7.5499,-9.705,1.9768,1.1087,-9.4045,-5.7141,-6.2157,-1.1478,6.317,-7.2077,1.1835
7.424,-1.5736,2.6898,-9.1767,-5.6095,7.6829,4.4047,-4.8858,4.0522,-0.2736,-7.5307,-9.7347,8.7331,-3.554,0.183,-5.229,0.4154,7.3643,0.9385,6.3174,-0.8215,3.8718,7.6775,3.8634,-9.6026,9.8139,0.1088,-0.8921,-4.3871,8.2796,-1.4007,4.3818,-9.751,-3.1118,-4.2189,8.2933,-1.3943,-8.7327,-7.2721,-6.7821,-9.548,-7.0223,-0.5283,1.4372,6.2354,0.5496,6.5359,8.7329,-4.8727,-8.364,7.1261,-0.8769,5.4715,-6.6509,-8.3631,-0.2146,-6.6229,-8.0711,2.163,6.1505,-1.8662,2.8635,4.5994,-8.2438,4.354,-8.8125,-9.8611,3.6957,-3.5271,3.1433,-3.4853,-5.3167,6.7205,-7.0438,-4.8235,6.6836,6.6249,9.5506,-1.2098,4.9219,-9.3937,8.0358,-5.9048,-0.1302,-2.125,0.5389,6.0858,-6.8077,-2.8257,-6.9887,-4.8361,-8.7837,-0.7664,4.9081,-4.6169,-9.4116,-6.1804,-3.9811,2.2287,-6.7773,0.9929,-0.275,-1.8116,1.8978,-6.6612,3.6645,9.8393,3.0542,6.4206,0.9047,-9.1259,5.3807,5.3489,-6.0613,9.8461,-7.0166,9.2253,-5.9481,3.2626,6.5888,-1.0567,3.3069,0.5032,-2.8528,-2.5542,-3.8986,-5.5846,9.3502,-8.7671,8.9532,-3.2883,9.9765,9.488,-1.1352,-0.2434,8.4374,-1.2624,0.4262,8.6531,-5.3602,8.0864,-2.7289,-9.7869,9.7926,-0.4429,-8.5048,5.3596,-0.4922,-2.8614,-7.9622,2.6866,-0.5592,6.365,-0.7885,5.8839,2.8515,-8.8075,2.2681,-5.4582,-7.0496,-0.7054,6.6014,1.8326,1.1119,-0.3026,-7.4362,4.6061,1.7039,-5.9562,-1.6849,2.8165,-9.2079,-6.7502,5.632,5.7962,-6.2475,5.6856,-8.1463,-3.1179,1.2149,-2.1456,2.3197,-9.6607,-8.5495,-7.4906,-9.7624,4.83,0.6037,3.4966,-9.4856,-7.9781,-5.8516,-1.0797,9.8262,-8.393,-8.6178,7.065,-9.4712,0.8103,4.5074
9.1205,-7.1021,-3.9948,2.488,-6.2992,8.7101,-4.0275,-5.3087,-7.0012,-1.513,5.3318,0.2949,5.878,0.4811,1.2147,9.5392,-7.0132,6.9173,-2.84,0.6465,0.274,-1.4722,6.506,-9.2129,8.052,-1.8318,0.8496,-6.5175,-4.8679,-9.629,-3.7672,3.0822,-2.5592,-7.9715,-9.6643,7.3206,2.005,6.3994,-0.0093,1.124,-8.9674,4.7387,6.9799,-6.1587,-7.121,1.9963,4.0391,-1.0706,-8.0104,8.8146,4.2404,-4.8337,6.8842,2.0108,2.426,9.222,3.6198,9.0797,7.9352,-6.8134,-0.5773,3.0246,-7.6019,0.2095,-9.8047,-4.1889,0.6921,-2.9249,6.3937,-8.9192,7.4178,3.5346,6.5032,-2.0182,5.7778,3.5064,5.5771,-8.1424,-2.5301,-5.5253,4.8221,9.3325,9.6504,-0.3491,-8.2737,-5.2254,4.0299,5.9582,-5.7119,-6.8677,8.1204,-4.0996,-6.9264,6.9905,-3.9193,-0.1201,5.2244,9.1175,-8.8724,-5.0342,-5.9662,-1.0801,-7.3551,7.0581,-5.1888,4.753,-9.567,0.7276,4.4852,-7.9366,-3.6865,-7.2822,1.1546,2.4472,1.4517,-0.8078,7.6118,-7.7914,-7.6647,-5.1493,-5.8782,0.146,-4.5648,-8.7374,-5.1337,-3.1412,8.6159,-2.711,-2.0933,2.3831,3.8478,4.1889,5.4683,-7.9132,-8.1232,-2.5128,-0.7158,-0.6394,-0.0468,5.524,-3.9932,8.4619,6.2728,1.4267,1.0181,-1.9174,5.2684,1.6537,-4.4886,9.5659,3.5751,-2.1537,7.2358,-6.9202,-6.877,-6.3667,9.5099,-0.1096,5.9768,-0.4235,8.1776,-1.3383,2.0657,-7.7876,-8.6103,-6.131,-3.4837,8.1498,6.1042,1.4272,8.2371,5.0375,2.6582,-3.8524,-6.7886,-4.4704,-5.3509,-9.5414,-6.6541,6.245,7.9794,1.145,-5.0312,-2.6465,0.0156,-0.8284,0.9448,-7.4195,-7.6108,-5.5294,-6.6533,-6.996,-1.5701,-4.1664,0.2036,7.8862,7.7848,0.3733,-4.8096,3.3537
4.7697,9.9899,-5.435,8.5118,-0.7231,4.9657,-4.938,-1.3734,-1.8434,-1.8466,6.7919,-8.8629,6.1557,-3.006,5.9775,5.3636,8.4692,3.9006,-2.308,5.0719,-4.9178,6.0865,-4.7516,8.5805,1.1724,7.8314,9.5121,5.5641,-7.3187,2.897,-2.4973,-8.8829,-3.7898,-9.0768,6.3851,6.7222,5.2719,9.3148,3.7496,-3.2381,6.3867,-8.567,-5.6355,-0.0053,-9.6099,3.9749,2.4821,9.8748,-7.2973,6.8401,-0.9477,-6.0576,1.7953,0.1845,2.0641,2.4163,-6.741,-7.6753,1.2173,-9.7805,-3.5926,-6.1904,8.7003,5.279,-0.8363,9.6635,-0.2731,8.9644,7.0263,3.7689,9.7397,9.0025,4.3399,4.2224,8.7664,-7.1926,7.1921,-1.4676,6.8101,9.3618,-1.6331,-9.1141,8.6185,-0.3333,7.9232,-6.4412,-0.7842,-8.7782,-3.0757,-0.9309,7.1273,-9.388,3.6495,7.8049,-3.9767,-5.0815,-6.0604,9.965,-5.0524,1.9764,-6.3694,-3.4566,-2.91,3.4436,7.665,-9.3376,5.1029,3.8683,-9.8112,-3.0862,-0.3613,-6.622,-5.7308,-2.4646,3.7816,3.2265,1.9245,-2.3731,4.1918,-3.3893,-0.5076,1.4696,1.3895,6.3377,-5.5873,5.5497,4.5988,-6.5783,-5.1792,1.6897,-2.54,0.0914,2.7045,-6.5988,-1.3029,6.1707,8.1571,-8.1191,6.3762,7.6374,-5.2572,-8.1677,3.0028,-2.9752,2.5856,-1.0249,-6.6371,3.2693,4.7354,-5.0733,0.4766,9.9062,-6.9378,6.3585,-2.8008,-3.5785,6.5227,-0.0921,-2.1794,3.0922,7.6067,-2.8325,-4.8745,1.9888,-2.0972,-0.8449,2.5668,7.5448,6.4126,4.0988,3.9435,5.4479,-1.3206,-9.9858,-9.0741,-5.5014,0.7329,4.9496,1.3446,-3.3549,-7.0223,-1.7745,5.1068,-3.4138,8.4798,-8.7015,-5.2932,6.4468,7.4022,2.277,3.7413,4.9862,-8.7212,3.3948,-3.3197,-7.1352,-5.1245,-5.0287,-8.4876,-9.4331
3.1284,-9.4291,2.9639,-4.8237,-5.7821,-6.6662,-2.8059,7.3201,6.6594,-1.5787,7.1024,2.6976,-9.2879,0.13,-2.8138,8.781,1.6616,6.8062,-9.0073,-9.6153,-2.8395,-4.394,1.3747,8.0482,6.4037,1.6243,-1.6778,-6.5241,-1.6381,0.2666,4.3686,-7.0888,0.7961,6.5476,2.9463,-4.8696,7.4297,-1.9398,-7.6697,9.7569,-7.5472,2.051,-7.4976,1.0989,-3.6042,1.1213,5.8143,-0.6925,5.2465,-3.7806,-6.6867,5.7435,-9.1215,0.2649,4.1216,-9.8927,1.2156,-3.0785,8.2495,-4.4087,-6.1786,-5.1416,-7.365,5.7367,-6.3878,-5.1235,4.4122,-3.0567,5.3584,0.3871,-2.0969,-8.6276,9.6851,0.0455,-0.5098,-1.7267,-5.7153,-7.493,-5.139,5.8938,7.5094,-5.8039,1.5497,-4.6234,6.4955,-8.1584,6.3508,7.1684,-7.9227,7.8751,5.6898,6.0515,6.0874,-1.6206,7.2335,7.8183,-6.4977,-8.5471,9.2355,-9.0565,7.8514,8.345,5.649,-5.2982,-9.6813,-9.2355,4.9376,-7.646,5.1506,-3.5529,1.6674,6.139,-1.3187,7.6159,6.3464,3.1186,-2.0376,-8.1179,-6.8604,7.4556,4.4399,-8.2009,-4.2771,-1.6245,5.1488,3.4517,-5.7352,0.5715,-7.0916,9.7046,7.0232,1.5696,6.0698,-1.0001,8.554,0.8764,-9.7961,3.7515,-2.8779,-8.5849,7.5698,0.3612,0.8545,4.1254,2.3702,-5.8741,-7.3353,-3.2056,-1.5184,-9.0321,-2.4316,-6.2527,1.6086,1.2266,3.6787,-4.4641,0.7735,-3.7032,-9.2438,-8.5217,4.7397,2.2497,-2.7344,-4.618,-1.9617,1.3727,-6.1759,0.213,3.6157,3.2411,-8.4828,1.6065,7.5784,-6.554,-0.8401,5.2052,-3.8776,4.9629,-2.4582,-9.6696,1.0145,-6.7136,-4.2017,-1.3999,7.9832,3.7208,4.4774,-6.0427,-9.2868,-5.6802,6.5825,-2.8668,9.2464,2.1344,-1.1824,-3.5731,-0.4565,-1.9465,9.3694,-6.6059
1.411,-9.9309,6.6722,3.9559,7.5628,-1.7468,-5.895,8.444,-7.2956,-2.3632,-3.1161,0.5962,7.5876,3.6982,4.1286,-0.5327,5.5972,1.6878,-3.8872,8.4804,-8.0011,-0.4608,4.3249,-2.9231,-1.6842,-0.5534,1.7595,1.36,-3.4578,-9.3739,0.7849,8.8905,-2.6002,5.9172,-9.5987,-8.0917,9.8472,6.0072,3.0449,8.2754,-2.7379,-2.9202,-2.7074,-6.2707,1.8665,-2.1854,5.3267,2.4409,6.2133,-4.2635,5.3216,7.9866,5.6992,3.0948,2.564,6.455,3.0019,-8.7911,0.3061,8.6708,-4.2626,-1.7197,2.4011,-4.22,-2.3094,-0.642,6.5664,5.9253,-3.8822,-3.4582,-8.103,-2.644,5.2331,8.8577,-0.0439,-2.0669,-4.783,0.6143,-4.9986,-0.351,-7.7412,1.58,-7.4178,8.2975,2.7206,-0.1868,-9.3547,-3.9987,9.7946,0.1146,2.7309,-3.5427,8.5371,-8.6803,-3.6652,-3.6463,1.3673,-5.962,7.69,5.5801,6.4926,6.0421,-4.9192,5.4138,0.434,0.7748,1.8337,7.0834,-8.2491,-6.8308,-0.1139,-9.3325,2.1089,-9.7576,1.5969,-4.3887,-2.8658,4.1148,-6.8849,2.9882,-5.2079,-5.7904,-1.836,4.3244,6.7228,-0.6067,-7.7564,6.1323,5.9482,-4.139,7.7105,2.1246,6.5517,-2.6591,-0.4706,4.7327,-4.9673,1.9545,-7.278,-8.3806,-1.946,-9.9733,-8.1753,-4.867,-3.3948,-4.7296,-6.3569,-7.9256,-2.1168,-0.1488,-6.556,9.0206,8.1779,-5.4104,0.1011,5.1832,-8.4152,-2.6724,5.4584,5.7566,0.8561,1.2884,-0.7973,-7.4942,-4.5448,1.7469,5.0092,4.9402,-7.4111,-1.5215,2.2158,-7.4598,5.8721,-1.7879,0.1688,4.6537,9.5092,6.2651,3.7766,6.1615,4.5644,9.8406,-1.2733,-7.9722,1.1019,9.5643,-4.7618,-4.9047,-3.414,-4.6424,5.7727,-2.8949,-3.0833,8.0963,7.9563,4.0848,9.6747,7.9472,3.4181,6.687
9.9473,-7.8545,2.5808,-1.9844,7.7048,-2.509,9.6516,7.8436,7.9355,1.9215,-4.4184,-5.9664,-4.7839,4.2035,-2.1435,-8.8,6.0696,-2.6306,-0.3126,-0.5503,7.9808,-0.2728,-4.9069,6.2903,9.0275,6.6597,9.3436,7.9079,5.6353,8.1438,3.5862,9.6994,6.0599,-0.7323,-7.6096,-5.1544,9.5016,5.1011,-6.7695,-6.1086,4.9026,4.2234,-4.285,-4.4484,-1.5323,-5.7318,0.7005,-3.3281,4.4342,0.1299,8.4074,6.6974,9.7427,7.1628,7.029,-1.196,-4.0126,-2.4717,2.3818,1.8084,-0.665,-3.094,2.092,-7.239,9.3055,5.847,4.5078,-5.4203,9.1497,-9.8691,-5.4157,6.1938,7.7758,7.6733,-0.2033,-7.0331,0.5042,-4.1473,5.6259,7.9486,-1.776,0.7841,-8.2358,1.2088,-8.135,3.6464,-3.0769,9.3059,8.2845,-4.0611,-6.9545,-9.5428,6.3634,5.6238,-1.3962,-5.1692,8.8783,7.2323,4.5975,1.7651,-8.2244,-3.9562,-4.6688,6.145,-3.9809,2.9654,1.6334,3.2893,-5.6155,3.1212,-5.4834,-8.3226,6.108,8.7572,8.4256,1.9258,3.087,7.3486,-3.9429,6.9686,-2.976,-7.8948,3.5379,-8.2371,-8.1406,0.9946,-6.5981,-4.0745,-8.8695,8.3274,-3.4775,0.4892,-7.5445,1.0435,-9.4909,-9.0876,-1.1928,-4.9575,6.9304,-5.0492,9.8893,3.1504,8.5072,-2.956,-6.8113,5.8836,-0.7349,-7.7618,-1.8918,6.3558,-4.988,-7.8082,-8.5995,4.2227,2.4705,9.3827,9.4316,2.0599,4.3392,5.2965,1.5534,7.6509,-4.4286,1.2319,4.177,5.1119,-7.2475,-2.7937,6.2174,9.5491,-7.6663,-2.9877,6.6257,5.0361,-5.4998,4.7464,8.9007,4.6947,-3.194,-3.0146,3.0031,-0.6386,-4.4813,-6.165,-7.2486,0.3112,-2.0846,6.4521,-3.4078,3.2142,9.2719,0.4094,3.7392,0.2563,0.9858,2.6036,0.9873,-6.6732,7.5544,0.9879
-4.3647,-7.9629,1.9309,-5.724,-9.7813,8.7942,-2.5224,1.5724,-3.3881,-9.3762,-7.7654,1.6719,7.6448,-5.4844,-3.2672,-5.4111,-5.702,-5.9287,-0.4761,-1.159,-4.0007,-4.2442,4.4888,-9.128,-7.8093,-6.3611,1.1648,1.1462,9.3355,3.251,-0.0358,-2.0731,1.7014,9.9027,-9.1979,-3.8731,4.5186,7.6543,-4.7275,-7.8654,-2.5508,9.3413,-7.8172,-9.4797,-3.7364,7.1966,-6.8604,9.2995,2.2071,-8.6095,2.8784,2.0127,7.8858,-0.7875,-7.1268,3.2951,5.8855,8.7384,7.9861,8.1093,-0.4454,-1.2633,9.9073,9.4428,3.068,-6.4515,7.3407,0.5053,-3.6975,-2.3451,-1.5874,-2.3274,3.9494,9.0498,-9.8713,3.3432,-7.8143,-6.7369,-9.8771,-3.5245,-8.0819,6.1175,6.8753,-4.2021,-6.2545,4.6216,7.3231,4.5991,-7.6094,9.715,2.8967,6.7946,-0.1201,-2.9784,9.2422,-5.9567,9.1151,7.5142,7.8652,-2.7884,5.1272,-9.1355,6.314,-2.1553,8.5694,-3.6665,-6.6396,5.2008,2.8413,-4.9755,-9.6933,-0.3023,-5.3335,7.33,-3.1138,3.5087,4.0168,-2.9747,5.6165,-9.4094,-8.7013,7.0288,-5.2384,-1.3765,5.8331,-4.6179,5.617,-6.4923,5.9448,-0.3922,4.6983,8.5374,7.0615,0.6695,-2.9729,-3.6137,5.001,-3.307,-2.7653,4.1451,-6.8772,-2.7515,-8.3231,0.3763,3.0656,1.6748,-9.2372,0.0344,2.8504,-9.0264,4.3345,-4.7288,-4.9256,-3.6179,-9.9194,2.42,-0.7236,3.4825,5.1481,-5.7462,2.7525,0.5899,8.2745,-0.1894,-3.5907,-5.0615,-4.9443,-3.7728,8.3016,-5.7802,-3.3304,-8.816,4.0413,0.634,7.8822,-5.6635,-0.4387,-6.765,0.1649,0.0131,6.5547,1.2386,-9.7042,-8.3997,2.2161,-0.0015,-2.8257,6.7926,-9.8432,3.8598,-6.6279,8.3872,2.1583,5.4552,-3.1097,9.7769,-3.125,8.4118,2.6355,-6.8821
-0.4528,-2.2009,1.4437,5.218,2.7987,8.3427,1.4071,-4.9112,1.207,6.2449,5.2657,-1.1857,-7.5533,9.8938,-4.6511,6.887,4.6914,-3.9428,-2.8206,-5.2214,1.493,6.738,-4.9103,2.3968,0.4406,0.6467,3.8881,0.9462,9.8438,-2.3055,-2.2433,-2.8579,3.1068,-4.7152,4.4126,-2.1922,2.4874,-2.929,-6.9277,-9.9418,0.3571,-1.2077,-2.3173,-0.1122,7.8757,-9.608,-3.6792,6.971,-4.2782,8.7452,-0.7536,3.4783,2.4698,-2.9773,-8.2181,-2.9383,-7.0496,-3.0063,0.175,0.4775,-8.9648,0.2654,4.6158,0.1409,-2.4158,-2.2969,-6.9167,3.5704,-9.8883,-1.7689,-2.4075,-9.9494,-4.5285,-9.582,3.0534,-7.4461,7.596,-6.3299,-7.0635,8.6518,-9.3392,-7.5403,9.0949,9.5305,-0.7251,-3.7769,8.5721,5.73,9.7304,0.0604,-0.606,-7.2334,9.3311,-6.1417,-4.5258,-0.177,-5.5671,-7.5616,-3.1191,-9.0567,8.4863,-7.729,7.2711,9.606,0.6013,3.7274,-9.0507,7.9927,6.2608,3.4278,7.8438,1.7052,-0.7913,3.017,2.1741,-7.4632,-9.462,-8.139,-4.1681,4.6731,4.9854,-2.2468,2.9028,4.4042,2.2362,-0.2275,7.4544,1.8115,2.4016,-6.3169,-2.3505,-2.0073,0.2582,3.2569,3.138,-2.9175,3.2838,-7.105,9.7487,-6.3381,-1.4014,8.7462,1.9987,-4.6227,-9.3493,2.6556,6.5722,1.2598,-1.637,-0.5294,6.1262,3.4812,-6.6441,3.2157,-1.5874,0.5402,-8.4138,8.5628,-7.5535,-3.5656,-7.0269,-2.0715,-4.238,-2.5183,9.764,-6.7095,8.1886,0.9206,5.8621,-7.1567,-6.2978,4.0469,0.8186,7.8451,-5.8268,6.0346,-6.3464,2.5291,9.3717,-2.4529,-8.044,-6.8175,-8.0876,9.6923,1.4268,0.2336,-2.8643,-6.462,8.2472,4.5908,-0.3009,1.967,9.5433,0.3991,-4.1176,0.665,-6.4732,0.6581,-1.5381,7.8725
-8.0277,3.2327,0.148,-5.7316,6.894,0.7569,-6.2369,-8.7737,1.4117,9.8493,-1.3633,2.8368,-5.9665,-7.2752,6.8133,-6.0894,2.2793,-5.1368,-0.046,-8.9401,7.0409,-8.6245,-9.06,-6.9608,-0.2025,0.4993,9.7312,9.7213,-2.4523,7.9147,-4.3955,9.2409,8.8243,1.1289,1.0575,6.8086,5.4224,4.3724,4.0615,-9.2682,3.9412,-0.8,1.3229,-0.8564,3.1822,0.7362,-6.9939,9.7321,0.4955,8.1202,-0.0427,6.6722,7.0865,5.8912,-5.4863,-9.9256,2.1769,-8.3981,-1.1492,-3.8767,5.7323,3.9035,5.9556,5.5267,7.4901,-7.1235,7.8601,-1.5958,-2.5562,8.4681,0.0113,-7.6619,4.6355,2.7403,-1.535,-8.4872,-5.586,-8.2824,-8.359,-8.3984,3.6094,0.6798,4.0232,0.0537,8.7568,-9.1967,-7.4121,-8.2101,-7.2131,-7.6459,4.0586,1.1313,0.0743,-0.0237,2.7482,-3.6838,-2.0929,8.6631,1.3136,-8.7506,-0.044,-1.2552,-4.7449,-1.9915,2.439,3.7123,-2.9201,-4.8996,-3.2176,-9.4125,-2.2407,4.2091,-4.6209,-0.5332,5.1474,9.8569,-3.1623,0.8501,-7.5955,8.8211,-4.888,-0.3525,-2.9788,-8.8296,4.2126,0.8962,-4.3676,9.6218,5.6761,4.4812,3.6725,3.2377,3.5393,4.8136,6.7026,-4.0086,3.3181,-3.6727,-8.1209,-7.3009,-1.9277,-6.4856,4.3332,-9.2786,-2.1045,7.4764,-2.5536,-1.8839,-2.9667,-7.0537,-9.58,1.1911,-9.7762,0.8826,-2.4957,-0.4206,-2.6754,5.2475,-1.1494,-4.6107,0.1188,0.938,9.2905,-0.1611,-2.2482,-5.0098,5.9527,-2.0001,-6.943,-2.4052,4.4381,7.4158,-5.1949,1.3533,2.722,-1.0571,9.9162,-8.7943,-2.2451,5.6262,6.6689,-5.7613,-0.71,3.1066,-7.0054,4.6458,-5.9798,-7.2497,4.2565,-2.3223,0.2826,-9.9497,-8.2842,3.3475,-0.5925,0.8712,7.2156,-1.0725,7.6049,9.1787
-2.8982,4.7546,5.9072,1.4277,-3.5695,-7.9394,-7.7842,7.7972,8.3961,-7.8299,-2.5361,4.7062,-4.0532,2.2594,-3.4084,-9.4728,6.2658,-8.5556,-4.4398,-7.7713,4.5974,2.651,5.4857,6.7856,-4.0029,-3.1334,8.7334,7.4084,-2.0658,2.154,-4.1348,9.5797,-7.7778,4.1318,-9.4982,0.9634,2.0901,4.5163,-7.5165,-0.8807,-1.0746,-7.2166,2.26,-0.1636,8.5442,5.471,8.2888,-3.8131,9.9797,3.2624,-3.3674,-9.9776,-5.604,8.6773,-8.2977,6.6301,-3.4185,-6.6268,4.6928,-2.7742,-3.1676,8.0467,5.199,7.6792,-9.5105,-2.4723,-5.923,-4.3251,3.8612,4.3752,-2.7727,4.0732,6.2411,-8.2376,-0.3075,3.2094,7.2251,8.0544,8.5296,-2.979,-4.2095,-7.7761,-8.7798,-8.0529,2.5569,-4.994,-8.203,-6.157,1.0448,-3.9498,9.3158,-2.7368,-0.8953,4.4884,-5.4552,7.1926,-7.7271,0.3921,7.3038,0.14,-7.3096,-2.2353,9.7185,5.4734,-0.8544,0.6194,9.986,9.7893,2.1727,0.447,4.8921,0.9513,-7.8366,0.5437,-2.7052,7.5052,2.9763,1.6023,-3.3623,8.0861,-2.336,-3.6428,-0.7131,-2.4169,3.4298,4.4872,5.7469,-2.4299,-1.8162,0.9089,-0.5019,-8.9418,3.2053,3.25,3.1566,6.0225,-0.3146,-1.5388,-2.9755,-0.5416,4.2246,-1.9121,-0.7443,-7.7656,9.5141,0.8485,9.2927,-9.2702,8.4538,-8.0986,-9.738,-4.8217,-1.4412,7.4553,-0.8968,-9.799,3.3384,5.842,7.3399,4.2267,2.0866,-0.7003,-6.8513,-4.2539,-2.1698,-1.8862,2.3497,0.5898,3.2683,-3.0834,4.3202,-6.4102,6.9288,-0.9608,-4.2487,-5.9688,4.8948,4.18,2.018,-3.1903,-3.0475,-5.0998,-0.4854,-9.8427,-1.9118,9.0814,-4.8692,4.557,0.7994,-7.2049,9.2906,-9.3825,-5.4778,-6.9203,5.2271,7.0713,9.1392,-2.8661,0.4212,-8.503
4.1522,-3.5751,-0.0837,-9.7094,4.9436,-2.1679,5.2689,6.1151,5.1268,-6.7491,-2.9725,-1.9869,-7.8388,9.9189,-9.26,9.2054,8.4066,7.2992,-0.4956,2.7822,-6.6495,2.953,5.5595,-8.1459,0.9206,4.1402,-7.7304,6.8277,5.0764,0.8352,-2.5392,0.9756,2.3848,-2.0676,-5.3416,2.9692,5.1956,9.7111,3.9845,0.1515,-6.5713,7.0647,2.2223,0.4856,0.8702,-4.9888,2.8285,-2.8158,5.1873,-9.6747,7.4225,-9.7827,-0.9502,2.4682,5.6433,-6.2876,-9.9957,8.4387,2.6546,-4.6667,-4.8038,-1.4225,9.1899,-2.8109,-6.86,9.8389,0.499,-4.1931,9.4102,6.0164,-4.5339,-9.7816,7.5953,-6.7358,9.7894,6.7413,3.215,-3.9198,6.1304,-8.4946,-3.4073,9.6962,5.2399,8.943,-5.6292,-1.5122,7.6683,-3.6378,-9.9573,-5.4087,-2.4251,6.2812,-9.4621,-5.6256,9.6208,-9.8002,0.4451,3.6992,5.8704,8.9685,9.6222,1.3465,-5.9289,6.9628,-3.1782,5.8061,3.4965,-9.897,0.8677,6.3062,-9.425,8.2971,3.1285,-6.5975,3.1923,-0.8135,-6.6482,0.5427,0.6551,-1.3467,-7.9827,-6.5876,-3.2118,-3.9407,0.9552,-8.4961,3.4302,6.9776,-6.6966,-8.9624,-6.0173,3.3624,-5.8205,-7.2408,2.6049,0.1465,-3.823,5.7984,-1.1871,-2.0206,6.0572,4.2517,9.3845,3.9166,7.6561,9.7049,-3.7245,-2.9084,9.3299,-4.8253,-0.3766,2.3255,-4.5986,1.1196,0.1755,8.0041,-8.6109,-2.6841,-0.4093,7.7076,8.5678,-9.4312,-6.0667,-9.8485,5.0018,4.5532,5.404,8.816,1.7648,-7.5153,7.3133,-4.4431,9.2267,0.387,-7.6417,-0.4874,6.0354,-7.7349,-2.3138,-0.2705,-4.7453,0.374,2.1883,-7.7395,9.2208,-4.5801,5.8928,-2.6165,-2.6936,-6.3105,-7.3446,-7.4326,2.4285,-8.7756,7.5445,1.0138,-7.3527,3.5957,0.0207,4.2073
2.6895,6.7365,1.8086,3.024,3.091,-4.3569,-1.9243,-1.4551,-7.7735,3.003,5.1224,-6.0659,-7.0394,4.8876,6.7038,5.5922,-4.9095,-6.486,-8.2902,-6.7004,3.0701,-6.4521,7.4268,-2.4629,9.0523,-1.0515,6.4315,7.3208,-1.5877,-7.9617,-6.2119,9.0593,9.6204,0.8677,-2.0183,1.2292,3.5385,2.3142,-3.0108,-4.5647,1.0977,-8.3124,-6.6176,3.6225,-1.5876,7.9972,1.94,8.2317,8.8996,8.9835,8.5999,9.6088,-4.1063,-1.7836,0.5759,9.5667,-3.5929,-0.5665,8.9081,-5.1745,-4.1766,3.2714,6.8371,2.9446,5.091,-0.6005,7.1476,2.5141,-1.7346,3.8464,7.2726,-6.2968,-1.9872,-7.6474,-3.8795,5.275,-4.0283,-3.0207,-9.0853,-4.4872,-0.9724,-4.4664,-1.1352,-8.3743,-7.35,1.4913,-1.6239,7.0892,1.3684,-5.4563,3.3163,-0.4536,-2.7307,-5.3048,8.0867,7.8183,-7.5721,3.4645,-3.8035,5.7906,9.0418,5.0467,-6.3583,0.531,2.0972,-4.3358,-9.3597,8.6743,0.4048,0.6713,5.5957,-8.0572,-4.8092,-8.0659,-6.9889,-5.2082,6.4455,7.0467,-9.9783,-0.7566,-8.3075,-3.9739,-7.3397,-9.0433,-2.5151,4.2459,-6.0355,-3.9622,8.5437,7.4365,8.8219,-3.9625,-8.9465,4.5018,3.8021,-7.3923,3.6704,-4.5802,7.2012,-7.8201,4.79,3.6478,9.8592,-4.7493,-5.5802,4.3849,-1.6303,-7.8566,-6.7576,8.9979,5.9079,-5.288,-1.0766,3.2281,1.3162,9.5952,2.8257,9.3744,1.879,5.2249,-2.0843,3.9253,1.9044,3.4181,4.5043,-1.8536,-5.4808,-3.6676,-0.6596,-2.1971,6.9144,5.7917,-8.3907,2.3482,3.3442,-2.1082,-3.974,-7.3194,1.5655,-5.8298,2.9724,4.3476,-4.8779,1.7782,1.8145,-9.9196,9.7678,8.4828,-3.5677,0.4771,5.0909,5.9716,-6.8818,-0.4492,1.6111,-1.1089,-2.4716,0.6767,-1.4408,7.254
7.7713,-9.3183,-9.1478,4.1065,-9.6215,-6.7956,0.1304,-1.8851,-0.9696,-0.7775,2.5995,-7.1705,6.9733,-6.5215,-3.5082,-3.755,-0.6577,-8.7921,-2.7627,-2.6894,-5.0689,-5.6005,-1.5621,6.3298,5.589,3.5208,-9.2645,5.5121,-4.1374,1.4861,-6.2812,7.3328,-0.0629,-1.8319,-5.2008,7.6316,6.8777,3.5498,6.9758,-8.8914,5.9669,7.8035,1.2056,-8.1857,-3.7034,9.2213,9.3506,-1.9418,1.7926,-8.3933,-4.0974,-3.8031,-4.0948,6.9064,-6.1134,-1.6675,-3.3229,1.589,8.9319,6.0986,7.5352,-6.082,5.9976,-5.5315,-5.6119,-0.5906,4.4922,4.432,-2.6534,-4.6765,6.6918,6.6528,-3.6583,-6.1305,8.4913,-6.889,2.7584,-6.3892,2.1534,-8.6976,6.891,-1.3496,-0.4982,8.3783,5.9674,-2.6687,-3.8592,-3.6161,2.0432,-4.3875,9.3796,-4.0678,-9.8157,7.1656,5.5913,0.9712,0.7329,6.7176,9.0371,-3.5946,-7.7634,-7.7626,6.2599,8.1719,7.2029,5.0424,6.6481,-6.861,6.5983,0.3577,-0.8617,9.5575,7.2366,-9.4927,-3.2984,5.7455,8.2881,5.8033,2.1439,9.0309,9.7362,8.9164,6.4225,1.1914,5.8716,-7.3149,2.2618,-6.1283,-4.2824,-9.1066,2.1115,-9.2222,1.1628,7.3182,-6.3732,-6.7491,4.3916,-2.4912,-2.6722,9.5764,-0.3688,8.986,-8.5673,6.8442,2.8445,-3.7158,-9.9407,1.295,0.392,5.7297,5.7466,8.6405,-6.3544,-5.3134,-4.3132,-6.9253,9.527,4.2575,5.6661,-6.3075,6.4344,9.9596,9.1985,8.1145,5.3169,-9.0182,-5.2408,6.3327,1.9883,-0.9877,-6.3962,0.628,-9.7395,-1.0102,-8.0425,3.5705,1.1987,2.0646,8.0796,-8.7086,5.7294,0.3497,9.1268,6.4384,-7.7472,3.7834,-4.1528,-6.5669,-6.9327,8.7247,6.6869,-0.6986,8.932,-6.7175,-3.4477,-9.1439,2.1014,-5.4751,-9.3928,-3.1339
8.0374,-8.1775,8.7061,6.0961,3.5881,-2.0926,7.6113,3.1247,1.975,9.8566,-9.8555,-9.4149,4.6814,0.5381,8.8693,9.3297,-1.7616,-7.156,-7.6046,-6.4054,-7.201,3.1837,-3.7793,-2.5203,-4.5423,-4.9477,-6.8378,8.2292,1.4991,-0.889,-4.2251,2.9292,-6.3509,-5.4408,4.2303,-1.2451,-4.8633,5.3632,5.8752,0.3935,-4.0871,0.1987,6.4958,-7.7464,6.8237,3.4971,5.2564,1.219,8.4483,5.1064,4.1938,-9.2394,5.5678,8.6742,9.4105,-9.4673,-7.8872,-7.3055,-2.8026,-8.9284,-7.3335,-1.5747,0.1587,4.9493,-5.1837,-9.4669,4.4017,-7.3971,-7.1161,-8.6585,9.8363,8.4019,0.3908,-5.7579,7.7666,-8.8325,-5.5933,-2.851,-2.87,-4.2028,-3.5119,-7.4682,3.6864,-3.0439,2.7057,-5.9817,7.5176,6.0438,-0.7545,6.4809,9.2113,-9.4402,6.2922,-7.8616,-7.0892,-4.6353,-3.5583,-6.4626,8.8599,8.0544,7.7166,3.6416,-1.8118,-2.54,-0.0576,6.1199,-2.0227,0.5557,8.6922,-1.5219,8.5147,5.1037,8.8564,-2.3362,1.6081,0.5035,2.8624,-2.9427,7.3359,3.4766,-3.9045,6.2013,-3.4062,-0.1691,5.9669,-4.4872,-0.6646,-9.2648,6.5609,2.3156,-0.2861,-2.0882,1.0923,-7.2295,-2.7943,-8.9203,6.3316,8.1154,8.5665,-9.6659,-6.4144,7.9346,-4.1443,-0.1078,-2.9922,3.5113,-6.1371,1.901,-1.7015,9.3823,-8.5979,-3.5336,9.0186,5.8341,9.1171,1.6313,1.9798,7.6985,5.4306,-1.0354,-3.655,6.3682,-8.657,-5.4034,1.2005,3.8104,-4.5819,-0.6627,-6.5035,9.9418,9.7004,4.0487,7.6947,6.714,5.5837,2.8751,3.3378,6.0473,2.0806,-5.5273,5.2743,5.7975,-8.7542,-9.3869,-3.0936,-2.4486,-1.9344,6.0359,5.4665,-6.5382,0.6327,-5.001,1.1679,9.3765,-4.1428,-3.9046,0.9772,2.2686,-2.4503,7.8695
1.7645,0.0014,-4.541,6.982,-5.1457,9.3661,7.0594,4.0487,-4.7882,9.7379,-7.2946,4.1531,-1.925,5.2899,2.9639,-9.7414,-9.0717,-1.8557,-9.8818,9.2894,-9.6249,-7.7407,-2.8957,-1.6052,-1.2307,-6.8372,3.8145,-0.0637,6.4527,8.6861,-6.1586,0.3604,0.4689,1.7681,-0.6792,1.3184,-7.5136,6.193,-2.417,-6.5485,-5.4939,5.4402,-3.546,1.3538,-8.9895,5.5726,3.833,-6.6832,1.1215,7.3241,9.6746,-0.4829,-5.3827,-3.7314,-5.696,4.0357,-4.6923,-2.6107,-5.7173,-5.0762,-3.0294,-7.7659,-1.7158,6.1361,8.0123,-5.0575,8.1576,-5.042,4.5217,-7.9125,0.6454,-4.6466,4.7915,3.3512,-7.9368,-4.5051,4.3799,-3.0417,6.9051,5.0627,7.0947,1.5015,-2.9833,-6.7661,4.5656,-7.6438,-6.9924,-5.2487,4.3359,-4.6249,-0.7536,-0.9756,-1.7408,9.3205,4.4693,-1.3154,-9.2616,-2.1392,-2.7608,-0.405,-1.0927,-5.6191,4.5465,-0.2871,-5.8116,4.5298,-1.527,7.1994,2.4802,0.691,2.5752,0.671,-8.8272,-5.4301,-4.1853,0.7171,2.8819,8.4475,1.0765,5.6801,5.7054,0.6537,1.2519,1.7324,3.8819,5.8238,-5.2827,9.498,-5.08,9.2249,-8.935,-4.3778,-5.1015,-3.4678,5.5914,5.1326,-5.7934,5.0161,-2.2234,4.9319,6.8244,-8.3313,-3.0485,3.3953,-6.2926,9.3461,-5.298,-7.1095,0.5107,6.6975,-3.0109,-9.4192,-5.445,7.128,-8.9526,-8.9607,-3.8985,1.5801,6.2759,1.8949,5.0074,-3.9984,-8.1183,4.9643,-3.8429,1.2193,-9.3688,5.7192,5.0646,-3.714,2.009,-8.0955,5.271,-5.3766,-6.3432,0.6386,6.7469,-8.6722,4.1601,9.2581,-7.894,9.496,-1.1897,-3.807,-4.9242,3.2605,-3.8576,-2.7878,1.1753,-2.7735,1.6846,-1.5022,-6.0554,-6.0352,6.5667,-3.5981,-2.3655,4.8017,4.0064,-6.9068
0.6932,-2.9874,2.0436,5.7556,2.4963,-0.3696,8.675,-2.7279,-1.4297,3.8054,1.9326,2.2698,-5.3528,0.3378,5.4385,6.4767,4.9665,6.4859,-4.1684,-0.6275,-7.2992,9.6907,9.506,-8.0676,-8.8084,-5.6629,-9.2775,9.7695,-8.711,0.0485,8.5381,-3.7174,2.1904,-5.3417,-1.5648,9.9936,9.4609,-2.6,7.2911,-6.3017,-7.0423,3.0911,8.5905,9.1511,-5.7568,2.6536,-1.4103,4.2506,2.9117,-2.8112,-9.5486,8.1685,3.1907,-6.9,5.7735,4.697,-2.2145,4.5522,-5.907,-3.0983,8.8155,-6.3095,-7.0177,-8.2214,-2.4586,6.7952,0.2221,5.2224,-9.4074,-0.0134,-9.1745,-4.7993,-3.5009,-6.4378,-3.9942,-5.4329,1.6804,-2.515,-1.6778,9.0853,-0.464,6.1382,-5.8846,8.4343,-9.5627,-3.4969,5.4231,2.4638,-3.1645,-8.851,-4.202,-5.2963,-4.0887,-5.5273,-4.627,3.9997,7.7031,-3.3391,-4.4576,3.6371,9.3165,-3.4787,-4.6002,-0.6596,2.2204,-0.8749,7.8406,5.4637,-6.9379,9.4881,-6.4525,-8.8704,0.7129,6.9114,8.5913,2.7916,7.2331,6.3359,1.1815,-5.0597,-6.3111,4.0312,6.2755,8.514,-8.7224,7.654,-7.016,9.9483,-4.3654,7.4408,-8.8357,3.8638,3.7929,-4.2658,0.9048,3.7903,0.918,-9.9053,-6.0237,-6.1127,-7.4102,-4.5034,-4.2581,-9.1957,-6.9097,9.798,8.6691,0.0846,-4.9634,8.9501,1.1651,-6.9533,-7.2017,-7.0608,5.8281,2.5807,-5.7259,1.0919,-8.5802,-0.1442,-6.4868,2.1302,2.0582,-4.4682,2.2333,1.7318,-3.4674,7.1946,-1.9758,4.2291,-7.0301,-4.3689,4.2811,0.399,0.2149,2.3741,1.5964,-8.8385,-2.5579,-6.5148,4.7186,1.0575,4.2777,1.2297,-4.7135,-4.1155,4.3461,8.3835,1.4648,1.7085,3.2458,-9.5632,1.3954,-6.5799,-0.2475,-6.8528,-1.5454,6.8087,4.6546,-0.3277
5.5458,-5.6164,-5.8113,-7.6452,7.3457,-8.7168,-8.5614,-2.2706,-0.5788,0.9335,-9.6357,-7.1861,6.0679,-1.0504,-1.7739,5.7806,-4.4864,2.206,2.2484,9.5511,0.2683,5.1596,9.7956,-5.4997,4.888,7.4422,6.9043,6.855,-2.7749,2.7557,1.3594,-6.8362,3.1599,-0.0871,3.1625,7.7887,-8.9939,0.4459,0.8573,-4.7962,6.9624,5.6545,8.479,1.4229,-0.0185,4.739,2.2004,-2.1321,6.853,-1.4854,-5.6549,1.4349,9.8933,6.0346,-0.5803,3.1724,-2.7565,5.0588,-0.6348,3.6357,9.8439,-7.087,-1.9275,6.5155,-8.2399,9.6242,7.942,-6.2447,-4.1241,-9.4132,1.2839,5.03,9.8638,-9.7309,-4.41,-7.3506,-5.4822,-2.2675,1.3535,0.3422,-3.1108,5.0878,-3.5027,0.5078,7.3434,-5.7479,0.8324,1.9798,-8.0205,9.0707,-7.3667,0.7758,-6.046,-8.3839,9.7618,-8.4803,7.1222,8.3241,-8.4484,2.5117,6.3224,-2.959,-6.6805,7.1186,-4.8394,6.663,4.3937,-0.3846,3.5562,-7.9582,-1.8921,-4.4816,3.6043,9.8371,9.1672,7.1494,-1.7779,5.8737,2.2442,-9.1954,0.8741,-8.5574,-5.0635,-9.4123,-1.3048,4.5402,-8.7972,-9.5848,2.6328,-4.4002,-1.1778,3.5716,9.3254,-0.6627,-2.9802,-4.5865,-5.6204,7.5285,7.3718,-6.5265,-8.2213,1.6327,2.3587,-6.0728,6.2405,-5.3146,-6.993,-9.3505,7.051,7.5803,5.3055,-2.7228,5.4663,-3.0959,-1.2319,7.7442,6.7049,2.3943,9.8451,-8.6011,0.8383,-5.8313,5.8484,-9.0312,6.7885,3.0958,-4.8837,-5.8661,-1.7419,-4.0581,5.117,5.5423,-1.9393,-3.6126,1.079,-8.3472,6.6415,1.8074,2.5148,5.8503,1.3491,1.4663,4.138,-3.6467,-9.4899,6.0826,-8.687,0.4808,-1.2365,3.3186,1.581,-0.2893,5.3708,-1.9334,-1.1566,5.5867,-2.6775,6.741,4.5225,-7.6731
2.5147,6.1091,-1.6802,-7.4475,-7.5984,-9.2177,8.6132,6.9472,5.2755,4.0892,2.1749,-7.8256,5.7561,-8.7501,-1.2373,-1.5068,-6.1203,-6.8742,2.8115,-0.6783,1.728,-9.4536,-4.6934,6.6734,-1.7213,6.5529,8.0437,-7.8342,-6.8616,3.0367,3.5335,6.7558,-9.2742,8.9135,6.8239,-7.481,2.197,4.2088,-9.0642,5.776,2.0258,9.9555,3.2861,-6.8526,6.0137,0.1627,-3.4352,9.2846,-9.2868,-9.5962,2.5453,-3.1408,-5.4425,-1.8016,-0.4288,7.9236,-2.5137,-8.2058,4.1064,-8.7105,4.1485,-3.647,7.4884,-4.8026,7.9375,6.2816,-6.1934,-7.903,1.542,-5.9819,0.7188,7.7309,6.3831,-0.8558,6.1783,-5.5318,5.867,-3.3551,-3.9296,3.6444,-4.3282,-5.3027,9.2832,-0.5301,6.3416,-3.3366,3.3525,-4.8096,-3.7309,7.7934,-6.7372,6.1432,5.5674,8.2301,1.9257,-1.3378,8.6841,-1.4666,-2.827,7.628,-1.0468,7.7547,-6.8595,-7.6876,-1.0363,-1.717,-2.8569,3.7802,-7.821,-2.9542,-0.0314,9.3117,8.6511,-7.6095,9.778,1.9962,-4.2094,-0.8947,-9.0847,-0.8031,6.4743,5.229,6.2536,-8.8001,1.1993,3.2084,0.2908,3.5293,5.007,6.1258,-8.6515,3.7929,-4.5012,5.4868,-5.0031,0.2515,-7.8953,-9.3299,1.5476,6.3968,8.8134,-2.5444,4.5221,-8.2607,-8.516,3.9404,-7.8119,6.8892,2.7721,2.0636,-9.8081,6.1407,4.8343,1.165,-9.6494,8.9264,-8.3178,7.9313,7.4691,-2.5717,-4.3487,-2.5382,-8.5755,-3.0856,4.0882,-5.0395,9.5149,-7.3776,-5.5935,-6.9552,6.8036,1.5399,1.2617,2.2865,1.9103,7.4679,-8.1924,3.0692,-2.2866,-0.8237,-1.1781,-7.4519,-6.8501,-9.1176,-6.3348,-0.2536,0.9395,-9.6844,2.1035,-2.7261,1.4434,8.8891,-8.1931,-5.243,-7.3808,0.7199,0.4701,-1.7703,-4.7562,-9.625
-9.4779,4.9213,-9.8937,7.5998,-3.4006,4.5667,7.8672,-0.1317,0.6976,-8.4483,-5.6856,4.056,-2.6988,0.5095,-6.7857,-7.9958,1.8424,3.3617,1.3956,-4.5371,7.1787,-9.9376,6.8346,-3.3175,-8.0478,-3.5853,-6.0486,-8.7048,-2.4658,8.7112,3.9201,-6.996,-5.5116,-2.0408,5.7044,5.1615,1.0383,2.118,6.6797,-5.0113,1.4001,0.2468,-0.2131,-7.6733,-9.6666,-3.7301,-5.6947,-0.3798,-9.4711,-7.0765,-8.4394,-0.4525,6.4864,9.0048,6.9515,3.9814,4.3187,4.4342,4.3305,0.7973,4.3882,8.3329,-2.8044,-6.647,4.2723,8.324,8.3686,-7.6177,6.5443,-1.5371,-5.3233,0.1658,9.3028,-2.8914,-8.4847,-3.7721,-7.7032,-7.0998,5.369,4.1184,-3.7844,-2.5033,-7.6403,4.1012,1.0142,-1.7174,-3.4251,1.768,7.6729,-9.7426,5.6811,-3.7422,2.9484,2.6832,3.0027,-5.6749,-8.1286,-6.6453,-4.4425,-6.3355,1.8167,-6.6478,3.5645,7.6436,-0.9833,-0.8634,-0.0691,5.8654,-0.0647,-7.3952,-3.699,-4.6468,3.838,-5.2894,-4.5934,3.014,2.9654,1.1435,5.5297,4.8647,-9.8815,-3.3518,-9.9106,3.1168,8.5606,2.2522,5.7338,7.9291,-8.5393,-4.9717,-3.1503,-7.8938,5.4591,0.4786,0.7997,-6.2239,5.0249,-1.7053,-0.9566,-5.7411,-1.7328,-4.5554,-5.6627,-8.2272,-2.1619,5.6199,2.4604,-8.1579,6.5032,7.5465,-7.8871,6.7213,-0.9337,4.4936,-1.4377,-1.6041,-6.7443,-9.9113,5.8331,-2.1859,-9.5821,5.1735,-1.7191,9.8845,-7.8917,-9.9182,-7.0898,-5.7817,-4.4104,9.2907,-1.9528,-4.1279,-5.7937,1.1078,6.3498,-9.2789,5.9081,-0.5953,-4.4141,-7.7386,-0.1031,4.6817,9.9745,-5.6449,-0.3075,3.1988,-9.5986,8.4143,3.6819,-3.1262,1.0452,5.74,7.8874,5.9539,1.6962,-6.4668,-1.1738,-4.5022,-6.5578,2.631
8.6935,1.5347,-4.033,-5.0291,5.5292,-9.4909,6.581,4.8988,0.5722,-7.7595,-7.9523,-6.5016,7.8204,-2.8529,-4.1606,4.5813,-4.1555,-7.793,5.7645,-4.4161,1.6373,2.1491,5.9088,-0.597,0.8017,1.3032,-2.4392,8.4541,-9.2112,7.7435,-6.8545,6.9033,-2.6179,4.1575,4.9069,-8.1586,-2.4374,-6.3588,2.8254,5.5385,-6.5167,9.0598,-8.5932,2.6942,-2.7399,-0.5966,-0.0286,-8.4936,6.002,-1.8715,-4.1153,-5.654,9.9387,9.3159,-5.5224,-1.0718,-5.7112,9.5151,2.4663,3.9388,1.4286,-6.6652,8.5258,5.776,5.9854,9.2158,-0.1665,5.3702,-3.6918,-1.8146,4.5296,6.9325,-2.2003,-5.1311,-0.377,9.1593,4.3575,2.959,7.7015,-2.7669,-7.7552,-4.1376,-6.2995,-4.0884,5.5797,-2.4234,-6.5945,-7.9782,2.5697,-2.76,5.9258,-4.104,-8.6341,9.5013,-2.9025,-4.7666,3.1342,7.3391,7.9035,8.9,-6.5702,7.8153,6.2728,0.409,5.743,-4.3065,4.5028,6.2881,4.4635,7.3327,-0.5069,-6.0057,-1.7692,0.8713,8.445,0.927,-7.5595,-3.5266,9.6016,4.2835,1.3219,6.3213,1.3897,2.4833,-7.9509,3.1856,-4.945,4.8041,2.8665,5.9762,0.8864,8.0746,-3.4129,5.5462,-1.831,-7.0788,6.662,6.4251,3.4449,-9.0002,3.8371,2.9582,-6.1956,2.3451,0.2507,-0.8213,-3.1673,1.4639,9.92,-2.9929,1.5153,-9.03,-1.6702,5.7184,0.0919,8.8789,7.314,-1.5272,-7.3692,-3.5075,7.6832,-7.944,-3.0207,-3.7942,2.8808,7.1372,4.4357,9.1897,-7.7266,-2.4148,-2.1913,-3.6161,-3.4513,2.3122,-1.4049,-8.2338,3.577,3.482,3.6737,8.1495,-8.8747,8.7324,1.5255,1.1847,-3.8441,-7.2977,-6.0927,-8.8259,6.9807,6.1391,-1.1212,9.3454,-5.6103,7.5523,5.8427,1.5124,4.8489,8.7092,-1.9569,0.7857
-5.585,-8.9605,7.9131,6.1085,-8.156,-3.385,-0.1665,-5.3281,1.7359,0.21,-9.9816,4.9124,-7.9394,-1.3995,-0.5518,-1.2058,-6.3134,-4.8038,5.5303,-0.4197,6.8388,5.7421,4.0333,-8.9874,4.1599,-9.5176,6.5228,-3.7409,8.5511,8.259,-0.9217,4.9081,5.496,-9.8071,5.9452,-6.3655,3.2836,-0.6054,-1.8905,4.7243,-6.6463,7.3836,-7.6412,-2.8769,-2.7854,8.2259,4.7888,-0.6081,5.2426,-3.0283,4.83,9.7845,4.0109,2.9365,5.4824,1.3392,-9.6756,1.2757,4.3777,-3.761,5.5871,-4.5947,8.1941,-4.0645,5.7758,-2.9274,6.0451,-9.2029,8.1396,9.4989,4.4517,3.1272,-8.2691,3.5739,2.3216,1.3956,6.3386,7.3939,8.4197,0.8488,-4.7562,8.0344,-4.9901,-1.7833,2.5583,-3.9658,-0.0818,6.5429,-4.4271,2.4602,4.6333,6.4378,3.0898,-2.2141,1.4872,4.216,7.2939,-5.1611,9.1664,3.3345,-5.4824,-5.5154,3.6795,-2.3422,7.4821,-7.7097,-4.5543,1.0994,-3.6624,-6.8755,9.924,-5.0817,2.1341,-2.4943,1.5393,2.3426,0.306,-3.5533,-3.0326,6.6336,9.3518,-0.9726,-4.9403,3.8168,5.5937,-1.6651,1.7025,-1.8282,-1.0748,3.7203,5.974,-8.8625,8.3605,-6.4976,2.3535,2.3315,-5.7312,-6.4946,0.9364,-0.9945,8.7517,-5.0432,7.6433,9.4688,2.8373,4.0518,0.7556,-2.2848,-9.3778,2.06,0.8946,7.1934,-3.4318,-2.7598,4.6398,3.3831,-2.7577,0.7335,6.2232,4.4674,7.7239,7.1083,7.8223,4.315,2.9678,0.8799,-2.2386,-8.6365,-9.4291,2.8121,-1.4834,6.6718,7.7417,-1.9448,2.9932,2.8115,-3.0177,-1.5543,-0.4302,6.1773,-0.5814,-5.4119,7.8054,3.9266,7.2749,9.4816,-8.786,7.4409,1.0481,8.0148,-0.855,9.752,-2.9199,1.8954,-6.0337,7.4206,-4.2728,1.3733,4.1462,6.6305
8.2329,2.4463,-8.0981,-3.3492,6.5696,-3.792,-4.2135,-0.8177,6.2173,8.8326,-1.717,9.3345,-6.9341,3.908,1.6348,-4.9489,-1.8553,-2.505,-9.9025,9.6155,6.8235,2.2488,5.3795,9.1926,2.7339,6.2026,-0.8488,-8.1779,-7.3691,-7.7037,-2.5455,7.3364,-3.4335,-9.0519,-2.7975,9.9836,5.6483,-1.5955,-4.0221,-2.8096,-9.0987,6.7085,-0.8707,-8.5408,-4.4525,-4.6482,-7.8574,5.5968,-7.4673,4.8069,-3.0125,-2.5037,-1.6555,6.1283,9.5288,-0.594,-5.3962,-5.5832,-2.7055,-7.1485,7.4456,-1.2176,-5.4427,6.8986,6.0757,1.6574,3.7295,-3.3226,-6.8431,4.4286,-0.8939,-4.3369,2.6211,-4.6036,-5.9319,4.5922,8.4766,7.57,-6.9062,-8.8784,-2.284,2.2008,-7.6692,0.6032,-1.3311,5.8717,-0.704,-3.7346,9.2422,2.1762,5.3743,-6.2858,-8.9165,-4.9888,4.4976,-7.9918,3.3288,4.9479,-7.3074,0.1412,-4.6902,-4.5386,1.7233,-5.073,-9.0397,-5.1135,5.5943,6.1722,-8.9067,-3.514,2.5857,-5.8005,3.5739,-0.5121,0.9702,5.4924,1.8315,6.0327,-8.0054,5.7696,-7.8708,4.7412,-9.7329,4.5292,-0.0342,5.868,6.4068,9.4239,-4.1699,-5.7651,-9.9563,-6.758,8.2647,-0.9713,0.5308,5.4503,-2.717,-1.4503,2.4538,-7.6242,0.1045,-3.7348,9.1456,-2.7479,-7.2451,9.0401,-6.1749,-6.6917,7.5333,0.229,-4.2002,-5.647,-7.6941,-8.5808,6.5153,7.5553,-5.2651,7.4011,-0.9844,1.474,-5.9184,-0.0483,8.0338,-7.1587,7.9907,7.6126,-9.38,9.8438,0.4024,9.1982,8.6912,6.5986,-2.549,5.1062,0.1467,-1.7399,9.8583,9.865,2.8319,8.221,-8.0537,3.8665,-5.4235,4.9197,3.2077,-3.4726,-9.5989,-5.9619,3.9947,9.4342,9.0047,0.5453,-0.5807,-1.7695,1.1145,3.0449,8.0554,-1.7675,9.8823,-3.6136
8.6676,-3.5748,-8.0348,-8.2751,7.4265,-1.3769,3.5279,4.2621,-6.9239,-0.1284,7.4052,8.5785,-9.3199,-5.8021,5.4898,-3.6798,-1.8784,-4.8005,5.762,5.6721,-7.4624,-7.1121,-1.59,-7.3921,-1.6682,1.1766,-1.516,-1.7365,-7.2913,-7.2635,3.4473,4.3344,-8.0772,7.5318,-9.3227,8.1042,-6.5463,-4.9835,-1.2068,-6.728,0.9919,6.3413,-6.1769,-6.4449,-9.2142,-3.5177,-6.6767,-1.6465,7.9293,-2.2518,-0.5358,6.1252,-8.8991,-0.6873,-2.4658,-4.2608,-4.1032,1.2258,-5.0656,3.7663,-5.8472,4.1676,-4.2556,-5.4822,7.5765,-5.6041,-6.7688,4.8965,7.8853,0.2943,-0.0517,-4.7717,6.1652,-8.5765,-8.1445,-9.3728,3.3867,-4.9928,-7.4912,9.6046,-6.783,-3.8875,8.9882,-2.1215,-9.7036,7.83,8.0339,8.6338,9.4456,6.6787,-1.0198,2.6154,1.575,3.0035,4.3715,1.9121,-5.5372,0.4267,-9.2356,0.8127,1.858,8.5207,-7.6945,-3.5105,6.2011,-3.5739,-7.2221,7.9242,8.1074,1.8759,-5.7839,-0.2987,7.7311,-1.6975,6.9361,5.5276,1.4308,4.1617,-5.8143,6.0938,6.1986,3.0166,3.5004,3.4673,9.3885,8.1566,-1.9794,8.1484,-7.5594,-5.3277,3.4135,-6.6254,8.7246,-4.2429,-6.1108,7.753,1.2935,-6.528,-1.9588,-4.3481,3.8014,2.7771,-7.0509,-5.5945,-3.4848,-9.286,1.9795,-5.4355,-7.6172,8.6018,4.4756,7.9409,-2.5322,-5.3616,5.4638,-0.6174,-7.9071,-2.7002,-6.8136,-5.4845,-5.3299,5.2822,1.5566,5.096,-0.6726,-2.263,-6.8946,4.4928,8.4569,0.1645,-8.7715,-5.8732,3.3342,0.4849,2.4762,1.5704,-6.8405,-4.1708,-6.3998,3.9607,4.2952,-8.8353,-1.0585,3.0161,3.898,0.2944,4.2661,-2.5896,6.046,6.3808,-0.8784,-7.9329,-8.1736,7.821,-8.6152,6.0422,-3.9745,3.8831,5.8795,-8.9612
9.5959,9.6409,5.593,-3.4898,-1.7819,4.5247,-7.9143,-1.9729,5.5767,6.8611,5.4227,-7.2402,5.3759,-4.903,0.5973,0.2602,6.6342,5.69,-8.2647,-3.3991,8.4013,8.2209,-4.3756,-1.9206,-5.3101,3.4216,7.5068,-0.2175,-4.0106,6.3897,2.1869,5.0771,9.0105,-0.7065,6.5889,2.7225,-8.892,-9.6864,-9.2429,-6.1264,6.5578,-8.5317,-9.1878,-6.9959,3.7168,-5.7295,-4.3382,3.3093,1.027,7.8959,1.8266,1.9129,-0.6695,-4.4539,-2.7157,3.3191,5.4236,-4.3856,2.369,3.0949,-4.6786,4.1127,-6.4779,-1.027,2.9877,-4.9888,4.8473,1.8675,4.7767,-6.2353,7.1185,1.8436,8.6426,-7.8137,4.6267,7.6859,1.5137,-6.4915,5.6258,0.924,-4.7176,-3.2289,-6.4185,-6.0323,-4.4582,4.4689,-6.896,0.0528,-7.9192,0.9112,6.8701,-9.6843,-9.093,7.73,6.8912,-0.7097,-3.7956,1.8212,8.5913,2.0161,2.9573,2.3197,-1.0668,6.4,-4.0861,-1.6172,-7.3177,3.8412,9.1521,-2.2209,-8.0522,-9.8911,6.6873,-1.7209,-5.5263,-0.7685,6.6746,6.3151,-7.5394,0.6705,-0.9065,-2.3906,-7.4063,5.8046,7.5306,-8.4912,4.39,-7.6761,2.2709,0.224,-3.4013,8.2277,-8.432,8.9448,5.8715,4.8624,4.9998,-6.4832,-7.8702,6.9241,-4.756,9.6434,-3.89,-2.1155,-1.6463,-2.141,5.4297,7.0659,-8.3757,4.374,-7.3214,1.3003,8.8116,-3.6987,-8.6819,-3.2849,2.7284,3.5404,-1.3691,-8.0322,3.3526,-1.8267,-6.3716,5.7948,8.9713,1.3054,-1.084,4.8468,-3.8571,-8.246,5.0625,2.2256,-6.1561,-8.2992,4.2479,-9.2059,8.9096,-8.5228,-3.8146,-1.1782,-2.2546,9.5367,-7.9359,-5.7217,-6.0301,7.5112,-2.668,-9.9391,1.4347,9.0579,-9.4091,-0.8852,2.5065,-5.4691,8.7575,-6.2586,-0.216,-2.15,5.3165,2.8205
7.8529,-5.1618,5.8605,3.3023,9.11,-4.296,-6.5867,-9.3027,-7.4216,6.1754,6.2693,4.5957,5.4444,6.5626,3.9642,-9.7856,4.7622,-5.3008,6.8399,-4.9789,-2.3467,4.5279,-4.0771,-2.118,6.2775,-9.3221,-0.1647,3.8283,0.6381,6.3527,9.8996,-8.9297,-0.9367,-4.8052,4.8803,5.9509,-9.9301,3.9748,7.9672,4.9047,-6.9369,-4.4306,-5.3928,-8.6501,1.2398,-5.9219,-9.694,5.0791,4.1153,2.2648,-7.0378,1.9981,-5.8986,5.6554,3.5925,-9.7077,9.7418,9.252,0.6427,6.9046,9.4709,-8.7252,-3.3497,-4.8641,3.7376,-8.3641,-2.9844,0.8733,3.74,-5.7274,8.5857,-8.9034,-4.7109,-0.3251,9.7649,-8.8113,-4.9807,1.5038,-9.457,9.7784,5.5104,-0.4211,2.9978,3.1094,-6.4497,7.7494,3.6171,5.1617,-3.717,-6.8244,-4.6314,7.0287,7.9778,0.528,8.2093,4.4332,-3.2443,4.3162,5.5766,-3.8799,-1.3731,3.7872,8.7726,7.0071,-2.1699,6.1331,-2.1089,7.1555,0.5508,8.5653,-4.0455,2.0156,0.0994,4.0206,-1.8338,7.0642,-5.9493,-2.5576,-0.541,-7.8296,0.0401,1.5286,4.7066,-1.0672,-0.5476,4.4027,-5.227,-3.9225,5.3785,-9.3744,2.5301,7.285,4.0991,-1.7218,-8.627,-1.3939,-1.5282,7.4333,2.3813,2.2972,3.0306,6.2325,2.9234,-9.7327,-7.989,4.4402,1.1544,4.386,0.6987,-3.9251,-1.2186,9.3936,6.7364,1.8182,-4.3035,-7.3947,-1.0728,1.9078,1.7521,-8.4681,3.0799,-6.8612,7.0364,-5.1591,-2.3958,8.6706,-2.9087,-7.6888,-2.706,4.858,1.6984,4.2297,-1.1434,8.7525,1.0273,6.4392,2.0252,-9.1905,4.798,4.836,-8.9868,-4.4702,5.3681,-0.0566,-4.8369,5.0165,-6.5684,0.547,-0.969,5.3564,-5.1084,-9.3454,-8.9205,-4.2426,1.5019,5.881,-3.9711,3.9558,-2.1236,-0.789
7.811,1.3965,-5.0992,4.6371,-2.8274,-2.2346,-3.3009,-3.157,6.0539,-0.793,6.6296,3.3178,-7.7901,-4.5847,8.5834,9.31,3.6692,-5.668,-8.8472,8.3743,1.1173,2.2614,-5.7857,-3.7039,-2.9653,7.6596,3.8557,9.7256,1.0133,3.414,1.6902,2.5799,-5.8945,4.7948,-2.8033,2.0871,-7.9102,-6.4227,-8.926,0.1771,-4.831,-9.127,8.694,-5.1651,-4.6741,-5.1837,0.5553,9.8816,-6.5267,-3.138,-3.1572,-2.5342,5.0426,3.2184,-8.1485,1.8958,2.4203,-1.9203,2.1606,2.9576,-8.4227,4.2759,8.6193,-5.403,5.519,-9.0925,-9.9216,6.9948,8.3097,-8.537,-2.6726,-7.519,5.1371,2.0341,-2.8656,-9.5086,5.5035,-2.1978,-0.0624,8.264,1.3557,8.374,-8.5814,-8.1203,-5.1616,5.886,-3.1597,5.1524,9.025,0.5883,2.6597,-1.785,-5.5759,-7.4682,7.3643,8.6205,-6.6791,3.0451,-6.5112,-9.755,-7.5924,-3.1966,9.0,-7.1068,5.5817,3.638,4.8021,3.7893,8.2644,6.9791,-5.9311,-2.5968,-2.5566,9.7943,-0.9034,3.4172,-6.3101,-6.7098,-4.1996,-6.2105,-2.4765,-2.0871,-1.2484,-0.8596,-1.6993,0.6083,-6.722,-4.3895,-6.6884,-3.055,9.0423,-4.9209,-2.3928,1.6958,3.9427,-8.5948,1.411,8.133,-5.8141,-2.5634,6.7132,-9.1238,2.0325,-7.3263,1.284,-3.8435,-8.7815,3.7879,-0.2274,1.4142,-0.4627,-3.6607,-3.7322,3.7751,-0.5705,1.5943,-2.5538,0.6262,-7.2986,5.2988,6.629,-4.6868,7.8,9.72,6.5372,4.4923,-3.6311,6.8102,0.2698,-6.7316,-3.3526,-5.9552,-4.6112,-8.326,-2.3691,4.0865,4.9982,-1.8813,0.9477,6.6485,0.5414,8.9771,-6.0404,8.1586,-4.6685,-9.6339,5.4784,-7.3562,2.4562,-0.8323,0.0253,-8.3178,5.454,4.757,9.0499,-2.9258,3.5555,0.0093,-8.4449,-1.0207
9.4396,-7.5918,7.2394,-0.8686,-0.1207,3.2195,3.642,6.4699,-0.58,0.1505,4.9071,-1.269,7.0158,-9.0262,-3.5427,7.0151,5.8106,-9.9409,-1.1935,-8.7633,0.5444,-9.1748,1.1181,-2.9984,6.2131,-3.8183,9.6249,-6.3706,8.2059,-7.9395,3.0239,6.1549,4.5681,5.476,-2.3789,1.0408,4.7279,-7.682,9.7443,-5.3792,-7.0543,9.3675,-6.3388,-3.3126,5.3422,8.1054,0.6121,-4.1637,1.7578,6.2804,-5.7093,-4.6041,8.6878,9.6197,3.1099,6.9059,3.0911,-1.4071,0.409,-2.1759,-6.0909,6.1006,3.9526,-9.6444,6.3374,-4.8726,-6.8514,-4.1169,4.5008,-9.3772,-2.6482,0.778,0.79,-6.2431,-8.0125,-4.2628,5.5724,-7.4713,-9.6218,-6.9218,-6.1229,-8.742,-1.3697,9.0184,-2.2863,8.4256,1.9015,-4.4995,4.5119,-3.5171,7.4271,1.452,2.4748,-1.8933,-7.6355,8.1768,3.3116,0.6829,8.2795,-2.8035,-7.5808,-9.1546,-4.4039,6.6404,-7.8514,-2.9542,-9.3363,0.3313,0.3268,4.5228,5.3004,0.1756,9.5871,-0.3717,-1.9759,7.3326,3.4326,-6.1794,-0.3911,7.3147,-2.0755,2.476,-1.3988,1.9409,-7.7831,-7.8438,-3.119,1.0154,-5.0313,2.2346,8.0434,-7.5341,1.1178,-8.9101,1.6735,-4.5215,8.283,4.0958,-3.0278,0.6669,7.5314,0.7512,9.8494,0.7341,-6.7258,-2.1513,-9.9579,-8.5284,7.6481,-7.3445,1.0682,-6.1007,-6.091,3.2771,-7.6678,1.4727,8.9864,1.6849,6.9666,-7.0085,-7.1775,8.9028,7.159,-9.4615,8.3789,-5.4579,-3.5375,-6.108,-0.9887,8.7111,-7.5282,9.5116,-7.6291,-3.2537,3.7582,-9.5733,-9.6692,-3.9846,-6.9006,-1.2172,-0.9438,5.2793,-0.6169,-0.9159,5.1683,-2.2931,-2.9161,-6.604,7.8621,-5.3419,-7.5209,0.4515,8.6166,2.8251,9.1923,5.3142,7.0268,3.7817,0.7889,4.1529
7.1731,-1.3016,-6.8042,6.2652,-0.766,-4.8859,-3.9089,4.3237,8.3107,5.4517,2.5755,-3.1135,-2.6745,6.4055,6.1768,0.6236,-8.7065,9.3841,3.016,-0.3872,-7.175,4.9623,5.5571,-3.3155,-7.9436,-0.9424,7.5944,2.4545,5.2462,-3.1312,1.5959,-8.1394,9.598,-0.9076,3.3883,2.496,-3.8519,-3.7932,9.1163,0.7023,-2.6836,8.4658,-1.7736,-0.8844,-4.9052,2.876,-4.2348,-5.1746,-6.9267,5.0912,-5.8801,-1.3263,-4.3535,-0.8317,-8.4738,-8.455,5.2382,-4.1409,3.8161,7.0372,1.1889,4.0971,-9.2578,-6.005,-4.1684,-5.5832,5.9092,-3.246,-6.5678,-1.1876,3.6261,-0.5742,5.6241,9.0456,9.0147,7.6022,-1.9678,7.8505,2.1239,7.0347,-2.5586,-1.0134,9.0383,-6.8178,-2.2636,9.8476,3.1801,5.6885,-8.9687,-2.9372,-2.533,-0.1216,-3.0849,-1.6835,7.1005,-9.251,-7.0857,5.8041,-3.6,-8.3742,4.8347,-0.8664,-8.6482,-6.7844,1.449,8.6695,7.617,1.5321,6.838,9.0509,-4.5385,-4.6139,6.8039,5.5112,5.7785,-7.9508,-2.7515,-2.7102,-7.9108,9.1262,-0.3682,-1.1622,-2.5283,1.044,0.7235,-8.4296,1.2184,-4.721,3.6768,9.2369,-9.3884,3.7027,-8.4034,5.5686,-3.4802,8.7925,3.6911,-1.6333,3.3725,5.6854,-5.7013,-9.979,0.2581,-2.7898,1.7822,-6.8754,6.0628,0.3096,1.3855,-1.5099,-0.0829,4.4148,8.7298,-5.3702,-7.3008,0.8624,6.9631,-2.6132,-7.1007,0.5291,-6.2267,2.3412,1.6693,-9.0657,8.6482,-3.3404,-3.3143,3.0681,-3.9015,-5.0793,3.1826,4.8091,6.6202,9.3745,0.9133,7.3006,-7.2207,-5.005,-8.5294,-3.0033,6.8177,9.9791,5.8631,8.7432,9.802,6.1043,8.1212,-7.2472,-8.2013,9.6993,-6.9911,-6.0757,-9.6571,-1.4257,-2.6872,-7.9209,-7.2447,-8.4906,-6.8821,-1.1292
8.0054,2.6606,4.48,-1.5689,-6.3792,-4.8621,-4.6331,-1.4562,-3.6235,-3.0752,1.5456,-5.9593,-0.0098,-4.753,-6.7981,7.8335,-6.9626,9.6348,6.2195,3.3308,-9.3427,7.9773,-0.2325,-0.8614,-4.7332,3.8932,9.6604,5.7322,5.5339,-2.9771,8.0933,-5.7459,-5.7498,-6.1587,-4.9368,-8.264,-3.7698,-7.8819,5.0412,-9.391,3.514,-4.8822,0.3715,8.6226,-4.2905,2.6956,1.5426,-1.9908,2.0687,5.5843,5.4874,-4.3372,-9.885,-9.2084,-1.7495,9.6711,-5.2597,-5.6606,-3.5691,8.4751,-2.6339,-1.2494,-6.3419,-4.33,-7.4284,7.7656,2.013,-3.0162,7.0924,4.9553,-9.314,1.0611,2.3666,-0.5362,9.2734,-0.5947,6.6675,-5.0648,-7.364,-2.2072,-7.651,-9.7944,-3.6231,2.3818,4.9517,4.986,-2.2281,-5.9462,-3.4194,-5.5051,-3.9303,-8.8314,-2.7121,0.1909,2.5254,5.2414,-5.1207,-9.5137,7.8286,-8.1673,3.6527,0.9326,2.6531,1.3612,-4.6665,7.1302,-5.9893,-2.5832,-0.6728,-6.1083,-3.5035,-6.3952,2.9192,3.796,5.6327,7.7322,9.7831,4.3471,0.5361,0.5499,-6.5201,-4.8999,8.4942,-0.895,-7.7492,4.875,8.5,6.4619,-3.5286,-7.1496,0.4496,-9.061,0.4103,1.959,-4.7011,-9.9889,6.9692,6.7046,5.3248,-7.5032,-5.7646,-7.0069,-4.8755,-4.7808,-6.768,-6.0862,9.8712,8.6114,9.2827,1.6425,9.8409,-0.5877,4.7794,-8.6461,5.4687,-4.0002,-4.1301,1.4878,0.3988,-9.025,-9.5626,4.9111,-0.2152,7.3296,0.5417,-3.8538,-9.7838,-6.3886,0.3537,7.7835,7.8523,-2.1524,9.6596,3.1053,-3.4787,5.8718,0.4701,-0.688,9.1563,-2.1647,0.1932,0.7161,0.7959,7.8371,5.4452,-6.1964,6.0851,-3.0279,-7.5543,-3.2071,-7.0266,3.8984,7.3198,-2.0329,-6.0873,1.853,-6.6113,-4.0817,8.2018,-0.567
-2.6596,-2.0364,1.3383,-4.8568,-9.1326,2.904,-7.8067,-4.6636,-7.0381,5.6939,-9.4799,-1.7222,0.3907,0.5821,8.51,9.3476,2.9432,-6.2872,7.9184,-0.0474,2.7801,-5.9569,-5.259,-6.7575,2.1011,3.7489,-8.844,-5.3139,6.5288,-4.8059,-8.8276,-8.3908,5.9951,2.2036,2.9976,-0.309,6.0843,9.0941,-7.7507,3.5836,-3.5906,1.5019,2.8827,-8.6002,-4.6563,-3.4424,-2.0749,0.5645,-7.9373,3.7275,8.278,-9.081,9.02,0.3031,1.6426,7.4773,-3.9227,-5.8372,5.674,1.637,-9.1617,-4.5443,-7.3535,-3.971,0.7935,8.1868,0.7681,8.7722,1.2148,8.5432,-2.2621,-4.1537,-0.8172,0.297,7.2219,-3.0749,-0.4926,5.5005,1.9403,-1.2456,6.596,-0.2283,-0.9053,-9.0728,-9.4999,-3.8617,3.8711,2.7431,-7.5892,9.9815,-7.677,-9.169,-0.4137,2.2293,-3.1251,5.241,-2.2632,3.8936,9.4416,-2.1421,0.9762,-5.3002,-7.0101,-2.8614,5.2537,-6.6723,5.7179,8.1214,-0.6741,-3.817,-4.4524,-9.4995,-8.4941,-1.9347,0.9142,3.4503,-7.1462,6.21,-7.9751,4.1624,2.416,1.0012,5.8426,-7.5624,9.4969,-7.268,-6.7477,-5.6396,-8.0825,-6.6598,2.9315,1.6838,-0.6416,2.364,-3.5261,-0.2608,-6.8178,-3.597,-0.0844,-8.8604,-1.4677,-4.5237,2.1923,7.1426,-4.849,4.5996,-1.8387,-0.4168,9.2977,-1.3389,8.9758,6.1589,5.3866,5.3035,-5.1922,-4.7271,-7.6345,-4.2301,5.6868,7.8696,-7.0445,-3.5591,3.12,-0.8107,3.0451,5.9979,3.6881,1.8277,5.8629,-7.3842,5.5601,5.8428,9.5674,5.4633,8.2652,-5.7908,6.422,7.9886,-1.0148,-6.2525,-3.5287,-9.324,-2.8648,0.65,9.9649,3.237,-3.0701,4.4014,-5.1561,2.9405,7.8377,3.9442,-0.0599,7.8912,-7.3664,4.8624,-3.031,4.5735,-3.5183,4.3152
-2.1601,2.7099,6.9109,-4.3642,-5.9105,2.0852,-5.1755,1.7264,-0.6915,6.2123,-0.0501,3.4328,-4.3214,-1.9156,-3.8403,-7.1967,3.7192,3.4713,9.529,3.9685,-3.038,2.1805,0.9552,-2.6876,-3.7829,5.9872,0.3626,-3.933,-8.4048,1.4591,8.0568,-6.206,3.0118,3.6626,3.7626,-3.5533,-1.8251,-6.4487,-0.3064,5.8583,3.9665,-7.2063,1.678,0.8721,9.3817,0.6243,-8.9433,0.1431,-8.9838,-4.6929,7.3744,-4.4241,3.0703,5.9893,1.9719,3.571,-2.1083,-0.4301,3.452,-1.8595,4.8115,7.8366,-7.8904,7.7127,-9.6717,-0.8291,2.5962,0.4237,-5.2482,1.821,-9.7171,-5.8424,-3.0386,-4.878,8.9396,4.1978,-2.2171,7.0075,-7.4417,-2.2978,-6.713,1.7161,2.321,-8.2841,-9.3963,-9.8958,-4.1224,7.6665,2.2455,8.1599,-1.5428,-6.6419,5.8296,-0.1127,-0.7157,1.5125,5.349,7.452,1.1844,-8.9212,8.1043,-1.3484,-2.8956,3.4134,-9.2764,5.2243,-2.8005,-5.8227,-9.9048,-4.6313,5.6191,-6.7291,7.6311,1.3294,-1.7984,4.2724,-5.2273,5.8685,-3.6368,4.2729,4.4087,-7.1319,-9.7014,8.4479,3.4651,3.0212,3.8612,9.9663,-6.8691,-5.6216,5.5199,-7.2071,-1.5417,8.8002,-3.1766,3.0343,-1.7171,-6.1992,0.2852,3.7098,2.8777,0.2766,7.5817,4.7755,-6.6978,4.4271,8.7007,0.3219,-5.5695,3.0071,4.8881,7.1567,-9.3108,-5.7825,-1.0338,1.3045,-7.6556,4.0929,2.685,-9.8759,-8.21,-6.1674,-2.2681,-1.3819,-9.6336,-9.4854,-5.3815,-5.178,-3.2307,4.0906,4.2731,4.0853,-1.8033,-2.82,8.0305,4.107,6.6976,-2.2187,7.6009,-4.0215,-2.6008,5.2258,-6.3373,-4.5897,-6.236,3.7131,-8.7431,-3.6027,-4.3151,-4.5108,-0.6347,-6.6581,-3.4718,6.6654,-6.2592,-8.157,-1.0123,-6.6808,8.0073,2.5963
-0.527,-4.1171,-8.5216,-8.9058,-8.9807,9.7512,4.5064,-3.1828,-5.5363,4.3436,-0.4295,4.4366,5.3419,9.0681,1.1836,-1.6176,5.8924,-3.344,-4.3338,0.8619,-2.5523,-8.3981,-8.5005,8.6632,-0.3223,9.5013,-3.6206,-4.1313,-5.1992,4.2999,-1.4007,-3.9159,-5.3916,-3.1587,-2.3122,9.5348,1.7764,0.1621,2.338,-7.9814,-2.4272,-2.3619,8.8462,-1.7877,-7.8516,-2.8593,-4.9061,-5.5188,-4.0163,0.0555,-3.5341,0.0044,-9.0616,2.3975,-1.7872,-7.7035,5.9797,9.9203,-4.7281,-7.8427,6.8861,8.5439,6.1189,-7.5911,-9.6091,-6.3009,5.6447,2.5145,4.9344,9.8462,8.1336,-7.7186,7.2961,-0.4869,9.8671,-4.8664,-2.1449,5.6611,7.5989,5.2913,-7.8136,-5.2662,-5.6586,-3.5542,5.0465,9.4197,-4.3596,-9.6785,3.7113,0.0476,-7.955,1.491,-8.2047,-8.3046,-1.122,4.3015,4.6219,1.4091,-8.2862,-2.0404,-6.8982,5.0929,-4.0275,2.181,7.4503,-7.8178,1.2759,-4.7504,3.9664,4.1596,-8.6809,-3.9939,3.6486,-1.8843,-8.7999,8.5528,2.9811,2.3294,2.2998,-7.1492,-9.4944,-8.2798,-1.2652,2.1856,2.4828,9.2886,-4.2366,4.5816,8.7462,-1.7998,-4.6381,-2.4892,-7.4759,-5.2696,2.7268,-3.5833,0.8656,-6.2529,9.0218,3.8265,-5.0473,-6.9621,-1.8927,-1.2439,1.113,-3.1604,-2.4509,-3.2234,5.2966,8.7199,9.1864,-7.0561,-7.241,-4.9502,2.5421,-1.1388,-6.1259,9.6373,-3.6823,9.286,-6.5531,-6.5119,4.4251,6.711,2.2598,-6.4662,6.5282,6.4291,-8.3725,-9.1972,-4.4016,-6.7892,2.7923,2.4344,2.5119,-4.5318,5.3093,-1.0039,-7.2608,-6.2935,-7.4655,-6.8667,-6.0883,-0.3778,1.8631,-1.1879,-1.9558,-1.5851,-1.2527,-6.2558,-1.6447,-8.935,-5.4532,-7.71,-7.8413,-9.0496,-0.7675,-3.4882,-2.0479,1.6105
-4.1809,-2.5746,1.7133,6.8511,-7.0121,-2.6373,8.6394,5.4408,-0.9776,6.7833,-7.3593,-2.9802,5.8329,-1.4013,-6.0588,-8.8529,-9.1199,-0.8399,-9.0187,5.0967,-7.2397,5.7905,9.7121,3.8889,6.0001,6.5388,4.0402,5.555,9.3196,7.1285,-4.0003,3.3584,6.9628,2.9064,-8.9636,-8.6526,-0.0568,8.0089,-4.3564,-2.4752,-2.5418,6.399,2.5031,-4.5206,0.0803,-9.6169,-7.3133,-7.4683,-5.7154,2.7906,5.1594,-4.2129,-7.5811,-6.2993,4.1903,-8.6485,3.1338,-3.5859,-7.9008,-3.434,-9.9694,-2.1931,4.531,9.4965,-8.1937,9.1805,2.0483,-5.0811,-1.8577,-9.6847,4.1228,-3.1738,-4.0472,6.7703,1.7481,-1.2139,-7.9488,-6.2639,7.0496,2.1128,-0.8745,-1.9293,-7.9191,8.9938,-0.1025,-5.5195,-7.8913,-2.8983,6.1166,7.0006,1.1146,-1.4593,4.7978,-7.2726,4.5683,-2.1957,8.6049,-7.1362,-6.0626,-8.5114,0.7835,-2.9871,-6.1016,1.9882,-5.9022,-5.2306,-1.2886,3.5915,-8.2517,-9.4405,-6.4209,2.6453,1.6871,-8.2097,-2.3247,8.9397,3.7251,5.9124,-6.2423,2.3916,4.9393,-7.0249,-8.1225,8.2264,6.4019,2.8509,9.9956,-0.6054,-0.5185,0.4016,-1.3389,9.4353,-7.9957,-5.0643,-4.1873,7.7166,-4.5203,-3.0491,-5.4126,-4.61,-9.8116,5.6605,-0.329,1.1673,-0.9643,-9.5602,-9.5415,4.5466,-8.4769,-9.5484,4.1749,0.6776,-9.5947,6.0322,1.1065,1.5915,-9.3403,-3.7377,5.2809,-6.6081,5.3991,-8.8631,3.1072,-6.296,7.6498,-8.7869,-3.7843,-8.6347,0.8016,5.1624,-0.316,8.3515,-7.5371,1.519,-0.95,0.0391,-4.6262,9.4195,-7.2362,-5.38,6.0232,2.9398,-9.8739,-5.6997,-8.4277,1.5664,8.9083,5.7656,-2.4831,-6.6329,-8.85,1.5035,2.6752,-7.8126,4.0666,5.4125,-2.2113,-3.5299,-5.0068,6.337
-6.3501,9.9827,-9.8683,-8.2227,-5.6728,-3.1181,-3.3388,-5.9818,-6.1337,-5.9413,8.9091,-0.0004,9.3148,-3.9277,2.3956,3.6723,4.0723,-7.132,-8.6022,-5.2866,-2.3891,3.2155,6.3407,-9.6711,-8.8897,-5.4329,-6.7533,-9.4373,-1.3276,-8.2158,-4.3875,-0.7409,6.0832,7.8404,1.984,-6.8339,-8.3571,0.631,-0.7621,7.5031,-6.5396,4.4815,5.7124,5.5951,1.6273,7.219,-2.5976,-6.2948,2.359,8.4651,-0.8688,2.035,-1.9729,7.0398,-1.6905,8.3998,-4.6901,-3.2088,8.582,6.1825,5.608,-2.6972,-4.7286,9.0731,-0.4167,-8.9768,-7.0032,-0.4756,-3.5143,-9.4686,2.2425,8.6401,7.6602,-5.1487,-3.2679,5.8949,-2.656,5.024,-7.671,1.2845,6.1054,3.055,-2.8691,-8.2835,-4.6087,6.8405,0.5052,4.9586,8.3306,5.4663,8.014,-5.8478,-3.3852,0.66,-4.6201,-3.8796,-3.0292,7.2017,-6.2335,5.0843,6.2459,-0.252,-4.9114,-9.1936,-6.9527,9.1135,8.8348,4.1724,7.6369,-8.1978,-6.9385,6.5539,2.7333,-4.315,5.7774,-2.6165,-0.3984,5.09,8.0177,-0.3806,7.3709,-1.7714,1.7694,3.7276,1.1745,8.0788,-9.1199,0.8822,-2.3354,3.9305,9.9622,-8.247,1.6263,8.7133,-5.0151,-9.7578,-8.3393,4.2584,-4.4714,-4.9002,-4.8102,-9.1102,-4.6402,0.1009,-7.794,3.5754,4.7378,8.7673,1.4656,1.7103,-2.7157,4.2224,7.6599,0.3246,2.3404,-9.4839,-1.6659,1.1288,-3.4553,-9.7159,-6.7324,-3.7349,3.103,5.1907,0.5687,0.6841,-4.1355,-0.0151,1.2152,-0.5011,7.3689,2.4536,5.574,-5.4432,-6.2486,-2.3537,-1.4327,4.067,0.7633,4.458,1.8553,-0.3556,7.2686,6.188,-8.1875,4.1452,-5.0532,6.0591,-4.0986,9.6609,-1.1105,-8.0693,-1.9513,2.707,-2.3423,2.5613,-9.1066,-1.2214,2.6008,-5.4835
3.6978,-1.7994,8.7508,-3.6509,4.3572,5.0579,3.7879,-9.1397,-6.2688,1.9361,9.4996,6.7494,3.7109,2.7995,-4.3274,-7.9392,-9.7143,-3.9823,-1.8715,5.2253,-4.7207,-3.7052,-1.3243,-3.4161,-4.6595,-2.8092,1.522,7.3144,3.6871,-1.6013,-7.988,1.6668,-7.2367,3.6437,-1.64,-6.4537,0.7226,0.9921,0.4277,9.5923,-4.6471,-3.4594,8.9416,2.4196,-7.423,-7.2752,-7.4529,5.7468,5.2444,7.1862,6.8148,0.6008,6.3959,9.1239,2.5067,-9.9566,-6.5217,9.7511,9.7491,-1.1768,6.6651,5.5524,5.2817,-7.2889,7.851,3.6895,-0.4848,-6.4913,5.8377,-2.668,-0.9646,-2.4242,8.7595,-9.0037,-5.4573,-4.8528,-5.0881,4.136,-8.1122,-4.2762,1.5019,7.7263,-8.8942,-9.1961,-4.5327,5.6805,-1.7452,4.4498,8.8139,-7.4033,-1.7436,3.2897,3.1475,-5.6706,-9.019,3.7548,9.7991,0.6688,6.2467,-7.5382,6.2839,-2.7925,3.3682,9.013,-2.7786,-0.8846,-3.8155,7.4143,-6.1106,-1.9757,2.192,-5.7537,-1.45,-8.2078,-5.9527,-1.6165,-4.1686,0.2638,-4.1749,-7.3566,-0.848,-7.4427,-2.7493,3.3701,1.3156,0.1135,5.6764,-5.9365,-7.3464,3.9878,-0.1668,8.6247,0.4293,9.2568,-2.3215,0.8045,-2.3143,7.1451,2.8986,-5.7871,0.2627,-1.3686,-0.77,-6.0169,2.5309,-9.5123,9.6725,9.5589,0.4657,-1.28,-2.558,-6.003,7.4748,9.2176,5.0807,3.5118,-5.4552,5.049,-9.4259,-2.3656,-5.5009,5.5573,-1.5046,-7.8698,0.1464,-0.1233,4.2463,-9.49,8.3518,-7.8036,-0.9078,5.9357,2.1456,-8.4563,9.5858,-7.484,1.2462,-9.8945,-6.6768,-9.3987,8.7027,3.378,1.342,2.0768,-5.8835,3.705,-1.8462,-3.4364,9.2312,-6.9353,7.7199,1.1487,6.1731,4.8903,3.1431,-6.0038,1.7503,-6.529,-3.5362,-3.0738
9.5945,4.0234,-2.9496,-5.8272,7.1886,0.3239,1.13,-4.146,9.3325,1.4883,0.4076,4.4393,-1.9637,7.4246,0.8706,-6.9489,8.4876,-9.3368,8.572,8.3806,0.0145,-6.4547,5.3232,-8.8373,-1.1042,1.7481,-2.2092,8.9212,-4.5384,-4.167,3.9087,6.1526,6.9629,-0.6592,5.6233,-9.2632,3.6033,-8.8465,5.1768,-3.898,-5.0323,0.0991,4.1586,-3.2946,-0.3375,-8.3271,8.5574,-9.3442,2.2658,-4.8612,7.0276,9.1155,3.9424,9.5047,5.9869,6.1309,5.9071,-1.5298,6.1349,-8.6905,-4.1322,9.0599,0.5109,5.1865,-6.9012,5.2461,7.6152,-0.9659,-3.4697,5.2681,-1.569,3.4352,5.3895,7.1977,7.3358,8.7206,-6.366,6.1297,-6.4214,-0.5102,7.9044,9.3342,6.7137,-8.3621,3.2133,7.7557,9.266,-8.0925,-5.1022,-2.1782,9.2593,-1.6915,7.222,-2.3604,7.5191,-0.4986,0.8558,0.0297,-1.0742,-1.1047,3.8224,5.773,-1.0137,-2.2011,-7.3135,3.1935,-5.3267,-4.6246,-9.3025,-9.9329,-6.0003,1.9373,-6.807,-6.9242,3.1256,8.2691,9.211,0.3258,0.573,-9.8009,-9.3426,-2.0504,2.5404,-9.7478,-7.6058,-6.016,9.0783,-3.8246,5.0214,-8.7694,-2.7935,0.0387,-8.1085,4.6152,0.6828,-1.8494,-7.2496,7.6765,-0.4529,2.2094,-1.8738,5.2325,-7.0712,5.8269,5.357,6.6264,9.9798,0.5293,-1.8697,7.2161,-8.0479,-9.4397,9.9527,-2.0393,9.9911,-9.4339,7.1798,-7.1943,-0.1581,-1.6771,0.1136,6.1234,-7.4812,7.8341,3.2082,8.3767,5.3523,-2.5826,-3.0002,0.944,-0.6806,7.7682,4.6505,9.3808,-6.6939,-6.757,9.6271,-5.7425,2.8556,-4.3323,1.9371,7.0172,-1.0255,-4.7506,-4.3497,-6.2097,-2.0009,-7.8118,0.6173,4.7333,-8.7137,-5.7151,3.8757,-9.1029,-6.4315,-3.8233,6.2804,4.8657,-3.8692,6.2803
8.0235,-3.4026,6.7328,-7.8449,2.0878,8.442,-9.0345,3.3887,3.3555,6.5494,-2.0692,-6.3576,-1.4748,-9.2596,7.7834,4.5543,-4.4632,-3.9943,-6.2632,-3.1502,5.7992,6.0064,3.5424,8.2364,-6.293,-3.2061,-3.7691,-4.6276,8.7551,-1.2289,-2.7206,-1.7129,7.0258,5.0748,5.4037,-6.2707,-4.2325,-7.1597,-1.6095,5.9818,4.2678,3.4219,-9.7462,9.6068,-4.4559,4.764,2.8383,-2.661,2.4862,-0.7063,-2.6258,3.5803,9.6184,9.7585,7.6965,1.7791,9.8989,5.6525,2.1436,1.5584,-9.4809,5.69,2.4581,6.0269,-1.4303,3.1805,1.807,2.5723,-2.5522,-9.1989,-0.1883,-1.9851,1.4157,8.1702,-6.8741,3.3839,-7.4662,-0.299,-8.6728,0.1252,7.3579,0.4824,2.4605,-0.5113,-0.4391,3.1551,1.7449,-9.9745,-9.0975,9.1387,-2.2886,-5.4625,2.6281,-5.8307,2.5157,-4.2774,1.2879,-4.993,2.8428,5.4839,3.4978,-9.7009,3.9851,5.3293,-2.7394,-8.952,0.2872,5.1401,5.7255,-3.3576,-2.8069,-1.2725,-4.0534,-4.1804,6.9387,6.0243,8.8056,1.2927,-4.3187,-5.8763,7.6004,-0.3844,0.248,-0.791,-2.3165,-7.902,-2.6252,7.129,-3.5623,0.0383,-0.3436,-0.0976,-3.5672,3.4787,3.0096,-1.4762,8.243,-7.84,8.4996,0.3085,-6.7668,-9.5089,7.4542,-4.1816,5.0957,9.3326,8.3921,8.2621,5.8912,3.8282,7.7325,-4.1418,-1.3974,-6.1422,-9.3049,-9.2486,9.2918,4.2184,0.7839,-8.4335,-4.0288,-5.0724,0.5809,-3.4785,5.9142,5.8668,0.2143,4.9535,6.7821,-9.3679,1.783,0.7234,9.701,-5.0342,-9.1107,-1.6885,6.0815,-8.9553,5.4238,9.6191,8.6501,4.1072,5.3602,3.8894,-0.3151,-8.2568,-5.9379,-3.2844,-1.8548,2.4418,-6.7646,9.9677,9.0384,0.865,-0.0623,-4.3392,1.9929,6.0371,9.2335,8.5343
-9.8167,-6.2714,-7.5317,-6.4855,-0.3329,-6.0526,-8.1136,-1.4999,9.2936,6.141,4.8478,-4.9302,7.3563,-4.8737,-5.2594,3.1942,0.9792,-9.4598,-7.5889,-6.2768,-2.6648,6.6999,-9.7328,1.7735,-7.6595,5.3387,6.9909,6.7626,-3.6075,6.3948,-9.1128,-5.8603,-2.547,4.9837,2.9084,0.146,2.3717,9.0053,1.9429,8.456,0.607,-9.2841,3.2649,-8.8766,-7.0117,-9.2342,-3.4263,-0.0716,3.6832,1.1894,-1.3653,-8.8746,-4.5176,6.4647,1.1503,5.6792,-4.6987,0.9658,7.6151,6.0173,5.7046,-2.842,3.1675,-4.1513,9.4384,-0.2364,1.3389,-7.5932,1.563,3.7093,9.0272,-4.0215,-7.9051,2.306,-9.9801,-6.8472,5.6538,0.4899,5.4013,1.4698,-5.1405,6.6576,2.7784,0.6912,-7.2422,-1.7719,-4.5669,-9.7675,2.9075,-5.8033,8.56,5.6422,8.6013,-2.1044,3.4774,0.543,6.7931,6.5423,-2.4647,9.2595,4.1203,-9.2729,6.034,1.7417,-3.6992,3.7777,1.4247,-2.6911,-7.0307,5.7173,-2.8199,-4.8109,4.5211,1.0417,1.2494,-5.5116,-0.6428,6.463,9.8563,-3.4588,4.6318,-1.2024,8.1998,-9.9427,-5.6547,-7.1204,1.0821,2.2475,0.1089,-9.7446,2.6529,-3.2306,7.7459,7.4866,-4.7765,-9.8693,-9.8215,0.8403,2.1528,6.5068,-5.6592,-3.3653,-8.9725,-6.0534,1.1836,-6.6641,-6.3053,-9.171,0.7128,-0.6793,-1.1634,-5.3465,3.7031,0.0325,4.7514,0.6406,-0.4024,-4.7572,0.3287,9.7046,-4.0998,-8.2368,-2.2268,0.6787,3.1627,6.721,-2.8234,-8.8719,3.512,-5.4806,-5.3387,9.4463,-5.5795,-0.0152,-1.902,-3.8532,5.445,9.9742,9.8066,-4.0213,8.8096,-3.5186,-9.4576,-1.4441,-9.7189,-4.2511,0.8091,6.6792,1.1949,1.1462,-4.7777,7.5647,3.5644,-1.6454,-9.3795,-3.2994,-0.6512,-6.903,8.0202,-9.8664
8.5208,4.4105,6.9559,-4.709,0.8897,6.3306,0.3253,-7.3571,-5.6075,-2.9985,5.4219,-6.1959,2.1655,8.0087,6.2961,-3.1647,5.9146,3.7795,-1.4045,-4.9719,-6.5994,-6.0021,8.3195,3.5735,1.6445,8.8744,-1.0095,6.1949,9.9469,7.7545,-6.4303,-2.7202,3.4839,-9.6798,1.3812,3.7281,8.3772,-1.1049,-9.3532,-8.5311,6.1842,-6.3622,0.0313,4.4152,-1.8865,1.5851,5.5239,-6.1875,-3.1824,6.4338,-3.1099,-7.9311,-6.4117,0.0362,-5.372,-5.2202,5.571,3.068,-9.1399,6.6257,-2.3276,-7.2278,2.607,-7.5478,9.259,6.1533,6.188,9.4469,8.4032,-5.6728,-2.9463,2.2649,3.775,-8.6685,-0.4165,-8.2092,7.3734,5.0092,1.4894,5.1081,-0.9953,5.6706,4.5859,-1.298,8.2747,-8.0341,0.84,5.7102,8.2702,-2.9409,-8.0358,6.0967,1.5064,-1.3372,-1.7428,5.3334,2.8061,-2.7481,2.4302,4.5141,-1.9559,4.1094,-8.5281,-9.4253,0.7831,-4.6245,-2.5387,-8.8067,9.7122,-3.4524,2.5731,-2.0748,8.8735,8.314,9.0725,0.0086,-1.6445,6.6849,-8.9543,-9.695,7.8481,-8.1434,0.9063,8.6878,-6.3363,5.05,4.8652,5.5871,-8.5025,9.0898,0.1892,7.1188,2.5571,6.2606,-8.941,5.7266,9.6383,2.9011,-4.5232,0.3179,-2.4297,-3.6386,-2.5915,-1.6608,-9.802,-3.4568,4.63,-2.8613,-3.2799,-9.417,9.4471,6.9747,4.3219,3.1828,-1.3645,6.8586,-9.5738,4.0192,-4.6626,-5.949,-8.5259,6.7132,-0.2949,1.8704,-7.5466,-3.7105,-6.4472,9.2234,-8.6869,7.9921,8.2304,1.31,-4.0065,7.3178,5.1218,3.478,4.0329,9.6667,-9.8235,8.2434,-1.777,4.7303,8.827,8.7294,9.6218,-0.4317,8.4888,7.9409,5.2641,6.7058,6.6261,2.0019,1.7388,-3.5191,7.6259,9.8268,1.343,6.3314,-2.6971,5.4393
-3.3171,2.5065,7.596,-7.8592,-3.1738,-9.89,6.4904,9.5468,-2.1481,1.3485,-5.8056,-1.3826,6.4707,7.0874,-0.9817,-6.8283,-5.2896,8.7607,9.611,-1.902,1.4427,-7.6816,5.7179,-6.0552,7.7269,8.0015,-7.7128,2.6408,6.825,1.0977,7.2122,5.9931,7.3512,-9.4173,-4.5373,-8.5594,-8.6874,-6.5981,1.6218,1.2908,-5.4034,1.7998,-8.6659,9.0862,-7.7373,5.4018,-8.8967,3.5734,8.8488,9.1326,5.4539,-1.0477,2.832,-4.8679,6.3423,5.0141,-2.6576,9.976,-8.456,8.0118,-7.2515,0.891,-3.4747,6.3159,3.9385,-4.8953,-9.4846,4.718,4.9651,-0.0148,4.05,0.8916,-7.208,-8.673,-5.8896,-9.2338,7.2066,3.7049,7.1827,0.137,-4.9065,1.4652,8.8153,-3.0413,0.56,2.1317,6.9321,2.4086,-6.6155,9.5646,0.6335,1.0726,4.3061,1.3356,4.567,6.917,9.8085,8.8504,-0.5455,-1.5737,8.9803,-7.1226,6.902,-7.4422,8.1866,9.7206,9.7081,-1.9562,-5.6874,3.116,6.6893,-3.5182,-3.9777,-5.5177,-0.832,7.3274,-7.3457,2.3622,-3.0526,3.513,-4.8561,-1.8764,1.3771,-9.0001,2.7553,-3.2813,7.9685,-7.945,0.3807,5.0485,-6.2979,9.4938,-6.2096,9.5432,7.9048,8.6705,3.5327,-0.2549,-3.9994,-8.1408,1.7282,-8.4354,-5.6158,-9.5942,-3.9357,-5.1752,-1.9553,-6.882,-9.5288,8.5419,2.2823,9.9518,-2.4203,7.6293,-9.3066,5.0338,9.1613,7.0437,1.3838,1.1088,-1.3116,4.9699,-8.8473,4.7581,-3.9748,4.2927,-9.9909,7.409,-6.8748,-1.1157,-7.9059,4.3693,5.5839,0.6528,-4.7775,-7.456,-3.7522,-1.8649,-2.8986,-5.0714,8.4504,2.2283,0.0007,-1.5818,0.4594,6.8728,-6.9456,-7.1879,-6.3422,-4.9794,-1.4384,9.0981,-4.9764,5.2651,-6.1977,8.0068,9.5455,1.0539,-4.7469,0.8066
-1.6204,2.4578,-1.6441,0.5876,9.0973,-0.137,3.6587,-2.5106,-6.7863,5.8646,6.3189,-1.8106,0.2468,-1.5673,-3.2144,6.4351,-2.3778,4.0859,-0.5899,0.2654,8.5776,-1.3514,0.0686,-8.3794,-2.9282,6.1494,-6.6917,4.2281,9.2595,-4.4768,5.041,-4.3801,7.8543,6.3521,-7.7652,-9.7818,1.5761,-3.8513,4.5559,-2.2377,-4.4684,-9.3295,0.0937,6.0887,-0.8375,-0.9708,-8.2509,-1.7285,-1.5996,8.3689,-6.3049,7.6992,-0.0793,8.2174,9.1599,-9.6786,3.57,5.3184,-1.6215,6.4481,-1.4957,7.1281,4.489,-5.0796,3.0143,-3.1029,6.1398,-4.9924,9.8987,-6.4718,9.8829,-3.2047,-6.2371,8.555,2.9612,6.9034,1.713,-9.4719,1.0961,-0.7772,7.7212,-8.3127,9.9115,1.37,1.4068,-4.7576,-6.7228,2.0718,-7.4404,0.1592,-4.4273,-5.3928,-5.6897,-3.6879,-1.8229,5.6543,-0.9378,-7.821,2.4677,5.5067,-7.103,-5.4871,3.3522,8.7253,-7.0068,-3.4514,-6.6913,3.7621,1.1554,0.4847,-9.1745,6.6965,-9.4619,4.6724,-3.3273,9.7019,-1.9041,1.4923,-9.8417,-4.9926,-5.7641,4.8739,-5.5193,0.198,-0.819,4.1191,9.8892,3.5984,8.457,8.2316,1.3072,-5.5392,4.156,-8.2046,4.6003,8.4952,-7.1928,-8.3817,-8.5839,9.845,-1.129,1.0407,-1.6571,9.4229,-4.7962,-5.6723,3.8092,-3.9593,9.9787,-2.6567,-3.4677,5.9628,-6.1268,-1.8096,-2.1406,-0.6157,-8.0259,-7.8576,-0.8209,-9.2898,8.9254,7.5687,1.7292,-3.9044,-0.1,9.2648,-6.0653,-4.0967,-0.0752,-4.1482,4.218,2.1649,-1.6244,-1.4892,-6.1442,1.6371,0.7115,1.018,0.0551,9.1302,3.8197,-6.4709,1.3841,-6.4687,-4.4069,7.321,-8.3277,-7.0917,-8.3091,4.287,0.6586,6.2028,8.6583,7.7292,-7.9943,-1.0209,-3.289,4.2677,6.1575,-1.54
-7.1134,2.6276,8.0265,-0.0665,-2.9957,-5.726,-0.6778,-9.0715,-8.5487,2.4961,9.9935,8.0891,7.8318,-2.3664,8.5991,9.3314,7.0511,3.425,-6.8324,-3.8236,3.5286,-8.0249,5.2219,0.924,9.7681,-3.5064,-4.0181,-4.0022,5.5208,6.0814,-6.3166,0.82,-9.2585,6.9878,7.8103,-5.7919,7.3659,-0.5884,-7.9717,-5.1391,1.9148,8.4653,0.1635,9.685,-8.0233,-8.8271,-8.1856,-3.8565,-0.5046,0.7163,-2.9482,4.4319,-7.3961,-5.8895,-5.4862,4.0035,-3.2075,0.3343,0.3674,6.5521,4.5139,-4.634,9.3107,-7.8558,-8.5294,-9.0359,0.5006,1.2322,-0.1999,0.3801,2.9591,6.6734,-1.2121,-8.355,8.0727,2.7464,2.8544,3.9794,1.1621,-3.9074,9.0152,-5.4095,9.196,-7.8859,9.5483,6.6181,-4.1729,-3.0149,-6.9878,-9.578,-3.7052,8.3393,9.0549,-6.8564,8.4694,9.6296,-8.8756,-7.3131,8.4491,-7.2416,-7.6255,1.0014,0.9733,-8.9542,-4.0054,1.4977,8.125,3.7606,1.7442,-4.8136,8.4255,3.0662,1.4036,-7.2845,4.1476,8.5424,-4.7678,-1.2177,-3.7173,-1.6172,-5.5205,-2.6355,8.9845,9.9764,8.6507,-0.1766,3.7246,2.6129,7.918,-7.414,-1.2848,-0.5613,-3.2655,-0.2518,1.0456,1.8291,-0.179,9.5139,-9.2346,-5.3966,-2.0131,6.9314,8.8148,2.3062,3.1286,-2.1831,5.2058,-7.9707,-9.5248,-3.9111,-5.3223,8.2706,4.4525,-3.2865,7.7689,-9.7178,-2.6768,-2.8314,9.014,-8.8601,4.4726,-4.4175,8.0376,4.5841,-3.9422,-7.852,-7.4959,0.0497,0.0105,-3.2573,2.7955,8.724,2.6199,-9.3142,-0.032,-1.8357,9.0893,2.8742,-0.0517,-9.6003,7.1996,3.983,7.9272,0.7532,-1.6274,6.2174,1.9778,-0.7655,0.303,8.1363,-6.3107,0.3419,-2.5902,6.9798,8.6928,-1.8054,-1.52,7.8078,3.3735,5.4554
-4.5164,6.8432,-0.0594,-4.3875,-8.9976,2.3515,-2.6668,-2.5287,-5.8473,-7.8824,-0.2204,-8.0069,8.7909,-3.1915,-3.9143,-4.3281,6.6462,8.9382,8.3001,1.6427,-6.6742,-1.5871,-4.7028,6.8801,2.9283,-4.6974,3.7564,-4.3646,-5.4126,-3.6351,8.4545,-0.3442,-3.9698,-6.4567,4.7629,5.0742,-1.4293,-3.7454,-3.6729,-4.8397,4.9194,2.0455,-6.2298,-7.0837,-8.2702,-6.5317,-7.8125,-1.0826,-9.8522,5.4187,4.7017,4.3642,7.8004,7.0069,-6.738,-8.3168,-9.0272,-1.7555,-3.8989,4.2613,-8.5573,-6.9269,-7.0546,-6.661,-4.1424,7.3613,-3.8349,1.5233,0.9849,7.2985,-1.5388,1.0793,4.5294,-2.7011,7.2937,7.521,7.9389,0.0487,5.5574,-4.7954,-6.1907,1.9462,-8.12,-2.6803,-6.3804,-1.2207,9.8657,1.8266,-5.8877,2.4395,3.6245,0.7315,6.5683,-9.1568,1.4622,-5.2591,9.304,-5.7061,9.4526,-9.5415,-2.919,-8.6931,-1.3215,-7.8712,-4.3689,-2.1646,1.1111,3.3887,1.7838,-6.1729,6.66,-6.7666,-2.0383,0.0104,-6.0089,1.0271,2.9805,-9.9601,8.3866,1.0585,8.8235,-0.898,-4.7249,-2.2045,-8.3421,-9.0576,-7.6062,2.7192,9.0107,3.7556,4.5013,5.093,0.9996,6.1563,-5.9724,-3.3995,8.6818,4.2284,8.4499,6.7969,4.1332,-5.0967,-7.4342,0.5342,-4.942,-6.2621,-8.5277,7.1043,1.6562,-5.7854,-3.6991,-3.4924,3.4626,3.6001,-1.662,-1.1309,8.4916,-6.9695,6.7266,-6.3812,5.7488,6.9664,1.5956,5.7871,3.9252,-7.4373,4.8369,-9.1663,-8.684,-5.1096,3.3457,-2.6617,-0.7921,-9.422,-0.7929,2.4701,2.3899,3.5346,-7.621,4.6824,-1.6938,-4.4074,-6.7753,9.2062,-4.7151,5.3549,-4.3881,8.5727,-7.3098,4.9801,-6.2678,2.5515,-6.5223,0.0622,-7.3944,-5.2544,-6.1883,3.5211,-3.7207,-8.1304
-1.8844,7.1363,6.3885,8.1605,6.1588,8.6287,2.7744,3.0066,6.7062,-8.1505,-9.9482,8.5425,4.3667,1.0496,-1.665,3.9267,0.3467,8.7885,-7.4742,2.731,-6.8999,-2.5952,-1.3337,8.118,-7.4814,8.8396,3.0226,0.4624,-4.2299,1.7572,-6.65,4.4854,-4.4622,-1.6123,-8.8196,-4.4597,-3.0168,-7.1008,8.0659,3.399,7.4072,-9.3817,2.8537,-6.2517,-2.8019,8.1181,6.8287,-8.9867,-6.0083,-2.5544,4.8373,7.6681,7.4231,-8.9738,-0.0563,4.0915,-2.0617,-8.4834,3.8197,2.4717,-1.2401,-1.996,-1.4092,-4.0921,4.4584,-8.0242,7.5521,3.0851,-3.4246,-3.9107,9.7354,3.9828,-9.7443,-5.7662,0.3903,-6.6659,2.4396,6.4393,-2.8589,-9.116,-8.4558,-6.2994,-3.609,1.0961,-7.6451,2.4461,-2.8981,6.3523,-4.2241,-7.4626,-2.6785,5.4195,5.2409,-5.8174,1.2969,-9.5823,4.5991,9.2033,-7.479,-7.8067,7.8292,-9.7511,9.6711,6.5741,-3.5681,7.3548,0.6663,1.4182,-8.9993,-4.5254,6.5666,-8.3032,7.1237,-0.5738,-7.7126,9.6715,6.2,5.4036,5.0594,6.6439,4.2433,-9.9232,8.2658,5.4428,8.1812,-0.9804,8.9985,3.1604,-2.1503,-2.4348,-2.013,-8.427,-0.0915,4.8431,-4.9086,-8.692,-0.1865,-9.2743,8.0517,-6.5912,3.339,6.4527,7.3469,8.6757,1.4645,3.944,-5.6354,-5.8857,7.2381,-9.9058,-5.3587,2.3022,2.5895,-3.4683,8.4083,-9.3932,0.2599,5.9297,3.345,8.8193,-0.7146,-2.1158,-2.4571,0.2846,-0.2894,-2.8331,-6.2671,-2.3028,4.2118,-8.3938,6.8714,-3.6511,5.3461,1.2437,8.9129,4.7156,-2.921,-3.3908,-0.1066,4.1324,-1.7213,4.266,-4.318,-0.5357,-6.5603,8.2462,2.6569,5.4252,4.2683,-9.3059,-5.0597,2.8633,2.9714,-7.8751,6.1054,-4.6186,-8.025,-1.6776,1.8963,-4.139
-5.2747,5.8626,6.3347,7.5866,4.8157,-9.47,-2.6965,5.3041,-8.6277,-6.5492,-7.0968,-2.3209,6.4937,-5.7851,4.0341,-0.6465,7.2994,-3.3146,8.0055,-4.2941,-0.4173,9.3259,7.7792,-5.5469,-2.6913,-2.9774,-6.2122,-2.0893,9.7304,1.916,-2.1958,7.6085,1.6926,4.6519,-7.9799,-6.9721,-3.983,-9.2371,-3.0263,-9.6577,-2.0774,6.569,-6.8687,1.1521,-5.8909,-4.7213,2.4067,-1.8325,9.963,-3.8819,-1.3709,-7.1806,-7.0682,7.155,-7.5719,4.762,6.8321,0.2752,-2.1062,-6.7015,1.5805,-8.2783,4.2471,9.6626,5.3139,1.8157,-5.8391,4.2277,-1.2628,-7.1828,0.0429,3.2291,4.7921,-1.6607,-0.9891,-5.81,6.8669,4.2623,7.3057,-1.8625,-2.0835,-1.5115,6.3848,3.1306,5.003,-6.9379,3.2244,2.5324,4.0305,-1.2166,1.5558,4.485,-1.1042,-4.6312,5.6256,5.2394,2.49,5.9417,9.2396,8.2328,2.0663,-9.4439,-7.9476,1.963,8.6469,1.729,8.8495,0.0479,8.5442,-6.6527,0.5551,-0.196,3.5362,1.2787,-6.451,8.4249,-6.3303,-7.0514,-3.7816,8.4978,-2.4753,-2.806,-7.47,1.2709,-3.4269,6.8924,7.2253,-1.1927,-3.1796,9.804,-5.4564,-3.0167,-7.4809,5.1497,4.662,-9.0016,8.3354,-6.7558,-0.7116,8.1586,-9.898,-9.9718,-5.5701,9.3437,5.8396,-7.752,-7.2169,-1.4398,-3.3061,3.7511,-6.472,-6.0941,5.0104,-4.3523,9.7196,-9.4481,4.4492,-8.0859,7.7295,-5.2607,-7.2092,1.4988,-1.0516,8.36,-1.637,-2.2497,6.2028,3.9745,-3.4636,-5.7733,9.6799,1.598,-2.2988,9.7743,-5.8438,7.9433,-8.913,5.7107,2.4295,-8.6087,-6.4159,-6.0813,7.7361,4.4433,-5.0261,7.2662,1.4631,-7.8011,-3.7497,4.3161,1.3504,-3.2935,9.1123,0.2856,-3.1457,3.644,-4.6452,-5.5396,-7.1701,9.9939
-4.6866,4.2806,5.4216,-8.2791,0.3927,-7.3323,-5.9941,0.9321,-1.4505,-9.3504,4.548,-3.566,1.3677,7.554,8.8335,8.4835,4.476,-1.8447,-8.9333,8.1572,6.0375,4.4622,1.3774,7.151,7.1102,-2.3488,9.5814,-1.2505,4.7861,-4.8383,7.1613,-3.8522,-7.0758,3.3513,-5.4143,-2.3512,-9.8575,-5.9626,-0.305,-4.1094,4.9314,-4.3331,-0.2308,-6.6255,-4.0739,-9.3983,7.5075,5.2745,-1.5309,1.2267,-3.8269,-5.691,8.9551,4.2424,-7.8001,-9.9249,-5.4401,-0.5169,-7.7455,6.52,-3.5882,0.8561,0.2657,0.0013,9.9414,-2.3906,5.1562,-0.0242,6.339,-8.7387,-2.7237,1.1348,-3.2047,-4.1235,8.2114,-1.7785,3.0818,-8.7665,7.3571,-1.2642,5.5066,-3.9961,6.3953,4.512,-0.1724,-8.855,-0.9904,0.3587,8.0999,-4.2962,-9.77,-9.2486,4.6499,2.9672,0.4849,8.7233,-9.5583,2.3206,-2.5353,0.0584,-0.4813,6.0554,-0.9459,-1.7155,1.6137,-9.3454,-8.6045,-3.3071,-8.2123,3.0699,2.4799,-0.1027,-0.3602,4.2431,-1.5335,-9.3021,8.0795,-0.6906,6.7993,-0.1578,8.726,7.9333,5.3386,1.0518,-7.2072,7.4071,-5.6016,-5.8362,0.2541,7.0752,-0.2349,-0.2609,4.3121,-3.8591,-3.2084,-0.0247,8.6998,-5.7601,9.0174,9.6377,7.15,-3.0189,8.0891,-6.3176,-5.7185,-0.2946,5.6063,7.4245,-0.7187,0.0609,4.0613,-1.0685,-8.2271,-7.6626,9.3853,1.8601,-8.1997,-4.7129,-4.858,-6.6326,-6.0199,3.6131,-5.8541,-2.9975,0.5081,-9.7185,-6.4745,2.9538,-1.8844,8.0224,-9.1081,-8.0018,1.6339,-8.4012,9.8988,-1.9088,6.4334,5.7604,-8.5046,-7.1316,-2.2133,-7.2695,2.3812,0.0616,6.9864,-7.5786,-4.0113,9.7451,-3.8262,-7.6623,-1.9637,7.974,2.31,-2.697,5.3217,5.4178,-0.6583,8.2808,0.5433,1.0387
7.3664,-3.4902,-7.4024,-4.8696,-6.7684,8.1458,9.7408,-3.0238,0.7803,4.7028,0.0936,3.7161,0.0529,-6.8089,4.1044,-6.4842,-0.621,9.7083,1.7409,-3.2636,-0.6045,7.927,-3.5194,4.4639,-1.694,0.5164,3.1425,-7.1358,-6.2752,8.2859,6.4054,2.3705,5.0715,1.4957,-1.7891,4.1432,-3.6577,-3.8739,0.5116,4.289,0.3057,0.9655,1.9742,7.1074,8.5385,0.1018,1.2535,-0.5615,4.1883,2.6453,4.7004,-2.1726,0.2583,1.866,2.9744,5.1837,2.7666,0.5827,-1.809,8.4245,6.8082,1.1245,1.7268,3.1493,7.115,-3.2541,-9.87,-3.909,-4.301,2.5547,-1.6811,4.9747,-0.7073,0.3168,-0.3391,-8.3822,6.711,-6.5828,8.4983,-1.4567,2.6679,1.4764,5.7073,-2.8294,-2.2823,-1.8062,6.7354,-0.9137,1.6129,-5.1755,-2.9642,-7.5478,-9.7123,-9.8699,6.9188,8.631,4.6996,0.4478,-2.4663,2.0622,-7.1652,-1.2493,4.999,-7.7302,5.8586,-9.6916,-8.9467,-2.8789,3.2389,4.9446,-3.9699,-1.7262,5.8169,4.2955,8.8634,-4.2908,8.5345,-8.8562,-1.6221,3.5504,5.2249,9.7145,6.7264,-2.5774,6.2796,-9.1807,-1.8865,5.4819,-6.7941,5.2054,1.4636,-0.7288,-9.6603,-9.1988,-6.3513,1.6221,-9.1796,7.4889,6.6636,9.9716,1.7308,2.5026,8.0565,-7.0903,-5.2484,0.4875,0.5703,4.8261,-0.173,5.0704,-9.817,-0.6308,8.1306,0.3521,-8.6507,-3.7234,-4.6154,0.0821,3.9244,-4.7644,-6.0697,-0.6021,4.037,9.3152,4.6954,-9.3005,0.3961,7.9656,9.2262,5.6489,0.7905,-0.4932,1.3871,3.1353,4.8456,-1.7931,-7.5339,-5.619,0.9183,5.4176,7.8186,-8.291,-7.6943,1.6209,-7.1497,-7.1372,-6.6152,9.5955,6.4857,-4.7553,-4.3586,8.2261,-7.6522,-3.3426,-8.5218,-2.7863,-0.6078,5.1563,-8.1935,-8.9286
-7.1415,-6.9841,4.9994,-8.8478,-0.32,3.4433,1.5237,-6.4615,-5.4704,7.7146,-0.2072,8.6786,-1.8689,-7.2242,-4.6599,-9.6246,1.7654,3.9921,-1.5126,2.4176,-8.2566,-5.2926,-3.537,-4.5602,0.188,0.7372,-9.8879,-0.7962,-9.4259,-7.967,-8.3481,-8.9568,-4.9567,1.2301,-3.3577,4.4521,9.629,0.3466,3.4121,-9.3082,-2.3321,-4.8448,6.4211,-2.0665,-7.1082,-4.0622,1.8834,-5.4478,-9.476,-9.9971,1.218,3.0336,-1.5121,-9.3773,-1.094,-0.9387,-3.701,-1.5323,-1.6793,-9.7634,6.0044,7.3996,-5.0199,8.8526,2.5576,8.9033,5.3043,-8.6036,6.8931,-1.5208,-1.598,1.3482,0.3071,-0.4464,5.1914,7.8066,-9.2265,5.8822,-4.7803,-4.5962,7.6594,8.0801,-7.9404,-7.5333,8.3212,9.6487,7.6951,-1.0596,9.7289,0.2843,-8.3455,-6.6779,6.7523,-9.4288,5.1339,-5.7036,-1.1087,-7.5736,-5.7669,-3.5753,3.4508,-8.9542,1.8823,0.1546,-1.202,-2.1025,5.7257,6.9526,-1.4526,7.0693,-9.7709,-4.7378,4.3832,-9.2848,-0.0276,-4.563,4.7688,3.3511,0.5168,-4.2414,9.2689,5.9945,-6.6183,-1.1557,-1.5892,8.7273,-2.0325,1.5899,6.0736,9.9224,4.2654,6.3951,-9.4312,3.8223,0.2659,1.1442,-2.9678,4.5857,-1.8196,7.3832,1.0528,-7.1975,-8.1282,-4.0876,2.7022,-0.0273,-8.0985,-2.9622,-3.4246,-5.8915,-1.2911,6.0833,3.5675,-2.5113,-6.4784,9.7724,-0.59,-6.9598,-0.5296,9.3898,4.7255,5.5242,2.3072,-3.2048,0.4036,-3.0553,9.1611,7.4112,0.1175,3.6475,5.5009,2.5519,-4.3801,-9.7485,1.3603,-3.1663,-1.2937,6.6834,1.6527,-3.4378,-4.7731,-6.268,-3.5819,-9.1655,9.6734,-3.2016,-0.1462,4.2347,8.2105,9.7157,2.649,-6.2366,-5.0579,9.4117,2.2677,-4.6741,-0.8284,-6.7178,6.6076,9.2
1.1942,0.1908,-2.8771,5.0478,-0.506,-8.5833,-8.1319,-9.7124,1.4069,5.1842,7.1119,4.185,5.5044,9.4822,-6.1189,-0.7924,1.8003,-4.6348,8.3844,1.6574,9.319,-4.0306,2.2485,-1.4194,-3.4196,2.8957,-9.2288,7.14,-1.1872,8.6037,5.4401,8.3651,8.792,-7.1317,2.1912,-4.6479,3.2869,0.0578,-9.2256,8.6366,-9.5042,-7.2303,-5.0466,-6.1824,1.6045,-2.8014,-3.483,-9.7479,5.3632,-8.2908,-5.117,5.9994,1.235,5.838,-3.9579,7.0392,-2.4598,8.8055,9.5135,-4.2397,8.3438,-0.4095,-1.0245,7.9437,6.7033,-8.7548,2.6321,2.0108,2.2368,-6.543,-5.9654,-9.542,-4.3026,0.5572,-0.8058,-7.0761,7.2891,1.883,-8.9915,-4.9674,4.3483,-8.2268,-0.1618,-6.8834,-0.3207,-3.7426,-8.3682,4.2962,-5.0097,-2.971,-0.7709,4.0721,5.5054,7.621,1.1174,-6.4955,-7.3186,-8.8423,2.8467,7.8596,0.4282,9.3228,1.7046,0.747,1.1766,6.3871,-5.9808,1.3769,2.1175,7.1788,-8.5117,0.8686,8.9617,-6.7555,9.6581,-9.1426,2.3962,0.6614,9.5378,-6.4851,-6.8566,3.8251,8.2368,-6.1043,-6.4026,-9.5123,-1.5272,-7.3094,7.5164,2.7563,5.6682,-0.9798,9.29,-6.3435,3.8528,-3.0769,5.9521,-1.9835,3.1485,3.6659,6.4787,6.7079,6.6615,-4.5855,-0.5957,9.6131,6.2835,-7.5671,8.8903,7.7959,-4.9172,6.7145,-6.7623,-4.6278,-3.2474,-8.9711,-5.5128,8.1573,2.602,0.0353,2.1522,0.3582,-5.6987,4.9517,-2.8351,2.9684,-0.7772,-3.0252,-6.4458,-8.1222,3.7759,3.9951,-5.8225,-2.2499,-8.5487,-6.1499,3.4982,2.4353,-1.8401,-7.2955,9.5287,-9.85,-5.8996,9.1758,-5.8431,-4.8968,5.2452,1.0439,-7.6351,1.8818,2.2138,-1.6871,-2.1957,5.3457,1.3499,-4.9661,2.815,-8.198,9.6608,-9.7643
6.1949,-5.3325,0.886,2.3546,-3.3629,1.557,-5.2239,-8.9854,-0.4564,0.5222,-1.1229,6.9988,-4.8121,-7.6878,-7.6954,2.6579,-6.602,-8.9362,2.8248,9.6772,-8.198,-7.0925,-6.0641,8.504,-2.0804,6.8698,-6.7901,-1.8168,-2.9048,8.7464,-2.4129,0.8039,2.0525,-1.2614,-0.0093,0.9926,2.5333,7.3618,1.9423,2.5616,-4.0409,0.6495,8.1364,-7.7918,3.7054,7.4471,5.1999,3.0431,-4.526,-1.1691,-7.9461,-6.2611,-1.0989,1.0019,5.8015,0.1696,-9.1111,5.0482,7.7306,-1.4088,-4.6615,-8.1757,-6.2056,6.9901,5.4453,8.7693,-6.7341,1.3098,2.2869,9.6206,-3.0222,3.1457,9.6056,-5.9897,3.5615,1.9514,-3.2391,-3.0595,7.7793,-2.1146,-7.6203,-7.8879,-0.2142,-0.0691,3.2448,-4.1265,9.2176,7.4425,-7.0415,3.2667,-1.0324,-0.4811,-9.2156,1.249,-3.0939,-6.7206,-4.2309,8.6342,0.1148,-0.1622,3.9018,-4.3784,0.6449,9.7055,-5.4694,9.285,-9.1917,-1.4645,5.5671,8.3889,1.5208,-9.6094,-6.7686,0.9425,1.2155,-8.1284,5.2563,1.9237,-4.5488,-7.4093,-3.0882,-2.1285,-4.2397,1.9818,-2.7521,9.7149,5.2495,8.5273,-0.054,4.6414,-7.2857,1.6899,-3.4385,-1.8799,-4.3897,7.4795,2.0852,6.9477,8.2897,-3.14,6.7958,-8.4782,4.855,-7.9358,-1.1942,5.3619,-0.6707,2.4955,-2.7148,-0.8191,-3.3715,-3.7621,7.6235,0.7202,-6.1021,-3.0546,-1.4859,0.8643,-8.7951,9.3488,5.5929,3.843,-4.9155,-7.3652,-6.5851,-5.1197,-4.1521,5.1037,4.7858,6.427,4.0986,-0.9216,3.2649,-4.6449,-2.7175,0.4961,0.4716,-2.3315,6.7942,-3.4348,0.0914,-7.847,-2.0355,-0.8852,-6.8299,-2.7909,5.2071,8.8409,-6.9463,-4.8917,-1.6314,-4.3131,3.7432,-9.6188,-9.9588,-9.8534,0.8741,0.4623,0.5067,-0.0246
-5.9046,3.1461,8.0696,9.2807,7.6634,-5.4211,-4.1857,3.8165,1.8895,0.2856,1.9901,3.5684,4.8161,-9.0061,-2.4823,9.0099,-1.5465,-0.454,7.2993,-5.9507,5.7901,2.6676,2.9104,-1.8148,-9.4012,4.1447,2.1734,4.3601,-6.2053,-1.4396,1.9003,6.8371,-4.3965,4.3835,5.2519,-1.6724,9.8873,-9.7914,-4.4787,4.2399,8.8664,-7.3755,-9.4781,-8.0481,-1.4246,1.3425,0.1174,-1.6678,-4.5058,-0.2093,-0.2987,-9.4639,-3.1498,7.2119,-5.8855,9.9308,2.1868,6.5495,-5.9043,-8.8982,6.9432,-9.706,1.6131,-2.3351,-1.8398,0.8556,-9.4254,-8.5525,-7.7273,2.3846,-3.8289,-3.9725,-9.9973,-7.0183,8.2803,-9.26,7.8226,-9.1158,2.3052,4.8803,-3.3316,8.8978,6.9985,-3.7242,-8.362,-5.1189,7.9392,-3.6675,-2.0206,-0.8809,-5.6711,-9.9332,-0.0416,-9.7232,-4.939,-3.1557,6.34,-6.3092,-1.7677,9.7903,-9.4567,2.0392,1.9306,-8.0252,-2.4642,-1.279,6.6064,-5.9291,5.8085,2.419,3.8728,9.8827,-2.4628,-0.29,-5.9149,2.287,3.0105,-0.0307,-6.4723,8.9661,1.3581,-1.4303,5.0436,3.1147,-6.8043,-6.105,-4.0682,9.4626,-0.4791,-0.4748,2.9708,-7.1783,5.7038,2.4089,1.4637,4.1653,0.0272,-2.8424,3.8656,5.3478,-6.036,-5.3888,-9.6098,-7.8596,-4.8337,8.8256,-8.9434,-9.6331,0.4447,-8.0338,0.2753,8.1782,4.3791,-6.0427,-9.9738,2.6938,-3.0665,0.3493,2.8352,-2.5084,-3.8304,-3.9345,9.5104,4.2198,-0.8875,6.1482,-9.4679,-0.3938,-5.342,5.1648,4.817,6.1559,7.0536,-3.7881,-4.5005,-9.3108,1.6913,-7.0186,5.1327,7.1963,7.5672,1.3063,-0.5094,1.137,6.197,-1.5986,-1.7988,-1.8772,-4.4928,4.9002,9.5163,-4.8705,-9.4075,1.2175,9.004,2.4237,5.4694,6.6569,-1.9773,1.7778
-0.4428,-8.5716,-9.1663,-5.7582,9.4933,8.9728,-7.6578,4.7216,-1.4726,7.4195,-2.8183,4.0387,0.8675,0.1649,3.2068,-7.8241,8.4112,3.3474,0.6254,-6.5435,-0.7664,4.4221,9.7866,-0.8872,-2.3101,-2.1238,-4.1475,6.9577,-7.8708,-2.7097,-2.6765,6.8248,-1.7581,-6.4024,8.5401,1.2036,0.357,-1.9156,-2.8423,8.4386,-0.6077,-3.2124,-5.9009,-4.3604,-8.6784,-9.3246,-5.9645,-9.3004,-4.5416,3.0106,-1.6193,8.4684,1.2691,-5.738,8.8148,-4.4822,4.7863,6.4773,-7.8825,-3.0691,-8.3778,3.9061,2.2197,5.9518,1.4898,4.5901,8.4022,1.6991,3.0266,-1.9701,1.0411,-6.5918,-1.6045,8.8655,-2.4849,-8.8446,4.9987,-3.3045,5.3588,9.2436,-1.256,1.4525,-8.7609,3.8955,6.4867,2.8596,-2.0259,4.0647,2.1662,-9.2373,8.1866,-7.7676,9.6798,-6.1909,-5.6404,9.6472,-6.2787,7.9371,-3.1603,-3.7397,-3.0894,8.2697,9.8033,-9.5458,-5.5966,-2.5419,-6.5384,-8.8406,-2.1966,7.246,5.5582,1.7024,-9.9001,3.0191,-0.1258,-2.1935,-0.2756,-4.0369,-9.7221,5.7821,4.5394,-5.8543,-8.5729,6.3478,1.8446,-6.5967,3.2093,2.1292,-0.0828,-9.5341,9.0418,5.9288,-0.8602,2.5825,-7.1118,-8.5675,5.1712,-3.3742,2.4118,6.8434,-6.8257,-9.6502,6.2536,2.5965,3.7343,-4.1824,-8.197,0.1656,-4.358,-6.4813,-9.5667,5.9243,-8.3772,7.6072,-7.2766,1.8446,2.4476,-2.0805,-9.1685,0.9899,6.1763,9.5507,5.2553,-2.7241,-0.6513,6.2779,-5.2908,0.8165,-7.6858,-3.8623,7.5766,-7.4732,-2.9335,-8.6465,-9.9819,7.1953,-4.3524,2.0578,-1.1166,-2.4475,-0.0976,0.4024,-0.8149,-9.4618,2.8301,7.9356,7.222,6.7821,-5.6431,-2.3568,8.1633,-4.9072,8.4645,3.5106,3.2459,9.438,2.9232,-2.4252,-4.1051,-4.9998
-2.0428,-3.8441,6.8518,-0.1231,8.5407,-2.9052,4.4171,-2.737,-0.7241,5.208,1.3756,-6.6832,-8.0641,-4.162,4.6068,-2.3431,-8.3166,6.9833,2.1363,9.3563,-8.5448,-8.1668,0.0293,8.4738,7.0668,8.7319,-5.3064,4.268,5.3842,-2.8422,1.9201,3.8706,-1.8735,-7.3839,-0.6551,-0.446,-3.5989,-6.4018,6.8111,9.6334,2.28,-6.0415,-3.4184,5.929,6.7628,-2.2517,-8.7408,6.8828,-5.4626,-6.5372,5.9581,4.9801,-4.9019,-4.3006,5.3803,-5.2219,7.6636,4.1189,2.5584,5.5242,8.003,-3.5206,-2.1386,6.7279,3.3402,-6.9555,-8.9115,-9.1015,4.6451,-5.8218,-0.5515,-5.2948,0.6439,-0.9744,-5.0641,-7.353,8.0398,-4.4551,8.6075,-7.9272,-5.8558,1.8401,3.2957,-5.0577,-5.0034,5.5818,-6.5141,-6.4864,-3.8227,-5.0989,9.1876,-0.8225,-3.31,1.5781,0.4407,-8.997,3.3028,2.6337,1.192,-5.8856,-5.3277,5.0787,2.4701,5.9547,3.5948,-5.6631,-6.5932,-4.9293,6.842,6.7478,1.9858,-3.1761,-4.9579,6.6057,5.6483,0.6721,-2.1213,9.0109,7.0636,-5.5367,5.3477,-6.3797,2.5097,1.8674,3.5467,-8.6327,-4.8753,-5.5139,-0.851,-4.9763,-6.2283,6.8275,7.7408,-8.2956,-1.158,-3.9717,-9.8587,-1.6799,6.5861,-2.4563,-5.8449,-3.2947,-8.7583,3.3775,-2.4744,7.7972,2.3549,-9.93,-9.3693,2.2518,-2.7495,-9.8409,-0.7256,-9.8251,-6.4743,2.5002,5.2345,1.6166,-5.5258,-4.2823,9.2119,-2.3194,-5.7446,9.9061,-8.648,8.136,8.1361,-3.5048,6.5016,-9.7953,3.0241,1.2676,6.5722,7.886,2.4229,5.4943,9.3605,7.3649,5.7702,-9.3744,5.4393,2.4925,-9.3372,9.1056,-1.9304,-4.1101,1.466,5.3848,2.0245,-2.3294,6.9077,-3.4405,5.5724,4.1822,2.4925,5.2217,-7.517,-7.1616,5.1247,0.6341
-2.6771,-4.8184,-1.4986,-7.7309,3.4929,-5.4512,-2.0635,0.9253,6.301,9.2747,-9.3258,8.3287,8.906,8.7329,5.8005,4.9444,3.9618,9.7535,3.8069,-3.0691,-1.405,0.8209,0.8557,9.7663,0.6721,6.843,-6.0489,-1.2733,-6.3813,-1.8708,7.8738,3.2581,-1.6708,-8.5167,-1.5972,4.6268,-6.6323,1.2101,-7.8488,2.2937,-7.7246,2.9598,-5.5452,3.1506,4.8826,2.8586,-4.147,6.4579,4.0072,2.7728,-0.1343,2.5148,9.7237,1.9807,-3.8989,-7.1635,7.4251,-1.1089,2.2864,8.5996,-2.0218,9.1597,9.1842,9.9951,-7.0384,2.8529,-1.1255,-0.5085,-9.3697,6.9858,8.067,-1.6764,5.0954,-0.274,-8.9362,-5.7313,-3.3967,-7.1924,-3.5076,6.0421,8.9169,-0.9746,9.1473,2.4838,9.3515,4.2672,8.1525,9.8986,-6.8502,4.4235,-7.5666,-0.7463,2.5461,-6.2945,1.3569,4.8534,8.6804,3.6861,-2.3505,5.0476,-3.3495,-9.126,-6.5701,-5.2853,5.6596,3.9698,1.7457,7.9824,-7.5171,-7.7465,-6.7377,9.8152,-3.0573,-7.8404,3.4938,5.5367,7.2538,-3.8669,7.6061,3.5349,3.6183,-3.6278,0.6873,2.593,6.9663,-5.7536,4.4017,5.8062,-7.2863,7.9809,6.9144,-4.1283,-6.9784,1.2328,8.2653,2.776,-1.8601,3.7203,9.5425,1.4818,-1.6876,-3.9357,-5.1738,9.5035,4.8889,-5.2896,9.479,5.3541,-8.1394,1.3436,-3.7984,5.3551,5.5344,3.5835,-8.0688,3.5658,8.762,6.8496,1.7253,2.8314,-9.6821,-0.185,-2.2107,7.344,-7.6614,-4.8011,7.9399,-1.9695,-9.4006,-5.8048,1.8108,5.8337,-8.1693,6.2043,8.8337,7.3568,9.565,-1.6291,-6.7572,0.6852,-6.4502,7.9605,8.7456,-6.3674,-5.1229,-3.5232,-8.119,-1.9862,1.6549,-5.6743,3.7524,-3.6829,-8.4087,6.8943,1.8465,-3.8257,-1.6557,0.726,8.6079,-2.9587
0.8188,-3.8662,-1.8032,2.4969,5.2418,-4.6904,2.0224,2.3445,-1.5854,-4.5065,2.8378,0.741,-2.7,2.4811,8.5837,3.932,4.0434,-1.6119,-0.9891,0.5226,6.2924,6.17,-6.7449,6.7503,8.1476,-8.4304,-0.3484,4.5435,0.2155,-3.5835,-8.8133,-5.5036,-8.4064,-4.6788,0.7257,5.5307,-4.5222,7.6219,-5.672,-0.2246,6.2511,2.9825,0.7494,4.5598,6.0571,-3.2677,2.6816,-3.337,-2.9822,-4.7323,1.5008,0.3818,-0.5539,-5.2915,8.9064,7.4712,8.6794,-8.0227,-1.9483,-7.0286,1.8665,5.3995,-0.514,5.7055,6.0406,4.6064,9.1823,-8.9926,2.0763,4.3167,-7.746,-5.1499,4.9081,0.6309,9.7287,4.2807,-3.6098,5.9133,9.1965,-4.3048,5.7413,-6.5261,-4.6966,9.3858,0.8619,4.9944,4.2715,3.9524,-4.2919,4.4757,-4.9327,-0.5554,0.7659,7.1314,-8.4424,2.2114,-6.6934,5.124,-1.0787,-5.818,-3.7734,7.6215,2.6227,-8.1549,-1.3502,-8.3986,0.1073,-0.4343,-1.5618,-9.0824,-1.4183,-4.9261,6.3071,7.317,-5.0212,4.2664,-5.8422,-0.9923,3.1606,-4.8003,7.2164,-7.3638,-9.4519,5.6191,4.5695,-7.1289,-6.4031,-3.7588,2.6755,-3.4943,-9.4884,-6.5872,5.6358,7.5933,4.2883,-8.4985,2.3243,0.098,-1.3581,-9.0819,0.2496,-8.5635,-3.263,-2.2782,-5.0431,1.2671,6.7816,9.7617,-7.0004,8.6794,-1.0498,4.8016,-2.1976,-7.5575,9.5759,9.9664,-1.4992,-6.1424,6.2687,2.0561,-7.7508,4.6818,-3.6685,2.9556,-5.2177,7.6255,-5.0791,-8.4523,-0.9051,-4.0393,-3.4777,-3.248,-3.394,-2.7286,-4.7125,-8.2164,2.0292,-7.4214,-4.6845,1.8064,-7.7222,-1.4689,-2.8098,2.1545,9.7177,1.1248,-2.9191,0.8294,-6.6264,-9.0152,5.0065,-5.705,-0.1494,0.1535,-6.3428,3.0798,2.5373,9.7067,-3.1556,8.3371
4.179,5.3723,-0.5106,-1.0501,-1.0652,-4.2504,5.8708,5.797,-0.7521,-5.5399,-7.4962,-4.0951,4.6108,-9.238,2.7497,-6.3429,6.5378,7.8684,6.1221,1.5153,-0.4772,-7.0498,-1.326,3.5036,6.8611,-7.886,8.8587,-7.1116,-2.8493,6.3794,8.8605,2.8061,6.6983,7.4517,4.7421,-5.0391,9.9461,-8.4862,4.9825,2.2623,3.3928,0.1271,-2.3587,2.0093,5.5899,3.2956,1.9522,-6.2285,2.6812,3.8582,-0.8905,5.4096,-7.2379,6.1644,-9.2392,-0.4171,-9.8478,-9.9253,0.0504,1.6621,9.3814,-8.7762,7.384,7.7225,0.0086,-2.9319,9.9175,8.6483,-5.6246,0.4426,2.3004,-0.2964,-4.6909,-5.737,2.5647,5.5001,7.009,-4.698,-0.2139,0.9924,9.9971,-7.3461,-9.8094,2.5644,4.7868,1.1253,-4.7631,-0.3025,1.9038,7.4242,-8.4492,-8.5857,9.2923,1.7959,-7.2747,6.3092,-8.1213,-1.8119,-9.9031,-7.4635,-4.8318,-4.5279,-0.3227,-1.8331,-8.5321,4.2308,4.6354,1.1038,-0.2268,-5.6962,5.633,2.8995,0.8078,2.7047,5.0438,-1.6829,-2.4926,6.9642,6.7735,-6.3995,8.948,3.3242,-1.9396,-5.5529,8.6338,5.2601,8.1534,-6.2554,5.1819,9.3496,-0.4549,-3.4235,-0.0972,-4.3792,3.8867,4.9319,-1.9207,7.5919,7.908,-7.0567,-1.4588,5.6444,-2.6311,-3.1015,-9.3517,-7.7013,4.8507,-1.994,-6.983,0.3056,-5.4297,2.8375,6.5502,8.3362,3.9349,1.7035,-3.2105,-7.6138,5.2521,3.4789,-5.1,-6.4064,-3.4827,-9.5568,-6.3128,7.5989,2.2808,9.4498,-3.4106,0.1949,8.8923,4.4431,5.3408,1.8934,-6.1382,7.3451,-7.5901,3.0964,6.7447,3.2547,-7.6433,-3.6761,7.8463,-5.2264,1.1551,-7.5907,-3.3045,-5.2921,-6.3786,2.6325,9.562,9.5669,9.8578,8.9423,1.171,8.357,-9.3662,-9.0115,1.3701,-0.7274
1.7235,3.8904,-7.2499,3.1075,2.4275,9.6358,1.9904,-8.8611,-4.9698,2.1404,7.8642,-9.3605,-0.9958,-6.4028,5.5899,-0.4774,7.2004,-9.7181,-3.8159,-6.0509,-6.4457,4.4668,2.3718,8.9999,5.1601,0.0698,9.8306,4.8605,4.6215,-2.3754,-8.0582,-3.3826,-2.6546,-4.0584,3.5389,-1.0506,4.3986,1.7493,5.8595,-0.8866,-6.7488,-9.0271,-9.826,-4.4761,-9.5238,5.1979,5.4389,-1.7284,0.6513,2.9425,-9.4449,-9.969,6.7706,2.7131,-4.4527,-8.947,-0.2951,3.5296,6.6869,-8.1701,-7.675,1.713,-7.1549,7.4925,-2.721,-4.3115,-3.2333,-8.8976,6.4327,9.8321,-1.3678,-1.3952,1.8695,5.4448,-7.6237,1.0902,-1.9903,-1.9261,-2.8743,5.7368,3.7474,-1.5469,-9.1741,-2.7472,-6.226,-9.8067,-7.2961,1.1549,3.6405,7.2614,0.118,7.8793,-7.2259,-1.1538,4.7077,-0.7817,-0.5162,0.2088,-8.102,-8.0544,5.78,3.1027,6.883,-7.4166,-7.7645,3.7906,6.9795,4.5154,-4.841,-3.7826,-4.7244,-6.4661,-0.2654,2.0781,7.5105,-5.0272,-1.7809,-6.4926,9.8396,4.5568,-3.4066,4.0106,-6.2362,3.2832,-5.7062,-4.2608,-9.2386,-2.3595,-1.7378,4.0346,3.5903,7.0386,6.7492,6.6274,-3.5607,-1.6526,-5.7716,-0.2337,-4.1458,-2.7392,-2.6147,-8.186,1.609,3.8289,1.3156,-1.3376,9.0798,-0.9349,2.9336,-3.0236,-2.7031,-7.372,-5.7973,0.4995,-1.6782,3.3391,-1.3889,1.6546,1.8643,-9.5384,3.1168,9.914,7.3462,2.4434,-2.2828,-7.5828,4.6017,-2.6233,-7.4145,1.1749,0.5453,2.5168,-8.4284,-7.0104,-2.0901,1.5011,-5.2123,-5.5849,-2.7257,1.7497,3.2197,4.1169,2.9466,-7.7566,-3.5635,-0.0408,4.9224,-9.6283,3.3675,-5.871,-7.4521,4.1156,-6.4051,7.5219,-9.664,-0.7618,-9.9458,-9.0829,-7.7193,-1.1383
7.1027,7.4231,3.6171,0.7935,3.785,5.8781,-2.2645,8.7635,-3.8749,-0.4036,-0.5658,-3.1952,1.8445,-6.1296,6.0849,-8.1596,9.1074,-7.1682,-1.9875,-7.6888,-0.5225,6.1374,2.1441,-5.9048,-8.1871,1.5288,0.9991,1.4746,1.2397,9.3642,2.8166,3.123,0.1116,-5.1539,-6.9528,-9.3944,5.2393,6.7443,-5.3435,-6.841,7.1276,5.8899,-2.8679,2.1514,4.496,7.378,7.6195,6.5203,1.8993,8.578,4.9021,4.7219,2.9247,-2.3318,9.7595,5.5754,-6.6304,3.2569,8.4474,2.3266,-9.6931,-1.4367,-5.8211,-0.9122,-8.8824,-5.0851,-6.4812,-5.7696,-0.6406,-1.988,-3.576,-0.0082,2.5137,3.1546,-5.873,-9.6236,-2.6342,4.8322,-9.2094,-8.3611,-8.5373,8.3906,-5.2123,3.6583,7.9773,-4.9689,8.1803,-1.5495,1.9673,0.194,6.3945,6.2673,-6.0262,-8.6081,0.8902,7.7759,6.4593,-3.0917,-8.5424,-3.6017,8.5874,-3.163,-9.6456,-2.0071,-1.3323,-2.9538,-7.6392,-6.7907,-1.0395,6.5886,6.6391,0.1371,-1.3488,1.314,9.1429,-0.1501,-1.6126,-9.3675,-1.6388,4.5133,-7.1491,4.0754,-8.0011,-3.5274,9.8747,3.8299,6.2554,-9.3131,6.7752,1.4101,6.6419,-2.1986,8.365,8.3414,-9.8076,4.2685,-2.398,-3.9422,-6.1958,-9.2547,-0.6464,-5.4548,-8.1976,-1.3486,-9.6551,-1.3018,-2.6411,-5.4184,3.3948,6.3148,-1.267,-4.2703,1.4064,9.3009,-1.608,-1.7364,0.3682,-5.2903,-6.2798,-4.2814,-4.9221,0.1443,3.3384,7.8516,9.3648,0.4459,-0.7066,8.4661,-0.7442,-6.6693,5.2299,-3.2097,-1.5856,9.627,2.083,-0.0971,1.0589,5.1806,-6.4923,0.7068,-4.6216,-1.8851,-4.5792,9.2588,-9.6324,-2.6226,2.6652,0.1236,4.0921,3.5211,7.9465,3.6747,3.6492,-5.7032,4.3336,-3.3828,-9.3758,9.6897,-4.1651,0.5058
5.5828,-8.3535,-1.676,-0.8618,-5.4048,-9.6836,-8.4246,3.6075,-2.4037,5.7243,1.4498,7.0923,-9.3944,-7.5353,2.2082,8.4521,3.9217,-6.9624,8.6374,0.4218,7.1876,-1.0914,-4.8627,-0.76,7.8659,-0.067,-5.2985,6.4589,9.1846,0.0446,1.0359,5.7497,-8.0131,2.6559,-2.5301,6.0541,-0.0519,5.2657,8.3572,4.1468,-5.7364,6.9183,-4.9307,7.2923,4.742,9.7987,6.1438,2.5575,2.6852,-2.426,7.7719,-3.3998,8.1258,-4.9692,-0.5036,2.264,-5.8889,-3.2951,8.4074,0.9379,-7.4648,-5.7033,-5.6001,-8.4437,9.2667,2.4224,6.2353,-6.692,1.2271,6.8449,-1.7136,-9.0758,-0.1421,5.3709,7.2399,-5.9463,8.9645,8.3661,-0.5922,8.0683,3.762,-2.8088,3.5196,-5.8171,-4.2588,-8.0062,5.3933,0.0731,8.5445,9.0433,-3.85,-6.0814,-3.6264,0.6469,-3.1493,2.6313,-1.5896,2.6394,8.991,-1.407,4.022,-6.8111,-6.5973,-5.4045,9.8267,5.8196,-7.0561,-0.4534,5.2814,9.4091,-5.5911,1.8431,-4.9171,5.0394,-9.9034,1.6994,9.8861,-3.8119,2.5776,9.9147,-0.6928,-4.7293,5.6491,-1.6252,-6.5026,-1.9185,-7.9775,-6.4817,-0.4654,-6.3927,-1.555,2.8398,6.3369,-8.4068,3.5274,7.3348,9.8912,7.6747,4.6877,7.5484,-6.6279,-2.5909,-1.1755,8.9732,-1.7534,-8.6,0.519,-3.1184,-0.122,-2.4648,0.9053,-3.7659,5.5538,4.7441,2.2974,-9.1058,7.9812,-3.834,1.303,4.0898,4.8399,-9.8797,-0.8541,-6.7143,2.7416,7.3658,9.0873,6.2689,-4.972,-4.0241,-3.9911,1.0193,2.4896,-0.1267,-8.6209,0.5686,6.6019,-7.9534,-7.2929,-6.0893,9.8507,4.0712,6.6025,9.1807,-7.2915,7.1642,2.1544,2.8323,-5.7985,-6.9489,2.8363,0.2328,-8.8146,-6.2284,3.6161,-3.7345,1.0273,8.2886,0.9736,9.6547
2.3834,9.1556,-9.714,-4.7462,-3.3002,2.824,0.3445,2.6438,7.2178,-9.6933,3.2172,-9.2211,-1.6615,4.5888,-2.3708,4.4561,-2.6451,3.9059,6.3505,-5.5764,2.2788,5.4173,1.2396,-2.3849,-3.5611,-1.4261,5.0218,-8.7745,3.494,7.4653,5.6577,-8.3166,7.9424,-6.7253,1.0089,-6.426,-0.4804,-8.6963,4.9495,4.919,7.1811,-3.0158,-6.1992,2.4671,2.802,-1.6975,-9.6486,3.1672,2.842,-8.4282,-1.027,4.8836,-8.2505,3.2923,-6.7404,-8.4576,-9.8166,0.4807,-8.6053,1.8457,-2.2578,-9.9083,3.2431,-6.2672,-7.5911,-0.3521,-3.137,-1.0554,-5.7563,-1.071,1.3637,-6.4569,3.8306,-5.3012,6.0082,8.3133,-5.3817,-4.7573,-8.3348,-4.6664,-2.0048,3.0831,-2.7253,-4.9831,9.8933,-2.8807,5.7527,1.9244,2.7393,-2.7861,-7.3046,-9.7872,9.3697,3.6094,-4.0037,-7.1834,-1.9642,9.5989,2.2634,-2.6681,-3.7742,-5.6393,-1.6455,-3.6489,-9.6783,-1.1955,9.2223,-2.8401,3.1658,-4.4135,-9.9981,4.6321,-3.4574,-3.3978,0.3222,0.6756,0.5432,-4.4146,-6.305,-6.9884,0.9618,4.9833,6.7213,-8.8243,-6.9263,-6.6191,-5.4287,0.232,-4.3432,-0.5061,-9.5066,1.2694,3.5988,-4.8203,3.0663,5.7485,9.7197,-6.5265,-2.6878,7.3667,9.0916,-6.0539,-9.8645,9.6508,-6.4432,5.8569,-9.0376,-2.6748,-3.9133,7.0528,0.9578,-2.2912,-7.4973,5.5603,-8.8943,0.6761,-9.3049,3.0971,2.3024,-4.3933,-6.7186,7.1324,-6.7841,-3.6117,9.9242,-3.4814,-2.4217,-3.7974,8.9917,5.5197,2.3039,6.1109,9.3683,-6.3481,1.9338,-1.6298,5.8401,-6.276,7.3023,4.823,3.4277,5.2302,-3.0379,-3.3596,3.9495,-8.1103,-7.24,3.9622,-0.1121,2.4107,2.0146,9.1244,7.2475,0.6488,0.2164,0.4185,-0.514,1.6639,-9.5068,-0.3314
-9.2913,-7.1169,4.4315,1.7863,-1.5615,-7.8997,-7.3612,4.6958,4.035,8.2139,-1.2926,3.8641,-4.4454,-4.3435,0.4586,7.4162,-8.9023,8.1189,-2.098,3.8942,3.5118,-9.5254,-5.3036,-5.7241,-5.4626,-1.607,-3.8686,-5.1103,8.6246,3.4205,-7.6093,-5.4692,8.5684,9.0419,9.562,-7.8873,0.2295,-0.243,-8.9377,3.0268,-5.3862,4.9933,-2.4422,5.7385,1.7849,4.7924,-1.424,-9.5816,0.8634,5.5981,-2.7985,-2.5208,0.5333,-2.4434,-3.8415,5.3239,-6.6064,-3.1525,8.917,-9.5692,-9.1677,9.9563,-7.7318,-7.1573,-8.1334,-8.5435,6.3015,1.1504,8.6062,3.1275,9.0081,5.0476,0.0029,-7.3213,-5.8883,6.2311,-3.752,4.9571,-5.3417,-6.7077,9.93,-3.3313,1.1629,-8.7137,1.4138,-4.3928,5.8927,-9.907,3.9823,7.9218,-6.8576,-5.3406,0.0459,-2.2771,8.423,0.403,-1.9862,-5.8374,-5.2094,1.4497,-4.705,-4.651,-9.8261,-9.5699,0.3246,-9.0738,-4.8069,-2.5393,8.1568,-2.9546,-6.0046,1.9339,4.2545,-4.2637,-9.2557,-0.2478,0.5986,6.041,7.708,-2.3227,-0.1088,6.5492,-4.5461,-2.3407,-0.0306,2.7656,7.8194,1.5802,2.7327,-5.3163,2.977,9.8702,0.2911,-1.7007,-6.1641,0.5011,3.8027,9.4244,-9.3901,-6.6717,4.6373,6.3129,6.0498,4.8801,-0.2684,9.7794,4.3207,6.3092,0.2863,5.2663,-2.7108,4.3731,-5.1628,-4.6625,8.6286,-5.2845,-0.6909,-0.7436,-1.1519,8.194,6.1496,6.2926,8.8396,8.811,2.9388,-9.8219,-1.868,2.2662,2.7516,-9.7695,8.1986,-1.8,-8.1989,-9.254,9.3993,-8.3798,-0.6694,0.1984,9.8165,-2.6469,3.0038,3.4447,-0.0836,6.5094,-1.2631,5.3088,9.4262,8.1539,4.6807,-1.6926,-4.8167,-7.6213,1.614,-7.5627,9.7011,-6.273,1.686,9.9104,-2.3061,-2.9006
-4.9859,7.7857,4.9132,-1.396,8.1086,5.1513,-3.9991,-4.3933,-3.1008,9.9141,-8.4375,8.1746,3.595,-4.3082,-2.5038,-9.9526,6.0176,1.9489,-1.9224,4.3351,3.2223,5.4045,-8.6835,3.0267,7.3825,-6.1413,-5.757,-8.9911,4.8604,-4.3816,6.4661,-9.7363,-6.2767,-1.3805,-0.2782,4.7824,5.6866,0.9077,-8.5709,5.3354,-0.7224,-8.2579,-8.0532,2.0127,6.609,2.3429,-0.3355,3.2648,-6.4287,0.0579,-7.0834,-4.4172,-9.7998,4.5879,8.6478,8.1455,-0.4731,-4.7361,3.8915,-9.6656,-0.8425,4.5083,-3.9583,-8.999,2.8603,-2.8346,2.1509,-8.1543,-8.6321,-8.4407,6.9358,-0.9178,-6.8323,7.4189,7.1725,3.7274,-2.971,-8.4273,-8.5626,-4.1051,9.5819,8.5942,7.5687,9.2155,7.3248,-7.8208,-6.6995,-0.2079,4.92,2.0328,-4.2967,2.3691,1.3794,-2.7441,5.9251,2.1765,-5.2692,7.7967,0.5595,9.9805,1.04,0.6741,-9.4501,1.2764,2.5823,-7.1457,-4.8523,-4.9376,7.229,0.1427,1.4632,0.2457,-9.2958,-0.5462,0.333,2.022,8.4837,-6.829,5.43,8.9092,-5.9664,-0.8324,-3.1294,6.931,5.0079,2.849,-1.4926,8.7413,-8.7561,9.6483,4.1757,-0.878,9.2931,-7.3994,7.4878,-6.413,4.0509,-4.0723,6.5232,0.7786,8.1053,0.6531,-0.2141,2.7041,-5.8548,-1.2906,-5.1819,-1.6065,-1.7997,-9.7046,5.0366,-1.0388,0.5826,-8.9095,-2.8356,-0.9325,-5.159,-4.8144,6.9314,-0.1004,-6.242,1.4089,2.0739,-1.5104,-5.556,-1.9171,-1.4433,-1.096,8.8994,-2.8151,9.2012,-0.1657,-2.1187,2.1361,8.5807,3.7356,-3.1837,5.5062,3.824,-7.2145,9.779,-9.133,9.5608,-2.3732,5.2982,5.1521,-8.6418,-8.2628,6.9918,9.3778,-7.4495,-6.5706,-1.3017,0.3641,-9.3778,4.4343,-7.8341,-1.9585,7.1059,3.9986
7.7505,-0.9429,8.8909,-4.2757,-7.9076,1.9183,4.9129,6.8823,-1.0823,-3.6939,4.6071,-7.5755,7.0168,2.7282,2.5421,4.1576,-1.9454,4.3602,-1.9692,-5.2665,-9.5614,3.0069,-0.7852,5.0066,-6.1372,-2.9454,-3.1836,-1.5347,-4.6683,7.3462,-9.9499,9.6383,8.9372,1.1592,0.5082,3.0208,-3.2472,-3.4472,-6.9904,5.7274,6.841,8.8716,1.4862,-9.6902,9.0366,-7.5593,-4.0439,4.539,1.1083,-5.8917,-1.9343,0.2615,3.2975,-1.023,4.5943,-1.1824,-8.3235,3.5893,-4.7588,1.2924,-0.6535,9.8741,-0.7326,-2.6154,-5.3135,0.1755,-5.9044,-6.2018,5.8324,5.7465,6.0019,2.797,-3.9862,-0.2623,-8.9589,-0.7,-9.1818,2.9927,-9.1375,9.6429,-1.9001,3.2999,9.1271,3.1976,9.9801,4.416,-2.9473,-9.003,6.1058,8.9552,-3.4003,-5.4807,8.6724,-2.9669,3.1745,7.8803,-4.0059,-5.921,3.6073,-6.2497,6.3777,8.1298,-6.7228,8.4583,7.6554,-6.3601,4.8804,-4.3106,-0.5457,-5.7304,-6.5213,9.823,8.5063,-2.114,-3.8992,-0.2328,-5.7599,-5.9007,0.8639,1.5317,-5.5184,-0.011,-8.0586,-6.3666,-1.1082,4.4438,4.6408,-8.9929,1.3906,8.2835,-0.2047,-2.0252,-2.8539,-1.312,9.2824,-1.8626,-9.1075,5.7264,-0.8751,3.4486,-2.3285,2.1803,7.0952,-8.5245,-2.5271,-2.9708,-6.4758,6.0779,-2.5425,8.7628,8.4835,-6.3763,6.8183,-2.5857,7.9362,-1.041,-8.6382,8.3982,-4.1325,6.3675,-7.8097,-6.3007,1.1947,3.0295,6.5811,-1.2353,-0.6132,-3.4035,-3.0959,-1.2409,9.5054,0.393,-4.3685,-7.9078,0.1096,-8.3207,1.9906,2.925,-7.9558,0.4951,5.429,-5.3824,3.855,6.3154,6.6243,3.0352,-8.4336,-7.4788,9.4299,6.8283,9.2937,3.2604,7.8595,-5.9187,6.2339,-5.0163,-0.2141,-1.7683,-8.2306,6.1979
-9.5515,6.3422,4.455,2.5334,-8.6163,-9.7312,7.6111,2.4087,-7.1437,-2.0005,1.7037,-8.838,-0.3581,8.241,-4.0048,3.1795,-0.7158,6.5465,-0.8229,4.2759,5.4605,-8.2655,-0.509,-1.9102,-9.0992,1.5774,-4.369,5.8787,-2.627,5.8214,4.1417,0.8084,-4.7167,6.2543,-1.3958,2.2436,9.4144,-7.5329,9.8763,6.0713,-5.6037,-4.6325,6.9232,9.7141,-9.0829,0.8236,-0.9031,-5.199,9.2812,5.7938,9.5948,-7.1342,7.6954,2.5816,4.0297,-8.9977,5.8199,-2.7831,-9.1223,-3.7696,-2.6337,-3.773,2.7419,3.4707,-6.5891,4.1592,4.4287,-9.4085,7.4357,4.4962,4.8579,-4.5985,3.0685,5.5087,8.5794,7.9676,3.424,-8.993,-6.0375,-2.9152,2.9495,-7.5304,7.1207,-4.0872,-4.7786,-3.3621,1.9164,5.9255,2.3583,-8.1296,9.1562,1.2039,6.4891,8.6065,6.2675,-0.1155,7.2616,-8.9409,-0.5082,-3.2286,-9.8533,-2.1701,-5.0557,3.8345,2.7746,-8.0455,-2.426,-2.4966,-6.5277,-4.5817,6.6181,-1.7748,-3.2418,4.941,-9.8134,8.0049,2.9096,6.6158,5.2464,1.3585,6.8091,-0.1567,-7.5662,6.7018,-1.305,-9.5218,-5.9425,-5.6195,0.3611,-5.7799,-7.4831,-7.5103,3.376,-9.0787,-0.0685,1.4556,5.6608,-8.666,5.4551,1.1358,6.4315,7.4825,-3.6321,2.2769,3.9713,7.3053,7.0684,7.529,0.0949,5.8326,2.1811,-0.7803,2.5437,-9.5577,-7.0076,-6.881,-5.4719,-6.3967,7.5368,-2.2781,6.6195,-0.4588,7.8419,-8.1902,-6.7373,-7.1458,-6.6643,-7.6483,-5.0813,6.3547,-2.1672,1.8217,0.1083,2.9709,2.9302,-8.8238,-2.7582,2.5551,9.977,-5.7438,4.8812,-9.4715,5.1059,5.3923,0.7888,-4.77,7.8077,-3.2116,-5.3362,-5.0782,7.1964,4.9588,-0.1037,-9.4891,4.8154,-0.9062,3.5474,-9.3396,-1.0219,-4.8173
5.6837,-1.2249,7.5178,-9.6814,6.1504,8.0691,2.6221,-7.206,-1.3099,6.8294,-9.8726,-7.0722,4.6542,-0.8292,-4.2124,-2.9731,-1.6999,4.5754,-3.2718,-2.9346,-2.3016,4.1414,0.2021,-9.2266,8.1108,-2.5249,8.6069,-3.09,-6.7108,5.1827,0.8103,-1.5132,9.5588,0.1108,9.6028,4.1389,-6.6819,7.6794,5.1089,-5.8133,8.2684,-1.3742,4.8659,0.5402,3.628,9.9924,-2.9006,7.1353,3.6869,-3.2625,5.8295,-4.8703,-3.7253,6.2729,-0.5306,2.0313,8.0864,7.7997,2.5753,0.7378,0.8578,-9.7304,3.5695,7.6274,-9.1423,-1.6779,-2.6077,-4.9652,-2.3071,1.9547,-7.6264,8.5353,7.0425,-7.9796,-6.2171,5.4138,8.9678,1.9766,-8.5863,2.0842,8.0688,3.6127,3.5632,3.2343,-2.7254,6.9987,-4.3288,8.0892,-2.1446,-0.1454,0.2037,-1.5229,-4.0195,-5.2414,-2.0769,2.3328,5.8042,7.2306,-5.4185,-0.7703,4.5981,4.122,-5.2147,0.3278,-2.3906,-5.9538,-7.1755,-1.8599,-5.1504,4.28,5.2444,5.6494,-8.3813,-2.5765,3.492,-3.6853,2.1991,-5.9691,7.5563,-5.312,-7.2921,5.1253,-6.4081,-1.489,-4.3023,-2.4482,7.8725,-9.9327,-0.6076,9.562,1.2014,4.2701,6.3234,-6.1053,-3.6596,-5.6311,-0.2291,-4.7793,9.4353,4.5025,-8.5364,-3.3269,3.0088,-3.5337,-1.6403,4.5463,0.1398,-1.7021,-9.3534,-5.2646,-0.1823,0.1536,-4.47,6.4228,1.3057,-7.8353,3.7025,5.1733,9.8555,9.5521,-5.4376,-8.1098,-0.5178,-5.5556,-2.356,1.5269,-5.7406,-0.5767,5.2256,-0.3501,-9.9854,4.5017,-0.4762,-2.5503,-2.2441,1.7338,8.6543,0.3374,5.0765,-0.0356,-5.3642,-5.9855,0.166,-0.4277,-6.023,-7.2685,-9.9089,-7.1242,-1.5833,-7.0533,0.0352,5.2539,-1.0908,1.9088,7.8281,-0.2004,-8.2542,6.5696,4.4792,8.9077
1.9323,-5.6771,-6.6833,-0.8812,-9.9035,-2.328,3.0419,8.2586,-0.2458,4.3745,-4.912,-5.9937,2.5012,4.0641,-0.9771,3.7406,-7.9117,4.8598,8.575,3.705,-2.4558,-7.516,-2.26,8.2586,-3.1386,-7.6443,-9.8964,-1.4516,5.6572,-0.6619,0.006,-2.3465,6.9611,-3.888,-5.0135,-3.0614,-2.1586,9.457,1.2279,2.6247,3.7849,-7.653,1.5775,1.24,5.4366,-4.2024,-0.4856,0.0454,8.8222,4.0017,9.481,-4.6712,-4.9256,-1.4541,-8.1214,9.3543,-3.3146,2.0366,-2.6409,-6.0825,-2.8048,-8.5238,4.4871,9.811,-8.4697,-1.3207,-6.2425,-1.1241,2.5448,3.2856,2.1099,7.63,-0.7986,2.0548,8.2802,-5.8133,9.1452,-4.2941,2.8117,-4.1767,9.1856,5.2478,8.827,9.5936,-8.8211,9.5018,-7.1466,3.6742,-2.7312,3.0358,3.8824,5.6319,7.7416,-3.0874,2.2924,-6.8963,-5.2567,7.7517,2.263,8.0555,6.9342,1.2504,8.9344,8.467,0.0821,-2.9038,4.6281,7.1692,8.9698,-4.113,-3.7551,3.9672,2.8569,8.6115,4.5826,-3.8176,-1.4335,9.5604,-9.6162,6.5317,-7.8254,1.0191,6.2343,9.4949,6.3611,-4.2583,-1.9947,-4.3763,-8.4295,-7.5693,-1.2869,4.8751,0.1544,-3.4904,-7.002,5.2127,-0.909,7.7069,-1.0169,5.4905,1.9131,6.9389,-3.0162,0.2348,-8.7523,7.4449,-9.0441,8.7436,4.4921,-8.3626,7.4368,-7.219,-6.1254,3.6549,5.6795,7.42,-2.235,1.0334,-0.3671,-6.2021,5.1726,3.7018,-6.6557,8.4992,-7.3936,-6.2862,-0.8817,3.6826,-2.4665,8.0523,-1.1382,4.0322,-1.8044,-9.9055,0.7544,9.4044,-3.1187,8.2004,-0.9824,-6.6212,-9.0472,-0.4558,1.4362,-4.4171,-3.532,9.021,-7.2554,-4.3226,-7.0647,-9.1861,7.287,-1.6574,3.9353,-0.9121,-4.5285,5.4893,4.418,5.7578,-3.8218,-9.216
-0.0582,8.8389,-9.9847,-2.1122,-5.5193,-7.6506,-6.8637,2.8046,-3.0057,7.5255,-9.2592,8.742,-1.8159,-1.3627,-8.0064,1.3953,-3.5051,6.4722,-0.667,2.2475,-1.3189,-0.5555,7.4242,-6.9958,-2.6534,7.2203,2.0706,3.6796,2.2188,-4.5733,9.2257,4.6854,-8.2805,-0.6155,-5.0504,-2.8975,6.8804,5.7775,8.6626,-1.5294,-6.2077,-2.0185,-6.2182,7.2918,-4.008,-3.8605,-2.9241,-6.2647,1.1822,9.166,-6.6346,-4.8445,-6.649,7.1646,8.5982,-9.9525,-4.9079,-3.9979,3.9901,4.0615,-4.1136,3.0427,4.2882,9.4895,3.9941,4.8413,-3.1496,1.2443,-2.454,2.3699,3.4007,-2.7459,-0.2156,-5.5383,1.819,-1.4742,-1.8075,-4.325,5.8128,-2.9964,-0.7749,-1.1571,-4.6825,5.94,-0.6607,-2.3379,1.2749,2.9972,-6.2328,-9.8226,-2.6974,8.4674,-4.4566,-1.1888,-5.8425,-7.8534,4.4853,1.4278,5.0451,0.7554,8.8449,1.638,2.2503,-7.4732,8.6466,-3.9632,4.5902,6.6502,-9.3912,-4.4479,-3.4907,-6.9819,0.5574,-4.2742,-5.1035,6.4533,7.6589,5.4156,-6.3153,-5.6759,-4.9214,7.9067,-7.8494,-8.9465,-0.9152,2.8301,-2.1754,3.4631,-1.8823,1.6356,-1.5447,6.3531,5.0629,-1.142,8.1536,-4.905,-0.5046,-5.6741,-6.5879,-5.073,-4.9002,-2.576,-2.8279,0.6853,-6.726,7.9315,-7.2699,9.9841,4.7114,-8.5998,2.496,-8.2868,-1.9184,4.4226,9.0098,9.202,-2.8048,-4.5864,-8.6071,-3.206,-0.4544,-1.7064,-4.4943,-7.2309,-5.7607,-5.5659,-1.9204,-0.6029,4.4213,8.9927,0.1757,-1.4103,-4.3862,-8.77,1.8384,-9.4274,8.6744,-4.2659,-0.5889,-0.8373,-4.9289,-3.9436,-5.1336,-8.6507,2.1495,8.7891,8.4601,-2.8739,-5.6737,5.2057,-2.3257,-8.8996,-1.7172,-7.8126,9.1459,-7.5499,-6.5842,-4.8742,6.4135,-2.1593
-5.7291,5.69,-5.4701,-4.4254,8.2119,5.3819,-9.588,8.5403,5.5951,-7.6339,-3.2647,4.1857,-4.86,9.5209,-1.9305,5.1078,5.3795,7.4471,5.2093,-2.1352,-6.5911,-5.9214,9.4775,6.6197,-3.5778,9.4662,0.6011,-0.6477,3.2046,-6.8994,-4.3378,-8.837,2.7285,-9.2346,7.6052,0.2388,-5.8645,-4.2702,8.7418,8.612,5.7904,-0.5859,8.6949,0.5427,-5.8744,-3.3902,4.2172,-0.9087,2.3677,0.9445,2.1099,3.9779,9.4832,-8.2353,7.7244,-6.526,6.841,3.6194,-6.6951,5.1937,2.539,-3.6488,-7.1857,1.9944,8.1456,5.1085,7.4318,-3.1579,0.9781,3.3459,-6.0542,8.372,8.564,-5.2838,-1.7849,5.9517,9.5062,-2.0637,5.6455,-4.0769,2.6656,9.3491,-5.6867,-1.4846,-9.6277,-1.8598,1.7805,-8.3955,-9.733,-0.9237,-1.9822,-6.6053,2.6376,3.1718,-0.8492,1.3549,-6.4185,7.4378,3.3398,-5.6941,-2.0772,-7.8158,3.2156,8.0457,-2.2655,-5.1569,-9.3995,4.3967,-1.8864,-0.7159,3.4352,-3.5185,1.2282,1.2025,-3.1803,-4.2367,-1.3349,5.252,-4.6489,5.8445,-4.8434,-8.1084,-7.5355,7.9697,-4.7766,-7.8632,-2.6027,-5.9756,1.2185,0.5027,1.504,2.5313,-4.7656,8.4206,1.9868,-9.4138,-4.3052,-0.0791,2.0956,4.5378,-6.5052,8.0303,-3.0884,2.6656,-2.9871,-9.8588,7.0474,-1.5554,-4.948,2.6311,1.5756,2.8972,-8.0291,6.2938,2.8569,5.5479,2.9762,2.0207,2.9225,2.1891,-5.9543,-2.329,8.9181,6.8416,-6.2653,-1.4279,8.1305,-1.0661,7.8922,3.2236,3.3942,-6.854,-7.6918,-8.8772,-9.8864,-1.027,-9.2695,-5.059,-8.1594,-2.5104,9.3173,7.4074,3.137,-9.0383,5.4922,-6.0742,3.4148,-1.5933,-1.4244,-0.4229,-3.6812,-1.6939,4.1217,4.9106,1.6416,-6.3653,-6.6107,4.7449,-2.738,6.4982
-1.3707,5.3659,0.3463,-4.666,7.8341,2.6215,-1.8325,2.7423,3.2213,6.8618,-5.5644,-3.7167,4.3533,1.8117,-2.0181,6.6886,9.6754,0.2185,-8.6162,-3.9903,2.64,-4.1916,8.1744,9.2318,-6.7112,2.993,-2.553,-8.3787,4.8957,6.0276,4.7548,3.5259,6.578,9.9411,-6.861,0.2287,-6.1288,8.2573,-2.3595,4.7816,-1.2655,3.7669,2.947,-6.228,-1.6834,-3.9125,0.5817,-3.1684,-4.2185,3.8605,-2.4208,2.6562,1.7212,3.0156,3.1721,5.2145,5.8842,-6.9847,8.9019,-8.7343,-4.7037,4.2557,-5.1715,-2.1235,-1.3487,-1.8259,6.253,8.4072,0.6475,4.8799,-1.8527,-2.8702,-1.6333,-5.3128,-1.4745,-5.4954,-8.9817,-9.2642,-9.9337,-4.9923,-1.5387,2.0321,1.5426,5.2898,0.6496,-7.5995,5.0722,7.1496,-3.884,-0.5847,-3.5314,-1.456,-8.9532,-2.9274,4.7653,-9.3268,8.9664,-4.3355,-2.4881,-8.2141,9.5475,-8.1888,8.4124,9.8819,0.9898,6.292,5.1835,2.0219,-0.0668,-7.1287,-2.367,-7.0783,3.1973,-4.1001,7.7086,4.3024,-2.9121,-3.6788,3.5457,5.0344,-0.39,-8.1426,-1.6721,5.2736,-6.4574,1.6985,5.021,-1.2373,-6.349,6.2201,8.3445,5.222,6.6127,0.8645,-9.7161,0.8488,-2.7867,1.6581,2.8507,-1.7255,-0.0724,3.8713,4.294,6.9863,8.6246,5.145,-2.9885,-8.8812,3.8005,-6.408,-5.293,-4.5062,9.1607,5.5109,0.2016,9.9171,1.3713,9.5623,-7.715,-4.4444,-6.4196,-2.0386,-5.6801,-0.8819,-7.4897,6.1911,2.4406,-6.1813,8.0082,-9.074,-4.5762,4.6176,-4.1031,-4.7415,-7.4735,-5.9508,-0.1151,-1.9294,6.2026,-1.019,-7.177,-0.0725,3.3835,5.6017,2.9555,2.9387,9.7154,-0.3101,-7.7465,3.3792,-0.8262,-3.7735,2.4364,-3.5952,-6.923,5.5937,-6.1434,-6.0432,7.4692,-5.8732
1.4697,-6.4767,-2.37,-3.533,-9.9325,7.4089,6.5953,5.7801,-4.195,9.9889,1.9141,6.6365,-7.7059,-3.0469,6.572,5.0103,-3.846,3.2402,-1.6061,0.9496,-6.9208,-5.1277,9.0295,4.7643,0.2117,5.6515,1.6672,-7.7884,1.9694,0.2522,6.3536,-6.3581,-3.8346,7.1325,-9.8702,6.195,-1.9041,4.3631,-4.8508,8.0077,3.7322,6.8349,4.4661,0.0955,5.1241,-6.5526,3.5244,-1.7814,-0.7488,0.0537,9.3028,-2.9524,-6.081,9.7393,3.7683,4.4924,1.4793,7.9952,1.668,-1.9947,-5.7692,0.3427,-5.6036,-2.5476,-2.0627,6.6655,-7.6986,4.6197,-7.7506,-3.075,-0.4945,-9.5282,2.768,6.4658,5.3689,-1.9421,-6.1098,6.0674,-9.4091,-4.4799,-4.8373,8.1885,-2.2029,8.086,5.7506,0.3641,0.1183,-6.5131,9.9005,8.7573,-5.8241,6.2219,-9.914,9.6116,4.0832,2.2332,-1.7157,6.1662,3.668,-8.703,9.1745,6.8868,5.2784,-2.7482,4.6874,4.2456,-1.4526,7.2531,-3.8903,-3.115,-0.4799,-1.2579,-1.3125,-1.0239,-6.5747,5.2124,-9.4982,7.3287,-8.2806,-5.0132,6.0303,-5.9526,2.3921,-7.5251,-5.1654,0.8461,7.8435,9.0973,-5.6517,-3.8303,-2.8226,5.7239,-1.6257,-7.4542,-2.0207,7.4726,0.0905,8.6283,-1.1026,7.5694,-2.5051,-4.9527,8.5838,6.1775,3.1267,4.4168,5.4375,0.9765,-8.4794,-1.4536,1.9937,5.2329,-3.4187,-7.7823,7.2123,-8.0485,-8.413,3.2015,-6.3154,-3.4795,7.808,-3.1973,6.1559,-7.5627,-4.6032,0.3197,-5.2505,0.0871,1.6676,6.9399,2.774,-3.975,-8.6073,-8.7922,1.6418,-8.9624,1.8774,-2.4446,5.8496,2.2041,2.5104,0.5353,-2.164,-9.6303,-9.606,-7.4073,-8.415,-5.3887,-2.0815,6.1925,7.1954,1.453,2.4459,6.4283,9.2667,6.7307,-1.4685,2.9318,-0.1686,-7.0226
5.9079,-0.9334,-4.7732,-8.4602,-4.0271,5.787,-5.6766,-6.9484,-7.6361,-8.9296,-8.6449,1.0727,-3.9702,6.0664,5.9128,-0.0656,-4.6685,7.4821,0.2583,-5.139,-2.5565,1.2173,9.7745,5.4308,5.0791,0.4757,3.8065,-5.7472,0.9345,3.6485,2.9868,5.7338,0.8164,-9.2711,9.3544,-6.0656,6.1627,0.7884,0.6475,0.5971,8.7936,-6.755,-3.5565,-3.5542,-1.3724,8.6947,6.1055,-7.1188,-2.769,-0.4563,-8.6238,-2.1533,-9.2564,1.2024,5.6013,-7.0916,-5.7176,3.62,6.6902,2.0775,-1.0677,1.1081,9.4211,-1.1109,4.1429,-7.5054,-5.262,3.1807,-6.0985,-0.1693,-0.0899,-7.2783,-4.6394,2.2141,-1.0479,7.1388,-7.576,8.782,5.5429,5.7496,-7.6666,-5.2363,5.1721,0.8711,-3.6535,8.3758,-0.4385,-3.2034,9.2622,-2.8885,-4.708,2.644,-1.0524,-9.5023,1.8912,3.4958,4.6874,5.0006,8.6496,8.3715,5.6589,-5.0836,-6.7136,-0.0086,0.2002,9.2683,0.8791,9.4343,-0.718,1.4583,-0.0801,-3.117,-9.2968,8.4286,7.0991,-6.6481,-0.3364,-6.1129,8.2737,7.6092,-7.695,1.5098,-3.1032,9.5957,-3.1203,-0.0872,7.204,5.8133,2.8248,3.9417,0.0267,0.5361,-9.7905,-8.2404,-4.0363,-5.1213,-0.6591,-9.2517,6.1062,5.951,8.1182,-2.3521,1.2846,0.974,6.8416,-4.0653,4.7673,-8.941,5.7597,-3.936,1.7819,7.8602,-9.6272,-4.5975,-9.8211,-0.8485,-8.2836,-2.3403,-0.097,-4.4418,3.9572,-5.0907,-5.1317,-9.9329,-6.1061,4.9286,3.0912,6.0068,-5.6358,-6.7678,5.1432,-3.1851,-1.1871,1.0743,-3.8351,4.0678,-2.4518,-6.3618,-8.865,-7.5617,0.8332,-6.9954,-4.5987,-2.523,-5.8212,-5.652,4.3947,-1.4463,4.0947,5.4431,6.8651,-9.5382,-3.1321,-2.7935,-0.8548,5.378,4.5954,6.1305,8.1047,-4.9033
4.8167,0.0041,0.7353,-2.6315,-8.9313,-9.633,-5.8279,-4.2221,-6.351,-1.3848,-4.3658,5.2049,-0.7345,2.4217,5.8674,-4.938,1.5761,4.8219,-4.5691,8.1191,6.9632,-8.4812,-4.6571,-6.7742,8.1928,-5.7016,-6.1043,-2.317,-7.3747,3.9422,-2.314,-5.0867,3.7729,4.3927,-2.9928,-0.6615,-1.7804,-0.2973,-9.7432,0.372,9.9433,6.2748,-5.3795,-8.8777,-2.9249,4.1503,-4.4048,-3.7486,8.5875,8.2801,3.0098,6.8768,5.4383,-1.9619,8.7972,6.5182,1.2058,9.3368,-3.103,0.3379,-4.5424,-7.5685,9.9869,-9.2625,-9.8068,-5.2941,1.2595,1.5718,-1.5037,-7.6909,2.4891,-9.9527,5.0204,-1.5467,-3.285,-4.3623,6.8602,-7.7163,6.6642,-0.1624,-8.9012,-4.269,7.4357,-9.9253,7.1102,-3.7671,6.0301,8.4562,-7.8938,-8.7604,3.9514,8.6899,-3.5043,-8.6963,2.7091,6.8468,-2.6444,-5.7841,9.2877,5.2623,-9.2587,-8.9918,-1.0562,-6.3014,-2.9622,1.7166,-5.022,0.7896,-7.4305,-0.6677,-4.6317,-9.8876,7.7987,5.6206,8.7905,-9.4333,4.844,-4.0848,-7.2212,-5.5856,-4.7283,5.555,3.7823,-4.9033,9.9576,3.1463,3.9867,7.9361,4.0125,-4.0358,-3.6145,-0.1354,-9.1673,-9.4212,-8.4635,-3.499,-1.5262,6.4142,9.7076,4.8176,8.2249,6.5032,-3.5968,5.2237,4.6289,-0.6527,5.1692,-0.1385,5.2983,2.0353,-0.5435,-7.5495,7.3172,-6.9169,6.9368,1.4501,-9.6018,-8.51,8.6857,-4.7727,-9.094,6.0939,-9.7771,3.7006,3.233,-4.6261,-6.8159,9.4281,1.7499,1.2442,0.0025,0.5087,-2.5484,3.2966,3.4117,-6.64,-1.9588,-0.3247,-6.2084,-7.1252,-1.336,-2.1482,-0.8881,8.3841,-1.0297,-7.1375,4.9648,1.1458,-2.8243,6.3032,0.8494,-4.4105,-8.9949,-4.6044,-4.5269,5.4871,-0.6198,-8.0888,-6.2077,-1.8056
-7.5143,-6.4709,-4.4024,8.5606,4.385,1.3324,7.8947,7.0774,8.3863,-2.2183,9.6785,8.7845,-0.2627,8.6681,3.2292,8.1924,3.8108,4.4582,-4.1414,2.9076,6.9553,4.3204,1.933,-1.7108,9.8647,9.5798,-4.914,-5.9597,2.0758,5.181,0.0586,6.133,-0.6177,1.0211,-2.7774,-3.0383,-8.9831,1.7594,-2.1802,-0.4175,-2.1822,-1.5012,-4.8715,-6.6185,6.8456,9.4463,1.9955,-8.6755,-1.01,3.0895,1.5605,7.4786,-9.122,1.52,-5.4833,-9.3719,5.5635,-0.633,-4.5528,-1.8616,8.3511,0.9555,9.4644,6.6692,7.222,1.0878,6.6701,0.899,3.9893,-8.2385,5.7275,-0.8843,-6.2026,1.3717,5.2747,7.2062,1.9669,4.4949,6.9136,0.1419,0.2906,9.3422,-9.5644,-0.6807,2.7056,-6.7207,-0.1558,-6.3782,-7.0276,-8.5425,5.2115,-9.9936,9.5792,9.0823,-3.1468,1.2515,4.7018,-6.7398,-4.1454,-2.2801,5.2463,-6.6107,6.7762,-7.0502,7.3675,-1.1932,2.1746,-8.4842,-9.4724,-5.273,-7.128,-5.9242,6.8597,-0.1384,8.1527,8.1185,1.1163,-4.6482,5.5377,-6.8975,-6.9595,2.9264,-3.5423,-4.0446,-1.9181,5.0341,1.4801,-0.006,-1.3906,4.6465,5.4331,-4.2408,7.1907,8.1007,4.8552,-2.309,-0.4012,9.5981,3.1239,-2.7132,-1.0473,-2.4494,-8.1486,-3.9053,0.8444,-3.5185,5.9986,5.352,-7.3064,-6.3181,-2.9146,-9.2669,4.777,-7.7973,-4.9242,-2.5126,4.8462,2.5918,0.2539,-9.9616,8.5459,1.0962,-3.1514,7.3106,-4.5346,-9.279,0.8892,3.5022,9.1054,-7.2307,-0.3766,1.9615,-4.3957,-0.836,-4.6465,-6.4642,-8.8923,-3.8821,6.3481,6.845,2.3493,1.0596,2.2359,2.0962,-9.8862,-2.4438,3.4336,1.4267,-5.9887,-7.6902,-9.7716,8.1477,0.5419,1.4582,2.0713,9.4706,-3.1773,7.6966,0.8882,5.485
-3.4423,7.7495,-9.4676,1.6274,6.8094,9.6018,7.9793,-5.7827,3.2342,-6.0712,8.8041,-2.0605,7.3984,-0.1541,-8.7412,0.6539,2.4482,-9.373,-3.8129,-7.4943,6.3028,7.7496,-0.5688,0.4713,-5.3576,7.1768,5.1442,1.3813,6.9378,1.8231,-2.6159,6.357,6.4889,5.0123,2.9239,-5.7082,-9.3778,5.0967,6.2615,3.6838,-2.0102,-8.261,-9.9072,2.4108,1.1207,7.9939,-8.3908,-7.8117,0.6923,4.285,6.8507,-2.5476,5.9967,-6.9386,9.7571,-7.2064,-9.1879,9.3779,-8.4822,-9.6186,1.9515,3.889,6.7419,-7.9928,3.695,-1.5501,-6.6973,-4.1143,7.3047,-7.1573,-9.665,-7.2855,-1.1007,-8.1882,6.5074,-7.8016,4.3293,1.7278,-2.1016,-1.0459,3.4754,4.8707,5.96,-8.5144,4.1138,2.2712,-8.5226,0.0794,-0.3044,3.5234,-7.1967,-2.2473,-3.8484,-8.2469,-5.673,6.2085,-4.1242,-0.0787,-7.7954,7.2772,-5.3694,6.9703,-6.449,-5.6666,-5.502,4.0832,6.6664,7.4351,0.7808,-5.9351,-7.3707,-2.8607,5.0136,3.4906,-8.0557,-2.7516,3.822,1.9341,-8.2576,-6.2032,1.9971,1.2365,9.5258,-1.376,5.6656,8.6844,-3.1159,-5.2665,-1.3593,6.6085,-1.2656,-1.1188,-7.7303,5.6568,9.2679,-5.8094,-3.8719,-5.5108,-2.0816,9.6908,0.6203,-7.1914,5.4475,5.687,5.3927,7.1375,1.3883,2.8917,4.6646,-1.2199,-4.9411,-6.9017,-7.9683,1.523,-6.0881,8.8696,1.5572,9.2971,7.6364,6.3707,9.583,-5.367,2.1427,9.0515,-5.3762,2.5177,6.9458,5.9493,-0.5198,5.304,-3.7143,5.2523,-9.757,8.8163,-9.4357,2.7505,9.009,-5.4922,-0.3322,-7.3736,0.2124,4.3407,-6.7788,-5.0699,-8.2361,-8.5345,-5.7538,-8.523,-7.0578,-9.727,0.5315,-8.5404,-6.2969,6.5882,-4.9569,8.8142,8.7055,9.2834,-5.8042,9.6378
-4.5221,-2.0958,-9.4479,5.4554,-9.5103,-5.6435,-0.3123,9.9726,1.2661,9.2637,-5.8316,-7.3585,-8.9731,-6.2263,2.9532,-9.1387,5.868,8.0127,2.7707,0.0248,-9.9955,0.9079,0.1303,3.1167,-5.9621,-1.9028,-7.5574,3.693,0.5724,0.1878,-8.0554,4.7602,-1.2605,2.3688,-7.8274,7.1869,-5.9728,1.8983,1.4165,-2.076,-8.2968,9.9949,-7.4618,7.4463,9.8472,-4.6146,-1.2375,-0.1653,-5.8073,-4.8274,0.9413,-5.2944,-5.9518,9.841,5.1323,-3.4619,1.6443,-4.4467,8.0489,-5.4368,4.0509,-5.4812,2.7271,7.0986,7.4742,8.9521,9.6225,-5.2676,-0.0063,1.3663,3.0582,6.8962,9.4192,-2.0856,2.1903,-2.9147,-5.2454,3.1196,-8.4375,2.1031,0.3476,-3.9733,-0.9568,5.9581,-8.6076,-7.7728,-0.8478,-5.8094,-3.2852,7.1678,-8.6586,2.8126,-5.7078,-2.6347,9.1321,5.3137,8.3606,3.6225,6.9841,3.6412,5.8107,4.1319,-9.6663,9.5888,-7.5446,-3.8086,-3.8158,6.5066,8.9652,0.9485,-2.9351,-7.5208,-6.8013,-9.3954,-2.1406,6.0907,1.4651,3.9739,-2.4945,-4.7066,8.5698,-5.0556,6.6129,-3.4663,-5.6993,-3.5857,1.0832,-4.5458,7.0959,9.5615,-3.9328,6.2947,-7.6846,-1.861,-3.1035,2.7822,-5.0725,6.6189,5.5246,-3.1554,7.3649,-2.552,2.9339,-2.7361,-3.1237,-6.5386,-7.6722,2.7927,5.4195,1.8281,-7.2934,-2.4594,-4.1888,0.3434,-2.11,3.3182,-8.9413,3.4616,0.5082,1.0716,5.8205,-4.2156,2.3362,-8.1873,8.8811,-8.293,3.2824,8.4851,-2.3109,-7.0353,5.4502,2.697,5.9344,1.6106,4.9896,-6.8197,2.984,2.1865,-2.5616,-0.4558,8.5883,-6.2928,-1.6643,9.4327,9.8906,6.6677,2.4072,8.1718,-4.5541,-4.3659,1.585,-9.8747,4.5848,-0.3472,2.8215,-6.792,-2.616,-2.2348,-3.3587,-3.5034
4.9577,-7.826,2.5198,8.7357,-9.3509,-2.5063,4.3905,5.9066,-2.0422,9.3975,-9.1432,-9.5632,-1.0254,0.0863,9.0434,6.2614,-3.4106,-8.3676,-7.3724,0.7311,-5.1741,-6.8261,-5.1569,-0.968,0.1512,-1.5018,-3.4975,6.8105,2.5529,2.3332,4.7492,2.2479,9.8451,-5.6497,-7.46,0.5115,5.7994,3.4563,8.7431,-3.9193,9.6883,7.1063,7.0977,-7.5228,0.4334,3.5457,7.8453,-8.3816,-9.4965,0.5483,7.6646,4.4131,3.472,8.0351,-8.4701,-5.1374,-4.2411,-4.5163,-4.9619,9.7836,-0.6075,5.6722,-7.5254,-8.4595,0.2356,-4.3078,0.0755,-8.9393,7.1533,-5.1932,7.562,4.2294,9.2644,2.3724,9.0978,3.9071,-5.0776,-3.3158,-4.3672,7.5932,-7.0049,-8.4499,-2.8004,-6.8768,8.7318,2.1707,0.3299,-7.7786,2.5629,-6.1812,-7.4495,-0.6624,-2.2988,-0.6385,3.1018,4.9271,-5.9491,3.6576,-7.8685,-4.1634,8.8174,4.2186,9.3599,-6.487,-7.5463,-8.0162,-1.9126,-3.5207,-5.4714,9.6314,-8.2289,-7.8926,-4.6826,-2.07,1.5255,3.2487,-1.058,-5.8485,-3.1711,-7.9707,5.2389,-7.7773,-2.0917,-6.5299,-1.0777,9.3639,-9.3143,2.5272,3.2725,2.4685,-6.436,6.5091,3.4647,-7.3415,-0.3318,4.4019,-0.767,-7.2907,2.3657,4.8799,-7.5365,3.4578,7.2992,2.1101,-8.0415,9.136,-7.542,-1.9867,7.0707,-3.6488,1.0681,-8.0268,8.6794,2.8432,0.3001,-9.5278,6.8827,4.5564,7.1752,3.3391,-7.2356,2.6374,-6.3473,-3.0659,9.9468,9.6297,-5.805,5.4557,-1.1621,-5.8202,-4.4884,-8.9759,-1.6226,2.6534,-6.2647,6.9322,0.0419,-7.7475,0.7993,-4.4205,6.3568,5.4262,3.7488,8.7182,9.8374,-5.2765,7.6195,0.9413,-1.0573,-6.628,-1.7919,7.219,-6.943,9.3211,-0.0816,4.4798,6.3817,4.4529,2.7637,3.3656
6.0756,1.1977,-5.6438,-8.4279,9.9976,-3.6201,0.8222,-0.9784,-6.1953,9.8849,-7.7971,-6.1853,-2.7029,-3.1051,-5.9868,9.7783,2.1859,-6.9415,7.7952,1.2959,4.9387,-5.5466,-5.2568,-5.4369,4.0692,9.696,0.2647,7.6672,9.7173,9.3742,-2.5388,2.0012,-0.3246,6.4016,2.2565,-7.4333,8.0973,-2.9439,3.3251,-9.1614,4.9027,4.968,-8.1769,0.4953,-7.87,0.554,-4.0943,-6.0515,4.9947,2.9236,3.8937,7.8135,2.4516,-0.862,7.2434,-8.6383,1.1614,-1.702,1.0525,-6.6011,-1.1216,6.6646,-2.8006,-2.7326,7.3523,6.5678,3.1173,9.6013,5.5633,7.293,5.1476,-0.0127,0.6519,-6.485,-7.3058,-9.7778,-8.043,-1.3421,8.9408,-4.4625,-6.2291,3.8365,6.1302,-4.1241,-3.7486,-6.5021,3.0596,1.9646,-8.8848,7.6401,-7.4715,-6.1186,-0.0762,-8.1045,-3.2138,1.1462,2.8313,-3.3668,9.2327,8.0102,-9.1618,0.0803,-1.0658,-6.5333,-5.8152,0.777,8.8239,-0.904,9.377,-2.8808,-8.2818,-4.6641,-7.3591,6.8805,2.5525,2.9509,-1.5457,-5.184,-5.7675,-2.5167,-5.5867,-0.4175,-1.3214,-5.71,-1.0049,9.9705,-8.5172,6.3102,-8.9859,-4.6055,-5.2272,-9.0423,6.8012,-4.5147,6.9431,7.2901,-8.3272,-8.0471,2.845,4.8689,5.6337,6.2074,8.6753,8.2549,-8.3786,-5.5652,4.7987,9.3077,-6.3239,-9.7973,-6.3024,6.0501,6.7178,-2.382,4.8623,9.7768,5.1198,-5.2804,4.3933,6.1682,-8.5777,-7.6406,-0.8154,-0.2467,9.534,-1.6871,-0.9731,1.5015,9.1578,2.7421,-8.0966,-0.4456,-3.986,3.012,5.0301,-0.9964,5.5023,-3.698,-1.5944,3.7087,-6.5982,0.7769,-0.6337,9.962,-5.4258,-8.0194,-0.3501,8.7021,-2.4945,-7.407,-1.7183,-3.5789,-6.1626,7.7503,9.477,4.7056,2.3175,-4.0534,1.5314,-6.5023
9.2133,-6.5947,7.8012,-3.7086,0.6662,7.1809,-7.3657,7.2581,-0.8411,3.1861,2.7743,-1.5825,8.396,-4.5278,-4.2185,-8.1504,-6.2313,-1.2927,-3.5332,0.2924,-7.5683,-2.1293,-5.2734,-1.9215,-8.128,-8.4187,1.3885,6.422,0.4379,-1.0942,-5.0912,7.3587,-9.6798,-3.1727,4.3937,-1.7644,0.4027,-6.8047,-7.6757,4.0386,-8.4823,-3.9969,5.6569,5.9448,-2.4581,-3.7707,2.5729,-4.1365,3.4337,6.72,7.0561,-4.1561,-8.9482,-0.8079,1.7758,0.0998,-1.2147,-2.9868,4.3935,-1.3626,-9.9519,-0.0462,-0.5886,1.3106,-0.6968,-7.8334,0.0426,-2.2743,-6.6614,9.7332,7.031,8.5131,-1.3466,3.3372,8.6357,-5.8958,-2.7141,-4.5163,1.517,4.6192,2.8574,-3.4112,1.7542,8.6153,-9.8068,2.0233,-9.0912,4.2783,8.1937,5.787,-9.2214,0.6489,9.9331,-7.5957,-7.75,6.9233,3.8726,-4.0564,-7.8342,-5.0092,8.4975,-6.835,5.093,-7.3856,9.5467,-5.6178,-1.5732,8.3779,9.6709,9.0795,-2.9863,-7.1537,-3.8456,0.731,1.5432,-9.8895,0.3445,-9.1902,1.7976,-8.0705,-0.849,-2.3073,5.1468,1.521,3.3134,-1.001,9.1677,-4.2093,-4.8687,-4.0969,9.7414,-5.2957,3.486,9.8189,-6.6741,-3.1001,4.9444,8.0675,5.2544,9.8892,-1.01,-0.999,-5.0703,-2.471,1.5953,-8.8775,1.1934,-0.1716,6.4051,5.9532,-3.2785,4.6941,3.1687,5.5134,1.5356,4.0575,-7.2949,-2.1643,-2.6212,0.6054,-0.5443,5.0407,-6.248,6.284,1.3576,-2.3535,-2.1093,-0.6334,3.2945,3.7341,4.0755,-7.6999,4.9941,-1.7305,8.1673,-2.2892,-0.6842,2.3957,2.8706,-0.4394,6.7156,-7.1969,-6.0256,7.2643,-5.8807,2.1184,1.6239,-3.8709,5.6522,-9.0823,9.7797,5.6339,-2.2718,2.7562,-2.5702,-1.9159,5.107,9.7662,1.8362,-8.7243
-4.9095,2.05,-1.9794,9.5159,-9.0717,4.1269,1.8234,3.3938,2.412,1.5366,-3.2317,1.2965,-7.4661,8.9996,-7.2115,4.9206,-3.2582,-0.9739,-9.5785,8.0921,-8.6778,-3.5664,-8.8682,7.2337,-3.4135,5.3419,-2.795,6.5565,-4.1747,-1.2009,-7.1853,3.7079,2.7279,4.4535,-3.8564,-1.6234,4.2442,-5.1355,-9.0925,3.3271,-3.6508,-4.9481,-7.5489,4.3293,-0.854,4.8264,-9.7521,2.1727,0.5098,-6.9852,2.339,-4.6161,-6.8346,9.8083,1.0359,-2.9132,2.9223,-0.1753,-4.9685,8.6951,9.961,-9.9623,-7.966,-8.2757,-0.6573,-2.8015,7.5275,9.3191,3.1783,-0.6912,-7.2823,-4.3114,0.2637,3.8544,-8.2377,-3.853,9.7894,-1.292,-2.7966,0.1372,2.156,8.1453,2.9978,-3.9063,8.3539,-5.2977,1.1072,-7.9844,4.0585,8.3103,2.5497,-3.0744,1.7261,8.9426,2.2199,-2.9564,0.8649,2.5186,-0.3097,-6.1984,3.1532,-9.0495,1.9364,-5.5994,-4.6304,4.3842,4.421,7.3985,-5.1525,-3.6462,5.9118,6.1521,-5.2196,-0.062,3.7047,-5.1503,-7.6422,-3.0663,6.4664,1.6911,-5.996,-2.3273,2.5707,3.1991,2.1392,1.8031,-7.5102,-2.8766,2.0929,8.9571,-6.3461,-8.3427,7.6953,-2.9914,1.6816,9.8956,-9.6858,-4.729,-5.1746,2.7364,-8.9036,-9.1546,5.8191,-0.7108,-1.6641,-1.1764,-9.9323,-4.6826,2.0582,-6.7783,-2.5332,-5.8578,-3.2894,0.6795,7.954,7.7889,2.2066,-6.2946,-3.2939,-1.9141,7.3913,-1.7128,-7.1013,6.1635,1.6186,6.3977,-6.3321,6.2154,-6.7429,-1.7715,-2.9308,2.1856,-5.7608,-8.8037,-5.5258,4.4303,-5.7724,-8.2705,-6.7091,-4.6707,-7.8257,3.0389,-5.2021,9.3695,-5.5616,-8.3828,1.4035,-5.2471,1.9841,7.1309,-8.355,0.2721,2.5233,-1.4574,-6.1004,1.7312,-9.5378,2.7236,-0.4811,-1.1334
9.3166,7.289,-2.6757,2.0118,5.368,9.6268,8.6215,2.0692,0.899,-8.7922,-5.9039,3.5901,1.7851,1.0279,2.0002,-8.5881,2.2791,-1.4297,8.0047,-3.4648,-5.0374,-1.461,-6.0312,-9.6128,8.0639,2.9868,7.3946,7.0053,3.988,-8.5251,3.2407,7.3303,-0.44,5.8025,3.5843,3.2478,-6.4003,-4.7275,-8.4034,7.6978,5.0924,4.9013,6.73,-6.3861,8.4109,-3.5484,2.265,-6.2233,4.9077,-1.4861,-0.9013,-2.9546,1.5988,9.7626,7.363,7.6752,4.5312,-6.1785,6.3342,-8.9042,-0.1559,-5.073,6.9315,9.8919,6.6644,-2.4468,-7.5808,4.6565,4.5209,-8.5342,-7.0513,8.0475,7.9896,2.5945,-3.8406,5.6343,-7.3039,-7.8562,-8.5215,9.4959,-0.7123,-7.9358,8.0927,-8.7883,9.9529,-4.4995,4.9922,6.1051,-4.7398,-0.5772,7.2937,-1.7954,7.9174,-3.7119,5.697,1.4219,-2.6034,-7.1893,7.2644,8.5237,2.4385,-2.4433,-0.0458,-6.0429,9.0312,-0.6633,9.0955,-0.3136,-5.0789,-6.7488,-4.9684,8.8048,6.9929,2.0465,-6.3817,8.4639,-3.2769,-0.7981,2.2582,1.8669,0.1325,1.6446,-8.1635,9.8878,-8.216,9.4523,-9.9357,-6.1168,4.0008,4.9861,-6.1953,-2.5813,6.14,3.2679,-3.1409,-8.6414,9.0215,4.8025,1.7079,-8.4378,6.9141,-7.0468,-7.4012,-5.7803,8.5909,-9.2147,0.6128,8.3153,-4.5595,3.5994,-2.5297,-9.5509,2.1612,9.8185,6.0205,7.9251,-1.1582,-7.354,8.2952,-0.2809,-9.0347,-1.4994,9.1241,-5.2463,5.6038,-9.9463,3.9043,2.8963,-6.3737,5.4672,-9.601,0.054,6.0781,-3.2378,-7.7588,-6.2262,2.6334,3.9733,-8.3723,-8.7612,9.2745,9.4176,-2.2968,3.9568,-7.6835,0.6529,2.1561,-0.8246,8.5758,-4.9964,7.956,-3.1089,5.3479,2.7474,-2.708,-3.9179,-3.0545,8.6513,-6.1837,-1.5246
-0.6973,7.0107,-8.3824,4.879,4.066,1.7654,4.577,-0.2237,1.9334,5.5875,1.5396,4.1824,-5.4897,2.4685,4.5597,7.2155,0.05,8.9311,-9.3687,-2.7962,2.8332,8.0026,7.0906,5.6229,0.5668,-0.3186,8.8722,6.5178,7.3362,-4.3089,4.1208,5.0699,4.1456,-5.1828,3.6668,-2.8172,0.4025,3.2606,1.2635,8.6018,-7.2558,-7.0292,6.4019,-4.1782,3.1774,4.1356,2.8283,-5.3707,-2.7499,-0.1003,-1.8729,-6.0062,7.4393,-6.9107,2.0649,-0.6518,7.2627,-5.2829,9.1086,1.2302,0.3067,-3.2621,-8.204,4.194,-6.5978,1.41,4.1246,-6.4916,2.7076,-2.5364,-9.5811,-0.0416,-6.6971,9.0662,9.5545,4.1248,8.7945,5.8305,-9.8347,-5.5515,-1.0613,7.7242,-3.2485,-9.0153,2.3079,-7.107,0.5227,9.587,7.106,9.7228,-7.5752,3.0272,4.9025,0.1181,-6.4317,5.6653,6.492,-9.1841,6.9958,-7.173,8.1296,8.4246,-4.6905,8.8464,8.8507,4.2971,-8.2483,2.7849,2.9444,-4.6705,-1.4295,-2.2135,9.4606,-6.4614,3.4794,-0.9157,-1.5068,-9.6539,-5.0384,7.5916,9.1678,4.2636,-1.499,-8.6227,6.0243,-1.9905,-2.8689,6.4834,-3.8525,-4.4504,1.2447,-5.1408,5.6467,8.1063,7.4648,-4.4304,-3.7365,-1.743,8.4489,2.0523,-6.1029,-1.1218,-9.4211,7.5156,-8.5101,-9.8066,-8.2029,1.5372,4.2735,4.8267,-5.8592,0.7437,7.8621,-8.0804,0.4507,-5.6698,-3.7751,-9.9375,1.249,-6.2041,-9.2849,7.9725,0.8325,-8.7092,9.2438,-3.7937,-9.9208,5.7244,8.5234,-2.8945,-0.5459,8.3691,0.0644,9.7982,4.5091,-4.0912,2.5237,3.5798,-3.7105,-2.7074,-5.2064,4.5124,9.1961,-5.3768,-6.182,-2.7185,-4.1767,6.2636,0.7376,9.1988,7.484,9.2489,6.5421,-1.2161,9.0302,-2.441,0.5672,8.918,5.7376,-9.2008
-3.5632,-2.5306,-8.2162,9.0091,-2.6387,-7.6671,-5.2753,-5.1978,-7.5453,5.6116,8.7628,9.8245,-6.6552,-7.9583,-6.1665,-7.3692,1.8876,8.7315,-9.8446,-9.6805,-9.6722,6.301,-7.0382,9.2736,-9.8601,8.2996,-3.7747,-3.5061,3.4406,2.2756,-2.6331,-8.4178,6.5397,-8.0481,6.539,3.5157,-6.3279,-7.5437,-5.6149,8.2096,-2.132,-0.8491,-6.2778,-9.3674,3.3347,-8.1315,-3.4467,-9.0435,9.5191,-1.5772,-6.6486,-3.6417,-7.8912,-8.75,-8.6037,-9.667,-0.9576,-3.4315,-9.6324,7.4182,-2.7077,-0.5041,-4.2963,9.9782,-0.0505,-8.8104,-8.6354,-5.429,-6.1624,-1.6167,9.256,-3.6174,8.9049,-6.5713,-5.8125,-6.5251,5.24,-7.8962,7.5462,-2.7715,4.0772,-3.2428,-0.1249,-5.4152,4.9935,1.7762,0.4809,-3.1231,8.3803,1.2914,5.1346,7.4195,-3.4299,2.8662,-8.4002,9.5597,-5.3367,-2.0624,5.933,3.1635,4.4927,-7.1883,-9.2231,-6.724,-9.7713,9.4991,3.0586,-6.715,8.3381,3.6291,3.2503,-1.9986,8.4508,8.1733,-6.3585,-2.2926,-6.4917,0.6868,1.1147,5.9384,0.9382,-0.8959,8.5109,-4.859,2.5493,0.4656,0.6375,-2.0751,-4.5315,0.1681,-9.409,-1.1473,-4.5775,2.1734,-8.267,-4.7265,-2.4671,-7.772,-8.9928,-3.7354,6.4627,-5.9887,9.7527,-7.9648,-8.2068,8.32,-9.7108,-1.9152,-4.5821,-6.3602,-1.7301,5.2168,-3.2716,8.2687,3.6651,-1.9462,6.7873,8.206,-8.2151,2.357,7.5824,7.0953,-9.8872,-5.7572,-5.3366,1.5199,4.4115,-9.4168,2.6633,7.8728,-2.2989,-1.3377,-6.9295,8.4277,-3.6826,-6.1542,-1.7664,0.1626,-7.9636,-0.3046,-2.3181,-7.523,-8.0846,7.8959,1.3568,-0.7928,-2.9353,-4.2453,9.2499,3.7909,4.4194,-1.4777,3.2748,-3.1607,-3.4769,0.0062,9.4915,-3.2764,-7.0632,5.2681
3.2949,-4.4247,9.0612,4.8603,-8.5948,9.8441,-4.2953,-1.4605,-6.9548,-3.8334,-3.9093,-3.1015,-4.599,-6.6766,-0.344,-6.8222,3.9392,-5.8983,-1.2376,3.3444,6.0059,-2.4493,4.1267,-4.4841,1.1502,8.5518,-9.2822,9.0441,-0.9963,-6.2704,-1.5309,3.0298,-9.736,3.6549,-4.3153,-8.6669,-4.8651,7.6873,1.7573,9.3495,-8.5829,-7.0279,3.9476,-4.8591,-3.7493,6.1396,-5.9508,5.7021,7.6336,2.7247,-1.4911,-9.7897,3.1401,-4.712,-1.3332,9.5655,2.8202,8.9654,8.7045,-0.79,-8.3169,3.178,-3.5155,7.4416,-2.1425,3.0355,1.2876,-2.7646,2.5892,9.533,1.887,6.9319,-6.667,-7.5554,-7.431,-1.3091,8.9204,-8.5006,-7.9152,-8.0826,-3.7157,-3.9426,-7.138,0.3919,5.1881,1.7056,-4.1368,6.7223,-2.5316,-7.9659,-9.3729,-8.5091,1.8184,4.073,-3.8608,-7.3317,7.4175,-2.5456,1.1572,-0.7965,-5.6456,-3.4491,5.2625,7.805,2.4548,-4.665,4.9615,-1.654,1.9045,-0.5998,-0.5425,-7.6455,5.9049,-0.9752,8.9098,4.5179,9.5689,0.659,0.7692,7.0418,-2.504,2.5654,1.6989,1.8685,6.2478,8.8078,8.1271,-5.9352,-7.1473,-6.787,0.8175,-6.5701,-5.7167,6.1315,4.1032,3.2777,-8.0775,-4.1483,-0.9014,3.2146,6.8753,-0.0321,-1.2841,-8.9923,-6.728,-7.6161,-9.5573,2.7715,3.8078,-6.0715,-5.9967,5.1455,-4.0537,6.021,8.0165,-5.3675,-9.2949,4.079,-0.8022,4.3044,3.9801,0.8397,7.4483,-5.1789,7.2539,-5.5873,2.1407,0.9259,1.9162,-3.7902,6.1888,4.2359,0.4286,-9.0812,5.8347,-1.6457,-0.6358,-8.5607,-3.2366,9.3579,-4.4245,0.4216,6.2939,-7.7862,-0.9946,3.5333,-8.3664,4.0557,-9.32,-5.8584,-2.2964,9.237,-4.9841,8.029,7.7415,-9.1953,8.119,8.6164,8.5056,0.5719
-8.9803,7.9388,-7.6048,-3.7453,-4.6658,-4.316,2.734,-2.1128,-1.9114,8.9718,3.958,4.3014,4.8074,7.3976,-6.6298,9.4428,7.3851,3.6773,6.3497,2.2977,3.1756,-1.319,-4.9999,-8.1969,9.1352,6.474,0.5133,-3.571,-7.5679,4.5886,7.2795,-5.948,6.343,9.7019,-4.7642,-6.7721,-6.0101,-1.2944,9.4864,-9.2428,-9.8423,1.3025,3.6861,7.5378,-2.256,-1.4468,4.8464,-8.5875,3.197,6.2894,-4.604,3.0867,-6.0013,5.755,-8.0787,-2.8259,-3.8462,4.8695,9.7536,-6.2479,1.2705,1.4448,7.8823,9.8807,-5.7645,3.1751,-2.5493,-1.8139,-4.6214,9.5528,7.6822,-1.6016,8.4396,9.6453,5.84,3.0527,4.5423,1.3538,-3.9075,9.2613,-4.6042,4.7457,-1.1313,9.6307,-0.3418,-8.0149,1.7674,-2.9271,-2.5877,4.0192,-3.2283,-3.3776,8.8257,-7.3449,1.0485,-4.2566,-3.4653,-4.8986,1.1922,-7.1558,4.6491,-2.1731,3.4775,-4.1797,-4.367,-2.0718,-4.3527,-5.7913,8.5216,9.8297,3.1284,0.8873,0.2263,-6.9775,4.7292,8.4587,-2.3252,4.7617,-1.424,2.1656,3.5904,1.8659,-0.2694,-9.8248,7.7867,-0.555,-9.1376,-9.6065,0.6337,3.1293,5.221,-2.242,0.8479,-1.2385,-1.4021,-7.0102,-5.0187,-2.4288,-2.5916,0.3879,-3.1606,2.7117,-8.8569,8.2338,-9.9003,-8.0529,-8.9522,5.3321,9.7823,-4.4838,-9.9481,-0.3713,9.3141,-4.1456,-5.6221,7.6872,0.42,-9.801,-7.7538,5.0069,0.6572,-0.5812,-5.8487,7.307,4.9104,1.1853,-5.6096,-5.3566,-9.9285,2.284,-3.9613,2.3887,-7.0968,-3.1031,5.1321,8.0317,-2.0461,-8.5476,0.3954,-2.3299,-2.2609,-9.7114,0.0621,-1.7248,-6.5334,6.1959,-3.4191,6.6409,-5.8094,-2.3616,-7.274,-6.3244,0.3259,-1.3679,2.0607,8.4602,0.7919,-5.3105,0.6145,8.7809
-5.2867,2.4713,-1.4745,9.3276,3.0463,9.3394,6.6191,5.653,-3.2962,-9.6558,-0.1595,4.1831,-0.1321,-7.2512,-7.6043,-5.4832,2.3084,6.322,0.3251,-6.6581,-1.2244,-0.0281,-2.6644,2.2746,-5.045,9.1323,6.759,-3.9042,-3.5758,6.3679,5.5461,-2.5203,-7.2296,-8.3475,-4.5207,-7.0913,3.3931,-6.0459,6.3145,8.557,2.3866,2.6756,5.3071,-1.106,6.4283,8.0619,-5.8646,-9.079,0.0775,3.7897,-2.5958,-2.0519,7.2583,-2.9945,-7.0753,5.4088,-7.8466,7.7426,-6.3509,3.3483,5.5852,-9.4842,-4.0776,-3.3485,2.3032,8.436,-0.1598,-4.9451,-0.8491,-9.7791,-1.736,3.7303,-2.5097,9.2982,6.0877,-9.7881,2.5204,-2.6929,-7.0785,-1.7045,7.0165,-0.799,8.5019,7.3833,-2.2382,-1.0501,-6.2588,2.7916,5.5429,4.6539,-4.0228,9.8105,-7.4662,6.5981,8.9512,9.5015,3.3066,-6.3911,5.8032,6.2307,4.0942,-4.8102,-2.5938,-8.9987,-6.5694,-9.9654,0.3383,2.058,8.2084,9.9981,1.6846,-2.1582,9.8758,-5.1463,-8.921,8.633,-3.9755,-2.3889,9.5061,-8.3,-7.0873,2.1396,3.4231,-1.0968,3.8333,-5.0075,-3.5002,4.003,8.663,-1.3682,6.612,-1.8886,2.4309,1.4987,-9.7336,-5.8802,-9.7564,-1.0804,-0.1238,-8.5949,8.6646,1.8441,6.6015,-6.6984,5.1815,-5.8375,1.0408,-8.5059,5.4522,-9.8846,-6.2078,0.2655,-9.7202,8.8762,6.9548,7.6697,4.7996,-7.6256,-8.7071,7.8705,6.1714,-2.1033,-5.3224,2.4519,-9.6018,-2.326,8.5194,-9.4037,-0.7304,8.634,1.8205,6.6353,-4.7315,-5.2644,-7.0363,-9.3083,7.9787,-1.551,-0.2902,5.6021,6.7097,6.2212,4.831,9.6206,0.2769,5.1029,-1.7802,-2.5716,1.6098,-1.973,6.8877,0.4182,-9.046,5.7356,-9.6843,-7.5063,3.9048,5.3379,7.2801,7.367
2.0811,2.3249,2.0449,-4.3616,7.112,9.9678,5.5333,8.6574,-5.1769,-6.0903,5.1618,-3.7853,-9.1938,7.3127,6.1177,-8.0051,-0.7293,-1.1218,-1.3082,-8.0259,5.6338,6.782,8.017,2.7587,-2.0741,-7.4109,-2.7338,4.4521,-8.2983,7.1391,-4.2458,-7.9733,5.151,-2.7611,-8.5509,0.6833,8.8082,-9.1398,-8.3015,7.8453,-8.3032,-2.4676,-0.8021,-5.435,-3.6852,-8.5285,7.152,0.2111,-0.9654,-6.3846,4.1467,2.106,-7.4455,0.9119,3.9649,-2.4624,-9.3651,7.3375,-3.0802,8.7879,-3.7759,-7.9693,3.5898,7.5247,-7.4772,-1.5543,5.763,-9.3026,-5.8823,-4.1404,-9.9738,8.1206,7.6103,4.7375,-1.3245,2.3819,-6.0109,-0.9549,9.8907,-7.1759,-1.9432,-2.2799,-2.7158,-9.5117,4.0552,9.37,5.7592,3.5991,-7.135,6.4613,-1.7587,1.7073,-8.438,-8.4959,-0.9128,1.5512,-4.7376,-2.1866,5.6561,-8.5908,5.0402,0.2228,5.3017,-4.368,7.3863,-2.4734,7.7337,-5.7328,-2.0674,-9.6858,-7.1826,6.4698,8.2594,-1.3537,-0.4282,-3.4874,-9.6495,-6.7167,8.5062,2.7967,-0.1137,4.543,0.2713,-1.067,-2.9115,-5.7644,4.7843,3.6117,-2.6116,6.1484,-7.0338,4.8851,8.1417,-2.2227,-0.9816,-9.1047,0.6293,6.4464,-4.8789,7.6397,-7.6811,8.1225,-2.6338,-2.2026,0.8343,2.71,-6.7393,-1.3621,5.0031,-4.1884,3.6404,-3.012,8.099,-0.8225,-2.6307,-3.0494,-7.3112,-0.4546,9.7039,-3.4161,8.4462,0.8146,8.6706,7.8896,-7.8214,-0.3552,-0.6649,-2.5816,6.7549,0.6131,1.5554,5.6622,1.8031,-2.7031,-7.1488,1.7189,6.963,-9.001,-6.1726,-1.5288,-9.21,4.7933,-7.2876,-3.0112,-2.2784,-5.2968,0.2149,-6.3412,4.096,-4.8203,-4.7964,4.3056,4.643,-6.6486,8.2843,-8.2701,6.7251,-6.4593,-8.6745,3.2758
6.9322,-1.4394,-1.7345,2.9314,9.9645,7.6827,-4.552,-3.8255,-8.4263,5.3825,8.1601,0.2363,8.2314,6.6485,8.9608,-7.9191,4.0835,5.4614,-2.3344,1.255,7.1556,2.711,9.903,-6.5292,-3.2321,-2.4635,-4.5907,7.3966,0.3284,3.1618,-0.4023,-7.0985,3.4308,-6.9387,-3.6236,0.4087,-2.7751,-2.2524,-2.107,-1.6052,-9.6609,-3.0632,0.8619,-4.9559,-1.017,5.2907,6.8769,-9.0414,9.2222,2.3637,2.3122,6.4538,-4.7687,4.1085,0.8327,-6.0615,6.1893,-5.9677,-8.1027,3.1021,-8.6578,-4.5648,8.4349,3.1213,-3.0426,1.3214,2.3085,-0.6315,-8.7668,9.8915,-1.5783,1.128,0.4584,-5.1755,-2.0501,6.6268,-5.9185,4.7115,-6.8814,7.1012,2.0484,-3.9806,5.7713,4.0913,-7.151,5.194,5.4216,-4.8712,-5.0194,-0.3527,6.2608,3.0585,-3.7337,-4.4722,6.2088,-5.9062,-3.141,0.2597,-3.5735,6.4411,-1.4805,-8.741,9.5159,-7.8644,3.0715,2.3058,-7.8298,-0.4654,3.0547,-4.8978,-5.8957,3.0797,3.9992,3.7521,-8.7896,-0.756,-6.9524,-7.1952,-1.9239,5.7034,-4.7612,5.0868,-9.6381,3.8117,-4.2824,-3.6992,-5.7093,-3.8016,-6.614,5.5953,9.4164,-6.2699,-9.2609,-8.356,-2.0229,2.4213,1.6065,-8.5316,5.3152,-9.7688,-0.1021,-9.7461,2.2992,-2.293,5.9607,-9.7823,-2.6476,0.4427,8.6807,-6.1232,-2.327,1.7821,-4.634,-2.9623,-5.2696,-5.189,3.5193,3.3157,6.1505,-0.6017,-8.1231,-4.9074,9.3295,-2.9577,3.2538,-6.9407,-0.4466,-3.5969,-9.4934,4.9834,-2.3101,8.6209,-4.9044,9.2111,-1.0388,-5.0776,4.6107,-2.5474,-9.9137,-1.4069,-1.6595,7.8432,-3.3961,0.5311,9.8985,1.0855,-3.7467,-8.8933,3.5379,-3.246,-9.745,4.7574,-1.1229,2.374,-6.674,0.4595,1.2568,7.4985,6.7751,-5.12
1.2338,3.706,-8.1673,-2.0193,-6.9929,-0.2535,-0.9818,8.4517,8.9575,1.8033,-3.9477,-5.7714,9.7271,7.4913,4.0599,-0.6817,-3.8355,9.1393,-9.2405,-1.2983,6.9978,-2.4237,-6.6586,-1.4358,6.1085,-8.1443,2.932,-7.7003,-0.9474,6.6862,-5.2845,0.928,5.7567,-1.0044,8.0491,5.5436,3.1972,-3.7996,9.3957,7.5392,-9.4254,9.9915,4.7648,2.091,-4.9053,-5.1855,-4.4044,5.3896,5.9735,-9.3718,5.9697,-4.6171,9.9357,-0.3272,0.3309,2.234,0.4898,-6.8399,3.5957,6.2266,-1.1045,-5.9391,-0.6984,-3.3562,0.8226,-3.7628,5.842,-5.3493,7.3141,-2.6466,-9.6513,-0.2204,-1.6824,-2.8077,3.2303,-3.2777,7.4137,4.2567,-0.5937,-7.5179,-4.0362,8.0668,-9.6301,1.2186,-6.985,3.0547,-5.4362,-0.1902,-2.5601,7.9356,6.8342,6.5084,2.1378,-7.5896,-0.203,2.8807,8.0534,5.3571,5.0608,-9.4784,0.5853,5.5538,-0.415,-0.9209,-2.1865,3.1297,8.9991,-7.5568,2.1663,9.2968,-9.2487,4.5716,-0.1888,-1.1618,-5.5245,6.4757,-6.5465,4.5452,2.7591,-8.2811,-9.457,-1.1989,3.9955,2.3942,4.9225,-6.9793,-5.8895,4.4723,-7.7135,-8.9332,-9.6763,-5.3449,-4.9956,5.3866,-2.3046,5.6498,-6.4145,2.5423,9.1893,6.9435,6.8744,9.1587,-9.731,-7.1337,-9.2317,-5.6063,3.1702,0.8714,4.9677,-8.7612,2.7885,2.7266,-0.6041,-2.8848,3.6956,5.1703,8.7427,-8.8279,5.7067,7.4486,2.9444,-9.1342,-9.5012,5.3327,-7.8919,2.4185,8.5525,9.4597,-5.8405,-4.8948,-4.8692,-5.5761,-6.1774,5.2704,-9.0265,-9.6832,-5.5999,-3.7567,2.4826,-8.2944,9.3689,-7.4359,2.5772,-0.7764,5.262,1.0888,-4.6403,7.1321,1.9647,4.4362,2.8183,5.9745,-8.5091,6.3058,-7.798,7.867,0.8365,8.5944,-9.8498,4.025
-9.2356,5.0335,-9.9611,-5.0845,-2.6911,-0.8947,6.9061,-8.6266,-0.0232,-7.1619,0.9249,-7.9019,-0.7126,-1.2733,-5.3381,-7.1683,-2.6638,-8.5895,-3.8722,3.1484,-1.7141,0.7323,5.3057,1.3566,2.8631,-8.362,2.9996,-4.9558,-8.3102,1.8024,-8.2229,-5.8166,-9.1157,-7.3104,-8.7751,1.4763,8.2716,0.7318,1.5072,6.2402,1.3713,5.8476,-0.8369,-8.8573,6.7921,-9.1481,-6.0635,9.4049,-2.1765,3.6524,4.3727,-8.2694,8.0213,-8.171,-0.7943,-7.295,-9.9516,-7.4661,6.617,2.4414,9.6479,1.0112,-1.6809,2.4067,3.0357,6.8092,4.0802,1.7551,-1.8062,-2.5401,0.4875,-4.3083,-9.5299,-6.151,-8.2162,-0.3496,-6.879,1.95,0.9487,3.7976,-6.3556,7.7928,7.0735,-1.7525,6.9042,7.1738,6.753,-9.7717,3.8086,8.0106,9.4788,-0.5194,9.1816,5.86,2.3116,3.9632,3.52,-4.7517,-2.7619,6.7161,-6.867,-7.6267,-7.0125,2.7748,-5.7396,-4.2379,-2.9877,3.1491,3.5201,6.0882,1.8219,-7.6369,7.5179,4.9779,-2.9332,2.3793,-1.3961,1.2483,8.872,6.9908,-9.4158,6.336,-3.9917,-3.0938,-3.9138,-9.172,-8.4145,-8.8472,8.4543,-4.7214,-0.8838,6.8428,8.6844,9.683,3.5591,-4.3978,-3.4829,9.8076,-9.5914,-1.2264,-0.5957,-5.9043,-6.3846,5.7662,1.7504,4.9452,8.5579,5.9766,7.306,3.0847,8.6774,7.4126,7.2033,2.6024,-4.5829,9.9275,-0.6728,-1.6186,-2.3492,-4.4706,4.0778,-0.1882,1.5522,-9.2641,-8.6443,4.9613,-5.4618,8.3223,2.5629,-5.1379,2.4698,-4.5385,-5.8937,7.8199,-8.0335,-4.4346,-5.8711,-2.5735,6.2724,8.4347,-2.9779,2.686,-1.5921,-8.4349,-6.6787,3.9782,7.8415,7.3366,-3.6256,-0.1437,-6.1501,6.6339,-2.3338,-3.398,-4.1912,1.918,-6.8786,4.9424,-3.6463,9.9092
7.5859,7.7696,-3.6041,1.3582,-7.0676,1.3502,1.3085,-2.6252,-0.225,0.8331,-5.3812,-1.7807,8.5356,0.3205,9.9776,5.1284,-3.7286,-0.82,3.4174,9.4676,6.949,5.5425,9.6071,5.6498,2.7755,-7.0542,0.2309,-4.5953,-9.6037,2.9741,-9.217,-7.5456,-8.7604,1.2642,4.0987,-4.0288,1.5516,-8.2565,-1.1388,2.279,-5.7788,0.4788,-0.6348,-5.8345,4.0596,-5.314,-3.6578,3.5398,1.7652,2.8066,8.1027,0.8567,-7.7347,-0.1546,-6.9594,4.6203,-8.2187,7.4938,-2.2329,8.3299,-4.9936,0.2363,6.8513,-3.4208,3.7263,8.0516,4.1702,-8.9045,-6.7999,-1.3283,-6.6588,-4.6966,7.4742,-3.1893,-6.7542,-7.0309,5.7477,-7.6643,9.3035,4.1056,0.4085,4.8185,6.0137,6.0646,1.4368,-6.1297,-7.783,-5.6435,-7.1148,-1.3221,-2.9693,4.6909,-6.4149,6.2196,4.2966,-5.9001,3.5275,3.8802,6.622,-7.7316,0.7522,-5.6443,3.7145,-0.4262,-4.5866,1.0676,5.4102,-3.8972,1.0205,0.4962,-1.1776,0.3983,-1.8244,-1.1242,8.3023,1.8373,2.98,5.8188,6.5869,-3.039,0.6589,-7.7582,-8.8459,0.5787,9.1715,1.758,-0.5364,-9.1001,-6.8021,-2.5448,5.3691,-6.4516,-2.525,-9.5768,-5.4441,-1.3294,-5.2088,5.7619,0.1614,0.9848,4.9444,2.1497,-8.6715,-5.801,3.2226,9.4304,-6.0268,1.47,2.8782,4.1613,5.9126,3.3186,5.7777,-2.9082,6.3887,-7.3201,8.8354,0.4475,-5.7538,-9.2633,5.63,-7.3159,-9.3255,4.3244,6.2658,-8.0363,-4.0912,0.2243,-3.9185,4.1855,-9.267,-0.9411,-5.6057,-0.9448,-6.4042,-8.9503,-2.4552,9.2373,2.5624,8.4027,9.4855,2.8484,3.4084,6.7815,0.1542,-6.6961,1.8581,-0.4437,-6.3724,-9.9275,8.8742,5.7062,7.8615,-2.5447,5.5968,2.7685,1.3727,9.1873,9.3774,6.8615
0.1844,-0.3762,1.44,-5.6309,0.8159,4.3086,-4.3928,-9.2397,-6.749,0.3545,-8.2016,-6.2725,0.3332,1.108,-8.8788,-2.1374,3.8857,6.6464,-4.0923,7.4578,2.2903,-9.4319,6.3987,3.2373,-9.4899,1.6498,5.7056,-7.854,-3.5441,-6.0213,-3.627,-4.2549,-3.1637,-7.8898,-5.6598,6.5485,5.6054,-3.0536,-9.5811,7.2861,-8.1912,-0.9913,-1.0159,9.3897,-6.3336,0.8602,-5.7708,8.6689,7.1336,-3.2076,-0.76,4.1203,8.5847,2.2039,1.5338,-5.084,1.3031,1.673,-7.7518,-8.5387,-0.3755,0.5905,-9.4127,5.2136,5.2253,-0.9476,-9.0985,-2.4605,-0.4058,-3.9249,6.7366,0.9795,1.9527,-7.1541,3.1023,9.4979,-4.467,1.9923,6.0516,-8.9677,-5.9651,1.2323,3.3819,-1.9576,2.3126,-7.5931,6.5455,-6.3079,2.2044,-9.238,0.5309,-0.9439,5.5211,7.1669,4.3178,3.9796,8.8303,-5.489,-4.4329,-4.3949,-8.1492,8.4337,5.8956,-8.3948,-8.6787,6.1665,-1.704,-1.9021,7.5498,-6.0264,-9.018,8.0079,4.3509,6.3457,-2.2219,-8.949,-5.1584,1.1627,0.7316,6.6032,1.7503,3.9735,4.6208,-9.6879,-0.7867,-3.409,0.3816,-3.4158,3.7844,-6.8388,4.4276,-4.4488,9.658,5.0898,-0.7426,-4.143,-5.9072,5.9999,-3.8959,-2.0782,-5.4689,-3.8798,-8.6984,-8.2692,-5.1554,-5.0045,2.3328,-0.7487,1.8509,-3.8698,-3.0916,9.7341,0.1978,9.6428,-2.5403,8.7578,-6.9338,4.3165,8.3447,-8.4941,8.7752,0.9474,-0.5004,3.7474,-6.4872,9.2651,-6.7071,-5.172,1.1118,3.1217,0.7256,5.2904,2.8128,-4.931,9.7813,7.0267,-2.0952,1.662,0.051,-8.2742,4.9728,7.2134,-6.9778,-5.519,-7.4633,-2.2884,9.206,-6.6442,-4.6134,-1.0312,6.1476,-0.1394,0.0679,5.5629,1.0032,-4.7862,-6.2571,-5.0577,-9.3058,-8.6922
2.6369,-5.6219,7.3946,-6.4665,8.3963,-7.1096,-8.7493,4.3781,-5.989,5.6771,5.5694,4.4359,-7.1482,-4.8734,-3.839,-6.0779,-6.4779,-8.3019,5.2292,-3.9652,1.303,2.2707,2.4635,-0.9999,-4.8181,1.2764,-7.2535,7.7132,7.2317,-0.7208,-2.0593,-4.5163,2.2776,-6.9788,4.2696,4.2078,0.5621,3.676,-7.4356,-2.4015,-6.8025,-0.5091,-2.0355,-5.5091,-9.0814,1.8478,2.8419,-5.7171,9.714,9.4255,3.8371,-7.4094,-0.8213,7.9258,8.884,-4.8495,-2.7202,7.6525,-8.2849,-0.0752,0.7034,-5.1111,4.2553,-6.1043,-7.6751,-2.3504,5.6461,9.3265,-0.6304,8.5701,5.1053,1.6029,4.9302,7.5094,-5.8188,8.8295,-7.7824,2.0708,5.2838,8.3739,-3.4801,-1.5672,-4.7086,5.7256,-8.0283,-7.4098,-6.8249,-4.7185,-3.0115,7.624,-7.1886,-5.9395,9.3041,8.626,8.355,0.9199,6.3001,-7.7794,5.0334,8.4478,-5.4236,9.345,-1.0105,7.0501,9.8511,6.8667,-5.4449,-6.7616,3.0458,-9.8862,9.4266,-4.9152,6.1412,-2.7502,-5.0107,-2.0944,6.5193,4.3672,5.1536,6.9156,2.4676,9.2591,8.5388,-3.5364,2.4593,-0.4174,4.381,-5.8768,-3.4137,-6.4368,2.7316,-0.4058,6.1461,6.0904,9.6747,1.6373,0.8761,4.9269,-2.0464,-5.9176,0.4768,-9.708,9.7644,4.4609,4.1079,9.8489,2.2844,2.8153,9.7487,-0.1138,3.7944,-6.9836,0.5366,-6.2437,7.2454,0.6302,-0.9105,5.0244,-5.7979,9.1914,-1.7963,-6.9941,-1.9549,1.7061,9.1319,8.9373,-7.1964,-8.8695,-9.7589,5.9492,3.0384,8.7321,-7.413,-8.3337,1.0427,2.1137,-6.1446,1.5817,0.388,-2.2592,1.8181,-1.1744,-0.4573,5.2837,7.4423,-8.3432,8.1403,9.7973,-2.8529,2.6464,-2.2072,0.4975,-8.0119,5.5911,8.5939,-8.7351,-1.525,-0.7722,-0.263,-9.9924
6.7,3.6394,-5.3208,9.4197,2.4245,8.3905,-0.2007,5.6326,-7.3566,-1.1827,-2.0461,8.8768,-7.4677,-3.5401,-2.4777,-7.6776,6.2381,-0.8681,8.1703,-2.6306,-3.5132,-2.301,3.6386,-0.411,-2.969,4.6585,-4.3041,-9.7696,2.5854,-8.3706,2.339,-5.6209,1.3162,-8.4121,5.7993,7.2128,-2.861,-0.0761,-1.3645,0.8381,0.1683,-8.7449,-3.1705,-5.1102,9.9262,-1.5818,4.151,1.794,-4.5118,7.4853,2.897,-5.281,-0.512,-3.4759,-1.5588,7.4991,8.6317,-1.2047,-5.4265,-9.9849,-1.3482,-6.5914,-8.6253,-0.5473,-4.2244,4.8296,-4.3871,2.099,-9.6126,1.4252,4.6983,8.7557,-9.3053,-5.8209,-0.5146,-2.7685,-0.8071,-9.4714,8.4404,0.0183,1.9272,9.0737,-8.0812,-0.6151,3.6958,6.8424,5.4873,-5.9034,-4.0692,-2.5023,8.9056,7.2623,1.8712,2.944,9.4693,1.8834,-3.8193,0.8363,0.3685,-0.219,-6.7067,5.0958,3.1943,-8.7121,-4.9315,6.1516,1.2016,2.809,4.5348,-8.0342,-7.3303,0.3412,7.7129,-8.1675,-8.1084,4.8457,-1.718,-9.0442,-5.8938,5.7315,1.5953,3.309,-0.737,-4.2722,-9.1016,-4.9712,1.0312,6.9797,-3.1961,9.9144,8.8503,-5.7418,9.5679,-2.9539,-3.3882,-6.919,4.1145,8.6672,-5.25,0.2036,-1.318,-2.2729,2.6741,8.1207,4.2208,2.8013,6.6796,7.0629,-4.7246,-4.4517,-3.7435,1.5287,-0.0452,3.7076,8.5958,0.9744,-7.2163,-8.9397,4.439,6.1616,-4.18,2.5504,5.5334,-6.8628,-2.8433,0.7421,-1.9073,8.1515,-8.2189,-4.2179,1.7397,-2.0769,-6.2327,-0.906,-7.0553,-4.6499,9.0893,-6.0872,3.9972,2.0018,-9.7204,-1.2128,-0.1318,7.4348,-9.9162,4.6169,4.924,-0.2732,-0.6487,-6.4537,-6.5504,9.0869,9.2765,-7.6592,-1.0646,-8.7808,7.4011,-0.2803,-9.1767,-4.5398
-6.5538,8.1288,-0.1016,8.8381,-0.0524,8.6711,-4.0018,-7.579,-8.5058,3.9839,-0.8812,-4.1602,-4.2727,-5.525,2.8967,-4.844,-0.7325,-2.4241,-5.0338,-5.691,0.0003,2.2352,-4.7764,6.1701,-1.4279,-2.0356,-8.9885,3.2672,0.1716,-8.1262,-0.3824,-7.9236,-9.2942,-5.5853,-5.1139,3.0138,9.0419,-5.1491,-4.5102,0.008,3.0695,-2.0302,8.3671,7.391,-3.3199,-7.8741,-0.6488,-1.5357,9.6358,0.1902,-3.5622,-6.6622,-0.2863,9.5624,-6.008,-8.8833,9.363,-1.5682,0.438,2.8696,5.2923,1.0114,5.7511,-3.1954,-4.007,-2.9693,-3.1387,-8.0267,5.8702,-5.3086,-2.3478,5.7645,9.5915,-3.9055,-0.0409,-0.4526,0.6455,8.4585,-7.479,-1.9217,3.1799,-4.2742,-5.327,6.8116,8.8461,8.963,-9.0972,3.3286,-5.1021,2.366,9.0098,6.1878,4.4488,7.1026,3.9579,-6.3142,6.112,-7.776,-8.1835,0.5658,-0.4177,-3.9229,-4.5482,-4.8464,7.5906,0.5119,-5.8551,0.9597,5.5478,-4.3535,-8.6291,-6.0466,-4.5736,5.5824,9.1482,-7.6647,6.4957,-3.3457,-1.7837,-6.6912,-9.2072,4.6676,1.6341,5.2968,-9.9644,5.524,-4.3194,3.6629,3.6147,-1.3524,-0.1863,1.1042,-7.3557,2.9063,8.2393,-8.142,-9.826,-0.1124,-4.5743,0.2286,3.6377,4.2919,6.4817,-0.9103,-6.4335,-5.2399,-9.8407,-6.196,2.0791,-8.7238,-8.0189,-4.7084,2.9305,0.1538,-9.4902,-6.9678,-4.484,2.7104,-6.6925,-7.8507,7.9397,7.7166,6.8978,9.8872,-7.3203,8.5784,-0.0581,5.0395,9.962,0.0862,8.2213,2.7641,6.8133,-6.0089,-8.5039,4.8705,-1.5804,4.893,2.8037,0.7389,5.5258,-5.8842,7.963,3.0331,1.8569,5.7325,2.9862,-7.2894,-2.9253,8.8509,-2.8264,7.0478,4.9168,-8.6957,8.1062,9.9421,5.309,-6.4893,-6.5153,-7.6776
-9.3104,6.5993,7.3541,-5.6167,-5.1743,0.6851,-1.3946,4.9979,6.673,-8.3422,9.0673,4.3763,0.6747,4.4935,-3.0517,-3.807,5.3315,-0.8512,5.5291,-1.2197,-2.7025,7.1209,-3.8228,1.9372,4.1413,2.0457,5.4659,-4.109,-0.3752,1.1688,2.6543,-6.6013,-6.632,9.2453,5.4961,5.4276,-8.9917,-4.9635,-0.4468,-0.5281,8.1392,-7.818,-9.4464,7.8318,-5.1614,1.9626,-1.8064,-0.0132,4.0444,-6.0732,-6.5304,-1.1688,5.1485,-9.2451,0.7115,-5.7465,-6.2263,1.987,-8.3512,-5.7827,9.1062,7.1933,6.6939,-8.8896,-7.5063,-8.6346,-7.9011,-2.1256,3.96,-1.5035,-4.9134,-3.0465,-3.2721,4.566,2.4037,0.407,-1.8317,-9.8077,-7.6075,6.251,-2.717,-9.6518,1.8471,-1.2151,-9.1721,9.4514,-7.9018,6.2424,-5.583,0.1791,1.1314,-7.2888,7.2776,4.0814,-9.3163,5.64,7.5313,5.2551,-7.3294,-7.3753,6.6301,3.6516,-3.5843,1.6573,-1.1288,-1.3,6.9123,-6.3187,4.7234,-2.0259,2.8892,-2.2117,-5.2944,-6.9522,4.9847,4.6038,7.1732,-7.7738,-2.392,-8.4954,6.0461,2.1856,4.8197,5.8025,-1.9188,1.8548,-0.9218,-4.7824,-5.9392,-8.459,-5.7614,-4.2928,8.1629,9.8384,8.6551,0.2782,7.4136,-5.0581,0.7972,6.8614,6.713,-8.3343,2.7983,-1.2162,7.6048,-5.8086,1.5756,-4.9715,6.4015,1.0867,-9.3024,-6.8334,3.4054,-5.5329,2.0168,-7.4541,8.8809,1.3454,6.0986,-1.5414,4.1842,0.0178,-8.0259,4.6039,8.1382,3.9689,-0.0537,-8.1409,4.4355,1.7959,7.9018,7.588,-7.009,-0.0962,-5.7703,7.4582,6.1097,1.661,-3.4583,-5.811,2.0438,-6.841,-4.0514,5.0797,-6.2359,-9.7792,4.3126,0.0285,4.6119,7.4465,-7.9959,-2.689,6.3669,-3.801,-4.071,4.2391,-7.2979,6.8395,-5.2754,7.2343
0.745,-1.961,6.8137,6.9456,4.1613,-1.6296,3.717,-0.1132,-7.7844,-5.8989,-1.0422,6.7093,4.2711,9.7557,6.3247,1.3243,-3.7393,7.8982,-9.4883,2.6178,-6.7222,-8.2742,-4.1787,-0.2916,7.7955,9.0215,9.4636,-3.639,4.3187,-1.6705,0.0209,4.7735,7.4106,-9.0952,-3.745,-1.862,-7.0325,-8.7762,8.7972,-6.2884,3.5129,9.8932,8.9923,4.304,-1.2292,-7.9346,7.2679,-8.9315,-0.1204,-0.4417,2.714,-8.9742,5.4687,9.2568,3.2201,-2.6296,7.402,-7.5269,7.1532,9.842,6.3296,2.6674,-5.959,-6.9342,-6.4316,7.7986,-6.7252,3.8291,-6.3892,-1.5923,-2.6748,4.6006,-0.4051,8.5733,-7.1226,1.0979,-0.3254,5.7812,7.9922,-0.3383,-4.6266,-2.9067,-7.6349,-4.3418,8.5918,-8.1032,5.9918,-0.2751,-9.5323,2.3684,1.9485,7.8886,1.3047,-9.0685,7.3926,-2.2934,0.167,-6.6902,-1.9352,2.1649,7.7578,-7.3208,-8.9118,-4.897,2.4666,7.7941,-7.0606,-9.256,-3.1853,4.8604,2.8652,-3.4948,7.0404,-1.1863,-5.5238,0.3411,5.0673,6.9751,5.1754,6.2846,3.42,0.2102,1.2688,7.258,-6.7421,-0.7354,1.2967,-0.7537,8.75,-6.2858,4.9206,-0.8207,-5.4403,6.7647,4.2799,6.2156,-8.518,-5.4666,-1.2004,-7.2869,-5.1083,6.0831,7.2964,-9.4726,-6.9832,9.5609,5.8068,7.4554,5.092,-5.2968,2.6645,-3.6432,0.1505,-3.658,1.7923,9.5591,5.1329,-8.0675,-9.8986,-1.3441,-0.631,-7.3528,6.703,5.1081,-2.7586,6.5592,8.6784,-3.2564,3.78,-7.683,-4.449,-6.8716,2.3877,-2.2027,6.0656,0.0608,9.5179,6.368,3.0157,6.7543,0.7656,9.2181,6.5978,5.4012,-4.1738,2.7125,6.7417,-2.3794,0.9571,9.4818,3.0093,-5.3015,-1.5631,4.9042,-6.2883,-7.4405,8.4566,8.4899,-4.0171,-0.6031
3.6795,-1.5815,-1.5864,5.5316,7.465,4.8823,-2.8667,9.2353,8.1403,1.161,-8.4517,7.509,-1.3987,-5.7894,-5.9562,0.4017,-2.6309,-0.0827,-7.1092,1.0395,-6.9837,9.364,8.4036,7.3781,-0.8337,-4.6045,-5.3297,9.1451,-9.5237,0.755,-1.4125,4.4717,1.6025,5.7853,-5.1431,9.6853,-6.7003,0.2234,8.4822,4.2945,3.7334,8.6684,9.8032,-6.5358,-8.627,1.9502,6.9909,-3.6055,0.2778,-4.7391,9.93,1.42,-9.426,-1.6527,4.45,-4.9687,-1.7769,-5.2339,-2.6819,8.1224,7.6757,-5.9117,2.2951,-1.5177,-1.0209,-7.8361,7.6332,3.7914,-0.8502,-8.9682,-3.337,1.4522,-7.6853,5.6677,9.5278,3.3442,2.0921,-4.102,6.7762,-8.829,3.9466,3.9101,4.8939,9.9285,1.333,-6.4605,-8.2474,7.3509,-3.5727,4.3552,3.204,-9.7407,6.2499,-4.7629,2.1277,1.2141,0.6168,0.0616,-3.7923,-0.6323,-6.5038,-9.9701,4.7414,-6.895,-1.4778,-8.6461,5.5845,-9.6794,9.1064,-0.0376,-3.9862,-5.5755,-6.5121,8.896,7.93,7.8851,7.2733,7.0232,6.4857,-5.8889,2.1015,7.3633,1.2627,9.3772,-7.3907,-1.695,-8.326,-9.2252,8.4752,-2.3015,8.9535,5.5488,7.6788,-5.3868,8.3057,-5.4972,5.3727,0.3299,-0.9648,0.4925,6.0074,-3.3274,-0.5989,-8.8653,0.9136,-6.9066,0.6014,-6.2208,-9.3754,-5.7459,2.1061,-6.4934,-9.2131,9.6556,1.2876,9.9131,0.2054,3.491,7.7494,-8.2714,-3.8015,6.1209,-4.332,6.2386,8.6871,-9.5656,7.3118,2.0709,8.7771,9.1671,0.9611,-1.1357,8.0537,1.6736,0.0485,1.1741,3.1889,9.4749,-9.8515,-7.255,-5.6468,-6.5071,-2.4021,1.0499,5.1445,8.4762,-0.6993,-8.1765,-0.5744,9.5255,9.8824,1.8651,-8.0834,3.9529,-4.8717,-5.297,2.8061,-1.6921,-7.4953,6.6398
-5.5347,-8.142,8.5924,7.1157,0.1169,7.6973,6.6941,-7.6341,-1.964,-5.372,-1.1433,-2.8075,-5.2388,1.7818,-0.099,2.2131,0.4919,-4.2451,5.729,0.5875,8.268,6.652,-5.4832,4.1349,-6.7574,-5.6311,7.3822,-0.0057,-6.6106,-8.5288,8.0757,2.8007,6.3888,0.249,-2.2901,3.6601,-9.8289,-9.2376,3.6471,-4.8302,-0.4649,-3.7614,7.5166,9.8993,-9.2806,2.7846,6.0089,7.9832,6.659,5.3613,-1.1911,-5.0128,2.6543,-5.8467,0.8129,8.4644,2.3332,-7.3848,3.8388,1.0225,9.8564,-2.6578,3.5986,-1.9459,8.846,4.1714,-7.9303,9.8719,-8.4945,9.2769,0.8232,5.1866,-5.8399,0.5624,2.7647,7.213,-7.9472,-5.4595,-6.9746,9.8521,9.4135,5.4999,-8.796,-1.5054,-7.5968,9.8457,-5.9976,5.7336,0.3574,7.5537,-0.0865,4.5925,-9.9068,3.7754,-6.1478,1.8734,7.3636,9.538,-1.8553,-6.8406,-8.8156,-3.4546,0.8617,5.475,4.0367,-1.4512,5.6255,-3.9552,0.9306,-0.7717,0.0419,1.6996,-0.1748,-7.0272,8.9217,4.6343,-5.8495,-8.8954,0.2884,8.1861,3.5326,4.1578,0.3923,0.8357,6.373,8.6091,-5.9534,6.9316,-6.9566,4.7523,-4.0655,8.2232,6.78,9.538,3.1005,0.9574,-4.6245,-2.5963,9.4502,6.4238,5.3302,5.8734,0.8163,3.8598,-6.8336,-4.8277,-4.7597,9.8106,0.0765,0.0563,-5.9878,-6.7641,2.9003,-8.6046,1.3056,3.2039,3.1649,2.1828,0.729,-6.2698,-1.312,-2.6011,8.0065,-1.553,-9.5157,-4.1961,-7.4227,-0.1283,-7.2772,-8.1065,1.7923,-4.8924,2.0053,-6.3825,4.7514,7.0175,-0.0213,3.6768,-0.4298,8.9698,4.8128,-0.7156,7.7069,8.5281,2.3933,4.1574,-5.7944,-7.4027,5.7241,6.9495,-3.6106,-9.437,4.461,9.6789,-6.8181,-7.8459,3.4724,-0.8866,5.5626,7.1792
4.0563,-3.6065,-5.2468,5.8555,7.3121,4.0242,-8.297,3.4456,4.7921,-8.9718,7.1091,7.0397,-0.7193,-1.1676,4.5222,5.9911,-7.4054,1.2803,4.1543,-8.6493,9.4377,7.4942,8.3199,5.9075,-8.6732,2.6989,-6.2241,-1.7293,5.6839,-2.4362,4.7475,3.1261,5.3774,4.5132,3.8081,-1.6844,-9.2567,5.6365,-4.6076,-6.5928,3.1386,8.1806,2.4535,-0.5078,9.5443,0.6191,-1.2652,2.7399,2.4808,-7.5565,-6.4306,2.9599,-7.577,6.1789,-5.1601,-8.9615,7.1695,-5.595,5.2088,7.3051,-1.2938,-9.4176,2.0937,2.458,0.0595,9.9596,5.1637,-8.3064,3.6807,-0.514,-4.5992,5.0837,8.6254,1.1313,1.5532,-4.8243,-9.0482,-0.7859,5.4107,-1.4124,3.476,8.1452,-8.0429,2.1538,-6.5864,-9.7657,-5.0384,8.1081,-5.0848,7.5723,-3.0975,-8.6676,1.8992,-4.411,-7.7808,8.9908,-9.3484,1.4083,2.4474,6.6929,4.8185,-6.165,8.6542,8.537,-3.8977,3.5853,-3.8806,3.3833,-2.3028,3.4769,4.6924,-4.2736,1.6469,-8.3344,-1.7393,-8.7971,4.9811,2.5966,5.1957,6.9086,2.2442,-5.8903,2.2309,-7.0106,3.8656,6.442,-3.1344,-1.9063,-0.2504,4.6382,-6.6486,-1.4287,-7.1149,2.0787,-0.6066,8.1963,0.6311,3.1463,-6.5928,8.402,8.4723,-1.2774,-9.7217,8.8755,-6.7922,2.849,8.1963,-7.2405,9.221,-5.3632,7.1418,-9.5493,-2.9589,0.7751,-8.0554,-6.3426,1.465,-9.9363,-7.2864,-2.9887,2.1585,2.917,2.3137,6.147,8.1028,2.46,-8.2045,-9.9481,-0.7118,-3.4931,-8.9069,0.6884,-6.6737,-3.4641,-1.4567,8.4086,4.1759,-0.5246,-9.9119,-7.5584,1.375,-7.375,-0.5009,7.0973,6.2427,-9.8998,8.9384,-4.0355,-2.0857,9.5204,7.3319,1.5867,8.1221,7.7043,6.2143,-9.1458,-3.8955,-8.2523,6.7113,-0.9342
2.8399,-1.855,8.6611,-5.2543,8.6735,2.1848,4.7874,-4.9119,-4.5683,9.8877,6.2082,8.2332,-6.4748,-6.1116,-9.4299,3.1057,4.69,7.7813,1.525,-6.5301,7.7376,7.7472,6.6485,4.6989,-9.0319,-4.9081,-2.6033,9.163,-5.1018,-9.2324,-1.354,6.7178,9.1414,2.4581,-3.7784,-9.0427,2.6375,5.2431,-9.2717,-5.1669,4.5816,1.6505,-7.1587,-1.8699,-0.0961,5.6958,0.069,-7.7077,-8.8151,9.2969,-4.1853,-3.9029,-5.758,7.4588,-4.2648,-2.8685,-0.9911,-4.1937,5.8473,8.4667,-2.7425,0.1968,-4.7794,5.6734,5.4218,-6.2032,-4.2837,6.384,1.8555,4.1554,3.2623,-3.6065,-8.7355,-8.7732,5.7624,2.8678,-8.7937,-4.6201,7.1256,1.7204,-4.6312,8.8981,2.3219,-0.3934,-8.9961,8.8422,-6.1125,-1.9382,-5.9094,-7.1077,-8.3834,1.1265,9.3382,-3.7769,3.2099,-8.7604,-5.3117,-6.8145,2.7476,-9.9317,-9.4206,9.4493,-5.9583,-8.7355,-1.3522,-3.5157,2.7953,2.3211,4.3905,7.9001,-2.1087,-2.4759,4.8921,3.309,6.7598,4.542,-4.1517,0.5696,-4.5982,-5.4556,5.4728,-1.5584,5.0685,9.2336,-0.6157,-5.9128,5.3684,-5.5966,-3.4286,-7.2471,9.4851,-4.4269,-4.5988,-5.082,-3.0878,8.0851,6.1004,1.5362,-1.1501,-4.6712,8.507,5.186,-5.1606,-9.9836,1.7768,-9.8216,-1.3293,0.7062,7.7665,2.6713,-0.9253,5.0495,-6.5952,-3.2764,1.0261,6.4653,-4.0012,3.9269,6.394,7.9328,1.2613,-6.6597,1.0076,-7.2241,-9.5354,-7.3184,5.1039,7.5923,-3.9871,-9.143,-5.6806,-4.7759,-1.3207,-9.2357,3.4436,0.9332,5.0739,5.9909,9.7368,2.1326,8.4942,-2.2823,1.0904,9.8689,-5.2912,5.2912,0.7506,7.7954,7.4068,2.9995,-1.8153,-4.4093,-8.8564,5.1418,9.5054,3.8467,-8.7002,-5.9759,3.2761,7.4258
1.1274,-5.1701,-1.111,-1.7614,-8.717,-5.5819,0.3405,-0.1842,-8.3263,0.4294,-0.0802,5.2184,-3.4407,-2.296,7.0506,4.6283,-3.016,6.18,5.9399,5.6805,-7.4096,8.3552,-8.4869,6.6727,6.6768,3.9819,5.1765,2.6347,-4.8918,-2.0953,7.6216,-4.3829,0.9871,6.8267,3.6324,-3.8443,-4.3818,-5.9095,2.2888,8.8909,-2.9227,-5.3344,0.0908,-6.9897,5.7756,-0.9601,6.1024,4.5057,-1.7967,5.1922,-5.6535,-2.6768,-4.5184,6.3289,-7.9281,-0.6402,6.3607,-6.4792,-8.5435,8.425,-6.3201,1.7321,-2.8978,-7.8317,6.0181,7.0509,-8.157,-1.355,-4.9245,-7.8373,-5.8218,-2.153,8.8822,-4.5645,5.273,-7.1168,6.0015,-0.1167,-4.2515,-3.4537,2.9969,-0.4439,3.304,-2.8562,-1.148,3.0748,9.3045,-0.7498,-6.7282,-9.7561,-5.6129,-0.8871,8.0125,-4.8358,0.8511,-7.7137,0.9409,-8.6967,7.9388,4.4042,-4.4658,-7.2529,1.5549,-0.0269,-8.4808,-3.2502,-9.3792,3.3704,-6.1635,-1.3648,8.6208,-1.4387,8.0242,-2.0637,-0.8088,0.515,-2.3546,1.7286,6.3158,9.8194,-5.3261,-7.2287,6.2329,-7.1409,-3.8733,4.9176,3.9724,0.9795,1.0854,-0.1629,-1.3524,2.6473,-6.1906,0.5906,1.0128,-0.0665,4.2321,2.1721,6.2584,2.6337,3.881,5.9071,4.0276,-3.4016,-9.2237,-8.0079,-2.1201,-7.7559,-0.3267,-7.6239,6.4138,3.2838,7.6494,0.7823,-5.9978,-8.6962,-9.0652,7.9885,0.9183,6.5154,-4.5096,6.2755,-5.7072,-9.7142,-0.3727,-1.9793,1.4567,5.4615,-0.673,-6.9298,-3.9182,5.8915,3.3261,1.2669,3.5606,-1.2416,-1.7563,6.3619,3.2829,-1.345,6.9729,4.0231,-5.3664,6.1969,4.5108,8.4143,4.3864,7.0166,7.2106,1.4792,-3.7947,1.428,-3.4977,2.0452,5.9718,7.8931,-0.5163,-6.3561,-2.575,5.5266
-5.7702,-8.7016,5.1917,9.112,9.3268,8.622,8.552,1.0049,-1.5979,-9.5154,9.9053,3.6567,-1.7381,3.3061,8.8589,7.0655,3.5072,2.314,-0.7415,7.3295,-5.8375,9.5162,6.2116,5.009,-7.1846,4.6354,-9.1758,-2.5455,7.6929,-0.9264,9.1985,-1.5606,-3.2042,8.6075,-4.0721,-5.058,-5.6174,4.9331,-5.0814,1.9517,-7.1589,-6.2563,9.673,5.2471,1.7705,2.9318,-1.9298,-2.8071,-4.1497,-2.0389,-3.4386,-3.2333,3.6786,-4.0039,2.7254,6.7326,4.7657,5.9891,-4.4862,-5.2493,-0.491,5.0604,3.5793,-1.9459,-4.0253,-4.6588,-7.0826,-6.4038,-2.3609,8.566,-2.5545,8.9315,-3.6373,8.043,-7.3913,6.6182,4.0208,-6.0497,-3.4815,0.8865,1.1158,4.4461,6.6935,-6.9384,-0.8878,2.6703,9.4973,-8.0493,-4.9137,-3.6346,-5.8996,-2.7677,4.6579,1.3468,-0.3209,-0.8299,-7.4425,0.879,7.27,-5.0665,-1.849,-8.9317,-9.0393,-1.4831,6.4881,8.3948,-0.081,7.6023,8.307,7.8139,4.6888,-5.2687,-5.9855,2.8025,2.5016,3.1875,5.0665,0.6591,9.8151,1.9794,-9.0595,5.2692,6.8719,-9.8126,5.1735,2.7749,-1.7164,-8.215,-9.4761,-6.5459,-4.3302,-7.1768,-7.4232,0.1796,-4.9845,-3.1855,-4.8162,9.1596,-7.728,-1.7483,-3.5057,-7.0658,2.6256,2.5165,-0.9107,-9.8166,-6.2652,7.4516,-1.0941,2.2592,-3.3983,5.0783,2.1506,-2.8939,2.1363,5.4103,-9.8752,-7.8885,4.295,3.3758,-6.3839,-0.2823,-5.7215,8.5645,9.1331,2.6128,-9.0236,-2.2856,2.7509,4.255,-8.1892,-9.2697,-3.6949,5.7333,9.2905,-3.3179,-7.956,-2.7502,-3.1059,-0.0198,3.6462,3.7501,-9.4442,-2.7854,8.8729,-3.5352,6.9912,1.3725,1.8604,3.597,-4.9107,5.1028,-4.4984,-0.8203,-5.2584,-3.0754,2.4766,2.1619,-2.9033,8.6056
1.6256,-9.1622,4.6291,8.6854,-8.2152,1.0699,7.9258,-0.8994,6.1255,-0.8548,3.9403,5.0858,-8.9533,4.7409,0.3231,-6.8844,4.1005,-5.5063,-4.0053,-3.479,9.1782,-5.0125,-3.7212,7.4411,-0.3234,-2.0376,-7.5128,-9.5447,-6.0972,-7.439,0.3167,-5.5707,-5.9803,-6.0742,-7.2105,6.1772,-0.6163,5.6352,6.5833,-6.4185,-3.9319,-9.5491,5.7359,-2.1065,-7.8503,-0.4991,3.0645,3.001,-7.1127,-7.8373,8.4437,-7.9081,0.5967,5.5588,6.4055,3.4629,8.6182,9.003,-7.1508,-0.3061,-5.358,7.4224,-3.375,6.6796,-3.9607,4.1273,1.7839,-2.3602,-3.2621,-3.698,3.1923,4.8892,1.3059,6.25,8.8088,-4.7129,2.3339,-4.7702,5.7526,1.4738,5.8319,2.7166,3.7975,8.4221,8.6448,-0.2026,-8.0067,-6.3228,9.0688,-5.2854,-4.671,-4.2627,-3.0769,4.1051,8.0522,-5.44,-3.8768,2.1011,5.8279,-3.0425,-4.7763,-7.0387,-8.9928,-9.9846,1.7208,-0.3837,9.0228,0.1538,-6.6436,-6.0378,6.3708,-4.602,-0.4558,-6.5958,-1.7785,0.6612,7.455,-4.7525,-6.8071,7.267,-1.7873,7.7656,3.462,-7.6237,0.7384,-6.7215,-8.7688,-4.6597,-4.8451,-6.1016,9.294,-1.3042,-6.0649,-1.494,3.5355,-5.4784,9.2075,8.0742,0.661,3.8501,8.0464,-9.8019,-9.008,-9.4164,1.5075,1.6016,-6.4311,0.0522,0.5115,-1.8416,1.3832,2.5932,-7.9835,9.5563,6.0102,5.017,3.9839,6.3578,-1.6982,-3.8341,-0.479,-7.4999,-4.4458,-0.5379,1.385,1.1858,-2.0573,2.9616,5.049,8.4566,-2.3575,7.5315,-7.8615,-8.3653,-5.2788,5.9623,7.7139,-5.5966,-1.8692,-2.3283,4.3253,-6.6033,7.365,7.4727,-1.5543,-8.1108,-8.8364,8.575,-3.61,-1.3604,8.4059,-8.0217,-9.7305,2.7718,-3.056,-8.8591,0.2983,-4.2455,-0.5376,0.7629
-5.922,1.5597,-0.268,-0.6081,-0.7384,-4.879,3.9121,8.6681,-6.5852,2.6711,-1.5775,-1.3843,5.9057,9.4355,6.1464,-3.8339,7.8589,-2.5159,-3.8487,2.7462,-5.9084,4.5057,6.8853,-6.0529,4.0672,5.9792,-5.8353,0.492,-2.3542,3.0231,9.2582,-9.9805,7.3917,-3.8807,3.6167,1.4516,4.2741,7.2626,5.6719,3.0052,5.2785,-4.4395,-2.9795,-4.7415,-8.3296,-6.6434,-2.8307,1.9367,7.663,-6.1624,-9.9626,-8.2206,0.4739,1.4737,-4.4177,0.8692,9.8693,-5.2338,-0.1664,-5.7822,-4.4356,-0.5616,-0.0173,1.5636,-7.4004,6.3194,3.0366,2.6526,1.3722,6.4812,-6.6556,9.3917,1.7402,-6.9999,-5.0506,7.2018,-9.8868,9.4788,4.7752,-3.0699,-0.7343,8.5373,-5.5837,-4.8387,6.5876,3.7233,-2.1759,0.272,-6.3837,1.3104,-2.0474,-8.866,-0.6269,-3.7483,8.6546,-3.8914,2.2822,-4.7437,-1.0783,-7.0535,-4.3881,-4.2016,-2.5496,8.0167,4.7749,-2.7877,6.0555,-5.8775,7.2569,-0.092,-8.1793,3.4052,6.3562,-2.1571,8.8857,6.6039,4.8887,-5.7858,3.6294,5.9159,5.8085,6.0792,6.1621,6.7456,4.6658,8.2792,-1.6996,2.6931,0.9759,-3.1751,-7.1846,-1.2757,-4.4578,-7.4383,4.1896,6.8731,8.3954,8.6168,-8.8834,7.2706,0.5907,-5.3919,9.2173,-5.6701,8.6951,3.7286,-9.751,-5.7122,5.3481,4.6533,8.3521,3.8289,3.7793,3.1832,4.8134,9.38,2.2146,-6.1259,-8.338,-5.6192,4.4087,8.2635,-5.3435,-1.6142,-1.6261,9.0229,0.6924,4.8438,5.7007,-2.9482,7.1214,6.5884,-0.5436,-7.4243,-1.3442,-4.0209,-0.4183,-1.4064,-1.5111,3.3231,-5.8622,5.1457,-5.675,7.4734,-9.6844,-8.3937,9.1658,-9.864,5.0769,-1.5675,7.5299,-6.7721,-9.0954,3.2497,9.0727,1.0671,6.5841,-6.0039,5.9288,-1.8522
7.6314,1.5669,8.7142,8.8568,-2.4611,3.8369,3.1772,-0.3261,-6.0172,-4.3291,8.0039,2.5316,9.1369,-6.5693,-8.7217,-3.1072,-8.5423,2.3322,5.8814,-8.4071,-8.8777,4.7104,-7.1083,-7.3043,8.8345,-3.4329,-0.671,-4.9393,1.7018,5.9291,0.4911,-9.2656,9.2431,-1.1187,-2.2584,-5.1741,-6.5048,7.2235,2.3266,-9.9445,4.0978,7.875,0.1362,9.7553,-5.3166,3.3749,-5.2677,7.9323,-8.5015,-0.2431,-0.6067,-9.8281,3.018,-8.7774,2.4917,-3.864,-1.0907,4.1621,-9.6942,0.99,-3.5161,-9.3076,-4.0695,4.38,2.6357,0.6954,-4.4648,2.3449,2.6817,-9.3634,8.1325,4.1932,8.2736,7.8872,1.1739,7.1735,-6.1654,-5.9067,-8.5304,4.4106,0.3593,3.1971,9.3587,-9.8656,-6.8885,3.4028,-3.8913,-9.5708,-5.3108,5.1182,-8.2259,-9.9225,1.0958,3.256,-8.4633,-0.1716,6.2301,1.2706,-5.6617,3.8355,2.8863,7.3331,5.0556,4.3236,8.5188,4.5694,9.5221,4.2709,0.2345,1.3575,1.7467,4.4871,5.9596,1.8628,-6.1928,5.1471,-5.179,4.0207,1.8924,-8.4365,1.5333,-6.5106,-1.2435,6.5001,8.5347,3.9506,-5.9457,2.1519,7.7607,-1.1662,3.658,3.5376,-1.2019,-7.873,5.9402,-2.007,6.1641,-5.4289,-9.8835,-5.0182,2.6505,6.8273,4.0371,5.8754,-1.6849,3.7542,9.084,9.5996,-6.4237,-1.1505,-7.7202,-0.934,-7.0542,1.1889,6.7584,3.4771,4.9139,8.911,5.6008,0.1651,-5.6872,5.2777,-8.7508,-1.4457,8.2794,3.6093,2.0224,9.4165,-4.2314,0.7776,3.1406,-1.2718,-6.1,6.8299,-6.6741,1.5204,-3.9209,-3.3424,-6.7383,7.4332,-2.6887,4.6503,2.4951,9.9817,-3.8,-3.768,3.6728,8.8215,-3.9955,-3.4456,8.2528,-9.5866,1.5438,9.4775,5.7154,-2.7776,1.154,-0.0131,-8.904,-9.1589
-2.2792,-0.0343,8.3102,3.4326,-5.9715,-6.4519,-9.0286,-4.2014,0.6947,8.3228,-8.352,7.5634,1.4648,-9.3131,-3.1841,7.2952,5.4304,-2.9477,4.5014,1.3088,4.725,-1.3188,9.1631,7.6094,8.5629,1.9318,-4.0738,-4.8976,3.5898,3.1705,0.722,-7.6062,-6.7988,-0.9914,8.6894,-3.9717,-9.1849,-1.0668,-2.4712,-3.5134,-0.1488,3.0147,0.6083,1.0672,9.6296,-6.1546,-0.6902,-8.6259,5.7774,0.0132,3.0576,-3.1619,5.6241,2.1342,-7.6057,8.3244,4.4999,3.0557,-7.5082,-5.8423,2.243,-8.6343,-2.4697,3.7074,-4.9269,-7.6846,-1.7916,-4.9158,7.0228,2.2262,3.884,-5.0249,2.2712,-0.1546,0.4788,-9.9378,-9.9553,-3.2981,4.5762,1.888,4.2889,5.0923,2.7365,-0.1242,-9.4902,-7.5634,-5.1254,2.2493,6.1759,-3.7574,-7.2278,1.2964,6.3256,-5.994,-1.2163,-8.7762,3.3518,-8.8861,-3.0794,7.2375,-9.128,-7.0125,-9.2309,3.8445,8.4717,-5.9414,5.8897,-0.6985,-5.5295,-3.6796,-7.1551,3.1189,5.9153,4.765,9.7964,-9.8537,7.266,-0.0597,-2.7169,-2.712,-8.7774,8.1907,1.2213,5.6343,4.9716,-8.9762,9.0203,-9.8282,3.4998,-2.1343,6.7089,7.8239,4.6824,-5.7747,-2.6686,3.4309,8.9135,4.4887,-9.8652,5.1942,-5.8629,-0.3066,-2.5009,-4.1978,9.5175,-4.4839,1.2506,5.8942,5.09,5.9495,4.2864,-7.0564,-4.9677,5.6564,-4.1747,9.9211,2.6197,-8.3443,5.7206,3.6987,-7.9756,8.6922,5.5561,9.6342,6.669,-6.4321,5.1757,9.9953,-3.8584,-9.9828,-7.361,7.3349,0.7459,4.1931,-4.6199,-1.3854,-4.4633,-8.2153,-7.5602,6.3031,-0.1306,-1.4894,9.7961,-5.5005,-5.978,0.3089,8.4426,1.8971,-1.881,5.4352,4.3421,-3.3379,0.9386,-7.233,4.4983,5.6079,8.1889,5.6287,-9.2894,3.7556
3.2047,2.4837,-8.2873,-6.4481,5.7016,8.6874,6.1752,-0.0971,6.8145,-9.1782,0.6503,-2.5029,6.5958,-2.431,0.3857,7.2342,-0.5566,0.814,7.7288,6.0508,-6.3506,0.1478,-0.9345,3.0888,-7.7176,-9.2319,9.6451,7.0505,-6.5131,3.9616,-1.6192,-3.8416,-7.7742,1.5444,-2.85,7.7403,-4.521,-7.3858,4.4885,-2.3225,8.9344,8.5589,5.8661,5.8986,3.9883,-3.7716,5.9109,1.8047,9.8584,6.3759,6.5573,-0.8722,8.3634,3.9423,-4.8981,4.4313,9.5093,7.2015,9.2647,6.2754,0.5974,-4.9881,-5.9153,-6.2409,-9.6434,1.3653,-4.7511,9.4294,-4.9172,-8.4817,0.6574,5.8647,7.0408,-9.1352,9.933,3.0973,-9.8707,7.1777,-9.9802,-7.6305,3.4701,-8.5405,-8.6003,-5.3256,2.5705,-3.9881,6.5233,0.2508,5.1748,-6.5588,-7.6457,1.2386,-8.0839,9.0284,-8.0398,-3.5475,5.8893,-1.1887,-0.8902,-1.901,-2.6966,-8.1551,-3.0322,-0.9956,-9.4871,-4.1791,-1.4539,3.7813,-5.9292,-5.5627,7.3584,-1.6457,-5.0325,4.1231,-4.3642,5.3431,-2.8603,7.5034,-3.9234,-7.8211,6.2304,2.5091,2.911,8.0445,-7.3956,4.6747,9.3078,-0.6343,-7.0314,-1.9205,6.0016,5.1818,3.1398,-3.0339,1.0384,8.4174,8.3506,-6.8435,-1.2272,6.6204,7.5167,-1.5078,-4.255,4.2633,-7.7842,7.3392,3.8659,1.1598,-7.3945,3.9658,-1.433,5.2515,-6.5052,2.4587,-0.3637,2.6646,-4.9357,4.8712,9.33,2.0465,-6.3489,-0.8663,-4.0193,-0.8211,-7.0547,-0.7493,2.6099,3.8478,0.8147,2.5512,-3.6189,2.6511,-4.8305,-5.8922,9.0602,-2.7537,7.4897,2.6277,-8.5645,-9.35,3.4436,8.8011,1.356,2.2299,8.802,-2.3553,7.9066,8.5542,2.9315,-6.9242,9.1657,-8.1839,-3.0427,-5.4651,-1.9417,-1.4333,9.2606,2.8979,-2.1706,9.0271
2.9174,7.8839,-1.2826,3.6116,2.6847,4.1852,0.6512,9.6671,-9.3871,-4.9865,5.9257,-9.1956,1.4947,2.2107,-7.4412,-8.5318,6.2086,-8.5337,-6.4089,6.5228,9.6306,0.2833,7.6626,-0.8418,-9.2639,-0.1041,3.5937,-3.747,4.6144,9.6916,8.0931,-8.7653,8.7099,-4.7059,-7.7195,9.037,5.5972,-5.6907,5.5404,6.2481,3.5505,4.0378,3.4564,-3.1741,1.9426,-1.1738,-9.5045,-1.4025,9.4139,-4.1955,-4.1336,3.7548,7.1651,-4.5466,5.1298,-6.7016,-9.6581,0.8662,4.2729,0.3768,-0.8979,-8.2329,-0.0367,-3.2849,-9.2312,-7.7271,-6.5328,-8.5503,-7.5306,1.9534,8.1055,0.09,3.8937,-1.1509,4.2655,4.0802,2.5251,-2.825,8.7669,-1.1868,-7.0507,6.8394,-1.6925,7.9031,6.66,-7.8177,-3.232,0.6591,7.4295,-6.8408,6.648,-3.9791,-1.7766,7.2494,-3.146,5.3972,1.8779,-2.9763,-7.2713,7.1789,5.1936,-0.2696,-4.2542,-1.2697,7.5864,9.2561,3.6484,4.6842,-7.3944,9.7414,-5.6925,-9.993,9.0731,-0.5044,-7.4649,-1.2151,3.179,-2.733,2.0813,-4.3713,8.5938,-1.7848,-8.5334,1.4085,0.73,0.4875,8.9414,9.4249,3.2981,-8.3994,-2.8789,-8.4421,-3.3497,-7.9358,-1.1067,1.7929,-9.9156,8.7187,-9.7291,7.3861,4.4642,-1.3963,-2.8368,-5.4676,-9.6814,-7.6403,-2.4715,2.8376,4.0739,3.497,2.3652,-5.7986,6.4214,-8.8867,-1.9435,-4.8586,-2.242,-1.0807,6.2079,-8.2609,-3.5017,-3.6949,9.6622,-2.2056,4.2557,5.2528,6.9051,-6.1694,-2.295,-9.8128,6.7405,2.7316,6.0492,-3.1282,-0.667,0.7123,-4.0283,4.2451,-7.3795,2.8599,3.8848,-4.9501,-4.3415,-9.508,-9.8991,-7.8172,3.3832,-0.3787,-6.6381,-4.5431,-3.434,1.8257,-6.3495,8.7245,-0.0182,-9.2997,6.371,-0.8024,-0.5792,3.7269
-4.1989,0.6065,-4.2054,-0.3817,-0.9119,-7.9849,-8.5262,4.4115,-6.9819,-3.9892,5.8187,7.9604,-4.304,3.3079,4.339,-2.246,3.444,-4.6112,-5.0375,4.0132,7.3334,-7.4793,-1.1143,-1.8531,-2.3918,4.0665,6.3059,-5.3846,-3.6766,-0.353,2.0979,1.085,8.3849,6.6517,0.9499,8.7248,9.2701,-6.536,-1.9928,-5.4702,-0.416,-0.2926,-6.2829,-5.4682,-6.6464,-6.2208,-5.3322,-1.5446,4.5399,-5.7952,-4.7313,-9.8011,4.7056,-8.9077,-0.05,-0.6972,-7.1934,1.8014,-3.4126,-4.6568,0.9113,-2.4932,8.2375,-7.3548,5.504,-7.7763,0.3661,7.2668,7.7526,8.4289,-9.2866,-3.5443,-3.4989,-7.0101,3.654,-4.8513,4.0509,-9.4505,9.5555,-3.6037,-9.101,-3.4262,3.7042,-2.4091,4.4909,-0.4005,9.0376,1.7612,4.4828,-4.4097,7.6137,7.2063,8.2027,-2.5336,7.4363,-5.8684,-6.6018,4.4821,-0.4714,9.1767,8.9266,9.7442,-7.5382,-2.0891,0.9359,-5.2961,-6.2144,0.4515,-9.9561,-3.5299,-2.9106,6.8629,-2.4043,9.6007,-6.6299,1.9238,-1.0165,6.6357,3.5055,-2.1069,1.8755,-8.429,7.0998,-7.3351,0.5683,-1.6425,6.3314,1.6746,-5.9075,9.5916,-8.7449,-4.152,2.984,7.0315,-1.3349,-4.0996,-6.5383,8.6055,6.452,2.6311,9.92,1.0363,-5.2791,-7.6183,-2.7567,7.7805,-2.9761,-4.7125,2.0509,-4.4826,-2.7448,3.4399,-2.6207,-9.3049,6.8362,-7.7508,7.2944,-9.9645,-2.7684,8.5155,-7.2647,0.4096,-8.5367,2.5332,-4.9049,-2.1297,-4.7771,-5.0788,8.7871,-0.2644,-2.5353,6.4223,-8.7824,-2.0558,-4.2112,-3.9165,5.8632,0.533,4.1404,6.1518,9.3533,-3.4689,4.2921,4.0067,3.4099,-3.7623,8.4127,-5.7582,7.7461,-0.4151,6.4708,4.4559,3.2566,-8.1915,9.2915,0.3214,-9.4178,0.1608,2.1653,2.9449
8.9437,-5.6266,-3.0,2.0998,6.7913,8.2159,-6.3479,7.872,1.1573,9.9473,3.05,5.2885,-6.051,-3.7259,5.0844,4.6505,3.3267,4.8353,-3.1253,2.7315,3.3328,7.1208,7.4066,7.5077,-9.4657,-5.6632,-4.6497,5.4159,7.1583,-7.5838,-8.8645,5.9871,-6.7078,9.8562,7.2165,-5.5182,-2.1814,2.2511,4.2022,-9.9576,-4.0868,-9.0098,-0.6821,1.7044,-5.7939,2.7457,-8.189,-4.2906,1.9597,-5.6326,-6.4807,-0.0847,1.4733,-3.057,0.7677,-0.4,4.0462,-7.0209,8.9497,-4.4304,2.0917,3.763,-0.7496,4.526,-2.8994,-8.0936,-9.2509,7.7058,8.8463,-5.7203,0.0171,5.8103,7.3943,4.311,3.4894,2.3642,2.477,3.1582,-7.5275,-0.4963,-1.6115,-0.0735,-3.4583,-5.0239,4.9601,7.283,-5.3097,1.4601,-0.3002,0.7398,2.2534,6.9953,-4.7449,9.4513,-7.7725,-2.7627,-1.0007,-0.588,-4.1947,8.8539,-9.0446,2.7041,-9.41,-6.5047,-6.5846,-3.1644,8.9848,-1.13,7.0364,9.304,-1.9097,-0.5374,-2.4544,-1.4463,-5.7414,-9.3022,4.3967,-1.716,3.9462,-7.2237,-0.3508,-6.752,3.2462,-0.1674,4.0147,5.5483,1.6618,3.1413,-9.1242,5.9152,7.1131,-3.5771,0.0867,3.6955,2.5247,4.6885,6.2191,3.1344,4.2154,3.3829,-5.1862,7.8286,4.7036,-0.1756,-1.365,5.3188,3.7017,9.1051,-9.331,8.1306,8.071,7.2988,7.3546,-2.9226,-1.4779,-9.8549,-2.7431,-8.6053,-0.6865,9.0855,9.1943,0.5282,2.9466,3.3448,5.3926,-8.9133,0.0766,2.4966,-9.068,-1.7287,6.22,2.8313,-2.5803,-3.9945,-3.7727,-0.2345,-5.5052,3.675,-1.7327,-9.1538,-3.1592,4.4256,4.3746,4.8961,-6.4399,-2.0294,-2.7981,9.5714,1.3001,9.8009,3.1955,1.4504,-6.5845,9.3127,-7.004,-3.3242,2.6853,-8.6388,2.3258,6.0347
-9.6101,-2.4804,1.2396,-2.2904,-6.6915,4.9145,0.4298,7.3236,-1.7987,-6.663,-6.4808,1.4662,0.2405,5.9339,-5.9034,-6.0808,-9.9664,1.6227,3.6985,-6.0822,1.2447,3.1644,3.6688,5.1954,-7.4519,-5.2796,-4.1449,-9.2407,2.9037,7.3608,-2.5626,9.6873,0.8597,-1.2399,-6.1024,-6.1104,-0.7695,-1.9638,2.315,-5.1881,-5.7195,7.5805,0.9397,0.4969,-4.334,-4.7843,3.9183,-5.8627,-8.6617,0.9076,0.5263,7.3421,1.3433,-1.9785,8.3444,1.3383,9.4951,-1.0009,2.6214,1.4447,-6.1591,1.6811,5.8968,-6.4988,-7.5063,-6.9383,-5.2265,-5.7593,-3.3753,0.101,9.046,9.2015,7.7183,2.9494,-5.6267,8.3869,-6.9694,-4.3411,7.7489,-5.4656,-4.4134,-0.6847,8.2822,-3.6337,5.6194,4.7569,1.7981,8.1365,-3.7366,6.8045,7.7124,-9.1268,3.5182,-8.7422,0.209,-8.849,3.7681,0.8548,-2.5062,4.7438,-6.6122,-4.1434,-4.4696,5.7624,9.8575,5.6521,-2.5915,-0.1374,-4.1461,-5.3489,-0.964,2.0484,4.9238,-6.3553,-7.4156,-8.4856,4.687,7.285,5.064,-4.5291,1.7881,0.0689,-4.5614,2.0439,-4.227,2.2992,3.5316,4.5124,2.4,7.3276,2.4947,5.8342,-0.8179,-8.9118,-7.9399,9.3219,-3.317,1.5711,-3.6934,7.9035,-3.0085,8.3861,-4.0405,8.9286,-5.57,0.0043,-8.5639,2.5193,6.0502,-7.5105,-7.2095,4.8771,9.5688,1.1967,-0.7684,-4.8607,0.799,-8.5427,2.9673,0.5635,-8.278,-2.7703,3.2328,7.6841,9.345,-4.5718,-3.9357,8.2766,3.4992,-8.5559,9.9002,-7.2256,-2.6704,6.01,8.9648,1.7619,-6.302,4.3625,-3.2143,-0.4217,-0.9575,-2.8827,3.549,7.6128,-1.1135,2.7585,-2.7594,-4.1694,-0.984,3.5781,2.3076,2.3862,3.138,-9.6326,-5.6452,5.6774,-3.5434,4.9658,-6.7729,-1.671
-6.4916,3.991,7.2409,4.5964,1.2429,2.1679,4.5971,3.8382,-0.7252,-8.0993,3.1895,4.6007,4.1901,-2.3745,-9.0976,6.3268,6.5694,3.1194,-6.9746,-9.8315,7.1928,7.3626,-7.9506,2.9282,-7.8757,2.0652,4.9146,-3.8194,-1.2519,-9.3367,-7.927,1.7927,7.0149,3.6098,-2.0752,5.5289,-2.821,1.377,2.6043,4.5117,-5.0725,5.893,-5.3705,7.5337,-9.4478,-6.3956,-1.7546,-9.163,-1.1292,2.1282,-3.194,2.984,-7.7664,7.619,4.0377,6.588,-1.498,6.3102,5.6046,-8.5334,1.9578,-5.6266,-3.0167,-9.0517,-8.1801,-0.3945,-0.4153,6.3959,-0.1463,-5.2662,-9.3378,-1.9107,3.8236,8.1198,8.0939,6.6784,-8.7,-6.18,4.0232,-8.2393,4.9871,-5.0056,3.6773,4.324,-8.9278,3.6831,8.2319,6.5862,2.4981,-4.9376,2.7573,-1.3606,2.7658,8.086,-4.8504,1.9212,-3.0431,-9.2437,-0.8954,2.1239,-0.2948,2.175,3.3773,-4.1704,-0.5814,-7.7615,-1.8166,9.7303,8.9975,-4.404,-7.8961,-0.3113,-7.336,3.1256,-2.7517,8.295,-2.2383,5.1657,8.4061,4.1602,-0.15,1.647,-8.6922,3.2872,-0.2244,-2.4249,7.0634,5.5604,3.9705,-5.7819,-7.0607,-6.4417,-6.1877,7.961,-0.6513,-7.3327,-4.8513,4.3712,-3.8997,-0.5088,-0.1332,7.7959,7.8575,3.7371,0.4212,-8.8462,3.0628,-7.4872,2.3953,-3.8474,-2.267,1.0024,8.6028,0.904,-0.5757,-0.3295,-2.1889,6.9971,-4.7799,-8.6571,-2.0954,-8.8815,4.9283,-9.0595,-5.6879,6.9225,-8.736,-0.3524,7.0157,0.9613,-9.7749,5.2938,1.9308,3.5604,7.2532,-8.6032,-0.7783,4.3215,2.4126,1.3088,3.8118,-0.5022,-3.5774,-8.5496,9.2006,5.3778,0.9824,2.0113,9.1042,-7.3938,0.1684,-0.3328,-4.066,1.7485,-3.2087,3.6179,-9.0641,-8.0767,5.7212,-4.3273
5.6381,-0.3645,-9.3005,8.2838,-7.6266,1.3774,-7.0716,-2.0967,-7.6205,2.8649,-8.4049,-2.4965,-9.1012,-5.5157,-7.262,5.0642,5.1732,-2.4782,5.3291,8.1948,0.213,-6.8738,-7.6982,4.4464,-3.9079,7.8957,1.653,-7.3373,4.5558,-4.3681,5.3297,4.3431,-1.1646,-3.9731,9.053,-3.0598,3.2513,-4.2586,4.3094,8.3146,-8.8777,-9.2938,8.8902,9.5485,-1.4199,-5.181,3.7329,-8.0471,-8.8527,-2.7389,9.2858,-0.6079,3.1131,5.4967,-0.4045,0.3965,-8.7591,0.3395,-3.0415,4.1895,9.6178,1.0995,6.3229,6.1248,-1.9509,-9.5864,9.6355,5.9289,-4.5293,-6.2584,0.9178,5.105,5.0615,9.1061,-7.1296,-3.956,7.8541,-3.8435,-1.8839,-5.0386,9.5316,-0.1557,2.484,-6.2281,-6.696,2.1349,-3.5747,1.8513,6.3555,-5.5735,-8.1698,3.6923,6.3656,-0.7079,1.0356,-2.6826,-4.1694,8.6829,0.227,2.9153,-6.5233,-1.5096,-4.7929,4.5416,5.4276,-9.0227,5.4388,-3.9243,-9.3856,4.8634,8.8167,-6.1078,-3.885,-7.8623,3.2518,-4.7251,0.8514,2.1749,8.9687,-8.4787,-0.0583,4.6348,-6.3852,-6.1934,2.8366,-4.8407,-6.0321,-7.8373,2.8554,3.5374,8.7037,-9.2352,-9.3085,-7.6443,7.3702,-4.4936,2.1996,8.5151,-8.0736,9.2232,-1.7298,-1.2608,2.9134,0.8568,-1.1677,9.4634,0.9769,9.3969,8.0042,5.7568,-9.8355,-4.2241,4.6894,7.2469,7.9129,-3.7783,9.8495,1.6809,-5.2175,4.1926,2.6221,5.6942,-6.3281,8.4991,0.6631,8.4618,-9.699,0.2581,-3.9083,-9.0671,-0.6352,-2.46,2.9983,8.1339,8.0097,-7.7717,-6.4714,-2.8263,-0.7786,-6.1013,7.3795,-4.9075,-4.2722,5.9945,8.1705,-0.4399,7.1166,-2.339,-5.4025,5.0117,-1.8428,-6.9447,2.7022,0.0512,-2.8275,4.5044,-9.6418,-9.5973,6.8883,-7.7628
7.081,4.9234,5.4898,-6.7287,-6.3493,2.1956,-6.7936,5.9695,-7.5945,-0.2147,-5.8351,-2.4589,9.5775,-9.2638,7.5586,9.2352,3.995,-2.4132,-1.2897,6.7732,-2.5785,-5.7508,1.8633,6.7316,2.575,-9.0442,0.8533,2.7264,-5.6961,6.0808,0.7559,6.5138,-6.0392,-9.609,0.5276,4.0276,-7.5783,-2.1429,7.2268,-6.5796,-2.8984,-8.5378,7.106,2.0316,5.8406,-4.469,7.022,9.2704,-3.8133,-8.4855,-6.5509,1.7577,-2.2209,-1.4793,-4.6162,2.5394,0.0367,-9.761,7.9223,6.9623,-2.9134,-5.5317,6.6678,-3.9832,6.4513,6.6123,-0.9688,9.7907,1.3159,3.0158,-3.0448,-4.2882,-0.4764,3.6333,-6.2936,-9.1391,-0.4082,-1.73,-2.2333,-3.6618,0.3075,4.3993,9.5411,-0.2467,3.4975,-1.1868,-2.868,-0.7893,-3.9324,-6.075,1.2634,-8.5123,2.1466,-7.7903,1.5434,-1.7186,1.4553,5.477,0.6429,-0.6838,-0.4006,-5.3736,0.3179,-5.1762,-7.2029,-0.6114,-4.7272,8.6434,-9.5282,-4.5623,-7.1224,-4.0899,-8.0966,-3.6319,-2.8509,8.7364,2.3731,5.8885,-0.4649,-0.0437,4.7386,8.5761,5.2932,-2.3992,-8.4278,7.1253,-5.006,6.0024,3.3806,3.9662,-9.9099,-0.6852,-0.4891,-8.0706,4.0008,-0.5977,0.7185,3.947,-1.445,-1.7506,-7.716,-8.0196,9.8596,-2.6839,-1.1776,5.5694,-9.0908,8.321,5.0019,9.4397,-5.9349,-8.443,1.2547,1.208,-6.134,-2.986,-6.9275,-7.8376,5.5801,6.2475,7.149,-1.0032,6.694,4.5345,4.2665,5.9206,-0.4481,-6.2051,0.9914,-0.962,2.2503,-1.5542,4.4929,-7.3119,-2.0076,-7.6964,6.6083,8.4931,-3.8742,-8.7657,2.0705,5.2893,-2.6439,4.1339,-7.1347,-7.5832,-2.2664,2.0882,-8.5981,-9.7293,9.9018,-8.6536,-8.325,-9.4791,2.2115,-4.675,6.661,-0.392,1.67,6.8769
-5.8928,-2.5125,-0.08,6.5824,4.0268,4.4081,-1.1238,7.8704,-3.0628,-2.512,-3.5219,6.4631,1.899,-5.581,8.622,-8.8552,4.7342,-8.1986,-3.6524,-1.8614,5.6133,2.4683,-1.2998,4.2496,-3.883,-4.009,1.6239,7.0353,-1.636,-3.4415,6.4233,4.8055,1.218,-9.5491,-3.6222,1.1106,6.3805,6.2624,-0.317,5.5514,-5.2844,2.1228,0.9415,5.3356,-7.2976,-2.4773,6.7393,-8.335,-7.476,8.3072,8.8015,1.0996,5.7275,-0.1341,1.6022,4.8937,4.2345,-5.4803,-1.9707,3.7321,-1.1281,0.6362,9.2465,1.6688,1.6305,-3.8097,-6.0149,-1.1434,-7.962,-5.4456,-3.0153,8.6874,7.5599,8.3215,-5.2599,5.5569,-9.5916,-5.4604,-9.2151,-0.2471,-9.8907,-1.2515,5.837,2.0626,-1.0061,-0.9041,8.7635,1.8202,1.2864,-3.4459,-5.2591,-7.9051,9.4532,-3.253,-2.888,-2.3822,8.8816,-1.4293,-6.6121,2.201,5.7122,4.3432,-2.5565,-0.1114,3.9307,3.1688,-2.4931,-4.976,-2.6963,-0.3268,7.9694,-7.7696,-2.9913,2.1468,-1.7652,1.9988,-0.0296,-5.4618,3.1526,-5.3139,-2.4441,-1.3452,6.8319,1.3181,-8.2455,-6.5682,6.7179,-0.576,1.209,3.8877,-5.0733,9.9737,-9.1762,-2.9063,-0.2059,-2.6346,1.2631,6.0375,2.3046,0.0552,-6.3983,-6.5735,4.7274,8.4036,-6.2526,-8.1589,6.367,3.7107,-9.1924,-6.9972,4.5376,-7.6303,-6.9929,7.4294,0.2435,-8.1891,1.383,-8.1951,5.4806,-7.3995,2.1502,-3.7048,3.2452,-8.8347,6.0847,-4.2796,-2.5941,-9.4909,2.7967,3.0841,5.5198,-1.9623,1.8828,-1.7295,-4.058,-9.5025,-0.9047,0.4639,-4.3953,-0.1642,3.2519,4.9633,6.832,7.6219,-3.3342,0.4543,4.5078,5.2477,9.2783,-5.3241,8.6867,5.3709,9.3702,-9.6814,-8.2429,-7.9638,-0.0449,1.4919,-3.0901,4.1023
-4.3643,-1.5731,0.8853,-8.4927,3.324,-9.7702,1.4812,1.2621,7.9279,8.6758,5.4048,-8.7134,3.337,7.5385,-5.3879,2.9476,-9.8158,-3.2803,-0.9234,-5.9873,3.18,5.036,5.4338,-3.2471,-9.1689,-1.7613,6.5185,-9.5431,3.5248,1.6101,-0.674,-6.882,1.7108,4.5636,5.9468,7.7695,-4.994,-2.5471,9.797,0.5265,7.5965,0.169,-5.6408,0.8981,-1.6887,1.3447,-5.9843,-7.779,1.2017,-4.549,0.0475,-6.837,2.9284,4.5778,-6.0839,-2.086,-9.7688,-2.9901,9.748,4.7585,-2.5046,-1.5391,-1.54,3.2097,-6.3709,4.371,-0.077,-2.519,-5.033,8.948,-6.4779,-0.7547,-7.4881,-6.8027,-2.2412,9.9222,5.1472,1.6401,3.0309,6.2523,-3.5585,3.7278,-5.4889,6.4573,1.0535,3.3676,6.1329,6.4144,3.6428,8.1412,-4.0128,9.6194,-7.2782,-7.4484,-6.027,2.3009,-6.8656,-1.5142,3.6598,-4.6698,-8.1481,7.0895,4.6618,-3.2708,1.5393,9.1974,-0.516,0.2705,-2.6978,-9.5597,-1.244,2.0635,-0.0871,-5.2277,-4.5139,-0.3193,-2.6715,-3.7583,-5.9433,-6.6563,-2.7271,-5.6857,-1.4037,-4.2061,-3.8748,-2.2423,5.5494,0.6608,-2.0345,-2.2467,2.0564,-5.8997,6.5563,6.9778,9.3152,-3.4248,-3.4072,7.4809,-9.6597,3.4268,-3.7362,-7.6573,-8.1791,8.2529,8.5204,0.772,7.8793,-8.6581,-9.4269,-2.768,-0.1035,6.8846,4.1997,0.2654,-0.4174,9.1352,-6.856,-8.7969,2.4323,-4.6698,8.089,4.439,-9.0861,5.273,-7.7265,-9.5437,7.5288,-0.9691,8.7753,8.0818,-1.5214,-7.395,-1.7275,-4.5352,2.4414,5.7037,-3.9655,8.847,4.9283,-4.0258,3.5545,-6.8302,-8.9823,-2.7266,-1.6779,-0.9771,-2.5079,-7.1028,-2.0801,-8.9058,8.7749,-1.6782,-4.9403,-9.4893,9.6682,5.3372,-8.4545,3.9718,9.8402,-5.6292
0.2876,-2.4707,-4.1607,-5.1962,-6.3342,8.5959,7.5677,-7.5674,-0.1318,4.8383,7.0051,-0.9817,9.6418,6.9846,-0.417,7.8612,-5.131,-4.803,-2.2832,-4.9924,-9.846,-3.5066,6.1182,0.6036,-8.3962,4.5288,-8.3903,9.1434,-0.3912,-0.2199,-8.6589,-3.9434,-6.1608,1.5833,-7.5095,-0.7379,1.7267,6.0358,5.8554,-6.3334,-1.7911,-9.0666,6.2943,-6.6873,9.5154,-3.9598,-4.8069,7.3835,0.6455,-6.7305,-9.8148,8.9975,8.5427,2.96,5.3211,-8.4871,-9.6113,7.7899,-1.2418,-7.0113,2.8227,-2.0681,-8.416,7.3864,6.6464,-4.5329,4.3515,4.7683,2.3682,6.9215,-1.5308,2.0554,-7.3676,5.3299,-3.6458,-4.557,1.211,2.1294,-9.7566,4.4143,7.8528,-5.457,-6.0241,-9.4759,-6.7046,0.4946,-3.6233,-3.3773,-5.6237,-0.7211,7.0451,-1.2263,6.1302,2.0349,4.6142,-9.6811,-8.1951,6.945,-4.0615,2.3188,6.9199,1.1989,-7.0536,5.5305,-8.7508,-4.5129,4.6425,-2.2724,6.6385,-4.0473,2.4358,8.9093,0.3494,-8.4701,-0.242,-6.8852,-6.3097,-0.368,-0.8084,0.3218,-7.5983,-7.6044,-3.4993,3.4512,7.7784,-6.1781,-8.0798,4.9574,8.7419,0.5234,3.5258,-9.6793,5.5848,8.8673,3.5588,-2.0096,-5.9231,7.5549,-6.9313,6.7923,-3.0319,-3.5534,-6.4687,0.857,9.4822,9.8299,-7.2618,-0.1867,-4.01,9.8131,0.3307,1.0903,-7.9639,9.6055,4.6307,2.9905,7.1492,6.2305,-4.6274,-1.0135,0.8406,5.1176,9.6986,-2.095,-0.1159,1.8679,7.4608,-6.8989,7.3517,4.969,8.1332,-2.9444,7.0958,9.5396,2.0182,4.7119,-0.0977,-4.1512,-4.9465,-7.9179,4.1546,9.3235,5.7408,-6.2606,5.0205,8.7154,4.4795,7.3935,-4.9492,3.1959,-4.5288,1.2996,2.5123,-1.9927,-5.1772,7.0603,-8.3649,-9.8333,-9.9223,8.624
7.2646,7.7184,7.4417,-6.2469,8.1574,-9.4817,2.6919,3.3988,1.7617,-3.1322,2.5299,4.4747,5.7269,-3.9592,-4.121,9.4585,0.3801,4.611,8.7559,5.3848,-8.5157,2.0546,-1.298,-4.4648,8.5492,1.1741,-2.2765,-3.5577,-8.7988,-6.7675,-7.6365,4.0909,-3.3206,-4.6608,8.4885,6.2278,-8.2295,-1.4589,2.7097,2.1348,8.4017,9.4556,-9.6853,-7.5198,4.1144,7.9169,1.6321,-7.1003,4.9932,9.8216,-6.6298,9.9629,6.6746,6.3571,2.4415,-5.9765,1.1832,-3.5723,3.9808,-8.8198,5.2837,4.3487,-8.0008,-6.1874,-3.8753,2.2262,-9.1014,6.9849,-7.2577,-6.366,7.6753,2.7294,-9.7478,-0.9366,-5.1945,7.5084,-6.8324,4.7077,3.4318,0.7725,1.6856,-7.0471,-1.3708,3.1343,3.8052,6.1795,-2.6278,6.0613,-1.0243,-6.8873,-7.1565,4.786,7.3975,-6.1838,9.9464,2.1387,1.2125,-2.5616,7.5832,-1.5601,4.1901,1.7055,-3.5275,-9.6008,-6.4303,6.3176,-2.3735,8.3111,5.6724,1.9282,4.914,2.1238,-9.7411,-7.3003,-3.6019,-8.7172,9.5866,3.983,-2.4245,6.657,-4.5579,7.3923,-1.9539,-1.0944,5.7286,1.8414,-2.9105,9.2738,-4.0481,8.5818,8.1196,-0.4809,4.5206,-5.2638,8.317,-5.1327,6.9119,-6.1506,-4.5486,-3.4046,-4.0183,9.0925,-6.5649,-8.5361,-6.5047,7.9434,7.0545,9.1831,-5.2652,1.2693,5.3466,6.3471,0.5841,3.7318,-2.1718,-2.3367,3.8654,3.6869,1.2654,1.4338,8.958,8.3898,0.2957,3.3987,3.5156,8.0044,-1.3386,1.2038,-8.8583,5.4225,3.9118,-9.1729,-3.8917,-6.5801,4.5658,0.0803,1.0031,-1.873,-3.7176,-6.1645,3.337,-4.0014,-4.4064,6.0749,8.9036,4.0108,-2.2249,-5.2045,3.7796,2.0516,-8.7265,-3.5033,9.5644,-4.5599,-5.8977,8.2488,-9.7505,2.4104,4.8546,-4.7205
-8.0702,3.4545,-6.4376,8.432,-3.0256,-6.5728,2.3911,1.3597,0.4857,-4.3345,-0.8472,6.8034,1.7226,-5.1324,-1.8623,-1.48,-9.9045,6.9977,4.6843,-7.9743,4.4863,7.3992,-9.6497,-3.8522,5.8821,2.0234,-2.8398,-2.4424,5.7001,-1.8022,-0.5495,4.4198,-4.6496,-4.3608,-4.6428,-0.5524,-2.6464,-2.2569,0.9927,0.2707,-6.8944,0.2371,-1.4826,-8.4929,-2.0055,-0.4763,5.2576,9.4538,-2.9204,1.8748,9.4274,-1.2295,3.8736,-8.2875,-9.0529,5.2334,2.2061,-5.5229,-3.8092,9.2644,-9.8267,6.0624,7.3504,1.6371,-0.0917,1.9437,-6.0734,4.4881,7.6325,-9.3041,9.4215,-1.2466,5.3578,6.5079,-5.1903,-2.8839,5.5424,-1.1572,5.0336,-6.8503,9.7593,-2.2743,7.7922,-5.2701,1.3732,7.9811,9.5846,-5.8504,-7.2196,2.2497,0.9177,-7.5525,-4.2085,7.0363,6.4358,-4.3929,0.3063,6.6527,0.8038,-3.9551,-9.1805,-0.8067,9.543,4.0986,-7.6274,4.4713,-0.8414,-4.5624,5.2206,-1.4501,-4.9465,6.0403,-2.2205,4.4901,3.6144,7.9741,1.7919,-4.5144,-8.9421,-1.6389,-4.2606,4.0519,-2.9075,7.1425,-9.4981,-0.877,1.1233,4.6145,6.9328,5.1496,3.0329,0.2644,2.2009,9.4801,-9.3614,-3.0344,-4.6439,9.2568,9.3482,-8.0077,-5.5593,4.2373,2.693,-0.3261,8.6498,-2.1478,5.0758,-8.457,-0.214,2.7115,-3.3123,-8.4278,8.8485,-8.63,-4.9087,-1.5319,9.0465,-2.1115,-2.765,3.5807,-5.3235,-2.7269,5.5694,2.5108,1.43,-6.021,2.7536,-7.1623,-2.8171,9.8451,-3.7317,-8.7458,-3.3676,0.4904,-9.4607,-5.7077,0.2415,-8.4776,-1.4291,-6.1778,-2.939,9.3118,1.7551,9.878,7.2277,2.9461,6.1449,8.4056,1.6882,-0.5941,-0.2581,5.3283,-2.1354,-4.2565,-9.4033,3.2716,8.4634,1.1834,9.7163,-9.3447
8.434,-3.0363,7.1578,-9.4257,1.9616,6.015,-6.2968,-2.2488,-2.6706,7.8107,-5.2275,6.5248,8.9818,2.6932,-4.5964,0.518,2.1235,7.0066,4.2885,-7.1407,6.8527,3.548,9.0624,3.7969,5.0734,-3.4294,4.0376,-1.3039,9.7195,9.1374,0.1931,5.8655,8.0136,-8.7891,-0.1354,8.2006,0.6567,-0.5447,-4.1845,-9.5425,1.8136,-9.4097,-2.9091,6.5506,-2.6091,2.3319,6.7175,1.8457,6.8792,3.3211,5.1735,-3.5807,-6.4685,-2.1002,5.1515,5.6843,4.1191,-8.4758,-6.4227,-7.8311,2.6451,-5.3388,2.3721,6.8263,-5.2612,-3.3179,4.1136,4.9755,-5.14,0.7164,7.3494,-7.3556,7.0395,-0.334,-9.8418,5.9907,-1.0738,-6.2309,4.6828,3.8333,-3.974,4.1852,-2.0948,0.5051,-7.2538,9.3282,4.0523,4.1501,-5.6172,-0.9323,-0.6518,-7.6704,0.6392,4.362,9.9107,-6.4386,0.6105,-1.2374,9.8393,-7.0744,-5.0603,-6.3017,4.3726,4.1822,-3.1258,8.3612,5.3456,-6.691,8.0809,4.5416,5.1237,-2.9919,-1.2746,7.6744,7.0403,-9.4345,-3.9432,-9.4359,-3.4448,-1.0099,-4.9706,-5.1885,-3.7524,3.4463,-3.9279,-1.6357,-7.672,8.0681,3.1912,-6.4576,-6.023,0.9358,0.0718,2.3927,0.2166,7.5159,-3.6797,-4.5998,-2.0436,6.4398,2.3168,6.4393,2.4625,9.872,1.9854,-9.3732,-6.3701,-2.5054,0.7012,5.4544,-5.2847,-2.0914,-7.1966,-5.6527,9.2109,-3.8803,-1.6574,-9.2969,-4.721,-6.6604,4.4664,6.28,3.981,-1.1115,4.2073,-3.7214,-2.5469,-2.2892,-4.2418,-1.4764,-3.3893,3.7834,7.9736,-4.5319,-9.8497,-3.634,0.4005,0.293,4.3379,-0.8858,-5.4233,9.1834,-4.0572,0.3322,-7.3363,8.5687,1.4022,8.893,0.5603,8.15,-3.5192,8.2473,6.3863,-7.7842,-5.6149,6.0428,8.2679,9.8385,2.0917,2.8782
1.1905,0.3728,-2.5169,8.346,5.9657,-0.8201,-5.5426,8.9317,-1.6516,-3.3197,1.2646,-0.3493,8.5728,-8.7059,7.6186,-3.2418,7.0588,-3.9337,9.4074,-2.5047,7.182,7.1445,-9.2027,0.5087,4.0756,-3.9168,4.4785,3.0853,1.2152,-3.4686,5.5222,-0.2183,9.9019,4.8606,-3.0378,-7.5813,0.4377,-6.0809,6.3176,5.5246,5.3857,-3.3616,9.1531,-8.1683,0.6774,-7.5056,5.2728,9.6351,-5.7716,5.578,-6.2232,-2.6044,-8.6116,-3.1441,3.1439,0.6663,8.0042,9.6067,-8.7268,-8.6645,1.8972,-6.9873,-3.5632,2.7263,5.1764,-4.9765,6.3373,0.4401,4.5514,7.0713,-1.2834,-1.0773,1.2152,2.5612,9.9759,7.6723,0.0954,9.5351,3.3114,2.4602,7.6349,6.9705,0.6141,-3.0365,6.287,2.6711,-1.5146,-9.6028,7.8515,4.8821,-8.4942,0.8964,-8.3225,0.6121,8.6671,6.2266,-3.726,2.7136,2.4368,-8.5473,6.385,-0.1651,-9.5731,8.0122,-0.7799,4.1275,-7.1469,3.6786,-9.9031,-3.3291,-8.1869,2.6547,-1.221,-8.4546,8.5052,-8.7174,8.0409,9.9325,1.8918,-3.1007,4.1457,-2.8566,6.6183,4.3658,-7.9927,6.6353,-5.2125,8.1152,-2.2455,-4.4093,-7.9066,7.0816,-8.6956,9.1966,-1.9982,-4.5083,4.51,9.2174,-3.1928,-2.1676,6.2737,5.8332,5.3972,-5.029,-1.9551,7.3158,3.7388,5.6927,8.9455,-1.0501,-2.2075,0.6922,6.4308,-7.2449,0.1168,1.1944,4.757,1.7849,-9.9151,3.5804,-4.9077,2.2441,-6.9955,-2.3198,-8.3545,-3.1064,2.9026,-2.5145,-5.6285,0.8331,-9.729,-8.3745,4.9522,-2.5206,3.5464,-7.5629,-9.1452,5.6243,-1.4472,-8.7032,-3.1445,-6.694,6.1475,-4.1829,5.2523,-7.8665,3.4298,1.488,0.8242,3.3451,-9.3095,-7.0433,1.5986,6.87,-6.8421,-0.7109,-2.4253,6.0133,-9.5777,-6.7745
6.2385,-1.4292,7.6293,7.9944,-3.9165,3.5893,0.3838,9.3259,-5.0961,-0.2126,-8.3595,8.0119,-8.0956,-0.3017,-9.9852,1.519,-8.9864,2.9602,5.7469,9.7486,-0.0241,1.2081,9.0369,2.0013,-7.9033,-5.1875,0.4139,-6.3588,-7.7238,8.0912,-6.0599,7.9414,-6.4389,2.9791,3.0454,-0.1993,-6.0195,-0.1029,-4.7656,8.4659,1.9346,-7.8404,0.3715,1.6584,-4.7198,8.2139,2.8244,0.252,-5.7285,-9.8125,-9.8737,-5.9951,-3.3926,0.1649,2.8064,4.2654,-3.4413,-2.3104,9.3848,-4.9367,6.1548,5.4406,-3.0793,0.4144,2.6899,-4.3589,-2.6521,-5.8152,-4.6174,5.278,4.8203,1.4352,-7.7017,5.2585,1.2843,8.7259,-3.5624,8.1273,-0.6466,6.7108,-0.7328,-1.446,-0.9045,-1.9827,1.273,-4.7149,2.3356,3.9756,-7.253,0.2627,-2.554,-7.5487,4.1922,-2.8032,8.3824,2.4725,6.1752,7.6447,7.0743,-1.0485,-1.6966,-8.0887,-2.6404,-2.7684,6.0521,-8.8512,-1.9164,9.6913,3.2833,-1.132,7.4972,-5.1708,1.8313,-0.1872,-9.1691,3.8357,-8.6692,-9.6183,-6.2491,-3.9147,3.8265,-0.4815,0.9857,1.4378,9.0253,0.3319,-0.5498,7.4844,-9.8311,-3.6584,-7.4869,9.4918,-2.5595,3.8478,-5.3152,-5.9431,4.0024,-8.0694,-3.8496,6.8255,-2.5227,-5.8062,-5.3112,6.9501,-5.0918,0.2738,-7.2701,-5.6662,-9.7923,1.1046,9.6,-0.6516,-6.6914,0.2257,-5.9908,-1.4553,-1.5202,9.267,0.9579,-5.6853,5.1494,-9.915,0.1696,-1.1741,-4.1227,5.5467,7.8574,-6.4844,-8.0117,2.1725,-6.5702,0.5376,1.4557,-6.3621,-8.7003,5.4567,-4.8115,8.1971,-4.5829,-4.987,-9.8254,4.2666,-1.3508,1.3911,7.6355,-7.3732,9.6825,-8.7697,-3.714,8.1703,8.8822,3.6612,0.6027,0.0118,0.8652,-6.137,-1.0785,4.8865,5.8431,3.6855
-1.0699,3.5509,6.8634,-7.8942,-0.5969,-2.4884,-2.8634,9.809,3.6177,-1.6814,-4.4142,8.5163,8.1402,2.2445,-1.8655,3.1339,8.1328,8.6893,-4.2521,0.4123,4.9994,-6.0723,4.4314,-6.3189,-5.7879,-5.2346,-7.093,-8.7904,-8.7172,9.081,-5.1897,-6.3477,8.6566,9.1684,8.4878,0.5891,5.5187,8.5938,-6.0797,-7.2291,3.1585,5.3533,-2.9433,-5.2881,-0.3185,-6.4582,-0.606,-0.0017,4.3835,-2.6263,2.7799,-6.0187,-9.9828,-5.3951,1.9605,2.8256,1.1865,-9.4727,-2.4807,9.0652,0.5138,8.6564,-3.416,-9.5146,-4.7601,-6.6636,-9.2023,9.8462,-0.4672,-7.5207,-3.8916,1.1945,-8.2788,8.6994,-9.5037,-1.4544,7.9849,-8.3602,-0.1209,8.3765,2.7714,7.0619,-0.1648,-1.2702,-6.5194,0.8424,-0.4801,-7.1065,1.3909,7.0931,4.571,8.8463,-1.1283,-6.5595,-4.6052,2.5406,-7.8399,-9.0241,-8.2849,-7.969,5.5134,-6.8505,1.5996,-6.9876,4.664,1.4286,-0.7693,-4.568,-7.2597,5.3963,7.8757,-3.111,5.2689,5.8455,2.0762,-8.4636,-1.769,-8.9567,-5.9818,0.5176,-4.4655,0.3232,5.325,-6.704,-5.0026,5.2175,-2.0604,0.2898,0.7739,-2.9115,-5.7137,2.6154,-5.2215,-1.6475,-1.8324,0.2478,-5.7045,1.8082,3.7506,-4.6139,5.7583,-1.8632,-6.6038,0.3225,-0.0664,-6.5478,-5.7293,-0.0277,-2.2483,3.8481,-0.1361,-3.9937,5.7766,-7.0912,-6.058,-7.8355,8.2767,-8.1406,-7.8787,2.3034,1.8594,3.8743,9.0576,-1.413,9.2125,-6.4186,3.6977,2.8269,-0.7591,9.9967,4.2414,-0.4439,3.3753,0.4304,-5.502,-9.1203,-0.8491,9.2024,-1.0022,-2.1997,-2.608,5.7735,2.3067,6.8182,7.9084,-3.534,3.5498,-9.7666,-1.3641,-2.3812,-0.3815,5.9231,-8.7471,5.4088,1.091,4.7201,-6.0366,6.0845,-6.919,-2.5038
9.0475,-3.8367,5.2288,8.7846,8.1819,2.3376,2.0073,-8.6112,9.8333,7.6595,3.1655,8.902,3.5407,-0.6976,-5.0768,-4.2255,5.9066,-7.2949,-0.0613,6.7822,2.0065,-5.4611,-8.7636,-7.9077,2.6442,-0.9485,8.5337,1.8565,8.0632,7.3498,-1.966,5.1164,-8.9085,-6.6918,-6.9787,7.7079,0.9372,-4.7122,8.5565,9.8432,-7.8944,8.1284,3.4356,-0.4698,-1.5836,8.699,-5.2952,1.4237,-1.1397,-3.2137,-1.7259,-0.1874,2.1444,-2.9739,0.3478,6.678,-9.7029,2.2345,0.5093,9.3786,1.9898,-2.5066,7.95,-6.3514,-2.605,4.8634,-1.8126,9.0605,-2.3913,-0.2375,7.1502,-7.6173,5.0633,-8.9049,8.3275,-4.9561,6.4724,-7.3897,6.7663,9.4985,-2.9157,-1.8679,-2.4215,-6.1364,-8.9162,-0.2805,-8.137,-3.7347,-9.2849,2.4962,5.4777,2.7444,8.1817,-4.1293,-9.7551,0.0773,8.145,-5.1601,7.363,2.3128,-3.4793,-6.902,-3.0952,7.4467,9.4285,-5.385,1.9982,7.2674,7.9715,-7.235,7.4576,-2.6219,6.884,3.0906,8.1639,7.1179,-5.6935,0.0731,-0.7647,-3.3838,-9.9578,-4.5676,4.1152,-6.6102,2.6036,5.9895,-0.3787,-0.8782,5.0653,-6.6837,3.1945,9.5109,5.9061,6.8092,5.6764,3.1634,-9.9945,8.4702,-3.3709,9.8713,0.9988,3.5914,4.8887,-9.7266,2.186,3.3104,8.8555,7.4356,0.6423,6.5116,-6.569,-3.8359,2.1242,8.9854,-9.1555,-6.805,2.4418,-9.6539,3.033,3.1094,5.779,5.7175,1.2151,6.7276,0.7509,-9.0553,-3.6398,9.7994,-4.2172,1.2425,-0.7323,1.8655,0.8118,6.9767,6.8967,7.4544,-1.9383,-8.7209,-7.7514,-4.5899,6.8965,-4.9536,-1.1071,9.9773,-0.1989,9.5403,5.5144,-4.3485,-3.8372,7.6031,-2.4144,0.1237,5.8546,-3.8307,-6.2466,0.0346,-1.7682,-2.5445,-8.1708,-3.8007
-4.999,-1.8159,1.0369,7.6963,-5.7538,-7.7067,1.3758,-6.6154,9.3527,-6.0209,-0.452,2.4059,9.0496,6.9907,8.1714,1.1726,-8.5831,5.2695,-7.1197,-6.306,4.8542,-0.5707,3.8119,2.0053,-3.9592,3.0911,-8.6656,0.7787,5.789,-5.2083,-6.9011,-1.5969,-8.8593,-1.2908,-3.1849,-8.1697,-5.2028,9.9331,-0.5448,4.412,6.2269,-3.1561,-6.858,5.6034,-6.3677,-8.7431,-9.94,2.7797,4.3946,7.8852,-2.6184,-6.9871,-4.8045,0.0172,-8.4576,7.7648,-6.1238,-0.5567,-3.2667,6.9336,-1.7564,3.4562,-4.8358,8.2677,9.2107,-1.474,-8.7161,6.9004,-7.4571,-5.7157,7.9787,5.7469,8.1313,-3.5248,3.66,7.7668,-7.4749,4.0932,-0.2224,-6.1963,4.8999,4.4238,2.4933,8.5024,4.7238,5.5505,-1.7559,-9.1184,1.2982,-5.5987,-0.6842,-3.9994,1.7967,8.5434,-3.6729,-6.2065,-8.4816,9.7956,7.7296,1.912,-7.5598,6.6012,-7.3002,-5.0399,9.0395,2.4017,-0.0164,9.9906,-0.2838,2.4801,8.222,-2.5462,7.1878,9.6697,6.7055,-5.3251,9.066,-3.1819,-0.1778,6.9779,-4.7637,-1.5626,-4.2916,-1.5469,7.2138,-5.6199,-4.9597,-1.5511,7.4896,8.4329,-9.6323,5.9915,-6.8424,-8.1595,1.9029,9.4621,1.1036,-0.6177,9.8058,5.2768,6.458,6.267,-0.6067,3.6111,7.5541,6.2748,5.6073,-4.8964,0.7316,0.3406,4.3233,-5.9418,1.8871,5.5988,-9.8662,1.5903,-1.6589,-0.9048,-4.058,5.0957,-5.1586,-6.5322,3.7619,2.5951,-4.609,-8.3203,-0.0306,6.5246,-7.5223,-9.7495,4.4819,6.0988,2.437,-6.1806,-2.5928,9.9266,1.6763,-1.3207,-2.0405,-0.2925,-7.2211,0.3502,-1.3002,2.9878,9.5773,3.1025,4.7872,-4.5976,3.3331,-6.2605,-9.6933,-6.3605,9.5983,-0.0684,-7.0059,1.0198,-6.2103,6.8557,6.253,-3.0147
-4.5593,2.0151,3.2227,-7.6832,-3.572,6.5041,-4.971,5.1775,-3.3946,7.5014,-3.6682,9.7846,-8.3797,9.0531,-0.7539,6.9051,3.6552,2.3456,5.6068,-8.2132,4.6517,0.463,-3.2018,5.0836,5.9277,1.3478,-9.7336,3.1678,8.8395,-5.4552,-5.1853,-5.1682,-5.9021,8.7964,7.7109,-8.8781,9.839,-9.0888,8.2186,9.7045,7.8405,-0.4539,-2.4145,1.9966,9.261,2.8724,6.9215,-3.2604,-3.0812,5.676,3.2331,0.4043,8.5038,-0.5008,-5.6857,1.7272,2.9835,-0.6264,5.9809,9.044,-1.9052,9.6873,8.5374,-2.3494,5.5746,-0.3478,1.2017,-8.2355,1.8266,0.9221,7.8522,6.0661,-5.4738,-3.4811,0.0609,-4.3427,6.9957,-2.195,4.5502,3.3199,6.6691,2.7776,-1.5117,-8.9516,9.3749,-1.2534,-4.5906,-6.5776,2.6828,-7.4236,-8.1221,-4.1197,7.2104,-7.7348,-1.9134,-8.6903,6.0442,-6.1191,-5.3363,7.7813,-2.3402,0.1464,5.9503,-3.8779,-7.2244,-4.5796,-1.3763,-4.418,6.4401,-1.9307,5.2709,0.9835,0.816,8.3974,-5.3653,3.4543,-9.0609,9.0114,4.6378,-4.6794,-7.0854,-0.8326,7.5499,9.3466,-9.0756,6.7075,-7.693,5.2119,-8.3022,7.3571,-8.3591,5.858,7.9516,4.3093,7.1236,2.6769,4.5966,-5.673,-8.0235,-8.8976,-8.1024,-1.1578,9.6752,4.4404,-9.6869,3.0962,-6.899,7.9963,2.3211,0.773,-3.4068,-9.8044,8.2802,7.5076,-6.1718,-4.5141,-0.2905,-3.8868,-3.3981,7.0384,-6.848,6.4842,8.3644,-2.8305,-9.8648,7.3431,-0.3738,4.1858,-0.8282,6.9372,1.8251,6.0989,8.6404,-7.5644,-3.3246,-4.3094,2.8809,-3.8782,7.5094,-0.9657,-8.1331,-2.7101,9.0818,-5.0174,7.063,-0.9435,-2.95,-8.6818,2.5022,-0.7931,-1.5936,-0.1618,-9.0883,1.8947,9.099,-9.7101,-3.1266,-0.3594,7.718,-8.3409
5.5745,7.9866,8.2887,5.5257,-7.1255,-2.4799,7.1409,-7.9437,-4.1068,4.4467,-5.6028,9.4852,-4.2033,1.8817,-5.69,-1.3179,-6.3983,-6.8573,-1.4118,8.4302,-9.0905,5.6602,4.9539,-3.092,-6.6907,-8.9753,-7.9407,1.0778,-4.136,-5.3495,5.8894,-0.4356,1.3151,5.2842,3.7329,-4.5536,8.0544,-6.7471,5.1019,-2.5147,-1.0567,9.2984,-8.6046,-4.4549,2.5606,-4.6658,-8.5841,0.6309,-4.9818,-4.5841,4.1572,2.8379,4.8717,-2.1411,8.5464,-8.5152,-5.0997,7.9139,1.0067,8.4694,0.3081,-9.8981,6.3947,7.8534,7.6196,4.581,-3.9333,-7.7099,-3.5962,-4.3076,0.0737,-7.053,-7.6566,0.2616,3.3806,1.8849,3.2053,-1.5798,-6.7697,2.0558,-2.7181,-3.0156,3.7549,1.4522,0.7726,5.7801,-9.3777,-2.7002,-2.9647,6.6732,8.5073,1.4093,-9.1332,-6.6769,9.3887,-1.0139,-8.2061,9.4635,3.6268,-1.3539,3.662,0.1605,7.6667,-8.9033,-4.5819,3.0859,8.9134,1.0772,-5.8715,-1.4028,-9.3409,1.4131,6.3394,-3.3912,-0.7376,-0.6827,-0.9579,0.5928,-9.6703,-1.4485,-1.1748,4.7747,8.5644,-6.8581,-0.3012,3.4147,5.279,4.9929,0.1469,-9.9425,9.6364,-3.7222,5.347,-7.2885,1.0169,-6.6328,-7.5679,-5.5793,6.0539,-9.9054,-4.4882,5.1521,4.7132,-5.7077,7.4431,4.2174,9.0552,-4.6783,6.5388,2.1515,-0.7758,6.8266,7.4669,2.3216,-3.8615,2.1313,8.8055,-7.4099,-2.7233,6.7404,-5.9585,6.3644,3.6531,-8.5137,3.3903,-1.4491,8.3673,5.545,-9.5415,2.2864,0.5676,6.3209,-9.7433,7.1072,1.3649,-4.1356,7.0115,5.7407,-5.0051,9.5071,-9.4925,-1.3359,-6.5239,7.6337,-3.0001,3.6994,-1.7969,0.2758,-5.831,9.1046,8.1197,1.8546,-5.0427,-6.8157,9.0113,8.1511,-3.1143,2.1232,7.3204,0.1159
2.8776,-7.968,-0.19,-2.1564,-6.5642,-5.3559,-4.9036,9.4446,5.0009,5.1336,9.2851,3.3996,2.9056,6.8147,-6.6279,5.1874,-6.7739,-9.0328,6.5031,-7.7935,5.5525,-0.3406,6.3919,-4.0678,5.4427,-8.0016,8.8116,-6.0542,-1.4937,-5.3035,-5.5492,-5.9495,3.5679,-5.6592,4.8242,5.9727,-6.3628,-4.9486,-8.5771,-8.9972,1.3797,-3.8456,-0.9649,-1.6946,-7.7807,-5.3128,-2.0313,2.1788,-3.3633,-9.3049,-3.0358,1.0246,-4.9653,-4.4727,9.9597,-3.4984,-8.9369,5.0083,-5.969,-9.3922,7.4908,-4.4978,6.3499,-1.2347,6.4993,-7.9835,-4.5221,-4.1223,3.8413,9.7394,-0.7473,-6.4992,-6.6797,8.3026,9.447,-6.9951,5.184,-9.5531,1.7092,8.8735,-5.5315,-5.8017,-5.8193,-6.8242,-2.7047,0.3188,-2.4411,1.5452,1.6097,3.6759,-8.7819,-7.1515,-0.0624,9.2521,6.5056,6.0708,-4.4034,-7.0655,-6.9123,-2.5473,1.1582,-9.804,8.9372,-3.1495,-6.0825,-1.9621,5.3482,-0.2199,-8.7776,1.0681,-5.6653,-1.861,-2.2703,-4.4609,8.5293,2.3946,-0.5562,-6.8787,1.8979,9.9664,1.7982,9.6086,5.7412,-7.8999,8.9252,8.4161,6.093,4.6614,-7.973,-8.0354,0.2853,6.0933,3.6437,1.6336,4.9158,0.4741,-5.3835,-0.8624,6.5823,9.3543,-1.6467,4.817,-5.245,4.6306,-4.5276,-2.3269,-6.5903,-5.3377,8.1654,-1.7393,-7.8778,-7.2014,-6.8331,3.5176,1.0668,8.9058,-9.2732,0.2478,-0.384,-6.4843,0.5079,-4.9953,-0.0128,2.2208,-6.1309,-3.3409,2.2609,2.0048,-8.915,-3.3393,-2.8081,-5.2714,9.0406,-7.8496,3.87,5.4484,4.5244,-9.9364,2.7562,2.2008,-2.2786,3.1091,-6.3444,5.8457,0.92,1.9678,-6.7635,-4.8445,-0.104,-6.1897,-6.1882,-0.8333,-3.1097,8.0461,0.6643,-2.5775,-9.5588,4.2316,-7.879,-9.7617
1.7638,4.2893,9.4161,9.6597,1.3801,8.9401,-0.8828,-6.4651,-5.5299,-0.5649,-1.9451,-4.2764,4.4159,-9.9805,3.5458,-1.9133,4.5433,6.7828,-4.7986,1.4138,4.2272,-4.3979,-1.2266,-6.1468,-5.3371,-4.8192,3.4403,5.397,0.3273,8.2506,6.4068,-0.1302,-7.493,5.4763,-6.4684,7.739,-9.2503,-4.3297,-1.3534,1.0512,-1.2942,-0.7548,-0.4821,8.8478,-6.7928,-3.4865,8.8516,7.3478,9.8753,9.0233,2.5698,-5.805,-7.9266,3.333,3.1751,0.2172,-6.5506,4.8584,-7.0247,0.8262,-1.4457,3.2326,3.3928,-0.751,5.6644,1.8926,8.0388,-3.8546,3.0794,7.6075,-4.7205,-5.1235,-9.4122,-7.4102,-7.9162,3.2902,-2.1836,-8.1194,6.6715,4.732,-9.1054,6.5943,9.4094,-1.0188,3.8695,9.851,-3.7323,1.222,-9.6505,3.8812,-1.2787,-0.0853,-7.8695,1.4288,0.3913,-3.6934,5.2142,-3.9984,2.9954,-2.5467,7.7264,7.4508,6.1814,-1.3174,-8.5509,-5.2527,-5.8599,9.1308,0.6827,-5.4309,-7.3602,5.0616,0.5114,-2.62,-0.9347,-9.5938,-8.2272,-2.5377,-4.6419,4.2013,2.7039,-9.6893,4.9554,0.5559,-5.3145,0.3724,-2.6951,-9.3611,-2.7061,1.2979,3.2591,-2.4299,-9.4345,3.2566,4.3849,-9.3776,3.0305,8.6218,6.1587,6.6987,-7.131,-5.8844,-1.1458,0.3341,2.1346,1.5076,0.0451,-1.9586,-6.0723,-0.849,2.1799,-5.5076,-1.4956,-0.1997,8.2362,1.5791,0.3233,-1.4663,-6.8335,3.0959,5.0657,4.682,7.4817,4.499,-9.6541,2.4443,5.3754,1.4717,2.8651,-1.9051,-0.1881,-8.0509,-6.5785,6.0294,-4.0598,7.4804,2.3777,-9.4292,3.3737,-2.5719,1.4217,-6.1164,-8.8726,-4.6442,3.4232,0.2227,-4.4382,-7.6,1.092,3.0348,-8.7388,-4.663,-2.4454,-5.5672,-6.8455,2.7673,5.8454,-4.039,-4.3616,7.864
-9.4258,6.4905,7.5601,-1.3566,4.8555,-0.3179,2.1461,1.5224,-5.6587,-8.8853,7.6964,3.2889,-4.641,0.5199,-5.121,-6.9829,-2.9518,-5.8521,-3.2247,4.0948,4.211,4.9875,4.5646,9.9278,9.2629,-3.1609,0.7709,-6.9591,-1.707,-1.4254,-5.3116,0.7197,-1.3166,8.2513,-4.3988,-6.3776,5.8605,-0.1212,1.4076,-4.9316,2.6245,7.5198,-6.9653,5.8917,3.6526,1.0414,-3.5784,-1.8655,-1.1548,-7.534,-5.3678,3.5383,-9.0278,7.6355,3.6867,-7.7535,-2.2414,-3.6371,5.412,7.8325,2.5114,-6.9697,-2.6568,-3.6056,-4.5921,7.9875,-7.884,-4.481,-4.4572,0.2977,8.9386,-3.9451,4.2829,-2.0529,2.5099,7.7001,0.0828,9.2854,-6.8155,8.5713,8.3774,-4.8166,7.7493,2.7105,0.2412,2.4335,1.54,0.2687,2.0366,7.9841,7.6487,3.6071,-7.5413,9.8116,0.3358,-0.6433,7.961,-6.4288,-6.3661,0.5846,-6.8794,4.3087,-0.9063,-5.0811,-5.1278,7.473,-8.2402,7.9131,-1.5354,0.1079,5.5843,2.2629,1.1406,1.0545,-8.8261,-9.0206,5.1046,-9.4323,3.4554,-5.4837,8.7686,5.7923,1.8406,4.7133,5.5474,1.7302,1.6071,-4.4503,0.3767,-5.9903,-8.3996,-6.9142,6.6625,6.699,7.2571,0.0522,-6.4778,1.6479,7.2301,1.9045,-7.8031,-1.8114,1.6134,3.358,1.8294,-3.0679,-3.1586,8.8586,0.8747,7.3061,-0.1475,8.0375,5.1116,0.5384,-5.4749,-3.2221,-9.8323,-9.5605,2.6709,-6.3057,9.9076,-8.8377,3.8455,-0.8586,4.5287,-2.9963,6.9228,-1.7575,-4.7596,6.6837,-2.7152,8.1635,-6.3513,0.0298,-4.3814,9.2779,-1.3416,-0.3889,-5.733,2.8004,1.5099,5.9679,-3.9146,0.3393,-0.9274,4.5952,-7.4776,7.924,0.8962,1.7328,8.7481,7.53,1.8777,-6.0889,-0.6546,-3.0378,-3.6154,-2.4695,4.1743,-9.4934
-6.4606,-3.2686,-9.8743,8.8951,6.8319,8.9665,-8.7158,8.5081,-7.0487,-3.0887,6.351,1.8222,-3.7476,-7.0184,0.2052,2.6811,-5.5879,7.1498,5.9847,5.6881,-5.342,2.9837,-9.3842,0.2217,8.4687,-8.8683,-4.6115,-0.9034,0.6166,4.0932,8.3584,-2.6423,1.9165,-8.0923,-3.239,-4.979,4.4961,0.2021,-5.1109,3.3287,-1.7599,2.9498,-3.8241,0.1401,9.2886,-0.91,9.2217,2.9701,3.3577,2.1079,-9.8768,-5.6421,0.1514,2.0411,9.3151,-0.5574,9.3002,7.499,-7.5503,-5.9531,-0.0981,-0.1446,-3.6395,-5.5129,-5.7973,4.4966,0.1365,-5.3222,8.5192,4.5075,5.1735,-2.7827,-9.1645,-0.1519,1.0023,8.0052,-9.3109,-3.78,3.8464,-6.7679,-8.0658,2.7505,4.05,-3.0696,3.186,-1.0635,-6.5302,-5.176,5.4236,-5.6608,6.1465,-5.5195,-1.7299,-2.3271,-9.4371,-3.9091,-8.3318,4.0408,4.5108,6.5419,-5.5564,4.0141,-6.5327,3.6735,-4.2513,-1.4577,-4.8832,8.6324,-2.2005,-8.1085,4.3537,5.4644,0.9717,-1.1147,-1.9413,6.6784,1.0889,-9.1027,0.5659,8.5707,4.4553,-6.383,-6.9335,-0.8957,-0.5201,0.5497,7.4737,-8.9767,4.9121,5.061,-1.4222,-7.0768,-3.1288,2.0509,5.5949,1.3756,-9.6638,8.4927,6.6236,4.544,-7.8092,4.829,6.1399,1.1278,5.9867,-7.4871,9.9334,-5.3164,5.8364,1.3001,7.1913,-6.869,-2.8926,5.8815,-5.7886,6.3008,-2.671,2.1342,9.8353,-0.496,5.6602,9.9241,-4.3045,6.7062,-0.2661,-0.8682,2.1089,9.1648,-7.2087,-6.7767,-0.6476,-7.1902,2.6539,6.1745,2.18,3.3718,-0.9137,-8.6884,5.2792,3.7544,-5.0919,-2.7465,-3.3143,-6.9117,-1.477,-6.3581,-8.845,-6.0067,5.7132,3.3899,-5.7974,1.0326,1.5208,9.0443,3.8695,4.0473,-2.6994,-3.2618,-7.4764,-0.7145
7.5032,2.0809,-0.1371,9.3025,1.6836,-6.3899,5.6884,-1.6396,4.4633,1.782,-5.136,2.3837,3.8051,-6.9846,-0.3107,0.0806,-0.8413,4.6082,-7.1949,-7.1001,2.4233,-9.456,-4.0566,9.1166,7.605,3.8548,-6.9323,-7.7615,8.2621,-3.9844,-2.1385,2.4998,-1.7263,4.8585,-8.9353,2.1893,6.5653,4.6225,9.3801,-8.1471,-2.4763,0.0404,-8.6467,7.4737,-2.8114,-3.765,7.9812,-0.0641,2.9763,-3.1148,1.0257,1.9774,-4.5837,-4.4848,3.9507,-1.2844,8.6379,1.3731,6.3483,8.9443,1.383,-1.499,2.5233,-4.8904,-6.6433,-9.1893,-0.5632,3.4007,-9.5073,9.3287,-7.8452,6.7364,-7.1949,-0.0848,3.4774,9.6634,1.7743,6.6453,-6.149,9.3812,-8.8209,0.4894,0.5711,7.4816,4.2643,-4.7778,-1.5587,1.4489,1.1571,6.7649,-2.9348,1.1232,9.5499,1.1827,-2.0075,-1.2682,-8.0356,-7.5067,-7.1477,6.1844,-6.6478,7.333,1.7811,0.2844,-7.4203,-0.8296,-4.3445,-8.1998,9.7727,5.5371,6.8308,-0.1147,-9.9818,4.2206,4.9716,-8.24,6.6834,5.3598,-1.2614,-8.9649,-0.9203,9.1625,-1.5167,-9.852,-6.7168,5.0703,-7.468,0.8423,7.5765,9.5969,-7.5906,2.4017,7.1019,-8.9946,-0.3851,9.6881,1.7305,-7.2527,-3.6054,-2.0684,-5.5928,2.3727,-3.0668,-1.1743,2.6989,6.2066,-9.0725,3.7994,5.8811,3.3767,-6.3578,-0.8967,1.7199,5.3442,-7.3077,-1.2843,6.6405,-2.2838,7.5098,-9.5784,1.0434,8.4182,-9.6811,4.536,-6.2866,7.425,-8.1455,2.4046,8.0954,4.753,4.4517,4.6536,-1.6262,0.2121,-0.6589,-6.4333,1.1456,-2.4206,-7.553,3.7547,-8.6496,9.351,8.2045,0.0679,-7.0728,-9.3791,5.3052,-2.5588,8.9508,9.9319,3.9029,1.0867,-9.9556,2.9361,-9.1444,8.7931,0.5733,-8.9412,-9.6208,-4.4936
-8.9035,-4.8494,7.9348,5.0497,1.8428,-9.3117,-0.3327,-6.8862,-6.1399,-6.2112,7.7056,-5.596,-6.754,-7.4615,-9.1458,2.1773,-6.3282,-5.0757,5.0734,0.3894,-3.3389,-2.9901,-2.1522,-5.6892,-4.6213,1.9152,-7.9688,7.9643,-4.5669,7.55,-4.6907,5.9777,-3.22,3.0307,6.9874,7.0829,-9.384,-7.9813,-3.3783,-3.6056,-1.014,2.4155,0.4654,-2.7874,7.4051,0.9473,1.6025,2.4075,0.5745,-1.7617,2.699,4.7124,0.6091,0.447,-7.839,-1.2626,-0.0168,-2.3202,2.5584,6.8252,3.6154,1.5495,2.4631,3.1761,4.0854,5.0184,7.0063,2.249,3.267,4.1481,1.8303,-0.088,3.7449,-4.4961,-1.4565,-6.9649,8.119,7.8549,3.0068,2.7841,-5.0363,-8.4972,-5.3746,0.4093,-8.916,8.4555,4.2268,-6.9629,-1.2631,-4.8806,-3.7166,-3.737,-9.1458,1.913,-0.1346,5.9423,7.2978,8.3152,-0.5788,-0.2959,-3.0876,-0.0424,-8.8236,-5.1277,-8.0113,3.6448,5.605,-5.6176,-4.676,3.7207,2.7298,-2.4322,6.5247,9.2524,-6.0858,9.887,6.6526,-8.1243,3.8803,3.0362,-2.0005,-4.8851,-0.8504,-1.9876,0.4507,-3.234,-1.7882,-9.1511,9.2099,6.428,-6.8354,6.1564,6.0347,-2.4614,1.0414,-2.8955,8.4323,-1.7137,-4.9032,-9.848,4.0636,-4.9955,-7.178,-3.9633,7.7123,-0.4602,2.7397,-8.1117,6.7318,-1.8817,-0.353,2.1887,0.3191,1.6347,-5.4052,-7.5077,-7.4997,-4.6175,-0.2673,-6.9316,2.67,8.0602,5.9028,-5.5992,7.9482,-5.7911,0.155,4.033,-3.5206,4.2314,-8.1101,-5.559,-0.6717,-0.5446,7.6069,-0.1613,-0.196,6.7276,6.5272,-7.4105,1.1612,-9.3937,4.9119,-1.3021,9.6669,3.8429,-0.9714,-3.3902,-2.654,8.8378,-5.955,-0.3502,-7.8764,-9.1366,-6.4661,-0.7889,-7.7588,7.0461,-3.9828,-6.1577
2.5597,4.7845,-7.7184,-2.4743,4.6856,6.3771,-7.0373,-5.2307,6.2168,-8.6964,-9.2911,-2.7011,0.7912,-0.055,0.214,-9.9649,-4.703,9.34,9.0779,3.8233,8.7068,-8.1858,-8.0477,8.0697,-8.1854,-2.0441,-4.2215,-3.2637,-6.1526,7.5056,-3.0528,6.5185,-5.1546,-4.5501,9.1175,0.3454,-2.7459,2.9614,-8.381,-4.9405,-2.4431,-0.958,5.2741,7.1912,-7.4492,-9.8768,-8.0252,0.3802,8.3161,8.864,0.4964,9.8064,-4.7219,0.025,8.5367,-1.6062,-8.9206,-9.2935,3.8627,0.5936,9.6143,1.3052,0.6828,4.591,4.1007,3.107,-2.9953,-3.9722,8.0402,-9.81,2.9446,-0.579,-3.0914,-9.3827,7.3643,-5.5058,5.0701,4.8094,-9.9342,3.0546,0.1249,-4.1983,8.3603,-1.3719,5.0733,4.633,9.4432,3.3582,-5.7882,8.5948,3.4549,-7.7229,-4.6827,9.7698,-5.8434,-8.8423,2.1441,-8.5434,-7.6142,-7.5554,-4.904,9.8666,-9.2203,5.6062,4.0301,-8.443,9.7745,-7.676,-7.8365,-1.5616,-5.4238,2.2163,-4.012,-7.3829,-2.7762,0.0151,-9.6012,7.9928,-2.2423,0.8997,-3.2553,9.6045,-8.9938,8.5154,-7.7274,7.6223,9.1383,5.2452,0.6255,0.7075,2.4515,5.8797,-7.9263,3.4249,3.7601,-5.0925,-8.2847,-6.6842,-9.8351,0.1101,-0.4541,6.0662,-0.82,-5.5934,5.2485,4.9027,7.4574,2.8403,3.0334,1.6872,-5.2294,2.7503,-9.6294,-1.1747,6.9154,-1.6146,-9.5002,-4.5744,9.8266,-2.0665,-7.373,-4.4394,1.9837,-9.0908,-2.7209,1.656,8.6534,4.1344,0.2492,-2.725,5.7502,3.8936,-4.8622,2.2774,2.9804,-7.0768,-0.375,-1.3434,4.6487,-3.324,-4.8586,-1.5305,-9.1256,-9.6338,-6.8888,-0.9145,-8.3098,-3.3796,1.4707,-3.5554,-1.027,3.445,-7.7978,4.6145,9.5389,-1.8651,9.5282,-2.9924,-0.7339,-7.2994
-1.8116,-6.7529,-9.7559,6.304,-5.605,-6.1126,-2.939,-3.2529,7.7718,4.1116,8.6745,8.0701,-8.9872,-1.0627,6.4218,-5.0387,-0.4786,-5.9985,1.671,-3.5255,6.4738,4.907,2.6951,9.2475,-8.6695,-4.9411,9.7877,-1.5282,6.0953,-7.6602,-2.7483,6.6269,1.2624,9.3548,-4.9531,-4.981,-8.9616,0.5243,2.6736,6.3714,-9.1901,-1.9914,8.8609,-5.4036,4.1441,-1.4515,-2.1972,-0.5233,0.1182,-2.9248,-8.0029,-4.8632,0.3994,6.4245,-4.555,5.5708,-3.9358,-2.3584,3.4642,-7.6163,0.3868,-7.4564,-4.988,8.1572,9.4297,-7.5067,5.176,-5.076,9.3701,0.1026,-1.5765,-1.2674,-2.4641,9.081,0.775,-6.9029,-8.0434,2.3417,8.453,-3.1564,-0.417,5.2216,5.0765,-0.8059,-3.83,-4.5981,7.6036,-7.1894,0.3957,-1.326,2.8443,4.2825,-9.6805,3.6052,0.8921,9.5717,-6.5585,8.1705,0.3013,-8.6631,-0.5186,-2.4583,-5.2361,-9.1798,-4.5632,-5.3386,7.1196,1.1015,7.7021,-5.472,7.9236,-1.9049,-9.7799,-1.1005,-3.032,-3.0919,3.8748,6.6184,-1.6909,-7.0656,0.6007,9.6245,-0.7596,5.883,3.7078,-4.827,9.3771,8.5915,-6.2535,-8.8702,-0.5767,-1.7214,-6.9626,-5.5572,5.2727,2.0367,-4.3212,-3.4987,2.7473,4.9651,4.5642,-8.3115,-0.3272,-6.731,2.9754,4.6391,9.2536,-3.4834,-1.4192,-4.2217,4.5072,2.153,-9.8783,-8.5658,4.5991,-5.0752,0.6132,-9.8206,-6.0511,-7.1515,-2.6238,6.5829,4.8446,2.2753,-1.0308,8.941,3.4869,3.2853,-4.532,3.8515,-5.827,-6.81,-8.4858,-5.2134,2.4804,2.6827,2.8509,-8.1684,9.1642,-8.9329,1.9993,-5.7765,4.0833,0.7296,-4.0947,-6.0986,1.6502,-2.9953,-9.9014,8.4814,-5.5134,-8.8584,4.2217,-8.0398,8.1356,2.1571,6.5341,-4.7384,0.2862,-4.1741
-8.8773,1.857,3.9934,4.3937,8.2807,0.6816,2.9087,4.6013,6.4744,-0.865,-1.9895,-3.3756,-1.568,8.0643,6.6082,-6.2886,3.2893,-7.9296,-9.6989,-1.7225,-6.2726,6.7596,-3.035,-0.9957,-7.2159,-8.6501,5.4163,6.8864,-6.7747,-8.4393,1.7589,2.9199,8.0812,-0.0,-3.7722,4.2313,-8.4895,-3.3694,-2.912,-4.5239,-7.2213,4.9811,-7.5545,1.3399,-5.2522,1.2045,-0.1997,6.256,-3.5554,1.402,-0.4209,-9.9802,4.1874,-3.7148,-9.6187,-3.2839,5.2426,4.7416,-0.0389,2.2127,-7.5256,7.1491,8.468,-1.2922,5.4352,-4.8558,4.8694,-7.4883,0.3533,1.5477,-7.7073,5.0004,3.3884,-5.4944,-6.8806,-9.027,9.9555,-2.9709,1.2342,7.2805,-8.7727,0.6507,2.5102,-9.292,-9.8848,5.9755,-8.2713,-1.2394,-1.7092,1.0058,4.4363,-3.294,-3.1433,7.0199,7.9298,3.998,-4.0114,2.7221,3.0212,5.9853,6.5253,6.1478,1.0752,3.0862,5.2375,4.1977,-2.4749,7.0704,-0.0513,1.0928,6.5913,-9.8163,-6.9404,1.5395,-3.1261,9.0624,5.0834,-7.6336,-8.9939,8.895,6.6732,2.1082,5.8386,-4.0416,-4.506,7.1239,9.0152,-1.6222,-6.0856,-7.4413,-8.286,-9.2258,-5.314,-3.4833,-1.8639,1.4513,4.7489,1.0,2.2252,-6.2862,-0.1869,-6.3651,8.5522,8.5126,2.0352,2.0621,-1.8038,7.7616,-9.6175,-4.551,0.5165,8.3137,6.9342,6.1883,2.3527,4.8106,2.623,-6.1511,8.8299,-6.1147,3.9628,-1.4126,-8.957,3.2922,-2.1618,-2.6634,5.6454,3.8189,1.5466,1.7322,-3.677,-3.1645,5.9726,2.9789,2.4499,0.581,5.6802,3.6921,2.1596,8.0555,0.4678,3.4324,-2.8335,-6.1769,-1.7337,-8.7708,4.7057,-8.5217,-3.403,8.2637,-1.393,4.7345,-8.979,9.2661,-9.2909,2.2523,-1.2772,8.8362,-6.0578,-1.0872
9.719,-8.2083,-5.9462,9.8766,-5.0167,-4.1972,6.2543,5.1709,-5.5035,5.1655,-9.0353,-0.0215,-1.5064,-6.073,3.5531,-8.3262,3.9423,1.4185,3.274,-1.3868,-0.4045,9.5164,0.5814,8.7589,9.2901,-7.6316,9.178,-0.1523,0.7592,3.6015,2.574,5.421,2.333,4.2067,3.1152,-5.5446,-7.2211,5.1691,2.6679,-6.0665,5.6897,2.4367,4.3462,0.7851,-8.1373,-2.2878,-5.6885,5.7968,-0.4585,0.2113,0.2353,-4.3058,-8.7207,1.1364,-3.8767,7.0571,5.0267,9.0916,8.8875,-3.0761,-4.5341,-8.2676,-7.4285,-5.7775,8.9859,-2.1269,8.9646,7.8271,-5.144,3.1378,7.6865,7.7968,-1.4366,2.428,-3.4373,2.2958,3.2858,-8.5386,1.8749,-3.732,7.5179,-9.9849,5.7831,-3.1626,-4.2616,1.4034,-4.9354,-5.344,-2.6314,-0.5069,-6.3713,-4.0633,7.1717,1.7649,9.089,-8.6866,-8.0517,2.736,2.6344,-9.1216,7.7874,-7.0362,-0.5848,-2.3961,7.8158,-0.6341,-1.9629,3.7273,-6.1253,-8.6943,1.1592,0.9066,1.7553,-7.4241,-6.2543,-1.1086,-4.2274,7.4304,-5.5536,7.2426,7.2226,-3.475,-0.59,2.7989,-9.6356,-1.5141,2.6209,1.2233,-2.4957,2.5791,-4.6636,4.2107,-7.1479,7.1768,1.0174,6.831,9.9432,8.014,7.9198,6.672,0.0979,-5.8774,-0.2689,-5.1141,-3.6812,-0.0741,-3.2306,8.9383,0.1711,-0.7069,9.8246,-9.5067,7.4352,2.5512,-9.4434,-6.9648,4.2839,-8.366,7.3403,2.1445,3.7056,6.9737,-1.2749,5.1177,8.2539,-1.7041,2.698,9.4011,-5.7215,3.8218,1.9351,8.1057,1.6846,-4.9178,-8.435,-9.006,1.9601,-6.541,5.4016,3.8755,-3.7266,5.7327,5.9033,-3.9749,4.6949,-2.7165,-8.5281,8.5968,1.3258,8.8276,2.3209,-3.5673,-7.869,-5.3684,-0.6546,0.9934,8.1069,8.695,8.9466,0.6581
-5.6284,4.7686,-2.3617,-5.3436,8.5893,-0.5635,-2.9866,4.3815,-8.9973,6.0052,-8.2115,-5.3004,-0.1003,-7.7115,-8.2368,1.7569,3.057,-2.2065,0.8434,-5.7449,-2.5642,8.5,7.5481,-1.8465,-8.8087,3.4026,-9.6912,-9.9484,-1.8052,1.3777,-4.4565,-6.1774,-2.4295,-4.3853,3.9076,-7.1208,8.5735,-1.8009,-2.5636,-4.5354,6.815,-1.0049,-7.4691,7.9939,-5.4354,1.0925,1.2422,6.0629,2.8305,6.0024,-4.7439,-2.1556,-9.2988,-0.9517,1.8445,-0.7593,8.4018,-1.8456,-8.8419,6.3875,5.9096,-4.3086,-0.3984,-5.7746,-1.7572,-9.886,-8.8999,-7.634,-4.3442,-3.2069,-5.4422,-7.6235,7.9573,-5.1843,5.3036,2.8571,-8.5653,-2.9316,7.1223,-8.625,5.4324,5.2169,-0.3758,8.6658,1.1882,5.3754,-3.9846,-2.5418,-0.8746,-7.7355,9.5931,-8.805,-4.8613,3.4758,-3.6764,-8.4368,1.7014,0.6803,-2.2899,3.84,5.9834,-1.2961,4.6193,-1.9818,-6.5881,9.3769,3.2301,1.9283,7.0058,3.0986,-7.6648,1.3226,-5.4306,2.7182,-0.5748,-9.3845,7.9713,-5.5677,9.6984,2.5429,4.123,7.644,3.18,-6.4519,3.8144,9.8219,7.7251,-5.8005,7.8001,4.09,1.9243,-1.0187,-4.9242,-6.6718,9.6625,-1.7453,1.4657,-6.5342,-1.3223,-5.052,7.0417,6.0465,-3.9543,-2.2305,8.0813,-5.8876,-5.7021,9.6112,0.8061,-3.8641,0.7198,-3.8374,2.2732,0.1525,8.9685,6.887,8.5762,-8.5506,-4.538,6.4367,4.1553,4.1038,0.3088,7.0889,-8.4793,-2.3234,2.1924,6.8887,-5.2109,7.8556,6.9066,7.4745,-4.0283,4.4249,9.4782,7.6431,-9.3125,-6.1304,1.2303,-8.2355,8.5341,3.3052,4.0831,-2.0026,-9.4897,4.8542,7.562,1.1995,4.6061,-2.7194,9.5945,-3.1127,3.9097,-5.4741,2.5771,-6.4306,9.1973,-8.46,-9.341,-6.1401
-5.9665,1.1526,-3.8605,-9.6674,7.7866,3.9902,-0.6491,-2.3704,1.7103,8.1585,0.0705,7.4098,1.157,2.2736,-2.3935,8.9564,-2.0255,5.1943,-9.8767,-6.6755,3.1852,9.068,3.7617,-3.7529,-0.9417,8.9349,4.9276,4.5485,6.8896,-2.149,-7.9963,4.2508,-7.6583,-8.7107,7.895,3.794,3.6921,-4.2526,-2.7477,-8.4215,0.3761,3.5075,-8.9493,-3.5942,-2.8557,6.0752,-8.2317,-6.6738,7.3927,6.5893,-1.3968,4.592,5.4274,9.0006,1.889,1.9106,8.468,-2.0331,8.1105,5.7213,5.213,5.8255,-1.6363,7.0817,3.9926,-0.7448,8.9827,2.4471,-7.3027,-2.2409,3.757,-7.1988,5.7324,7.5,0.0011,-6.152,9.7232,-5.6182,0.8786,5.342,-9.4776,-5.3252,-6.779,-9.9146,5.0349,-1.7923,-3.3414,-7.3835,-3.8024,-3.4721,8.1815,1.393,-2.2978,-0.0023,-9.8864,6.663,9.0342,-6.676,4.2284,-6.5084,-9.2739,7.0311,6.4893,-3.6349,-3.338,6.9016,8.4387,9.0061,4.5304,-6.3298,3.5891,5.5437,0.7974,3.9529,-7.7082,-6.6043,-7.9318,1.989,7.962,7.0975,6.7658,-9.6928,4.0528,2.7257,5.9239,6.8886,-3.3597,4.7635,0.6435,0.8783,-2.5809,-3.2768,2.8992,7.659,9.6326,-2.174,-7.254,-5.4267,-4.0214,-9.6438,-1.2291,5.8515,9.7308,-0.3435,7.6472,6.677,3.9093,1.6022,-6.5694,4.3161,2.2926,-1.1691,-0.1339,8.4844,4.8689,-1.4181,-6.1175,-6.9721,-5.3302,-3.1618,-6.9212,8.934,-5.2176,1.9181,-0.0563,6.1434,2.3086,7.8569,-8.8627,-1.2891,4.898,5.5456,-5.3526,3.1791,2.2708,-8.2989,-7.9871,-2.6182,-1.2822,7.2375,-4.141,4.5726,6.051,4.597,-9.2772,-5.5027,1.3083,7.159,9.8433,5.2923,1.7454,-8.1581,-1.5538,0.8228,0.4252,7.152,1.9457,-8.1035,-7.6831,4.9434
8.5894,-8.2802,1.3911,9.3723,-1.0372,-7.689,0.2468,-6.2449,-8.6854,9.8946,0.194,8.9086,-1.5567,1.9847,7.3278,-6.0052,-7.7401,-3.1848,-4.7368,0.1351,-7.3309,-1.2467,9.2282,3.2419,-6.3377,-5.7684,-6.8798,-9.5749,5.0455,-4.1626,-1.1311,0.4853,-6.9656,-8.2167,4.4759,-6.0959,-8.1923,5.8228,-2.8444,1.9008,3.289,-7.8163,-5.9714,9.7346,-1.3301,-7.7418,-8.862,-7.7059,-2.2,6.0384,-5.6851,8.0641,-5.0994,-9.7201,-7.9124,-7.4437,-6.6035,-1.6505,-0.9405,1.0962,-5.7474,4.4577,-8.7898,9.6922,-0.0416,5.359,4.3517,-2.4612,-5.4128,7.2793,-1.9379,-3.101,-4.0686,-7.9695,2.0991,-6.3335,-0.1849,0.9626,-9.0524,-1.357,-9.1409,8.4861,4.5459,8.5269,8.1682,7.197,-9.1275,-8.6478,3.0566,-4.9899,-2.0855,8.6493,1.4955,-7.4967,-9.3756,-7.1425,3.3022,5.734,-8.1382,3.9044,-2.5715,-6.9912,9.0273,-1.6864,1.3777,3.3475,-5.7081,7.5127,-1.2697,-3.6294,3.9786,9.7084,6.1782,-6.5866,1.2328,8.6514,-1.2506,-1.422,5.2812,-9.8971,8.3027,6.7588,-1.0422,-4.4075,5.8864,-8.5212,5.9309,4.861,2.5483,-8.2993,-2.499,1.7283,-3.6499,-4.7969,-8.8703,-4.2791,-5.0559,4.8944,-1.5441,-9.0565,5.8908,-3.8081,-5.3038,1.7393,-0.1875,3.7154,3.204,-8.8155,5.1916,2.2801,-0.2676,8.0046,-6.0615,-9.9637,-3.843,1.0959,2.5043,5.1495,-0.3816,0.9471,4.5253,8.3368,-1.9302,-3.3772,3.6795,5.2583,3.9549,1.5075,8.4756,1.6582,-5.3388,-2.3915,-0.2548,5.1246,8.5829,-3.5256,4.3837,4.7716,-3.4793,7.9823,-9.453,-9.8728,2.9035,-0.003,3.5545,5.3739,-0.0594,-2.306,-9.9367,-8.8529,4.4333,5.9171,-3.5625,-9.2964,-6.0513,-1.2253,7.391,-8.2479,-8.6846,9.3287
2.8017,8.2673,4.6029,8.8262,3.3096,1.4095,0.988,-7.949,5.9482,-3.7264,5.4068,2.9662,-6.4837,-2.454,1.7047,6.06,9.498,-6.0347,2.7029,0.8986,7.6682,-5.3227,9.4871,-0.0399,4.0072,-3.4343,3.6103,1.7762,-3.8733,-6.4553,0.0916,3.9343,-2.5616,6.5451,3.5827,0.6319,6.5214,-1.2247,-5.7672,-4.6825,8.9064,-3.3112,-4.7184,3.6962,-5.8101,-0.9553,-2.6782,-7.69,-3.765,-2.7437,-5.0491,-6.9406,-4.6452,8.8369,9.9374,6.013,0.0625,-6.4317,3.417,-0.6634,-0.2736,3.9429,-0.1929,-8.9176,4.6088,1.8638,-9.5648,-0.4947,9.3087,-0.85,7.5006,6.7573,7.5934,-3.6894,6.0663,7.4832,-9.4292,1.4926,-1.5086,-1.5696,-3.9306,1.1032,3.6624,-4.2708,-6.2476,3.2226,-4.762,-6.4151,-4.5608,-4.9195,8.9646,-3.3968,1.2954,6.0227,-6.8446,7.6557,-6.487,-5.7641,-2.0303,5.4685,-8.3956,2.9528,-9.1088,4.75,-4.8306,-6.1619,-4.1337,-0.0819,2.2551,8.6476,-1.0682,-8.3968,-0.9626,-0.4329,-7.1241,1.9176,-5.1612,0.021,6.831,-3.7819,-0.4619,2.4498,-6.6829,2.7031,6.9978,7.0086,-5.7811,-1.9954,-8.1781,-7.6516,-4.6221,-3.0011,0.2515,6.2272,-4.0936,-6.3919,6.609,3.3216,2.6558,-3.882,6.8639,0.906,2.1434,-1.4532,-2.7458,-1.8571,-1.2738,-4.7035,-1.0969,-7.8606,8.5225,7.202,-0.5834,6.337,-8.5752,-7.9199,-1.6276,0.2907,8.0109,-9.0759,-2.224,4.1653,7.6652,3.5691,-2.8096,6.9208,-2.5366,9.8128,3.061,1.7453,5.0953,7.6093,-2.4168,-4.2837,-2.6154,9.8774,1.8061,-5.1916,-1.5972,9.6516,1.6196,4.875,0.328,-0.0267,8.7019,5.5479,0.1761,-8.2526,-3.9813,-9.5787,5.157,6.1274,7.741,6.5001,-0.701,8.5311,9.2233,-1.0125,5.0255,-4.1151
2.9212,4.258,-9.7896,-6.1451,-3.0916,4.5753,7.4233,6.1891,-3.3016,5.3083,-8.9165,4.138,-9.8618,4.3611,0.1914,-1.4422,-2.1089,0.0754,-3.1016,-0.3668,2.8996,2.1169,3.7072,-6.432,6.1103,6.8989,-6.6927,6.1794,2.2211,1.1508,-2.3811,-5.4524,-2.7692,-9.4077,-3.5007,-7.5256,-2.079,9.5091,3.0283,-4.6554,5.5729,1.5816,4.662,8.7335,-2.6436,-0.4697,-2.1508,1.8428,1.5485,1.9806,0.1635,3.0698,4.1683,7.2532,7.9527,7.837,-9.2681,4.5355,-7.9324,-2.9766,-5.3553,-0.0615,4.7328,7.2271,8.3257,-4.9296,7.7231,-9.299,-4.3446,3.3246,-8.8998,0.8075,1.0321,3.9897,-6.9769,-7.0251,-0.7394,-7.3697,0.2565,-1.8151,0.3264,-0.6486,2.4865,1.5372,-0.5246,7.9158,-4.1116,-5.5652,1.2627,7.3632,-1.884,-1.7243,-0.1317,-6.0606,2.6502,-2.7749,-8.9232,5.1021,2.2835,5.7863,-7.75,-9.9348,-9.0316,6.1225,4.8002,5.1454,-1.4139,-5.4238,-2.3154,-4.6205,8.204,-6.7038,7.1762,-2.9354,-5.6119,3.4939,5.2435,5.8431,-7.8332,-0.8383,2.3969,-6.3023,-2.2653,-8.5934,-7.1319,3.4328,2.5546,-1.1513,-2.9021,0.102,-4.9897,7.4922,8.636,-4.0696,9.073,-9.0725,-2.5745,-1.4058,0.938,5.2071,2.4772,8.4303,5.0943,4.5642,-7.0488,9.3032,-9.9438,-0.4502,2.5203,0.5905,-6.3297,-0.5771,-5.2931,1.2603,7.9782,-2.6605,1.7033,-3.8392,-2.9577,-9.3671,9.6018,8.032,6.6767,4.9479,-2.6361,6.1682,0.4792,-6.1305,-9.5875,2.6669,-6.3081,-9.8773,-0.0743,-4.6465,1.9571,-2.6213,5.004,-7.4812,-2.4667,-2.4668,5.0914,5.3729,-6.0374,-3.098,-9.8321,7.1985,6.5943,9.9637,-6.0397,-8.4388,1.6342,5.8891,9.2752,-4.165,8.8801,4.3769,-4.5992,2.0424,-1.4566,-4.7297
1.8781,0.6611,6.7335,3.6273,5.6833,7.9587,-9.6933,-4.9443,-1.2546,8.3824,6.7627,0.7513,7.3915,-5.2763,1.5298,9.4334,-5.5006,-7.7543,-0.5819,-0.7542,6.9644,4.6248,6.0665,7.6646,6.9902,-4.8364,2.435,4.5723,5.7673,-7.3067,5.5804,-9.012,-4.3889,-5.7071,-2.0054,-6.7913,-6.4021,-1.1806,-2.1777,5.1495,0.5464,-2.0516,8.4293,-2.0454,-6.6335,0.0412,-7.0591,-4.2798,4.7302,9.5738,-0.833,-1.0413,-6.5129,-2.8387,-5.8291,7.9735,-5.9163,-2.2685,-5.7177,-8.6276,3.1264,-9.0588,6.7241,3.8337,-7.2709,7.0642,4.0284,7.6207,-9.8283,1.8712,1.8638,-5.1187,-4.2821,-6.5826,-7.197,-5.4735,-9.9895,0.4935,7.9666,-4.9088,-2.1405,-1.2416,-5.4178,8.8163,5.6087,7.1546,6.9209,2.1532,-0.4419,-3.1942,-9.3005,6.6392,7.0572,3.6207,-0.5809,7.7318,7.6524,-0.1376,7.5873,3.6655,-2.4458,-8.1041,9.6845,1.1015,-0.4158,-8.9725,-6.2465,6.597,-7.3249,-9.0531,5.71,7.5396,-9.5246,0.3981,-0.414,-5.5673,-9.856,4.0959,1.8801,3.3519,-7.1648,6.0899,-2.0914,0.9206,0.7073,5.476,2.3862,1.3276,9.1249,-1.0834,7.7988,-5.6354,7.1413,1.8999,1.1358,5.5049,1.4958,-4.7009,-3.5095,8.8461,-3.8384,-5.4684,-1.7807,3.4927,4.8064,-3.9218,6.1889,-4.3518,-3.6489,2.3301,6.7051,4.5586,1.5067,-9.1446,7.4973,-0.6735,-7.3326,-4.8427,-1.9263,5.7192,7.8055,7.0804,-9.9693,5.8999,1.9481,-1.181,3.0371,-1.9856,-1.3678,-4.7453,-5.2404,2.2349,-6.9374,9.4602,7.2369,-9.1373,-1.4667,-6.1713,-8.6205,-6.3179,-9.9498,-2.4473,-9.7608,-6.5095,0.1045,-6.7222,-5.8856,7.0865,-8.9366,8.9359,2.7747,-7.6959,-1.0618,5.5629,-5.0578,-7.9961,-9.3504,-6.2196,4.1759,-4.035
5.0635,1.5488,-1.3056,9.6844,-1.375,0.4156,-7.1784,3.9633,-1.4281,-4.3811,-4.2258,-1.1,-6.0178,-0.3175,4.5239,5.3861,4.1503,0.105,3.4817,-4.0883,0.1673,6.4595,7.2049,-0.8609,-7.5209,-1.1549,-9.6841,-8.4174,8.2583,-5.6139,-9.4678,-1.2063,2.1727,2.1939,-6.4293,-9.4858,4.8398,3.2267,9.29,-2.0152,9.1459,9.2204,3.9205,-0.3391,-4.0503,-9.2023,-7.7464,9.0243,-5.0331,0.8075,6.6078,-7.7488,9.5114,8.3697,2.6775,5.4787,-8.4582,-1.3938,-5.1036,2.0029,9.4902,4.8788,4.6543,-1.4368,-3.0278,9.666,-8.5885,-7.175,5.4021,0.1953,5.0945,6.9123,-3.7911,4.672,-8.4484,2.7801,9.1118,-8.1998,-5.2347,1.8314,8.2613,-7.3378,6.7148,-5.624,2.0266,-1.5943,5.1909,-8.1071,0.6951,-5.114,8.9498,9.5253,3.5715,5.6707,5.7872,-0.4826,4.6313,-1.9631,-4.927,-4.0531,6.001,-7.1681,6.0357,-4.804,-2.0255,2.3608,-9.8527,5.1317,3.9586,-1.2012,-9.3677,-2.0954,-8.6694,2.2781,0.1549,5.739,-8.5465,0.0484,-1.3605,3.5879,3.7123,-3.6044,-1.5595,-0.6053,9.5807,5.056,3.9103,1.3947,-0.4051,-4.0158,-2.5953,-4.7967,-4.6472,6.4447,-9.7399,6.4456,0.7356,4.9324,-7.1484,5.8484,0.0261,2.9411,-9.6369,-7.561,-7.2814,-2.9169,-9.9296,5.9082,5.8571,9.4798,8.3936,-3.0536,-8.8268,1.258,2.8306,5.0201,-5.7776,-3.5261,-2.0874,-4.2578,6.4523,-3.6621,-8.9354,-9.5559,-9.0876,2.6437,-0.2574,5.9155,4.2998,7.7607,4.5386,-3.9477,-8.7436,-8.805,-8.8177,8.4324,-8.7513,0.7425,3.0708,2.2382,-0.3824,3.015,1.0835,0.4366,-0.1227,5.2846,-5.772,-7.2152,-9.0885,4.6769,8.6509,0.1407,-8.0122,5.1699,-6.6604,-2.3149,0.7494,-1.2846,-7.0742,-0.464
-0.4561,-8.4654,-8.7159,-9.2812,7.7724,5.7322,-7.2519,5.2687,3.0317,-8.2223,8.2338,2.3189,6.15,6.6018,-6.2486,-4.946,4.5312,3.653,-6.6892,6.8516,4.8996,-7.7986,9.7974,-1.086,-8.1882,1.2435,-0.1832,4.1,2.5781,-3.2653,-4.999,-5.1855,6.394,6.0457,1.6518,-2.8064,-2.4739,-0.8051,-4.296,3.0889,-7.2799,6.0184,4.3563,-5.2155,-0.2243,2.9187,-6.2716,1.1521,-6.1611,1.5192,9.2741,-7.5126,9.0527,-3.5869,0.516,5.394,8.5674,7.9069,-3.5401,-8.9371,8.4889,-7.1595,-9.6825,-6.6339,2.7692,-1.6488,-0.9662,-8.1979,-9.2059,-4.3622,-0.9401,-0.2987,9.0575,-0.2758,3.4804,-4.9556,0.0112,4.1506,-7.006,6.9416,8.4752,8.6113,-3.0878,-1.497,9.8918,-0.0405,-6.4535,-6.7434,2.046,-5.4837,5.3356,3.84,6.2985,-0.1362,0.8653,-5.6059,5.3843,8.5528,-0.2696,-8.5352,-8.0895,-2.18,-0.0732,3.3781,8.845,8.9752,-0.2424,8.7689,5.431,7.8884,-5.9819,-2.6858,-4.2206,3.2681,7.9086,6.4365,-9.9413,8.449,-0.0945,-8.3665,0.0114,-9.5006,4.3401,-7.4813,-9.6526,7.1575,-7.0584,7.8872,-7.3151,1.5248,-5.8694,-0.4429,-3.1536,5.2317,3.7846,-6.9912,7.9002,5.7726,4.6205,3.26,6.7745,-8.1845,2.2702,-6.786,7.0767,5.205,-4.3316,0.8192,8.2323,-0.49,-2.4102,0.9109,-2.6446,-9.1899,0.0654,3.448,-1.6714,-6.3804,-8.6729,-3.8975,-6.6727,1.363,-9.0276,6.996,-0.0112,9.2321,-4.9639,-4.0861,8.41,2.1945,4.2766,-8.9931,-6.8896,5.7922,7.6562,5.028,-0.0305,3.2046,3.6434,6.3749,-5.1447,4.7577,8.8873,-1.1754,-7.62,-1.6913,7.1644,2.5094,1.6807,-7.8886,8.0638,7.9762,7.9432,4.4831,2.3611,-8.9517,7.1986,-6.5369,-0.1862,-4.1178
1.3204,7.4609,2.6476,-4.9284,-5.6446,-9.5443,1.5994,0.7405,1.3756,2.639,2.7388,8.1099,9.9313,3.0149,9.4625,5.8181,-7.0774,2.3361,-7.6746,0.4221,-9.3809,2.7411,-7.4141,7.777,3.1364,-9.2824,-9.1727,3.5667,6.4142,-0.1403,0.4009,-0.423,1.8516,-8.0608,4.807,8.72,-5.7663,-9.0819,4.9188,0.4945,-4.4124,-6.6862,7.0603,6.7215,9.888,2.5582,4.1219,-7.5898,8.5591,7.6265,0.3908,-9.3787,-0.1564,8.1122,4.3703,4.2137,7.2133,-1.5595,-0.2841,-8.6283,-9.8423,7.299,-3.5332,-0.3894,7.7448,8.0791,8.8472,3.0022,-3.6754,6.4523,0.2462,7.3877,-7.3203,5.2903,-9.3451,8.6663,2.3457,-3.8115,-9.5333,-8.1892,6.0412,-8.4649,-3.9494,-9.0528,-4.2551,1.7403,3.2242,3.908,9.8949,-3.5444,8.507,3.9818,-4.9126,3.1634,-3.249,8.0228,-8.7486,-6.9207,-2.1936,4.7232,-8.609,-1.6338,-0.2497,0.9314,-1.9825,-2.4194,2.2216,0.101,-2.9895,3.2007,-5.4691,-3.8455,-4.9578,4.314,6.9143,0.9727,2.8626,-6.4637,5.7825,-5.9836,5.6833,0.0195,1.3069,-4.9538,1.3782,0.0112,8.6449,-9.9744,-6.2255,1.2138,6.2477,-8.612,9.7809,-1.9057,5.5964,-4.6169,8.3233,5.5623,2.7619,-1.5065,0.123,-3.196,8.6642,6.6171,-3.4407,9.7029,-2.8145,6.8683,-8.1697,-0.3335,-3.7133,-1.8823,-1.8159,1.3058,9.9501,-7.0812,5.6058,-4.6716,-3.5017,-1.8575,-0.113,1.6279,-5.1948,-8.0468,8.6424,-7.0191,-8.2735,-0.6067,-3.2148,-7.0832,-0.7564,-3.4467,1.0257,8.9135,-2.1337,0.129,9.6357,-9.3577,2.1737,9.0636,-5.024,-1.5164,-5.899,-4.0622,1.0697,-0.0573,-2.2061,-8.7893,6.4859,-3.7315,5.9831,-1.7958,5.8886,9.4408,-6.6608,-5.8178,-6.6162,9.2968,1.6101,-5.4602
0.219,1.6666,7.147,8.9779,1.8602,-2.0628,-9.462,5.3285,0.5808,4.9149,9.6292,-5.7713,-6.0104,2.3937,8.8059,-8.0563,-6.0201,7.3896,-2.7532,8.2112,-2.0558,6.9482,0.5334,0.0942,6.2073,8.4095,-2.9007,-4.3747,-6.525,-0.3288,4.3795,1.8495,-8.325,-8.2043,-6.9278,9.1517,-3.8336,-4.0984,4.2133,1.8039,-2.4829,8.2731,-6.722,-1.2093,-8.1559,3.6847,-9.4152,-3.9789,-9.6161,-9.534,5.0398,5.8492,5.1499,-1.9426,7.895,-4.1663,-0.0004,-8.5356,-2.0102,3.87,-5.0559,-0.7378,-2.7119,4.0568,-9.5374,-7.6654,-5.1178,8.5332,0.9771,2.3518,1.296,4.8178,6.6173,-5.8098,9.0634,0.5593,5.3146,-1.4637,-4.8453,8.6099,-1.2172,8.3647,-1.8294,8.7854,9.4031,-6.6652,-0.1223,8.3299,-9.1639,0.2544,-0.7277,1.0216,-4.3276,-8.6457,-5.7593,2.3971,9.2426,9.5398,7.6038,6.9662,-9.3721,-3.1536,-8.2254,-5.6918,2.9473,6.0176,9.0088,-2.6604,4.4532,-9.3465,9.6241,8.5181,-5.7649,-9.9016,3.6362,-0.7984,6.4787,-4.9136,-3.182,2.2724,-8.795,9.5399,-2.4824,-7.3991,-3.1567,1.2911,4.3929,0.4264,-7.7391,0.5928,5.2313,-3.1001,-2.2866,-7.4711,2.4347,-5.3035,6.9215,6.0206,1.3248,1.7412,8.693,-1.4552,1.7073,-6.195,4.1754,0.0421,-9.473,-9.2968,-5.1554,-2.8254,6.4931,8.5201,-8.7817,-1.9342,0.6979,5.9992,-2.0353,5.8198,7.3029,7.667,3.0515,-8.2818,8.9163,-9.2253,-1.9902,8.4497,-3.1187,3.0901,7.0818,2.5448,8.1684,-1.1366,7.9758,-4.669,-0.599,-8.0612,6.0522,5.072,7.0575,-5.179,-6.5487,8.1568,1.8322,-6.6312,2.5351,-7.6895,3.8402,7.6346,-6.2521,7.5321,-9.7306,0.3805,-6.8234,-6.0414,4.6671,-1.8887,3.1279,2.8288,5.554,6.0842
-6.2744,-3.3395,-5.4209,4.2839,9.4185,-7.145,5.3363,-8.8953,-0.6723,-9.339,-4.6763,8.1005,2.6764,0.1745,-1.849,3.7611,-6.8863,7.041,-2.932,-2.3597,-9.0814,-7.1004,3.2367,6.8493,-5.0585,-6.3467,5.2964,-6.3253,9.3962,-9.2055,-7.2321,2.7494,-1.0169,6.1081,7.4718,1.8913,-8.732,0.207,7.2427,8.8991,8.6484,9.3178,-8.2328,2.5416,6.547,8.7902,2.5345,-4.586,-4.8478,3.0475,0.8948,-2.1127,-1.304,-0.7701,-7.7959,-6.584,-2.9851,-5.5936,-1.982,5.0536,6.6994,-5.0863,-2.8196,-7.8133,1.9274,-1.997,-6.208,-4.239,-8.1896,3.092,-8.0794,-2.777,-7.5663,6.3775,-4.3106,-7.8467,-0.8511,-6.6544,5.7575,6.4506,-0.0958,2.8074,1.6965,-0.4947,7.3515,-4.0861,-1.431,-4.595,5.0387,4.0169,7.4485,-2.6601,-5.0667,9.6712,-8.7227,5.0206,9.1393,1.0506,-3.1358,6.6094,9.5324,7.886,3.0904,5.0267,-5.9435,-1.3837,3.46,-1.117,-1.1843,-7.1582,6.312,-6.4403,6.0808,7.898,-8.5087,-2.3339,8.6859,-3.9209,-7.0256,-5.9826,-6.0219,2.2854,-7.5464,-0.4928,2.6734,-7.2045,5.7295,-6.5922,3.128,-8.3677,3.6739,-2.9348,2.5141,9.7024,4.587,-0.9033,6.0482,-9.3864,-1.1726,1.2577,-2.5739,-3.8709,4.5268,0.469,0.4956,7.3936,-3.6377,5.2604,-3.7476,3.4427,7.8603,1.4372,3.8586,0.1561,-1.655,8.6028,4.6418,-8.5432,-9.6423,-2.5129,2.7801,2.9327,-0.6775,-0.1192,-7.6567,-6.9867,6.7946,-0.7556,-5.9267,-5.4064,4.7973,-5.8761,-1.5515,5.4909,0.9513,3.4216,9.0042,3.5968,-0.6807,7.7894,-3.464,-9.8265,-1.7651,-2.0497,8.9584,-0.1601,-3.1154,7.2198,9.6068,-5.0435,6.4728,-0.6292,6.6199,-4.1879,-8.4856,-6.2174,6.1331,3.2684,-1.4035,-2.5823
-1.0534,1.6468,8.1405,5.4479,3.5577,-9.7566,1.2658,7.4724,3.2504,-7.0231,-0.3222,7.4833,-5.459,-9.9739,-8.8002,9.2929,-3.4118,-7.4257,3.8544,5.174,-4.516,2.5249,7.9589,-9.8554,4.5839,-4.5491,9.8652,-9.772,8.2978,2.3426,3.3125,8.7765,-3.4603,4.5039,7.3014,-4.0497,-1.5408,-0.7948,-2.7263,8.7854,-3.5197,7.3812,4.5499,7.907,-0.6636,4.6899,-3.7154,0.8074,8.8644,-4.6612,-5.2784,-1.6662,-5.8674,7.3878,-8.4547,8.9934,-8.7574,-0.3211,-1.41,-2.1189,8.6239,-7.5337,-9.2715,-0.0541,-8.4777,4.8241,-1.0721,-0.3077,2.3762,9.4504,-9.4029,3.0333,-4.2748,1.875,9.6653,6.1211,3.7578,-8.4481,-4.7338,-7.7805,6.4634,-8.7446,8.5925,9.7885,8.2717,-4.9463,2.2096,-6.4028,-7.4507,2.883,-3.2542,-6.5309,6.973,7.9889,-7.9213,3.8273,-2.0728,7.3128,-7.0823,1.8762,-5.1698,-6.4199,-1.2422,-4.4578,-6.4693,-0.7766,0.9715,-4.4843,-6.856,-5.3942,-3.2492,-9.9351,9.4036,6.1304,1.4044,-4.3528,6.0067,0.1504,6.9359,4.6714,-6.5823,1.6123,-5.7131,6.2752,-7.8207,-4.083,5.3288,0.1662,8.7187,1.9806,-5.6128,5.9763,9.5796,2.9728,-9.9051,4.5249,6.1682,-2.1451,7.6183,6.1074,-6.577,0.3798,-9.4843,6.8041,-3.5447,-3.9623,4.3561,-3.296,-7.9835,4.8434,-5.45,8.4348,-0.0315,-8.3657,5.6063,-6.8282,-0.3388,9.9356,5.2126,3.1046,-1.1182,0.4956,7.4788,5.7441,-0.7818,-2.1375,5.5259,-1.9945,-8.36,9.87,-5.4413,-3.6334,-0.0893,-5.6375,-0.6984,8.9256,3.3463,-7.3903,-5.1259,-6.9795,-0.6039,1.1207,0.0279,5.0537,5.0515,-1.4982,8.3862,9.556,7.1712,-2.7591,5.0291,0.2275,-3.0706,-5.8471,7.267,-7.2242,0.9932,-7.3209,5.7675,-9.6472
-8.3376,6.0689,-4.4891,-5.8327,0.4886,1.8855,-6.5112,-6.3385,-4.0269,0.3519,-5.8082,5.0214,-8.0701,2.7082,-8.6807,5.963,-6.6752,-3.0963,5.3158,6.3204,3.8803,-1.6212,4.3763,-2.8665,6.219,-0.0472,7.4067,-1.5753,3.3379,9.6075,2.9192,2.8607,9.5979,3.9201,-5.3355,-8.2858,-9.7308,-4.9761,0.1539,-6.2586,4.4447,5.218,8.9078,2.0779,5.6032,3.9718,-1.8152,7.557,4.2138,0.8224,-1.7966,-4.9675,9.0122,-5.0304,8.1176,-0.9633,-2.4078,-0.1014,-6.2394,-4.5033,-7.0801,7.8202,0.2421,9.3299,-0.7374,5.7832,-9.5598,6.5187,5.5939,-6.151,-9.78,-2.2127,2.2177,-4.0775,-2.3096,6.0081,0.2859,-4.192,-3.2925,0.0569,-9.3289,0.5949,3.0763,5.8652,-8.5915,-5.3336,-3.884,-1.0292,4.7265,7.2853,-3.4915,-2.5843,5.7092,-3.9107,-7.0205,-9.1075,-6.675,0.6943,-2.3467,-7.0999,-1.5631,0.7519,4.9156,-4.3017,-3.7513,3.0166,-4.1135,-7.4082,0.8003,5.6224,-7.3525,3.4966,4.8811,-7.8241,-3.903,-8.8404,-3.0305,3.3292,-5.3906,-8.9301,-6.7175,-5.7056,-7.7428,3.1029,-4.8794,-7.0936,7.0364,8.5591,-6.4879,-3.7206,-1.9444,6.62,2.5606,9.888,-3.0957,9.4934,8.3943,1.5713,-5.9562,3.582,-6.0245,4.2152,0.3891,4.4969,-4.8651,4.2401,-7.3503,9.4499,3.751,-9.5102,6.2656,5.504,1.1305,-6.1538,-0.1212,3.3934,-4.5055,4.424,6.4715,4.2299,-7.9628,0.7761,-8.9917,-9.1004,-5.5033,-1.7699,-9.9463,-1.0362,9.428,-9.0817,-2.8567,-1.9348,-4.236,6.7094,-3.0469,-6.0878,1.9563,-7.3997,9.2421,-2.0348,4.2588,-5.2387,0.124,8.1341,4.2548,-7.6889,-2.1584,-5.813,3.6598,6.7134,9.8709,-9.1186,-1.0874,-9.3698,-3.2383,2.9497,-3.5518,9.8959,-1.1561,8.5511
-8.5549,7.699,-9.4985,-1.9934,-7.4534,9.9747,9.5259,5.1294,4.919,-9.4217,9.856,-1.7944,-8.2956,-7.176,-8.8425,-4.8705,-9.499,-9.9478,2.947,7.9542,0.1716,3.6944,-0.7811,-9.6985,7.4291,6.6191,-0.9091,-6.9059,-4.7822,8.7468,-3.1772,-8.1676,-2.0646,3.265,-8.4715,-7.2855,-8.6489,3.873,-4.2854,-3.6362,-9.8307,-8.9177,0.7737,1.907,9.7878,9.788,3.3771,8.5776,-1.3053,-0.1262,7.478,0.5817,6.3345,-1.1302,8.4806,8.9131,5.2683,8.003,-5.2627,-7.7294,4.0842,-7.569,8.4173,9.6356,3.5869,6.8616,-6.0409,5.4379,-2.7987,-0.2217,0.0808,5.3595,8.2098,4.4162,-6.7976,-6.0592,-3.5925,-1.3655,8.6471,-4.551,-7.2092,-9.6111,-3.3397,-6.7131,1.0096,6.7392,-3.6525,-1.753,-6.0811,-9.4226,0.6072,-5.6624,-5.1976,-9.2431,1.1475,2.178,-7.6772,-4.669,9.7536,-7.4964,1.7997,3.554,1.3081,2.4619,0.952,3.5882,-5.7212,-1.0135,1.1634,-2.0943,7.2124,-0.6734,-6.3066,7.1629,-2.2179,-6.1233,-2.6992,7.5786,9.5218,-1.3082,7.2225,2.4382,2.906,1.0031,-5.8949,-9.9871,0.8251,-9.9334,7.8389,7.9323,0.152,3.673,9.4031,-1.2301,-0.7131,-5.8388,3.3271,-5.3914,-5.9271,-7.2071,-2.0971,5.5199,-7.8761,5.2331,4.4195,-2.9454,-1.1917,-7.8537,1.2095,4.6127,3.84,-2.8484,-8.7237,2.8906,5.7728,3.8344,6.6776,-3.162,-4.619,8.0873,-0.5512,-5.3415,-6.9659,-7.3204,8.1297,-4.8159,6.2544,9.0438,5.4297,-4.8831,-6.6952,9.4751,0.8407,2.6037,9.9397,-1.4242,-0.0311,-8.8789,-0.739,-8.1686,-9.7704,7.3413,6.7338,6.2617,1.3874,3.5498,-9.8364,0.9633,8.0501,7.8198,-7.6677,4.6941,4.7213,-6.8118,-6.4364,-5.5797,-9.3948,-5.5058,-8.0511,-8.1312
8.7251,2.8752,0.9252,-2.695,3.6128,-8.2839,-5.3854,2.5767,0.1133,-5.723,-4.4295,-8.6184,7.0553,3.121,-7.4189,-5.0627,9.7325,-2.2645,5.6082,-7.8081,-2.309,0.1637,5.3426,-3.9612,3.5951,1.5443,-8.8282,6.9588,-2.6683,7.1837,9.2363,-0.7491,7.3128,5.8763,-6.8832,-4.9342,-9.0447,-1.1935,3.9269,-3.8656,-8.006,0.2134,6.9483,-7.3781,-2.1526,8.3081,6.8257,9.9583,5.6681,-5.6488,-9.642,5.999,-6.9953,9.3502,1.6043,6.8673,2.0438,-4.8932,0.2297,-0.4404,-7.4978,1.5908,-6.6551,8.9474,1.6207,3.328,8.2188,-5.9703,8.2257,-8.9938,1.0661,3.5602,-6.0299,7.5465,0.2745,7.981,-7.655,7.8931,5.2461,-7.6616,-7.9772,3.7837,-7.3324,8.5596,-1.1643,0.8035,-5.5128,3.3953,7.4148,1.5014,6.58,2.7814,-8.4034,-7.7757,-3.7799,8.9897,0.25,-3.2249,9.924,-2.5838,1.7533,2.1828,9.4671,3.2402,-5.1561,-8.9277,-2.0083,-6.563,5.8618,-2.7066,6.385,8.6522,-6.3361,4.4338,9.95,-1.2061,3.7941,-1.7493,2.9641,-2.7499,7.3117,-1.2619,4.6714,6.0672,9.6068,0.3793,3.3973,0.3285,-6.1731,-6.3649,-7.366,-0.1761,6.3607,7.479,-8.9274,-3.2706,-0.3273,8.7067,-0.5513,2.6562,6.9158,0.3974,0.1959,-2.0626,-4.0381,2.0776,-9.4658,4.2007,6.2998,-0.0674,-1.9919,-5.3379,-6.4473,4.1036,-7.0748,-1.1515,8.1685,-8.1232,6.0249,3.0494,0.6261,-7.0894,2.5997,-6.3864,3.8506,1.3594,-6.4622,9.6063,1.1968,-6.4883,-6.6472,-8.5731,-7.0589,3.3097,-5.3273,-3.6246,-5.0549,2.2732,-0.2271,2.5115,-6.1574,7.9962,-1.2176,0.4335,6.9289,-7.5995,2.852,-8.5963,-3.0502,-3.0345,1.8253,5.322,2.9887,-7.9092,2.0493,-1.9798,-6.9191,-5.0428,1.6236,-6.9097
-7.5111,-6.4918,-6.4497,-9.3729,8.2794,-9.7444,0.3202,4.8938,5.2342,2.6207,9.7497,-1.5653,-5.3455,-2.8593,-2.6611,1.5144,-6.5552,3.7377,7.3652,8.236,-2.4688,-0.5508,-0.7893,5.6585,4.1279,2.5139,-2.9386,-0.8153,5.5471,6.0848,-8.7073,8.8793,-8.8837,-8.6536,7.7344,8.6836,-0.0706,-7.9311,5.3925,7.4019,-9.8665,8.949,9.358,-3.0538,4.2937,-1.6756,-1.9057,-1.9367,-0.218,-5.071,-7.0382,-1.7138,5.0948,-2.2189,-7.2466,-3.9901,6.3082,2.3411,-2.8815,-4.967,6.2795,-2.2617,-4.9371,0.7634,6.0369,-5.4379,-6.221,6.3733,0.8658,-4.6035,-7.2109,-6.6315,6.5085,8.6381,2.8147,-9.8019,9.3091,-9.7239,0.8868,0.5901,3.9644,-3.8447,-8.5514,4.7252,-9.1062,-7.1215,-9.4055,-3.7232,7.0261,-5.4207,8.1067,2.1426,-4.8085,-7.9033,-2.3585,-1.7725,4.6918,-0.8193,-4.5791,9.985,-2.2993,7.7773,-4.9981,-4.9836,-4.7752,-2.452,7.4746,9.0481,-0.5822,-1.3283,6.0615,-1.1769,4.5429,6.1245,3.0777,-9.8168,0.6765,1.566,-0.2807,-8.817,6.9782,-7.4851,-3.592,-7.3902,6.1563,0.4624,-9.5032,-4.048,8.2262,4.922,3.4299,-8.8467,4.4299,-3.7013,1.0881,8.3183,9.9602,-2.2691,2.833,-2.3152,-5.3228,-3.7788,-3.3281,6.9581,-5.6292,-1.8124,-6.3712,9.5114,8.1739,5.5935,2.0953,9.5135,6.2959,1.5503,3.9331,-4.3269,-2.4097,1.8222,-8.6168,5.9493,8.8795,-3.8669,7.3863,0.6593,7.0809,6.7421,-9.2591,2.9076,-0.9447,1.499,1.6535,1.3826,5.8564,-5.7731,9.134,-9.7135,-0.3551,1.6662,-8.7721,-5.7405,2.0343,9.0395,-2.5176,9.7576,-7.2494,-3.6517,-4.1644,2.9983,0.9873,0.0785,4.7316,4.0036,-5.0337,-8.578,-9.1204,-5.5086,-6.2192,7.9935,-9.3143,-5.4924
6.9669,2.8947,2.5533,6.0227,-4.3987,-7.8347,-1.8721,-7.8565,-7.6221,-2.0844,9.887,7.5284,1.9698,9.2142,4.0393,9.4379,8.8254,-1.3854,-4.5852,-8.3972,4.3095,7.6909,-7.0849,2.0375,-2.0622,9.2394,9.6495,6.5623,9.8495,6.7565,5.2613,-5.513,-6.9333,7.158,2.6094,-6.8412,8.5285,7.5834,8.9013,-1.273,8.7117,-9.4378,-0.9868,-1.5435,-7.1922,9.1817,-2.1032,-6.6521,-5.0032,-9.2825,8.8219,-5.3086,1.8647,-0.5744,-1.5484,5.5756,-5.5085,9.4683,-3.5678,-5.3218,-3.8883,9.8477,8.411,7.2533,0.1181,9.0077,-3.1729,-1.3778,9.8165,-6.451,4.7842,-0.6702,0.1378,8.7308,5.2441,-6.919,-6.3249,8.4395,-0.7068,-6.8989,-8.7893,7.8947,-0.066,7.2747,9.4218,-3.6662,-4.0327,8.6149,2.911,2.9935,-6.0563,-7.269,-8.6588,-7.7142,-7.2581,9.8838,-1.1191,5.5481,-3.5551,-6.2633,-8.9812,0.6052,-1.8998,-7.5282,-8.4637,-6.7822,-9.8671,-2.5147,-4.7767,9.2718,-6.9746,-0.0871,-7.927,8.8571,-4.9991,-0.6338,-5.9546,6.0831,0.8404,-0.7163,-6.5569,-2.4069,-5.6621,0.7152,0.8612,-0.2938,-1.558,-6.1331,9.5813,-9.8475,-0.9162,-2.767,-1.5749,-9.8854,-2.8342,4.2037,5.1857,-8.2853,7.4532,-9.3162,5.9568,-8.9039,-7.4969,-7.0926,9.1639,-5.0317,-1.8879,0.1743,-4.9221,-0.137,-7.5313,2.7358,8.5873,6.8792,-6.1619,8.2998,-2.0365,-7.4973,-0.9937,6.0193,-1.6932,-8.0378,0.9981,4.5032,-2.0628,7.2738,-4.041,7.2893,5.7046,-3.1361,-4.2992,-5.2229,-0.8481,-1.2407,-9.4997,-4.0104,2.582,7.6506,-7.746,1.8869,2.9464,2.5585,8.844,-4.1075,3.7094,-3.5339,-8.1303,2.0416,5.9865,-1.5301,-3.9243,1.269,-3.2497,-9.7656,9.2292,1.971,-2.3713,-5.0765,2.0784,9.6495
-8.3311,-7.4134,8.067,-2.8734,-1.0744,-0.6339,-3.6113,6.0486,1.1293,8.7223,5.745,5.0433,-1.4914,7.6409,1.0164,7.1365,-4.0214,8.8671,1.0828,7.7282,0.1567,3.0532,4.754,9.0005,0.9959,-0.5826,2.43,9.4696,-0.2951,-6.0574,-0.1147,7.3381,-1.9656,5.3678,-7.7518,-5.1269,-7.1832,9.2692,-0.0435,4.7507,9.073,1.3042,9.9153,5.9558,4.2753,-6.3882,-7.1543,2.2955,4.0696,3.5767,-9.6652,-9.1951,-8.3066,7.5814,-5.1597,3.4561,-6.6975,6.6835,-9.8283,9.0637,-5.4295,-8.3498,3.7059,-8.6568,3.1282,-0.6523,0.5057,0.2645,0.2187,6.7954,6.6754,-7.4434,9.0232,-8.7768,6.0231,3.4383,-6.6746,-3.5123,-1.1816,5.6037,-8.1964,2.9768,5.7379,5.386,0.5902,-9.2877,-8.679,-8.7901,-0.1203,-2.5533,-1.6564,-6.0073,7.086,1.8095,4.324,1.8907,8.0771,2.9905,-2.6147,-5.6891,2.8346,4.7305,-6.1483,-4.691,-2.3612,8.2965,-0.7386,4.175,7.2261,-8.2589,-1.8722,6.3575,9.1888,-8.2829,9.0431,1.8398,8.9923,-6.5814,-0.9439,0.1192,-0.7916,-0.4416,-5.2331,-3.5708,2.447,-7.1578,4.0909,5.5576,5.1635,-6.3257,5.8786,4.2786,-9.4509,0.7736,-0.1955,2.8368,6.0591,0.2847,8.0672,5.7707,1.6811,-7.3543,-0.9922,7.4309,-2.4029,-0.4718,0.9599,-7.7921,1.6777,9.0494,1.5201,-2.2455,-3.7212,9.5408,6.4169,-2.7311,-7.3366,2.5724,9.184,2.9963,-9.0543,9.7309,3.0854,0.8467,-4.3343,-3.422,3.6791,5.6612,-9.8869,-9.0255,0.6186,-5.1381,2.8213,1.6153,-2.5437,-1.0407,8.4392,-4.8085,-5.6454,2.6411,-9.5435,-0.9946,-0.028,-6.2495,-4.3439,-0.1069,8.1533,-6.3082,3.0406,-8.4248,-6.0051,-1.6374,2.3183,7.0094,-0.1849,7.1667,7.8558,9.9032,-9.0005,7.5376
3.6719,7.7815,5.1287,5.1234,-3.9149,-1.7462,-2.9659,7.5672,3.7404,-7.1277,2.1582,-0.8074,2.2538,7.4015,-7.6136,8.1796,-8.3544,-1.4729,-0.4007,-3.8362,-4.9197,9.4794,-7.2093,-4.3385,4.7733,-9.8341,-9.3236,-3.9667,-5.8708,-3.417,9.8563,-9.7268,2.9577,8.2146,-9.1634,5.5421,-7.8293,-9.7479,9.5774,-3.0179,-6.9051,-3.655,-9.372,-2.0897,0.4146,-9.5556,-8.8424,5.9901,1.1182,9.5018,-1.1966,9.2413,4.4443,4.7708,8.3029,-7.7259,-7.063,-6.4887,-7.882,9.751,1.8312,9.2155,1.3631,9.076,-8.8925,-6.1447,8.9513,6.5201,-4.4326,-0.9348,0.9689,-6.9092,-3.2559,9.0988,-6.6348,-4.1588,1.339,-6.9867,7.6744,-1.5665,2.6758,1.7213,5.344,-2.0317,5.8899,-1.7647,0.9567,1.4037,8.4064,1.5544,4.3453,-4.7096,-7.3313,0.4006,-7.6643,4.8034,1.1416,-5.3829,1.1739,-4.2616,-8.034,-1.6153,0.3116,1.2352,2.6186,6.6462,2.7557,1.9354,-7.1564,2.3916,9.7598,-0.0294,-1.4994,3.4405,-9.5682,-1.5084,-8.7472,-3.7814,-3.8998,2.1599,6.5413,3.596,6.4447,-1.8849,1.3071,-0.9306,-7.1164,4.1321,-0.237,8.7285,4.6366,-2.8765,-0.2715,8.4037,7.7174,2.5655,-3.7268,5.7877,4.4487,9.2062,-8.6825,3.1137,1.0021,-7.2958,5.3548,9.8712,-7.417,7.5749,-6.2634,-3.2453,-0.1172,3.3733,8.1261,8.3384,-8.4932,6.0215,-9.3029,9.2298,3.6332,6.6793,7.0793,-6.0784,2.9853,-2.7854,-1.4651,-9.3003,-1.9508,1.2054,5.1501,-0.1535,9.9426,-9.7844,1.9034,8.7441,0.7114,-0.4085,-8.237,-7.1338,-1.8194,7.32,0.5313,-9.7252,4.9129,-5.238,3.5341,-9.9017,7.9097,-1.7806,7.2583,0.7825,7.8091,2.775,-6.0943,-7.1675,9.6338,-0.5555,7.7597,4.3539,-4.1239,-0.46
4.2416,-9.1814,-3.0229,-2.8186,-7.728,0.2142,-8.5674,-6.9795,-6.5653,8.5477,6.7753,-7.6844,8.6544,-8.8336,3.6772,0.7658,0.3329,6.504,9.2709,-1.3685,3.8154,0.174,-2.575,9.4898,-1.772,7.4394,0.3095,-6.8038,-7.9575,9.4559,-9.3243,3.8172,2.1249,-3.8677,7.3719,8.3303,-7.7117,9.4498,-9.0693,-7.3172,-6.4018,-1.853,1.0511,-9.4627,3.5724,8.8468,-1.9285,-8.3332,-8.3706,4.1026,3.032,5.8734,9.2568,-5.8247,-2.6523,6.8563,-1.6223,6.818,1.2487,1.0519,-7.2708,6.0646,4.9899,-4.5874,3.0616,2.1688,0.93,-7.6412,8.8812,0.0312,-0.3497,-1.5901,-0.4257,2.1117,-2.8718,1.6646,-7.0926,4.6685,-7.4494,7.2637,-3.7252,-5.762,0.2808,8.7215,4.8745,2.5958,5.0042,4.6822,-4.9511,-5.9127,5.7825,-8.821,4.8714,-3.5439,4.7902,-7.5144,2.3748,-3.1393,-1.6406,4.5284,6.043,-0.0483,1.6913,-8.3261,-8.6229,1.2183,-2.1844,-4.0425,3.0592,1.0152,-5.2579,8.5634,-7.4976,3.4966,6.8813,8.8122,-4.6948,-1.9292,-4.898,-9.3518,-4.8405,-0.4167,-3.9623,1.5951,4.8137,2.1468,-9.6848,-9.377,-2.8102,-3.663,-8.9411,7.794,-3.1404,7.8013,5.6789,3.926,-6.2347,3.5368,4.7302,-5.5871,-5.6387,-1.8691,6.7649,-9.3541,6.0583,4.6603,0.2219,4.8094,2.6689,-5.6789,-7.2337,-9.2225,3.7573,-6.7631,-8.7297,-1.1179,-2.0791,-3.4955,5.7784,8.2336,9.5891,7.1559,0.7948,7.8733,-5.4539,-4.0228,-7.7372,-8.4527,-2.963,1.5893,8.4804,-6.226,-9.0199,8.2938,-6.0707,-1.5801,6.3634,-5.9811,-3.3368,9.7246,4.1494,-6.5307,-2.4886,-4.2018,-2.8268,7.9975,-9.6868,-5.752,2.6752,6.8776,4.9374,-7.4365,0.1482,6.1685,-8.8579,6.4813,9.6541,-5.0569,6.8579,9.6511
-4.311,-2.9788,-2.3834,0.4224,7.7696,5.3215,6.7811,-4.3513,-8.1796,-8.0133,1.2643,-4.3927,-4.9945,5.4745,7.9397,3.5359,-1.0071,7.5694,8.3954,7.466,-4.7964,6.0037,4.9473,4.3727,-3.4835,9.6128,-5.8842,-7.7703,3.2819,2.5853,-3.0134,-1.4792,-9.4593,2.9447,7.4284,8.1848,-8.3593,-5.253,-5.1831,1.695,8.7385,-4.5879,6.991,3.3473,3.3601,-1.996,4.5543,5.4249,3.5015,-7.779,2.2958,-0.7552,8.9534,3.7497,3.4983,-7.2925,6.5009,-7.4039,3.6689,-4.0136,-9.3709,5.7549,-1.2928,7.0213,6.819,7.8744,-6.8225,-7.0976,-0.0782,4.5531,-2.1151,-6.1172,0.9436,5.9485,-2.3967,2.515,2.3352,-2.2391,-5.4336,0.1213,-5.3608,-1.689,3.846,7.9746,8.3063,3.3641,7.0364,-5.5462,-7.1659,-3.0875,9.3284,-2.3946,5.535,-8.2957,-8.0037,4.691,-4.9186,9.7978,-1.9332,2.3231,-9.7854,6.5009,3.717,-5.4079,-3.1498,-7.8066,-8.6126,-5.594,-4.6497,6.3055,-1.2034,5.0709,-4.9043,1.9279,-5.6926,-9.1921,-5.696,-0.1414,2.2159,1.5721,2.2605,-2.4073,1.2962,-0.4014,-7.6974,3.3354,7.2531,9.6716,-6.8362,9.8777,-4.7799,-6.6336,2.8926,1.9829,-1.6684,1.9653,-4.501,-8.9419,-9.3185,7.3779,-8.2706,-9.1697,2.2252,-9.2148,-6.8734,9.8749,-9.1977,9.4223,-9.4715,-0.1002,-5.3728,7.1754,3.672,-7.0565,8.0297,-0.1636,-0.1355,-2.5587,5.4586,6.7527,-8.37,-4.0694,-8.4432,-6.6794,-6.7331,-7.5418,-3.9788,-0.7128,-6.8145,6.6847,8.537,-7.3646,-3.5622,-4.9167,-0.3241,9.4206,1.7356,-5.1314,2.775,1.3979,-5.0884,-6.7057,6.7903,-3.6674,6.2755,-9.2371,-9.8835,9.8309,4.1231,9.1031,1.6715,2.6759,7.6848,9.4019,-5.2009,2.6355,-5.2719,2.987,-9.0784,4.3496
-5.7537,3.9638,3.0766,0.2914,2.98,8.4891,-3.3544,1.5815,5.9631,-6.106,2.1984,-9.834,5.0066,-3.1648,-8.13,6.6468,-1.1545,-7.4459,-3.0382,3.1567,1.8443,2.9029,0.3713,3.1485,-5.5473,7.6966,1.3235,5.5378,-2.2674,1.9642,4.6704,6.7003,-3.394,-8.1061,9.5077,-2.0768,-8.3116,8.2773,-8.4807,7.7034,8.822,3.457,8.7558,-3.4285,7.5444,-0.9128,-6.8497,-5.9352,-6.6843,-1.8919,9.0997,-5.1162,-2.4147,9.5038,1.7936,0.7123,-5.1194,5.3596,-5.1183,4.5604,-5.6874,2.8792,-7.1517,1.8714,1.4048,0.1324,-6.2512,1.3877,-7.0501,-7.5391,-1.6431,6.9081,1.2061,-1.5546,-1.8918,4.3033,3.3577,7.7461,-1.6856,2.6956,4.3537,5.2114,-9.2476,1.0283,1.1911,-7.0968,9.5005,-6.079,9.8806,-1.7941,-8.6604,7.4797,-5.357,9.5904,-5.7138,-3.6998,3.6128,8.7333,1.2211,-1.1507,0.6542,-6.9225,9.7438,-9.2116,6.8546,-9.1519,3.0642,7.7688,-4.3567,9.7695,2.2704,7.0056,7.1106,-6.4606,0.8136,7.5354,2.2063,-9.8494,-4.7901,-2.0262,7.4603,2.7235,1.1434,5.6175,6.2168,-2.5799,3.495,-8.7062,6.7864,-4.8873,-3.0354,-4.5043,-1.1908,8.4993,9.9594,9.7529,-9.4017,1.0942,8.1231,-1.6967,-5.0363,-9.0361,5.8842,2.2506,3.8135,4.1347,6.8799,-3.034,-6.7081,8.407,-3.2727,8.7945,-6.8551,-3.3706,-9.7997,7.5274,-2.7754,-0.7377,8.1772,5.8098,-6.1143,-9.2503,-8.3371,6.2481,4.8403,5.0621,-0.9563,2.2131,-8.9012,6.4216,1.1402,-3.9944,7.567,-0.4033,6.877,-2.7618,1.5297,-7.8536,-1.2482,1.5114,5.2786,2.5846,-4.7018,-4.3953,6.8046,9.5962,-3.2576,6.6704,-5.1819,5.6783,0.3686,4.093,1.0287,-2.2968,8.1311,5.8719,5.5101,7.9358,8.0797,-3.8386
-7.3717,-6.2409,7.9019,-5.9385,-8.434,-7.5671,0.2701,-2.5877,7.4265,6.1373,-2.6749,-8.4103,-1.3658,-6.0545,-9.7213,-8.0744,3.8237,-9.6201,-9.3641,3.988,4.8062,7.3842,-6.4759,-4.9566,-5.8032,7.4922,-4.26,-3.1963,8.9916,6.4104,-5.1023,9.9649,-2.4756,-1.7745,-9.7009,4.303,4.7853,2.8151,5.5368,6.0879,8.1364,5.882,9.1995,-4.1842,-3.3418,2.105,9.8912,7.2643,-7.0387,6.6329,8.5248,-9.2002,-5.6848,5.1746,-9.7788,-4.2666,-1.8947,9.6227,6.6189,9.105,-9.0813,2.2538,-8.4318,3.0372,-9.0697,4.7881,6.0361,-5.8796,9.1624,3.5911,-4.416,5.2225,1.914,-1.973,6.7139,5.8606,-7.4037,1.1927,5.5914,-9.1805,2.5287,5.9521,-5.5293,9.9935,-6.2313,6.3747,-1.5444,-5.5479,9.6496,-3.3349,7.18,0.6061,3.5283,1.7042,-2.1126,0.3414,-7.7553,-2.7293,9.1189,1.3546,1.267,-2.7222,7.1193,5.9358,8.0347,-6.2047,6.6193,1.903,-2.8816,3.1209,-9.3195,8.6814,-4.8952,-6.1906,4.0032,5.8816,5.1559,3.713,8.6325,8.7023,-7.2282,-6.5379,-5.3276,9.0367,8.1539,-1.2683,-9.0654,-5.6086,8.2801,8.9349,4.2777,0.2174,4.54,-2.0992,0.6803,4.7209,1.9882,-5.0947,-6.3882,3.8451,-1.9104,-9.8345,5.6359,-9.4025,9.256,0.728,-1.9351,-5.3892,9.727,-3.2452,-4.9783,-4.4608,9.1826,-4.517,5.0472,-1.0693,8.7389,-5.4093,-6.3811,3.1273,8.8994,-1.8421,9.4241,-1.8605,6.0528,6.6462,-2.733,-8.8373,5.8529,6.1085,2.2715,-8.8017,4.3786,-6.4329,3.7147,-6.9615,-1.5206,-9.4941,8.764,4.9388,-4.8463,-3.441,7.0099,9.2735,8.6224,-0.3807,-3.2653,2.5221,-1.0307,1.4173,8.4342,-3.4056,9.9763,-1.5019,-9.3868,-1.7019,-1.7038,-4.3057,7.9956,3.6364
-3.2445,-0.2827,-8.753,7.4967,-3.6655,-0.192,-5.8985,-4.6489,1.3483,-9.2673,-5.284,-4.8123,5.1488,6.2057,-6.7051,-8.2838,-0.8048,-7.1118,3.9082,8.9081,4.9885,-0.6002,2.0267,5.5796,9.0,7.2673,1.3604,-1.539,9.6502,-5.9441,-3.8741,5.4037,1.1934,6.0088,3.9704,-5.6839,6.7952,-0.374,7.9437,-5.0136,1.1231,-6.5373,-2.0706,-4.0485,-3.8175,-9.2403,8.6078,4.6885,-5.5877,-4.7216,1.319,6.6928,-0.6097,0.3525,-5.1292,-8.8333,9.7312,-0.9534,1.6515,2.5014,-0.1178,-4.528,5.7722,-4.5795,-9.3084,6.5621,9.4427,-9.6349,0.6793,0.1621,3.9658,3.965,0.9822,5.3552,-8.4311,-4.8575,2.9665,1.3237,-2.0121,-0.2887,-2.9144,4.4317,-3.6461,7.3933,-7.2307,3.0286,9.9396,-9.8649,4.5923,2.7652,-1.6477,-1.2067,-5.2776,9.6744,8.8717,-4.233,1.0128,2.1343,2.8454,0.9565,5.7489,-4.965,9.4556,5.2282,-0.0501,-3.0875,-8.4806,4.9789,-1.6738,9.3386,-9.8507,-7.2166,3.2076,-6.4332,9.9325,5.3002,9.7462,0.7623,-3.3436,1.7674,-1.2898,3.0708,0.7944,9.1341,2.4401,0.4708,-0.7803,9.691,-0.5741,-3.6654,-6.5893,-1.6575,-2.9685,-2.2231,-5.1011,-6.6433,-6.724,7.2576,9.9871,-9.1616,3.7153,-6.3461,1.482,3.3919,9.5798,-7.9304,1.5771,-5.7746,6.7152,-0.8539,5.8326,5.7717,-7.392,9.6671,-7.9678,2.9278,8.4381,2.2889,9.7837,-1.3027,5.789,-8.3277,4.4536,3.8912,1.9066,-1.1095,-3.0631,9.0128,5.6737,9.8544,2.1586,6.1344,4.0111,8.3677,3.2521,5.2487,-2.5689,6.7143,-0.6108,-0.716,-6.9986,-7.0933,8.0063,-5.0708,-9.0793,5.5958,6.3223,9.167,4.3021,7.0239,-7.7466,4.0197,2.2476,-8.0292,-2.01,-0.7632,-3.6582,6.4803,-5.6785,-8.6362
7.4704,-8.2573,-0.7887,-5.4031,-6.5435,-2.1965,-1.93,-5.6364,6.2139,-9.9402,-1.614,7.9384,3.6806,-0.7953,-6.1265,-4.7309,-9.6517,8.1682,8.5373,-5.3567,-8.9303,-0.5062,-3.7883,0.6953,-8.1599,-5.3142,2.587,6.5143,-6.2707,7.7274,-7.4562,-3.3833,-4.4127,-6.4221,2.0165,-1.4984,-9.3128,5.5087,4.0183,-0.0872,2.931,-8.204,-9.0435,3.4583,-6.4573,-1.0109,-9.8568,-1.9478,7.5349,-6.9603,-7.4018,-1.5536,-1.9081,9.8553,9.9229,7.662,2.6273,-7.6489,-9.9154,4.4376,4.3212,9.293,-3.6087,-8.7725,-5.6759,5.2908,-7.8128,4.0822,-2.4134,-6.6897,-2.1458,2.5698,-5.8142,-7.9981,-1.2498,-8.8539,-6.2608,7.1179,-4.6247,-2.6059,8.5823,-4.409,-7.7169,6.7233,-1.787,2.5273,4.9105,-1.332,-2.1186,-8.336,-6.9584,1.443,-3.3641,-5.3373,-0.7505,-5.1294,-6.5374,2.724,4.5027,-0.1143,-6.5707,-8.3087,2.8143,-0.8373,1.4908,-4.3331,-6.5886,-4.9178,2.1815,-6.4876,6.5236,3.1902,-0.6209,-1.4076,9.4245,4.968,-3.3987,3.3866,8.1407,-4.9806,7.7535,-4.145,-4.2239,-2.2738,-4.8277,-9.9123,-7.6108,8.5506,2.0739,-8.0804,-2.7007,1.7203,7.1517,-1.9079,2.6079,4.9405,1.9341,1.9681,-9.4857,-0.9285,4.4142,0.813,-5.7217,-5.7234,-9.3381,0.5926,-5.4842,2.7666,-1.4485,2.0685,-5.1877,-7.4008,2.8144,-4.8009,2.3177,3.8477,-7.0265,6.3088,4.2222,5.9978,-5.2345,-1.6961,8.3129,-1.5854,7.8198,-1.8485,5.3917,1.7505,5.9333,7.0443,-1.3164,9.8648,1.8617,9.5382,3.8599,-1.9012,9.467,-3.7572,9.8206,-7.7579,1.6361,4.2901,-5.4743,9.5986,-9.284,-2.4288,-5.7028,-6.5902,-1.2924,-9.957,-9.763,-9.9748,-0.8256,7.4515,-4.8581,9.3543,-4.9855,-6.4603,2.5369,2.2206
-4.568,-3.6671,6.7784,-0.1303,4.9305,3.1584,-3.4281,6.5048,1.5041,9.9439,-1.1487,7.6572,-3.8009,-6.4278,7.0874,9.9157,8.8295,-2.9166,0.6777,-3.1151,-1.1434,-8.3339,-8.5178,4.2267,-1.1808,8.3101,-5.0524,1.0019,2.4561,8.4532,-9.1326,3.8026,-6.4172,4.0746,-5.5625,2.3518,-9.2941,-4.8821,6.0473,-8.8243,-9.8282,-3.0565,-8.3653,-6.1674,-1.5617,4.3686,-1.8418,-4.7465,-2.2772,-8.923,7.507,-8.776,2.729,9.6873,-9.3707,-0.0162,-0.7137,3.0707,2.5921,5.2343,-1.4362,-2.4167,-1.4161,4.451,-9.1933,4.4764,-6.3762,8.8693,2.4754,8.5885,5.4744,2.0438,-3.5543,0.4522,-7.743,-7.9884,7.7261,2.8616,-0.8759,5.6074,4.5692,4.6402,-6.6942,-4.3184,-3.9989,-9.5831,6.6742,0.4403,-3.8405,-9.0738,-1.1817,4.8113,-9.0156,7.8429,-1.4357,6.8971,-5.3278,6.9116,-7.1674,4.7845,-4.0461,8.5714,5.9028,-8.0146,4.1054,-4.0229,5.1989,7.5441,-3.6369,9.0294,5.3774,-0.4115,8.4087,-8.8817,-9.9282,-1.8512,-5.2187,-7.4348,4.485,-6.9631,3.4893,-6.2651,3.6812,2.0767,-7.2391,5.1164,0.2891,-3.5025,-2.0129,1.7873,-3.0589,-7.5567,3.8107,-1.8632,7.5851,-3.6055,-0.0363,9.652,2.0859,3.0463,-8.7551,1.9906,-4.9821,3.0115,1.6585,4.5541,-3.4068,-3.3495,6.9259,5.3686,-1.2958,-2.2643,-2.057,5.961,-3.2991,7.6077,1.6295,8.0616,1.6484,6.5991,-1.7096,0.4295,9.091,-6.6317,-8.4446,-6.7535,-6.7344,-4.2392,-8.9439,-6.4152,-9.8821,7.7917,-9.0035,5.2115,7.8817,-9.4769,1.4357,-5.643,0.7742,-4.8768,9.5549,-2.6662,6.7745,-3.7961,-7.3935,-8.1237,2.5797,4.0953,5.4756,-9.7891,-8.9868,8.8145,-3.3092,9.0245,8.8102,6.5888,1.2904,4.5972,-0.482,-5.3233
8.0472,-1.3638,8.2539,-3.1277,1.2583,-5.3131,-7.1026,-1.4568,8.4512,9.9147,-0.4948,6.2729,3.1063,9.9818,0.4351,-8.0651,2.3952,6.5083,6.7197,-5.332,-4.7472,-0.3067,4.9866,3.5435,-4.2485,-5.6948,3.882,-4.8302,9.7087,-4.769,-2.7835,-3.9694,8.6534,9.9772,-5.9946,8.7489,6.3565,-1.2842,2.9222,-5.4175,-9.8384,4.3878,4.0863,0.1454,7.1182,-0.6148,5.3682,-7.4201,-0.9814,-5.8622,-0.6508,7.5865,8.4974,-8.2979,5.0332,-5.5881,-4.1704,-3.3529,-2.9933,1.4482,8.5691,-0.2385,4.199,9.5516,3.8143,-4.9203,7.5363,3.4283,8.2174,-5.7823,0.5957,-4.4981,3.67,-1.3181,-1.3754,5.2078,3.1359,8.6981,0.0939,0.6589,-0.2238,0.1537,-2.9623,-1.7677,-6.9908,3.0497,0.7363,2.3687,-8.7746,3.4901,5.6632,-5.7574,9.277,-5.7602,-7.0624,-6.8883,9.8648,-8.9137,-8.9332,-7.5541,-1.5859,-4.6851,-0.8332,8.1501,-6.7067,9.2487,3.261,-2.1392,-9.4704,7.9378,-0.404,-3.723,3.2964,-3.721,1.2867,-7.8997,-4.7197,-4.0543,-8.3168,2.9716,-9.0261,-9.4635,-1.8145,-3.0337,-6.8928,-9.6516,-1.2071,-7.6524,-3.2794,-2.555,9.7832,9.3316,-7.0768,-6.5534,7.4003,1.8568,-6.1974,-3.502,-0.518,2.5691,-5.031,8.1078,-0.4453,0.9601,4.2231,4.4076,0.8176,-6.7182,0.9804,-7.9079,4.9637,8.7701,6.2147,-4.4582,-8.4593,7.1327,-7.7518,-4.75,1.2483,3.8167,-1.126,-4.8217,2.7698,7.67,0.7008,9.9969,-4.4213,7.0198,-5.159,-5.0852,-2.5473,7.012,7.4009,-3.3064,-3.2801,7.725,-7.9728,5.4279,-6.1641,1.2221,-6.2307,4.2446,9.3156,-2.2209,-1.954,-0.3715,-0.8166,-3.6206,2.4292,-5.2322,-2.3479,4.7832,-6.2286,-4.3962,-0.4691,-2.8365,7.3887,-4.4056,2.5358,7.5246
