-4.8891,6.0648,-6.7242,0.5848,3.2093,0.4171,-5.2151,1.6586,-0.6301,6.5424,3.145,3.7287,4.6536,-0.7966,1.2702,-7.789,-9.3003,0.8325,1.7472,8.9994,-0.8533,5.6405,9.5601,2.8111,0.7179,3.1014,-9.5767,-2.3488,-9.1643,-5.9641,-6.0206,7.5862,8.0622,-4.0613,0.9058,8.0864,1.4555,-3.6168,-1.2122,0.684,3.8837,-2.6579,-1.2045,4.7839,-8.1868,9.7485,8.332,1.9578,-2.8381,7.6953,-2.6689,3.5345,-4.2787,-3.4033,2.0337,-7.5646,9.8041,6.2037,-2.764,1.1943,-2.2154,-9.3918,0.8329,-8.4915,1.7988,3.7841,9.1272,-3.0755,-9.5347,-2.7831,7.9589,-8.4103,-5.8505,-3.7139,-2.6538,5.8455,-8.72,-5.3315,6.128,3.4449,3.2738,-3.4971,5.2892,9.5656,-9.5052,-2.4997,2.1726,-8.7647,-1.3393,7.5136,-7.95,-3.9846,-7.2233,2.8083,-0.2635,9.2773,-9.3682,-1.4978,3.7297,5.6962,-5.2767,9.3312,8.378,9.7377,6.6165,-5.0372,2.2896,7.1532,9.0288,9.9936,-5.4562,-5.0941,-7.3106,-7.2384,5.5561,-5.3094,-7.1584,-8.9747,0.5687,2.4604,4.148,0.6512,-7.4341,3.3275,-0.1548,7.7451,-4.5335,5.357,-5.3009,7.2804,-3.0023,-9.611,3.5674,0.6029,-0.7721,-5.6497,-3.1294,9.7599,8.7922,7.1241,-0.2631,1.2085,-0.8637,5.6622,-3.3269,2.3723,8.3056,1.9138,-7.9806,3.8396,3.8292,2.1342,7.9684,7.0426,-5.1281,-3.8194,-9.3061,3.1381,-3.7364,5.8088,-2.0173,-4.9672,5.7076,-7.6773,3.9192,7.2262,0.637,-6.3605,-4.4561,-5.78,3.907,3.8584,6.8731,1.2949,6.5662,7.5335,4.8152,1.4651,3.0925,-0.5862,-2.3687,6.4605,-2.108,-1.4656,3.3252,7.7968,9.5931,8.6153,-5.7347,-7.0746,2.3052,8.7679,-3.4204,-3.4622,-6.8659,-6.0116,7.8558,8.1515,7.8485,-9.7294
-9.2575,0.6942,-6.9656,4.0218,-9.8913,6.08,4.512,2.2879,6.3467,-0.0457,9.2828,2.9223,-4.9686,1.1755,-3.9877,1.1122,9.6719,3.168,9.443,-5.4841,9.57,7.7543,-2.4759,5.2926,0.5279,1.5333,3.254,-8.0486,-1.2069,-7.3444,-0.7298,5.1554,0.304,2.0082,4.5923,-1.5271,7.3408,8.8946,1.9099,0.4531,8.2567,-1.7356,-3.6648,-2.6406,-7.9352,-5.3606,-7.4499,7.0217,-1.605,5.0495,4.4697,4.8991,-3.6596,-1.5716,-5.3045,-5.6181,-4.4211,6.9066,-2.5185,-2.9485,9.5799,9.1821,-4.7876,6.4897,-4.7834,-8.4821,-5.6924,8.5991,8.2902,7.2713,-1.5451,2.6066,4.1289,9.967,-3.9129,6.1249,6.2763,-5.2431,1.2311,3.0665,0.774,3.1879,-3.789,6.214,5.976,6.645,8.4617,-5.4798,-7.7847,-2.4488,5.7546,-6.6872,-9.5711,8.0459,-5.6011,4.2294,9.6141,-3.9384,7.2462,7.7528,1.6809,5.6932,3.9414,-0.6744,4.0042,-6.8048,6.8755,-3.4631,6.6479,9.4683,7.6938,0.2134,-9.3511,0.801,-2.1469,-6.4195,8.9669,-0.972,-1.23,4.692,-8.0158,-5.9191,-9.3935,5.8743,0.7399,1.0701,-6.0979,4.396,-3.2613,-9.8102,-9.695,4.781,3.5995,-7.2894,9.4853,0.0175,8.8655,-9.4164,-4.3559,-8.5178,8.7566,1.5379,-4.1413,-4.4608,-2.8688,9.0391,8.6771,0.5953,1.9569,-0.7811,-3.5315,-4.2779,3.852,-5.3415,4.9168,0.5006,9.8886,6.7298,6.5334,-6.7911,6.9794,-7.1052,6.0079,-1.725,-9.2034,-0.3666,-4.8784,-4.3776,5.789,9.4916,5.5499,0.4144,8.6338,1.9663,2.7813,-9.6795,-9.0248,-4.7587,6.6355,-1.9209,8.2561,8.6209,5.3681,3.0922,2.2523,3.3529,3.7315,4.6224,4.05,-0.3178,9.8656,-9.6129,-0.6034,1.4914,-8.5317,-8.2706,-2.083,-0.2512,-9.4795,7.8923
-4.419,7.7705,7.7211,2.5693,3.2188,2.3997,6.6973,9.586,4.2482,-0.294,1.4649,5.3359,5.1216,-3.9383,-4.9446,-3.1765,0.2622,-1.6551,-2.5089,0.5494,5.613,-4.7536,-2.8013,-3.7693,-6.6272,2.0419,-6.8002,-8.9978,-3.8432,-6.2143,4.9039,-7.6892,8.6068,-9.903,9.4905,3.1985,-6.2497,-5.0639,-8.9149,9.1411,-7.6586,1.8528,-6.7619,-7.4477,-2.4891,-3.7932,-2.4162,0.7239,-7.0778,1.7391,0.3086,6.4906,1.005,4.8208,-7.3839,7.2994,-6.5273,-6.9375,-8.705,5.8254,-2.2582,-5.876,1.6734,-2.0448,-8.7511,4.7356,-5.3003,9.3049,-7.7723,7.6923,0.7828,1.2573,2.5843,-4.4079,-5.1167,-7.5466,7.4592,-8.0802,6.5775,-0.2999,-1.5551,-2.9925,5.6315,5.1831,-8.4769,9.9238,5.7835,8.1927,0.5953,4.4353,9.1421,-0.7506,-7.2575,8.5026,-7.0505,0.4559,-1.8199,8.665,9.002,0.0416,8.9016,-7.918,-5.2034,-6.0897,-9.0926,8.9158,1.7244,-6.3477,9.5686,-9.6474,3.1897,-7.8426,-5.9771,9.9579,-0.4413,2.6439,-2.7206,9.9604,0.8936,4.7524,6.693,3.9178,3.2944,5.0396,-4.8781,2.7822,5.892,0.7499,-2.588,-6.0215,6.4766,7.3838,0.7936,5.7004,-4.8761,1.8024,0.6001,-6.3827,7.6837,8.7429,-3.1308,-8.7019,-2.0938,-0.7652,2.9485,1.6907,-4.7724,0.4,-8.2349,-6.0961,-1.6674,-8.2368,5.8987,1.7817,8.5264,-0.2767,0.2875,0.9715,-2.5762,-4.4404,6.6799,7.2261,1.9381,-7.0394,2.3508,5.0802,-3.1399,9.3735,-6.5427,5.3347,1.8524,-7.1427,7.0069,-8.6532,9.0777,5.9986,-2.0664,1.7166,-0.1216,2.1077,4.4581,2.0722,3.0804,6.5038,-1.671,8.8333,4.9172,7.4564,4.8671,8.5517,-4.8972,-9.7652,1.211,9.5836,-0.9772,-1.5874,2.6881,4.3154,-5.8817,-8.3712
3.4292,-2.6992,-4.0919,-4.7686,7.4323,-7.3835,6.0271,9.9541,-9.3075,-6.5688,-7.8831,-8.2657,-4.5261,6.4716,-3.4732,-9.8713,7.376,5.5931,-4.3335,8.9833,6.6485,7.2862,-3.8906,5.2514,6.3062,-7.0731,-9.5996,2.9168,-7.5284,2.3299,5.5864,-9.0234,-9.282,-5.9823,-0.9185,0.9403,3.8746,6.2526,5.7125,3.0311,-0.2057,-7.3457,4.1255,-1.6624,5.8981,1.4473,-0.5756,-3.2941,-2.1212,7.5154,-0.5095,-5.3889,-3.8798,-5.922,-9.9417,-9.0443,0.6875,8.2661,0.1345,4.3991,8.5299,-3.4227,-7.7834,1.7338,-6.9051,-2.5613,-0.9977,-2.0982,9.7049,-4.1666,2.6662,-6.0119,3.3544,-3.2147,0.6196,-1.7676,9.4226,-7.9294,2.4847,-8.6445,2.0,-7.0649,4.4959,-9.1469,5.9421,-0.7368,7.0875,-4.8966,5.8408,-0.2225,-1.639,-5.3824,4.8121,-9.4516,-2.506,1.1682,8.835,5.9315,1.4427,-5.0682,-9.4878,7.7494,5.3816,2.0239,-7.4858,8.2161,2.2444,6.3289,7.0254,1.3801,3.2373,6.0306,1.2711,4.7483,-8.3759,9.327,7.4595,-1.6204,-3.0075,8.4688,0.0847,9.2543,7.8893,-0.7844,-6.7315,1.1867,-7.4126,-2.8574,0.9472,5.367,-6.9885,-6.6979,6.8479,5.4721,4.5118,0.2007,8.1284,6.3282,4.7696,4.2489,-1.8559,1.5921,8.5089,-5.0127,1.8574,2.1442,4.2049,3.9825,-0.576,9.4631,-5.0215,-4.2278,6.1337,-1.4133,4.5365,-5.487,0.5275,-6.7146,-2.7769,-4.0302,-2.4144,-9.2221,-3.4792,-9.9554,3.3925,-4.9009,1.8785,-5.0604,7.1629,2.3332,-3.0755,-3.8332,9.9708,-2.4713,-9.7689,-9.0658,-8.5761,-1.1491,-7.0543,-5.9904,-3.331,2.3167,-6.2173,-1.9842,-5.1542,-2.7994,-5.011,-3.8337,0.1492,3.8354,3.3701,-5.9337,-5.261,-2.3383,6.0033,0.2035,4.6844,-1.1658,5.6411,-3.8956
-4.6604,-0.5399,-7.9104,-5.0082,-4.3319,-0.2985,3.1136,-0.8934,2.2416,-1.3732,-7.7352,2.5069,-6.309,-3.418,-7.4913,7.2365,2.2933,-8.5634,-3.7254,3.8702,-1.0109,1.9526,4.9134,4.0344,-8.1463,0.866,-0.1674,1.5201,-5.1766,2.3449,3.9331,-8.6636,6.9531,0.1291,0.9761,-8.9749,-9.1951,-1.5758,8.4082,4.1819,5.8653,-2.6137,-4.68,3.7493,-0.0531,0.1513,4.2239,2.2098,-5.9985,-5.6123,2.5638,-3.5308,2.0788,-5.1831,-8.7575,5.1652,-9.6742,-5.9117,-7.0488,-8.9303,6.0985,-0.3207,1.2232,7.2518,-3.1253,-6.4286,-5.2066,1.5333,1.2642,-1.4896,3.6201,3.6459,-3.3066,-7.311,-4.5862,-0.5138,9.0939,-3.0065,-6.6906,-3.2786,7.5359,4.1752,8.6609,-8.9567,-5.0981,7.9459,-5.1247,-5.9593,-3.0738,8.2244,1.9322,3.9002,-9.1337,8.4549,2.8299,8.7236,9.5374,9.6774,-6.32,-8.2331,9.7227,-3.5514,-4.8575,-7.7475,4.3567,9.7986,2.6443,-1.459,-1.735,-5.4907,9.8727,7.4243,-5.5294,-6.5748,-5.4217,9.9939,9.063,-2.3493,-5.938,0.0966,-0.7306,2.6624,7.5764,-0.4179,2.0828,9.5106,-7.0079,-2.2969,-2.4868,8.9197,-9.355,0.8102,-8.8579,-7.3476,-6.6805,-1.3828,0.2379,-4.4129,-4.5922,9.1186,3.3681,9.8173,-7.2409,9.5799,3.0412,6.8341,9.4567,-5.5459,1.5123,1.6338,-0.5178,-5.8669,-0.7587,-0.126,-4.3181,-7.7049,7.1182,-7.1006,-3.0644,-1.6671,-5.672,-7.7902,4.2057,9.1337,-4.1997,1.2561,4.7217,9.7829,-4.0594,-8.3967,2.4463,-0.7795,6.2227,9.0788,7.4362,1.5261,-9.7834,-1.916,0.6768,7.5042,0.0931,-3.427,-8.2498,0.4799,-6.4483,5.1488,6.149,0.1629,-4.9556,6.6261,-1.9827,1.8424,8.9021,-5.1351,1.782,-1.0441,-2.7855,9.3904,7.3465,-4.1584
0.3783,7.0147,-7.5741,8.9981,9.6295,-6.6199,0.0626,6.1766,-7.1258,7.0061,6.1479,4.3585,-3.3586,3.1582,1.9089,-9.2187,7.5566,-8.324,-7.746,-0.3543,0.9845,-2.8153,-1.9605,-6.2004,4.8211,-3.0167,9.7331,-1.7007,5.9943,-5.5893,-4.3206,-1.4788,5.3633,9.545,-3.7231,-9.8041,-3.2548,4.9863,4.5617,2.9014,-5.6669,-1.8454,-8.7863,-8.9299,2.02,-1.6308,-5.2764,3.9325,3.976,3.189,1.4692,5.8115,6.6005,-5.4743,1.9743,4.719,-9.9326,8.9189,-2.4306,-5.0389,0.2901,2.2619,2.0247,6.3171,6.7696,-5.9945,-9.9417,7.3276,6.2568,-9.4015,-2.7286,8.5104,-7.2344,-9.3962,-5.1936,2.6646,-9.8433,-9.5766,2.8251,-5.6366,-9.8718,-9.2373,8.1883,5.4461,-5.2163,-9.1901,-1.9934,-2.6537,-6.6912,-2.056,-3.7146,3.8242,-0.4348,2.5984,-8.6478,9.14,-5.6355,-0.9406,5.8112,-3.4244,-9.9293,1.3206,-3.8979,5.193,1.3076,6.8103,6.8936,-4.2356,-7.3685,-8.571,-1.3347,-8.8812,9.9603,-3.2,-7.3925,0.2448,7.8953,6.2589,-7.2452,3.3909,9.3651,-0.0882,9.4768,-8.083,-6.4168,-0.6392,8.2105,-3.0867,7.1484,-3.6559,4.5518,8.4118,-9.2281,-3.0122,7.2633,5.6517,-8.6039,3.1476,9.2101,-0.8384,-2.2762,6.4185,4.3395,-9.7263,6.8726,-1.1212,7.2881,7.1458,-7.5795,-9.6815,-4.0602,-3.0444,3.5685,2.7484,5.5924,-3.6898,-3.4331,-8.35,-7.7001,-2.6401,-8.1607,-8.1281,-5.0243,-6.1107,-4.2095,-8.0104,-8.5041,8.226,1.9256,-3.1679,-7.3427,-2.2716,6.6421,9.4884,8.4395,1.1728,-7.322,-9.2052,-4.7975,-9.9508,-2.4731,-5.0527,9.7282,4.1511,-9.4454,7.8885,-1.7508,-0.4131,-9.7975,-4.5923,1.6558,1.8441,7.8207,-8.098,-0.5456,7.4541,-2.9614,6.1741,-7.194,-7.9902
-9.7399,-3.4246,-5.8557,8.1481,-5.4572,4.9882,3.2204,9.647,5.8251,4.2466,8.8618,3.2644,3.4997,4.7816,-1.136,-4.9164,8.2961,-7.0381,9.2579,2.011,-2.7454,8.1119,7.5611,9.8174,-3.9566,2.5156,5.3098,7.8989,-3.0982,-8.0941,4.0687,9.1786,-4.5182,6.8578,7.9577,6.6336,-9.4379,-0.3164,9.2486,5.4626,-6.6597,4.9453,-1.9615,-3.9239,0.7627,-9.5408,1.7216,-6.9523,-0.8015,2.0108,-1.4625,2.389,-9.8059,9.0354,5.1802,-2.5398,-3.2461,-2.0924,-6.6431,1.8344,-3.3524,0.7536,-7.2767,7.3596,3.353,-9.5698,-8.2956,-1.5421,-7.4727,8.5503,-4.9397,-2.7799,-8.457,0.0187,-9.4489,2.9011,9.8857,-6.5847,-3.8345,5.2889,2.8616,-7.0824,-8.4044,-3.4369,-4.5869,-3.1693,5.8806,9.0632,7.6993,-2.252,-5.9336,2.1102,-1.7702,-7.7184,7.8713,-4.7831,-2.4609,7.6191,-8.2597,9.9547,-4.5229,-4.4363,4.6138,1.1968,4.9124,8.9702,-4.2144,7.845,-6.3321,-9.5721,2.4238,-9.3287,-7.6523,5.2751,6.7193,1.9862,8.6414,-7.4259,9.6816,0.5221,3.2701,3.8991,-3.1808,-8.6371,-1.3112,-4.4146,9.3263,-7.9094,7.4711,-6.5464,8.0333,-3.6453,2.8655,-6.2403,2.8994,-4.4107,8.8767,-1.8609,-7.0933,0.6527,4.5703,-1.7896,-3.7117,-5.2736,2.4194,-1.7665,-5.6414,-3.5422,8.9296,-6.8007,-4.7985,5.0608,-9.0189,3.4293,7.3258,3.072,-4.3747,5.6193,4.3312,-1.7387,9.1648,8.5876,-6.2232,5.2862,4.4656,-5.9218,-8.5381,-4.07,-7.3423,9.7853,-4.9615,5.8572,1.6401,1.9893,-1.3115,-4.7938,-1.8839,-5.8379,3.7505,2.354,-0.1951,-9.8278,4.1114,-5.058,1.1044,-2.7879,-6.0706,-1.4606,-0.8301,-3.8678,5.337,-5.9367,-7.8811,9.8517,-3.0741,8.4749,-5.6177,3.3256,-1.1686,7.7158
3.9439,-1.6736,-0.7211,-1.2899,9.6688,-8.7519,7.9667,-6.1306,6.0513,1.6133,9.5361,-4.552,-3.0025,3.1745,-4.6691,7.1054,9.0955,0.1827,2.7116,8.3589,-7.8377,5.5463,7.0652,-1.1502,-6.674,3.6521,5.0092,4.9711,-4.3333,-4.2458,-4.6658,-2.7134,-7.3636,-9.5597,8.6629,7.1459,-3.9997,9.2633,3.0934,-4.7467,-6.7323,3.744,-2.1189,-2.5187,-7.9897,7.7339,2.925,2.6403,-6.0289,-6.3145,-1.8961,-1.2045,-9.4775,-5.0904,7.5178,-7.7479,9.2767,3.5451,3.1966,6.025,2.2496,5.5877,-8.5578,-8.3715,-2.3099,-7.9922,-7.6334,-2.4676,-0.524,-9.6915,-4.4674,-0.6521,-6.2308,6.7178,2.2835,-2.413,3.4619,2.5862,5.0043,5.1127,0.3384,-9.8858,2.7484,1.2425,6.138,-4.1138,-7.8099,5.7449,4.0361,5.315,-1.0227,-1.5694,-5.1262,-4.4798,-4.5658,1.0264,9.5244,-9.7931,-9.2597,0.0465,6.5101,-6.0081,1.0528,5.8004,-0.8627,-0.8556,-0.8133,-5.6225,-9.7705,-5.9888,4.7761,-6.8919,-4.1868,-9.7081,-9.3447,-9.841,5.0366,4.08,-5.9362,-8.0141,8.5165,-6.2571,5.2955,-8.8636,-0.0819,-5.7686,-7.9753,-4.8196,7.0506,-0.05,5.6361,9.745,7.7082,-2.1961,-2.5591,6.9662,-1.9629,-9.4694,8.0437,1.3508,-7.693,4.5218,-2.8119,2.6056,-2.0308,2.2321,0.2043,-0.9068,1.4252,9.3026,-8.8891,0.0345,2.9495,2.2154,8.0133,9.0393,-9.1471,-9.3839,5.9821,-5.5712,-2.3365,-1.9633,-9.8566,-8.5695,-5.4315,-8.5122,5.2026,4.4431,4.2228,-0.2351,3.5479,-2.3802,1.636,-7.0065,-4.7974,4.9528,-7.6657,-7.9447,4.0172,-8.7676,-9.6147,8.9245,7.2069,6.3692,-9.6831,-3.1912,-9.0591,7.6806,8.1786,-9.7438,-8.7425,-7.6628,-5.5363,-9.3887,9.3919,-0.856,2.5724,-1.5899,0.1204,-6.8139
4.049,-5.0607,-6.2214,-0.567,8.7093,-3.2959,-9.5219,7.7653,1.5708,-6.9429,-5.9396,2.6164,-8.5321,-6.0059,3.7343,-5.3327,-0.6952,6.5885,-1.6111,-9.4608,1.4416,-9.2357,-5.2278,9.8534,-8.6976,1.2819,7.9947,1.4404,-0.8024,9.19,3.5919,-9.2215,6.5176,5.9095,0.5537,8.4447,-8.6741,2.5007,5.0159,-8.9929,-3.2338,-8.4811,3.0911,2.3494,-1.1763,1.4368,-0.804,2.7658,3.2834,9.0183,-3.8925,1.0141,7.3567,5.1554,-4.4298,-5.9694,3.9682,2.6376,1.6081,-7.1109,-0.3201,-3.2126,7.9189,6.3202,-0.6805,-3.7564,-9.1395,-4.8925,8.5814,3.2723,4.0137,2.5668,-9.3067,6.7184,5.8196,-8.8549,-8.6977,9.0686,0.8104,3.4024,0.5746,0.8882,8.5556,2.0833,9.9458,-7.3566,1.6841,-6.9377,-0.0356,-9.3955,4.6683,5.9443,2.534,6.983,0.6954,3.2386,-0.6275,-8.3387,-8.4786,-2.6144,-4.6336,-2.6652,-6.5552,-4.829,-2.3942,-7.1618,-3.4813,8.2089,7.7424,-5.941,7.76,3.301,0.8445,-0.9306,-7.6584,-1.4308,5.1925,3.4361,-7.4279,2.2712,2.2884,8.6598,2.7791,2.2599,2.5024,8.0711,-5.4187,7.7043,-7.8306,-1.0022,-3.3587,-9.1827,-8.7639,-9.142,6.2959,-9.361,9.1068,8.0014,6.6804,4.1153,8.4886,-1.7492,-2.2861,-5.6719,8.5534,3.1579,5.862,-7.7445,5.7583,3.2914,-4.121,8.8217,9.0845,4.2419,-1.3464,4.0448,-1.772,6.0744,-9.608,-0.3953,0.9787,3.5959,-0.4694,-3.3239,0.2485,-0.3443,-0.5414,5.8342,-5.5371,-3.1679,4.6986,-8.3853,-7.2322,-4.5935,9.1622,-0.7979,4.6731,7.1768,-2.7727,-5.6532,-8.4625,-8.422,-8.3124,2.8789,9.0552,-7.7201,0.7175,-8.3216,5.0735,5.3668,0.8204,6.553,9.2406,2.8224,7.1122,-7.4314,1.9677,9.9474,1.6728,-0.58
2.1524,-1.0584,-2.121,6.7428,2.6507,-3.0253,9.4004,-9.162,-9.6045,-1.2432,8.9333,-5.0593,4.8128,-5.6386,-8.6995,7.0489,0.4732,5.2266,-9.3759,-1.3742,5.6029,1.036,2.924,-6.4692,2.192,6.5213,1.1997,3.7732,-8.266,0.9817,2.1017,5.9078,0.3671,4.3501,-9.5842,0.5204,-3.3824,-5.4499,-0.9879,-6.66,-3.2711,1.0621,-3.5446,0.7076,-1.1022,-1.9784,-8.461,-7.2889,-0.0786,-9.2504,-8.9412,-1.5671,-7.5699,3.6198,-8.1009,5.1648,-9.8014,6.2056,-6.4571,-2.5822,-1.6739,-9.1323,3.4459,-4.7731,8.8632,2.6278,-3.8368,-3.7226,7.8106,-0.7721,-3.0952,-0.8086,2.7872,-7.2421,-0.8855,-4.8851,-5.2237,9.0186,6.2401,-8.9322,8.3477,7.0905,8.2911,8.6521,0.238,-7.931,8.6524,-4.8894,-8.0311,0.535,-2.6835,-2.9753,4.8698,5.2035,9.7828,8.5435,9.1398,-8.2903,-3.909,-0.8524,5.8295,-9.0836,-6.2016,5.8309,-5.3366,5.2673,-9.2342,8.3146,0.433,7.1618,-4.674,-2.4576,-5.9922,8.2152,-8.9716,9.8977,-9.7171,-3.2405,-3.319,-3.0048,-0.8651,6.6563,-2.9195,4.1301,-0.7997,-9.9301,4.5357,-4.1058,-9.6564,2.3139,8.7364,7.2456,-3.3009,-0.9209,5.1114,-1.0976,-8.5967,-4.9541,-5.7422,-1.2805,-7.962,-0.4166,-0.103,7.0591,0.4843,-6.34,7.7942,-5.769,-1.9883,-9.0629,2.8488,-0.451,5.4568,-9.1454,6.4328,7.066,-7.3176,9.8467,-2.9202,1.2249,4.9616,-8.6322,-0.4548,-7.1544,1.841,0.5972,6.6769,-8.5364,-8.9926,-1.0606,0.6503,6.5019,4.1607,5.5355,5.8198,3.877,3.5913,6.3665,-1.8121,-4.453,3.3485,-3.8218,-8.4903,-1.2971,4.5002,-1.4728,-2.7061,6.7038,3.1085,4.319,1.4911,0.3972,-3.895,-3.5506,-0.3285,3.0578,3.091,9.6962,5.9055,-0.5056
-3.9281,0.8343,9.8035,5.331,4.9792,0.4983,5.4574,0.1699,7.0058,-6.5158,8.2603,6.3351,-2.6234,-9.1282,-1.3229,-0.0474,-4.2302,8.587,-7.5089,-8.4032,-5.7621,2.8138,1.5002,-8.0394,2.8006,-2.4751,1.7252,9.2599,-3.674,-0.7186,-0.5739,3.4444,-2.7242,-9.6211,-3.0691,8.4467,-6.6797,-5.0174,8.9882,8.3704,7.5149,-3.8723,3.1354,-0.4916,-9.2213,4.9556,-9.0376,4.793,-7.7461,-8.1064,2.1204,-8.3444,-3.9037,3.5891,-5.2854,-5.2461,9.5376,0.4126,-4.5585,-7.0341,-6.2873,-5.731,-9.4122,-4.9008,0.0746,-8.2012,-1.065,1.1119,-4.7171,9.6889,-0.5998,-4.1594,9.7171,-9.2293,7.3005,-7.4982,-9.3986,-6.2464,-7.3102,-3.6252,0.5753,2.4965,7.4222,-3.5894,4.1667,-2.619,0.5682,9.721,5.131,0.0329,-6.873,-8.2392,-9.3392,6.4602,1.978,6.5769,-2.162,3.4989,-3.0235,8.6147,5.6038,1.2077,-6.8241,0.0735,-4.4461,2.3146,8.5455,6.1309,-6.194,-6.7072,6.465,3.2643,2.7363,7.1481,7.4545,-8.5358,-8.8533,-9.9841,-8.5944,-3.4808,-9.1986,2.9811,0.3737,3.1952,-2.4612,-0.2649,8.627,-5.3085,-3.7862,-4.2799,-5.8284,9.9987,5.184,5.7197,-1.1207,-1.9782,-5.0645,-9.89,3.3003,6.4668,1.4964,-2.1474,-0.4594,0.3458,-2.6721,-2.8028,-8.5164,9.6497,7.0461,0.8692,4.9648,3.8806,2.1525,5.0961,-5.32,3.9407,-9.3435,-0.1885,-8.2908,5.8459,-9.5358,9.6533,-5.6863,-8.1865,4.8631,-3.9045,7.2761,1.834,5.9597,-0.5037,5.1651,8.3024,2.9738,-6.0108,-4.7642,4.2662,-1.4074,9.2683,-7.7514,3.776,-1.8668,-5.9703,4.0022,-9.0438,-6.6138,1.264,2.4818,4.163,2.1634,-4.5032,-6.028,4.4621,-4.9918,-7.3905,-8.6126,2.887,0.1034,9.9591,-9.4795,-8.8184
-9.3707,9.0719,3.2493,-0.6512,5.8381,-4.5913,-2.774,-4.1612,-8.486,5.7267,4.8818,-4.1768,6.8775,-2.8845,-2.2151,-5.3116,9.7335,-9.9894,4.4876,6.3679,1.0565,6.3731,7.4628,8.0212,-0.214,9.9418,-9.6963,5.173,9.0193,-9.4886,-6.4952,4.3473,-4.2931,6.3875,4.7866,-6.9048,0.4095,-2.5291,-0.9566,-6.7593,-8.3112,-1.5873,-4.5517,-7.4872,1.8891,-8.1537,-9.1356,-9.5256,-1.2715,-6.7903,6.4569,-1.6237,0.3147,-7.0676,-7.1766,-1.7254,-2.3395,5.9201,-7.6126,0.3998,0.9742,3.3978,3.4059,3.7452,5.4287,4.8774,2.0341,5.3145,1.1939,4.4018,-8.8183,-5.9325,4.4879,-9.5311,6.6351,2.7938,3.7201,-1.8147,-0.1782,7.8137,0.7273,2.8712,-6.0199,1.5401,2.2851,-5.5042,0.6878,-7.5816,-5.5094,3.1611,8.8108,1.2365,-7.3547,7.7442,-7.7532,5.6036,8.672,-1.2643,-6.3173,7.1131,-5.4685,8.0026,-1.9152,6.2249,-2.6499,-5.4447,3.579,-1.1103,-3.954,8.174,4.0697,0.2451,-2.4287,-7.8483,-9.816,3.8066,-4.3941,-1.2023,3.4478,3.8837,6.8973,-5.3325,6.1294,8.6667,-2.355,5.9075,1.2693,6.6241,-7.555,-3.0145,2.7476,-0.0106,3.9961,4.5195,7.6822,-4.2462,7.806,-7.1457,9.9959,3.677,-5.91,-7.9886,0.0352,0.406,-6.7203,7.7183,-1.2212,0.0634,6.5204,6.8529,6.1495,6.5901,-4.4258,2.1817,4.2773,-4.699,-9.5111,-1.7388,-3.9972,-0.9632,-0.0851,9.2515,8.8253,-9.5382,-2.7712,4.2674,8.896,-5.6112,5.3288,-9.6662,-0.2553,-8.0428,-8.1949,-3.5744,3.4569,-8.6166,-9.7652,-5.1868,0.4182,6.2067,0.2132,-6.017,-4.1529,-6.6654,-6.0458,1.5228,0.0121,-4.2154,-5.2671,6.9334,1.5708,0.7158,-1.62,8.65,5.0657,2.9124,5.735,-8.8091,-0.9346,-2.0885
-3.397,4.133,7.8546,7.7392,4.8193,5.1934,3.0683,8.9908,-7.4833,7.84,4.5951,-3.2586,0.8576,0.734,-0.1281,5.2521,4.3944,-8.0138,-4.5441,7.0828,9.8344,-3.1195,2.2236,-9.7504,1.9159,4.7314,5.6187,3.4456,0.8235,-2.6169,2.9136,-0.7478,5.3531,-7.2572,9.5151,8.8649,-6.8263,2.649,-2.986,-6.1725,6.4263,-7.5321,-0.7011,-6.5246,-0.1607,5.2128,8.0835,5.5035,-8.2718,-3.1774,-7.0155,0.0769,-1.2594,-0.4141,1.7725,0.8319,-8.4901,-0.878,-8.3491,-5.6776,-7.8407,3.9462,-4.0833,-7.7342,8.4995,-4.2779,0.186,-8.1157,-1.4107,3.8467,-7.3876,-9.736,-5.3067,2.4605,0.4602,0.1686,2.0732,-2.1088,3.7915,9.5984,-6.3418,4.9236,-3.1475,6.3164,9.6709,4.8041,8.2911,4.4062,8.4202,8.0099,5.839,9.5189,4.1412,2.7142,-0.466,1.9096,-6.7047,-1.458,1.2116,3.6928,-8.7689,4.006,7.8243,-6.7459,-7.6449,-2.2776,-1.3659,4.9461,-3.1407,-1.8924,9.8162,-9.4982,8.713,6.3552,2.8951,3.9307,-6.0351,8.4403,1.1334,-2.2931,-5.3642,-2.192,-8.089,-8.5754,0.8871,7.5311,8.9799,5.1103,-8.7165,-5.0078,2.9052,3.087,-2.6757,9.5144,3.9904,-8.2995,9.9287,-2.8316,5.7932,6.664,0.6354,-4.6394,2.3556,9.2254,-7.5776,8.2066,7.4404,2.8224,7.4864,-4.545,5.311,1.384,-5.0428,5.0596,-3.3554,7.2003,6.5953,1.33,1.3528,8.2687,8.9093,5.5893,1.8397,6.1992,7.8966,-4.9628,-6.9022,-0.1327,6.5308,6.6044,-1.8367,0.4567,4.7332,-7.766,-2.1023,-3.8237,-6.2013,-1.1401,-6.4125,-2.0375,8.9866,3.3337,-9.8374,6.0742,-6.2617,9.2953,4.1072,-5.2903,6.5935,0.5347,-2.117,4.555,-2.7456,-8.4388,-5.7246,3.5154,8.0101,7.7476,1.8466,-6.5071
7.6941,7.0643,3.8154,-3.3694,0.5896,0.9608,-6.6261,6.0134,-3.9768,4.3387,3.5462,3.2212,8.495,7.9222,-9.079,-0.2954,8.677,4.5006,5.2149,7.7472,-0.4967,-7.3055,4.8447,-6.1856,-4.134,7.5581,8.8107,-4.2738,9.5598,-8.0964,-7.8733,-2.4605,3.9361,3.3108,-8.6656,-5.3701,-4.8965,3.1019,5.8327,9.5472,0.4906,7.6119,-3.808,-0.6839,-2.794,9.0208,6.02,-1.6917,3.6232,-7.0101,5.7096,5.0651,-2.8653,-4.9521,-0.3377,-6.9851,1.0671,0.4046,-1.549,2.1895,2.9635,-2.982,-3.1529,0.4472,-9.1161,-8.9465,-1.1673,8.4932,-3.4878,2.748,2.7514,-0.472,-1.9466,-4.8974,-0.6221,-0.0861,-0.7382,8.7907,4.0964,9.9466,1.4184,-4.1195,-5.5007,8.0306,-0.6024,-0.9558,2.0415,4.5234,-8.6093,-3.5885,-9.875,8.352,-2.4439,6.5218,-0.4131,7.2874,-8.5186,1.7144,9.7583,-6.1295,-0.9223,-6.522,8.8809,5.5634,6.6259,-0.2569,0.415,-7.4241,-4.6801,-6.5995,2.796,5.6557,-7.3695,-6.5631,-7.2105,-4.7495,-2.747,-7.5201,-7.9986,7.3857,-9.7728,-2.518,4.2172,-9.8567,-6.5475,-5.2475,4.0998,7.9489,-1.8365,3.5495,8.7321,-8.3459,-9.1942,-7.7788,-6.6425,-5.5733,-1.4304,7.405,-7.8759,-7.3085,3.9997,9.4407,-5.621,6.8283,2.6388,5.2529,3.0347,-0.3291,3.3182,3.9731,3.019,-5.3926,6.7191,8.0785,-1.918,-8.3161,8.9216,5.0056,-8.1241,-8.386,8.5105,-4.803,-1.3712,-7.8819,2.2618,-3.3167,-2.0968,-9.4174,7.0549,4.9057,3.8288,-1.355,2.9544,-0.6378,0.7049,1.3971,-0.9091,9.4137,1.0617,4.8688,-5.5558,0.3238,8.7864,-6.9016,-8.074,2.9023,2.6086,7.0049,6.6844,3.11,-6.0209,5.8036,-1.4773,-5.5188,5.7479,0.2156,-6.5029,4.1818,2.8938,1.3447
3.3737,1.0164,9.3826,-6.1798,-2.6249,7.9015,-1.3132,3.4676,-8.8042,3.5061,-0.3652,3.0862,-0.0079,-7.5889,-8.1625,-5.6619,-1.1479,5.8947,6.1688,-7.7475,-6.8483,0.7559,-3.0875,1.0328,5.8033,5.2511,-1.678,-3.5942,9.9528,-0.7038,-8.6822,4.2397,9.9935,-7.7488,4.4804,-7.3917,9.8699,-6.5958,-4.6231,7.0229,3.9303,0.8762,3.5245,-0.7899,-3.1094,3.0477,-5.125,2.8661,8.4922,-8.1762,2.557,8.1578,1.0557,2.4748,-8.8389,-0.8549,2.3982,-9.8175,-9.0427,2.412,4.6709,-0.1082,7.5199,-0.9288,7.5592,-3.7319,9.7114,-3.9754,-5.305,-9.7485,1.2664,-0.6974,-6.979,-6.7674,-8.5367,7.3926,0.3122,-6.0204,-5.0615,5.5652,0.6032,7.3836,-9.3233,-4.6979,1.7239,3.5791,-7.3805,-0.5013,3.4598,-7.7871,-3.5758,-9.0475,9.5336,-9.2499,9.7077,4.9393,5.0142,-0.9198,6.8327,-3.0017,-4.0928,-4.0279,-9.3263,-4.0653,-4.6022,6.0197,8.2773,-7.59,-0.8262,6.6138,-2.1464,6.5852,7.9262,6.515,-2.9776,-3.4784,3.5218,6.1943,-1.7272,-5.3756,-3.1611,-1.9276,-3.1472,-8.24,-9.17,1.6141,7.7685,-5.1335,1.4395,0.9596,4.3377,-6.2938,-8.1268,-6.0086,-4.1405,-5.1505,7.1681,-9.7848,-1.1418,-5.2839,3.6362,-6.2604,3.7802,-0.043,-4.7488,-4.5798,0.1964,-1.3235,5.9981,-0.9287,-1.3364,2.1285,-1.8503,6.6147,-2.3815,-5.7364,-1.1716,-4.7634,-2.4965,-7.394,-1.0304,5.6655,-0.1022,0.5435,-6.7962,9.9577,8.1483,4.8224,-5.4966,5.1472,0.6726,-7.7452,8.8075,-7.8672,2.6137,-8.9375,-9.2746,-3.3534,-0.0532,-0.3466,3.2632,-5.3397,-4.1275,4.0727,-3.191,-6.7413,-8.658,-4.3446,-9.1397,9.0916,5.7639,-7.534,-2.8362,-7.7222,-8.7132,8.0855,0.9809,-3.7439,7.1699,-7.3343
-4.9407,-6.5504,-4.8011,-0.5351,-8.2646,-8.473,6.9438,4.0281,-3.1434,-4.6433,7.4402,8.7798,-4.7446,-2.7867,9.3992,-6.6672,-1.463,1.7876,9.4917,-5.8181,0.401,4.0804,-4.2472,-0.1125,-6.5482,2.4838,-9.2218,-7.3219,-5.3486,-7.9765,-4.5809,3.3094,-5.4473,9.3637,-9.6223,7.423,1.2237,-5.2315,4.4593,-9.0345,4.1236,-6.9203,2.817,-9.5715,4.6162,3.3291,-3.0224,6.6318,-7.4673,-5.8952,-8.5265,-6.8044,-2.0324,-5.305,-9.7511,1.5602,-9.9195,9.3467,1.7574,-3.9495,7.7814,-5.9622,5.4289,-5.0341,1.5734,4.2906,-9.46,6.5686,-8.0894,-7.4555,3.698,0.0009,-7.3325,1.8908,6.515,0.0381,-0.0491,7.6657,1.2985,-4.5441,-4.6355,5.0243,8.8138,-7.9126,0.6397,2.3171,-7.8835,8.9557,8.791,9.7249,7.9173,7.1507,-9.3808,5.788,-7.9797,9.7489,4.2174,3.7666,-4.4354,-9.9859,4.1254,3.9581,-9.7906,-8.6908,-1.3296,4.4684,4.031,-7.5421,-2.9896,-3.6211,8.871,-3.3971,1.2435,-3.6703,3.7961,6.9527,0.4972,0.1281,-5.2076,2.4397,4.858,-1.9466,-3.7141,-5.0604,0.874,-7.1365,-6.4825,-8.822,-5.1928,0.2689,8.8178,0.7543,7.3216,8.9928,6.6223,4.9327,-6.8396,1.3722,9.9931,2.6185,6.1159,-6.6287,4.0345,-0.552,8.0214,-8.2751,1.5174,1.8387,-1.2474,0.0244,-3.5899,-1.6921,-0.0931,-3.4399,9.4237,-3.365,-0.9836,-2.1728,-7.9019,7.2751,-1.8423,-4.7599,4.3182,9.5517,-4.9207,-1.9583,-2.2016,4.9044,2.4331,-9.6181,5.2102,5.9183,-0.2252,-3.4167,9.1887,-5.4222,6.8412,6.6112,4.4432,7.9308,3.3096,5.8293,-1.2504,7.8515,5.1986,-3.5113,4.4357,-9.2153,4.6197,2.2992,5.9926,-7.5752,9.6185,1.1681,-1.6603,-5.5009,2.2723,9.1479,7.1633,-3.6477
-4.8295,5.0138,-5.6352,-7.5491,-6.8915,3.4427,1.952,-9.2693,-8.8512,4.0855,-4.69,3.2379,-7.8753,-6.3929,-8.3389,-9.4157,-1.9771,-4.2118,9.3256,-6.9835,-5.8767,-5.0566,6.912,6.3911,5.5653,-8.0414,9.5166,-0.7975,-9.4087,-0.6581,-0.1758,-8.0241,9.5617,-5.9167,-9.956,8.3819,4.2684,1.5081,2.433,-8.2736,-4.8355,4.4044,4.5289,9.212,5.4262,-6.9168,0.9792,-7.6687,0.7876,-2.6384,-6.7379,1.9616,-5.4063,-9.2406,-2.0021,-9.143,9.8198,0.6784,3.3211,-0.7746,4.3076,-2.5365,8.9888,-5.4267,-9.7434,0.8058,7.7535,-7.401,9.8264,-7.8141,4.6359,6.7435,-6.7967,0.7388,-8.8901,-6.4002,7.8342,-3.0125,-3.4816,-6.9338,1.9881,-6.105,-1.334,0.5556,8.0224,2.8469,-7.6399,9.352,4.9473,9.7443,6.3076,-0.0409,-3.5082,7.684,-1.1477,5.4681,-6.9457,2.1502,6.8349,7.2899,-2.2266,1.431,9.6053,-0.3936,-9.2668,-6.1867,0.2471,-1.9448,2.8883,3.6134,-5.622,0.122,-9.5722,6.1412,9.876,9.6976,4.8609,-2.8543,6.8775,6.0207,-5.616,2.5452,9.1616,-7.4604,-1.7592,7.2932,9.7516,7.6217,-7.4256,-2.3604,-4.2559,-6.7233,5.9798,9.7651,4.2328,-8.6963,-6.1542,-8.8178,-2.1675,7.3871,-1.5567,-0.4172,-0.3531,-2.3055,4.2328,-7.461,1.1814,8.8398,-2.2328,-6.3018,-9.3227,-8.7586,-8.4875,-9.9218,2.9698,3.5376,3.8832,-7.6574,-4.163,5.8518,-4.7382,-2.6985,-6.4363,9.8082,-7.1376,-2.3406,4.4603,-2.622,-1.4411,8.7121,-4.9503,1.6,8.1422,-6.3938,-2.4325,-3.9187,3.8333,-7.0823,-7.2225,-9.5462,9.1857,-2.9126,5.2856,9.4351,-2.1716,1.231,3.0804,9.1872,5.4771,4.6615,2.2769,-7.7672,-3.3131,-9.1445,-4.6361,-9.578,-3.9332,-4.8572,1.4345,8.3121
1.5293,-0.6012,6.2119,4.4808,0.0192,-6.028,-5.6754,-6.586,-4.3032,-1.7164,-4.2941,5.5694,-0.4764,-0.5884,-3.7748,8.7478,-2.3139,7.9439,-3.732,8.2556,-7.6809,0.3683,8.2908,-1.6581,-5.2916,4.4238,-6.1271,-6.6644,9.7172,4.1825,-0.3109,-7.0485,1.0171,2.7493,3.8155,-6.3356,-1.5439,2.1236,-4.486,8.5074,8.7435,0.521,-4.4951,0.5682,-5.1011,-9.1573,2.1512,1.6517,9.3546,5.6282,-9.1157,8.8972,8.1951,-9.1108,-9.353,-9.2978,6.2123,-4.6257,-2.0889,8.1714,-7.6524,5.9866,2.3247,-8.8654,8.3669,3.5038,-9.9508,-4.0499,-1.4494,-0.6267,-8.9525,3.1081,-8.2624,-3.996,3.4504,1.8468,7.2908,3.528,4.2183,1.1451,8.3105,8.6637,5.6309,-5.0928,6.8391,7.3025,-7.5108,-3.5841,-3.2248,-5.7919,3.7975,-6.4541,-5.1991,9.1079,0.8216,-9.1803,9.6905,-3.6672,-4.4575,-0.8302,-0.2508,-6.4708,-1.4188,-6.0816,0.4124,6.1384,-6.5699,3.9591,-6.9412,9.2887,8.0125,0.214,-5.2611,-6.3212,6.3662,-4.4966,-1.0231,7.6187,3.4613,5.4259,-5.4035,2.9831,8.1679,2.2404,3.9804,0.1242,1.0743,-2.2266,8.4002,-3.1235,-8.9478,-7.0655,-0.9365,-4.7775,-5.9291,-3.5421,-5.3998,-1.5313,-7.5828,7.629,2.4507,-4.8133,-1.6611,9.8043,-8.3516,7.7148,7.3436,8.2413,6.374,-9.8075,9.2439,-6.7429,-4.3902,5.5659,-5.9505,-5.6152,2.9547,8.857,1.6872,-1.1767,-1.2495,5.684,1.6504,-7.9213,-9.616,-9.8856,-3.0319,3.3674,1.7867,7.2057,0.9528,2.4666,0.5191,-4.0406,-9.8682,7.626,7.611,1.0708,-4.6967,9.4717,5.567,-5.5659,-0.4219,-3.6986,0.8576,-1.4507,3.5672,6.9893,2.936,3.2352,-0.8178,0.4393,-0.2842,-0.2871,-1.8602,-9.9209,9.6105,8.8458,6.5099,-8.4957
0.7529,-5.9043,4.8078,-4.3166,-5.9439,-6.5273,2.6518,-7.6752,-6.7169,3.7359,6.5613,-2.626,9.4427,3.0176,-7.2763,-6.1153,-1.7725,-7.1201,2.4445,-9.9225,-8.9876,1.9191,-7.1498,-1.9276,8.8105,8.4777,-6.5748,-4.9321,4.0906,-1.7069,-9.8562,-8.2738,1.0941,-2.6136,6.2866,-4.5729,9.8765,-1.4464,4.64,-1.2994,0.9565,6.5042,1.2219,9.0961,2.0999,-6.5317,-5.982,-4.4875,-8.468,-1.1488,2.0753,-4.8595,-6.4628,-9.2239,0.6544,2.2068,-2.5966,5.3981,6.0448,7.6909,-7.9413,9.4002,-3.7777,6.0689,-9.4324,-9.1142,-1.166,-5.3351,-1.0176,2.4818,-4.6154,-0.4952,-5.4015,-6.1628,1.6786,5.0433,6.3309,3.9752,8.6691,-0.5745,8.0012,-6.708,-7.8638,9.7437,1.4032,1.9621,-0.4062,8.1662,2.9133,2.3371,6.4899,7.4204,-7.8185,-8.5,-4.9429,-3.1449,2.9168,3.9043,2.4664,6.4278,0.3182,-9.786,-8.7284,6.6344,5.7271,-4.6076,-9.4257,-6.2826,-0.3189,3.3172,7.5906,8.4296,-9.3776,-7.6639,-1.6497,-2.1193,-5.2004,-5.6027,-1.1424,5.535,-6.3893,8.0131,-0.1283,7.0696,2.1808,-5.7934,-5.0937,-2.5116,2.5307,8.9232,3.6888,-2.7461,-9.9109,9.6342,7.6673,5.8091,-7.7361,-7.9853,0.7927,2.8513,4.7445,-8.9559,3.5692,-6.1156,-0.8607,-7.9562,3.3299,3.7203,-0.2117,3.3674,4.4373,-4.4991,0.7071,3.5325,1.9358,-6.2431,-4.6364,6.6428,1.8756,9.1656,-5.4739,3.5213,-2.3973,-5.8622,-7.4475,-0.5327,4.5054,7.3772,6.1695,9.9021,3.4654,1.7292,-9.3993,-2.9808,8.5001,6.3496,2.8308,9.8623,-5.4131,4.9432,0.5692,-9.8541,4.5228,7.8465,2.3459,-3.3674,-3.296,7.4509,0.6433,-5.6458,-7.5949,8.3176,6.6669,8.0506,-9.1161,-6.9016,-3.3285,9.2749,-4.9947,-5.2874
1.2039,-3.4588,-1.43,-1.8893,-5.865,0.7627,-4.7898,2.6881,-9.9327,8.9127,-0.5186,-6.324,-5.8816,5.1136,4.412,7.8744,-1.0953,2.8318,1.7888,-5.6346,9.4737,7.8447,5.1008,-2.5752,2.3246,9.7826,-9.5877,-6.2728,1.6471,-2.907,4.9774,-2.5887,-8.6136,8.8466,-0.972,9.078,-0.938,-9.9351,6.523,0.9962,-7.3037,6.112,-4.2324,6.2995,-8.739,4.953,-3.8632,-1.0057,-8.5918,8.5339,4.3502,8.3265,-0.6987,1.6949,-6.1938,4.0365,-7.8327,8.1392,-4.754,-5.8664,-0.9394,-3.5059,-5.5544,2.9965,-7.7309,0.5288,-9.6117,-6.9336,-5.8423,-6.7475,4.7166,2.2668,-8.5075,9.7657,4.2023,-1.447,6.6519,9.9611,8.6324,9.9585,-4.6235,-1.1408,-6.6105,4.1547,-1.6308,-7.0824,-8.0017,3.3668,-5.995,-9.1744,-2.7061,-8.5196,1.4485,5.1575,7.5423,7.4378,4.1388,-6.8365,-9.1227,7.3643,6.2409,7.4846,-7.3053,6.7014,5.3311,-0.7058,7.506,-7.4523,7.6979,-0.7961,2.022,6.1492,5.695,-9.427,-2.6792,5.4052,9.9854,7.6119,4.3078,-2.0871,-1.2675,-7.7596,-1.638,-7.3487,-2.6253,-4.6126,2.9351,-4.7017,7.6958,-0.7384,-5.7751,-9.4428,1.7838,-8.4938,-1.8179,-8.7655,-7.9513,4.2264,-0.1962,-4.347,-8.646,6.3934,7.9378,-8.9166,5.6154,0.7564,-5.9457,8.7942,3.046,-6.5294,-0.2894,5.2944,1.6926,-3.8142,0.8242,9.4889,7.4866,-0.2689,0.344,-0.3212,8.0868,3.9238,9.9474,0.6274,-5.4113,-4.3085,2.1676,-5.6294,-2.1607,-3.1966,-9.9304,7.185,1.0891,4.9578,8.9972,-2.1115,6.9978,-1.9817,-6.0762,9.8397,2.9309,-2.624,3.0332,3.6791,9.1627,5.1699,1.6635,1.0421,-2.211,-0.8254,7.7905,2.4843,-6.6217,9.5327,6.0067,4.0702,2.0424,6.9851,-9.9378,-6.1574
-7.2377,-5.2348,-3.0013,2.7582,1.3303,-1.4173,7.1049,-8.2363,-4.8967,-4.8141,-6.2407,-2.7705,5.1334,8.5521,9.3081,-9.1123,6.5586,-0.1454,3.0417,-1.1833,2.0173,-8.2999,-4.8379,0.5679,-7.6693,-7.17,1.8613,7.9195,4.431,0.3111,-5.1866,-0.7583,-5.1303,5.575,4.9074,2.8733,5.3238,9.3462,0.01,3.94,-2.7375,9.3942,8.9744,-0.2306,1.3233,1.7368,-4.3021,-9.1021,-5.8404,-9.573,-3.4329,7.7872,6.0846,7.218,-1.9367,5.9901,-2.8328,-9.506,5.6783,-3.5698,-2.5252,-8.143,-2.9697,-8.1078,-3.1483,-7.3771,6.9839,-6.9267,-3.8222,-5.0807,-7.4407,6.9151,0.4968,1.7281,-1.6008,-6.6171,-0.7108,2.3292,1.3719,6.2836,-7.8303,-3.8226,-8.886,-9.1649,-5.8432,6.4063,6.5276,-4.33,-9.8613,7.8858,-5.889,-0.4699,-8.8552,8.9137,9.0412,-9.3358,-6.6369,-1.9865,3.7139,-1.8139,-3.5704,0.8826,4.4779,9.9132,-4.765,9.1315,-5.2119,3.6836,-5.0995,6.1142,5.7003,-5.2322,8.9182,-0.6853,-9.207,-2.8676,1.4047,-3.9004,3.2831,-8.3011,-8.95,5.4507,-0.7351,-5.3346,1.7054,7.6463,-0.9831,2.4132,-4.6513,-3.0893,9.72,6.5179,7.3233,-3.32,3.8151,-0.0483,1.0092,-6.2969,-3.7829,9.8688,3.9566,-0.7522,0.1386,9.0904,-1.7544,4.2446,4.9493,-8.8908,-7.8185,-3.8245,8.6065,2.5299,7.0627,-6.0684,8.4354,-4.4157,-9.1922,-3.6977,8.4547,-5.1486,-2.2366,-1.9483,-0.1902,-1.249,-1.1346,5.4645,0.7568,9.6527,8.1184,-1.5495,7.2967,-2.1654,5.5725,-0.5354,1.0233,-8.343,2.79,-9.7421,-7.0164,4.9933,3.5246,-5.4085,-4.2261,9.4242,-1.4334,-0.2066,-6.4422,1.9392,6.0875,-7.2423,-9.9793,2.0012,3.9264,5.3633,8.6533,-0.3391,5.8249,-6.4592,6.4798,8.1871
6.2092,8.306,-6.4651,-3.3845,-6.8325,2.5341,-8.9884,-4.1532,-3.3085,-9.4037,2.1953,-7.3583,-0.928,-5.9864,-5.9448,6.3871,6.4309,-6.4099,-0.687,-8.3816,-5.2645,6.3257,8.3544,-6.9167,-1.437,6.3918,0.7992,7.2041,-5.299,-8.8372,1.0511,0.3103,-8.7578,3.1171,9.4651,-2.3793,-3.8264,-0.9249,4.5697,-7.8462,-6.1146,7.4195,-7.0409,8.5849,-9.7,-9.3981,1.4778,8.1221,-0.0935,4.5679,2.0972,-5.3026,-1.2716,0.3083,-0.2979,5.9079,-2.6231,-9.2779,-3.7399,-3.6755,-2.2543,-6.6073,3.7312,6.6534,-8.9756,1.2697,-3.5649,-1.0428,4.9348,7.3884,7.6729,4.5062,8.1533,-0.2231,-7.5691,6.6505,-1.8848,-4.2608,-9.5856,-3.6946,9.7485,9.4761,-1.9297,-7.55,-0.5277,1.5133,-3.5022,-6.2854,6.4592,7.426,4.9237,-1.6744,-6.8649,-7.0261,-8.0109,-0.3293,-2.1994,0.4726,-7.8394,6.9269,3.7719,5.1699,-6.1191,-5.2713,-5.5823,-8.5622,-7.6718,9.9817,-6.312,2.6892,2.5843,4.2896,4.3067,4.9213,4.8628,-1.3895,6.6954,-2.0425,-0.4229,8.3852,9.752,2.1225,4.237,3.225,8.1283,-6.9838,-8.7225,6.8299,-3.4118,5.1508,-6.5475,-8.6461,5.2137,-4.403,6.0732,2.6882,-0.0061,-6.3136,-6.5848,-5.572,7.5216,-3.5805,5.1551,-9.18,-7.6324,3.7395,7.4231,-7.0759,2.9053,-4.6555,5.4603,-2.5886,1.7583,-2.5279,-4.0201,-5.9005,-7.6636,-2.2712,3.5441,-0.053,-8.1068,8.8822,-7.38,8.3463,4.8438,1.7639,-2.1782,-4.0611,1.5683,1.5985,4.6362,-4.2618,6.4366,9.325,-2.4683,1.2848,5.8784,6.1827,-8.5844,2.0623,4.4563,-1.883,8.0183,9.6406,-5.3098,-2.7814,4.5996,-9.4512,9.0698,1.1844,-3.4846,-2.4517,-6.827,-1.6838,6.5307,8.6031,-7.4647,3.8874,5.7609,-3.5624
2.9413,2.624,-3.2405,0.2438,-1.2087,8.6314,-8.7628,-1.3613,-5.2045,3.7045,7.295,-6.1159,-1.9262,-7.1027,-2.4145,8.4989,-1.7924,3.8781,-9.1296,-2.2545,2.7497,9.11,9.262,4.0791,-8.699,6.4374,-5.589,-0.4261,8.2695,3.1332,-7.8684,9.2557,-9.1471,7.2314,-8.3399,-0.734,3.2308,0.4073,5.1601,7.6602,-4.3297,-2.5021,-8.9833,-5.7714,-9.581,9.9351,7.5565,-3.5505,-5.6721,-6.3258,-6.8677,1.8096,2.2859,3.5102,7.0954,-4.2762,9.6172,4.7879,0.7382,-2.1249,-0.6997,6.9669,-6.5153,-6.099,1.9318,-5.3265,0.5907,-8.1856,6.8545,-8.7719,5.767,-3.5882,6.3135,8.1574,-6.0209,-5.2545,-3.2399,-6.9923,9.3082,1.5747,-8.9683,-4.738,6.0192,6.3009,-1.0514,4.9228,0.0815,6.1881,-6.077,2.3058,6.2025,7.3444,8.3984,2.1439,5.4102,9.2968,5.2626,-9.97,-2.0859,-9.6338,-6.7892,-4.0525,2.0632,-5.2427,-7.8316,0.793,1.1386,-1.9228,6.2453,8.6286,-5.2124,7.2198,-0.3763,0.3635,-3.5164,6.0038,3.1957,-6.8675,-4.716,9.559,-1.3402,4.5108,7.8906,-4.884,3.7821,9.6168,-5.0274,-3.3484,0.5534,5.0877,-4.1921,-3.7639,9.0587,1.3861,1.8144,-5.5774,-7.5716,-4.8649,2.7295,-0.2027,4.335,-6.9049,6.1374,-8.8602,-6.4937,-0.3282,-5.1235,8.494,4.3237,2.4955,7.9349,-5.8576,9.7835,-6.9307,-8.87,-5.9198,-7.3978,1.1841,-3.5843,5.6465,2.1901,8.0454,-8.998,-8.7596,7.3447,8.7963,-2.8794,-4.8613,-2.3211,3.4959,-8.0844,6.4666,4.62,1.8296,-2.9329,5.1934,-4.4411,9.3386,7.4161,-0.7477,-0.0142,-9.1468,-1.933,2.0897,-4.2441,-3.3834,9.3379,-9.3341,-9.2185,6.2524,5.9673,4.4194,-8.5163,7.675,-2.1429,9.3796,0.0305,-7.8606,-6.315,-7.8541
5.2265,-8.6049,-3.7476,2.2203,4.8054,-4.9666,-5.1173,-6.5238,-2.3613,-4.785,-8.6173,-5.179,-8.1828,2.5219,7.9636,9.4492,-8.3292,-2.6673,-9.073,-6.8897,-7.6203,-8.1383,-5.6471,0.9624,4.2069,-0.7114,5.5467,8.3844,-8.0373,9.2394,-0.645,6.943,4.7128,-2.9468,7.8839,-2.5278,8.9664,-1.2615,0.1719,-2.7116,-6.099,9.8916,3.9649,-9.0774,-8.0204,7.063,-0.3548,-2.8665,4.3399,-7.7258,8.8319,2.9845,8.6601,8.2641,-0.2757,-1.1174,1.2004,-6.9287,5.5789,-0.9032,-0.0411,-0.4785,6.6223,-8.2017,-7.2337,-6.058,-3.3438,5.4901,-6.0992,-9.9334,-8.7187,1.6997,-3.5882,-7.7415,-0.7721,2.6803,9.107,-4.1772,-2.6989,-9.1297,1.9836,7.4412,2.6056,-9.0652,3.1239,-8.7725,8.7794,-5.4504,-0.1278,-7.6297,-0.4767,-4.7644,-5.5727,7.2472,-9.1773,-5.0357,4.9979,9.4844,-6.2107,-2.9055,-5.4979,9.0458,-2.7857,4.9082,-3.285,6.0596,-6.5463,-5.8249,9.3425,-2.7121,-1.9113,-3.2894,6.7706,9.6503,-1.7749,-3.1128,-5.2541,-8.0697,4.8756,-4.1028,5.8327,-5.232,4.6961,6.4452,-9.8904,0.4445,-7.2492,8.1731,0.5391,-9.3005,5.8195,-4.6777,4.5456,6.398,4.2642,2.2203,4.0994,-6.5801,-3.1946,1.267,8.7642,-2.2127,-9.8979,-3.4088,9.5093,-2.1215,9.324,-6.2637,-0.1533,-3.436,-6.0097,-3.7905,-6.701,3.589,-2.0989,-9.2828,-3.5591,-3.3029,4.2939,3.2551,5.267,-6.1075,0.2227,-6.6499,4.5465,-2.8924,-3.3261,-9.879,-4.2519,8.9565,2.7156,9.3423,-3.3626,4.2818,5.6369,-2.5942,3.8863,-3.3867,-2.1768,9.0558,3.1403,9.936,6.0703,7.9543,4.7319,-3.9096,6.6446,-8.8024,1.9959,-1.0918,-9.5466,6.8579,8.6591,-3.665,-4.1298,0.4628,-3.8962,-5.5043,8.0081,6.9331
-0.8452,2.6143,-3.2669,3.0453,-6.9435,9.9257,-7.1814,-0.7252,6.0621,9.4084,-1.7318,-7.9058,1.6799,-0.9764,9.6003,1.074,5.0211,7.078,4.1105,6.6194,-1.312,-4.6724,-4.882,-5.5292,-4.9963,3.0378,-3.7279,-0.8024,1.584,2.158,-2.0158,1.0103,-7.8464,8.3676,-3.5177,4.4057,-7.2974,3.2305,7.4967,-8.1692,-7.8974,-0.4672,-1.1583,-3.558,-7.3683,0.339,3.0812,8.8558,-6.812,2.6072,8.0319,8.9456,8.6296,4.8569,7.1645,-3.3776,7.5947,-4.588,2.9294,5.2556,-1.8108,-4.5252,-0.3025,-7.4934,4.4996,-4.998,8.1893,4.0059,3.0675,6.07,0.8279,-4.3148,-7.039,-0.0202,1.4276,8.8642,7.1655,7.4167,-3.1579,1.7719,-2.9576,-6.3037,7.0912,1.1264,-3.2861,2.6334,-5.4483,-8.7907,-0.913,8.407,3.0833,4.01,8.4964,-1.8931,9.1204,-4.6233,-1.7429,-4.0433,-5.1412,4.1742,-5.883,5.546,4.422,1.488,-6.4187,2.6049,-4.6311,4.8822,5.856,3.8052,0.0387,-4.1075,-7.5338,-0.0162,-4.2835,1.5903,-3.1289,-6.2583,-3.1647,-9.7652,-4.4159,2.6461,4.2282,3.6832,-2.8605,1.365,3.3256,9.9475,3.858,1.1687,0.4945,2.353,1.0885,6.4022,8.0195,3.4438,2.6767,2.7137,-2.8697,3.4531,-9.5468,5.7775,4.5492,-8.4114,-2.7957,9.4123,0.6762,-5.148,9.754,1.0822,-0.7951,-7.6198,8.8356,-8.8415,-0.4146,4.2402,-2.2138,7.5914,-9.0877,-6.9197,-9.7594,-6.2464,5.3826,-7.489,1.5875,-9.8761,-6.5032,5.4397,9.1875,5.4326,0.2668,3.2465,3.3231,-0.0367,-8.0571,-7.6555,1.7701,-3.1471,9.1891,-7.5401,-4.6312,-4.2927,8.9084,-9.9721,-6.9509,6.9426,7.7087,8.9418,-3.6915,5.0025,-2.218,-1.262,1.6242,-8.8938,-1.7582,-2.9903,3.5791,-0.7925,3.9801,-6.3757
8.763,-5.0193,8.7113,1.3202,3.0926,-7.4221,-6.47,7.674,-1.2748,-2.23,-4.6434,-0.4657,-3.3476,-0.5216,1.0284,-0.2288,4.4055,-0.5899,3.5873,2.5644,9.9511,4.7379,3.2006,-0.6712,1.407,-7.4497,7.4758,6.5293,-8.7099,-7.3126,-0.0591,6.8388,-8.1817,-4.0615,-0.7516,-5.0263,9.1908,-9.9329,7.0856,-7.5953,5.1249,-1.7772,8.2353,-5.261,-7.9157,-1.662,-9.7745,8.0277,9.1204,-7.0421,8.8843,3.0367,-9.5654,-8.2311,-5.4034,9.7155,-8.1623,-5.5155,0.6186,6.6589,-7.4101,-9.8681,-9.8697,-6.4542,-6.2163,-9.9314,-9.7468,-6.9466,1.3202,6.8424,9.4385,-7.9354,-0.2959,-0.1611,0.6938,2.0346,3.7361,-9.9605,-1.5845,4.4161,9.8994,9.2421,9.9547,-1.6356,1.0502,9.3688,4.3412,-2.2218,-1.1005,9.8265,-9.6616,4.6273,5.1115,0.5964,8.2899,-7.4662,-6.8991,-7.5385,-1.0507,-4.2112,-9.1956,-4.8162,1.1169,8.6999,-8.8242,4.1473,-5.9762,-0.1983,5.9794,7.3542,0.3782,-9.6093,-2.2763,-2.1321,5.9955,6.2481,-4.8993,-3.2622,-2.3797,9.7076,5.914,-3.8421,-4.483,2.277,-0.5591,5.3538,-0.4862,5.5536,-2.0258,-7.363,-5.8614,2.4991,3.8695,5.1374,8.1077,-7.9642,-5.8251,2.0457,-9.4562,-9.1177,-0.2077,-2.3635,-9.2804,2.6212,-3.7518,-9.706,-2.2028,8.2806,8.7377,4.4705,7.1518,4.6817,-0.0779,-9.4903,-2.9994,1.5107,-4.4877,2.6427,-9.8947,-9.2767,-3.392,2.7399,7.3163,-2.0802,-6.4387,4.6218,4.5569,-2.6821,-4.9637,5.7631,-1.3788,3.3833,6.1514,4.8217,-6.3567,-0.4257,3.3924,5.4293,-2.085,6.0444,1.4676,-3.7717,-4.1533,-3.4935,3.1254,-8.6432,6.1884,5.1849,-3.8446,-7.4313,-0.3065,-7.1059,0.5184,1.5903,-6.3516,0.8742,-7.4996,-4.4516,9.4752,6.1564
9.5085,-9.83,-4.2619,1.5818,-2.6456,1.7199,-1.6416,6.9257,-9.8174,4.5937,5.1756,-3.3677,2.236,-5.8061,2.8172,-3.873,5.678,-5.0516,9.3214,7.1438,-0.921,8.4314,-7.9593,-4.3734,1.5382,-4.5348,-9.5321,6.9356,-3.0142,-5.0886,-1.3562,7.7754,-0.2437,7.6619,-4.4626,3.3019,-2.3129,8.0611,9.8882,-5.6634,-8.8231,-6.6971,6.9837,-9.1495,3.5712,-7.5611,6.8451,-0.5947,9.2481,-2.9035,-1.8424,5.5085,6.9829,-6.8758,-0.0064,5.1437,-7.7253,-5.3604,8.6312,-8.0626,-5.0209,1.8079,5.4647,-0.0976,-5.6082,1.5774,-6.106,2.9646,-8.1392,-9.5952,-9.4775,9.4135,7.1773,2.3755,5.6112,2.1341,-4.3096,7.431,4.8413,5.8344,-7.4219,5.3173,7.1785,3.7691,3.3854,-2.429,-7.4129,-8.634,-6.7288,1.9028,-4.4831,-1.0399,-7.0591,7.1009,5.2731,7.1074,-3.0268,-5.1468,5.5665,-5.523,1.3974,-1.6595,-3.2813,-9.431,-6.5672,-7.9657,-0.7268,-0.3589,7.5314,6.0304,5.1637,-9.1172,8.0583,-9.774,1.8915,-7.3751,4.9939,8.481,5.2883,-8.159,9.3418,6.0376,2.1957,-6.8698,5.6889,-2.1088,3.8149,5.1428,5.9866,-0.2468,-5.445,4.9481,-9.5315,-1.9259,6.5836,4.5538,-6.5461,7.1059,5.75,-2.4881,-9.2628,7.9744,5.2055,5.0223,9.4126,-6.2229,-8.567,-0.3637,0.528,5.1217,8.455,9.4128,2.2029,8.2435,7.4916,-1.7213,-0.1973,-3.4264,3.4138,-0.3958,5.4639,-7.5627,-4.8579,-0.8294,4.5949,5.6488,1.1842,1.5322,-5.681,9.4746,-8.8071,-7.8977,-7.2227,-8.4092,-9.0847,7.082,-0.5617,-2.7449,-9.9839,-5.7919,-0.5907,6.724,-8.8212,-1.5246,-0.3555,-1.8783,-9.6438,3.554,5.9587,-9.1292,-6.9953,6.7037,-5.1181,-0.7747,4.987,1.2961,-3.1168,-7.6672,6.1838,-3.448
4.2815,2.7078,5.7089,-6.9495,1.2732,1.0092,1.7571,9.4938,3.803,-2.854,6.3997,-5.0579,6.439,8.5546,2.5249,-9.9106,3.2884,-7.6206,-4.998,7.8749,3.3948,1.6749,6.8683,2.8397,4.5067,9.7077,-3.9191,-1.7851,7.8861,9.738,-0.8191,-1.5113,2.2074,-0.6133,5.3308,-1.4823,2.3027,3.7935,-3.681,9.4191,1.249,4.1079,0.5343,4.0528,4.3906,-3.5791,-7.9949,3.3986,-0.7877,-8.437,5.4435,-3.1282,-0.4558,-9.839,8.2635,8.1233,3.9316,-4.2271,6.008,6.5059,3.9082,-5.663,-8.8936,9.1124,-6.2127,8.3544,2.5705,-9.2169,3.1009,-4.3465,9.0184,8.7573,1.5884,5.9656,-8.947,3.4026,9.6016,-1.2681,-9.7225,-5.7898,2.4265,-6.8404,-8.1573,-0.3318,5.4567,-9.5058,-8.628,6.6384,-0.9849,-9.949,-1.0437,-9.9652,-8.223,-3.5569,-0.8032,5.1388,-2.9756,6.3648,-0.5263,-0.2869,-9.0479,4.0234,8.162,-5.9132,-9.8843,-4.7922,-1.8128,7.6555,6.6679,-7.7057,3.4897,-1.2847,-2.3479,-7.7975,7.048,0.7241,0.0969,-2.6887,9.6881,-3.4872,-0.0051,1.131,-7.7234,2.1287,2.3701,-2.701,9.2654,5.8527,2.8153,-1.1939,-7.7113,4.8134,5.7608,1.2948,0.8735,-3.1715,-2.8599,-0.0059,-9.5537,-1.1308,-0.1522,-1.831,8.292,4.1464,-9.9216,-1.0402,7.8053,-4.5238,5.1719,-6.147,-8.3896,-5.5228,-8.5897,4.3552,-0.7855,-6.3934,-8.0394,-1.0439,0.5171,8.9558,-4.97,9.3462,7.0685,-9.8924,-5.1184,-0.476,3.338,-8.4295,4.0463,-7.1766,-0.8149,-1.4725,-1.825,7.6096,-8.9282,8.3818,-3.1171,5.2695,-8.8654,0.2593,-0.5877,-3.9708,-8.8751,-8.5544,1.0063,-2.1452,3.1817,-7.8587,-2.2735,-3.5909,-7.4603,-4.5516,2.1531,2.044,5.0304,9.4733,-6.3413,6.9174,3.874,0.5086
8.5784,-3.6561,1.0,-3.0524,-2.2227,-3.9874,6.4055,0.1267,-3.2855,2.3637,-0.3702,-8.9489,1.7059,8.072,5.494,-6.6372,1.6204,7.2352,0.9641,3.546,-2.1752,6.8027,6.524,2.5174,-3.9796,-0.3635,-8.5105,-9.7198,0.8899,-8.3997,4.0894,-0.171,-0.4124,9.6024,0.5606,8.9981,-4.8355,2.2543,-7.7773,6.6101,6.5984,1.7138,1.8798,-3.4024,5.6448,-3.3327,-2.6524,4.4124,3.0595,-9.7904,8.9355,-7.1616,7.8736,-8.155,8.2931,0.4078,-6.9655,1.8544,-9.3371,-2.503,-6.9731,0.5131,9.1368,8.5808,8.5477,-5.6033,-9.8371,-5.7492,9.7156,-7.6338,4.4923,5.1367,1.7713,1.4768,7.8151,1.0027,3.4943,-1.9255,-2.581,-2.7702,9.293,-1.4056,2.773,2.8145,-8.2049,4.6629,-9.5065,6.2584,-8.0879,-1.7246,2.949,-6.125,8.8916,-1.9366,1.2981,-9.8898,-1.3933,-9.8806,2.0039,-5.4806,-5.249,2.3054,2.4772,-9.7362,-4.1545,-8.3799,-7.8859,0.0456,-3.9522,7.5623,-4.6844,-3.7532,-7.6081,-9.4483,7.6506,8.3461,6.3108,9.2461,9.687,6.4874,-2.8566,-1.0142,3.4164,-8.96,2.2878,6.9475,4.2968,2.4559,1.3014,-8.315,5.0252,-7.9862,-0.7397,4.896,-5.602,-3.0994,-5.3302,8.4003,-3.5353,4.7472,-0.323,2.8986,-4.3283,9.6218,-4.7437,8.6435,2.0415,-9.5374,9.4912,6.4075,9.6466,-0.9806,-2.804,-9.6169,2.2288,-2.7032,-5.0961,6.624,-0.4303,1.2754,-6.245,4.1847,-6.6628,2.9831,-2.7195,-9.6326,2.7595,0.1028,-7.7349,-3.5644,-8.3753,2.0419,4.3779,-1.1673,9.0087,8.8024,-3.5354,9.4346,6.4992,1.1131,3.799,0.6034,-7.7416,8.4622,6.6376,5.5443,6.6188,0.5748,-0.464,8.9823,9.2805,3.8022,-3.6274,-5.416,1.4473,7.3827,5.5357,7.6773,9.9666,0.4721
-3.0699,5.3175,9.7772,5.0439,0.5852,9.4157,-6.7923,0.2426,-9.1371,8.0931,-0.6638,-1.806,-7.9358,-3.1138,7.6576,-7.1143,-9.8813,-6.0653,3.5647,-6.7977,3.8372,-7.7894,7.9195,-4.0409,0.6941,7.2295,2.1635,5.5253,-8.5101,-1.7525,3.014,-8.1421,-3.8542,8.3332,7.9546,6.085,6.2696,-7.9616,8.2811,4.8841,3.5919,-2.9201,-4.3713,-8.1522,-7.7037,-2.7456,6.7861,-2.9434,-4.5708,-8.1402,3.0642,-8.0345,-4.019,-4.309,-1.6913,4.4409,-0.0919,8.8664,-3.2576,0.6214,-8.0877,-3.3343,-1.1152,-4.5149,-4.0513,3.3855,-5.5468,-9.0666,-8.9846,-9.4753,-7.1463,-9.2219,-1.0971,7.1656,0.551,-8.6117,-1.1331,-8.9655,-4.4188,1.6353,9.4918,-9.1743,5.7239,-4.0629,-1.8767,9.7339,3.7657,-4.1611,4.8363,3.3945,8.0334,9.3606,-5.9016,0.0484,1.9863,-6.7991,4.1487,-5.5149,1.2747,-0.2089,4.3372,-0.2131,2.428,-2.5866,-5.0963,-0.4402,8.4553,-4.2129,-5.67,4.0086,-1.0412,4.3823,5.8204,1.2429,-4.1122,7.6131,1.499,4.1075,2.5764,2.9455,-1.0146,-4.2085,6.4219,8.4386,1.7575,-0.7831,-1.8847,8.5169,-6.5675,-7.9667,1.1176,-0.1172,-7.5374,-3.657,-5.2636,5.5777,-5.2745,3.793,-5.5823,0.4377,6.9149,4.4592,-8.8221,-4.5026,-0.3512,-2.5324,-3.8538,5.5143,3.8538,1.1439,5.6012,0.4283,1.35,-6.1087,-6.7973,-4.627,-1.2463,-8.6352,-0.2096,-2.9066,6.3161,-6.0259,3.9034,5.457,-6.6026,0.0168,-8.4292,9.8061,-2.3317,-6.5367,5.7216,4.8997,-1.5519,-8.5996,1.422,8.8706,1.7546,5.0011,-7.7163,-5.3221,0.5214,6.8692,1.9516,-4.5314,4.577,6.0239,-8.4439,1.3909,6.4315,9.6651,7.9429,0.9121,-9.145,-5.0267,1.7744,3.2456,-0.2943,-5.1381,-0.552,0.1407
5.5024,-4.1414,-4.011,-4.3171,7.8977,-3.5184,-5.2213,0.8792,9.4806,5.6294,0.9781,-8.9536,7.0231,-7.9691,-3.579,5.3157,6.6252,-7.2101,5.382,-2.1193,5.658,-4.715,-3.2802,-4.5891,4.7666,2.4899,-1.2575,-4.2189,-4.6713,-3.5075,5.347,-3.5531,9.8159,1.0579,-0.2639,-1.0375,-0.6316,-7.6758,8.7037,0.6344,5.5235,3.443,-5.475,-4.8379,4.4239,-5.9814,-0.9681,6.5767,2.8948,4.6511,-8.0206,4.0841,3.5828,-2.8791,-0.3255,5.2801,-6.1843,-1.2054,3.7779,-3.1949,7.2932,-4.2334,-4.2777,-5.2184,8.3714,-0.0613,2.9438,3.9333,-0.9736,7.4025,9.72,5.7198,-2.5607,1.833,-6.2929,0.2062,6.7481,9.2694,5.5882,-1.0889,2.7252,8.5726,-1.5833,-7.0355,9.1062,-7.2841,5.2859,0.3786,3.911,6.586,-1.4519,9.7452,-3.5531,-4.9967,6.6471,5.0404,-4.2248,6.6152,6.4798,-5.5085,1.3759,-6.2522,-1.8643,5.2529,3.121,5.8623,-5.3606,-5.2264,-6.9624,8.7786,-8.82,-5.7681,-3.13,2.6386,-6.2359,-0.8618,-8.4358,7.059,-9.9339,-1.6001,8.1296,-5.8098,3.3115,2.877,0.9269,-1.1294,-3.5173,-2.2721,9.9255,5.1141,5.3554,-5.5843,6.5853,6.9346,-6.0952,2.8002,-8.3977,-1.3401,-0.9081,-3.5751,1.318,9.9813,-8.7128,-3.9665,-4.8546,6.2658,8.138,6.1103,-2.8862,9.4971,-5.635,7.8852,-8.8288,1.8475,7.3493,1.3471,-2.1995,-0.0447,-4.3055,0.9769,-2.6992,-4.4825,-1.5585,-7.5847,-9.0992,4.1054,1.1095,5.5348,9.5839,-7.2506,3.6044,-8.184,-8.1543,-6.9744,-4.9469,-9.806,5.4215,-1.4173,9.8823,4.0947,0.7551,-9.1407,-3.4519,3.8419,7.1479,7.6601,-4.3868,-9.092,4.0058,5.0028,3.517,-6.6191,-6.5363,-3.9945,4.2329,-6.8884,-9.3321,-6.8206,8.7307,9.1479
-1.1711,6.3864,1.6032,6.9813,-9.5385,-5.6068,-8.7353,-6.3809,6.5888,8.9326,6.3253,1.5775,1.778,0.0096,0.4434,2.1599,7.7973,-9.0154,1.3688,7.985,-9.5032,5.8772,1.2856,-7.8762,-3.3082,2.1624,-8.5911,-4.7389,4.2429,-6.5794,3.8905,-1.2652,5.6461,0.6502,-8.9217,4.3688,-5.4222,8.3336,0.7123,-7.7497,7.1854,-6.4601,-7.8501,5.0857,0.7911,-9.2718,-5.0336,-5.2825,6.4234,1.6424,3.7517,7.1142,8.6913,0.4016,0.7245,4.9466,-0.1974,6.5874,-4.7099,-6.3469,6.7274,0.8493,-9.5823,6.0802,-4.0385,-1.0689,7.9233,-9.4159,-0.5984,4.2858,2.8933,6.4942,-3.4314,9.5986,-0.8043,6.4549,-9.8672,7.2756,5.5081,4.5926,2.4839,5.7505,6.402,-3.2676,-5.8436,-9.3473,5.4513,-5.5075,6.4455,7.9245,-2.7116,-4.8695,1.0509,8.1266,6.3077,4.596,-1.578,-3.9848,-1.9881,9.808,-8.3093,-6.537,-2.6403,4.1261,3.8475,-4.335,3.0145,6.3106,1.7864,9.6382,3.5654,5.1109,3.4894,-6.1957,1.1192,-7.2399,2.091,-7.2802,7.6881,3.149,2.3131,-4.465,-2.2113,0.1575,1.1796,7.0344,1.7389,1.5816,-3.78,-7.101,5.8151,-2.7407,6.4987,-7.6266,9.0432,9.1829,-3.3009,0.7353,1.5792,7.2614,-1.0662,-2.5252,-7.9843,8.9097,-0.466,0.2081,5.2234,1.3436,-0.7988,8.8587,-3.5867,-1.0816,-6.837,-1.5514,-0.3626,-5.17,-6.8827,-2.3756,-8.4679,3.9602,-3.791,9.265,8.752,5.2599,-2.1127,-1.7223,-2.9717,-9.2757,2.7284,-9.4046,-0.4312,-3.5027,-5.3672,-0.4528,-9.0918,-4.4655,2.9132,-9.0211,9.8506,-2.4907,5.1103,9.3624,-8.5945,2.8441,-1.1505,4.9604,-2.8431,8.748,1.8039,-9.5755,-6.1243,-8.1452,-8.1599,-4.433,-6.6275,3.1068,2.4476,-8.6222,-8.453,-7.0533
8.1624,-0.5492,-2.1518,5.9119,-9.6771,-2.9137,-6.6581,-1.0845,-4.2194,-3.6735,-1.0795,-2.8393,-3.1374,7.8065,7.114,4.1038,6.6991,-0.4182,5.7438,9.912,1.9742,-7.8176,3.5654,-7.6936,4.4319,4.3569,-7.8574,-8.7929,1.2543,-0.478,-1.9896,-6.8934,7.0261,9.9862,8.3609,5.7169,-7.9763,-6.0345,6.9301,1.0241,1.8911,-0.0164,-0.0229,-9.434,1.071,-7.6127,4.9543,8.5261,-9.6373,0.171,-5.0869,3.1436,5.3033,7.3874,-6.4902,7.3113,7.6176,9.6706,-8.411,-9.4352,-1.0624,5.2759,9.2254,6.7733,3.5072,-3.9659,-2.5156,-1.9392,1.3433,-1.4317,-2.7205,0.7349,-5.5485,6.9844,8.0069,-4.6294,-2.6119,-3.676,7.3695,5.2141,-0.882,7.7593,7.0796,-6.6702,3.8274,-6.0307,-8.6658,7.9053,3.7021,6.8834,-3.8682,0.9381,-7.259,0.8824,3.5186,-2.9081,0.4483,6.1616,-0.4208,-6.8479,6.3892,2.6739,-2.9935,0.4814,9.0091,6.1699,8.1263,3.736,-0.6032,2.7471,4.6581,-8.9096,-9.894,-8.6456,3.6027,2.5064,3.308,8.313,6.8313,-2.4853,-1.643,7.5381,4.542,-7.2031,-7.7987,-1.673,-8.9621,-0.1626,-7.9054,-1.0197,-4.1093,2.437,7.0001,-8.4037,2.5775,-6.7633,7.1287,-7.2663,-0.0548,-9.7081,6.5846,9.6041,-1.0232,0.5802,-8.5082,-6.4172,7.8625,9.4975,-5.5982,-2.6001,-1.9664,2.7497,-9.2477,-6.2836,8.4467,-9.5493,-7.8595,0.2253,-4.1589,6.0469,-1.1403,-8.8148,-8.1997,-4.8776,4.6469,-6.316,3.4145,2.3038,9.2958,4.3237,8.4631,-0.053,6.4071,-3.1393,1.9337,5.1759,8.0815,-6.5143,-3.69,5.312,2.8287,0.7931,9.4616,3.5734,-8.2282,5.8841,-0.9104,-9.7862,-6.1736,2.2717,2.6389,4.6364,9.7011,4.3916,-4.2126,9.6685,-2.6558,0.3517,-1.5492,6.0107
-2.03,2.463,-8.1719,-0.9153,3.3807,4.5989,-1.095,-5.2125,-7.2695,6.7046,-0.5382,-2.5141,-8.4609,-2.1593,3.1606,6.434,-3.6344,-4.0298,-4.2407,9.2379,8.6665,-6.0345,2.1862,5.0409,0.2443,-5.277,-9.7986,4.6323,-1.0794,-4.9506,7.6342,-5.6273,-4.2591,3.3436,-7.0431,-7.6299,8.1871,-8.851,-1.0848,-5.2036,-9.4865,4.3618,8.4479,-4.1088,9.5722,-0.585,2.2238,5.3448,7.5869,3.1421,-3.6645,-3.1826,1.7398,-5.5334,-2.1069,-4.6789,-3.5268,-4.0504,-5.3386,5.226,9.9093,7.0878,6.8748,-8.7942,-6.1835,-9.961,-6.389,6.1041,3.6389,-7.712,7.329,-7.188,-0.3735,0.4865,3.0878,-4.0605,4.7983,-4.1314,-3.4633,-0.037,-6.2492,1.4176,1.0129,5.5867,9.2473,8.1861,-4.2715,5.7246,-7.5956,-7.7062,9.9409,9.0164,9.5779,9.299,-5.4638,3.5396,-6.1074,-3.0992,-2.3852,-8.7183,2.41,0.3117,3.4667,6.9773,-7.5532,5.6651,9.6373,5.6638,-9.2321,-3.9299,1.2641,9.2521,-9.0152,0.2744,-7.0189,-7.899,3.9009,-5.0686,9.4454,5.1629,-5.7168,-2.4554,-8.0004,-3.0453,-0.5833,-0.0967,2.06,2.4168,-9.6195,4.7839,5.7953,-8.2213,8.3618,-4.3154,-8.105,1.2651,9.3446,4.825,-6.2885,8.5947,-7.0749,2.4667,-1.449,6.2422,-8.9689,5.7418,5.3431,3.0098,2.2639,-4.9459,-5.4543,3.0402,9.6934,5.2634,-3.0285,2.6853,8.4688,-5.3735,6.4633,8.7274,5.4392,-5.313,-1.4426,4.9008,8.5923,6.9843,-1.8434,-4.2687,-4.5149,8.6372,2.9395,-3.865,-7.0457,5.1462,4.7596,-2.8134,-7.3501,-9.8873,-0.7135,-3.5217,-0.7355,9.5095,8.9847,6.6112,-4.1604,-8.2769,5.8302,-1.4668,4.0362,3.0008,-1.8975,7.8084,7.0467,-8.2263,6.6022,1.887,1.8387,9.7825,-7.1946,0.4318
4.3182,-2.0208,-1.8721,4.6693,4.8529,0.9425,4.3667,9.1771,7.9821,-1.4879,-1.8401,-2.8696,-0.865,-4.0762,8.3472,-6.5769,-9.4784,7.2698,1.8025,-8.6645,1.9451,5.4976,1.4475,-5.0726,0.4514,-3.2141,7.055,-7.4674,-6.1617,1.892,-2.1104,4.9241,-7.132,5.3409,-2.1803,-5.6461,1.1441,9.6535,-1.198,-4.4022,-2.2863,0.8458,-7.7054,5.0096,-6.5027,0.3355,7.5867,-4.3866,2.9911,-0.0828,-7.1171,9.7606,9.6125,-7.109,-1.5172,-7.9036,-9.1904,6.8771,-7.8757,4.8245,-1.5181,1.4725,2.9105,-3.3055,4.4065,-7.7138,-8.97,4.1502,9.4154,1.9205,1.1684,-8.9906,-1.541,4.3526,-0.835,6.4961,-2.7749,-2.0249,-4.0898,-3.6368,-0.0381,1.2172,-7.3333,-2.406,-1.6765,-4.0421,-0.6542,-1.7329,1.3336,-5.3329,1.9478,-1.6429,9.5493,0.1047,6.0362,-9.7837,-0.1762,9.368,-1.9242,-5.9825,-2.4851,1.0635,0.5105,-5.0093,-6.8089,-8.0861,8.789,9.5736,-2.6098,-7.275,-5.3108,-5.5463,-8.5617,-3.5051,2.666,-1.8331,3.8156,2.8156,6.5291,4.4657,-8.4329,7.8574,-8.969,8.5172,-7.1098,-4.8388,-7.6516,6.2574,-5.008,4.3242,-5.5254,-8.8684,-4.1421,-0.9319,-2.9039,-0.3473,1.9049,0.0201,0.4769,-6.72,-0.5936,-4.2057,8.5304,2.4274,8.7062,0.4929,0.7354,1.0583,-7.6033,-0.2353,0.4853,2.1193,4.8128,8.9361,-7.2376,5.7565,2.2616,8.6878,-7.731,-8.5279,2.1813,6.4324,2.181,-9.0666,-3.6138,-3.0625,5.9845,8.0965,9.1139,-8.6195,9.4744,8.4128,6.1372,7.265,-6.2227,9.1067,-7.3114,-8.5428,-8.0239,5.0836,7.6978,-9.7362,-6.0921,-0.8641,-9.2846,6.06,-9.949,-0.0221,-2.0634,-6.5709,-4.3393,-9.3748,-2.1305,-5.8951,-4.5478,-3.1796,7.349,1.4086,-1.2591,-6.3983
-6.4219,2.3334,-8.2364,1.7329,1.7522,9.6993,5.8621,1.6158,-2.4648,-1.8926,-6.388,5.7798,-3.7909,-3.4072,-1.9616,7.5328,-9.4017,6.6333,-7.0684,6.3133,3.7115,7.3717,6.7612,-2.9375,-2.0451,-6.4049,-4.4002,2.5911,-8.4439,2.8333,7.8345,-3.0385,7.0175,5.9119,-1.9451,-0.8583,-4.6138,-5.3648,-1.3417,2.4804,8.9328,-8.3874,-0.7751,2.3205,3.4228,-0.975,9.416,-3.2993,1.0252,-3.8776,-0.5082,-3.495,0.8866,-5.0429,-1.0199,-0.3428,9.8956,-8.5831,6.5816,6.8619,-4.5171,-5.3998,-4.3651,-2.3867,1.8979,9.1372,-8.9362,-4.9458,-6.8172,8.6628,-2.8814,-0.9009,-7.2923,-5.1801,-6.3906,7.8225,-2.0386,-8.4201,-3.7784,9.2287,7.2969,-5.739,-0.937,8.9219,-8.96,-4.5027,-1.474,-7.0249,7.1984,8.2804,-6.2514,-5.6391,-8.4464,-6.9748,-6.8351,-0.1404,4.8237,-5.7067,7.2475,2.7045,7.3153,-3.1592,0.5893,-4.1592,7.815,0.0158,5.7687,-9.0256,2.5265,-0.0514,9.7907,-6.6619,0.6126,-9.3174,-1.1222,-6.7692,8.67,9.2518,-8.0899,7.9606,8.6929,9.6653,6.116,-9.46,3.5162,-6.0169,0.2637,-3.5239,-8.009,-3.8937,8.169,5.9393,-7.8012,-7.2737,9.5529,7.747,4.2484,-6.6047,-6.9122,-7.2974,1.4701,-6.9244,-0.1992,-2.9234,-7.0839,4.3912,-5.9546,-3.6877,8.1001,-5.4785,-4.037,-2.3849,2.4974,0.6027,-2.4134,7.8396,-5.3611,-0.8092,5.0659,-2.9729,-4.1328,0.4641,7.6941,2.295,-5.5267,-6.2457,-6.3969,0.5545,-5.0905,1.5313,5.8143,-7.7703,5.2274,-8.9261,-4.1246,0.9003,2.9273,-0.442,7.3838,-0.2477,9.6654,-4.4071,8.4986,7.3862,-8.5618,-9.907,-7.9472,1.3715,4.6183,3.4861,6.4457,1.2356,-7.2147,5.958,-0.4546,7.0603,-2.0174,-8.3736,-8.7652,-8.881
-5.4859,5.9681,-1.9544,6.4242,-7.0892,-9.0044,3.134,-1.9501,-8.0211,7.0063,-7.7713,-0.6991,-4.2709,3.0237,-9.5341,8.7191,-7.2242,4.8434,4.4598,-5.3963,-5.4633,-6.8769,7.4597,9.9339,5.6,3.3311,9.6817,-9.4317,5.7168,-3.6289,-9.1494,6.1148,-4.4166,-8.4546,6.5252,6.754,1.1375,-3.4796,3.6813,-2.0465,8.5897,2.9701,-2.318,0.852,-6.8329,7.381,6.8285,5.5168,-7.0842,5.8963,-9.0054,5.1185,2.7142,-4.1399,-7.925,0.4702,-4.7274,-6.3733,8.8026,-9.8165,0.697,9.1443,-1.2156,-3.2338,1.1756,-9.8471,-2.796,-8.7809,6.4819,-9.4539,6.379,2.0367,-4.1593,9.7366,-5.5886,7.1184,-5.0443,7.8776,-7.9114,-1.9694,-9.0827,5.4801,-3.9487,6.3303,-0.1193,0.7248,0.665,2.4527,5.6456,-2.1933,-7.8769,0.2554,1.708,-5.2388,-3.1919,-9.8577,0.2234,-1.4818,-1.3468,-5.3292,-9.4116,5.1507,-2.1197,9.2153,4.1867,7.5937,-1.8196,-0.0523,9.8974,-8.9775,-4.2077,8.9641,-4.9948,-9.1248,1.6546,7.0789,-9.6045,-1.826,9.7461,6.7143,-6.8731,1.8923,-0.1575,-2.1383,-7.5675,-3.5539,-8.8252,-3.243,9.5765,-5.31,9.5548,3.501,-3.8169,-6.0425,1.1337,8.7874,5.0528,-1.3746,-8.4454,3.3059,-4.1555,6.8766,4.6086,4.1981,-9.6609,0.5775,-1.5261,-8.2666,-6.4706,-1.9638,0.7969,2.7107,6.2061,0.3137,8.6199,-6.3145,5.0353,-4.0446,-7.7528,5.3059,6.1736,1.5081,4.3314,-5.191,-6.1974,-3.0914,4.1962,6.2214,-8.5971,8.7374,5.1256,0.2147,1.904,8.7684,2.3972,-8.6923,-1.4881,4.4586,-0.7704,-4.277,-5.9162,6.258,-7.6117,-6.9356,7.4819,1.5966,-5.9694,9.6393,6.4135,7.3002,-0.5157,3.9028,8.5692,-4.9524,3.6445,-6.7245,-8.7757,-7.2632,4.1107,-8.0538
2.7869,2.317,-7.4931,4.7062,5.155,-9.2707,8.4526,5.5389,-8.6178,-6.9638,-6.2471,-9.5913,4.5019,8.0276,2.8896,5.5598,-5.9649,-7.8639,-1.6515,-4.3401,-8.2673,1.8201,2.9909,0.5266,-6.1092,3.8994,0.2688,0.9857,-0.8739,-0.4129,-8.8196,1.1144,-3.2433,3.0421,-3.8889,4.5619,3.5744,-1.9695,-8.5938,7.4468,-2.7108,2.3346,-0.9273,1.3575,-6.111,4.2133,6.3034,-5.9457,0.1242,-5.7098,4.5113,4.3967,2.9566,-3.6018,-7.947,2.9812,-3.1993,-0.1316,-5.1585,-6.0103,-5.5662,-2.613,2.181,-1.2469,2.762,-5.5502,1.2511,9.5839,-4.7522,-4.9274,-2.7517,-8.7193,-3.1238,-8.815,3.0584,5.424,4.963,1.5968,1.4456,9.9064,-9.3859,5.9001,-1.2751,4.5957,-9.4059,8.3026,-6.1177,-4.7322,4.5492,2.3758,2.0276,2.8323,9.502,6.3967,4.1122,2.9816,3.3941,-1.2877,-8.6012,-9.3969,-7.0692,-0.8672,-1.0598,-4.5691,0.9306,-0.7622,-6.8441,0.7067,-4.998,1.0774,-8.0636,1.999,2.1085,-4.7103,-4.511,9.4684,1.7618,1.6946,-3.1792,-1.7608,-1.9675,-6.9065,-4.5271,9.3105,-1.4824,-7.5461,-8.793,5.7254,-0.3238,-7.9133,-3.0962,-0.181,3.9768,9.747,-7.7135,-0.9715,-5.0919,-0.0042,5.1093,-9.3598,2.5741,-1.8684,-8.7216,1.4141,-3.0288,2.6777,-9.3582,1.438,6.4553,-2.6507,-1.2823,-8.1423,3.1762,-2.3427,1.5513,9.9569,0.1707,-0.5641,4.6315,-3.429,-3.8308,-3.0827,0.0595,-5.8915,9.0038,-7.9097,3.3352,-6.6823,8.1054,-2.572,9.8376,-7.4416,3.3441,-3.9367,-2.6214,-5.2071,-5.6318,2.1604,-3.1209,-9.9218,-7.2003,-3.0099,6.2773,8.5161,-8.5917,-0.7149,-5.5025,9.3725,-6.6449,6.1661,-1.2483,6.4821,6.7281,-3.7736,-7.2035,-0.7046,4.4994,-2.9501,-1.7424,-3.604
-8.2431,9.2849,-4.7876,0.3968,-4.4695,-0.7355,8.4952,-4.0851,5.4946,8.0319,-2.6502,9.7648,6.9082,2.3582,3.6145,4.755,7.9559,1.1647,5.0358,1.9371,6.4524,0.4538,2.8746,-4.3816,-9.1128,2.8888,-5.4453,-0.4797,0.2566,-0.1239,4.7819,-6.4189,-0.8799,7.975,-4.85,0.3087,-3.8178,1.8333,-1.2286,3.8094,6.17,-7.2253,7.5232,0.537,0.0712,0.3621,4.7164,1.2656,2.5945,9.3498,9.6254,4.8799,6.3373,0.4895,7.1147,7.8086,-0.7498,-4.5607,-7.4856,-3.587,-1.507,-3.3525,-3.2137,4.8695,2.1538,-4.8308,-8.5714,-8.5534,0.4517,-3.0267,-7.4597,5.5963,-9.5105,-1.9149,-1.2626,8.2427,3.167,-6.493,5.689,0.846,8.5045,-1.4255,-8.5232,1.3128,-0.0638,-6.4166,7.5533,-4.185,-1.6711,3.6644,-0.2638,-9.1846,3.2632,-9.2704,-4.2597,9.747,7.703,1.3193,9.3786,0.4693,2.5276,7.0097,-3.6925,5.5618,5.8785,-3.2325,2.7768,8.0957,9.6528,9.7915,1.029,-9.5945,6.3509,5.4928,-4.8268,-6.5463,-2.3977,-0.3084,-3.0558,7.8449,5.9506,8.4834,8.3404,3.2786,-1.2055,-8.7528,-1.1433,-6.3527,7.7961,-3.0086,-8.0101,-4.7728,6.9707,6.1498,-7.8645,9.987,6.7377,6.2265,0.3603,5.9976,6.2475,-8.1832,2.6612,6.7238,7.2835,2.4996,7.8855,2.583,-9.3474,-8.4756,-9.0658,2.7338,-3.2067,0.9201,-0.9379,8.375,2.3163,6.0861,-0.7473,2.5571,-6.216,8.3104,-4.8222,-6.7892,9.8366,7.7025,-3.3682,-5.1707,6.4822,6.3213,-5.601,3.3907,-3.6346,-6.6323,5.4286,5.4916,-4.5982,0.3683,6.296,-4.4793,7.3185,3.4607,-3.2881,-8.3781,-4.5535,-0.014,7.2486,-0.8991,3.8293,4.7003,2.13,3.5802,6.5384,2.0475,1.911,-9.7087,-6.2007,9.0418,7.4752,8.7497
-3.4872,-8.2006,2.1128,-8.732,-0.6026,6.732,-6.7138,5.4071,7.7968,2.3068,-1.5492,-7.5184,-0.6408,-4.1739,4.9651,6.2855,-4.0303,9.3314,3.6855,0.9066,-9.5388,-7.2551,0.8109,-6.9735,3.728,5.4679,-9.0034,-6.8211,6.5096,-4.9976,1.6921,3.679,-6.2652,7.1559,-8.9719,-7.9251,-2.8413,-7.1059,-9.216,9.7749,9.6866,-0.7965,-8.0921,-1.5443,7.608,-7.626,6.1199,0.2426,-7.1192,-9.4147,0.3267,8.1509,0.694,-8.5664,5.1571,-6.5826,2.6262,-1.3795,-9.4135,6.7757,3.9028,2.6756,3.6397,-0.8162,4.0853,-2.4721,-7.4408,-7.0034,-7.8938,-9.6731,-2.2211,-2.0339,-4.3105,6.7135,-8.0722,-4.7547,-3.8713,-4.0179,-3.7839,7.2762,6.7466,-3.5685,-6.9052,2.3721,7.9715,-9.7595,4.2745,-0.1095,1.2556,5.2686,5.1393,5.6175,-5.9331,-6.1191,4.0342,-0.1898,-6.4863,-4.7395,3.3873,4.2139,9.5496,-5.6081,-6.2305,-9.0314,-7.248,-2.3913,-4.4109,6.4344,-9.0703,2.3597,1.4402,8.6257,-1.8159,-0.7666,-7.1614,2.2454,-8.4757,3.8912,4.7706,-5.9904,-0.1533,0.4076,5.0029,2.9772,8.9001,-4.1452,-7.2074,2.9537,6.294,2.7847,1.4564,5.2703,-7.0337,-4.0643,-4.7137,-2.9184,-6.0503,3.7443,5.7236,3.6499,1.5778,5.5508,8.1629,-2.5067,-3.903,-3.0507,-3.2955,4.8537,-2.5996,-6.01,0.5081,-7.0387,-2.2462,6.6448,9.3828,7.6003,3.6916,3.1819,5.1939,8.6029,4.8755,-8.8104,-7.5388,-0.231,-5.9818,8.5013,6.3298,-2.2044,4.8515,-0.5898,-3.6444,1.0586,-5.2337,2.618,2.8108,-1.103,1.4475,5.9309,-2.2251,-4.6434,-8.4484,6.6074,5.5178,4.5842,-5.4568,7.4809,-4.0569,2.2575,7.0765,7.1213,1.9518,-8.8136,5.1985,9.4404,5.9936,8.8756,-2.2309,-1.0277,-2.4026,-2.4467
-7.9572,0.4025,-0.829,5.0278,6.2567,-0.9415,3.4381,7.1215,4.3412,-7.4132,1.5577,4.0034,5.2774,2.9237,-0.0318,-5.2979,0.4763,-6.3406,-8.5743,-3.2717,4.8571,7.2084,-7.7632,-9.6102,6.8878,0.033,3.6259,9.1781,-0.5306,-2.2834,7.4224,-1.0888,8.3212,7.101,5.1126,9.1072,5.422,-8.2673,3.625,4.688,-9.3494,0.0406,-0.3479,2.6242,7.9651,-6.1327,4.1128,-0.5339,-9.1394,2.6714,9.3527,-7.4937,-0.9749,-0.5254,1.16,2.6623,6.1927,-1.739,-7.4735,-2.499,8.9527,-6.117,0.667,9.9716,-9.0658,9.5791,-6.0498,-3.8152,-1.4743,7.4252,-3.855,0.0802,2.9506,7.5765,-4.0258,7.9423,-9.7772,-3.6592,-1.9441,-0.4055,3.8589,-2.7809,3.7944,9.2822,-2.1287,7.478,-3.2594,-1.0231,7.4954,-7.3692,-7.762,5.7109,-3.1487,8.8707,4.3623,1.7973,-2.4782,-2.0788,5.9692,-5.2797,-0.0526,3.3825,1.2598,-8.1913,-2.4671,5.8409,2.7363,-5.6452,-4.1506,2.8428,-3.4956,-1.6302,9.2772,-4.9446,-9.2382,3.5734,-9.1178,1.1463,-5.1146,9.7113,-3.951,7.852,-0.0493,-0.9967,-7.7835,3.2951,-3.6138,-8.6379,-4.9417,1.0369,4.3348,4.4873,-2.7152,8.287,6.9758,-5.9882,2.8927,1.6151,-3.4252,-1.4815,8.6598,-4.6986,3.2335,3.1861,5.9794,-7.3295,5.6497,2.4678,8.004,-6.5664,-0.5951,1.078,-1.4479,-8.1018,6.7832,-1.7029,4.9246,6.2063,1.4073,9.7363,8.7053,9.5567,-1.5126,4.9042,-2.6217,-6.4819,6.4684,-2.0915,-0.152,1.0702,-5.7855,2.211,-5.4799,-5.0017,-3.1224,1.2593,3.0479,-9.0949,-3.1858,-7.2684,3.5072,-0.2207,-9.2518,-4.0516,1.9519,-3.401,1.0276,1.3877,-5.4235,-1.8898,-7.3428,-8.7433,7.0501,1.1927,-8.8152,4.5333,4.1139,-1.6384,-7.2904,1.2201
3.3655,7.9372,3.872,4.0802,-4.4932,0.711,-4.4712,5.5035,-6.5471,2.7491,0.0043,-3.3167,-2.724,-0.1048,2.2391,6.1293,-8.1384,-2.1099,6.6161,2.9364,0.1901,-5.4949,-7.3676,7.3654,9.6188,-2.7031,0.0393,-9.798,1.4829,8.6845,-4.5131,4.8283,9.5572,-6.5969,3.9086,-7.1229,-7.3968,8.7892,1.272,9.2173,-5.0127,-6.138,-7.2483,-8.5654,-9.7946,-9.9666,-4.8847,-9.8284,-0.8453,7.5882,-2.6084,-8.4774,2.9296,-4.1216,0.3246,2.279,-6.7253,9.8356,-6.3665,8.5888,4.0209,-4.271,1.9724,4.4115,4.8448,-6.9391,2.7797,9.6082,-2.5983,-8.2309,1.416,-4.9213,4.9348,-7.7338,-4.2984,1.9673,3.6649,-0.0961,-0.6099,0.6012,4.545,-9.389,-7.3085,-8.9848,-2.4703,-4.2754,5.095,-5.8138,0.1521,9.8049,8.4674,-6.673,-8.9764,0.2982,-5.5266,2.5191,5.9958,5.6532,3.4602,7.6946,3.1732,0.8259,-4.7316,8.948,-0.3176,8.1227,4.9818,8.4984,-7.9412,6.545,-2.8148,5.6291,-4.7098,-8.2838,3.7522,0.7061,-8.8101,-3.7956,-8.5269,6.2604,7.2939,3.8087,3.9789,6.7929,8.2968,-5.0486,-7.5071,-1.8199,0.067,-2.4872,-0.6944,8.8964,-5.4216,4.2329,-5.7534,1.8303,8.4532,1.8603,-9.0862,6.6316,8.6609,-6.4536,-5.2882,9.0208,-7.3507,6.2451,-2.1481,8.9474,2.5602,-9.1192,0.1375,3.9443,-6.5718,-2.4267,-7.6413,-9.7485,-7.0928,-0.3899,-5.6789,0.0235,4.4038,-5.9419,-1.1141,-4.6284,-8.533,-0.2019,2.7724,-9.5103,-2.3739,-4.8917,7.9395,5.4156,1.6921,8.2969,0.3488,-9.6119,1.5449,8.3669,-9.6875,-7.3044,-7.1008,-9.0178,0.9608,9.6178,9.6516,2.1368,-2.1338,-2.0265,3.5084,4.9639,-8.7516,-3.464,-7.1044,-1.194,9.9791,7.367,8.1882,1.7373,6.9966,7.1091
9.1334,0.302,-9.4436,-4.7334,-2.8093,-5.4665,-0.7746,0.7265,6.778,5.1016,8.3293,-5.4869,5.1895,5.0259,6.0953,8.2504,3.4132,-1.5961,1.7239,-2.4527,-1.7513,9.8561,8.0991,7.5221,4.5941,-2.3687,-0.073,-8.8759,8.7667,0.8815,1.549,-3.3184,4.5595,-5.775,-7.6339,7.4126,-6.6405,-4.3728,6.6923,-1.7961,-7.389,7.9696,3.1523,-9.9334,-1.8694,0.6918,4.5797,8.6855,-9.3506,1.7475,4.1037,-2.263,-9.0705,-7.6093,3.8611,3.3583,-1.1627,2.404,-1.5715,9.4004,1.9605,3.56,-3.7357,-9.1245,-4.4861,6.3103,6.9388,-9.5818,7.9705,-2.6056,-8.4023,1.7663,-2.8557,7.7785,-2.3409,-5.4501,-4.47,-7.4484,2.2608,6.1879,4.6814,-0.7204,5.1742,8.6404,8.7262,-4.8412,6.2485,-3.8782,-6.2881,-8.1656,-4.7371,-1.0169,-0.4511,9.6455,-9.9423,-2.4996,9.1898,-2.3561,-0.6495,-4.7795,9.1375,4.1645,-7.0417,-7.0066,-0.2041,7.4247,-7.4636,-0.3353,-2.3957,-3.8913,-2.6152,-5.4822,6.6785,0.1223,4.5608,1.2637,-7.0789,-6.7681,5.6248,-0.2138,8.9229,5.3421,6.2401,-3.0525,-3.5494,-7.5606,-5.3311,-8.6428,-5.811,8.6694,-4.0043,-6.6167,-8.3229,-8.6526,-2.1458,-5.9218,-1.7373,-3.5467,-3.2559,9.0428,-5.5969,2.0067,1.8086,5.2592,1.0841,-2.3936,-0.4583,1.4349,6.1699,5.536,-5.0528,-1.3488,-6.9723,6.878,4.9486,1.3198,1.7125,4.846,-5.076,-7.9552,-7.2374,-4.3258,-9.3244,1.4565,-4.3101,-5.7641,1.7689,-7.0655,0.7846,9.0012,-9.5196,-1.5082,3.1468,-1.9794,-7.8602,1.6697,-8.0254,-0.4004,-9.599,1.1967,2.7051,-9.174,9.8301,-0.1113,-7.8204,7.2717,7.8775,2.6739,2.4307,2.0555,-1.6662,2.045,-3.2184,-3.9823,-8.9464,1.4007,-7.0446,5.7333,-8.4042,-1.9497
-1.6607,9.8723,8.6944,-8.8881,8.8493,3.6104,-0.8046,-0.3251,9.1541,-1.1936,-0.0438,7.3963,-2.2025,-5.2509,8.5254,-9.5224,-6.8679,-9.4328,-5.2926,-7.9725,-9.7517,8.8858,0.3263,7.2756,1.0565,-6.2636,-9.451,-6.7194,-1.3909,6.8102,5.5606,-8.7813,7.5494,7.1387,-5.6056,-7.1375,-0.7069,2.122,-4.839,3.4851,-1.8667,4.5243,5.5993,4.1484,6.6648,1.4605,0.2522,3.1894,-9.8254,6.4157,-7.7015,9.4516,-6.5381,4.2315,1.4853,0.8457,-8.025,-6.4697,-6.9661,-0.5098,-0.5345,8.9878,-7.6574,6.7076,-6.4933,-0.0951,6.0319,4.6921,-7.9451,-3.5949,2.2063,2.4764,8.0837,8.3633,-4.005,-2.4374,9.2872,-1.9416,-0.5436,-0.605,2.6321,-8.2437,-2.5749,3.161,-1.6937,-3.0566,9.6982,-6.428,1.0984,-6.552,5.5578,-9.5071,1.1913,-7.4274,0.3384,-5.9193,1.9517,9.111,-9.2682,-0.2761,-8.8072,-2.8693,7.2281,-1.861,5.0333,-4.8466,-7.3192,5.9524,6.4982,-8.0949,3.7961,-4.8795,6.6774,9.3466,-0.7213,8.695,-5.7603,-6.5168,-3.1289,6.203,-5.7254,6.453,3.3705,-1.0276,8.1734,-8.3202,1.7245,-1.3194,5.5108,-0.4507,-9.627,-3.766,-6.1995,-7.3353,-2.9389,1.2469,-3.8128,-3.2052,-6.0006,-6.2243,-7.684,5.8551,-0.3958,2.7096,-5.3472,-0.316,-4.8229,-2.4136,0.5441,-3.2505,5.6105,7.3094,8.1996,4.0651,-6.7706,-2.9256,-8.5566,-9.3584,9.7937,5.7871,2.1532,1.6722,3.0395,-8.8979,-5.4057,4.0726,5.0315,-8.5717,3.2011,5.8774,-3.0046,-2.0857,-6.247,2.6491,6.8544,6.0863,7.634,-4.346,-0.1549,-7.1107,-3.4871,-6.9623,3.2544,-3.8468,-9.3108,3.9166,1.1778,-2.6065,-8.6587,-2.7702,8.3528,7.1694,1.4642,-5.9589,0.4818,9.4311,5.8965,7.648,3.5141,5.1891
2.4021,2.3183,2.9537,-8.5042,9.3829,-9.579,2.6997,8.6774,-8.762,4.9978,0.9955,4.3269,9.436,4.2393,-2.6245,-9.5398,4.4339,2.4262,6.4593,1.9841,-0.4032,-3.4964,6.119,-6.7005,-4.7027,9.1006,-0.5837,4.4706,-8.7372,4.0329,3.9197,8.6469,5.2007,-5.9115,-9.0354,5.878,-8.4146,9.5395,-7.8102,7.9425,-0.4004,3.3356,-6.2393,4.3287,-0.9309,-0.9912,7.1632,1.0291,1.0574,-5.56,-8.8539,7.0924,-8.4127,-5.6541,4.7279,-0.7148,-0.0479,-8.6461,-1.0746,8.7769,-8.1311,-5.3452,3.3314,0.237,-7.2348,3.6851,-6.0728,7.441,-7.0145,2.3623,2.2007,-6.8974,6.2834,-3.3411,5.1664,1.971,-8.0935,-6.5406,-3.2019,-1.5242,6.2404,6.9826,5.044,0.0397,-9.4281,-2.0611,3.2044,4.4895,4.7696,9.9631,-7.176,7.9474,-9.7099,-1.168,2.8404,1.801,-9.4242,-5.4787,-8.5234,-7.0868,7.1263,-1.501,-3.3467,-0.6376,-4.0536,0.3233,-2.0051,7.3517,8.6066,2.9583,6.0786,8.7101,-8.3257,8.8896,5.5331,-4.247,7.405,-5.8997,-0.1147,2.9222,-6.0347,-1.4653,-0.4807,4.9634,7.8376,-9.0081,5.0264,4.8233,-0.9081,-4.823,-8.7067,-1.8085,0.6855,9.8096,2.8049,-2.3907,5.6688,2.2939,-6.0422,-3.9025,3.8328,3.5704,-8.2051,-6.7791,-0.358,3.0671,2.4339,4.2228,9.7517,-9.923,-7.5241,-1.6921,-6.9858,-2.2132,9.387,-3.5204,-1.0091,4.1387,1.668,9.4543,-4.2355,5.6576,-7.2146,4.464,7.8753,4.4415,5.5029,3.271,9.2607,-6.2172,2.3477,7.905,-5.0237,1.9298,7.9121,-4.569,8.2854,6.0204,6.7184,-6.9937,8.8278,9.7082,-3.7693,-3.8807,7.8803,5.8915,-0.8555,-9.7559,2.8198,1.4833,-7.9325,-6.8183,-7.3586,3.5258,-8.8687,-6.7416,1.4801,3.0052,0.0438,-2.4175
-8.3233,2.5857,-6.8197,-1.3489,-9.4915,-7.7823,-2.2053,-3.5611,4.1699,5.1402,-1.3985,-1.4432,-4.1673,-8.0224,-5.3014,3.3596,9.0349,-8.0317,-3.5668,-9.4596,-1.4321,0.599,2.1265,8.1268,-6.8825,4.4681,2.5616,7.0291,-2.5111,1.9674,8.8613,5.0827,-6.9099,-5.4099,8.775,-1.4274,-7.6096,4.3388,9.6608,-9.8019,-1.8876,-3.8738,8.8245,4.1899,-5.962,-1.66,-5.2782,-2.1688,-6.4761,-2.4244,-3.4758,-1.9763,-8.646,2.6932,-1.1803,-5.7272,2.2343,8.0281,-3.9133,1.3524,-9.1598,-9.4233,-5.1828,-1.9544,5.7948,-7.9044,8.8128,5.8535,4.1546,2.5284,1.0097,2.7425,8.8394,1.2948,-9.3582,8.6556,2.3999,-2.1451,-5.606,3.564,5.4105,-8.7205,-3.6289,6.6771,7.7345,-5.4092,-6.2245,0.0018,9.9092,6.8315,-0.935,6.9067,-2.7983,5.4033,2.3214,7.1403,6.4917,6.5641,-0.4012,-9.7337,-5.4519,-2.6369,1.1598,-9.6958,-3.8102,5.2059,-1.1051,-6.8559,0.26,6.4315,-2.3628,3.4425,2.5187,7.8123,9.9261,-4.367,0.0111,-3.4836,-1.8804,-3.871,7.5582,-4.3914,3.2385,-8.3459,-6.3735,-7.773,4.5118,9.0906,7.0025,8.9353,8.8613,-3.1568,-1.2703,1.3662,6.3158,-0.0951,-9.3889,-8.5312,5.4306,5.3104,1.8543,4.6629,-2.7842,-3.8305,-1.3369,2.4651,1.0794,-3.8022,-1.0619,-9.2069,8.195,6.1085,2.6361,9.8481,3.1133,-6.5546,-9.7227,4.177,-3.9221,2.4596,8.7571,0.8265,9.6528,5.0145,7.6191,-2.5793,-0.0637,1.0703,1.7449,8.8516,5.1794,-9.245,8.257,-1.4875,0.8541,-0.2431,1.4432,-3.549,5.9849,5.1325,9.1601,7.4467,-8.6628,6.4555,8.3994,-3.0657,-5.3593,1.2128,8.0986,4.5402,8.9655,-2.5631,-3.371,-4.0829,5.2439,-8.8938,2.6137,-8.1049,8.0304,-5.2374
6.8744,4.4975,-9.9758,4.5196,-3.8266,-8.7267,-5.2942,5.5135,3.3222,9.664,1.314,2.3652,-4.8931,-1.5909,2.2974,3.5269,-3.4903,3.0117,0.0517,-5.4265,2.9543,7.6467,6.2251,-1.9621,-2.8846,3.5205,5.9537,-7.6564,-2.3318,7.5387,-1.3267,-9.1306,-7.764,-3.3925,-1.704,-1.8853,3.2943,-9.0621,-3.9423,-3.9394,-0.8067,-3.7802,-5.0056,-7.9796,-2.4328,-6.2652,1.1124,6.3759,4.8674,5.3758,7.7546,-1.6484,9.9681,-3.9495,6.1319,-3.5193,0.5156,0.2816,-2.5352,4.2081,5.7131,-4.7985,0.8504,9.4826,-8.9141,-8.3335,-1.1361,-6.5231,-1.1858,8.4614,2.3483,-3.9659,-4.2173,-1.9039,0.4613,-0.2031,1.7294,6.9906,8.1546,-9.4849,-1.2911,-8.9528,5.6529,4.6221,-2.1612,7.7199,4.7416,-5.7218,0.1439,6.1369,-1.5072,4.5359,7.8622,9.2798,7.9552,4.9438,8.348,0.5848,-2.0298,5.0756,1.9121,-4.1006,9.6267,6.5222,-9.0478,-7.2644,6.3157,-4.6224,2.4996,8.9725,-4.9796,-5.472,7.4511,-0.3599,4.4819,4.86,1.537,-4.449,-5.3639,-1.5805,-0.1344,1.2934,0.0492,6.0458,-0.3252,-6.6511,6.2309,-3.774,0.4621,-0.1153,8.308,7.4799,6.8288,-0.363,-9.2904,8.3909,5.1856,3.4988,3.9241,-6.4755,5.964,-3.1744,6.1801,-1.9638,-6.6797,-8.148,-9.2577,5.3428,-6.0611,1.1115,-6.4441,9.2551,-8.5226,-8.9041,-2.8003,-4.9395,3.288,-9.4599,-4.0033,-1.2089,7.2562,-4.2588,-7.2247,-8.8166,3.1696,-8.7886,4.6958,2.0206,1.5945,-8.6021,8.8933,-7.4515,2.1105,3.7499,-4.4406,-4.5323,-6.5736,-9.1903,-9.9784,3.4411,4.7102,6.6217,5.4731,-8.7624,-1.4822,2.805,2.0753,0.5894,8.8535,1.9634,-5.3057,-9.2728,-2.4022,7.566,-2.4544,-9.3383,0.3008,-5.6521,-3.5645,2.8495
-2.699,-5.4431,2.2559,9.1683,-6.7997,-1.4616,-5.2905,-4.8861,2.8503,-6.8636,3.0109,-2.2658,9.5245,0.7027,1.0281,9.7655,-5.2028,7.0171,8.4201,-6.1929,8.3405,-8.1089,5.5554,-7.5345,-6.7154,9.3714,-4.9284,5.1573,-0.1101,4.3614,7.9465,1.7046,6.6271,6.9609,1.6246,-2.93,9.326,8.6529,3.7153,-4.6056,-7.5082,4.1189,-3.775,-5.1403,-6.1893,1.4168,-6.0818,1.1144,3.9314,7.4897,-7.3289,-0.1972,-7.3789,8.2347,-3.122,9.0531,1.1896,-0.1643,-8.1881,-1.171,-9.9299,7.9398,3.9878,5.0988,-2.5992,6.2199,-0.1147,-8.0658,-1.3445,8.3409,-9.9073,-8.5551,-5.1603,-3.1313,0.2903,-6.1823,7.566,9.374,-0.7714,5.9775,-4.7545,0.7644,5.1794,-8.6836,-0.1675,3.9284,0.8048,-0.3942,-1.2712,0.4621,0.1149,4.7612,5.562,-7.4717,-1.1781,0.3015,-5.4561,3.721,-2.0484,-5.6379,8.2053,-0.1119,-6.1292,-9.546,5.5317,-3.9991,5.9299,4.3187,8.0393,1.4038,5.0433,1.8673,-6.1585,-1.1572,3.635,6.213,-1.4109,-4.8643,-1.7731,8.9012,-1.895,7.7132,3.5627,5.9253,9.0348,6.5069,-7.4102,9.9507,5.1651,-4.5349,-2.7818,-9.5229,-2.5191,2.2981,3.9581,4.8998,4.6364,5.0718,-3.4543,-0.9946,4.2524,-1.2754,-5.3183,-8.4,-9.525,-2.7721,6.681,6.661,8.771,4.4314,3.1789,7.336,9.9582,-6.9077,-3.8262,3.7489,3.7615,5.3099,-8.2743,8.8402,-3.8808,9.2842,4.3043,-1.9944,-1.9119,-0.1739,0.8815,-3.8251,-9.9789,4.0641,8.1814,6.0884,0.5241,5.9512,7.1924,-1.4645,-7.9964,7.07,9.9514,6.6562,-2.3993,5.5031,-2.791,-2.3596,-5.1002,2.3694,-2.4422,-3.2494,-7.6331,8.9794,-7.099,-9.1669,3.4742,2.1677,-4.1173,8.4222,-1.4478,2.0015,2.2594,8.6491
5.3927,7.0362,-0.1382,-8.8819,9.621,9.4293,-3.6158,5.7303,-7.7264,1.3038,0.4522,5.5973,0.0339,8.8191,-7.7539,-1.0127,-3.5246,6.8271,-7.1769,6.6234,-8.7511,6.0098,-2.2308,-9.7969,-9.0094,-2.1369,9.5953,-4.5883,-5.1887,9.9922,-6.2676,-0.8536,-7.5187,-4.8338,-1.7028,-4.6618,7.1309,-2.3732,0.0788,-0.6441,9.9591,1.1628,-6.4945,5.3264,-0.9066,-4.0391,3.2989,-3.6104,4.1458,5.7024,-8.5959,3.4911,2.348,1.1731,-8.4439,-5.9869,-3.3368,8.4944,7.1665,-0.5325,4.7579,6.0103,-0.2254,-0.0227,9.9752,6.1095,3.3404,6.7912,0.3922,7.2998,4.2742,2.9576,-6.2793,-9.5762,2.5892,-4.8971,-7.9659,2.5392,-5.8336,-3.7525,-2.118,-2.0055,9.6244,3.938,0.8129,0.5201,-0.628,1.6212,-9.8906,-3.0736,6.0023,-8.0421,8.7752,8.5379,-2.8722,-2.5332,6.2588,-8.6385,4.5501,-6.4694,-1.7824,2.1053,9.5971,4.9805,-0.4002,9.8697,8.4225,7.6745,6.4749,2.898,-9.995,5.1542,7.6897,-4.6953,9.5671,4.4705,6.9218,-4.1788,-1.8012,5.1835,-3.381,-4.9062,-3.6166,-5.5296,8.6437,-6.1881,-6.1257,3.7207,9.1635,2.3349,7.2891,-7.0586,3.3637,-5.0686,-3.8941,9.1688,-2.4953,-4.1787,-5.5805,-4.3013,7.5835,-4.822,4.8363,-7.7019,6.9857,0.8756,3.1195,-1.9997,8.5299,-7.5171,5.0072,-6.0036,-4.4286,4.2925,-9.1224,4.6955,6.5791,9.1777,0.571,-9.4361,8.8086,-3.6101,9.1444,7.9431,-7.257,7.2452,5.7213,-8.5254,3.9429,-4.3161,4.6111,-5.1679,-7.6826,6.7268,2.1079,-7.0847,0.1757,2.0738,7.8254,-5.0826,-4.4695,-4.8485,6.6812,-1.9561,6.2016,-1.1484,5.7877,2.2886,-9.5801,-6.8815,-7.9835,3.4358,6.4892,-2.3665,-7.8692,4.0705,-6.4154,6.8481,4.6464,6.0107
-5.4863,-5.9106,5.4352,1.9328,-1.8469,-0.0649,7.7023,-8.2365,-6.3867,-8.8229,-1.4465,-2.006,-0.5437,0.5219,-3.0604,9.1261,4.82,-3.9374,-7.8866,1.6376,0.0809,-9.9499,1.7689,7.9721,8.3712,7.0714,8.1051,0.6885,6.819,-2.0915,5.1524,-7.0197,-5.4359,-2.3365,-6.8296,5.3132,7.5105,-2.0013,-4.6327,8.1728,-8.4807,1.5907,8.4307,-3.1135,3.4097,4.1546,-6.1757,-8.8712,-0.9154,-1.7452,-4.9823,-0.9652,0.8522,-1.842,7.9733,-2.6104,-3.4116,-7.6603,3.8594,4.2623,-7.9734,-1.5626,1.4429,-0.3727,5.5812,-4.4343,3.7366,2.4933,8.297,-4.2688,-2.4304,8.1254,7.5668,-2.3452,4.9233,-6.2834,-8.8907,-5.7259,-3.1544,3.4891,-9.6894,9.2018,-4.7735,0.2486,-6.7233,-7.8042,5.1107,8.5203,-2.2967,1.1342,-6.9248,-3.6192,-3.7765,3.4803,1.7325,-0.8098,-9.2338,-4.2358,9.7929,0.8238,-3.8128,0.5041,-5.3394,-7.8942,3.2376,7.4814,-6.2762,-9.0029,-0.5219,6.9543,-6.9849,9.995,-2.5912,-3.0774,-4.3859,4.1557,-4.5891,3.5103,-6.9411,4.6437,9.4357,0.1354,8.511,-8.8164,7.7679,4.2668,9.7044,6.4941,-1.1257,4.0742,-4.7863,-5.7844,-6.995,0.3191,3.8409,4.6339,1.9685,-4.8299,-7.9602,-0.4024,-3.6132,4.4942,9.0201,-5.3197,6.3234,-2.1864,-1.1826,0.4694,-4.33,4.7019,7.7265,-9.0874,-2.5354,-6.8843,4.2865,-9.8627,1.5862,2.113,-1.0189,-7.3574,4.8938,1.5952,-6.3187,4.4137,2.3475,-7.8537,2.8875,9.9498,-8.0023,-5.0453,-6.6781,7.6489,-4.9307,1.5288,-8.5492,-0.2398,-3.1221,-6.3956,5.7304,1.7521,1.6498,7.3217,8.4131,9.0586,-0.2509,6.116,-6.5715,-5.0979,5.7014,-3.1581,-3.0419,1.626,-5.5182,6.1059,-9.9596,-8.3028,-3.7836,1.5295,2.9702,-4.6274
5.5156,-9.1806,-2.2431,-5.8558,-5.5242,7.912,5.4402,3.6249,0.5502,-3.4042,7.5081,-8.0279,7.2131,9.5122,8.8363,-8.0908,-4.118,-6.7626,-2.3528,-0.3733,-6.9129,-3.9504,2.9437,9.9905,-3.1864,-8.7362,3.8803,2.5329,-1.1182,7.6081,2.3201,-6.1863,-3.446,-3.3283,-9.9801,-3.6696,-7.8638,2.6014,-0.8157,-4.4238,8.9595,4.1562,8.1736,7.5288,-1.8472,1.6383,-7.8575,-0.078,7.0355,-4.0544,2.7292,-0.839,1.9584,7.263,-5.83,7.6771,5.9713,5.6778,-8.0183,5.0412,2.8945,4.6792,2.4406,3.193,1.4502,0.6354,-5.1553,-6.1489,-6.4532,3.9067,7.2463,-7.0381,-1.3129,-4.4236,6.0073,1.2154,-6.5143,8.8347,-0.3979,9.6226,-9.2802,-4.4992,7.8792,-6.2235,-9.3704,-6.9568,5.15,3.3672,-7.7863,3.0503,-9.2414,7.8731,6.1774,2.8754,-0.9674,-4.7669,7.6692,4.8227,-8.4266,2.9901,-7.2062,-8.5791,4.3106,-7.089,-4.9846,6.4043,8.1545,-1.4188,-8.0714,2.4096,4.1191,0.1841,8.1161,-3.1414,5.7802,-3.2142,9.0668,-5.8356,0.5685,-5.2857,7.9107,-0.5627,-4.4659,-6.7907,5.237,0.0374,3.5576,-2.0489,-5.6371,-3.6629,4.3506,-2.0359,6.1442,-8.9334,-3.6181,1.4699,1.4669,3.7606,5.3307,-2.0807,-2.2066,-2.184,8.4551,-3.8077,2.9904,8.6343,2.1869,-0.9926,-5.456,0.2432,7.4283,3.0809,-9.1298,6.5059,9.4063,8.1208,1.9393,-5.7277,6.4477,-5.4728,-4.1765,1.4278,-2.4058,8.2858,1.4321,0.7073,6.4457,2.2518,8.1865,-9.7309,-4.0209,-6.5075,4.5997,2.7878,7.6888,2.2393,-8.2899,2.5531,7.5591,4.5387,-7.4011,6.812,-2.0809,-5.031,-7.7941,-0.2285,9.7324,-2.4971,-3.0956,9.2414,-9.5601,1.2769,-1.5616,-9.3288,-1.3204,3.1322,-1.4905,-8.5674,-9.7187,0.898
5.4389,0.6698,7.3258,-0.1465,-9.0485,-2.1441,2.2496,-2.5222,-6.4652,8.839,3.4767,9.4727,-9.5208,-5.2678,9.2801,-9.8755,-9.2046,-0.3073,2.4492,0.6741,4.7796,9.3457,-3.7736,9.715,5.6268,7.4049,4.7067,-4.5876,9.9061,-6.282,9.6768,-4.6507,-2.4782,-7.7962,-6.0763,-9.6574,0.4068,-0.2636,9.8763,-9.9399,0.2143,-9.0647,0.3564,-1.6286,-5.0122,-8.5486,-2.6768,-0.7006,-2.6007,1.9954,-2.1238,-4.4012,-5.3308,7.8973,2.1891,9.0922,0.1894,1.2854,5.5849,-7.1663,7.2699,-2.6982,-4.7204,6.4445,-8.9845,6.2432,-1.2356,-5.7338,-0.6239,2.1333,-7.3444,7.7037,6.1069,-2.9948,0.2874,-9.7854,6.1306,-2.6897,-2.7533,1.8843,-0.8307,6.7613,-1.2013,6.9693,3.5268,-8.0039,7.721,5.4271,7.0347,-9.1473,9.5791,0.2136,6.7058,2.7976,0.7739,-2.303,-4.8887,-0.5111,2.7541,9.8214,-4.0007,3.8005,-3.915,1.9141,1.3994,-6.3716,2.2824,-7.3143,6.0615,3.1923,-7.7611,-5.949,8.9131,5.5388,7.5532,-8.3615,2.4513,6.3419,7.914,-6.8563,-4.8905,6.583,4.0138,-6.9953,-1.3616,-6.8354,9.5549,-6.3461,-5.0581,-0.4348,-7.7198,3.4283,-0.471,4.6706,-4.3997,2.9716,-3.0288,3.1628,-4.784,1.0338,5.4823,-5.4083,-1.0075,8.3979,3.9084,4.3085,3.262,-3.1038,1.9008,-4.3696,6.6849,4.9512,-6.4534,-9.865,-5.143,-2.679,-5.375,-0.1266,-2.7369,6.3027,-0.0736,-9.1418,7.2665,-0.5935,9.4313,-9.5579,-6.5123,4.6661,1.5376,-4.4849,-2.3517,-7.4748,2.8906,-1.5056,8.4682,-2.2102,0.6696,-2.0782,-5.7957,4.8247,7.6133,-1.143,-3.2642,0.0972,3.7483,2.3088,3.5686,7.3921,-0.5482,-0.6455,-0.6572,6.5455,0.7955,-9.9934,0.4292,-6.1957,-9.699,-8.3731,-2.1688,-9.701
0.2347,3.8846,4.7035,-2.7276,6.0815,6.4281,3.9317,9.018,-5.3139,-0.7925,-1.2294,-1.6149,-6.8051,-1.8834,-7.3249,-9.6991,0.1356,-1.2084,8.1165,-2.9024,5.1665,2.4539,-9.4335,7.6176,-8.4169,-0.6968,-3.443,-2.7376,6.296,2.7292,7.6578,0.5984,-4.3211,2.6276,-1.6872,-2.9553,-8.3592,8.3143,2.5434,3.0452,-1.0902,2.6288,9.3947,-0.3707,-1.0936,-8.1443,0.1703,8.1722,3.7918,-2.2864,-8.1933,-3.0814,4.2408,2.5621,1.4112,3.8673,3.6071,-3.4481,-4.8353,-8.9409,3.8159,-7.4053,-6.7452,2.8319,5.0076,-0.0133,-9.3269,5.8175,-6.3572,-0.1142,7.3474,8.7028,-6.5343,-9.0337,-7.683,1.2364,1.9116,-7.9046,9.016,-6.2236,1.8031,-4.541,1.1356,-7.1663,1.9016,1.0867,-6.1136,-9.3147,0.2346,-9.5092,2.8206,-5.8013,-1.9283,-8.3901,2.903,0.4225,-1.7612,9.1838,4.004,0.2809,-9.4502,0.6409,7.8555,9.6189,3.5772,0.5522,-0.9454,7.7545,-0.5583,-5.6373,2.8218,9.6066,-5.8034,5.7022,-1.9262,4.3709,2.5399,7.7576,-3.2018,6.2686,-6.9686,-7.4191,3.7544,-1.2099,0.0804,-0.8052,4.8433,-0.6189,-5.5025,2.9493,3.3831,-0.854,7.0694,0.3019,-0.3865,-0.4336,-9.5775,7.4531,-0.1858,4.4565,4.1205,1.3057,6.0627,-6.991,-7.9142,-2.5766,6.5826,-2.4025,7.7986,6.5684,2.9934,8.0363,7.1669,6.02,-7.0568,0.3127,-7.6816,6.2282,5.1708,3.7093,-1.0986,8.219,-6.0676,5.0882,6.3359,-2.375,9.6097,0.0029,-2.3202,-8.1987,0.3227,8.6809,-9.6304,8.1605,7.769,0.7277,-6.9376,9.7058,6.2017,5.2425,-0.6279,-7.5206,-8.3722,4.2247,6.2339,-3.0533,9.5614,-3.056,-2.4591,4.3586,-7.0292,6.4187,6.1436,6.4104,3.4128,9.0366,-9.0287,4.8824,8.4528,-7.5271
-4.8965,-9.9365,-6.7546,4.3674,1.9021,2.7652,-0.2762,4.6163,-3.9923,-9.0269,6.7103,5.3817,7.2196,-7.0052,9.8219,3.9712,-5.1923,8.7438,-2.9597,9.0483,-2.2204,7.4987,-4.9248,-9.5433,-2.946,2.2629,9.2025,-1.1431,5.2739,-8.6003,-8.5872,2.3401,-6.7297,-6.6246,-9.3592,9.4524,-0.493,7.1909,-6.2709,6.1078,1.2447,-5.0301,6.4203,0.1873,0.307,-9.1865,-2.642,0.3815,-1.4424,-3.2945,9.1589,2.093,2.6591,-5.2738,-8.5103,-7.4035,-5.2099,-0.4247,7.6408,-5.796,-2.8863,-6.1791,5.6589,1.4452,-1.2536,5.765,-0.6299,-6.4318,-0.4984,2.838,1.2489,0.8496,-9.2915,-8.3024,1.5304,2.4954,9.2472,0.2025,-4.1528,3.5741,0.7573,2.731,-1.1022,0.5573,6.9139,8.9136,6.0616,6.155,-0.2607,4.9302,9.7068,1.3978,0.932,-7.3405,-8.9409,9.5289,-3.2341,-3.7757,-0.3778,-1.4816,-3.364,-0.1213,-2.3539,-6.4486,-2.7344,-7.926,2.915,-4.8463,9.0392,-0.5661,2.0516,1.8382,-3.366,-1.4893,9.5388,3.2315,-9.6801,-4.8712,-8.6462,-5.7506,-3.0027,8.7643,2.0509,-4.4345,4.0245,3.0264,2.9329,7.8819,2.6388,9.9456,-4.9908,8.8144,1.9563,9.8049,-8.0795,4.5717,-1.1445,0.6785,4.7418,-0.0321,-1.9463,6.1547,6.1617,0.6027,-0.6948,-2.9609,3.2279,7.0768,-3.9304,8.7412,-6.3357,6.9566,3.6339,2.2797,-7.7229,2.3618,9.4892,-5.7619,2.987,-9.7059,-6.7428,1.9283,9.8275,-7.1532,5.7889,9.6529,2.4715,3.3258,4.4606,2.1656,-3.2435,3.0841,8.9032,6.1193,0.3356,-8.5583,0.1921,3.3861,5.2777,-8.3782,3.1818,2.1548,-9.1201,-0.1154,-0.9056,1.9651,-3.1489,-6.1076,-1.1381,-8.5584,-7.1845,-6.6917,7.6342,5.182,-0.8127,-5.6854,7.2297,-6.3178,-5.2384,-5.2198
-2.5962,-0.1663,-6.899,-3.6579,9.5955,-1.9103,-2.2252,-7.8316,-7.5057,5.0889,8.6685,-0.0545,6.6812,3.2062,-0.9221,-0.8631,6.4892,4.4771,7.5544,-2.0289,2.533,0.5942,-4.2904,-0.0539,-6.4582,-5.0794,2.8557,9.257,1.8831,5.5358,-8.3592,8.8639,4.5839,-0.4257,4.5939,-3.7341,1.2753,8.9225,6.8302,8.9537,5.3162,-9.3177,8.4677,-6.9495,-8.2779,-0.5015,-7.6779,-6.3729,-5.4317,9.063,3.8843,-4.7241,-8.8135,2.5945,-7.7033,1.4798,6.6807,-1.4866,7.7273,9.0645,8.8571,-0.517,-2.7736,-6.0321,-5.4262,3.5152,5.796,9.478,-2.3598,2.0175,7.8001,-8.4724,-5.1828,-8.6888,6.8173,5.326,6.8678,-7.1019,1.9206,9.4192,5.0515,2.731,5.9431,8.1523,-3.407,-0.2458,0.3133,-8.8631,5.5107,-0.2157,0.8952,8.5196,-1.5384,6.8774,4.0145,9.7049,3.954,-9.0279,2.7974,-7.915,9.0402,-9.7182,9.7362,7.8056,-9.5844,0.1725,-8.2011,6.0649,-6.5001,-8.4292,2.6181,-8.8794,1.1957,6.0376,-0.7761,9.1503,4.0705,3.5796,-3.9332,1.7143,0.27,8.2276,-5.4279,2.1681,3.4538,-3.6765,-5.6663,7.9258,3.6542,-4.8458,3.8273,-7.6663,5.1783,8.5416,4.2774,6.3382,-4.6817,9.6731,-3.5634,-6.0021,-8.3409,6.4837,9.1574,7.3282,-7.7935,9.9189,-7.2297,3.3992,1.9454,-0.1303,6.7196,9.7984,8.8407,-2.8621,6.3837,-3.1546,-2.361,2.5775,-6.3795,9.2766,-1.0703,4.4202,8.2757,3.5179,4.0864,9.7953,-5.9214,-8.3194,-4.1451,-4.9424,-6.7748,5.6655,7.6013,6.4378,-6.5491,3.4865,-4.3853,-1.0937,6.5124,-9.509,6.6114,0.9904,0.07,-3.2423,4.8769,3.149,9.5712,-1.0472,6.2422,0.4789,1.4849,-0.121,-5.9673,2.7836,2.9937,1.8727,-8.3027,-2.5399,-5.5026,4.6135
-6.1857,-0.5662,-7.873,8.4064,-7.2014,-6.6745,-0.9251,-8.5397,-4.859,-4.3682,-2.6057,-9.4355,-4.7847,-2.9892,8.7343,3.8326,5.7035,9.6089,-2.7103,2.6523,-4.7269,2.4302,-1.4235,7.162,7.047,-9.0287,3.4476,-5.5909,-8.543,4.6342,-5.7924,1.2856,-5.4881,9.8448,2.8431,1.253,3.6427,-7.819,3.7655,-3.0686,-2.7193,-7.3339,3.094,-3.6592,-4.1889,-8.3534,7.091,-2.6288,-5.8189,-5.2099,3.3699,5.3333,9.1669,9.2941,-6.221,3.4433,-9.2418,8.8077,-0.8344,-1.6373,-7.5392,-6.7018,2.1461,-5.817,7.4982,8.8839,-9.0724,2.5443,-8.8018,9.6695,-1.569,-9.1488,-0.377,5.6159,-8.4805,7.0512,-7.4522,7.8479,-9.5067,3.6688,-6.8245,-3.0175,9.0512,0.5564,5.1355,-5.7151,3.9034,-5.2235,-9.8694,-2.7854,1.2194,-7.3712,-1.2059,-4.321,4.6329,-8.2137,7.9146,4.277,-6.7321,-9.2869,-1.7616,8.7561,4.6506,9.8017,-3.5279,-6.0215,8.1652,4.1815,0.3379,-0.0064,-2.766,-3.9944,0.8092,5.9698,9.8104,9.3055,3.3357,2.7688,-6.7139,9.9097,1.1907,-7.5388,7.437,2.5361,6.5752,6.8065,-0.0149,9.9376,8.6741,-4.925,-2.8007,-4.5286,-1.1101,5.4556,4.7945,-1.4284,5.0464,1.4149,-7.9075,4.1828,9.9201,6.8983,-1.4047,0.6442,1.9149,-3.8882,3.0194,0.212,-4.0013,6.6415,-1.9815,-4.7304,-7.4316,3.0788,6.6845,6.1141,-8.915,2.6876,3.8636,3.0601,-8.0602,9.1567,3.2065,5.04,-6.2075,-8.7268,3.9543,6.1572,2.8582,-9.8747,7.8167,-6.9376,3.329,8.628,-1.8801,-4.5415,1.5764,-7.7019,0.4843,-9.5577,0.9839,6.1723,5.4733,1.3627,-5.7005,2.6841,-9.1955,8.6399,4.5902,0.5311,-1.2308,1.6555,2.7404,-9.1563,-6.3741,-3.7096,-5.1598,-5.7302,5.6457,4.4151
-5.8614,-9.5943,0.407,7.6107,-1.9192,-7.1122,6.3859,5.001,-7.124,-7.4037,-8.0149,0.8092,-4.9663,3.5316,0.2432,-6.1074,3.8717,-8.2562,-4.6599,-0.8413,-9.6024,9.8527,2.1404,-6.6302,-2.6218,4.1293,-9.5275,-8.1661,-6.5252,-9.3855,0.6573,-4.1574,2.9522,-9.5587,7.3662,-5.7903,4.1785,-0.2481,-5.2774,-0.1612,8.9648,-5.677,-8.2257,-1.1002,3.6809,4.2746,6.9152,-5.5724,5.393,-5.3042,-0.8657,9.8794,-5.7829,9.2772,3.4384,0.3077,4.9431,6.2409,8.8592,-8.5324,-4.0713,8.9647,6.4271,1.6079,2.9993,6.2138,9.1799,5.2642,-8.7508,-0.7741,7.5716,-5.641,7.5254,-8.5403,6.9033,5.4556,-6.2675,-0.0472,4.3734,7.5114,3.8318,4.1057,-3.8466,2.9904,6.93,-0.7428,7.0152,-3.7768,7.2419,-1.9655,-7.4338,3.2458,-3.5051,8.2807,-4.1848,-2.9439,-0.7434,-8.9905,-7.5855,-8.8491,6.7818,5.7913,1.8701,2.3185,6.5074,5.4704,9.9977,6.7262,3.1512,-4.3948,-3.293,-9.9986,-1.409,8.0692,-8.7332,7.0114,-0.4846,1.0322,-9.1989,9.506,4.1259,-9.0827,2.187,-7.4395,-6.6116,-7.5062,3.9499,6.1206,2.4651,3.3073,9.7157,2.4465,-0.7037,6.0842,4.5183,-7.7628,-1.7884,8.4578,8.9505,3.6909,-7.5849,-0.1792,3.5544,-4.7823,6.0607,8.9631,0.6302,-9.3708,2.6318,4.8929,9.5981,-7.4911,3.74,-7.3855,-0.3019,0.2434,-1.77,-3.9338,2.3153,2.082,3.6524,8.6635,2.5369,-5.2351,5.7369,-0.7833,4.8318,1.5311,9.0694,9.6356,-1.6537,-7.6848,-6.7466,3.7861,-1.2223,-0.4308,-0.1415,0.5095,-4.4082,-5.4955,-6.4154,-7.71,-6.2119,-0.4499,7.0855,2.4664,-4.169,-2.1254,3.2667,-7.7788,-5.9486,-5.4171,0.3853,-2.1899,-0.955,-1.3208,-1.8428,3.7899,-7.9882,-1.0053
6.5718,-6.4762,-3.7043,3.3329,4.7561,-1.5009,1.7065,1.499,-9.4545,-6.8682,-4.3677,-8.6828,-6.5411,3.9456,5.8139,-4.8299,-9.5754,-9.6765,4.1227,4.9738,6.2643,-3.8913,6.4615,4.9464,-8.4224,-1.5836,9.0133,0.4228,9.9089,-4.1443,0.3562,-9.5288,-3.6431,5.5606,-6.3551,2.9674,2.8073,-6.387,7.4421,-2.9228,5.1349,-0.6797,9.0265,3.1365,2.0165,-1.3736,-5.0048,5.0888,4.4083,2.5721,-1.388,-0.3168,3.3152,8.9763,5.0528,9.1652,-1.3512,-2.9696,8.4501,-4.687,9.2856,-1.7538,-1.6857,-7.7635,-1.2384,-8.4389,-9.8312,5.0053,7.8445,-2.2308,4.4743,5.1231,-2.2222,4.4204,-9.5706,-4.9872,-5.0192,-3.3079,8.249,-2.278,-8.6322,6.902,-8.4368,-3.0986,-0.9757,-0.5586,-5.8234,-5.8189,8.1993,-1.1802,9.102,6.8221,-5.6774,-6.2561,3.8122,-5.3121,3.804,4.4135,-2.5879,-6.1449,8.371,-9.2716,0.7417,8.0256,-5.7314,9.9417,3.4514,7.9792,8.3334,-2.7796,-2.3713,4.898,3.0984,-6.5031,-3.6207,-9.8452,6.3365,-0.4833,0.8381,-2.9268,-0.6397,-7.8925,5.3339,-2.6966,-9.1266,-9.1934,4.4545,2.805,3.5273,-1.7216,-8.262,1.8893,-9.6066,3.138,-8.7255,9.8611,-5.3578,-5.1373,-3.252,-1.0363,-8.5569,-7.0832,-0.509,-2.1786,-6.8981,1.2632,-4.6795,6.8535,2.3035,2.7589,-3.3012,-8.6058,-8.4591,0.6271,-9.8595,-8.1565,-7.2488,4.6807,-7.2522,-7.139,-3.8208,4.9095,8.3491,-2.5914,8.5459,3.3367,1.8904,-1.3432,-3.9919,-8.6847,4.2361,-2.5593,5.0393,-9.4012,7.7754,1.2756,-8.7585,-4.7748,-2.2021,8.8626,0.2752,8.9979,8.2502,5.9302,7.4468,0.549,-6.4365,-5.8256,0.7194,9.3699,-1.8075,7.2388,5.1338,0.3294,-0.7557,9.4227,-7.6301,-5.8417,-4.7434,-1.9866
5.7199,-6.6688,-8.1989,-0.7974,8.7502,3.7674,-4.7464,-5.0011,0.4427,2.5981,-6.3152,9.4427,8.9296,9.9733,5.4844,4.4829,2.3525,-1.7713,0.5247,0.3169,8.4401,6.4523,6.5412,-7.7572,-7.3642,6.708,-8.3405,-7.6298,8.6243,-4.7413,-6.7047,-4.0193,6.8333,1.6164,-2.3565,0.8148,-4.5661,-0.8924,-8.6672,2.0422,6.9348,8.5469,2.8663,-1.5074,-7.7561,-9.6796,6.0474,1.8191,4.4974,4.4802,-7.4324,-3.497,6.4118,-7.9601,5.3944,-3.3425,-8.0363,-4.848,9.0431,-7.1749,6.6834,5.3244,-8.6356,0.6903,2.0433,2.6783,4.9576,-4.9925,-4.9007,-9.677,9.457,-5.1191,-7.9012,2.0324,-7.03,-7.9791,-5.8308,7.7009,1.3544,-0.0584,-0.3699,2.7816,-9.2209,-8.456,0.2048,7.5094,1.0088,-8.7695,-0.5472,-9.1289,8.2985,-2.8742,-1.2718,-2.7719,2.4069,0.2595,-3.3912,-2.8187,7.9262,1.1148,-6.2226,-5.0054,0.5847,-5.0904,-1.9005,9.9436,-3.6732,4.4482,3.6918,4.5123,-3.7052,3.5716,5.9067,-9.5815,-8.6444,8.7955,-2.5993,6.5032,-0.6105,3.182,-3.7159,-4.1674,7.1699,9.0455,-2.0139,8.4505,-7.2518,8.4198,3.0818,-2.7003,-5.4599,5.559,4.1524,2.2001,-0.0332,-6.0786,8.1369,0.2907,-0.5078,2.4233,-7.6806,5.9204,5.9274,1.3945,-8.5346,4.044,3.7273,3.4457,-9.6446,-2.8802,8.6368,-6.6923,-5.7384,-4.9657,-1.0918,-5.789,2.7089,-6.3283,-0.502,-4.6061,7.7105,0.5341,-2.374,-3.1631,-5.5592,-0.8885,0.8619,-1.2027,-8.1012,-1.7761,8.7579,-7.5173,4.2781,1.7192,3.6065,-8.4379,0.8168,4.0805,5.0289,5.9194,-7.0084,4.6708,4.6456,0.7639,-6.6222,-6.276,9.7877,-1.6671,-0.4889,8.4018,-5.4117,-7.361,2.4288,-7.3761,-0.0316,-6.0345,-6.0014,1.3898,-8.2473,5.2457
6.4493,-6.6449,6.4705,-9.6589,4.7914,-3.4098,-8.7139,-8.9743,-8.9844,-5.3357,3.2009,-0.4179,-0.4808,-7.8904,-4.4219,-5.3369,-4.8592,4.9949,1.1758,-2.1536,-4.6256,9.8458,-0.8989,1.6965,-2.721,-8.5322,7.2834,-3.0356,7.3032,-2.3405,-9.152,-6.8962,-9.7632,-5.1036,-0.8963,1.0139,4.8248,-2.9347,4.0306,-4.9327,-5.9104,-4.6315,-7.01,-1.7618,-6.4724,-5.8602,6.7147,-9.4873,-5.4007,6.5691,1.5935,9.2411,-3.5373,0.3996,-3.9182,-1.158,1.0303,-9.7282,5.2443,-2.589,-1.5142,-8.9372,2.803,-6.9659,7.8458,-0.0809,-6.0311,5.3446,-1.9307,-4.5821,0.0188,0.4229,-2.8323,3.3383,-4.1163,-9.0092,-1.8148,1.9116,-7.279,0.7798,9.9702,-1.6456,-3.0056,-9.3327,-3.8383,4.0668,-6.6222,7.2385,7.8449,7.9798,-1.9408,3.4501,-7.6616,5.0066,-7.8615,4.5141,8.3067,-3.4192,6.3521,-0.0192,4.1904,6.7866,-5.6488,0.0537,4.8788,-5.0252,8.6024,-3.6083,0.0242,-7.1856,-3.1426,0.9674,5.2374,7.6396,1.7324,1.5834,-6.3402,4.3697,-0.7011,-2.5874,2.8372,-5.0275,2.0649,-7.5769,-7.6514,-5.8535,-5.7257,9.2271,-2.0925,9.1735,7.2419,5.5659,1.2883,3.2077,-1.9891,3.1311,8.6387,1.0291,-0.0396,-1.1331,-2.4646,2.0046,-0.3351,-6.9552,7.3952,7.2302,5.8809,5.9968,-9.6024,-9.3,-7.4987,5.6201,1.663,-5.8918,1.8065,6.1768,-1.4549,-3.146,6.1475,-0.5358,-5.315,2.7245,7.353,2.7502,2.2026,-9.9189,-4.8555,-2.6971,5.9566,-1.0222,-6.5795,5.1721,3.8166,-9.7889,6.1173,-3.8433,0.5691,-1.5081,3.9097,-2.1588,-8.323,-1.4461,-0.8644,0.8818,-6.7926,-1.0576,3.1387,-3.3226,2.07,0.3931,2.3024,-4.2767,4.1089,-5.1388,9.6123,0.2293,-2.2165,9.24,-7.2423,2.5976
-7.7088,-3.7153,-8.4146,8.0054,4.6709,-4.5385,7.2735,7.3135,-7.3769,-4.1415,9.635,9.2172,-9.061,-9.3812,9.005,-4.4234,9.548,8.7238,0.0758,6.4042,-1.3126,-6.0533,-6.7146,7.764,5.4932,-7.5126,5.5242,-3.2064,0.5244,-5.3662,0.4848,7.4571,-7.9397,3.8249,-3.9336,6.189,-1.4993,8.803,-2.4548,0.6199,2.3656,-5.7271,0.7771,4.0539,0.3181,-4.7101,-3.8166,-0.1206,-5.6102,2.8555,-3.0335,5.7107,-4.997,-1.4481,-2.1816,-3.3085,8.8898,7.5762,-5.3042,-6.1651,5.5782,-0.2755,-0.4899,-3.3326,-9.9175,5.4203,-1.3091,-8.643,3.6618,5.9689,-0.8176,-9.8882,0.2832,-2.3144,-8.5429,-5.594,-7.9803,9.3928,2.9186,-0.1019,-7.5292,-6.5693,-6.0632,-0.9497,8.0213,-9.0128,3.8011,2.0044,0.8671,-6.0602,1.8642,8.4092,-0.0537,-0.2715,8.3075,-7.5049,6.0826,0.8621,-9.3406,-8.5562,-7.8952,-6.2517,-0.2172,9.9028,5.8687,0.1228,-9.6385,-1.937,1.9201,-1.9289,-5.4704,3.1677,0.9115,4.2833,0.1038,-2.9742,-1.4351,-1.0956,5.5023,5.4205,5.196,-8.338,3.3103,3.5267,-7.5291,7.5391,-5.5126,2.5572,-1.7488,-3.8427,-6.9738,-6.2582,3.9409,-0.3703,-6.2467,1.6797,-4.5818,6.7492,0.5557,-3.4359,-4.9438,-8.0207,-4.673,5.3775,5.4345,3.0686,-5.4956,-8.3815,0.5353,-9.103,-0.8366,3.5725,0.652,-0.7928,4.4848,6.5286,9.6226,-9.2677,-3.4667,-3.0577,6.3971,2.6116,4.8737,-0.2655,2.0764,-6.6284,5.0977,-7.2245,0.6968,-2.1247,1.0964,-8.5981,0.5906,-7.4439,-8.2834,1.804,2.7163,-2.6304,1.243,-2.4153,7.4465,-3.6505,-2.5466,9.7662,-3.8423,1.3275,8.43,-6.5577,-9.8827,-6.0406,9.5593,7.0985,-7.1259,-7.9628,0.3638,7.3229,3.259,1.5547,-7.6814,-1.5886
-4.1693,-1.4654,4.5464,7.0372,-6.125,0.8149,-0.6047,2.9456,-8.0088,1.1254,-5.0792,4.554,7.136,1.6715,-4.2572,3.761,-1.9724,8.6751,-7.371,-2.026,-5.4075,0.8407,6.8036,-5.3423,-0.585,8.0086,-1.2356,9.6885,-5.2957,-0.3435,7.1578,9.0308,5.7465,4.3125,-6.2573,2.1268,-3.2719,-6.8814,-5.0314,6.4619,-0.824,8.1063,-1.7975,4.7967,-0.3979,6.4235,6.1571,6.8323,4.6856,-1.206,6.1032,0.1885,-0.5014,-3.0778,1.0161,-0.6214,-4.8843,-7.2545,3.08,0.9742,2.6878,-6.6983,-9.1742,-0.8238,-7.8175,-3.0015,-9.5717,-7.3871,-1.4408,-5.1374,-0.2679,7.0387,2.5431,4.5105,-7.9604,-8.3769,6.4103,-8.8827,-0.8755,4.9269,1.2167,-0.9834,6.1565,4.5661,4.5458,9.2799,4.3145,0.7508,1.5511,-6.5603,6.9368,-2.2719,9.3568,9.3325,1.3313,-1.0412,-2.1022,6.6379,6.6801,5.2045,-0.7444,-6.7133,-2.7347,-3.2048,-1.9868,8.0066,-2.7352,-8.1235,-0.1195,6.5332,4.2743,3.2144,-8.072,-3.1459,1.0687,-7.6618,2.8049,8.6552,7.7899,-4.0974,8.3442,-9.7001,8.5858,-6.804,-6.0696,9.299,3.5245,3.1877,6.8852,9.1436,9.801,2.2192,-2.5799,3.6713,6.4391,6.8653,2.2803,6.3482,2.2715,1.4433,6.0864,-0.5009,-2.0202,4.4464,-5.594,-7.6784,0.4372,7.2082,7.1313,-8.2952,-8.0973,4.3392,3.4752,5.6649,9.0018,-1.6775,-9.4682,-0.9942,9.4879,-6.3194,6.637,-8.43,-6.6281,-9.3765,0.9374,7.5557,-7.7085,-2.4739,-6.9563,-9.2868,2.233,3.0666,-1.3883,0.5289,1.5156,-2.883,-0.7384,-6.4154,6.7366,-3.6434,8.8415,-4.4978,8.5666,4.1142,-1.2803,5.6017,1.5432,6.7242,8.2441,-9.0986,5.4582,7.8438,0.9234,-0.8037,-7.8619,-8.1497,-1.9616,-1.2372,7.9386,1.8288
1.0546,-5.0164,8.6454,-5.5835,5.6746,2.0172,-6.1933,5.7846,5.0765,-7.8928,7.5713,-5.309,6.2402,9.1435,-5.2839,8.4234,-9.9239,7.6239,-1.8983,4.8856,3.1527,6.7696,0.0785,4.9189,-7.0143,3.9719,-2.8395,8.3462,-4.4878,-3.8204,5.4141,-0.3377,4.2206,-6.8555,2.6499,-9.8744,-2.2376,6.9205,6.3578,9.2689,-0.0277,5.7642,-0.1416,-9.453,-8.4256,5.646,6.9477,-4.5165,-3.1494,4.5355,-5.0495,7.3576,2.8683,2.8451,-8.3753,2.5129,2.5247,-8.4888,-5.2904,-0.1402,-2.2093,9.6159,3.9568,-7.718,3.8481,-5.5635,4.4595,4.9495,5.8028,-4.4311,-1.1071,1.9593,6.7639,6.0984,-4.7749,-3.0401,-4.0218,-7.5982,5.9784,-6.866,6.4263,8.1463,1.3821,0.8657,-0.2868,2.6041,-2.2858,-5.9285,2.2747,-3.9893,-4.4957,4.3391,-4.2902,6.552,-2.2179,0.9186,1.1653,4.9776,-5.9932,-0.0935,8.6475,2.8211,-0.0027,1.9932,-6.6513,3.3095,2.4685,9.9476,8.655,6.0237,-2.0091,-1.0632,3.9135,-1.5727,0.717,0.4881,-8.7944,-3.8947,4.8853,-3.768,3.769,7.6894,7.435,-1.4293,-1.1045,-0.8237,-9.3969,-4.2417,-0.1442,7.7538,6.0367,-6.6988,-5.3062,7.9325,6.7152,-5.5117,-6.9083,-1.8214,8.6275,-6.4972,-0.6605,-5.3542,-1.5586,-0.4855,6.4371,1.5094,0.1535,-0.2895,-3.7728,0.4826,-2.3808,-9.1589,2.0844,-9.705,-7.7524,-7.829,3.186,-5.2712,5.9072,9.1481,-7.0691,-8.0059,2.8899,-0.3282,9.2617,-3.253,-9.5779,9.553,-0.9754,-7.807,-7.1801,-3.2251,-6.4107,7.1456,-6.6073,2.4434,-8.8574,-5.9261,1.2159,5.6221,9.2574,2.4047,4.6144,-1.347,-4.64,-4.4593,2.603,3.2345,-2.9941,-7.5639,-7.2108,4.3808,-8.9551,-7.2105,5.0469,0.6433,9.9319,2.1476,-0.0608,-7.1851
-6.8053,5.8039,7.536,9.4486,5.4399,6.3101,2.5863,-2.9873,-8.508,4.4016,-6.8295,-4.016,-0.6849,0.4715,-7.6139,8.5345,9.9697,-0.5307,5.4416,-0.7746,0.8583,8.8476,3.3529,9.8396,-5.502,3.2955,-3.0228,5.1434,-3.3051,4.3048,-7.5061,0.5321,-7.0984,-0.9252,-2.2326,8.5853,-8.1542,5.9311,-2.5175,6.4527,-0.427,8.0879,3.3289,8.1726,3.3491,2.4196,2.7001,-5.3537,3.1898,9.5383,7.164,5.8015,-8.9558,-4.5848,-6.0542,8.2703,-2.1604,5.6177,-6.1538,5.8534,8.4804,-5.9302,2.9543,-3.2173,9.6396,-1.0226,1.9254,7.0846,-4.1009,4.4381,-0.5645,6.2652,3.4075,-5.4269,1.7466,-1.0967,-9.7828,-6.6975,8.8724,-7.031,-4.552,-0.3398,3.3312,-6.289,8.6995,5.3544,5.8754,1.7548,3.051,3.409,-5.5009,-9.196,1.0646,-7.4513,6.0045,1.5615,9.1686,-4.5637,8.635,6.4804,-3.3773,-4.1891,-6.1726,2.9939,-8.4603,8.6601,-2.2189,4.9044,-5.5076,8.0222,6.2094,-0.7673,0.0404,-2.8594,-2.0793,3.7673,0.7183,7.333,9.8513,-9.094,3.5256,5.5065,6.2588,-3.7404,4.7953,-3.9507,-9.6183,-2.323,-1.5882,9.2109,-7.8247,-0.8101,5.0868,0.5734,-1.7668,4.7411,-2.7801,-7.1257,-3.3959,0.8942,-6.326,2.5442,1.7284,-3.1291,-4.9851,-5.8969,8.8977,-4.4149,1.2323,0.2668,-1.2222,-8.8318,-2.0528,2.7943,4.7492,8.0958,-7.1674,8.405,7.9941,-4.5079,9.5489,9.8676,-1.6326,4.7955,-1.3938,2.9847,0.3922,-3.1924,-1.2862,1.6331,-4.7799,6.9889,9.6094,-0.0222,8.1005,3.6304,5.2396,-6.8041,-6.8256,5.0409,9.9962,-6.1067,-1.4019,3.8162,1.4749,1.0595,4.451,4.5677,-6.1015,-8.1122,3.8809,2.0868,7.0004,5.3053,5.9208,4.2976,-1.7765,-0.4682,-9.7201,2.7414
-8.8906,9.4451,4.7413,4.3834,0.8753,-1.5868,-0.5302,9.2955,9.6421,-6.763,-6.239,-8.1264,-7.2103,0.7508,-4.3257,7.2342,-2.0441,8.0371,-1.6524,-0.6754,-5.5948,-1.9185,9.8555,-0.134,4.6113,-4.3224,9.3847,3.996,-9.6508,-1.0244,1.5009,3.5246,-9.5117,-3.4749,5.6397,4.866,-1.0628,5.354,7.9779,0.1378,-4.5731,6.7289,-5.1551,-9.5233,1.0919,6.586,5.0496,3.9422,-3.6976,-8.318,3.2345,6.8051,6.092,9.1753,0.1394,-2.1903,-4.7732,7.3142,-7.1844,4.5864,-8.673,9.8268,2.4915,-4.4261,-5.4412,-5.4119,-9.3462,1.3102,2.2712,-1.398,6.3619,0.9515,8.2739,8.4726,-0.0329,3.3887,2.6606,4.557,-8.5116,7.8532,-3.1636,-3.6428,-8.0316,0.2859,-0.7235,6.6945,-3.6778,-1.7469,-4.6236,-7.7715,-7.2735,-3.4561,-1.2217,9.8986,9.3984,-3.5304,5.6723,0.283,5.5047,-3.1066,-6.256,7.0209,5.0019,-2.6968,-3.851,3.2843,1.2943,5.3255,4.5963,0.5674,9.2964,-7.4209,-5.6885,9.9412,4.6652,3.1249,6.0235,-9.4207,-5.0923,4.979,8.685,-1.2372,-5.1269,-8.7369,3.6488,9.9529,5.2696,-5.1651,-7.7087,2.9839,9.9038,-0.6929,1.1186,-1.264,8.2798,-7.5257,5.8193,-1.0348,-7.0596,2.4904,7.2847,3.6831,-0.2017,0.1146,-5.7477,-4.4871,7.1586,2.7098,-7.9888,-6.0828,-9.0057,5.9708,-8.8711,-9.612,-2.5697,3.1125,2.9264,0.8564,9.3274,-4.2656,0.2801,3.5354,-8.5099,-9.1588,8.2647,0.6945,5.5361,-4.7917,5.9323,-6.3633,5.2723,-5.155,0.3146,8.9564,-3.4363,-6.9033,-0.1276,5.0817,1.8793,0.4057,7.035,-6.8458,7.3386,7.7078,-7.057,6.3696,-0.0419,-6.7774,-7.0179,4.4288,-1.9126,-4.8309,5.5838,6.1095,8.4123,-8.2873,-2.8068,7.8579,-4.4623,-9.1153
4.7084,9.4197,2.7639,4.5072,1.1731,3.4269,-8.6955,-4.2171,7.869,7.9096,4.3409,-1.9547,9.8274,9.1138,2.8318,5.2196,-9.6146,3.9651,-2.1159,2.8485,-9.9914,-5.8266,-6.3209,-9.9058,-1.1121,-0.9629,-4.4416,-5.353,-7.4655,-2.1995,-0.4988,-6.7874,2.412,0.5648,6.0211,9.7283,3.4729,6.7955,8.0312,-0.5225,-4.6583,2.708,-7.3272,6.507,-1.308,-4.433,1.9332,9.6931,-6.6152,-5.2924,-5.7109,1.7734,9.8959,-7.6281,2.0256,-0.7895,2.003,-1.2398,1.062,-2.3059,-9.9888,4.2812,-2.4574,4.9733,-1.252,7.3532,7.0702,-8.0334,-7.9246,1.3527,8.9026,6.7331,5.4663,-2.8094,-3.6547,-1.8152,-1.1161,-6.242,9.2917,5.5917,0.4455,8.4616,1.1121,-4.6509,-3.4416,-5.6393,3.7714,8.5918,8.1988,3.649,-4.2507,0.5591,-0.4221,8.9896,-0.3465,-4.3829,7.514,7.9107,-9.748,-2.2875,1.4065,-1.7425,5.0807,-7.4982,-8.607,-5.9831,-3.5323,-0.9393,-4.3824,9.8852,-2.2786,9.1099,4.3651,7.8231,2.6602,0.9582,-9.6907,9.5548,-2.3496,-5.8027,9.6808,0.5219,-8.4116,-5.389,1.9885,-9.134,-7.4769,-7.4006,6.5994,-7.6485,8.1671,-5.9884,3.2168,-0.8169,-1.1723,5.2811,-0.3312,-1.7852,-7.5603,-6.3852,-2.8655,3.6622,7.8958,-9.4676,-2.6824,8.2007,-4.1291,-9.4022,-2.3672,-8.4398,-8.698,8.8565,8.7715,9.9737,8.4717,-9.8871,2.066,6.2447,7.5749,9.4731,-1.6379,-0.1254,8.7638,-8.8648,5.4588,2.3444,-6.4474,5.1121,9.486,-7.6717,8.01,-1.2397,2.6723,-8.7184,-9.7632,9.3823,-0.0899,-6.7506,8.597,8.9527,-0.119,7.0754,3.5839,4.4196,-6.0905,-1.3465,9.6774,-4.5265,3.6745,-2.6355,5.2484,-6.0719,-0.3985,9.1019,8.384,-8.1717,-2.1294,-3.8021,1.1729,-0.3624
-5.7151,1.4876,9.6777,-8.5844,-4.1623,-1.3223,-1.0518,-0.754,-4.2689,3.9387,8.3705,4.8522,9.667,4.7287,5.3283,3.5723,1.1164,6.1294,3.1398,5.6811,-1.772,-5.4414,-9.1987,8.8954,2.2878,-8.4619,-9.6406,4.8245,9.5787,-2.0242,8.143,-2.1909,0.9311,-2.6986,-0.6874,4.9216,-7.0716,5.6394,-9.7233,-8.5117,2.0999,6.0278,7.1305,-0.6994,0.9681,-7.3855,2.1251,-2.1049,-1.1235,-0.7786,1.0102,7.874,-6.3963,-4.5273,0.1298,8.8282,0.0039,2.2203,-2.7701,6.5282,-2.3554,3.4148,3.3736,-0.605,-7.8458,-0.7852,3.7276,-6.6507,4.3583,0.317,5.1631,-4.5115,5.4191,-4.6475,-5.8867,-8.13,5.4785,-6.3072,-0.2387,-0.034,2.5602,-5.8379,7.3811,9.1642,0.7427,-5.9479,8.3129,-1.8778,4.9735,3.6898,-7.3176,-2.9729,-5.9209,5.89,6.936,-0.5945,5.9364,-8.6858,-9.7696,4.1457,-8.2806,-2.8455,-5.2587,-6.2746,-2.2028,-4.3145,5.7968,-9.2133,-1.1939,-4.9959,-6.8776,8.8017,2.9048,-7.2687,-3.2009,-2.3899,-8.7223,9.7149,7.8462,3.9722,-9.6704,6.7277,0.7385,0.8944,2.3107,-0.051,-9.2912,6.0425,2.8778,3.7777,7.3161,2.4598,-4.7976,-7.5821,-3.8095,2.291,-2.0064,0.5806,-9.9207,-4.9557,-2.5118,-2.2501,9.1266,1.2164,5.2509,8.8803,8.7345,-0.2585,-2.9122,-9.6026,-2.467,2.2676,-0.813,-2.1858,8.7963,5.0064,-7.0697,8.329,2.7351,5.2432,9.9159,7.8666,-6.3347,8.2476,6.3025,-4.3998,-8.8441,-2.7742,-3.9279,8.0286,5.6253,-0.4679,1.7984,5.2481,4.657,0.3752,-1.7229,1.5031,-3.81,-8.4008,5.8369,-5.3194,5.8348,-7.4918,-4.0572,-8.2012,-9.5299,-6.3784,-3.31,9.4813,1.6485,1.6446,-7.4158,5.8558,-3.5017,-5.0712,5.9741,9.0398,6.2057,-1.1956
5.8641,-6.2412,3.7177,-1.3431,9.0211,-7.0757,-8.2497,-2.7057,9.5591,6.793,-4.1663,-8.9035,2.548,-1.4528,-5.0816,-9.3331,-3.8076,-8.5837,2.1193,4.1619,6.1823,7.8364,0.4764,-6.8773,8.2758,2.6511,-0.9017,8.3409,-7.3349,9.2569,-4.3489,1.8702,3.6054,6.2332,-6.0161,8.0919,-0.9821,5.1534,6.5923,-1.7259,7.4007,-8.0281,0.9983,9.174,3.2036,6.0194,6.6369,-9.2957,5.9251,3.9487,-0.2368,7.4223,5.9567,5.332,-9.8494,5.6302,-0.6459,-1.5919,2.5886,6.743,7.5042,-9.2222,3.8778,-5.9995,0.2017,-2.6631,-9.3912,-8.585,-9.9355,4.8063,-1.3233,6.9047,4.3048,0.6963,9.7624,-1.4148,4.503,6.8973,-0.5331,-3.615,-0.3359,8.333,3.2851,6.9922,-6.7684,1.2844,-5.5783,2.6199,0.4195,9.4455,7.384,-5.7882,-9.3922,-2.7662,6.7317,2.9278,-2.8804,-7.1349,5.4101,-7.9301,1.7854,3.3982,0.1527,8.2231,-3.5273,5.2273,3.2316,-2.0413,-3.8116,-8.4438,6.6199,6.9255,-1.026,6.4306,9.4172,0.4029,-6.5111,-2.0101,-6.0231,0.4677,1.8342,-3.8636,-3.0542,3.7215,2.2773,-8.7985,-4.7666,7.0869,3.4977,-8.8893,2.8319,-7.0215,4.5232,1.2035,-9.4572,-1.3288,4.6619,7.3012,3.9722,8.6699,-6.2433,0.7542,4.9847,-0.6901,9.2245,-1.5515,3.8573,0.557,5.1903,8.1991,-7.307,0.0923,-8.2633,-7.2597,-4.8965,3.6724,5.2079,-9.1902,8.5621,-6.6557,-9.5216,-3.6166,-8.0862,-4.1107,-5.7555,-0.9318,-7.406,6.4414,-2.869,-0.6465,-5.6374,-2.7908,4.6914,1.4523,0.2361,-4.918,-3.4695,-8.2672,-1.3387,7.7851,0.8396,4.1535,7.297,2.8843,8.6535,0.4203,-7.3944,-2.1063,-5.5565,-3.8281,7.3709,-5.5205,-8.0248,4.2174,-4.8055,-3.868,9.5652,5.9707,-8.3494,-9.3053
0.703,-4.3079,8.6019,-7.3915,-2.4872,-4.684,8.078,-2.6224,-3.9062,6.8665,-5.8006,5.772,7.1204,8.3039,3.5054,0.2932,-7.6783,-9.0073,4.6965,4.7498,4.2081,-4.7926,3.7297,1.8261,0.4525,-9.9206,-3.9399,-3.8865,0.9927,-2.0691,3.0358,9.5273,-5.4582,-0.2128,8.6356,-4.7589,-6.4466,5.6173,-3.2032,-7.7122,-2.4095,-4.2042,-5.653,-0.9024,-0.6469,4.5206,8.3264,7.7874,-5.8501,-1.1526,-5.5104,-4.6081,-5.3481,-4.0566,6.9997,-7.7124,8.1579,-4.746,-4.3585,1.6897,-2.0916,1.0522,-4.9965,3.8707,-7.0399,-0.269,-9.3126,-2.5188,0.6637,5.6021,-0.4386,9.7244,8.1701,0.531,-9.2344,-7.6739,9.8141,0.6413,-0.5204,2.339,8.7296,-5.1864,-7.8495,-1.9647,8.9716,6.5874,5.5645,8.854,1.7423,-6.236,6.7648,-5.3495,-8.5556,9.7801,5.252,-2.2494,-1.5223,0.2523,4.0832,5.5203,8.7063,-0.0569,-7.2178,-1.9183,-2.7099,4.4747,0.6125,-8.3767,-6.7216,1.0531,-8.5873,-4.4654,-9.3847,6.2536,8.241,-4.9693,-2.8534,-3.261,-4.1799,7.9279,-8.2933,-3.9766,5.8271,-0.9491,-6.3744,-0.152,-0.9803,8.9719,-6.4648,7.9761,0.7506,-4.8857,6.709,-8.0271,5.5087,-2.3653,9.1591,-9.5584,8.9612,-9.3616,5.7526,3.9888,4.2083,6.003,1.6638,-5.5212,1.5742,-2.2482,-8.7439,0.6903,3.9358,9.4266,3.1487,6.0437,3.7024,-9.3299,-6.6588,-4.2982,5.7916,-9.3569,3.9079,8.3227,0.4642,-2.9849,3.3237,-1.1479,1.2537,-0.0966,-7.5332,-7.4712,6.6527,-8.7473,-7.296,9.0785,-1.3629,-1.696,-1.1737,2.0577,1.2297,8.5261,3.4711,-6.9093,-7.805,4.5417,-8.3126,7.6641,-4.6011,-8.9506,-6.4354,-3.0035,-9.4252,2.284,-0.9691,-4.9311,8.7637,-9.5192,4.4362,4.6501,-7.3727,1.0108
8.5348,9.7959,-6.2419,2.9928,-4.9015,-5.5661,-5.3777,-7.1708,3.7661,3.3102,-0.4242,-4.5601,-9.1159,-2.5382,-3.2655,2.8341,5.9046,4.2563,9.9794,-2.8452,-6.6697,7.286,-0.4662,-6.1122,-0.3272,-1.609,-2.5668,3.7801,-2.1692,-6.7549,-7.3458,-6.2915,-0.8137,6.9437,1.0309,-5.4922,5.5234,6.1894,-3.1637,-5.659,2.6434,-1.5719,6.312,3.3052,8.6048,-7.5141,5.1676,4.3871,-7.3514,4.2092,4.3382,3.3115,7.8886,-8.6043,3.7084,-1.6052,0.6103,7.7451,6.4407,-3.3786,1.8052,-1.7455,-0.8316,-1.2823,6.3702,9.235,4.7218,-8.6089,-1.352,2.0379,-9.9175,2.4272,-5.7732,1.3782,-7.3856,8.0995,7.9081,-5.5778,8.8849,-7.1585,4.7526,7.0954,-8.9709,9.7715,2.0633,-6.4224,9.6126,-7.4915,-6.1829,9.3886,-3.3154,2.0161,-0.4778,-2.8778,5.0938,8.3084,-6.0203,3.7193,3.1103,4.3483,-7.8791,6.6115,8.3978,2.0626,-2.2086,0.395,9.2457,-8.9599,1.5129,-0.8361,-9.605,-8.6614,6.1717,-6.2,-4.5514,-0.7623,-5.1215,-5.4277,-5.3125,5.987,9.3704,-3.885,-6.4693,4.7692,2.1713,6.7351,8.1678,9.1205,3.7151,7.4639,0.1439,6.0469,6.1459,3.9394,3.8951,0.3388,-6.628,5.9308,8.5833,4.5286,0.8335,-3.4766,8.7032,-5.6517,-5.0314,1.5432,1.5815,-3.7987,3.9917,3.0974,6.3828,-8.7933,-8.0011,-0.3958,-7.4752,-8.7757,-3.2035,-6.4576,-9.5914,2.4409,3.3154,-7.216,-3.7582,3.128,-2.0129,2.5604,6.0848,-2.6244,4.1553,0.1605,1.6268,9.9313,8.5708,-8.6245,2.9094,1.3606,-0.1431,4.4658,-4.1198,3.9294,9.8486,-1.9229,0.1979,-4.97,5.7654,-5.6337,-4.5917,-4.9182,-4.8858,6.8018,-9.868,0.7265,-8.1225,0.2157,1.6734,-9.9899,2.7044,7.5252,7.5495,-8.0977
2.1139,-8.5783,-9.6338,7.8596,4.3528,-9.6166,-8.562,7.5351,-8.2086,2.1385,-4.3287,-3.4311,6.0902,8.7687,-5.7129,-1.9597,-2.9082,5.7847,8.6445,-1.3943,-6.5487,-8.6906,6.1156,7.279,5.3157,0.4552,7.022,-3.6053,-1.2912,-6.3454,1.3612,2.2594,-8.9233,-7.3252,2.0705,3.87,-7.7801,-0.1727,0.6524,2.7765,5.7521,8.374,5.2103,-9.8206,-6.8182,-2.7865,2.8771,-7.1478,-6.2086,-1.4851,-7.2009,-4.615,-1.6046,-3.7318,9.6634,-5.8885,2.535,-6.7192,3.382,-9.7811,3.6335,-8.1529,-5.6363,-2.4325,-2.9433,-6.8658,4.1042,-2.206,-0.9316,3.0959,-0.427,-9.1961,9.7461,5.0832,-1.4414,1.1914,9.2021,0.3052,6.5981,-4.1023,2.3996,3.5378,-3.3656,-2.9373,-9.9977,5.8555,-6.8849,5.3804,-7.5158,9.4844,3.0093,-7.4972,1.9992,-6.6292,1.1025,7.5177,6.1417,3.46,6.3757,7.7166,8.6573,8.0577,1.5549,-8.3097,5.1917,7.9984,-2.6057,-9.945,1.0626,-6.9305,-4.5508,1.8783,-6.2715,-5.8931,-4.8993,-1.8022,3.9149,-5.9095,1.9714,4.4456,-3.2577,-4.8863,4.0458,-7.6332,-6.9656,-6.868,4.2766,-0.1556,-6.7204,-5.0153,-4.3809,-6.6846,-7.2936,-1.6569,-6.2512,9.6865,8.9206,4.1475,-4.1025,3.8943,-4.2178,-9.4975,6.2048,5.3843,-4.2674,-6.4088,7.8336,-7.287,-7.9549,3.8284,3.7661,-8.0586,-7.315,4.1131,-7.3416,2.0177,-0.6356,9.614,4.172,2.5334,-3.0697,4.7831,-4.4593,0.6613,-0.2621,2.7886,-9.9917,1.7977,0.4138,-2.4764,-4.3673,1.6439,8.6245,-5.101,8.0421,7.2366,7.3862,-0.1135,-8.0746,7.0071,-9.8361,-5.58,5.0802,-2.334,-9.6462,-1.5684,5.976,5.5493,-1.4707,-0.1603,6.0782,-7.6826,2.4046,-8.6494,2.5752,2.3723,9.8029,-2.6547,-9.3846,3.3665
9.5636,9.0965,-7.8689,-4.2083,2.7366,-5.2337,4.9751,-8.5896,-3.1816,-1.9541,-4.8851,-0.9274,8.9951,-2.1132,-6.1753,-8.1551,-9.4212,0.3572,-9.5728,6.8816,-1.159,0.4518,-2.8526,-3.2917,-1.9361,-5.2027,-6.4134,1.8459,-0.763,-1.1507,-3.5092,7.702,-2.5339,-9.8567,0.8204,-1.4489,1.7182,9.8567,-9.473,9.2589,-6.3571,5.6405,6.9855,6.6813,9.681,-8.718,0.5943,0.6643,0.3852,6.3461,1.3859,2.2345,4.4119,0.5304,3.7529,8.8356,-6.614,-5.4781,-3.0165,3.278,-7.9377,6.5323,5.3245,6.2712,6.1936,-7.5477,0.3588,-6.3421,3.1929,5.5794,-1.8515,-3.5455,-3.7351,-5.6401,5.5604,9.2161,-9.0851,-5.486,0.1388,2.7901,4.3523,-7.9225,-7.2356,7.5926,-4.7023,-3.7857,-2.364,-9.6048,0.6968,8.247,8.6365,5.5026,-4.3391,8.1481,-5.7347,5.2152,-0.1481,8.3642,-5.1538,1.4677,-5.6379,0.5012,-0.4149,-6.7261,-3.8653,-9.2243,-0.4,5.2227,-3.5061,-1.5956,0.5405,-0.276,5.9416,6.3933,0.1304,9.8872,-7.0559,-4.4305,6.927,-8.0428,5.8132,3.0345,-6.7772,5.6214,5.7603,-3.9356,5.2393,-3.504,-3.6242,5.5859,-1.5141,-7.1055,8.0219,-7.6735,-1.3931,-9.618,-5.1761,-2.0206,6.0746,-3.3293,6.0583,1.1416,3.6578,8.9994,4.779,-8.5052,-6.2743,-5.7244,5.6692,-0.9297,5.5979,6.6528,-5.5834,-9.6897,-7.14,-8.5631,-6.1928,-1.8008,-6.6314,8.6338,-3.857,1.7731,-6.3323,0.9917,-7.0198,3.1274,0.6367,-3.776,-5.6145,8.1052,6.8119,-8.5769,-3.1188,8.5394,-7.0174,4.8308,-3.7389,-5.1868,-9.9597,8.5993,-6.8913,-6.3391,-0.8453,6.1786,-2.157,1.6117,0.5769,-4.5027,-1.3743,6.4164,-1.737,-0.3408,-3.5215,9.4459,-9.909,-1.2228,-4.6712,-5.2707,0.7757,7.9135
8.6024,-4.3882,8.7002,3.6884,-6.2491,7.7226,-9.6685,-9.7961,4.1655,-4.7124,9.8455,9.2079,-4.0098,-6.8008,-7.7586,3.8618,7.8523,-5.9848,-5.725,2.8061,6.4025,3.3658,-7.1363,1.2428,0.053,2.5092,-4.7395,-1.757,-2.4133,-0.7277,-5.0293,9.6778,2.0215,1.0616,3.928,-2.0663,-7.5175,2.8109,-1.196,-6.5266,4.9687,-9.6563,-6.6568,-2.9388,6.9437,-2.7373,-2.6821,0.6123,-9.6136,3.1605,-4.5662,8.929,-3.4271,-9.5197,-2.3078,-9.0958,8.6713,9.5714,-6.9217,7.7457,6.7541,0.6755,-3.4495,7.7845,-2.4091,7.0422,9.6217,4.1721,-6.7511,6.4502,2.5863,-9.7617,-8.0064,3.4558,-4.9705,5.322,9.69,-7.8838,4.1986,4.5098,9.9818,8.3277,3.7671,2.0879,7.1143,-7.2226,2.8978,1.2437,-8.9891,-1.5317,3.0586,6.7511,-5.0649,5.3786,9.7805,-9.3051,5.7105,0.2002,1.1318,2.105,4.6041,-8.9605,0.365,3.1395,-5.7136,5.1666,8.3656,-7.7422,-1.2972,8.4984,-7.3579,-5.6961,-3.2593,3.7251,2.0018,4.0084,-5.4283,-9.0393,-6.3848,5.3603,3.4178,-6.8395,7.8798,-3.2011,3.126,-8.3162,-5.5277,-2.5203,0.1399,2.2967,-9.6103,-4.652,-4.0456,6.6198,7.2395,-6.8738,-2.5742,-1.9119,0.8237,-1.3581,-4.4394,-7.1702,-1.7956,-5.8601,-8.9971,7.1871,9.7319,5.3005,7.9541,6.6621,-7.3801,7.0059,-0.6802,-8.3531,2.4763,4.0418,-9.8369,-0.9492,1.7618,7.3659,7.231,-2.1733,9.3724,4.9602,-0.46,2.6885,-0.1906,9.0639,-0.3722,-7.827,-3.4409,-5.5274,-4.0891,2.6686,-2.2606,0.6302,2.7782,7.5456,-2.4776,3.9333,0.0793,4.9529,0.1405,4.7121,3.9795,-0.1209,-3.6871,1.0929,-5.5612,-3.3977,-0.7473,-6.958,8.4305,-7.3565,9.3582,9.9215,2.4068,-1.5926,4.2064,-2.2001
9.7534,-1.0706,8.9804,6.7641,-8.2856,1.9592,8.4742,-0.9956,-4.1892,2.815,-0.5578,-0.2738,4.3284,0.2444,1.4932,8.2662,3.9592,7.9262,0.695,-9.2434,5.1681,-1.3058,0.1137,-0.2121,-3.091,0.2307,1.7548,1.1932,6.7741,8.84,-0.2719,7.1453,-5.3676,6.0255,-3.4511,0.6548,-1.764,-9.8436,-3.7474,-9.67,-6.5663,2.0909,-6.444,-3.0627,5.6615,-4.0876,3.0499,-1.6949,7.4092,0.7128,2.8768,-6.2134,-5.4032,8.5388,0.1361,-0.2909,7.7709,-9.2023,-0.6073,-1.4486,3.6238,4.4909,-8.527,3.7131,-7.4678,4.0811,-0.946,-5.6749,7.6497,-9.8018,1.091,4.0959,-5.6963,5.6988,-6.8058,-8.1401,-0.4206,0.3803,1.2214,-5.8635,-5.5713,2.8819,-7.8128,3.0844,6.4619,-6.0455,-8.1587,-2.5757,-3.8997,2.5402,-7.2281,1.4215,-9.0353,6.7694,-5.2575,-3.1451,-7.9756,4.7614,9.3298,-4.5267,-8.9589,5.6984,8.3541,2.2798,-5.752,-3.2145,-5.4907,3.922,-8.9553,-8.0402,9.0057,-1.5436,4.3032,6.7814,0.4809,7.8554,5.1176,8.6896,9.5221,-5.4266,-5.3728,5.4532,-0.3558,-8.124,6.5215,-8.9592,5.4423,-3.392,-3.3752,8.2104,-8.2744,2.0748,-8.9061,6.5268,5.645,-1.6314,3.2601,3.8743,5.9249,-7.4622,-5.6313,-5.0,8.8961,9.0108,-5.5557,9.3403,9.3435,7.0342,7.4344,-0.2057,3.292,-6.1228,-4.6323,2.6567,3.0639,-4.128,9.6549,1.6899,-4.8029,-5.439,-2.4579,7.2861,1.2827,4.0406,-7.6406,9.3433,1.0618,-3.6591,-4.5004,-2.3814,8.8021,3.5421,-0.1352,4.6709,6.787,-0.6435,-4.128,-2.5584,-4.0001,4.6395,5.2845,-9.9247,-2.8729,-0.2047,-3.8126,-1.8079,2.8865,3.2793,-9.9351,4.4753,7.5304,-3.7522,-8.5967,-2.0043,-3.8285,8.8268,7.5947,-3.9794,-2.498,-9.6597
-0.2727,5.5909,1.5737,4.0344,4.9761,9.6641,7.0269,5.2066,7.7872,-0.6909,-0.1292,-4.3691,5.1638,6.0046,7.9995,4.3818,-5.3547,0.3969,2.3152,-8.2768,2.9453,-7.9924,-5.6252,8.2314,-8.4106,6.6858,2.0317,-9.5029,1.5093,6.3794,-7.7799,4.9129,-9.0011,9.6259,8.8939,7.1359,-3.5297,8.637,4.1704,2.2556,-0.7896,8.1366,7.5547,-7.7897,2.7412,-5.7953,9.0426,-5.8404,-6.2287,-9.9758,5.7135,-3.0574,1.2,6.5885,0.1977,-4.1767,0.0915,-8.5765,7.9861,-8.2912,-1.4172,3.4583,3.4839,9.0851,-6.1484,0.2185,8.0065,-5.214,7.3574,7.7801,-0.2818,6.3994,0.8627,-5.0113,-9.1873,-3.2359,9.7427,-9.9399,7.0389,-1.8024,5.3171,1.6862,-5.383,-6.7171,-9.0147,7.0491,8.5413,1.3664,-8.4445,-3.5002,5.6154,6.9059,-9.8159,-2.1524,3.2056,-4.5586,2.7898,-0.4507,8.5492,4.6206,-7.9652,1.107,4.0595,2.9678,-8.4578,0.0701,-2.2236,-1.4042,-5.6404,4.8479,-7.1804,6.0958,1.1792,-4.7543,0.2997,8.6113,-8.578,-8.5124,-1.4212,8.2465,-8.7435,-8.2745,0.6025,-7.8932,-1.5723,-5.5344,7.5465,5.4696,4.1546,4.4202,-9.5548,-0.1039,0.6431,3.8783,5.257,-8.1175,8.8969,-5.6789,7.7126,-7.8842,9.24,1.683,-4.8427,-7.6403,4.9028,-0.4887,-4.0883,-3.7621,-9.9489,-3.1598,-7.2392,-8.8355,-7.5526,2.7994,8.222,-6.1824,-7.5785,3.4367,-7.1689,-1.1696,-4.0498,3.8272,-2.027,4.5182,-1.5502,8.7306,3.648,3.3509,-9.2793,-8.1705,3.716,2.2187,2.1523,7.5761,3.9607,-7.42,-3.0997,1.5964,-8.8229,2.1855,4.7367,-3.3448,-0.4234,-2.158,-4.7041,-6.8774,-5.0375,8.3889,8.0511,-1.7775,-5.1644,-0.3764,-9.3834,3.8706,-5.1793,3.5331,6.1546,2.1327,8.0921,-5.0475
-9.3194,9.8174,6.8763,6.5764,-1.3807,2.6379,2.9152,9.6693,-1.2414,3.3748,6.3743,-0.5427,-9.8809,-0.608,6.2012,-8.5466,4.1122,-0.3359,1.2692,3.6723,8.3381,-9.3281,-7.9045,9.8419,-5.3444,3.953,3.2018,-0.0423,-4.8126,9.0558,-2.2715,-4.428,-2.4796,-6.4329,0.7946,3.3885,3.4399,4.96,6.898,-3.7177,5.6267,1.2979,3.8667,4.4333,6.7327,1.0995,8.6025,-4.1881,-0.8036,5.027,6.4148,-4.5409,-1.9992,6.7099,-7.3901,8.5872,-6.6911,2.4693,-8.8501,1.6955,4.7187,-2.6996,6.7248,-1.1678,-5.6673,9.9626,-6.517,3.7501,-5.5751,-6.697,2.7426,6.8059,-4.4585,8.7125,4.7751,0.3847,-6.7496,3.0581,-8.639,9.1366,9.6282,9.2075,1.4386,-7.6857,5.6848,6.1361,4.9309,-6.1627,1.9848,7.2403,9.6887,-3.2728,-9.9604,-7.6097,7.586,0.6454,-7.8848,6.1473,6.1488,5.0729,5.4441,5.7986,-9.8989,-1.6187,-6.2566,5.8897,7.7502,-2.2918,5.3852,-0.5421,7.4061,-4.0644,2.7714,-0.0463,7.8892,2.327,-5.2998,7.8406,1.696,-8.3696,5.7463,-2.838,7.7967,8.4826,1.9486,7.8219,1.9723,-5.4316,-3.6834,7.7939,-3.3638,6.0604,3.3022,2.3839,1.0833,-1.1604,1.5662,7.2977,6.1978,4.5137,-9.3504,0.721,3.9657,3.7703,-8.9426,-3.0296,0.4173,7.9242,-5.2107,-6.8673,5.0299,-3.6615,-5.2013,5.466,0.5276,5.0423,-2.3913,9.9336,8.7391,-1.1617,2.888,-0.411,3.1012,-6.9102,4.2871,5.5892,-7.6539,6.7778,-1.5918,-6.6378,-6.2283,-3.3843,3.9299,-4.191,-3.0973,3.9736,-7.786,7.0412,8.8381,2.706,-8.4153,-9.7533,3.9617,4.2777,-1.2888,7.6804,-4.9061,5.5406,-5.6405,3.1548,5.3182,-4.0959,-8.5749,-1.7331,2.0955,-8.8704,-2.2887,5.0674,7.3479,3.5332
6.1221,-2.0278,-4.2463,-6.4578,9.4635,-4.8116,-6.1857,3.0392,7.4135,5.8657,-6.0909,4.1008,8.176,9.888,0.2173,-3.1203,-9.6425,7.5307,1.1685,-0.819,-6.0199,8.825,8.4018,-2.498,9.8609,-7.3401,7.81,8.8783,8.5788,-1.0538,-4.7296,2.5128,1.0077,-4.8503,4.3801,1.1593,3.8194,0.6372,-5.6505,-6.9374,-8.7222,4.1207,-3.0231,4.0651,2.035,-3.9255,7.1742,-7.303,2.9507,-8.109,3.133,-0.9938,-2.5115,3.9601,-8.3681,3.1293,-2.503,2.4009,-8.1869,5.3888,5.6968,9.4836,8.1807,-1.2466,-5.9853,-3.717,4.9957,1.3043,-0.0287,-4.1328,-7.8301,5.6321,3.3862,6.276,-4.7831,-6.0713,4.814,0.736,7.555,-3.0364,2.6787,3.3151,-1.8078,-9.5744,0.6252,-0.5783,7.5927,-2.627,-2.227,5.3419,-2.1014,8.1817,5.3864,-8.9846,-9.7589,-2.6691,5.1228,-7.3804,9.4677,7.4728,0.0268,-1.3123,9.3962,8.1758,2.8284,9.8298,9.2884,2.2998,-2.7947,-7.2558,-9.1506,8.1954,8.543,-6.383,-5.4882,1.0854,-8.3904,7.4288,5.1047,-9.4033,-5.6265,-5.207,8.0935,-4.9797,0.6354,2.9057,-4.3005,0.8219,-8.5719,-0.2137,-2.0758,6.2749,1.6478,6.8003,5.1943,6.9253,-6.0572,-6.607,-1.6475,6.6195,-2.173,-9.2899,0.973,8.0217,-6.4022,7.4117,-6.0668,-0.5248,-8.3988,-5.147,-8.3747,0.3252,9.46,-1.4482,-6.8079,1.7758,5.3717,0.2896,0.5939,-0.0805,-2.9591,-8.0514,4.3508,6.2408,-7.2642,-3.4504,5.3226,9.0897,3.439,0.6207,-9.5095,-1.2549,-0.9325,-2.3001,1.8515,9.8845,-8.6249,2.1027,-3.73,6.7775,-9.8171,3.7723,-0.4765,-5.0868,-2.4533,2.3004,3.3245,0.7761,-9.1947,4.2762,4.7148,-0.7435,3.1642,-5.1803,7.3191,-1.1364,-7.758,7.1369,-9.3062,-6.1488
-6.5836,9.1823,8.2767,6.7776,-6.4232,6.4883,8.5187,4.3266,-3.9246,-2.41,0.4185,-3.6727,4.1176,-3.6117,4.3011,2.0567,6.2807,-7.0552,3.0336,7.3906,8.9008,1.5416,6.3518,2.4601,-6.8046,6.57,-3.4,1.5995,7.2591,6.4308,3.9263,-6.788,-3.7881,-1.1482,8.3262,1.2312,-8.7714,-9.1178,1.4201,-2.0982,-5.4045,-7.5592,-4.1458,1.8465,-5.9355,6.0269,-0.4364,4.6206,0.1559,-8.3836,-7.5025,-6.2912,-1.0818,6.2776,6.844,3.9051,-5.9689,3.1717,-4.7146,-4.8867,4.7101,-5.4752,-9.9291,-8.0828,5.662,6.7869,-9.5709,6.263,2.6208,5.8873,9.8448,0.5779,7.383,7.6297,-8.1322,-4.289,8.9985,-5.1408,-2.02,3.0283,9.0316,5.7526,-0.763,7.899,8.7559,-0.4809,7.8369,4.7164,-6.9065,5.2532,9.1371,1.3124,3.0753,-1.6292,8.3703,-4.4364,7.653,1.8227,0.2166,5.9886,7.1335,3.9287,0.5229,-0.0906,-7.1033,-5.4107,8.2868,1.6442,-3.7315,9.5545,-1.492,-7.2184,8.4742,-6.0626,-8.8584,1.6095,1.2136,8.1333,-2.9636,9.7711,-3.1678,9.6863,7.8882,-9.868,8.9556,-2.6583,5.063,-2.045,-3.5719,-4.8988,-2.8522,8.7189,0.1853,4.2538,0.3457,8.3059,2.6675,-8.8686,-3.5029,3.6605,-9.1108,2.7461,-7.031,-9.8932,4.2973,5.2047,-9.9985,4.7804,1.1836,1.7033,-5.2965,-6.2805,-1.4891,6.1424,-0.0993,1.799,2.4972,-8.1511,-8.2912,-7.3589,4.5512,3.6425,-4.033,1.9913,2.1393,9.6814,-9.1384,6.9163,6.843,-1.8114,6.4397,5.006,-8.8227,7.2413,-0.7463,2.0822,0.5167,-0.504,1.9073,0.8278,-9.9934,7.4933,2.1641,-2.4191,8.0997,5.0046,-6.6569,4.6095,-2.0315,-5.4786,-2.7682,3.5798,2.6031,-3.8946,9.1572,-5.4975,3.2793,5.5465,-0.7785,-9.1183
-7.0012,-4.3985,-3.8837,0.5199,-8.8564,1.3565,-5.0364,-1.4035,9.2441,9.3677,4.2416,-6.1982,-7.8679,-0.296,-3.9856,9.1471,5.265,9.8759,-6.8366,1.7475,-3.4832,-6.6227,4.8993,8.6193,2.5584,9.9934,6.0709,-0.3194,7.3285,-7.0939,4.3245,-5.7893,1.0356,-7.1041,6.5215,5.862,-3.5378,-6.6016,5.9403,-6.2287,8.7684,3.4442,-0.2036,-3.4894,-5.41,3.0829,-5.3181,1.1925,7.5792,-2.0625,4.9729,3.4492,5.7974,0.703,4.828,-0.3256,-9.6755,-4.5087,-6.7459,6.3915,1.4825,5.7091,7.5679,-5.8954,-8.5938,-6.8314,6.8261,0.8203,3.5818,-0.1102,-8.6031,-4.0507,-9.9338,-9.3061,-4.2554,4.7459,7.2874,8.684,3.9155,-1.0775,-1.4235,2.7826,-5.7942,-2.2153,-4.746,-2.7176,-2.3585,-6.6729,-8.2513,6.0365,-5.0804,6.8714,2.0989,-1.7401,-2.6399,-0.7898,-6.9742,-2.3591,6.4484,-8.7731,-3.4713,-1.0234,-3.439,-3.5589,3.9438,-3.6712,-4.3844,-3.7552,3.3422,-9.5853,2.6405,-4.6975,1.7509,1.6473,-1.089,7.9757,8.9539,7.7066,2.7185,9.533,9.9619,-0.1941,6.2656,-6.3085,-3.2619,-1.1399,-3.6598,-6.8096,-6.5663,-0.9749,-0.8326,-2.8204,-3.2937,-5.1186,-7.2336,-4.4408,-8.4539,-5.334,8.7219,0.449,2.8124,7.2551,-1.668,-8.2343,7.6397,-7.9287,4.7307,9.6728,-8.4296,7.1518,-3.8985,1.1608,8.7847,6.9899,2.1604,7.2169,-3.7834,5.1185,5.1917,6.3431,8.2037,9.0441,-3.9217,0.5185,0.0602,1.5291,1.6976,-3.3638,1.0016,-5.6538,9.0344,-3.6828,-3.3102,3.5809,3.8115,-7.6096,-7.3201,6.7969,-0.9651,-6.3749,9.8778,4.1564,0.4956,-1.8335,-5.7372,9.5777,-3.8237,1.0423,7.9135,2.6517,3.0493,-9.1021,1.8104,-5.6619,-3.1581,1.071,6.2812,3.5539,7.7056,-1.3705
-8.346,8.6521,3.7375,4.7602,-9.6032,-4.2714,6.3237,4.3498,-9.7631,-7.3894,8.3569,9.1101,-7.8992,6.0451,-0.939,-9.6292,6.255,-7.6121,8.599,-1.9485,-8.6624,-4.4923,-3.3453,9.7059,-9.84,-6.751,3.9885,-9.2364,-2.8019,-7.7773,9.0009,1.7638,-9.8871,9.4876,-1.7099,-7.9633,0.0769,7.618,6.1782,1.6065,3.4386,5.356,-0.1604,-2.3178,8.8579,3.1742,-1.1708,-3.5755,-0.6365,-4.5162,-9.5454,2.6373,-4.5792,3.6579,-0.4115,-5.4368,-9.4568,-4.8825,4.5679,2.1187,-4.4482,-1.6626,-8.2385,-8.8339,-6.2356,5.0087,-9.9029,8.7404,9.1618,-0.2121,-8.012,2.7976,-0.9965,7.8361,-5.8279,1.8557,6.9215,7.4232,-4.9679,4.2498,-3.5347,4.2966,0.5709,2.4411,-4.9169,8.9093,3.9429,-2.3126,2.9405,-0.787,-6.7714,-8.8124,-8.8626,-0.5817,7.1443,-1.3075,-0.8576,-6.5859,-1.0805,7.4177,-9.3648,2.4491,-7.7754,8.4631,1.2078,1.0317,8.7573,-2.2968,-8.5013,6.6123,4.9959,7.6135,-9.6144,3.4217,-6.8641,-4.6286,0.2493,5.7311,4.9738,-5.7696,-3.3308,-9.0581,5.6067,-7.7216,-4.2459,2.4254,-7.0447,-5.2057,-3.2649,2.8812,9.3703,4.4538,3.431,-3.6774,-9.2901,-0.7112,1.7573,-3.4029,-4.8444,-0.6694,-4.0713,-6.4496,1.8225,4.8793,9.1306,-8.3908,-7.7003,6.9571,9.7631,-0.0659,3.8857,1.2966,-6.3353,-1.2045,-1.7723,-3.1806,6.5864,0.3791,9.3715,5.1313,1.8312,9.0418,-8.1626,-9.0892,8.3845,-5.505,1.4879,5.8373,-4.3379,-3.803,-5.2669,3.3478,-6.0319,-1.3468,-4.4742,-5.8492,-5.3841,4.127,3.2379,-1.2876,4.7036,-9.7657,3.031,-0.3037,-3.5825,1.1126,8.7978,-3.355,-0.8485,4.2755,-8.0624,-4.2164,8.2632,9.4077,3.1501,9.1109,6.4795,-3.2121,-5.3649,-9.9182
-4.3995,-1.5637,8.0977,-5.1468,-1.9251,-7.8503,-2.8237,1.9608,2.5778,3.2694,1.0946,1.8229,-2.4717,2.9125,-1.7458,8.9829,-6.3614,6.9975,8.8255,-0.1674,5.0707,-4.7364,2.8601,-4.048,-2.1097,-9.2049,-8.2703,8.6928,2.8529,-6.0946,-6.1769,6.1343,3.8559,-7.0537,-0.6713,-8.5204,1.8937,-3.9042,6.5402,-1.6486,-1.1211,2.2221,-8.5555,-1.3596,6.201,-7.6591,1.7693,-5.5384,-9.1866,-0.4899,-9.5268,-1.1902,2.2052,0.5733,9.4226,0.3298,7.5574,-1.9989,6.4047,-2.734,-5.1573,-9.2002,9.5451,3.2587,2.7074,-1.8503,-1.5026,1.4747,-6.8568,6.7632,-3.367,1.7597,7.5751,1.6055,2.2848,5.8789,5.4068,-3.0533,0.5168,-2.17,-3.6144,1.5163,4.3146,3.3644,5.2614,-9.6146,7.0196,-7.3379,-1.2004,-1.2717,-4.8378,-4.7503,-1.6874,2.1841,-4.4835,3.02,-1.7916,-7.0499,5.3419,-6.1114,2.7709,-6.0585,-2.7207,-0.1642,-5.9612,-2.5248,2.5464,-5.2716,-4.7037,-0.7727,-7.0416,-9.1346,6.5476,-9.6351,1.6437,-2.9067,-0.2206,4.1383,8.9558,-6.1421,3.9322,-9.2393,2.0048,-1.7693,1.0577,3.9065,-8.7661,5.5707,-4.6693,-5.7817,8.3455,-4.0275,-2.3773,2.8811,-9.469,-3.2339,-1.4924,-4.4898,-6.6695,4.3017,6.3615,7.0414,-8.8948,4.3056,1.3631,-1.9819,-0.9245,7.7838,-1.6189,-5.1984,-1.0249,-7.8184,-7.84,-3.1853,1.0199,-7.1784,-2.2687,1.7282,9.23,-2.2804,-9.1709,-9.8722,-6.946,-3.3637,7.4201,-7.8752,8.3864,4.2233,-8.3273,5.2227,-3.7154,-3.4994,-3.1978,-8.0613,3.957,4.4833,7.812,7.0759,0.6048,-2.1415,-1.5799,-8.1826,-5.9009,-8.5843,-4.9301,0.0756,-9.8501,-5.4685,8.8405,-1.025,-4.6815,-0.8589,1.6313,5.8847,-9.6455,8.9391,-8.1097,4.7371,-9.2231,2.4023
-7.3516,6.2309,-7.6299,-4.1135,9.0512,8.9969,-4.0467,7.6344,2.0714,8.0147,2.3575,-1.4827,3.315,-9.1983,6.0486,-0.5913,-7.4056,5.6932,6.5537,-8.9166,-9.1952,-4.4657,5.9587,7.9045,-7.1634,-4.1995,-8.9963,-6.8803,2.44,-1.886,6.9373,-7.845,1.6832,-0.0934,-2.4127,8.6662,2.8009,1.4417,8.898,-4.506,-6.8717,-5.5866,-5.3512,4.2412,-0.5631,0.2745,7.0523,1.8709,3.3643,-6.8611,-5.6804,5.2536,6.3514,6.4141,0.2356,-1.6128,-3.4914,-7.5224,-8.9745,-0.1224,4.9958,0.0208,4.4515,4.0869,-1.9135,6.9527,1.8652,2.3368,0.754,9.7915,4.647,-7.7913,-3.0139,7.4614,-3.8157,-1.1859,5.0615,-2.1123,9.8067,1.8573,-2.7204,-7.3954,7.1922,-6.9664,-6.4984,3.9767,-9.1639,-6.9032,4.9849,9.1088,-6.7603,6.3454,-3.5661,-9.3421,-8.3576,-9.28,3.9818,-9.192,2.7817,4.8578,5.8928,-4.8567,-1.1339,7.1285,4.6243,6.9885,-4.1426,-6.7187,-5.0728,3.2006,5.6222,0.2009,3.9584,-2.6155,-5.272,-7.2422,4.3636,-1.8239,9.912,7.6856,4.2153,1.6272,7.4781,-1.5235,-0.3501,3.8106,-7.9826,6.9618,-0.2805,6.3465,4.6913,-0.0721,4.3443,5.0628,-2.1218,-5.4406,0.3479,7.971,7.2089,-6.4421,5.9976,-9.9044,-2.2739,7.2907,-2.1938,5.1679,-4.6113,-0.1327,-1.183,-6.8613,-5.7842,9.1335,-0.6474,-0.0706,-1.1617,-4.1176,4.7055,-7.6065,3.2184,9.4438,4.4834,2.0736,-2.6162,3.6877,3.1927,-1.8695,6.3296,-3.3802,4.8265,-8.6496,-7.8832,7.7634,0.4982,-7.3124,5.394,-3.5894,0.3651,-1.0137,-3.3053,-5.1627,9.3425,-9.7101,-0.4864,-9.9964,-7.8839,-8.6603,-4.2971,8.8097,-8.4257,5.6767,-6.9844,0.701,-4.3873,4.8384,-5.789,6.2262,-8.328,-0.3347,7.1604,-1.4206
-6.4086,8.5787,7.2551,-4.644,8.7648,-7.2885,-5.6347,-0.0233,-2.1802,-4.5941,-5.3405,-8.4702,-3.4757,-5.7257,-6.2666,4.5668,-6.2039,5.2519,4.0469,2.6768,-8.1973,-0.6042,-4.0134,0.9237,6.7115,-7.5186,2.6561,4.2529,5.1265,-7.2906,-9.5939,6.4546,2.9096,8.7213,-0.826,2.8592,-3.7861,9.8527,-8.9405,4.0794,-6.4112,-8.8222,6.2264,-6.8258,5.4528,7.6861,-0.6847,-9.4253,-0.7419,-6.3612,9.4328,-8.6493,5.206,-1.4519,-2.185,6.1793,4.2886,2.609,-3.8415,4.3697,5.3527,-6.2012,-4.9716,-7.3241,-7.239,7.4714,8.088,0.0421,-9.1362,1.9516,-2.8064,-1.791,1.9225,-0.9891,-3.4255,-0.2194,9.8703,7.6267,-3.5021,-3.427,-7.3181,5.4555,-4.6385,-8.5988,0.3565,2.1393,3.6536,-5.132,3.1409,-2.8643,6.319,-3.8463,-4.1755,1.3549,-8.3676,-6.5434,3.5275,-1.522,-1.5682,9.7364,0.1457,1.2567,8.5212,-3.1985,-7.7464,1.2022,1.1113,-1.1843,-4.2301,-5.9155,6.4372,1.2229,-5.9408,2.5367,4.3587,-9.8448,2.9632,1.7106,-2.4185,1.9491,1.1506,7.8797,-6.2294,2.5667,9.7334,-3.6174,-5.4438,0.7959,7.0429,7.0604,-4.669,-9.3558,-0.1673,6.6099,-9.9586,-1.4973,-3.1786,-2.959,-3.618,8.6017,6.7532,4.3926,-9.9727,-4.5942,-7.1823,-0.2838,5.0123,3.3327,-8.8663,-9.8467,-7.1824,0.093,7.8483,-1.3273,3.2849,-7.4102,-2.3095,-6.1955,1.0473,-5.7064,-6.9981,4.917,7.8807,1.0492,-5.5527,2.0353,-1.9202,3.9381,4.0582,-2.3415,-6.8199,-7.4637,-4.6825,3.3391,2.3347,-3.0399,1.93,5.8367,-0.7702,4.9243,-6.8462,6.0184,1.2417,9.3677,8.9299,-1.7415,9.3334,-3.0104,-1.0144,0.6776,-8.8702,2.9205,-4.5503,2.8989,4.4985,6.7129,-5.6974,-6.1218,5.8592,-8.1572
3.0458,-2.0736,-7.6547,6.9835,4.1516,-3.4856,-6.1009,4.5067,-1.6458,5.2468,3.4072,-7.6224,0.9998,-8.2679,-5.5202,-6.4129,0.8683,-5.6597,-7.8808,6.2404,-4.9723,-0.1052,1.4283,1.081,-3.2948,4.4417,-4.7509,-4.6783,-7.7221,4.5792,7.6986,2.0106,2.4313,-4.1831,9.4503,-9.1135,-2.4795,-3.8286,4.7741,-7.3362,-2.9361,-4.783,6.7274,2.287,-7.0996,5.524,-4.5573,-6.5852,-6.6497,-9.2961,7.1582,1.5988,5.8569,-7.8749,-2.0289,-7.8946,0.125,-3.482,3.5752,2.4737,-9.2655,4.8419,9.7541,1.9217,-6.4944,-6.6294,2.709,7.6235,-1.7898,-2.943,5.868,0.2278,4.474,1.8421,4.7752,-7.0292,-1.0423,-6.0583,6.7512,-1.8853,-3.8615,-5.4813,-4.8716,1.0788,-9.5471,3.2331,-7.1801,4.2655,2.4594,-9.2689,-3.9469,3.0483,-9.5435,0.9852,9.4531,-2.9021,-7.085,1.2099,7.8367,-3.2317,-6.1238,2.0295,-3.4587,8.6613,6.7958,5.9795,-8.1018,-6.5004,7.8402,7.3221,-0.1725,-6.7394,1.3608,-8.9247,-6.7737,-6.5702,1.7103,-3.2294,3.5717,7.5824,-2.3698,0.6312,-2.1991,7.3041,2.1366,-3.2826,-8.7002,1.2625,-6.4045,-9.866,0.3493,5.8,6.6647,4.2927,-8.1578,-5.548,-4.1923,-5.5401,3.777,1.3327,-7.7276,-9.3241,4.3917,-4.296,-3.8796,-9.5658,-4.4757,-0.589,9.5206,-4.2302,-2.434,7.7387,-5.3156,-4.0486,-2.1041,2.3038,-5.3513,6.1348,-0.1701,-7.8565,8.4573,3.0175,-3.4901,6.7652,-9.1898,2.022,-1.9066,-8.943,-4.4147,5.1509,2.9613,-4.1804,0.0749,-6.8866,2.354,7.0062,7.3444,1.7546,2.9503,2.9635,-1.1274,3.2296,8.2913,-8.2134,-5.3471,-4.8404,9.6426,4.3909,-0.7467,-0.2953,-7.6301,-0.2708,-7.6238,-7.1087,-5.4431,-0.4187,-4.8616,-5.4574,0.539,-9.4609
-1.8167,-6.8124,-9.8829,5.7247,4.4776,4.3863,2.849,9.3185,-1.9763,9.7794,7.7808,-5.1359,5.9686,2.2383,0.0733,4.6857,-1.8065,-8.2115,8.0061,-7.6503,-5.9249,0.9425,7.7564,-0.5025,0.2764,9.7069,7.2789,-2.0019,-5.9848,7.4062,4.1831,-6.8812,-5.143,4.7642,-7.8853,2.5614,1.5151,7.0501,-8.8678,-6.167,-8.9383,-7.6496,0.3478,4.4399,9.4906,-4.9353,7.9027,3.1615,-7.1621,-9.481,5.4368,-6.4737,2.7825,-6.8042,-1.5213,-3.9636,-0.2407,6.2793,7.1407,5.2341,6.999,-5.6287,5.2293,2.0646,-5.1923,-0.5842,6.1499,6.6255,-4.6339,0.3095,3.5496,-7.7185,5.2458,-9.7667,0.8945,5.5724,-5.4062,-1.735,5.9558,-4.8199,3.2296,-0.3558,6.6483,-8.0506,-4.2131,-3.862,-9.0647,-8.6994,0.7668,9.1506,-3.3297,-3.32,-0.2087,4.4459,8.786,6.8466,-6.0717,-5.0316,9.5804,7.7911,3.3761,-8.9819,5.0145,9.3078,7.0382,-4.5772,-5.3838,1.7382,-6.4115,6.486,-8.8026,4.2067,-1.3208,7.0086,-2.9543,-8.8799,0.9657,6.1327,5.7701,5.7589,3.3276,6.1358,-4.5256,2.3716,4.8976,-2.4642,-1.7026,-0.5708,-5.4209,1.3181,7.0358,0.8872,0.383,8.6081,-7.5463,-7.8825,-7.8034,0.3742,-3.8562,8.4571,-9.5399,6.4777,3.6009,-2.5071,8.5521,-0.907,-3.8247,-8.0142,-7.5642,-0.0486,-3.2412,-7.2206,7.0926,4.2051,1.8234,5.7312,-2.3584,-1.2532,-9.5734,1.9624,-1.4666,1.4327,-4.7679,-5.0694,5.1983,9.9973,6.4069,0.8806,-2.9271,0.1397,2.0085,-5.1424,2.9642,4.3191,-7.8401,4.1469,6.5876,-0.0214,7.8845,-5.7429,-2.0255,-5.78,-9.5234,3.2591,-3.9014,-6.4498,8.2903,0.5209,-8.9845,-7.7405,-3.0447,7.4745,0.056,1.6953,-4.2131,-1.2043,-1.5101,7.2916,6.9797,-2.0831
8.1614,6.143,-1.0026,-4.8046,9.9514,-0.3707,2.4082,6.725,0.8578,2.6935,7.2555,5.5726,6.7616,-3.9949,-3.2287,-1.7243,-2.6716,5.7465,2.7438,4.378,0.6753,4.3927,-2.5536,-7.9483,7.8915,-7.3499,-8.2209,7.1106,4.9796,-7.9706,-5.0597,-8.4219,-4.0968,5.3071,-1.8296,-8.4986,-2.0311,1.6842,1.653,-5.5899,-0.5859,-9.0921,7.2379,-6.6188,-2.7711,3.0271,-4.8625,-6.4593,-0.3045,-8.2762,1.0655,4.3568,4.8663,-7.18,4.5571,-7.5064,-2.9116,-3.0356,3.9044,-4.6687,7.4053,-5.1187,-8.4968,8.0336,6.3106,1.1709,-3.3214,-7.4783,0.8897,-8.6493,2.8171,-9.3315,2.3031,-1.5033,3.8221,-0.3177,-9.3356,-5.1272,-6.745,-2.8262,-5.2762,-1.7477,-8.5111,3.0846,8.0863,-3.9712,-0.8459,0.9226,4.6595,-9.5912,-8.2152,2.9473,-8.7977,-2.0787,6.1041,-1.6026,0.2099,-0.7332,3.3126,2.7215,9.4814,-6.4168,2.9575,-7.842,8.5396,3.3487,-2.891,-8.4272,-5.5797,7.9828,0.4865,-0.6023,9.2123,1.2066,7.823,6.7411,-7.5319,-3.7635,4.3712,-1.9667,-0.2566,-3.0966,-1.9479,-4.7239,-5.8849,1.623,-7.5261,9.1739,-1.6386,-3.1715,5.9496,-1.0642,4.0216,7.6371,-4.9066,-1.0732,-2.0252,-2.5248,-0.0264,-0.1914,0.1077,9.9497,1.6435,-2.7447,-9.8875,-3.4008,-5.7328,-0.3982,-9.6604,0.3128,-8.2098,-0.2753,-1.1917,-1.1295,-0.2161,-3.8858,0.0562,5.4872,-2.1028,-6.9584,7.3854,2.2998,0.6642,-9.8111,3.7129,-6.1372,-2.7792,-1.5319,-4.935,-3.8507,2.9724,9.1417,-9.0649,-8.1185,4.1489,-3.7823,3.2875,-2.0064,8.5694,1.2518,-4.4001,-5.9489,-2.8708,0.6343,4.2554,-8.8581,-4.5967,-7.012,-6.3045,9.0924,3.982,8.0851,-6.6297,-2.2785,2.5732,-1.3345,-8.4186,-2.0466,1.2043,1.833
-1.0838,4.6737,-2.7653,-7.5513,-6.7776,3.5699,-9.3267,8.16,6.4635,3.3652,3.2896,5.7512,-3.6318,-7.9326,1.326,1.7919,-9.0662,-4.6052,0.3868,4.2504,0.5665,6.811,3.8248,-6.6212,5.8735,5.6308,2.9648,-6.3148,9.5221,-9.4547,4.5934,6.6127,7.9283,5.7147,6.2576,-1.2612,-7.0719,-0.7644,0.9442,-1.1015,7.7712,6.7108,5.2801,-0.1823,5.682,6.9048,2.89,-2.3864,9.4645,3.9489,-1.2228,-3.1062,-7.4933,-5.2013,6.3078,-5.1012,-2.0272,7.9185,-6.2881,6.6016,7.9309,8.7684,-1.8269,-2.4484,-2.1639,3.378,-4.3595,9.0439,9.0069,-9.9924,-0.1761,9.3653,-5.9209,-3.4642,2.1646,-1.4558,0.3764,8.8311,-1.0798,8.0054,-5.2603,-5.5627,3.4988,-7.785,7.1846,-9.4215,8.0761,3.3456,-4.6408,4.9276,-3.5516,-2.6952,8.9106,6.6199,-1.9824,2.8369,9.2204,1.3278,-1.3483,-4.1873,-6.4854,-1.2641,-9.0672,-0.9706,-8.3918,4.0521,-4.7123,-0.8941,5.7221,3.6432,5.9039,-0.8381,-2.7394,-0.6306,-5.9036,-3.6443,4.8089,-6.4079,6.6773,-0.7682,-4.8422,3.4432,0.4124,9.1102,9.1867,-4.0301,7.4366,2.8419,4.4881,-6.3658,-3.4411,2.6279,-0.7215,-4.6787,-7.6833,9.36,7.6414,4.0545,-0.8777,3.5348,4.7235,1.5006,-4.9614,-7.2504,1.17,-8.427,-4.916,-0.4727,-6.4854,5.2906,1.5449,-4.9525,3.8,2.9954,-3.257,-8.5781,-0.5625,6.4038,-0.8621,-3.1666,-5.4076,-8.0199,0.022,-8.2539,-9.8582,-3.3376,3.5277,-0.0297,9.3911,-8.3158,9.0524,2.3432,5.0354,3.8986,2.4971,-9.4393,1.6344,6.6467,9.5568,9.1152,7.8356,-7.6554,-5.1945,-6.9388,-5.3256,7.6071,2.1182,3.3053,1.4336,4.8626,-8.7299,4.7377,-9.8655,-5.7492,0.0183,3.1977,-5.3003,-3.5836,-2.3784,-0.4132
-4.636,-2.6411,-8.4808,-9.9806,4.0369,2.042,9.6733,-5.5327,-9.2435,4.4976,3.0649,-2.0169,6.3653,0.7087,-4.2809,1.167,-3.3445,-4.9608,-0.7709,-5.3705,3.6698,-5.7083,1.4726,9.6536,1.175,8.7043,-0.4295,-8.2144,-9.2347,-9.2566,7.2899,6.4428,9.6878,-4.3515,-2.4158,7.6557,-2.6295,-7.373,-7.3557,6.7755,-7.0565,8.9562,9.3393,-7.1399,-0.3529,6.567,-9.4155,-6.5944,-3.4782,-7.9751,2.3552,1.894,6.5256,6.7919,6.5345,7.0692,6.0993,0.1455,-3.6329,4.0607,5.8046,-5.7751,5.0151,-9.8164,1.3052,6.3966,1.0492,5.6994,2.9926,3.9207,7.0657,9.0095,2.7019,-6.2116,1.1098,4.7909,-4.4856,-6.1697,0.6636,-4.9187,6.6405,-6.0666,1.8588,9.7613,-6.5171,-4.6615,-4.5776,9.7992,0.6423,9.8331,9.1607,4.0849,-1.9404,-4.544,-6.4967,-9.0182,0.1421,-2.3523,-0.0426,-2.3126,-0.3301,-9.7731,0.061,4.9788,-8.5579,-2.9421,-6.5877,-2.8765,0.2209,-3.7034,3.6318,-4.1338,1.5204,4.315,-2.0592,-5.8779,-8.6754,-4.7462,5.5262,-9.7285,-7.1353,6.4128,3.9624,-1.3171,7.6722,-3.4061,0.4603,-5.2354,3.3088,5.4074,-1.7275,3.9069,-0.3276,1.272,7.7332,-6.304,9.3323,-9.7742,-2.7869,2.4151,9.2221,2.5308,-1.5284,-8.7617,-2.1646,4.2842,9.3262,-7.2206,-8.4091,1.2554,2.086,5.1771,7.7017,-9.8332,1.6901,1.1413,1.5339,-9.5329,-6.2508,2.5601,-1.3446,1.0161,7.5847,-3.3477,-1.5349,-9.6914,3.219,4.5122,-4.1423,5.5954,2.1388,3.6424,-1.8026,-5.5733,4.0415,-6.1511,0.8587,1.9027,8.196,4.5249,8.8206,-1.9892,9.6508,2.1364,-6.5527,3.732,8.5796,-7.4047,5.4256,-3.8398,8.3234,-2.7927,-8.3077,7.8775,-4.9068,1.1233,-5.9417,-3.4584,4.9745,0.7077
-2.2953,-3.7433,8.4005,-9.3224,-0.618,-1.4582,-6.2347,8.7806,2.1382,-4.8923,-7.3531,4.1324,-4.3117,5.1096,-4.4935,-7.4527,-1.9328,8.6406,-4.3938,-7.3908,7.9703,6.7572,0.9349,-4.91,-1.1011,0.1161,-9.0177,4.6195,0.0543,9.4957,-2.6155,3.415,3.8413,-4.8313,8.7243,-2.7339,-2.3522,-4.1284,8.207,-0.4542,8.7525,6.4238,-0.2081,7.6156,-2.554,3.8713,8.3406,-8.0627,-7.8786,0.1851,-5.3715,7.7462,1.1362,1.6337,4.9056,9.8349,-5.1421,8.5137,-3.7961,4.7905,-2.7708,7.9672,-5.4432,-2.396,-7.9629,1.267,-8.3382,3.8211,5.4388,-0.1988,1.2287,-3.2662,2.6569,-7.7104,1.833,-3.0186,5.0228,-4.8881,-5.767,0.4701,-5.3459,6.9465,-5.1586,-6.7483,-6.4761,1.2412,6.6448,6.4993,-6.0861,1.0165,-2.826,-9.5615,-1.081,-7.2735,-3.0793,4.7615,-9.2937,-9.8093,-9.9275,-5.9511,-9.1319,-8.4096,-6.5067,-2.2527,-1.6654,0.8579,9.6607,-0.2081,-0.2212,-5.2588,-4.2024,3.5293,-7.3053,2.2933,-6.0234,-0.2171,-6.6401,-3.9662,-0.9989,-3.3937,-8.6905,5.0286,-9.2751,-9.3839,5.6884,5.0934,-2.5013,8.7282,-0.0836,2.0394,-5.6319,-6.5919,0.5172,-5.9961,7.9032,-6.6048,-2.7203,9.8944,9.1227,-3.321,7.122,-1.0277,-9.4174,-1.3229,6.3053,1.7594,-6.1963,-0.2922,-5.8213,-8.344,-4.8624,-6.1388,-2.1657,2.9223,4.6323,3.4707,5.7509,-3.7687,9.2437,-4.2512,9.8322,-0.501,-2.3001,-6.7832,6.0873,-2.3501,9.0193,3.142,9.5784,-5.9448,-4.5541,9.0251,-6.4991,3.2314,-0.3844,7.8259,-7.8616,7.1793,-7.4113,-9.6206,-1.4692,1.9363,-1.3085,5.8258,9.6615,7.592,5.4918,-5.6443,1.9489,-6.4711,-4.9318,-2.3214,-2.0704,-2.2676,8.5238,-8.9954,-5.8027,-7.2851,-9.7339,1.8301
8.1725,6.4689,-8.2573,-3.0318,-1.8973,-6.7082,-9.5412,9.8357,8.28,2.6068,-6.0783,-6.6614,-4.2513,1.1142,-5.9374,-3.5333,3.2235,-1.0703,4.4801,-8.2487,7.4308,0.299,-5.0453,4.8992,1.4483,9.4183,-1.8715,-6.7389,3.8026,-4.689,2.8455,7.5332,5.9493,3.6583,8.7083,-0.2941,0.8363,7.627,-2.3529,-6.3568,-3.3976,5.646,-0.277,-1.3121,-8.2985,-4.9837,-9.7771,6.3772,4.9909,1.9958,-4.926,-9.5143,4.9906,1.4113,5.4163,-2.9323,6.0169,2.8987,-0.4197,-3.9331,9.8477,-3.9506,-2.5137,-2.4159,5.9297,9.6914,8.7101,0.1886,-8.3796,3.9413,1.3288,-3.3369,-5.5542,8.3089,6.3948,-3.0109,2.9298,-5.7203,-7.9446,-4.262,9.5322,-0.7209,2.2279,3.8885,4.484,-0.6792,7.2465,3.5822,2.5146,1.7597,-1.0808,5.5145,-5.686,6.0567,0.9997,-4.4983,7.4893,-8.6703,-4.36,0.5903,5.4724,-3.4265,1.6276,-2.0224,-9.8446,-4.7857,4.7142,-3.2128,-9.7986,-1.9863,-9.1561,-4.794,6.5867,5.2741,3.3409,1.3292,5.0268,-5.5057,-4.6079,6.8214,-0.3451,-2.7148,-8.7299,7.9036,8.5615,-4.2402,-6.1007,-9.2872,-4.4196,2.408,2.926,9.738,7.7045,-4.0308,-2.2562,8.5284,1.719,8.4864,-7.7429,-2.6391,-3.5965,3.8029,8.5776,7.1609,-9.4356,-2.8123,-4.7567,4.0881,-5.1319,1.6487,-0.9797,7.2039,-4.9004,-7.9622,-3.409,2.914,6.1205,-8.738,-5.6351,-8.8998,-3.9877,1.7845,-4.4378,-6.8569,-9.4768,3.9357,3.0908,9.2338,-5.3289,-7.887,3.9645,-4.0272,3.2202,-7.5453,-0.5072,-8.1073,6.7791,6.9995,-7.9786,-6.6397,5.0046,7.1346,-7.7912,-6.0095,6.3235,1.735,-7.017,8.1412,2.7658,0.4579,3.9193,5.2358,-4.0281,1.7973,5.3722,-6.8494,4.6618,1.1823,-9.6085,-5.0063
4.6184,-8.1764,-7.1002,-7.8412,-8.0062,2.4753,-3.9979,-9.7006,7.6388,7.1201,5.2599,-2.6152,-2.9472,6.3425,-8.0847,6.0332,6.1005,-7.6545,-5.2121,-1.1105,-4.593,-2.1725,-5.2141,-9.9848,2.807,-1.053,-2.4203,0.9885,-1.1281,0.0938,1.4807,-3.0739,-0.641,-8.3469,4.2983,-0.7398,-2.3439,-0.2499,-9.5373,-2.6293,3.2152,-5.4273,-5.38,-1.7127,2.2578,7.1288,-9.5714,4.2207,5.2953,-0.3912,-0.2478,8.2289,-8.8858,6.2053,3.8595,0.594,-1.2037,0.6122,1.5329,4.6043,9.1276,-1.8027,-4.0637,4.4179,3.3106,-8.8567,2.6873,3.6046,3.8828,3.3871,-1.4825,3.345,5.3597,1.2114,-0.6533,3.1249,8.4589,-7.9482,-5.3027,-9.5647,4.2061,-4.543,6.983,-6.1437,-1.4003,7.9755,8.0034,-6.4255,-5.9882,-9.6241,0.3404,6.849,7.6024,1.5455,2.4224,4.3484,-5.2747,-2.9042,5.3027,-8.8371,-9.0777,3.7961,-9.4522,5.0026,8.3733,-1.2236,-5.9698,7.7682,2.7656,0.1923,4.0089,-7.9472,7.3974,-4.1996,-8.2164,6.2327,-7.0084,-8.1366,-6.9268,3.4315,-9.7815,-0.4825,5.7861,2.4529,6.2998,-6.0704,0.1918,-2.7748,3.6308,-0.7301,0.6204,-1.3847,-2.4926,2.2283,2.7168,-2.8096,2.0977,1.4466,-6.8739,7.9884,-6.4747,-8.8066,3.4052,6.9427,5.2595,5.6217,-7.9919,-2.6445,-1.786,-8.2492,-6.7937,0.909,4.8585,-7.8077,-1.9669,5.4376,-4.8099,-8.2577,-2.718,-1.2829,-5.5437,-4.7795,-5.8707,1.6486,0.376,9.1416,-7.6469,-5.4908,-4.0107,-9.9793,9.765,-1.2578,1.3822,0.8404,-6.2552,9.1049,6.0864,-7.1528,-5.5372,-2.5885,4.3273,-0.5804,-7.8021,5.3598,8.2612,6.0538,-0.5013,-7.2176,-9.6217,-7.3399,-5.9875,-8.567,-6.6224,9.349,8.3886,-5.72,-4.7431,-0.3262,-1.2577,-0.6505
-9.2942,-5.002,1.365,-6.6487,5.8312,2.4436,-1.1846,1.0262,7.5678,5.3256,8.239,-6.9155,-1.2681,7.3276,8.5897,9.6967,3.8423,9.0359,2.2728,-3.3597,3.2473,-9.3455,-0.4043,7.5242,1.5196,-1.2234,4.6201,3.2428,-0.1803,2.9515,7.3397,-4.9537,9.342,-3.1361,-2.7187,9.4978,-4.3991,-1.1566,1.7989,-2.1832,-5.9573,-6.9861,-2.8197,6.5514,-6.0547,9.2245,-7.6014,-9.2888,5.6775,7.5153,-6.5367,7.6005,-3.7319,8.4554,-6.507,3.3412,-9.7763,2.2121,-8.8951,-1.2787,8.0869,6.7177,-2.276,8.3684,-7.76,8.252,-9.524,-7.159,8.2292,3.7075,-4.9982,-5.6278,0.8548,5.2581,1.5211,-7.707,-3.4938,6.708,1.7957,5.8352,-0.1487,6.0022,0.9947,-7.9252,8.0679,3.8779,-6.4098,8.9893,-1.233,6.3509,-6.5078,-5.8043,-7.3101,8.2287,-9.0491,6.6453,-2.9211,2.1875,2.9689,-8.3036,2.5484,-1.7561,-2.2685,-5.1686,-2.1006,8.9475,-9.0379,5.3639,-2.4429,2.5345,8.3417,-7.9677,-6.7726,8.7747,7.1778,4.2603,1.0064,3.9252,-5.0097,-5.1173,-3.4947,2.3276,-1.7164,-3.9571,-8.1594,-0.5311,1.9989,4.1624,-2.8768,9.6713,-5.8326,-3.8775,0.5668,6.1176,-8.834,5.8056,-2.2689,5.5665,-6.1324,-7.7264,4.1617,9.6059,-1.5391,3.8086,0.7846,-8.3601,-3.4409,3.3936,-0.2853,7.0848,3.3943,2.3847,-6.3904,-0.9326,-6.7567,-6.2161,-7.358,-4.9693,9.1239,6.7435,5.4507,-4.9817,-5.0558,7.4889,-3.3022,-5.4198,3.4191,-8.7066,-4.3992,2.0238,-3.112,-5.8877,-9.0135,7.9712,4.5083,-4.4608,-5.4677,-2.4766,-8.9261,-7.1374,1.5512,6.2798,8.9547,2.8474,-7.597,-8.5379,-6.3653,-9.6497,-9.861,-9.5962,7.3817,4.8053,-1.4117,0.492,1.6209,0.6186,-2.5837,5.3486,2.7171,0.8304
7.9682,4.7901,6.3611,0.3739,0.1166,-6.266,-1.8394,-9.9924,-7.7217,5.035,-0.2459,-9.8918,-3.8653,-8.426,-5.2456,8.6498,9.6425,6.3028,-3.6142,-4.1113,2.3658,-9.7833,-8.3938,-5.1951,0.2289,6.1925,-5.4814,-4.2885,-6.425,-7.4148,0.8664,9.0336,-0.1766,0.6625,9.6287,4.5162,2.98,-9.3349,-4.2157,8.8286,5.538,-8.2139,-3.5332,-6.5468,0.7108,-7.7607,7.718,7.3312,-1.3687,5.2784,1.813,-4.6374,-3.6174,3.812,6.1416,5.7402,-0.5622,-2.2982,-2.9238,7.0256,6.6323,4.4574,1.7951,3.1113,4.8969,-5.6243,1.9939,8.9922,-5.3674,-2.5362,0.3398,-9.2429,9.7404,-9.2789,-5.2774,-5.7198,0.2921,8.7609,2.5121,-7.8008,4.244,-7.9835,-0.1716,-3.4073,1.6526,7.7722,5.9556,-6.8404,7.6097,-7.246,-9.0257,4.9453,8.6805,1.9646,-8.6539,-9.4949,7.6039,6.1303,6.5513,9.0189,1.0972,-7.231,5.6326,-9.0881,2.3593,3.4302,1.211,-9.2237,-2.4844,-6.1323,-1.8297,9.2747,9.2517,-4.0023,3.6053,6.5181,-7.8912,-3.8703,1.8127,-5.0424,-6.8093,1.4797,0.8477,8.7284,-1.8527,-7.9038,-5.7704,-8.7222,0.1635,-5.9236,-1.0695,4.0402,8.9716,-7.7193,-0.7976,7.2002,4.345,2.2809,-6.3154,7.1003,0.5105,-1.6289,0.5494,1.8286,8.6728,4.7897,-2.4541,7.3774,-7.6935,1.9692,-3.8771,9.1705,1.9234,-7.1219,-7.5442,8.6394,-2.9355,1.8081,-1.9049,5.1665,6.8999,0.008,6.1935,-4.0203,-9.0801,2.4645,2.9021,8.6387,-3.9204,0.3693,-2.025,-2.4983,-0.8326,0.3465,-4.5753,4.6845,-2.3845,3.3196,-9.5856,0.4344,5.7315,-7.4281,-1.7323,-9.8081,2.9049,-7.4488,7.8824,-7.0378,2.1077,-5.9139,8.8462,-7.372,7.6735,-4.0945,-9.0761,-8.1736,5.8703,9.5187,1.8595,7.3075
8.6304,8.7741,3.8645,6.9635,0.8289,2.709,-6.7867,6.629,-0.7471,0.6055,0.4532,3.0614,7.0244,3.6912,-9.6681,3.0276,6.17,5.5009,4.1249,7.6481,1.3776,7.848,2.5671,2.9045,3.6919,0.6862,2.8177,-3.6443,-0.3233,-7.952,5.58,-6.4654,-8.576,-7.9049,-4.3761,-5.9968,-9.9071,8.318,3.916,-3.5254,-9.0746,2.9569,8.6374,6.1251,-3.2649,-0.6416,8.9637,8.2316,3.7553,8.6427,3.1739,-0.0553,-3.4713,6.4103,5.0046,-2.2257,-1.0559,-2.841,6.1051,-6.3048,7.1407,-1.8831,-2.7823,3.1044,-6.2892,-2.4686,3.6565,-0.8647,-6.7667,5.451,4.117,-7.2835,-0.7591,-9.1485,3.2336,5.6923,-8.3239,2.6963,8.2324,-5.5863,-9.2908,-1.2806,-1.7747,0.5216,2.2316,-0.1694,-4.6564,3.4881,-3.2464,-5.2272,-0.7305,-3.534,2.9345,-0.8454,-1.9323,-6.7349,0.8204,3.3397,3.5077,-5.741,3.7454,8.1367,1.0891,2.0669,5.384,3.057,8.3269,6.6309,5.8686,-4.1231,3.4009,3.9326,6.4343,-1.3891,-4.3307,-5.8888,5.7016,9.2411,7.0076,1.7441,-4.8164,-9.504,-6.6502,-4.168,2.8506,1.997,7.2509,6.5062,4.0083,3.3238,-0.7192,5.5037,3.016,8.8914,-8.4033,4.6115,-4.6545,-3.8892,9.7484,-5.9807,4.3043,-5.5773,-3.7968,-0.973,-0.785,-0.6641,3.4277,7.7366,-0.9664,-0.8104,0.4983,2.5507,7.7534,8.0861,1.4166,1.0438,0.1871,0.1055,-2.1302,4.894,8.5894,1.9929,0.4141,-5.6153,0.5889,-6.7491,9.1182,-2.6496,9.2438,-3.7505,-2.2549,-6.7793,3.8465,3.9301,-6.231,-9.6175,3.474,3.696,4.5291,-3.8125,-7.2984,7.8195,0.5364,4.2229,0.2076,1.0523,5.9142,8.8588,8.9385,-1.4516,1.1687,6.6974,-5.1029,5.8888,-4.5318,5.4721,5.4544,-4.1722,2.8206,-3.1555
-5.2501,8.1291,-9.7058,0.6609,8.0035,-0.9647,3.4064,-4.2059,-2.5503,7.299,-6.933,8.8325,-2.584,3.992,7.4857,5.9613,1.097,2.7676,-0.3795,5.2101,0.8316,9.7982,-4.5145,-3.7557,4.5827,-8.3652,5.9567,-9.9273,7.4173,-2.031,7.9152,-6.1938,6.5847,4.0274,0.0794,1.4315,9.1997,-3.7791,-7.4157,-1.1488,-0.8629,-2.8188,1.8574,3.7586,-0.6803,9.4962,7.5254,1.6713,-2.3238,4.0076,5.971,-9.6646,-1.7903,-9.9559,8.4504,3.0716,-1.9012,-0.0626,2.4907,7.7303,-4.071,-6.1234,-8.8719,-9.3505,-0.2326,7.2624,-8.283,-4.5336,-9.0867,1.0004,-1.0786,4.805,-9.0388,2.0761,3.8041,-9.0125,-0.0141,9.4309,-6.801,-7.4741,4.2806,-8.4366,8.7956,3.0177,5.7541,-8.2713,3.1307,1.2689,0.9112,-2.2567,7.1944,1.0476,1.5031,-6.5198,8.0621,-0.6034,-4.8807,1.2131,-9.3095,9.112,-7.4059,2.0064,-9.4486,4.5472,-1.3094,-1.663,9.451,4.0298,-7.347,-9.8534,-7.229,-5.6848,1.6999,-4.4279,-6.093,7.5916,-1.3746,7.1382,2.9997,-2.9509,3.0309,4.9158,3.1289,-7.5811,-7.4836,-3.6218,-7.0313,-1.6864,4.9214,-1.0417,-8.8401,3.586,-8.8181,-2.2579,5.8785,1.1726,5.0172,0.1136,1.7709,2.8799,0.6294,-3.0831,1.789,0.5664,2.7949,9.3652,4.6809,8.9932,5.4816,-6.5422,2.6974,-9.1779,2.3585,-5.6408,2.2523,3.7616,-4.9229,-8.0302,0.765,-1.0606,-3.5714,-5.0984,0.3283,-9.5124,1.385,-3.5022,-8.6085,3.9614,-8.9271,-4.3154,1.0287,-2.9317,4.1868,7.8278,-3.2613,8.7944,-2.7632,-8.2726,5.3089,-2.8156,-2.1483,7.3578,-4.4238,5.4894,0.0149,-7.0852,5.4163,-0.9863,-3.9751,1.5206,-6.1904,0.4799,9.6758,-2.5862,-8.0832,5.3672,1.0869,-7.3546,-2.8462,-5.5193
-3.7757,2.5094,-9.5935,6.9424,-3.765,-1.9832,-8.0065,-9.868,3.0632,6.4392,-0.4525,-2.389,7.9908,-3.6321,3.1211,-5.0849,1.8645,5.519,4.0095,-7.83,-8.6234,3.2211,5.4145,9.4213,8.5593,0.7836,8.9236,8.7144,-1.7626,-0.9672,6.961,3.6454,-8.7642,5.584,9.4859,-0.0425,4.6302,-4.9415,-1.5606,-9.0434,0.1535,-8.739,5.6945,-4.5315,3.5804,-5.7243,4.3115,6.1651,-0.6562,-9.8036,-3.0538,-9.8004,7.8386,-2.9049,-4.9253,-3.7859,-8.652,6.4851,-1.0987,-9.3138,2.6483,5.8556,2.5295,9.1738,-9.612,3.2533,0.4672,9.9829,-0.3899,6.9827,3.1489,7.7609,-5.3376,-4.5825,-9.1999,-7.3828,-5.3413,-3.7056,-9.0334,0.3287,4.6968,0.8899,1.9665,-9.9673,4.1405,2.8662,6.624,4.568,-7.4209,-8.3649,7.267,9.87,-6.7211,8.9632,8.9153,-9.2278,-1.7262,9.0448,7.8331,4.1969,-3.1054,-9.7418,6.1434,-0.4761,-2.5527,5.8239,-3.1965,-5.7797,9.7778,-4.7095,4.847,9.8803,2.1685,-5.944,1.3411,4.5362,-5.2222,-7.9611,0.8329,5.8658,-9.8355,4.2071,-3.1826,-0.2094,-6.121,-7.3517,9.9762,-1.785,4.074,3.1077,-7.1643,0.5621,-2.9836,-8.4011,-5.0725,0.1016,-3.2991,-7.5818,1.6962,1.4594,-4.6006,-2.343,7.9079,-2.0276,-4.9076,-2.5627,-3.0356,0.8117,5.851,4.9569,-0.4506,0.1852,-6.0678,-4.7317,6.0694,-3.1107,8.4524,-9.6023,-3.7114,2.3979,-1.7246,8.7115,0.3766,-1.5314,8.7809,-7.6116,6.6103,-5.9077,8.7264,-0.9797,7.4981,6.035,-3.0337,-4.0618,3.3868,-4.2811,6.0518,-9.9216,-4.2984,0.1309,7.9413,-5.9109,-6.0612,9.8655,-8.4234,2.4431,-1.7094,2.6288,3.2575,-9.2015,-9.2307,-5.6027,-0.6421,9.5353,-6.6731,-5.1162,2.2874,0.7829,-6.6264,0.0998
-7.3304,-4.4036,8.9602,6.275,7.1063,6.6845,1.2931,7.6737,3.531,6.8335,-2.4056,-0.2234,4.6617,8.2488,-5.833,-4.437,1.7253,3.6797,7.0878,-3.1606,-1.0306,-6.4729,-6.048,9.6285,3.3462,-4.9066,-0.3329,-2.7724,6.0246,9.9308,-3.57,1.0502,-8.8457,2.6622,-7.8265,4.6311,7.5364,-1.477,-6.4926,-6.9409,-0.4234,9.4015,-0.4498,8.0332,2.5545,8.0001,4.9973,9.685,-5.5026,5.5464,-9.3165,-2.2119,-5.3006,-7.0902,0.1882,8.2968,-7.8093,9.5949,-1.7297,-8.1519,-6.5549,-0.894,-3.8517,5.4859,-2.823,0.7697,-0.1481,9.9742,-0.6551,3.0786,3.9372,8.1296,-7.6314,-3.072,9.5479,4.5805,-0.0807,8.9803,6.4243,7.4996,-6.0509,7.9847,1.4675,4.9177,1.039,-1.3019,-7.562,2.5088,1.3276,3.9246,-6.7458,2.4015,1.3542,-0.0489,-1.9706,-1.9134,5.6016,-4.3365,-2.908,-9.981,-0.5023,-9.1858,4.5324,-1.6068,-9.1547,2.3478,-5.8735,-9.4587,-0.8878,-6.796,-8.2243,9.5707,9.4428,0.4776,-5.2389,6.493,7.8594,-8.0188,-4.6431,4.5379,-1.9526,4.9286,5.7014,2.7473,7.1691,-5.8486,-5.4094,-4.1759,-6.0882,-6.0126,8.7252,7.971,6.8614,1.9304,5.1946,6.7245,-6.2727,7.8024,5.6785,-2.1024,-9.5351,-6.0704,4.5572,8.7306,0.2186,-0.7494,-8.4261,-2.353,9.6901,-5.7515,5.7703,4.1757,-5.9809,2.6826,6.6786,1.4993,4.3782,0.5605,3.6499,8.9742,1.7271,1.6784,1.0594,-4.0502,5.1948,6.6947,3.8758,-4.4722,7.7815,1.7589,-1.9365,8.2557,-5.4972,-9.4056,-2.5607,-8.2223,1.0188,-6.8308,-9.051,1.5797,3.4831,-8.4707,3.0113,0.8612,-0.8726,2.3747,3.6739,-6.5384,-3.2117,9.9018,8.9038,-7.0161,3.638,0.5289,-4.4272,7.1403,-6.9022,-3.2149,-6.219,-5.5687
3.8985,5.1062,8.3546,-6.3738,-4.9845,5.1803,-4.825,-8.8811,1.9446,-1.0111,4.7904,-9.5134,6.8398,2.9017,-0.0696,-0.2923,2.4492,7.5613,9.375,-8.4828,5.4294,1.382,-5.2527,6.3094,6.2108,1.1428,8.7092,-2.6914,-5.8994,-7.6393,-2.9677,9.6166,5.3834,-0.4932,3.7474,2.0484,-3.1802,5.1611,9.855,-0.9808,-4.1276,3.3375,-3.1348,3.6275,-5.7658,-9.2234,9.6641,-9.5711,-6.9553,3.4287,7.8829,-1.0808,3.9288,-9.3551,-2.3409,8.1998,9.2561,7.9401,2.457,3.151,8.3692,-8.5065,-4.8726,-4.8044,8.2019,-0.582,5.3868,2.8877,-6.1732,0.6974,8.4479,-2.0196,5.546,-1.2731,-8.3946,-2.6028,-4.3126,3.7436,7.809,6.9708,-2.5598,-1.7715,-8.7045,-9.3513,5.6747,-0.0785,0.1089,8.6642,-4.5991,-9.0442,0.132,8.968,5.6801,0.3391,-5.08,-6.5891,-7.5919,3.479,3.5981,5.2693,2.9786,-8.3515,8.087,2.1432,-6.9551,-5.1472,-2.685,1.4081,1.0468,-9.0313,2.5106,6.0394,8.2844,-0.0143,0.5161,-6.1367,7.2728,6.2192,-8.5652,7.8375,9.6472,-9.1634,-1.7058,1.2939,-9.3833,7.0132,8.1512,3.9826,9.3929,-9.0768,2.9524,5.6368,-6.9951,6.5564,7.4947,9.85,-4.8382,4.6272,-9.2415,-0.5237,-0.1631,-6.196,5.5137,8.819,-9.225,-8.3578,-5.2566,4.0912,5.7708,9.1101,7.8703,-5.4689,3.5204,5.0562,8.3196,3.7885,-5.6689,3.8748,-6.3592,-9.354,-4.1537,0.3121,9.4419,4.8627,0.9675,-1.2125,-3.6138,-9.2904,9.5448,-0.498,1.3107,1.022,-9.7983,5.8989,-2.6091,-6.2329,-7.3969,-9.9464,5.7515,1.541,9.9326,2.3457,6.3207,1.58,-7.2104,9.8791,-4.0481,-1.2449,-3.7409,-0.0457,-3.1406,-6.935,4.5161,-3.1664,-1.015,3.5996,-8.1491,-0.8126,0.777,-8.8861
5.0448,5.6607,-1.8165,-8.6693,-4.6183,-6.5231,9.9749,-8.9867,-1.4988,-7.048,-6.9036,-4.9322,-1.1347,-0.1682,3.0743,5.9889,-6.5541,-5.3569,-7.1785,6.7015,-7.0225,-4.6407,-5.1795,0.7019,-8.6891,-6.3184,3.9692,-8.7839,-0.0336,7.1452,5.7172,2.031,1.1393,6.4859,0.8118,7.2155,3.1399,9.1494,0.266,-6.2828,-8.2788,-9.2535,-4.6989,6.8265,-8.6843,3.0451,8.6248,8.5314,3.4691,2.5519,-8.0059,3.2851,3.8801,-9.6172,-3.8689,-2.7244,7.9499,-6.6518,-6.8885,2.0219,9.868,-4.023,9.1645,-3.9176,8.1746,-3.4278,-1.0776,-5.1385,9.2141,-9.1051,8.5498,-9.7544,-7.3421,-4.5083,7.6719,3.3382,-9.9726,6.003,5.3449,-0.7804,3.916,-0.3023,2.4885,9.3844,7.8071,6.017,6.4142,2.0032,3.4367,-8.2674,3.3015,-7.7609,7.9369,-4.4792,-9.6048,-5.0786,4.4757,-3.8841,-1.4351,-0.1205,0.1665,8.8901,7.2373,-5.8771,-6.7343,2.0999,3.4951,-5.3956,-7.3193,4.5841,-4.0345,-8.61,-6.7789,-2.5702,8.0888,8.1982,-8.2533,-8.851,1.4552,1.6953,3.4925,-8.3623,8.4434,-7.5629,3.1782,-5.273,-5.3561,7.8817,-6.7856,-6.2626,4.6483,5.549,-8.0988,-9.538,-8.7338,5.7039,-3.8499,5.1089,5.5121,-5.228,2.234,9.2162,-4.6294,8.3656,-9.6785,3.3331,2.3717,-8.3035,6.8723,1.4402,1.6958,-4.5923,7.6767,7.4713,8.6435,-6.0506,-9.0471,0.8221,-2.5454,9.0202,3.4949,3.5201,-1.2001,3.6862,-2.7824,-1.2851,0.245,7.5854,-4.5828,4.9945,-4.0272,-6.734,-8.6334,-0.9808,1.9444,-7.6531,4.9415,5.036,5.5569,-2.8908,9.5643,-5.3816,-5.4066,9.557,9.2889,-7.1453,3.7384,2.0828,-1.6871,-2.1054,-6.7829,5.198,-5.2843,-9.396,9.8003,-0.9397,2.6068,0.6033,7.3314,8.4115
8.4185,1.5057,-4.4744,-9.8798,6.6363,5.1647,9.9477,-6.0778,2.5647,9.0402,9.8201,8.2404,0.1102,-5.696,6.0018,1.0913,6.2893,-8.1395,9.0859,-3.0252,-9.7115,-6.0175,-5.634,-7.5025,4.6291,4.4451,-7.113,-7.7732,-8.6418,2.8349,7.4342,-6.5711,1.3631,-7.2135,8.4877,-2.4154,2.9844,-3.3817,1.277,-2.1403,-3.2527,3.5001,-3.1555,3.0741,-1.4668,3.209,0.2918,2.1172,0.6282,9.7703,6.8177,-8.6396,-7.5166,-8.2404,6.1031,8.8607,-7.5464,-6.4254,0.0951,7.21,-7.9674,-9.3824,2.2402,-9.718,-5.4703,-7.1976,-5.6392,8.8354,0.4735,9.5763,1.2855,-1.6527,-0.1715,-2.8092,3.2448,8.6282,-7.8106,-9.7665,5.1875,-4.8513,3.1774,-2.0125,-7.5539,7.4229,-9.5829,5.0284,-9.5922,-2.407,3.9809,-6.1622,-3.0822,6.7797,-9.4886,-5.4526,-8.9142,-6.8352,-2.8522,-2.7933,3.616,0.873,0.775,5.1531,-3.4756,-4.6837,-2.6752,6.7033,-8.7149,5.3202,-5.5871,-3.1096,-9.5239,-9.2102,-7.6277,-3.4067,-2.0328,-8.7599,2.812,-7.9502,7.7575,-6.2348,-3.3465,-9.3363,4.3479,9.0639,-1.7171,1.6509,-5.6952,-3.2385,-2.8749,-6.398,-7.758,5.669,-0.9645,9.8323,5.7287,-0.908,3.7209,-2.605,-0.384,7.5974,-0.7572,2.6173,-1.8085,-8.9783,1.7371,-5.8086,-3.8004,-0.7804,-4.3688,-0.9885,-2.8467,3.2408,-7.5508,6.7836,-7.3835,-9.0123,1.9798,5.7705,2.4607,6.0087,-2.9463,-3.4612,7.1674,-1.1199,6.4611,-4.7683,-9.2745,8.5307,7.9902,6.3043,-4.562,-6.6603,-9.0446,8.9178,3.6705,5.5399,-7.4236,-6.1533,4.1297,-3.2655,7.4068,-6.7618,6.6478,-3.7813,0.5045,0.5263,-9.4162,-0.5021,2.2117,-4.8175,0.1154,-0.7713,3.4517,7.741,4.8905,-1.2174,2.1585,-7.7756,2.8807,-5.8824
-2.5808,-3.7114,0.7423,-9.2106,4.535,8.3614,-2.1184,3.6789,-1.7708,3.3359,5.6465,-7.8074,-4.1084,-2.527,-1.0205,5.3915,-3.4819,9.9647,-1.9701,-2.0839,9.4378,6.6574,-9.7044,3.5537,-3.7149,1.8353,4.2416,8.5782,-3.3287,4.4278,5.9823,-4.9736,9.5009,-7.0056,-9.8372,3.7887,-2.9723,-8.0623,5.0968,8.1311,-2.7368,-0.6375,-6.5443,-8.0799,3.3698,2.4825,3.5978,-3.8356,8.2366,9.0511,-5.6099,-6.0813,2.4364,-2.2892,-0.2193,-7.3233,2.8216,-5.8062,2.5091,-9.6591,1.1398,-5.4538,-2.1841,9.9947,5.9847,3.925,-1.4973,4.3663,6.4523,-6.7504,-1.0975,8.8459,-5.5821,-5.071,5.1052,6.9599,-4.0522,-0.3215,-3.114,7.3206,8.8051,-4.6158,-1.2677,8.3843,-0.7566,4.5527,-6.8328,-7.7752,-8.2153,-6.5034,-0.4305,-7.7503,-9.0898,9.9288,5.4109,-2.4298,-9.0307,0.4846,-2.0885,5.2225,8.1617,1.3507,8.7456,-4.5256,-2.6108,-5.5305,-1.8585,4.2554,7.459,1.6594,-8.2601,4.351,1.4139,9.6027,-5.6631,6.2941,-5.7716,-0.1682,-0.5421,3.1306,0.1744,-6.239,1.243,3.8748,9.1713,-2.3781,3.283,-9.6088,-5.0684,3.1993,-5.1466,-8.0656,5.5766,-1.4188,0.5267,-3.5855,-5.1032,7.0943,9.992,-0.102,9.5291,-1.8751,7.1918,2.3226,-2.2845,4.3718,-1.6471,4.8039,5.8754,-2.0554,-4.9614,0.7668,5.1504,9.6349,0.4928,4.602,-0.0718,6.7316,-8.97,-1.8205,-8.7318,-4.7945,-1.5308,-2.9407,-9.938,5.4637,1.9787,7.1675,-0.284,2.5943,-5.3969,-1.725,-3.9735,-1.6964,-6.0688,3.3321,-0.0287,8.0942,-4.9524,9.5722,2.8554,8.9572,7.9361,-1.4178,-4.5086,-3.3217,-8.1894,6.4512,3.681,7.3893,-9.9561,-9.8504,1.39,-8.2824,-4.8611,9.7223,3.4211,7.5734,8.5072,8.381
-0.8369,6.4945,-9.1252,3.1096,9.4276,5.8117,-1.8053,-9.941,-3.7776,-4.6705,-7.7714,-4.9731,4.978,-2.4524,3.158,2.1346,0.2136,6.2892,2.705,9.0011,-2.579,-5.6827,-3.3288,-4.8374,-9.073,3.1998,9.7371,2.3097,-9.3468,1.2718,7.3783,5.1075,-5.7696,-5.7069,-6.6721,6.8449,-9.7084,-4.6836,-3.1322,3.3167,-9.5388,-9.9145,9.8723,8.352,-4.6238,-7.732,9.275,1.7848,5.1902,-7.3971,2.4382,-0.2578,2.6419,9.4237,3.7861,-2.6601,-0.3175,0.4044,6.4893,4.9729,3.975,3.4088,4.8598,-9.3586,-2.5843,1.9464,-5.1283,1.5451,-9.9803,6.7175,-4.8866,-1.0019,-2.4201,-4.1562,-8.3863,-8.7076,-3.5297,0.0027,-5.2385,2.3806,-7.7273,1.6197,1.9797,-9.538,-9.6074,4.1517,3.1466,6.7285,2.4004,9.0517,-5.1122,-1.5872,4.1178,9.858,4.1645,-7.7966,-2.466,-4.1902,-0.7497,6.1162,-0.9054,4.8577,4.3123,6.8585,0.9451,4.0895,-8.5648,-9.9974,-9.1356,1.5022,3.4252,8.2581,8.5094,3.5428,8.3361,2.6897,-7.8707,-5.9078,-7.9894,4.1048,4.0181,2.9265,-7.8178,-1.5708,8.0183,9.9761,4.5202,8.5562,3.2008,9.9835,8.6988,0.4957,2.5831,1.2167,-4.2755,4.1169,-6.8731,-9.2169,-3.4632,-3.6723,4.7388,-0.5293,-8.9125,3.9083,2.2054,-3.0496,-6.5942,9.8608,-9.3611,7.8918,0.2483,1.4607,2.6132,-8.8232,0.7288,-0.3446,0.8185,9.3834,-5.4685,0.1699,-0.1394,-8.711,-9.7918,1.4138,-4.2414,-4.1887,-6.4698,0.7693,3.039,7.8997,-9.3299,-8.7699,-5.5728,5.2421,-1.8827,-1.6005,1.2146,-7.4581,-6.7768,1.6243,-2.9006,-0.2945,2.7052,8.3244,-7.4131,2.8614,-0.2911,9.5149,-9.9615,-2.1699,-2.5158,-2.2146,-8.1469,6.8602,4.2353,8.5108,9.7536,-2.248,8.8473,-6.5271
9.4177,4.4644,7.5649,0.1099,5.5787,-4.41,-2.764,-2.4419,8.594,2.5328,-9.2498,3.302,-1.5262,-3.4501,-5.5236,7.5734,6.6645,-6.0492,0.1248,-5.3023,0.8223,9.0446,-5.9613,-1.263,-1.0576,-3.0717,3.4618,-8.4648,-1.5184,0.4077,-1.4446,-9.4824,7.108,-1.6248,7.2985,8.0144,1.0644,1.5483,2.1916,6.9531,7.0808,7.696,2.3423,2.7514,7.7303,-5.9265,-1.0175,9.7564,8.1015,-3.6458,6.5111,7.8842,5.8418,6.6661,9.4763,3.9555,-2.6727,3.0908,-9.523,-1.7853,5.4271,3.2392,0.1122,0.096,-7.6542,-6.6921,-5.5127,6.0166,5.9549,0.4113,-6.9728,5.9602,-4.7255,-9.555,-7.7038,4.3108,3.0065,-2.2527,-9.0032,8.9433,9.473,4.5844,6.9817,0.2222,3.7544,2.7603,9.4545,5.822,-4.0356,8.7776,-4.1071,0.92,-3.5524,0.1391,7.4328,-3.8761,-0.9606,-9.7439,-0.0672,-2.6858,-3.4866,-0.8189,6.3672,-9.3397,6.6471,6.7023,-8.0605,2.9319,8.1944,-0.7405,4.659,7.3075,-2.4037,-4.6876,-1.5218,6.0643,4.8818,-6.439,-2.8452,-2.3161,-8.0918,4.0969,4.0663,-1.0225,-5.3241,-6.0122,-3.7559,-9.6729,-0.9976,8.6156,5.323,-7.8596,-5.8515,-4.1069,2.5806,7.1175,0.3601,5.2134,1.0613,4.3571,-4.8231,3.1136,8.6454,-2.2385,8.3489,8.0031,-1.6875,7.6359,-1.3847,2.696,-0.6945,9.7135,-3.243,-7.2039,7.7203,5.6665,-5.7998,-9.6272,-2.369,7.4011,4.1312,-7.8742,-7.9986,7.0386,-5.2582,6.4323,-2.2989,-5.2704,5.6567,-9.4162,-6.0983,-4.4005,-0.2031,-6.9603,8.6944,-2.5387,-2.6009,8.0327,0.1029,-1.3557,1.2375,6.8916,8.8808,8.0412,4.9883,-0.7814,-0.0049,-1.7618,7.6615,-4.6452,4.0444,-8.46,-3.3934,8.653,-4.8177,-4.6087,2.9502,3.3704,4.3996,2.6466
9.9668,4.315,-6.8429,-2.1819,5.9285,6.8863,-0.4208,0.2661,7.8716,7.9424,3.7471,2.4515,-6.9993,0.4548,-8.7392,2.0664,-7.2225,-4.063,-0.2625,9.9641,-7.4178,-7.4895,-3.0152,9.7354,-6.5328,6.1835,3.5017,3.2784,-7.4206,8.6111,5.2526,-3.2463,7.1201,9.6944,-5.4173,-1.3917,6.3897,-1.7658,3.9016,-0.8859,5.8277,6.7097,-9.4486,8.2721,-7.2003,-7.0716,4.2403,0.9511,1.596,8.3377,-7.2212,4.554,-5.0604,4.3332,-1.1684,-5.5753,-6.5278,0.0167,8.1203,8.7166,8.6796,7.5568,-9.2309,5.859,4.5887,1.739,-0.501,-9.4432,2.3329,-6.2417,9.185,-7.6583,-0.8109,4.8584,3.7713,-6.5486,-2.2807,-4.9112,4.0721,-3.5597,4.6558,-9.2013,2.1751,1.7949,-4.1742,2.6099,-7.4205,8.922,-3.6663,9.3342,-1.1781,-2.4251,-1.1835,-5.8689,-6.9238,6.5092,-1.3344,-7.1023,-4.5513,8.0011,-9.3173,9.623,2.8849,-1.1705,-0.3356,-6.3518,-4.4781,1.6619,8.4931,2.3566,-7.2008,2.2261,4.5102,9.5462,-6.2781,-3.7743,-7.2529,5.8638,-3.3363,1.8823,-4.4777,-6.449,-5.5534,0.1309,-4.1314,2.0295,8.9478,-7.8222,9.0784,9.0219,-1.4442,3.3151,-9.7735,-9.8321,9.9042,2.7893,-6.7055,-1.8799,5.3786,-3.968,-8.9364,3.3269,4.2535,5.3532,-6.1745,-9.9969,-0.9749,-4.941,-8.5633,5.1628,-0.0127,-9.2558,2.998,9.538,-7.5533,-4.3415,-9.1719,4.7531,1.8954,-9.5494,-0.6547,2.4121,-9.287,-8.1058,-2.8752,3.1724,-6.387,-4.8263,6.9792,6.6244,-8.5413,-1.4011,4.0959,-7.1615,-0.7154,5.2128,-9.082,-3.8244,-7.4714,-6.084,3.5833,0.4582,6.2083,-8.9752,-0.2551,-9.5431,0.48,-8.3451,-6.9805,6.0723,0.935,9.061,-8.9179,1.7487,-8.7,3.6343,1.6419,-5.5701,4.691,-8.6979
-9.4261,0.9514,-1.7428,-1.057,9.3479,2.3002,6.516,9.1311,3.8119,9.7219,-9.9397,-3.1116,-6.2249,-7.5966,-5.9042,-2.8373,-4.5604,8.851,6.7682,-2.33,7.1943,1.837,-8.1355,-4.8484,-7.7915,7.7082,-7.3548,-1.395,-8.9338,1.0303,7.5449,-9.0712,9.0428,-2.2557,5.0508,-5.6279,3.0365,0.2202,-6.8552,-5.4716,3.5678,-4.8667,-9.5253,-0.8482,-7.6227,6.0645,6.5803,5.5316,-7.2885,-0.5378,-6.5547,8.9328,-2.4364,5.8653,4.7522,5.6254,6.257,-7.5881,-8.3812,4.9157,6.8561,-6.589,3.0886,-1.7523,-3.1649,4.3937,7.6833,7.729,-5.6336,-1.6165,-6.511,-8.064,-6.2921,0.2641,8.2672,6.7966,-6.7181,-1.6704,7.8686,1.03,-3.4619,-3.9979,8.8674,-4.7102,-6.9212,-9.1623,-4.2914,-9.6349,-3.2657,-0.0453,8.9668,-5.2968,2.6219,2.3513,2.6835,-4.312,9.0618,-6.2987,-9.1719,7.6914,3.7717,3.8341,-3.0732,-7.0395,1.5342,-0.9109,6.1207,-8.5616,9.6814,-0.4164,-2.783,-7.9905,-4.1459,-7.2479,-5.9835,9.7163,4.7815,2.18,-7.1529,-1.9139,3.9686,3.6567,-3.3009,6.0542,-3.369,-3.8197,1.4558,1.7596,-5.6437,-1.9231,2.8941,4.0346,-8.59,4.5745,-4.5128,-2.0807,-8.6799,3.6994,9.4769,-2.7185,0.5465,-6.4534,0.1072,9.0284,8.5643,8.25,-5.261,-5.646,1.0184,8.6593,8.8738,2.0626,7.5651,-5.5446,-9.9264,4.7069,-8.5557,4.4677,0.5305,-2.3191,2.2558,-7.3279,-3.0066,5.0123,-1.8313,-9.1261,3.0616,-1.3009,-9.8592,9.2221,4.5511,2.7111,-2.9671,9.7062,-6.0896,7.4514,6.114,6.5748,3.1198,8.8066,-6.7647,-8.8834,5.9594,-5.2518,-8.1416,6.2349,5.1314,-0.2797,-1.2792,1.6046,-2.1827,7.5367,8.7881,2.9142,-0.0195,-8.224,-2.8546,-0.9863,1.8142,0.5294
-0.6721,4.5596,-4.5533,-2.7982,-9.7846,-9.2624,0.8515,-2.0259,3.7806,1.3729,1.6759,8.9867,-6.4064,9.4421,-7.0453,-9.2905,-5.9448,-3.4709,8.9281,-3.449,-2.5635,7.9776,-9.154,-4.4169,4.352,-1.7223,-5.0103,-6.3161,-5.7739,1.6232,-6.7685,-8.0818,-3.7323,7.6577,0.9222,-7.977,-8.7542,9.2933,5.8584,8.6449,2.7346,-5.9568,7.6408,-9.3682,-0.1052,-2.3931,-2.299,-1.5386,-2.498,-4.8517,-7.6849,7.4866,0.2775,-1.8565,6.7533,-0.4959,2.2593,-7.5875,-1.1995,-0.7642,2.64,4.9689,0.3212,1.7063,0.4727,4.3354,2.0251,-3.2768,7.2523,-8.9267,7.5156,-9.8397,-9.3703,8.7986,-9.2432,5.399,1.553,3.2335,-6.3327,6.5234,-6.6486,-2.5726,-1.9901,9.0892,5.5271,-0.6375,-1.8548,7.4508,0.237,-4.149,-9.6732,7.6341,4.0551,9.9097,-9.941,9.5963,2.6126,-8.9902,5.561,0.8631,2.8677,8.5523,-8.23,-0.9254,7.1239,9.0616,7.9172,-7.7567,-9.8451,7.0145,-5.2591,-9.3912,4.6196,5.1902,-8.5214,-1.056,-7.6926,-9.0253,0.4632,-8.3934,0.9469,9.7052,-0.0169,2.2896,-3.9066,6.9303,4.3708,0.8874,6.145,-5.0652,6.2116,3.4676,-6.8583,-7.4429,-0.8643,9.7035,5.37,-2.0591,-6.2535,-1.7903,-4.6551,8.19,-5.3301,1.544,6.77,2.5294,-0.8306,-1.4147,6.8304,-0.0584,-1.0821,-5.4933,5.821,-4.588,1.2468,-9.3524,4.8216,-2.8678,2.8539,-7.7766,2.0021,-6.1953,6.3592,7.1187,7.124,-6.5052,-3.7339,-3.1819,-9.3013,-1.5959,-4.2306,-6.5494,-7.8784,7.9715,-3.153,-1.5001,0.1826,-1.409,4.9058,0.0516,4.2666,0.7391,-4.9965,-4.3284,3.7971,6.1488,-0.9088,-9.048,-4.7099,3.6021,-9.5443,-5.0752,1.7058,-6.0891,8.1183,-2.7325,6.8344,4.4678,-9.4149,9.9655
0.6843,-8.8702,-3.0082,-4.5921,7.5395,3.9904,-2.6482,3.6615,4.8104,-3.1998,4.6971,2.9063,4.9645,9.6237,0.881,-3.4093,2.1975,-6.5151,-6.4729,0.8855,-2.1321,-1.4063,-6.6314,-2.3269,-2.7752,-8.4057,-0.2243,-0.7405,-9.3394,3.9567,-1.6786,2.4141,-5.1639,-3.6419,-1.2691,-9.0886,-0.572,-1.6786,6.3673,6.6946,3.3265,6.0601,-8.4804,-8.8933,-4.8405,-4.6272,9.7062,-3.9471,-4.9422,-9.9151,-9.7827,5.2177,-2.3079,-0.1502,-3.5293,5.0281,-2.3776,5.8818,5.0239,-0.656,1.5721,-6.7918,3.3679,-5.6886,8.2534,1.8696,-3.5895,-4.9053,4.8537,3.8848,-4.5658,-6.6405,-0.5686,-0.9448,8.2769,-8.0726,2.3082,2.5043,-1.5616,2.2575,0.9534,9.4399,7.2524,-1.3699,0.0321,0.1174,-0.8441,-5.9693,1.4583,5.8869,-2.2307,-5.8691,7.1365,8.77,2.2511,1.2778,-6.0751,-4.1215,-7.0068,-6.6521,8.3219,-6.3018,6.8983,6.295,1.9643,-1.6328,-6.8019,1.5788,-9.8833,1.2691,-7.292,-9.7282,4.4512,9.3006,-4.9417,0.144,0.886,3.559,5.6739,0.7272,9.4836,-6.7696,3.5884,-7.4725,2.2353,9.0885,1.2273,2.2721,-3.4864,-0.3735,3.8223,6.2796,6.5876,-7.5434,-9.7803,4.5666,6.72,8.9863,-4.0088,1.3482,-1.1288,5.8969,9.6332,-1.4055,-0.6739,7.6947,-4.9025,8.1613,0.266,-7.7174,-0.8033,9.3144,-8.807,-5.3548,-5.7541,-0.4948,-9.1302,5.8069,0.817,-1.2778,1.6227,9.2803,-5.3129,-3.6837,5.5647,-7.5566,7.0795,1.896,4.3384,1.7904,-4.6287,8.141,-6.0791,-0.829,3.1046,3.3324,-5.2162,-4.4398,6.1156,-5.3315,-6.7866,7.2557,-8.2941,7.8372,3.6142,9.6444,2.7164,-2.9581,-2.4012,7.2658,-1.2396,-4.463,6.6128,0.6762,-5.7366,-1.2157,8.9936,-8.1298,4.8461,-7.065
0.7286,-0.9083,-5.0041,-7.7937,-6.3018,-6.3281,-3.2021,0.2977,6.465,6.5452,-9.8389,-5.7518,-7.2526,9.6292,-2.3781,-4.8084,-1.623,7.0234,7.3195,5.2511,-2.5962,-4.3028,-1.5427,7.3263,2.8736,-4.4623,-5.481,-3.0807,8.849,-6.6035,2.1954,0.7229,-8.1596,-8.1911,5.907,-4.2461,-2.254,4.5343,-5.1542,-8.885,-9.6948,9.9644,7.1252,6.2429,-7.5698,-8.8461,-4.9113,-6.8741,-6.697,9.0816,0.3844,-9.2903,7.639,9.7735,-3.7166,7.8783,-4.087,9.7584,-4.8599,-4.1343,-9.9875,4.0445,6.5162,7.7932,-3.6175,-5.1476,-1.264,-9.3277,-8.7925,0.1242,9.3359,-7.7822,3.9911,3.7784,-4.3161,-6.0918,-5.5032,-7.0513,2.002,7.1317,-5.5979,8.2849,-2.0114,-1.7363,0.3547,9.2847,5.1374,-8.7679,-6.2324,-9.3976,6.8754,-4.5179,5.6578,-7.8083,-3.7872,8.988,9.1459,-9.3146,-2.6354,-9.8058,-2.0148,6.61,9.0974,1.7535,-6.9908,-3.3172,4.5515,-4.7662,3.1098,6.5634,1.4096,5.2674,9.464,-6.0213,-0.2076,6.8442,7.6958,-2.7561,-1.4276,2.2952,-3.847,8.2476,9.1544,9.9759,9.1397,2.6327,0.3689,1.7435,4.0609,2.7898,7.8478,-2.5034,8.5966,8.4586,-8.0133,0.213,6.7298,9.0621,8.9499,-8.5857,-8.7267,0.8175,4.9015,-0.1223,-1.6901,-7.2859,-5.8693,2.5475,4.1325,-3.836,5.1247,-5.9096,9.0334,-5.32,2.4811,9.0704,-6.9739,1.4884,-9.555,3.6648,9.2754,-9.3869,9.6145,2.5335,0.7734,4.8022,6.9472,9.9357,-7.6157,-7.8075,8.2808,-1.4638,1.9695,0.4712,5.761,2.3658,6.5807,2.7511,-7.9793,2.3578,-2.8374,4.0705,6.5535,6.0978,1.878,-0.5885,-6.8715,5.2729,8.5834,-3.0714,-9.6764,2.8276,2.5896,-9.0127,-5.0489,-5.7098,-4.4473,7.5175,2.6407,-8.531
4.7903,-1.3895,-4.9279,1.5031,-9.6648,-6.5516,0.9057,-6.0983,-3.6395,7.6073,8.5908,5.1109,-2.5607,-3.9712,-2.804,3.127,-3.8913,6.4806,-9.9057,8.2021,-7.4764,6.8131,2.6735,-8.6894,6.592,3.5563,-6.5303,-7.1181,-1.0357,4.8628,-7.6143,2.949,0.5238,2.0759,-0.7747,8.8947,-3.8922,-8.3225,-3.8035,5.4658,3.9135,6.0685,7.3285,-8.2686,7.4404,-7.1947,-6.5915,5.3828,0.4499,-1.9711,-5.6537,7.5455,-0.7962,3.1356,-5.8588,-8.3751,1.461,-8.975,-5.7819,5.0136,9.5026,9.8887,-0.6908,3.5676,-4.1328,9.221,5.554,-1.3175,8.5444,-5.0273,-4.0354,1.0099,5.2103,9.2973,9.7993,5.5343,5.9647,-2.4011,2.9372,6.2637,4.3184,-4.2376,-7.3495,7.5529,-4.2797,5.0911,4.9955,-7.963,-0.0193,-5.8064,0.1665,-9.6134,0.4824,-0.2023,-0.0435,9.0644,4.4619,-5.26,7.8582,-8.9136,-3.1507,6.5374,-3.868,3.6388,0.9712,9.7759,9.88,9.9212,-0.4426,-5.7078,6.5773,3.0688,-8.2462,4.9284,1.3594,-8.4068,4.4323,4.1111,-8.2942,-2.5226,-2.3344,4.5355,3.1724,8.9201,-4.3475,-3.226,1.4498,2.9168,8.7619,-2.1937,8.5398,-3.6596,4.7718,3.5143,-0.7557,2.7435,-8.0081,-7.021,-5.6239,5.6753,-0.4396,1.9019,-6.8748,-6.3194,0.427,-2.2272,-7.2994,-7.1784,7.8715,7.7982,1.7427,-4.062,2.6087,5.5035,1.1891,-0.5499,6.6646,-1.1706,1.2138,9.8275,-6.7982,5.2851,7.7484,-5.6074,-8.0483,6.0779,9.3057,-2.8647,1.445,0.675,6.1901,4.6735,-0.5991,-8.3783,3.7291,5.7605,0.9182,-1.9764,-3.5587,-6.1828,-5.536,3.3293,-9.5156,2.5477,-3.7951,6.9667,6.5981,-4.2753,6.8303,-9.4103,-3.2505,-0.2816,4.8647,0.7443,0.7501,1.0979,-4.2932,0.0812,-0.2977,8.851
-1.7084,1.4504,-3.9143,0.1683,3.7757,-0.3635,5.7831,4.4022,-1.8538,0.698,-9.5516,-5.9513,-8.4514,-4.6044,6.4865,4.5992,-8.1819,9.4737,-1.8718,-1.4943,1.5447,2.3023,8.3349,4.0384,-2.4613,-8.8809,-5.3171,-5.5716,-7.1823,-2.6585,-1.378,-3.5195,-6.8215,8.4282,-7.2057,0.3995,-4.0451,9.792,4.8521,2.3218,-8.0964,8.6854,0.4152,4.0595,9.25,-6.5443,-4.5236,1.2493,-5.39,7.0948,6.5035,-0.4591,4.338,4.9671,-4.0336,-5.9952,-8.0489,1.8657,-9.5928,6.9528,6.8123,3.9028,4.1074,4.1837,-1.53,-9.5183,-4.1946,-7.0343,1.0557,2.1926,-4.2226,9.0628,-3.6718,-7.2762,9.5104,-1.8955,3.3828,-7.0378,-9.564,-0.2005,-7.9272,-9.1144,4.2552,-8.4213,-6.5971,9.5289,-2.0622,4.414,7.0994,-4.4627,5.5354,2.9561,7.6737,0.5531,3.7074,-5.339,-6.0536,1.6749,3.9053,0.2694,-4.2168,-7.2359,-2.4629,-3.2085,-7.6262,-0.3311,8.0339,-3.1723,-5.007,8.2152,-0.3569,6.3915,8.289,0.6293,9.6215,-9.2728,6.8051,9.7821,3.7948,-4.914,-7.9452,3.1876,-5.328,1.8155,2.4684,-5.1514,-0.4198,-0.2264,8.2236,-3.2937,9.4598,4.4656,0.4487,1.2407,-5.83,8.1016,5.7402,6.4801,1.1908,-8.9797,0.4385,0.9469,-8.1415,7.8691,3.2488,-3.7732,-6.2252,4.1969,4.2097,0.19,-8.5511,-8.2991,-6.8833,5.4773,-2.714,-6.064,-1.1011,-4.4339,-6.4921,9.8409,3.7129,7.5179,2.653,-0.969,-3.455,-8.3745,7.6567,-1.4927,7.5855,0.3009,-1.0463,-7.2199,1.4237,-7.7459,9.0457,4.0139,6.867,7.2858,4.4527,4.6935,8.065,2.9697,1.9174,2.8714,-5.1819,6.0512,0.7645,-7.4575,-5.0606,-8.3782,4.9786,9.5146,-5.0076,-8.1106,7.8779,-0.4811,2.5898,3.5179,-4.5732,-7.547
0.6421,-6.9824,1.9853,-6.2507,9.4744,-2.4549,3.0808,6.1985,6.7736,0.9271,-4.3432,7.4396,-0.6754,-7.7258,0.2405,-3.8882,2.8047,5.5362,8.3866,0.8067,8.1877,2.8573,-6.7002,-2.0642,-0.2202,3.9018,5.4441,-7.9304,-8.8898,-0.4389,-3.3287,0.2893,7.4023,-1.8545,-9.3044,8.1427,4.3664,6.7103,2.0849,-0.6702,7.8122,1.9511,3.5541,-0.9953,7.8021,-1.7293,2.9597,0.1809,-0.7973,4.7639,3.4221,0.9433,9.9946,-0.4714,-1.6192,6.163,9.1505,3.088,-1.9252,0.0206,1.4198,-8.286,-9.6709,9.153,-8.9513,5.6431,9.695,7.8523,-9.7396,0.5137,-4.5109,-4.7995,-1.4915,0.604,6.2277,-5.2839,9.0798,1.3834,-7.3931,7.608,5.5726,-3.5048,-5.1997,-0.9146,8.2349,4.3455,-2.5671,-7.3872,-2.5696,-4.0564,9.279,-0.3997,1.7486,6.1517,8.6854,7.0386,1.7478,5.669,9.6232,1.3068,-2.2241,-5.2257,-3.3311,3.5625,-4.087,0.8281,3.5727,3.312,7.1127,-1.4429,7.0217,-9.9288,-3.3392,-5.5432,-8.2008,4.8917,-4.2888,-9.4573,-8.9964,-4.8489,3.7026,-7.6172,-6.2338,2.278,7.1812,4.755,4.4932,4.0649,-6.0054,2.4867,-9.7529,1.7202,2.7734,1.3467,-5.8076,8.6499,-5.3813,7.9824,-1.4403,-8.0159,6.3628,-5.9263,5.0683,-6.4354,8.9331,0.7317,-0.9236,9.3567,-7.0658,8.5773,4.962,4.9058,-2.5599,2.641,4.9093,3.6006,7.1339,7.0869,-9.9038,-5.2236,-3.3752,-3.0057,-7.2772,-8.5822,-8.8767,-6.4935,8.813,-0.1091,4.543,5.9795,9.4906,-4.1887,5.9718,-6.2559,0.7589,5.1744,3.4292,-7.8327,0.038,3.4202,5.6772,1.3471,6.1263,-2.1511,7.7125,-4.8339,0.7251,7.3341,-7.8267,-1.0451,4.8119,-5.0146,-3.9374,1.0767,-6.2806,-2.1311,-0.8917,-6.9069,-4.1965,-6.9063
8.9625,4.0465,5.2292,3.0891,0.5304,0.1104,9.9564,3.5784,6.5985,-0.4521,4.4812,9.7529,-0.1009,-0.0743,3.9727,-6.4431,-5.9663,9.0697,-0.6629,-1.9648,3.0863,-6.3787,3.772,9.6304,4.161,2.2482,-1.3246,7.8526,-6.242,-4.5062,2.1398,-1.0495,-5.8682,5.9188,-7.611,-1.289,1.3893,-7.0032,3.516,-7.0527,8.5913,7.393,9.4343,-4.8484,0.6555,3.1868,9.2695,-4.9343,-5.4706,9.0221,-1.0524,-3.1317,2.982,8.6972,6.4118,5.9242,-5.1061,7.0848,-8.9273,4.4395,8.1479,-7.4944,5.3143,-5.3674,-6.3604,-0.0151,-4.4881,0.9126,-9.3646,-3.7222,6.3718,6.3821,-4.427,-1.1962,0.1881,-0.6661,-5.2238,-9.6948,-9.9607,1.6863,1.1616,7.5597,-5.5539,-7.308,1.8357,8.2672,-5.2327,1.5178,8.7621,-6.3362,-7.1216,-9.202,-2.2021,0.9744,7.1581,-7.1196,3.3682,-5.1422,-7.7318,0.5061,-3.6992,8.1395,8.1533,3.2115,0.6576,-5.0992,3.982,-1.7065,-0.4713,-6.0771,4.6767,-1.4289,-0.4016,7.1892,0.2898,9.0936,1.9261,-8.597,3.9695,4.1674,8.0549,6.7596,3.0965,-2.8697,-1.2529,-4.4092,8.1927,9.3844,5.4393,-9.0671,-1.0394,-3.1325,-5.6295,-6.635,9.7552,1.8518,0.2078,8.9843,-5.3038,-9.1794,-9.9197,-9.5198,5.3657,-0.6853,4.0072,8.5949,-6.725,-3.3638,5.8559,0.7144,9.9017,-0.0596,9.4947,1.9593,1.0837,-6.2113,6.6067,-1.9172,6.5599,8.4707,-0.806,1.334,7.8057,-7.9254,2.3012,5.5127,-3.2491,-0.733,-7.8418,-9.8885,-3.3256,0.024,-3.0816,-1.9201,-0.9921,-5.8498,-1.889,-8.5091,-4.8696,8.2688,4.8253,-1.3007,-6.4625,3.7552,5.69,-5.1273,4.9377,-9.007,1.1566,-9.4916,-4.4899,-4.759,3.2447,-6.68,2.6337,-8.6131,4.2447,7.0246,0.2108,2.0675
1.8585,-5.986,-7.688,8.965,-3.2543,-5.87,-7.892,-0.4966,-9.5538,-0.0155,1.1759,9.2284,9.7419,-9.7021,-9.9593,6.7544,3.0226,-0.2746,6.379,0.2759,-1.5985,-3.9519,3.7798,2.5123,2.4648,2.8483,-3.4222,-7.5303,-9.8764,-0.1965,9.9717,7.7343,-3.791,6.5653,-3.3071,7.6722,0.1397,1.0638,-3.0429,3.2214,7.3529,4.4694,0.7578,-0.9929,5.4585,9.0391,-5.3538,-6.4158,6.585,4.0914,-9.0447,5.4477,-9.8969,-0.3267,-4.2303,7.6121,-5.609,5.0018,-3.4873,-3.5928,-2.0578,-3.7863,3.9811,2.1936,-6.5338,1.8861,1.8902,6.6113,-2.6666,1.3761,2.0451,-6.2724,-0.0837,-1.8459,-9.3072,3.467,-8.9206,-6.3097,9.9519,2.9804,-8.9358,9.7984,6.1215,-2.0527,-1.9034,-6.5983,2.113,-0.4512,-3.8362,1.3295,-2.952,-6.9307,-7.6851,0.7378,2.4865,4.1283,8.2964,-0.5944,-8.0966,-3.523,-1.6717,-2.1776,-2.514,-3.1782,-0.1806,-5.7832,-8.0634,6.0879,-3.8441,6.3708,7.1458,7.5056,3.2883,-4.7783,-5.3401,-9.4927,3.0714,-2.3231,6.6987,-0.9261,1.31,0.1552,5.8237,-3.6991,7.5925,8.8394,-9.6807,9.8512,9.9761,4.447,4.3829,-4.1063,-0.3485,5.4516,6.852,8.015,2.7144,-0.5257,9.113,0.2392,5.3517,-3.5207,-4.9089,-8.1745,2.7557,-7.3463,5.5525,-3.7309,-8.1584,2.8212,-7.5996,7.4026,2.4029,5.4553,5.5037,-8.9327,-9.6189,-6.5469,3.8332,-7.519,-8.1539,-9.0945,-5.0368,7.7447,-7.6628,-6.2257,-3.1433,-0.843,-8.0596,-4.4446,6.836,5.1739,-0.5355,-8.912,-0.5365,1.7041,-5.1647,3.0095,-6.5384,-4.9392,-5.993,-5.0961,-3.9265,-4.3309,1.8997,-5.7862,4.4799,-9.5307,6.3641,1.1353,-5.2736,-6.9767,3.1366,8.4883,-8.8997,-3.3046,5.1903,-2.4436,-1.9866,6.095
6.8601,-5.9398,-1.1325,9.8602,7.6778,-9.8112,-9.786,-6.5825,1.4277,-9.0024,-6.4951,-3.9645,6.5541,-3.2915,-1.5092,-3.2584,-1.2485,0.967,-2.0285,-2.7186,8.4385,9.7769,6.1773,4.877,-7.5207,5.4083,1.3437,4.2141,-6.5408,-9.5328,9.7358,9.3513,-5.3785,9.0632,-1.4222,0.2468,4.0221,-5.0483,-3.3498,2.3343,3.6666,1.1175,-7.9672,-7.5513,-5.6007,-4.1292,-7.1213,-8.3271,-7.97,6.9423,-7.7587,-5.8328,1.1326,-1.1649,7.0898,2.9152,7.4155,-7.4941,1.4684,-7.8005,4.7633,5.597,-4.4914,-0.6236,8.0482,-4.2703,8.1291,1.7855,-4.3797,-5.9909,-1.5556,-5.8573,-9.6191,-7.1523,7.2588,-4.0424,-1.2828,7.3385,4.4463,9.4129,-6.8125,-6.629,-0.3171,5.5381,9.0258,9.3644,-7.9388,-9.8533,-0.7142,-3.8221,8.7219,-0.3632,5.5423,-8.0572,-6.9158,2.1418,6.1736,-1.3726,-3.3698,-5.2463,2.7372,9.3896,-7.6501,-7.1742,-1.6627,-0.3546,3.776,3.0163,9.005,1.1319,-0.5971,9.578,7.5344,1.9585,7.1978,7.368,-0.7978,-9.1854,-8.2018,0.7832,4.1704,0.4151,-0.3613,6.9143,9.2319,7.6787,0.4938,-9.2592,7.4803,0.9098,8.6505,-7.7076,-7.9919,6.0979,-1.9377,-2.0237,9.0621,0.0339,-4.5111,5.7781,-4.7176,6.9147,-1.174,-4.7233,-9.8713,-1.1588,2.3801,8.8406,-1.7223,-7.4567,-6.9255,4.9141,-5.0826,-1.4808,-7.3096,-1.8743,2.8307,5.2213,6.5228,7.4378,6.1766,-3.551,0.7641,-9.3976,2.251,9.882,-3.1295,-6.6662,8.6518,7.6222,0.7187,-7.9779,7.5504,8.1613,9.35,9.9125,9.7355,5.6009,6.2721,-6.7441,7.1987,6.045,9.9586,-7.9992,-6.7301,-3.2382,7.6071,-7.5493,4.0307,-4.6645,0.1822,-8.4632,2.5214,-8.5492,0.2394,0.002,-5.4425,-0.2648,9.1857,1.3681
-1.2326,-0.0646,-6.9808,-9.9532,7.2836,2.841,-7.9267,9.3974,-9.1852,-4.7945,-6.0346,8.6397,-2.0818,-6.2759,-6.5812,7.3463,8.6725,8.9643,0.8748,6.5452,3.375,7.2614,4.899,6.8118,-8.3162,4.8829,5.6794,-7.7977,-2.3192,-0.3688,-1.6085,1.2487,6.8642,-7.9148,-7.3455,5.3586,-0.4916,-3.8371,-0.653,-3.1383,3.7831,-4.5101,1.0064,-6.9828,1.4283,-2.7887,-5.9015,5.9037,8.5283,4.6218,-9.9073,1.7049,-2.8389,-2.0328,9.1608,-8.8719,-8.6824,-6.1085,-2.7002,-8.1466,8.0539,-7.2436,-3.0522,6.2617,-9.8557,9.6835,-0.9189,4.5637,-0.7007,-2.0898,3.6612,-9.5683,1.6324,2.2947,8.9964,-5.0557,7.7238,-2.3139,-9.8665,2.4846,-0.6244,3.859,4.8996,8.424,-4.2095,-9.2481,4.4981,0.1241,-2.0352,8.4358,3.9144,-5.8647,-3.5642,-5.5435,0.5164,6.8234,-0.0493,1.7395,-3.075,-1.7068,6.1846,0.7726,8.5861,-2.5104,-1.6718,-0.2269,2.4614,-3.6263,5.9453,-0.8836,-1.9097,-8.9528,-9.4312,2.0104,2.8629,-9.3078,2.6384,8.5778,-5.7657,-4.2797,1.1455,9.5739,-9.196,8.1575,4.3187,9.2036,-4.9555,-2.9311,-2.6304,4.3416,8.3622,3.4493,-5.9989,5.2841,7.6802,-3.5585,-9.8824,4.271,3.1273,6.413,2.1967,2.6384,7.164,-7.5464,4.543,0.6448,2.5253,-2.5486,-4.9051,1.1991,8.4757,-4.0756,-6.6054,-6.9402,7.0017,-4.1789,-0.2086,-4.0968,9.6544,-2.2142,1.3883,0.4017,-9.9152,7.3873,-1.8287,-2.6685,-2.202,0.5599,6.2177,5.2684,0.62,-6.7119,5.4237,2.4848,9.7403,4.7666,-5.0199,-5.1045,5.947,-8.9656,4.8008,-6.0027,-9.6828,3.0026,-8.3807,-5.2462,-7.6979,1.8418,8.7718,6.58,-1.3301,3.2799,-3.2493,7.1896,0.4073,5.69,-7.1946,4.8447,-0.2293,7.8278
-7.6205,7.3801,7.8812,-8.627,-5.5501,-6.5577,5.3552,-9.904,-2.3317,-6.2446,-4.4586,-3.3257,-0.974,7.0613,-0.1969,-6.2377,4.0499,-0.0826,7.0968,9.5551,4.7877,-5.8109,7.6988,9.5954,2.7823,-0.5346,5.3986,3.5594,8.2674,7.3878,-3.9012,-3.9966,-9.4503,-2.7316,-4.9087,-1.7126,3.5716,1.3523,6.0412,-6.4493,5.0236,2.0828,4.1295,-3.0989,-3.5654,9.2854,0.242,9.6059,-8.138,9.9573,-8.4385,3.8201,4.4609,-7.4241,-8.8368,-7.7297,-1.2756,-9.757,-6.9081,5.999,-8.6716,-3.8259,9.2609,-2.449,-5.1396,-9.1057,-0.9645,2.8916,0.8902,8.3452,-2.2064,4.2804,-3.4171,-9.4266,-2.6962,-5.0563,6.6033,-1.8802,-7.2417,-1.8275,-5.6124,9.9286,-1.7392,-2.9402,-9.3844,2.4534,-6.7955,1.8566,-6.6353,3.2538,-1.459,-9.3854,5.4517,-1.2955,9.2788,-1.8849,1.1233,2.5302,4.6527,0.4997,5.5849,6.257,0.1104,-5.084,0.7034,-8.2829,-8.2293,-9.3573,-8.624,1.4794,-4.8867,1.4458,-0.3855,-2.223,-2.8727,-2.9979,4.6344,2.6026,-8.8571,-9.8843,0.267,0.5737,-7.6636,5.5245,-0.8317,-4.7587,-2.4245,7.893,-5.2956,6.5777,6.5441,-8.9772,-6.3381,-8.3804,4.939,-1.9459,-0.6866,7.7506,-6.7927,0.2691,-7.5664,-5.7695,2.9151,6.0937,1.3444,-8.7121,-2.9109,-8.5346,3.4863,-8.4971,1.6046,4.6121,-7.7198,-4.1444,8.0304,3.4224,6.7747,-2.3146,-7.7646,5.7589,-8.0745,-5.961,3.8162,-7.4898,9.6669,4.6239,0.6974,-4.3851,3.6538,4.2224,6.6866,-4.1752,7.8954,-4.4144,1.822,6.9439,-5.1293,8.17,1.3002,2.0868,9.3709,2.607,2.6172,-8.0024,-8.5854,7.1909,8.7888,-6.6329,6.5513,6.2552,-8.473,-0.2072,9.6091,8.6338,5.0421,-5.9615,-8.4247,-5.6687,9.1254,-9.3963
2.883,8.6689,-0.0951,-9.0313,2.0592,-2.0501,-3.9476,1.4688,-2.4514,-0.3978,9.1508,-3.6857,-2.3239,-4.2172,-0.6898,-7.7004,4.5952,1.8013,-6.9581,7.2814,1.9333,-3.1829,-3.2775,3.3291,5.8486,-6.8631,-8.1605,-7.4544,5.2571,-1.3781,7.7067,2.7675,-8.1007,7.9962,-5.2216,2.9541,9.2347,9.3789,-9.0531,-2.3764,-5.6353,1.5525,6.1679,-5.9249,-4.6392,5.1468,-1.2515,5.4839,-9.5927,7.5297,2.713,2.1384,7.85,-8.5892,4.9299,-3.6738,5.8606,-8.2233,3.0578,-9.9811,4.1437,-7.5702,8.2313,1.0784,-3.0397,5.7086,-6.4772,-2.016,7.5071,8.5701,-9.4785,-6.116,3.5492,-6.7437,-4.0889,-5.4575,-3.5288,8.735,-0.3103,-3.4369,9.7165,0.1812,5.4188,-4.1115,4.5833,-8.3108,-3.791,-0.5235,-8.0038,5.5354,-3.7512,-0.9347,5.1733,-7.0711,-6.7921,6.9162,7.3151,-9.3669,8.3978,2.8991,-2.8983,4.9829,3.0321,-3.004,-9.7486,-9.3152,-9.9179,7.2238,-7.5639,-8.1188,7.9929,5.4953,-0.9676,2.5142,7.3562,7.804,4.8062,-4.9064,6.843,-0.0519,5.2181,6.9503,7.4993,5.4396,-9.68,-3.0324,-7.0253,-2.0365,-3.7712,-6.3281,-7.2461,2.9593,7.0999,0.0367,2.2569,3.1339,-3.5041,7.4331,5.1579,1.0592,7.5899,-2.9307,-8.8234,-2.2587,-2.8487,4.8526,8.237,6.4017,8.986,4.3966,3.2264,3.168,-6.2156,-4.9374,-1.4107,-5.1681,5.2404,5.8695,5.7032,-1.3339,3.204,-9.2681,4.5248,-1.1235,-0.562,-5.5107,7.9181,7.397,4.6337,-3.6846,-1.8036,0.9237,4.3491,-8.3719,-2.5847,-4.536,2.096,1.4242,-6.8493,2.0592,0.3132,4.0925,-8.4387,8.7217,-7.1493,-5.7987,5.3252,-0.8347,-7.3988,1.7468,3.1256,-6.4447,5.3657,6.7554,5.8634,8.0207,1.2582,6.9678,-7.7764,-7.6036
-1.7339,-8.9229,-7.5718,3.9168,7.3501,6.4909,-4.0368,-0.7984,8.9835,-8.8477,-9.3564,2.923,1.6565,-9.7474,3.667,-8.388,7.0215,-4.6846,-1.3869,-9.8669,-2.8532,7.1916,2.9881,-3.6948,1.9006,-7.5563,-0.3118,-6.9205,3.5158,-9.2082,-6.3714,-0.5566,-1.2166,-2.4621,2.8012,4.6664,6.5442,8.5787,-4.5434,9.139,-7.3219,1.5071,3.0913,0.1448,-1.3701,-1.7941,6.2496,6.3187,8.4499,2.2947,7.0578,-7.2498,7.7667,2.7232,5.0869,2.9519,8.5839,5.9868,-4.7711,-9.6763,4.5512,8.2995,-8.9866,-5.0785,6.0188,5.3454,7.2059,1.9049,-4.8477,-6.306,-8.0197,-6.8285,5.0937,-8.1826,9.4836,-8.6143,3.5185,-6.1296,-7.9612,-0.3001,-5.9769,-3.7515,3.4994,-5.7283,-1.4691,-3.0475,0.6115,-6.9117,3.4789,6.6692,4.9692,-7.83,4.0495,-9.9149,1.2594,-5.2721,-0.9244,-6.1432,-5.0921,7.4188,-5.9262,9.0612,-2.9473,-7.1374,-5.9262,9.2511,5.7619,0.9943,-6.5207,6.5757,7.3493,4.1332,-1.2799,-4.3738,6.2706,5.4855,-4.861,6.5368,-3.1158,3.8194,-0.4069,2.9269,6.6627,-9.4174,5.2057,-9.3329,-4.5522,-7.1738,1.2372,0.8193,9.1483,1.8775,8.0669,4.1393,5.256,3.6721,-2.6993,-1.2858,-6.5189,-3.5819,8.2524,-2.0384,-1.6834,-0.6107,8.1824,6.7666,0.3375,-8.714,7.4522,-2.8255,9.8012,9.776,3.0898,-0.7125,-6.2305,-8.0525,5.8902,-9.1194,-8.4925,-3.1034,-9.402,-4.0743,-1.5381,5.2176,4.2096,3.6967,-5.7619,-2.6347,-6.3774,-8.3682,-4.1879,-0.379,3.9304,1.5647,0.6856,-7.5642,4.8235,-5.2984,1.6467,-6.684,-3.6378,-4.924,3.9415,4.7313,-5.6956,6.1062,1.8961,-0.7696,3.0584,3.2889,7.4157,-5.0474,2.3708,8.1258,5.0338,0.6388,-4.8275,2.4675,7.2953,-8.6742
-2.351,-7.8313,-6.4521,1.6794,-0.8685,-9.693,3.5782,8.88,-3.2451,8.1644,5.3988,1.1589,2.4769,-7.9347,5.1803,-2.9706,-4.1696,-6.7447,3.4885,7.9479,-9.8632,6.9627,2.4149,-2.7519,-8.3474,3.2043,7.8479,-5.3435,7.766,2.5589,-7.5997,-5.3979,-8.2907,3.8099,-2.2258,1.5459,-3.3287,-0.8608,-4.6118,4.9875,4.6369,7.7275,-0.843,1.9684,-4.1073,1.8792,-0.4712,9.7793,4.1603,-5.9103,1.9405,2.3161,-3.1125,-4.8844,-8.8682,-9.7212,8.1968,-6.5077,6.2309,2.0061,1.9649,-8.6444,-6.1946,-9.0731,8.325,2.6692,-8.828,8.7735,7.2476,-7.8179,3.3761,-5.0895,-9.308,8.1695,0.8219,3.1736,7.9754,1.5922,-7.6919,6.1249,-8.3907,8.0476,5.4535,-2.5885,7.9866,1.425,-2.8875,8.2812,8.241,1.2773,4.1476,1.6373,6.3182,-7.8586,1.7288,2.0025,9.9025,6.4562,-3.3815,2.4059,-0.205,8.1161,9.1629,-1.5181,1.6169,9.2249,-9.933,-0.0973,7.1172,2.7877,-3.1888,-9.4749,7.7243,-7.0968,5.4519,-9.09,0.6058,-3.1656,-1.0839,-4.2763,-9.0637,5.3131,2.6936,-2.667,0.5357,4.1025,9.3325,-6.6829,7.5058,-9.0877,6.1797,-6.2927,2.7177,1.4332,3.3264,-4.4917,0.1036,-1.5442,-2.369,5.7821,6.476,-9.2306,6.1148,-7.6306,6.3506,-2.1555,-9.2222,0.4713,3.9129,3.6961,-3.9682,4.3132,-4.5417,-1.8035,8.8582,1.2138,-2.4202,-7.1851,8.5836,6.7634,1.7302,8.7941,6.2336,-0.7964,3.1058,-1.9018,-1.7229,-9.6499,-6.5367,-1.8577,-1.3561,-7.7331,-1.938,6.3656,-6.5535,-9.2573,-9.6541,2.0902,1.4182,-0.7986,-1.8317,-0.7824,6.1051,0.7344,8.9668,-6.3242,-4.3593,6.6868,-7.8794,-8.8424,-1.3009,-3.6076,-3.0716,6.1657,9.8543,0.6213,-4.1738,-3.0149,1.8617,-5.2999
5.2895,-6.8734,-3.7858,-3.3796,-5.577,1.8831,2.388,9.6385,-9.4579,0.4832,6.7586,2.5374,-4.0023,6.9966,-8.073,-3.6753,-3.4212,8.9911,8.9497,1.5744,7.2833,-9.6685,6.8242,2.3708,5.6935,-1.5667,-2.9589,-9.3102,-4.3684,1.7439,0.7744,-1.8252,-7.5385,0.1694,1.3816,-8.0514,8.6342,2.3513,-4.7745,0.4853,-5.5241,-8.805,6.0436,3.5944,1.3165,-0.6579,-1.2611,-6.7778,-4.8277,-2.2606,8.2094,-3.19,-4.8203,-0.4614,-3.7153,7.3504,-4.447,6.3448,3.8399,-0.2896,8.0463,5.9372,9.2658,7.4071,3.128,-6.0461,7.306,4.0145,9.3203,-7.2242,-9.5469,-9.3141,-0.7305,-8.7427,-2.5973,5.0458,3.1973,0.1245,-3.0165,5.7234,-4.7291,8.9704,0.1517,-3.5437,-1.3705,5.8658,-9.0794,6.8322,-9.7282,-8.6806,8.9255,-7.085,2.2681,-3.964,-9.7018,3.4354,6.0121,3.6681,6.7276,7.3029,0.1048,-7.5821,1.4386,5.9633,-2.2538,2.5754,8.1557,6.6341,-6.0636,9.5081,5.5355,9.9742,8.896,-4.3651,-8.9918,2.7564,-3.3761,2.725,6.3238,0.8908,-6.0769,5.8422,8.0194,0.485,9.8949,-2.3979,-1.0844,-9.386,3.8281,-2.0389,4.7637,-2.5755,8.3831,-3.0218,1.2782,9.8167,3.6053,4.5589,6.0499,8.2865,0.0403,-7.3787,9.0339,-8.7645,1.6654,-6.3099,-7.9964,-9.8899,-7.4879,-2.9131,8.6639,6.7762,5.9225,-7.8721,0.7522,-7.1528,-5.6847,8.6506,-5.8211,9.7814,1.7451,1.8292,3.3456,-6.1672,9.3915,-0.4897,-3.2407,-3.3196,-2.123,-3.8289,-2.5588,-3.7016,-8.7671,5.9184,-8.7239,-8.2493,7.3051,0.7236,-3.9272,-2.0059,-4.9358,-7.0001,-9.9757,5.5042,1.1791,1.3336,-3.2581,0.5733,1.1391,8.3482,6.7134,-3.0937,-1.9597,0.4287,2.4721,-1.9968,9.9192,9.6043,5.0661,-6.8251
4.7705,-7.4348,-1.7433,2.4952,1.7417,-5.3062,-1.8966,-7.9045,7.0281,8.8431,-0.6424,-4.9261,5.5438,-8.1287,-4.8597,0.3905,-0.8161,1.9971,-4.5974,-7.2379,2.6067,3.3985,-0.8404,-0.3402,-0.2116,-5.9118,9.3069,2.2991,8.0132,-0.1137,6.613,5.5031,5.6988,4.4137,-4.1792,8.9141,-2.7072,8.4709,-0.815,-2.1206,-0.2692,-8.4273,8.5178,1.5401,8.6149,-7.5456,-2.0666,-5.4513,7.1236,-7.6188,-2.5955,1.8577,-5.9336,-5.5593,6.4647,-1.374,-8.9949,6.9782,-2.5807,9.5937,-0.0276,3.8597,-2.8298,7.1158,0.6099,-4.9943,7.9672,9.2386,-2.3596,-0.8971,8.4971,-0.0628,7.615,-6.1867,-8.3536,-5.2566,-0.4336,-7.2419,9.1196,9.1865,7.7861,2.8995,-4.1606,-4.3926,-7.866,2.5127,1.7702,3.5551,8.2804,1.8315,-8.2058,4.8651,1.169,-3.8731,7.7331,0.7292,-2.9008,7.7129,-6.6199,-5.1343,2.5925,3.1672,5.6924,-4.4111,8.7121,6.1892,-7.5726,7.6119,-0.1749,0.2239,-0.5234,-8.0842,4.5663,7.1643,6.4637,5.4306,7.361,5.9091,0.7171,-3.3591,3.5618,-4.3578,6.7016,-3.4905,-2.3456,-2.5943,4.5737,-4.8704,5.1559,-7.5714,-9.8527,8.6923,-1.8322,5.3689,4.3991,-8.8181,9.0833,-5.7238,8.8837,-1.267,-0.6841,-3.5355,-9.1975,0.8891,-8.615,5.9712,6.6168,9.7,4.5147,3.3977,7.8819,7.7811,-4.9074,5.4834,-9.8551,-8.6767,8.9112,0.2292,-0.1573,0.015,5.9317,-2.3805,3.7792,-1.6021,-5.6031,-9.3769,2.4818,4.883,3.242,-0.6337,-3.1915,7.2962,8.3065,1.0598,-7.6238,-2.2783,0.0967,8.2015,8.3721,2.3359,-0.7807,-5.5952,-8.0533,-8.7227,-5.6599,-4.6361,5.2094,1.0696,-1.9366,-9.9929,3.7902,-6.9261,-5.5512,4.595,-4.8755,-2.3031,6.7426,9.5588,2.6348,-3.0211
-7.194,-3.2715,-5.9972,7.1222,9.187,-2.2202,-0.7472,-3.9483,-4.3007,0.4049,-7.6309,8.3801,4.0443,9.1054,1.199,1.2703,-8.6376,9.6763,-7.838,5.7613,0.9793,-6.3529,-7.8508,-4.5132,-6.8018,2.3419,1.5604,6.6539,-7.0251,3.3679,-3.9697,-3.5408,8.2425,0.9305,-0.8468,-3.4752,8.9807,1.9004,-5.2888,-2.9261,-7.8517,7.0904,0.0822,-5.5005,-0.3723,2.0274,7.9657,-0.5442,-0.0207,7.5811,4.84,1.847,-4.7922,-1.7209,7.5531,7.9642,-3.4053,-3.5001,-7.9382,7.4886,-5.5236,-8.3825,0.5994,-6.3476,1.0206,2.167,-4.8243,6.7441,-2.9223,6.2371,-0.071,2.0784,-9.9101,-3.3467,7.4689,9.9344,-7.3397,1.6074,7.7964,2.6729,-4.4551,2.0648,-5.8505,-1.2162,-6.0998,-5.1459,-9.7102,-2.4268,-7.4441,-4.542,-7.248,4.3404,3.8839,-7.303,0.6151,-3.3586,-5.8908,7.5554,8.7597,-2.0787,-2.5213,2.9064,4.2885,-6.5249,-4.8875,-0.1634,-5.0682,-6.7282,-6.5681,7.7951,5.9693,2.7434,8.0797,-0.9193,-8.1851,-7.622,7.2591,2.2782,8.6463,3.7752,-1.5392,-8.9727,-2.3631,8.941,-8.4066,-5.7895,5.7111,3.7272,-9.752,1.0224,-0.8121,-5.0683,4.6494,-4.2978,1.4401,-5.3632,0.9857,-1.1765,-8.1364,7.8617,-4.2297,-8.9677,0.4335,7.8052,0.477,-3.404,-6.7813,7.853,-7.2568,-1.8248,-9.4779,-7.9504,9.4864,7.4909,4.7118,-9.2121,-9.7458,-6.9147,1.2676,-4.1574,3.6709,-7.8437,-4.3861,0.0136,0.7329,2.0034,-9.1503,-4.767,-7.3132,1.7085,2.4364,2.7375,0.4037,4.6497,5.923,1.3437,4.8671,8.9734,-0.3009,6.5503,-2.8766,-7.0964,-5.9222,4.0808,-3.3628,1.5082,0.4921,-2.746,-5.5815,3.8124,-0.1009,-2.638,2.6694,5.0125,-6.0272,-4.3629,2.6022,-3.4199,5.9323,-8.6213
9.7727,-6.8945,-1.3397,-4.3166,-5.3489,8.9047,6.1729,1.6006,-2.817,8.4012,-3.5981,-2.8549,-6.3314,1.2562,2.8616,8.2458,-7.3937,-9.4446,-0.7941,9.8796,3.8708,2.9459,7.3776,5.2862,5.525,-6.5205,9.0078,-6.8163,-6.3165,2.4817,-6.593,5.39,5.1752,1.1032,2.7916,-5.6173,-7.8517,-8.6876,-6.1078,-8.5248,-1.4646,4.8844,-0.8159,8.1123,-0.6169,-3.8274,7.7454,-5.5343,-2.0564,-3.5842,-4.7177,7.1413,-4.0565,-7.4929,-4.8581,5.1542,-9.5084,2.5274,1.9304,9.1043,-1.4915,-7.1929,7.4893,-5.6078,-5.1874,-3.5961,4.1909,5.9366,-4.8133,-3.794,5.6222,3.2971,6.0474,-7.0206,-4.2079,4.1552,8.9219,9.0278,-6.4205,-0.0702,-0.7706,-3.972,-0.7226,7.229,-7.8981,-9.3017,-3.5807,-1.0635,-0.7221,1.4263,5.2442,1.1171,3.2158,-3.9632,5.4756,6.0764,-9.3303,-1.8199,0.7109,-0.4865,-4.2314,7.6576,-4.9451,2.9801,1.6536,4.9672,-9.3874,-7.0778,-0.8732,-1.1259,-3.937,3.8406,0.9612,-8.7203,-9.7404,9.6805,6.1537,-0.4955,-2.5283,9.0314,0.2139,5.3997,-4.3303,2.7491,5.4858,-7.4821,-1.5626,4.1652,9.6558,8.9341,-3.1079,-3.9167,-8.2095,-4.3056,-9.106,-8.0781,2.5823,-4.6921,3.701,-7.1143,-2.7674,-7.6144,2.2622,4.4606,0.0452,-6.0332,6.509,-9.1018,-0.8664,-2.6265,7.0911,-7.3555,-1.5977,2.5349,-0.0535,-0.261,2.3017,-2.4545,-7.2908,5.2644,3.2723,-7.6414,6.1255,3.2293,4.2014,-2.6895,3.4068,-5.6169,5.3609,3.4936,3.6093,2.0691,7.1867,6.9678,3.5248,-8.5593,9.9139,3.0006,8.3602,4.3178,-0.4618,-1.7973,-5.5159,-6.3005,1.8025,-0.8197,-5.8158,8.7763,1.5788,-8.2348,8.6009,-4.2721,5.9875,-3.777,-7.6561,4.6742,5.4249,-9.1169,6.1589,-1.3497
6.4929,-1.1614,-9.1517,-4.5849,1.0633,3.9228,-0.2791,-0.3494,-5.7481,-3.3716,9.1084,1.2868,-8.7231,-9.182,-1.4462,9.4891,5.8772,4.5168,6.8236,-5.1337,7.9659,9.3642,-8.5819,1.306,2.0005,-7.0296,7.398,-4.7221,7.2751,-4.3778,6.4943,9.7473,-7.8332,-7.9132,2.6064,-2.6788,1.5321,-1.3377,4.4487,0.8305,-6.9239,0.7187,4.3823,8.3353,0.8377,4.8501,-2.5555,-6.5026,7.1265,6.4684,-2.5793,9.8604,-4.732,-3.6326,8.487,-4.4465,-7.0791,-0.8354,6.8196,5.4468,2.3753,-1.4967,3.7555,-1.4422,7.7639,8.3958,-6.3899,-9.8535,4.7992,5.1339,-5.1954,-9.3407,-3.7575,5.304,-3.3811,-0.2826,-4.0671,-4.4749,-2.304,3.6097,-5.7362,-2.5742,-6.78,-7.6427,3.868,-8.2293,-1.2168,-8.9509,-7.1863,-2.4928,7.1976,-4.9361,-6.7708,5.4684,-5.6951,5.0573,9.6092,-9.991,5.1436,-2.4582,-0.8804,8.221,-8.2665,6.684,6.4318,-9.3368,-9.4001,-7.7255,-1.3887,-6.0022,-5.3239,-2.0951,-6.4165,5.4398,-0.1561,0.8394,-1.74,-0.4464,-6.075,-3.6834,9.9101,6.4853,-4.7345,-1.9375,9.8932,-5.3534,1.0841,4.7887,1.4581,-0.4682,-3.0761,-4.564,7.3505,5.8868,4.0644,-5.6169,9.8149,1.261,-6.9883,0.831,-9.0165,9.0679,4.2559,-7.0278,-6.107,-0.2245,-2.6522,-3.2682,-6.8756,-4.4926,-5.3091,-7.7596,-1.049,8.6317,5.4021,0.9311,-9.5321,7.8881,4.0967,-2.642,-5.2587,-2.6854,7.4911,-8.3531,-9.7496,-6.5657,-0.7298,-2.0801,7.6029,3.7926,0.9514,-3.0989,7.5959,-5.9725,-4.1582,9.4521,9.4677,8.2657,2.5952,1.0707,-9.7395,-6.0087,7.6626,-0.5287,-7.3895,-2.916,9.8058,-3.192,7.6788,2.2865,4.9917,2.6049,-5.406,3.0766,2.5331,-5.3733,1.655,6.2074,-0.2204,-6.9819
1.4392,0.3975,-6.9474,-8.4658,-0.103,-5.7166,4.8236,9.09,9.1431,3.924,-4.5115,-1.4089,-6.8301,-3.2925,-8.6707,-4.368,-8.8974,1.427,-4.2077,-8.5967,6.6992,-8.0475,-0.0416,-2.8518,8.6167,5.3102,1.8497,-0.206,-1.5233,7.0941,4.5452,-4.429,6.7842,-6.0559,-4.5196,0.7275,5.4797,-7.0418,-0.6752,-0.27,5.8702,1.8559,3.7731,-3.2899,-5.9595,1.5506,-4.8362,-4.9396,4.2171,2.9402,-8.6828,-6.0582,6.1661,-7.2263,-4.9962,-5.8696,-0.6585,-2.3375,-1.5118,-0.6981,9.6054,-8.2706,-0.3346,0.5341,-3.2944,5.8472,-4.9299,-2.0173,-5.5008,-0.3199,-9.8257,-9.6708,2.5167,9.3698,-8.5269,3.4435,-7.5961,-8.2762,-8.204,-2.4609,7.4107,-2.2566,8.2522,-0.9588,8.132,3.2714,7.952,3.666,7.6563,0.9192,3.263,3.2972,-6.2537,8.5575,-8.5147,-3.6636,9.7368,8.4838,-2.2372,2.4215,5.3151,6.0319,-7.5608,-3.1181,-3.3614,0.6256,-9.2337,8.1703,1.0643,5.0731,3.5414,6.2862,-3.386,4.2942,5.5767,4.6826,6.2065,-5.525,-6.0977,-4.2453,-1.0018,1.7983,7.1167,-0.7411,-5.5415,-3.9401,-2.0631,-1.7956,-5.6223,-1.5531,2.3084,5.059,-3.2173,3.5535,-7.9062,6.8869,-2.2606,-0.7909,1.7516,-5.6593,-4.2389,-2.7651,6.8145,3.3318,0.1717,1.4466,-8.7517,7.3698,-7.2389,-3.5823,2.2158,-5.1715,5.542,7.7857,6.8109,1.8457,-7.5161,7.8202,-1.6902,-9.899,-7.635,-1.9819,-9.1752,7.4153,-0.2944,5.6629,-5.856,-9.3501,9.9559,-4.488,-5.2413,2.7965,7.8852,-7.9739,0.983,-5.0136,-9.9359,-5.1312,0.9404,-7.7588,1.1649,6.7221,-5.5909,6.8003,-6.3349,-9.9987,1.6182,9.6067,-6.7357,4.4575,-8.9733,-4.8903,-7.0696,0.2638,3.8866,7.2783,-2.5755,-9.8678,9.7257,-7.2022
9.9251,-9.4524,7.5622,6.4718,3.9677,2.0296,8.7209,-1.1254,-1.8619,4.3854,-2.2434,3.0914,-6.9304,7.3239,5.6928,-3.2076,8.2552,-8.9376,-4.7007,0.248,-8.4461,5.9918,8.2513,5.1943,-3.5867,6.6713,5.4699,0.4004,2.4116,6.5773,-4.5866,-5.6362,7.8333,-3.4058,7.986,-8.6635,-6.3741,-5.0095,4.8055,4.9522,4.8543,-8.2447,9.7083,5.4665,2.2479,-8.1944,8.4109,0.9425,-7.0522,-3.5571,-0.1951,0.3541,-0.5642,-7.8198,-3.0697,0.9577,8.4004,-7.8745,-0.9494,-4.128,-1.878,-2.5056,-0.3369,6.705,-8.9102,-7.794,-3.2576,7.2453,8.93,-4.5746,1.4901,-9.6575,-4.0593,-0.8692,-9.3265,5.3992,6.2778,5.2402,-3.3826,-1.5499,-7.0551,2.9436,-1.2502,-1.9302,-8.0969,7.1113,0.3654,6.6192,0.652,-3.9644,-9.3647,-2.5746,9.3401,7.1056,7.3179,-8.0498,-5.5808,-9.2729,-4.3664,2.361,7.8587,3.2908,-2.9959,-5.521,8.8355,-3.5631,5.4807,3.1622,-7.3931,9.0807,-4.261,2.1812,-6.3087,-6.6343,-8.8748,7.1613,-3.5552,7.2303,-5.6163,3.4666,5.5769,7.6669,-1.9117,-7.2016,-4.2242,2.7211,6.6879,-7.6471,0.4354,5.5027,-0.536,-7.6957,-0.869,4.5422,-1.5117,0.8383,-8.2605,9.6283,5.2099,4.229,6.0927,9.297,-0.7677,-7.9723,-5.2211,-1.4728,2.3897,-2.9502,7.016,0.0945,7.4155,-1.0596,4.2928,3.5789,-5.562,-5.0189,-8.4138,5.6034,-6.8924,8.4623,-2.4998,-9.6966,-1.208,-9.2957,2.7585,-7.0382,2.4613,-1.9219,-4.8641,-9.7658,-7.8973,-3.7081,-1.5926,-0.67,2.23,-2.3414,-7.3666,-5.9115,3.9751,-2.7172,-1.8553,6.1736,-4.6293,2.8238,2.7631,-4.0052,-7.8093,9.4993,-2.6306,-3.1336,-9.2513,0.6103,-1.987,1.7541,-5.6895,-4.9914,8.8478,9.5297,-0.4791,7.4639
-9.4421,1.278,-8.5484,9.7427,7.7436,3.9981,-3.6293,-2.4931,4.0033,8.1322,-0.3491,-2.2311,6.5259,5.3248,2.932,-6.8347,-7.0335,4.1588,9.2432,-2.5208,-5.1199,-3.5745,8.8389,-4.1653,-3.5597,5.1005,8.1304,2.0442,-4.9553,-0.7158,-8.8679,3.1262,-7.9014,-0.7397,-1.8981,-5.1451,9.5899,-7.2562,-1.1886,-0.0692,3.6555,8.9672,-6.7581,9.1642,7.1305,-0.6045,5.8575,-2.9434,0.4488,3.5345,-3.3523,9.139,-7.1446,0.8565,-2.786,0.6344,-8.6962,1.233,-8.4492,5.7373,8.5289,-0.9175,9.981,3.3359,-3.6472,6.5164,2.3714,5.9893,-5.3657,1.8219,9.2583,-1.8524,9.1883,-5.5739,-3.7343,7.1231,-1.3768,3.6395,-4.411,-7.0863,-4.8906,3.7072,6.3857,-0.9298,-2.2855,-5.8949,9.2218,0.996,-4.0361,0.2874,3.6151,-2.2106,5.6986,-7.83,1.4685,1.2712,8.5354,-8.7559,8.6936,-9.5935,7.0513,7.2496,-5.8464,-9.1315,6.0374,-6.8823,6.2117,-3.3744,-5.4697,-5.3579,-5.6056,-4.3236,9.2215,9.7827,2.8881,8.4617,3.7439,0.6913,2.6367,7.9093,-6.8299,-7.9856,-5.9297,-9.8778,-8.5349,9.0172,3.7935,0.0463,-9.1797,1.7467,5.3069,-1.2482,-7.9457,1.6278,3.2648,1.769,5.0177,0.3783,-9.9336,5.7715,5.9902,-5.2968,3.3236,-0.2661,-6.9076,-7.4015,2.1816,-6.1843,-1.926,-1.8831,-6.4087,9.4742,0.1791,4.3751,6.7581,-9.5337,4.2976,-2.8171,0.9109,-8.1757,-4.1001,-8.3682,9.1841,4.4189,7.1496,8.5558,7.8087,-6.3446,-2.2397,-1.1503,-9.3377,-8.7093,6.2034,0.7844,1.5572,0.1116,-4.8019,-3.2663,7.8881,-5.0283,-6.0336,-1.3989,-9.6491,-0.136,2.5842,8.5527,1.5858,8.335,-9.7297,4.945,-5.9264,5.5039,-8.0836,1.8879,-9.35,-1.5238,-8.6995,-5.3309,6.3949,-1.6177
-5.1421,-9.6856,-8.1603,-8.155,-3.9065,2.9836,2.1531,1.9692,-6.7479,-6.9218,2.2245,-2.1868,6.8458,6.2391,-6.7762,-0.6744,-8.0441,-4.4829,8.1119,1.5596,-5.832,-4.893,2.784,-3.7171,-1.8697,-3.8862,-0.6394,-3.7691,-4.0242,-5.2257,-5.2497,-9.8827,-1.7675,5.7515,2.4107,7.3593,-2.3995,-2.8783,-5.7135,-5.4619,9.2595,-5.4342,-1.0353,3.2725,3.5777,5.4625,2.0595,5.582,-2.7141,-3.534,-1.4579,-6.6789,-3.9973,-8.1052,-7.4047,4.7592,2.774,8.9946,-5.8826,1.0816,3.442,2.0578,1.6411,2.7601,1.8027,5.174,9.1029,4.3493,1.9001,4.5465,3.9291,-2.2336,-0.6525,-0.581,-9.3758,9.4869,-6.2584,5.4568,2.4971,-0.6129,-0.4394,8.2237,-9.7097,-2.3987,5.5929,-4.8313,-0.3935,-1.4705,0.3928,-8.6558,-8.9833,9.7154,9.3334,9.8694,9.3358,3.4111,-8.0019,8.0496,9.6439,8.0647,-8.2148,-0.0874,4.8134,-9.5628,-5.1057,5.302,4.0123,-2.0752,6.5485,0.0815,1.4206,-8.7721,0.7285,9.9431,3.577,-7.9543,-4.6996,-9.5353,-0.1757,9.3339,5.0536,7.2108,-8.9864,-4.9259,-4.0715,3.0752,-7.8703,2.3846,6.4914,-6.8166,-5.6946,-5.8032,0.7094,9.957,5.9929,0.3713,6.8013,2.6305,8.6413,-1.2641,9.2752,0.2168,-2.9864,0.8649,-2.503,7.575,9.3072,-8.3803,-1.1277,2.6576,-4.0959,8.3635,-3.2851,3.6103,-0.9877,0.1006,5.7182,-8.3169,-3.9682,4.4705,-2.8949,6.8752,2.6224,-0.5652,-6.9647,1.0362,6.9116,7.5855,-2.2943,0.1323,-2.8042,1.5767,-4.9877,-3.0539,1.2097,9.2929,1.5816,0.7808,-2.4144,1.6051,-7.8456,-5.7637,-0.0973,9.0177,-1.502,-2.4168,-7.8504,0.0311,3.6894,5.4189,-7.8955,-8.3559,-0.2616,9.468,-2.4561,6.1475,-5.9162,9.1057,0.7913,-0.4876
1.7027,8.5417,-0.6696,-0.0211,4.9032,8.8585,-7.2474,6.3768,1.653,8.7445,2.8244,5.2181,-0.4002,7.0194,-2.4187,6.4102,-4.9229,-3.9909,-1.5018,9.9462,7.8769,6.2449,6.3073,2.6828,-9.0108,-6.0707,-1.1565,-2.0296,1.1194,-0.2623,-3.5311,-4.1872,9.7541,6.3617,-6.6874,1.819,-9.1221,8.599,9.7726,-6.8717,6.3127,8.3805,7.9473,0.1934,3.9714,7.0687,5.5136,-2.4848,9.5243,2.8544,-8.3947,5.1101,9.8167,-9.1652,8.0218,2.2169,9.6384,-7.5701,-7.7957,5.3732,8.7236,7.5463,6.8441,7.4827,-6.7274,5.6198,-7.5686,-8.3676,0.2656,4.986,-5.4292,-1.9488,9.0963,-1.3247,-2.7805,-0.8973,2.9615,-0.6433,-0.2199,-4.4855,7.8882,-1.7819,8.9425,-1.4643,9.2124,-6.2911,7.1868,8.0273,7.0079,-6.2276,3.8937,-0.1309,-0.7756,3.0414,5.5286,-5.5709,8.8136,-8.5596,-8.2608,7.7269,-2.2526,0.6665,1.3405,-2.7676,5.4021,-8.6962,-4.5301,9.2669,8.743,4.2553,1.7197,-4.2183,7.4481,8.5714,-9.3136,5.7645,1.5219,9.4923,-1.488,-0.7224,2.5128,8.0347,0.6385,1.7958,-2.493,5.9549,7.3121,-9.1029,5.3489,-1.0615,-8.3267,-5.2166,-2.2264,-4.6117,5.7152,4.0081,-2.5549,-5.8977,-5.5694,8.8788,2.8906,0.3352,8.278,2.4043,0.3752,-8.6115,4.1911,-6.5869,8.6713,-6.3312,1.057,8.1208,5.5062,-9.9466,9.1866,-0.9153,5.006,-7.2453,4.0105,8.9178,-8.9638,8.5643,-6.934,0.7668,-9.6719,-6.9661,9.3001,8.1097,-4.5805,-2.7923,-6.7519,0.7218,-3.6046,6.2004,-3.4276,-3.1832,-3.1845,-0.1347,4.3827,-9.8546,-3.0501,-1.0632,9.3726,-4.6193,-6.362,6.7765,2.5439,-4.6976,-7.1174,-2.5055,8.9389,-2.4822,7.8569,-6.9783,4.6299,-1.3139,5.258,4.5188,5.4946,2.1335
-1.4754,-9.1975,-2.0335,-8.5811,6.171,-1.9764,1.3433,7.1878,-2.956,-0.8347,-3.3924,-5.9806,-5.7533,-4.6621,-4.4691,2.6132,-9.7109,5.5244,8.2616,-7.4777,-1.2054,1.3142,-6.6447,9.6176,-4.2421,-5.7556,4.4498,5.746,-9.2728,-2.9804,-9.7312,-9.958,0.6861,-6.3978,4.568,6.8084,-4.7002,8.4032,9.5511,-5.7876,-7.2785,-1.9184,3.1439,5.411,5.9693,2.5724,-2.9455,-9.5747,2.779,1.458,9.717,7.8705,-9.7191,-5.1531,-3.7344,-1.1985,3.3653,9.9516,4.5687,-9.5636,6.9771,1.4583,5.0091,-0.3022,-0.0369,-5.1827,-5.874,5.1272,-2.7149,2.2575,-3.6255,-0.9087,2.6228,-7.7807,0.1968,8.5147,-0.7475,-0.9371,6.9518,2.596,5.7548,-3.4554,-3.4206,-0.6465,-6.6581,3.402,7.6341,-1.8795,1.353,4.4066,4.1374,8.4132,2.2728,8.4408,7.1499,-3.3028,-5.0365,8.252,6.3307,-4.9451,2.2359,8.3221,9.1652,-0.1275,-3.5288,2.4847,-4.6162,5.7015,-5.0946,3.2604,-1.4355,-3.2962,0.672,-3.4219,2.1342,-4.3671,7.9493,2.6841,0.7214,-0.0392,9.7349,3.961,-9.143,-6.7378,-6.4173,-7.948,3.2096,9.4812,8.2801,-7.5322,-0.7877,-4.4348,-2.7972,6.5788,1.8343,6.38,-3.7291,4.8679,-8.6195,-6.1941,-5.1595,4.4723,-8.3873,-3.8882,2.587,5.4365,4.0466,-5.5388,3.202,8.3844,4.8048,-6.4115,-8.505,-0.9343,2.3757,-9.4543,9.1357,5.1358,5.4513,-6.0804,-6.2683,-6.8431,5.1484,5.2105,-6.2427,-4.3735,7.9287,6.8592,7.8958,-3.8098,3.1727,8.1144,-9.9739,-5.008,0.1047,-8.0806,-8.7888,-7.0537,6.8411,8.7744,4.5269,-0.9199,5.402,-7.9876,8.9191,-6.4205,1.6069,0.497,4.3218,4.9985,6.1045,2.2816,6.3402,-4.1909,-9.2586,-4.5908,8.3624,-5.2571,3.0095,-9.1954
-0.1861,-0.0973,7.7229,-7.2022,-2.658,-9.8793,8.4073,-3.5551,-3.468,7.9975,8.6989,5.9635,-5.3752,-9.9839,6.8743,4.4299,-4.4069,-5.8083,-1.5834,-9.643,4.6896,4.3445,0.9042,5.6232,-7.6592,-8.5743,4.8843,5.3809,9.4503,0.3481,6.3418,-4.681,-6.3988,3.2057,7.0083,2.9095,-3.4906,-1.8078,2.3511,-0.6393,3.4891,-6.1179,-3.588,-8.2314,4.0206,-3.731,1.8943,6.2367,-2.6052,6.7726,5.9233,9.0553,5.6707,8.9827,5.1816,-0.5579,7.7064,-4.3333,7.4881,-2.7853,-8.9651,-5.6298,-6.4225,7.7257,-7.5598,-4.4706,0.3858,0.1864,-6.0866,-1.0343,-6.0429,-1.8744,-3.4528,9.311,3.0376,-5.0384,0.5862,4.3365,6.9784,4.8586,7.9122,0.962,-3.3368,8.3142,-9.3706,-9.6483,6.5939,9.6012,-3.3378,-8.7089,-0.2739,-5.656,8.7925,7.2073,-3.7227,9.4654,6.8188,1.8236,-9.2805,-7.7267,-5.075,-8.0212,-7.1987,4.3859,-5.105,0.0006,-5.7878,0.9193,-7.4382,-3.8996,0.8952,-3.4575,6.8048,-3.7432,7.794,-9.8399,3.2608,-6.2644,1.7731,-4.1448,-4.3309,5.5788,7.3106,6.3447,2.6954,9.1075,8.7424,4.022,4.1775,2.9417,-8.9152,-0.8609,7.8862,6.4167,-8.0781,2.4244,-3.8853,8.0218,-7.8139,-8.3388,-0.2518,1.6965,-1.9272,4.3307,4.0015,9.511,3.6182,6.6416,4.7628,2.137,8.9441,2.6117,-2.7192,-8.5687,4.0791,3.774,-2.6354,-4.8618,3.6819,-9.9595,-6.2841,-3.8813,-7.1877,0.0159,-8.8651,9.3914,2.3926,4.2684,8.0421,-7.0719,-9.7033,5.4987,9.5391,-9.1441,1.3532,-0.0591,-4.0428,-3.2303,4.1279,-9.3668,3.947,5.107,6.1024,-1.3617,8.2538,-6.1159,-9.0775,-8.4338,-3.6245,-5.1871,-3.5142,-4.3398,1.214,-7.5682,-6.0539,3.1047,-6.1584,-9.8203,-4.0948,7.2585
-6.7861,-6.1683,-6.2533,3.9057,5.6188,-4.0921,1.336,-9.3523,-5.2574,-5.4904,5.7328,3.4315,3.2386,-2.8688,2.9463,-8.8889,4.177,5.7613,9.6436,-4.2144,2.6914,6.2698,-6.5253,-5.899,-1.1565,7.1689,2.1549,-4.7955,-9.0546,-2.6367,9.1519,-4.094,2.6919,-3.478,3.8569,-7.4081,4.5816,-2.2391,7.5521,3.4142,-0.9711,3.9166,1.5579,2.0111,3.3591,4.008,5.7012,-2.554,-5.8191,8.9838,-6.7596,-2.4286,1.5146,-3.5183,-5.333,2.5053,-9.7113,-6.9337,2.9282,-6.5182,9.8429,2.2987,-0.5121,2.4612,0.1833,5.0936,3.0616,-1.5265,-1.3527,-9.9121,8.5968,2.2051,-8.4353,-6.7486,-6.6634,9.1743,-3.7143,4.661,-3.3554,9.0014,-0.6297,4.8873,-8.2573,-5.9864,-5.7019,8.6617,8.8134,-8.8539,0.9191,2.6618,-4.4193,7.108,-2.0244,-9.4627,7.0358,-2.5893,6.2017,-5.0237,-6.0928,-9.6042,8.8756,-0.7232,-1.5209,-6.3334,-9.2281,-3.105,-7.4142,3.0328,2.7124,4.7063,6.9011,3.9027,-2.7611,-7.1728,4.7915,-1.1549,-2.6733,-4.5583,-1.6825,-0.1422,3.3152,1.4836,-6.4203,1.8637,-7.1398,8.1724,4.3481,9.4351,-7.7248,3.7686,4.1232,0.8376,-5.8215,-8.2776,-6.6846,6.6903,-8.2632,-2.0701,9.3445,-0.0769,9.4524,-6.8652,-7.1725,-3.2135,4.3638,9.6623,-0.0295,4.1958,0.3167,-7.0385,4.3036,-8.0785,-2.7544,4.0715,6.6022,6.9416,1.1402,4.306,-7.1365,2.9675,2.5775,0.0848,3.153,6.2722,-2.3502,-8.517,-7.4206,-4.4458,-2.7631,3.6988,1.8775,-6.0536,-4.6203,3.0602,-7.1032,0.2175,7.796,-1.0827,-7.8023,7.6489,5.7691,-7.8268,-8.5496,-3.3043,-8.4779,9.6753,4.577,3.4568,-5.0963,-3.4431,-2.5196,-4.9724,-2.5221,7.2124,-7.7945,-7.8082,-5.5814,7.2346,2.0201,8.0568
-7.198,3.8205,5.3852,8.4707,7.3753,0.6523,5.2576,-6.885,5.0171,-8.9308,1.4759,1.7129,4.7857,7.7679,3.217,0.206,-7.9475,7.5641,-9.0028,3.507,3.7997,0.8058,8.5584,-4.816,9.6851,-7.0618,-5.1722,1.5979,6.9254,5.6321,7.2776,9.7361,-7.6056,1.9073,-5.3847,-8.9308,7.8733,6.0956,1.7604,-7.5705,0.2343,0.1781,9.3417,3.1788,-2.2623,-1.8452,3.1299,-4.75,9.4474,7.6553,7.8011,4.877,6.3748,3.5438,-6.4141,-1.0716,1.5401,0.5327,5.7186,0.0939,2.3909,4.0162,-1.1158,4.2482,7.3005,-2.964,7.6198,-6.4032,8.0076,-3.6656,3.0298,-1.8349,5.6598,-6.0097,-0.128,-3.1004,-4.6086,7.399,-2.6555,2.5185,-7.5811,1.3629,-1.4709,4.7695,-5.0839,1.3361,-2.9198,-9.4771,8.7473,7.3443,9.8563,-8.8566,1.3856,-5.7266,-9.8737,-1.8699,-7.3735,-8.5398,-3.9811,-1.716,-2.9563,4.1641,2.8195,4.4443,-1.8256,-6.6312,8.3848,-2.0494,-3.1161,-0.8903,6.3965,-1.8999,-1.844,9.3627,8.9398,5.0676,-0.9429,-9.3469,-3.7705,5.1677,-5.7045,6.0945,7.0286,9.952,6.3632,1.3548,0.6163,6.9383,7.6343,-3.7593,-7.2464,-8.5407,4.5401,-8.9069,-3.8544,-4.4358,1.2707,-7.5103,-9.9433,4.4722,-7.698,-1.7592,8.7988,-8.2472,1.0746,-9.6852,9.3009,6.4167,-3.3518,5.096,3.0388,5.5684,-7.5022,-2.0715,-2.613,9.383,-0.7637,6.2101,4.4806,7.7024,-0.2789,-7.3147,1.2854,3.2693,9.0485,6.8738,6.4928,0.9506,-0.8126,-6.5543,-5.4005,-1.3,-0.287,4.9553,-4.9892,7.4316,-1.5501,-8.6357,-9.4433,-4.8659,-4.0594,1.1807,-0.3287,7.5566,9.86,-9.4606,-7.6257,6.7613,-9.6219,-7.5448,-3.6182,1.3453,0.6248,-6.9834,-0.3456,-5.5925,-8.9739,2.257,-9.7536,-1.1053
3.9442,-5.8435,-7.7198,9.4453,1.3428,-1.6855,1.7318,-0.6263,2.4223,-4.7597,-4.0917,3.0412,4.1401,-2.7074,1.1611,-1.1062,3.5307,9.7726,-7.1707,4.7267,-6.5993,2.3554,4.8958,8.7001,-5.2908,-5.9886,-9.1677,-0.2245,-6.8584,6.906,5.105,7.26,-0.8056,1.8413,-1.7855,7.754,7.1889,3.5631,-3.2455,4.0522,9.8361,2.3976,-5.6096,4.6961,-1.6811,3.7652,-0.6259,-9.7738,-0.4225,2.0697,-1.047,-9.0493,4.5056,-6.6499,-9.5649,-9.0649,-3.7432,6.0665,2.9099,9.0327,2.9997,6.1015,4.4322,9.5929,6.6034,2.5294,9.7433,0.2249,4.4309,4.855,-1.0731,7.8032,-9.3647,-6.1588,1.3789,5.1324,-0.7867,-5.3579,4.6069,6.9916,2.4997,-8.3693,-8.222,5.5343,2.3593,3.9225,-4.0823,1.5542,6.8275,-7.546,2.5926,-9.2825,-5.0326,-6.9766,-7.0896,0.2325,-0.2737,1.3762,9.957,4.1723,5.6189,5.2373,-3.1837,-1.8543,-1.9913,-3.9896,-9.7724,-7.9004,2.2094,-6.2948,3.6479,-9.1277,0.3113,5.3526,1.847,-3.2336,6.2947,6.1954,-1.7714,-5.9002,0.7927,1.8634,8.4136,7.1845,5.1361,-9.4881,8.0382,-8.4744,-7.8251,3.6901,4.1978,-3.7496,-2.255,6.9192,1.692,5.876,7.4746,7.3279,-5.9657,6.9797,7.068,-3.0902,7.2566,-2.7769,-0.49,-5.3341,7.7087,2.3302,5.8675,-2.407,0.1861,1.0991,-5.2651,-4.2008,-2.0384,-6.8273,-3.953,8.5687,-2.7249,8.5324,2.859,-9.1396,-7.7893,7.1718,-0.4016,6.941,-3.1465,9.65,-9.6883,1.2671,0.2487,0.8459,0.1488,-4.206,-9.9147,-8.1765,1.5712,2.8974,-2.955,2.3792,-6.513,4.1914,-3.2316,6.2104,5.9631,0.9962,-7.821,9.6039,-9.5857,3.9844,5.1904,-5.847,9.239,-6.4438,5.4096,-3.3553,4.5083,3.2207,2.151,-5.7896
-6.8881,9.9718,5.4638,-2.0676,8.9707,9.6274,-5.6807,3.1183,7.305,-6.157,-9.963,8.4359,6.5429,-1.2217,3.5039,-8.5782,-8.6264,-8.9508,-6.0502,-7.661,3.9418,-0.6196,-0.435,-6.3382,-9.9103,-0.0578,-7.63,-3.5692,9.9345,-0.6841,-2.6417,4.6544,-1.3296,-7.9991,-0.8576,-0.5866,3.606,0.4424,-5.2758,-0.673,5.1859,8.4014,0.9503,7.9165,-4.6092,3.3484,-7.3306,-3.5136,0.7917,5.526,7.9139,5.4678,-9.4834,-4.5973,-3.3241,-2.2981,0.0172,-6.7621,-5.4017,1.0905,5.4412,1.9527,6.1248,-3.7268,0.8124,-1.5097,9.9638,3.7007,-3.3111,-2.4218,-2.1954,1.8648,-7.2836,2.4575,-3.7689,2.0558,-9.3905,3.2974,6.9329,-9.7793,1.052,-4.4706,-2.6039,-4.8595,-9.9718,4.3206,-8.418,5.1701,-1.8171,-3.538,-5.6419,7.5556,5.0508,-2.5845,9.7024,-9.7838,6.9782,-5.1619,-9.2088,8.5763,7.6521,9.0848,-0.8936,0.7646,-7.1085,0.7385,-1.1721,0.191,-0.4618,2.4915,-8.0437,3.2513,4.667,9.7265,-9.0375,-9.0607,3.9317,-1.1683,4.0008,-3.475,0.5699,4.7391,5.4777,-7.387,-8.8012,8.2633,0.5908,9.2034,-0.7196,2.5301,0.8188,2.0734,8.8967,-7.7087,-3.1202,-5.4189,1.7804,7.1113,3.0788,-7.2769,0.3169,-0.5812,9.3184,8.8125,0.4686,-1.4897,8.7438,3.5614,3.8717,-0.5051,0.4665,0.7157,4.7377,5.938,-1.6347,6.9934,-9.7138,-4.655,-6.9121,2.4185,-5.337,-9.3437,-5.708,7.2751,7.5793,-3.8062,8.5138,9.1188,-5.6972,-5.1415,6.6866,-9.0761,-3.4699,0.8206,-1.0032,-6.9498,4.8318,8.6386,-2.6585,1.0412,3.1376,5.0743,-1.8865,-4.5677,1.2551,6.5705,-2.2828,-1.7417,-6.2244,-1.8457,6.9749,-0.9433,-0.1447,-9.2728,4.1812,-2.8896,1.3019,-6.611,3.257,8.9216
0.9336,2.3268,4.0851,7.6518,6.5901,-1.5193,0.0979,1.285,-3.5594,-8.2734,3.6058,1.7962,-2.5173,9.1585,6.1757,-6.5249,-7.8085,3.5968,-1.3997,9.8554,-5.7836,0.1843,3.325,7.8858,1.3726,7.327,-0.3868,-4.0102,-5.7825,0.606,-3.149,-2.27,1.1411,3.9876,0.2351,8.0987,4.1345,-5.1495,0.8484,5.0955,7.2848,-4.7228,-1.8195,7.0797,2.8179,-2.0262,-1.8405,-5.6815,7.1295,0.6633,-2.7361,0.6697,3.4099,1.3981,-0.8964,-2.9652,-8.1483,-3.1419,7.5609,-8.5065,9.6158,-4.1159,5.8202,-8.2737,6.9201,0.6575,9.6038,5.0751,7.2639,0.7864,-3.1016,6.1758,9.396,-3.5982,-5.883,-4.8845,-4.4694,-3.2846,3.8574,3.0919,2.6411,-3.2942,-0.5925,6.542,-5.4575,-1.7279,-3.7651,-3.8323,-8.8898,9.9213,-4.8151,5.5972,-8.0247,2.1643,-7.8687,-4.7953,-7.6906,8.5487,-9.0098,-2.2736,-1.9608,-5.656,3.8272,6.1601,9.1536,-5.2139,8.1594,-2.6633,-5.7708,-3.8754,-5.6001,9.0334,-7.9046,-9.0645,8.6689,-4.5477,-0.528,8.7364,-0.0599,-2.1587,-5.4662,-1.1225,8.0721,9.9602,-4.5003,0.7789,7.1954,4.7256,-4.7987,0.3986,-1.3036,5.9551,-3.4706,5.8502,7.4291,-8.5286,8.3266,6.8475,-5.8099,-0.4677,5.8294,-3.8406,6.4927,-8.7161,-8.9094,-8.7562,1.7344,-8.327,5.8896,-9.2261,9.0014,-8.2346,-3.5197,1.9591,-8.5644,4.2844,6.5726,1.171,-0.3999,-2.1189,-7.2522,-3.9041,-5.9535,7.4312,-4.4687,7.1315,-4.4078,-4.8721,-6.1349,-5.2002,8.9943,4.6703,7.5261,-0.7106,7.7869,-3.4268,-0.5693,6.8866,1.3014,-6.5473,-5.4289,6.5908,2.1578,9.7168,-2.1306,9.9691,4.1108,-2.0789,6.1037,9.6597,-9.8121,7.9179,-2.592,-9.815,5.9156,5.4247,-3.9935,-6.412,3.4735,4.2133
-9.6488,-7.9141,-5.5684,-8.3841,0.8764,8.1742,8.033,-5.3069,4.8931,9.7865,-9.3681,3.3599,-7.5672,-4.9212,-3.4916,7.7342,-1.0104,9.5485,-1.357,7.482,-4.0193,-7.1853,-1.5052,-9.4533,1.821,-5.0883,4.2786,3.0489,5.4217,7.5618,2.4111,8.6547,6.8884,8.3982,5.3553,7.3519,3.5945,-9.7658,8.8787,6.9305,-4.7629,-2.6487,8.4397,4.2901,1.5318,9.916,3.1597,-1.7513,9.0539,-3.8172,8.2488,-9.5085,-5.911,-3.3833,9.3968,-2.9434,2.7869,-1.1779,-0.1985,-5.9067,-7.4258,0.3338,-2.2191,0.9416,-9.8817,8.054,1.5946,-5.6054,0.9688,-3.6624,-0.1978,-7.6577,-3.7584,8.742,-3.4237,9.501,8.6277,-6.1594,-9.1723,0.1051,7.8064,-1.1525,-2.8437,7.7753,4.3655,-8.9936,9.1915,-5.3336,-5.7078,7.452,-5.8229,-6.2683,0.1865,0.8299,-1.5536,2.1958,-3.3137,1.4506,-1.7439,8.358,3.7159,0.3152,8.7157,-8.512,-1.0576,6.3621,2.6451,4.8122,7.5199,7.3158,-1.8788,3.7338,-4.3784,8.5892,-2.5327,6.4113,1.4419,8.4337,-5.3431,-7.0965,-8.0893,3.2988,-8.0117,4.6914,-4.8746,3.5786,8.704,5.5736,8.1132,4.5637,-8.4727,6.4885,8.1498,-1.1562,-8.3928,1.4282,-2.3839,1.7907,-6.4662,5.4885,0.7106,6.6103,4.6918,3.1911,-9.7163,-1.6096,9.4759,5.046,-3.0015,-2.1345,5.112,-9.6536,7.1909,-5.1647,-6.7809,-7.253,5.1556,-6.5439,-4.1118,5.3286,-9.3237,4.4868,-5.368,-7.4866,0.2847,1.1519,-4.9841,-3.7768,-5.5557,-0.1589,1.4169,-2.9812,7.1462,8.6174,4.1408,-5.6316,-6.714,9.9121,1.0531,-3.8174,-3.3821,0.7972,4.8317,6.7967,-9.1626,7.1336,-0.2938,-2.3635,2.0622,1.8402,9.3975,-4.7736,-0.5656,-9.2647,9.0261,8.1457,-4.7667,-3.6681,0.2306,-2.8388
-0.9221,-4.7438,-3.7524,-6.5099,7.4292,-3.1694,6.2009,-3.4893,-4.1006,-4.3378,-1.1685,-2.5563,-1.234,-8.7305,-0.7744,-4.1333,9.4605,-6.7608,-2.8082,2.5649,0.9557,6.1678,9.4548,0.0617,-1.8071,8.13,9.1787,7.5318,9.9736,-0.7521,7.2112,-7.1947,5.9369,4.302,2.9933,5.7157,5.3626,0.3495,-6.1459,8.2435,-7.5039,-8.9347,8.4304,-4.9699,3.8247,-5.7771,3.3589,1.2024,-0.3283,6.7682,-3.9645,-6.0675,1.9754,8.5011,0.7436,-1.7237,-2.1183,-1.4809,-3.9001,1.5041,-5.8875,2.1421,-3.8471,1.0379,-6.0438,-6.3776,-5.1814,-7.5137,-3.006,-2.3793,-2.8134,-4.3531,9.8774,-4.4856,4.6055,3.6973,-5.2492,-1.1119,1.8154,9.8575,5.64,-1.573,-6.8017,8.5721,7.0378,-3.4239,2.3723,7.3867,-6.7445,-7.361,6.1601,-5.2684,2.9201,0.7744,-3.7124,-6.1687,3.5267,3.9489,-5.6184,6.3916,9.7058,6.6344,6.4649,-9.2247,-5.6068,-6.9323,-6.5409,-4.7999,5.1762,0.5967,-8.5915,-8.8828,3.616,6.627,-6.2984,-4.9843,-0.4542,-4.6565,8.8529,-4.479,-7.6541,2.5712,-8.1052,5.1199,4.2898,-8.2688,3.1176,-0.9871,-0.927,3.8034,2.0792,-2.1965,-8.9289,-6.3466,-4.0105,6.9061,-0.6164,9.5448,-3.1655,-9.2978,-9.1557,-0.3217,-0.3214,-2.9838,3.7057,1.4943,-4.4156,6.4168,-4.1958,-5.4833,0.6165,0.7795,4.6853,3.6349,3.1592,0.6789,-7.2688,1.1475,-3.8135,4.2794,-3.0745,-3.2022,7.3471,-3.7446,-5.7246,-3.6079,-8.826,8.3665,5.9036,3.4912,-7.3731,-0.6207,4.0241,-6.3919,8.5954,-0.7715,8.0901,-7.8313,-4.1747,-7.4153,8.3308,4.9718,-0.5689,-9.3079,-9.0268,-9.3425,0.6654,-5.2967,6.2584,9.3924,-3.2551,9.6018,-9.8054,1.3548,-5.6016,-8.2363,5.7572,2.0632,-6.1142,-2.0325
4.9086,-0.3238,2.4081,5.3551,7.312,1.0548,-6.1926,6.2431,5.7983,0.4297,-4.7721,-6.7632,6.2538,-0.8852,-2.6116,7.9697,5.6601,-6.4083,-0.8577,5.9999,-7.9229,-3.0075,8.4034,9.2466,-4.2234,-6.4685,-9.9112,-1.7456,7.2087,-8.7989,-1.1647,9.9703,-6.0219,-3.3408,-5.1816,-1.5693,3.6468,-1.4754,1.6258,-9.2353,-0.5121,-2.999,7.5579,-0.1947,5.5959,2.262,-9.7151,2.1241,6.5376,5.8076,-8.6697,8.6333,-0.2543,2.1895,-8.9924,-2.4059,1.3328,-6.9578,3.2813,-6.8061,6.6798,5.7618,7.0831,9.507,3.8462,-7.4982,6.3059,-5.555,1.4305,-2.1655,-3.9331,8.7558,7.0672,6.2629,-6.0673,-1.7985,-7.3981,0.4897,-6.4413,8.1655,4.0751,-7.0604,-9.2762,-6.0482,-9.1002,5.7805,5.9661,2.233,5.3088,-6.4272,-3.3791,-8.956,-4.4232,-7.8014,-7.718,5.6907,-1.2099,-8.8635,-7.0445,-5.6459,-9.7985,9.4825,-9.6504,7.6608,2.8834,2.0399,4.8964,9.9351,-8.1041,8.3168,-6.7218,-5.8064,8.663,-8.7258,0.8207,-3.1014,-5.0501,-9.0356,7.0954,4.6766,-9.9781,-7.3386,-2.6332,8.7731,0.5821,6.221,-9.8345,-2.8179,3.0529,4.1796,0.677,3.3422,5.4112,1.2811,-0.4745,2.7577,-7.8927,-2.3857,3.5272,-8.7729,6.0047,-3.8001,-7.0375,-9.3586,-9.5818,-6.3798,8.9326,-7.672,-3.0118,2.9253,-5.2419,-8.7536,4.2712,4.5549,-3.0229,8.6189,0.9451,3.3475,0.884,-9.1099,-7.2477,5.875,-9.3398,0.9544,0.7455,-3.1219,-7.9012,8.3896,-9.4441,7.929,-4.3727,-0.4059,1.6124,4.1603,-6.2519,-3.6081,-3.0893,4.3999,1.0854,-6.341,7.6043,-7.5922,3.7332,-1.0223,-1.4005,-2.4464,-9.4526,-9.3149,1.5946,-9.8869,-2.5176,-1.8363,0.3651,-0.3167,-9.6113,-7.1891,8.4492,-6.5866,-4.6414,-9.1972
1.175,1.0182,0.4132,7.1598,3.8076,6.642,-0.1494,8.7267,0.2379,-7.6952,1.5784,-5.0332,0.6084,-6.192,-0.2686,-8.4679,-0.3165,-7.3369,5.7846,-9.3452,-6.8365,0.0041,-8.7472,-8.6582,-1.8318,7.5206,-2.7136,-1.7401,1.3047,0.1625,1.0265,-5.8433,3.5531,-1.8516,9.2001,7.748,-8.1269,4.2108,-5.2672,-4.1397,7.0615,4.2177,2.0077,3.2292,-6.5387,1.8763,2.4332,-6.7821,0.0036,7.985,-5.374,1.85,1.0665,7.1482,6.96,8.4572,1.4341,-8.8162,8.0516,-9.1275,4.5751,-4.3832,-8.2647,-4.8075,-2.4185,2.3843,1.1216,-0.7316,2.8276,6.1423,7.9439,5.1729,0.1857,0.5427,-2.6668,-4.0021,1.6324,-0.1732,-1.9927,4.485,6.1798,-7.3703,6.0812,5.825,-3.8952,-4.7219,5.7233,8.0801,5.0528,1.5773,-0.6761,-0.114,1.8401,7.8235,0.7632,2.1065,2.4357,-7.3084,1.5441,2.6346,6.6761,9.7012,2.339,5.4091,8.4384,-4.5262,-1.3893,8.174,-0.8171,2.011,0.1958,1.1597,-0.0782,3.566,1.7673,-3.9055,-7.7935,-6.0244,-0.0881,-7.8616,8.9238,2.054,1.2441,-8.7046,1.279,-5.4995,0.2716,7.2812,-8.1553,7.0381,-9.8938,9.1595,-3.2381,-4.813,-5.3239,3.7563,-5.436,-2.5238,-5.2753,9.858,-1.5105,-9.5469,-3.7497,4.8524,-9.4476,-9.2487,-8.3814,0.274,6.0596,4.7238,9.0268,-7.6667,-3.7913,0.9888,-6.2146,-9.1802,3.7719,0.0553,-8.6955,-8.5088,0.7887,2.5604,-2.0989,4.0158,7.8679,-4.6757,-6.0096,-7.7488,-9.4541,6.1949,-7.8537,-9.8463,6.145,2.9752,0.3865,3.75,-9.6241,-1.4163,7.1431,8.5716,-8.0185,4.7877,-5.151,5.159,3.4776,-4.1689,5.8668,-4.6995,9.1236,4.2808,-1.4776,-8.9986,5.9941,-0.0624,-8.9344,-6.1957,-1.7711,-1.8823,-4.0953,-5.7137
9.4548,7.3046,-7.0257,-9.8221,-6.5755,-1.3285,-1.5373,2.3549,-9.2423,-6.8591,3.1945,-2.6513,9.5885,5.464,0.4347,-4.9457,0.3669,7.6211,3.3348,3.0473,-9.2977,0.939,-4.3611,-1.1221,-7.9214,-9.0594,4.043,4.1771,8.7789,-0.8746,3.6141,-9.2366,-6.1093,-3.177,-0.7306,9.4167,-3.2426,3.3661,-8.3879,9.1889,8.4644,6.4648,6.2364,-4.7337,-2.3059,5.9527,5.5257,-2.0345,9.8061,0.7129,0.8129,5.2166,-0.6841,0.3704,-9.1369,4.9135,-5.237,0.6196,5.0555,-6.0056,-0.6395,-1.0093,3.6564,-2.5973,4.7646,-5.6117,1.6489,6.8673,-7.1263,7.8582,2.408,-2.6863,-3.3425,-3.3608,6.783,0.53,6.7424,-8.4652,7.9449,2.6078,2.6458,7.9718,5.0773,9.1329,-9.1578,-6.3795,-0.774,4.8822,0.4468,-5.9155,8.1244,-2.6273,1.1415,-8.6816,-8.7079,-1.1514,-6.0332,-9.8743,7.2327,0.3859,0.8203,8.0484,-6.9109,2.6774,-7.018,-2.6309,-2.1266,-5.8771,-4.0745,-7.3729,6.4217,5.8772,9.6998,5.4649,2.9282,5.7342,1.3637,-1.8054,7.1071,6.1472,9.0187,5.5768,5.5572,3.288,-9.5257,9.1534,8.0754,8.6693,4.8882,-7.9377,6.0283,-1.9278,3.6064,-2.379,-2.5291,4.127,-5.4606,-9.304,2.2903,7.325,5.6491,6.7582,0.4976,-6.592,-8.5977,-8.891,4.3578,2.3518,3.7035,7.4955,0.8959,-9.7419,0.6105,6.2426,9.7877,-8.9028,-3.9609,0.4177,7.822,-5.2135,3.5942,-6.2101,-8.845,-1.5589,0.8223,0.4165,-5.6642,4.6772,-3.0501,6.1386,5.0727,5.143,9.819,-3.3795,-3.6769,-9.1293,-4.9422,-1.9169,9.8626,-6.4446,2.5778,-6.5708,-1.3848,4.0768,-4.5226,5.7851,-8.0226,-4.4873,5.2641,7.6273,1.5122,9.2248,-5.8032,-1.0631,-8.2154,-4.2122,9.8894,-9.3882,7.7354,8.6773
-1.4504,-9.5256,-7.5389,1.7182,-1.9158,6.8178,1.0643,-7.7369,-2.8403,2.362,4.4361,-6.7271,-5.8955,0.2098,-9.0762,-0.542,-7.8625,-5.9513,1.9807,-4.6579,8.2297,-2.1636,-2.8722,-7.2464,1.4911,-3.8605,-7.9881,-1.4043,8.7198,-6.4748,7.9225,4.9371,0.0521,0.3341,-4.853,-3.2417,9.2381,0.5245,-4.3539,-4.507,-2.2708,1.28,7.1816,1.3278,-7.784,0.2177,5.4002,9.2912,5.5692,-1.4318,-5.536,7.8623,7.6262,9.7794,7.4381,-4.3655,-8.2983,4.2428,-4.7337,-2.1142,-7.2055,5.168,8.5853,-5.7286,0.7008,-6.423,-5.4115,4.6757,3.5879,-2.8823,-5.9566,1.8768,-0.2059,-4.2939,2.2128,-1.5053,-0.6769,3.0645,0.1655,-6.1944,7.7545,6.9191,3.4158,9.0072,-7.9735,-4.2725,0.9219,-1.5727,3.0277,6.2785,0.2735,8.4639,1.5079,-9.9226,-4.3328,9.0638,0.0388,-6.5783,4.5136,-1.1803,0.3008,2.0595,2.7988,-0.5129,4.1208,0.6298,9.3429,-9.8073,4.4778,-2.9851,-7.8718,-1.5217,9.1877,-8.2065,4.8699,-0.3481,-0.3358,5.5761,2.6709,-1.5323,9.2914,-0.0868,-1.7475,7.6508,0.5113,2.4272,1.962,7.8769,-0.7808,-4.8972,-9.8052,0.4333,-7.2471,6.0843,7.6245,-2.3289,6.5749,-8.8346,-5.3646,7.4412,6.5889,1.1148,1.7806,-0.4163,8.5919,1.5934,-4.116,5.8441,-5.0829,-3.1184,6.7683,1.5185,6.3055,8.234,-2.1313,-5.4341,-5.971,-9.1895,8.2114,-1.6581,3.3713,-6.6642,-2.4623,0.8952,7.3274,2.4725,-6.5421,-6.8989,-7.0314,2.2818,9.1055,6.5315,-7.336,-1.4045,-5.7504,9.6181,3.2149,-8.436,-0.3003,0.7764,-5.5609,4.5254,2.1109,-3.8791,-3.1591,3.1564,5.8935,1.2986,3.5115,-3.1235,-9.3398,5.488,-2.54,-2.8402,-9.2055,-6.1581,-9.6974,9.5622,3.4108,-9.3716
0.3529,-3.2582,-1.4071,-7.7293,1.698,-5.573,-6.1515,-5.0125,8.522,3.0325,3.1322,3.924,-3.4123,9.9451,-0.7866,-7.3827,-1.9735,-4.8363,-5.4885,1.6025,-0.5142,-8.4295,-3.9183,1.13,-1.5088,1.1994,5.7797,-7.353,-1.8716,-7.3327,-7.5992,1.5816,-0.4208,-5.6155,8.5193,4.5316,3.9051,-6.9032,6.7176,3.8768,-4.7392,-1.4292,-6.1031,-6.7647,-3.5888,-2.6761,-8.4036,-3.8757,0.514,-1.3989,-6.4385,8.4297,-1.4065,4.306,-9.3577,-2.7016,8.1765,-9.512,-9.0696,-8.1714,-4.3953,-4.6619,0.1184,5.7955,-7.8075,-4.8473,8.4377,-2.4615,-9.6087,-7.3958,0.3228,-0.9931,2.0224,-5.9565,5.4222,2.4269,0.9878,3.2333,-2.2494,8.5095,-9.2932,4.2466,-6.9979,-3.4506,1.2623,6.2799,-9.3242,-0.9318,4.0827,-0.5826,1.3471,2.1388,-4.0092,9.4573,2.5703,-1.6379,-8.7827,9.0275,0.7349,-2.2809,6.0641,0.7634,8.1251,0.5323,-5.8479,-9.3046,-4.3123,7.9832,-7.1242,1.6798,5.8823,-6.8363,-7.9453,1.0797,-1.1178,8.7821,8.4949,8.6198,0.5008,2.6509,-6.9605,-6.4704,7.7341,6.106,2.4493,9.8959,-3.7535,-7.1165,-3.6577,-9.6948,-3.5513,-4.1031,8.419,-7.5875,-7.2295,3.4766,-2.1455,-7.2548,-5.9086,4.9839,-0.3257,-8.7449,6.9654,-7.1508,1.233,9.5088,-0.9589,-0.5692,-6.2393,-0.9473,1.4287,3.8772,-2.6964,3.0405,-9.9795,-4.7032,7.6335,-2.6003,-9.5049,7.0003,-2.8891,-0.3538,4.9954,6.6276,-7.1822,-5.4324,-8.6359,9.7868,-0.0348,-0.0212,-0.0837,6.264,1.2033,5.3986,-5.6965,2.8917,9.1736,3.4495,3.5147,4.6365,5.2511,6.4915,4.0962,2.6529,-9.9734,7.6048,0.8266,5.239,-3.8677,-3.2685,-7.1538,-4.9559,6.1232,6.0272,1.5497,-6.3234,-0.7563,1.6345,-8.5132,5.1947
5.77,-0.1479,-5.1453,-5.2593,-3.955,5.8775,7.0232,8.2824,5.331,0.2217,4.0378,6.2708,5.1107,8.3685,-3.3435,5.0813,-3.2277,6.2714,-0.4111,4.6316,-8.1904,-4.4665,-3.6141,2.4671,2.4441,7.5623,0.4159,-9.5458,2.5954,9.3434,7.9693,4.1102,-0.2385,-7.929,8.4858,-8.5184,7.8969,6.4289,-3.8279,-3.4187,-5.5508,-7.09,1.6282,8.9505,6.2227,-6.2894,5.645,-3.7124,-9.0295,9.0005,3.9723,1.132,8.8819,1.6,-0.9153,-8.2585,-0.3073,9.8366,-2.7645,9.5781,-7.055,-0.6949,1.3018,5.5579,-2.3001,-6.5212,-5.0674,-4.6541,4.1737,6.8283,-1.2482,-1.4485,-5.7187,-4.1339,6.8226,-2.9733,-9.8325,-3.8608,0.8664,4.7587,-5.6297,-1.807,2.8071,-9.0477,4.6834,-8.6312,-1.6603,7.9034,-2.3046,-1.6422,-8.8054,-1.4142,3.0794,8.3023,-5.2494,-4.0475,3.5939,-1.1706,9.7445,1.9958,6.8934,4.6919,5.27,7.9612,8.5603,-8.1446,7.8065,-7.4319,-6.0834,1.4719,-8.7159,1.2451,-4.789,-4.5101,7.5051,3.1731,-4.8184,9.8859,-2.6666,-9.5181,3.5493,-4.1145,-2.3443,-1.7386,-7.8601,3.3169,-7.2473,-7.5169,3.6051,-1.8467,-5.1469,-3.4273,-2.689,-4.052,-5.1177,7.5356,-2.9206,2.438,-2.0116,0.494,-0.2112,7.6519,-9.7553,3.0127,5.7572,5.1978,-7.2568,-5.3736,0.8091,2.0409,8.7717,-3.8475,9.8377,-4.917,-0.7758,3.5655,-5.7632,-6.1481,5.0455,-6.6343,-2.7318,-9.7491,-5.941,-2.4384,7.9823,9.8956,4.0959,3.8212,2.7015,8.2301,5.074,0.1185,8.4933,5.2434,-9.6087,1.1797,-3.0464,-0.1947,5.8177,-9.3568,0.1574,-5.6765,7.6345,1.5268,-1.6179,-1.3844,9.4381,7.1133,2.008,-5.6481,-5.7703,-8.9546,-2.3624,9.3132,-6.0949,9.9985,6.505,-0.2124,3.7491,6.0579
-1.4291,0.9075,7.887,-6.8978,4.2308,1.9563,9.9831,7.0243,-0.3996,3.3392,3.8561,9.7491,-2.4486,0.3657,-7.7018,-2.2408,2.5544,-6.1204,-5.271,9.8923,3.9724,-4.9272,5.3149,5.8105,3.2598,0.8473,-8.9541,-8.9911,-6.6932,-6.7457,-3.4767,0.2331,-9.4312,-4.6157,9.9974,-4.9398,-0.3109,-3.753,8.8958,4.25,-6.3446,-5.7563,3.3648,8.9512,-5.5747,-0.9547,5.5101,-3.8794,-6.1928,-1.4705,8.177,3.9265,3.6855,5.8386,9.5507,9.2732,0.7174,-9.0176,4.342,2.0145,4.2253,-4.0829,1.296,-8.4846,2.5913,1.2746,-7.7802,-3.4851,-9.6896,-7.6228,3.1435,-6.8056,6.3477,3.3096,4.3488,5.0808,-9.8337,7.713,7.2038,-1.5479,-3.0215,4.8824,-5.467,-9.7786,4.6136,-2.6041,-4.0685,3.3599,-6.9519,8.5374,3.9511,-6.0196,2.258,-1.0545,-0.7897,-2.1485,-2.2341,-2.1471,1.0856,0.0357,8.2651,2.6557,3.4712,5.3701,-9.8497,-3.7346,-8.0379,-1.4804,1.7915,-6.113,-5.0548,-4.3058,-5.6312,1.1282,-5.7724,-4.5703,-3.7908,-1.4933,-4.726,5.817,-3.2203,9.9115,4.1859,-4.8077,5.3034,8.0128,-7.0867,-4.1692,-1.3833,-8.0384,6.0346,0.2304,-9.6213,-3.5916,-1.6233,1.4917,-2.6918,-3.6642,3.4393,-5.0299,-5.9439,5.1309,2.6258,-2.8448,2.9324,3.3022,2.584,4.3621,-1.2521,4.9903,2.3552,-7.6091,3.4349,-7.1501,-3.1122,1.4094,7.2912,4.0794,2.1819,2.5238,-1.0076,6.8257,-3.8653,-5.3647,-4.1353,-8.443,4.5204,4.1617,1.4023,-8.2206,-1.4715,-0.0285,-2.1962,3.7436,2.274,0.767,-7.2658,3.4378,7.7962,5.8081,-3.3066,7.9025,2.7961,-9.9485,-3.5855,7.8915,0.0824,-1.9636,-0.9376,5.1398,7.5483,0.1824,-5.911,4.7113,-8.9677,-5.0977,4.0784,-6.5362,1.3476,-5.0969
-4.1096,-6.1428,-2.609,-4.047,3.7909,-7.7654,-0.2443,-2.0459,0.7804,5.7543,-0.2351,-3.6308,8.7583,7.6721,-7.8396,-9.9901,-9.8459,-4.0571,-8.9375,4.5201,1.5058,9.2137,0.1882,4.3304,-3.6055,-7.4434,-6.2254,-7.1632,-9.877,8.6123,9.8992,2.2211,-4.3666,6.5338,0.235,2.396,-5.6282,-6.5246,-0.1188,4.0581,-8.4937,-7.7183,-9.4638,6.9815,3.7834,7.5862,-4.0551,3.2606,0.9759,7.167,2.1233,5.8836,-7.7633,5.7346,-8.4322,1.8147,-6.199,0.1412,-7.9327,0.7929,5.0064,-8.07,7.1026,-9.551,-6.5423,-1.05,-6.1748,1.1917,7.1815,1.3115,-0.3958,4.2734,8.9798,1.7743,7.3464,7.2935,-4.7039,-8.3627,5.983,-2.1848,6.8005,-5.4512,-4.2455,-2.4645,-8.8127,3.8436,-5.5458,7.8968,-8.0699,-2.6683,-7.557,5.996,-9.6947,-9.4856,-7.8707,4.2675,-2.0408,-8.9761,-1.0567,8.2163,-6.233,3.6947,-0.6203,3.661,-3.1799,-0.6369,9.8094,3.803,-5.8479,-4.8673,8.3465,0.0319,6.0632,-7.1981,-1.6773,5.4984,-2.5325,6.3501,-7.3817,-5.8616,-8.9326,-9.2035,-9.1421,2.7157,1.2264,4.0954,-7.3936,4.1158,7.2302,-5.3977,1.5181,-3.4108,7.71,-0.443,-9.6942,-8.2207,-3.329,-0.0339,-4.6874,7.3935,-5.9514,5.6873,1.6364,6.7442,4.9591,2.9191,-3.6007,8.8101,0.2045,-8.3539,9.0249,2.2731,-2.9677,-2.6771,-4.244,-0.9065,1.9605,-1.1817,9.3177,5.2856,4.8871,-4.59,-2.2049,-3.4565,0.7722,8.2643,-8.3132,4.9991,-1.0562,-6.3877,9.5913,-5.7154,-3.4667,7.325,-1.866,-5.3938,-7.4471,8.7235,-5.653,-5.3799,7.4752,-8.8822,-3.8975,-4.7944,-3.3788,-0.0909,1.4065,4.6931,6.9582,8.5565,-3.5982,-6.9568,0.2617,7.0424,2.1928,5.241,-8.23,2.6283,-6.7131,0.8214
8.1317,1.1248,-4.284,5.7241,5.1255,-6.907,-4.8633,6.5146,-9.424,7.5335,5.3153,-7.6621,-9.8221,4.7196,-7.8676,-4.4771,2.5118,-5.6685,-1.3915,1.6811,3.2556,-4.8878,7.3809,3.6263,9.7599,-0.4213,7.7068,-9.5536,4.1858,-7.4881,-5.9086,-5.4613,0.0115,-7.3061,0.7689,-8.5629,3.8912,7.1083,-3.9264,-3.8145,-4.3549,3.2023,-6.0856,4.8051,0.6061,7.9045,-9.5566,-8.5407,-9.5448,2.5691,8.62,-3.4925,-3.7269,-2.3413,8.7254,8.7603,-8.5633,-5.2715,-2.4638,-7.693,1.8667,-3.3096,0.6751,4.3935,-5.9021,-4.7121,9.557,6.3782,-8.5367,9.0524,-6.951,8.8799,8.1914,6.6083,3.7909,-8.0253,-5.1415,6.9784,-9.8347,-2.226,-1.1107,-3.1204,-8.8816,4.3513,2.4267,8.249,-8.866,-6.7215,1.1832,-2.3012,-1.1931,-5.2163,-3.5402,-4.4006,4.6673,3.0126,-6.0597,4.5038,1.9277,-8.6434,-4.5052,-1.1855,-7.0613,-6.3341,8.4913,-1.2337,4.5015,2.3775,-1.8465,3.2612,-8.4453,-8.9425,-8.14,-9.9235,0.6788,-0.9786,4.8162,-1.7108,-9.5569,5.9908,8.9179,2.5513,8.2248,-1.0801,-3.9146,-9.5356,-6.1785,-2.7833,4.5346,-6.9104,-5.6143,-7.374,-2.6938,-0.1724,-9.4582,0.6537,-0.8918,9.74,5.386,-3.3255,-1.9524,-4.1981,1.1415,-5.3678,0.8572,2.5973,-3.7065,-5.733,2.6636,-9.2565,1.8569,6.8224,-7.5955,4.9691,-6.5938,-6.2148,4.2633,4.1457,-4.4299,-1.8065,0.2288,1.5125,1.2538,2.8889,2.7619,7.8047,1.5659,8.3615,-6.5025,-3.3104,1.3096,-7.6772,9.5237,-5.7538,1.2917,4.5598,5.5663,-5.7148,1.1845,-2.8913,9.8561,-5.0544,-1.7342,-3.8089,5.3987,-2.6538,-6.0293,-9.9191,9.7355,8.2078,-0.9386,7.4383,3.6893,6.1656,9.1921,-9.1817,-2.5236,5.8818,-3.7439,4.4683
-3.2887,-8.4177,7.5024,-9.1134,-9.1816,9.6116,5.0563,9.5889,-9.3679,4.3312,7.3297,-7.6661,0.3093,5.1359,-7.0894,-5.3383,5.3542,6.1027,5.0906,8.8862,8.4265,-1.7261,-2.268,-5.8147,6.9117,2.9094,9.978,5.7245,6.2975,-9.3936,0.1344,6.1714,-8.1097,-2.6996,-6.0292,-8.0975,6.7521,-2.2448,3.8503,-5.3114,6.0509,2.6014,-7.4283,2.2004,-1.6261,2.1945,-9.6971,7.43,-1.0401,3.0801,2.1102,-2.5604,-0.4761,-3.8106,-6.0752,8.7153,-2.0274,6.4687,-6.281,0.074,-4.7397,-8.9158,7.782,7.0337,-0.4392,3.1682,8.3653,2.2711,-4.1758,-7.1094,-2.0838,-1.9771,4.8193,9.4257,-8.2639,3.9186,-4.8212,1.1075,-1.8758,-7.3411,5.1392,9.9873,6.5275,-4.0888,4.2768,5.9389,-7.6367,4.8961,-4.2022,0.5716,5.7194,-3.017,7.1662,5.025,-7.0836,3.371,2.0666,-6.6565,-1.0108,3.2694,-4.1706,5.1194,-5.7474,9.2899,-7.9451,8.5619,-9.9565,-4.8767,-6.5616,4.422,5.992,9.0735,-0.1133,5.7779,8.8735,-1.1572,9.8387,-7.5144,-5.8233,4.3961,6.2942,7.9008,-3.56,-7.5056,-8.1001,5.6309,-4.4768,-5.5339,-0.785,-0.5046,9.2709,7.5216,-9.0245,9.5728,5.6975,4.8354,6.1225,-0.6669,6.4831,-5.7887,7.0765,1.013,9.0313,9.6713,-4.1969,-9.6126,4.0324,3.4245,8.6436,8.0494,8.9667,-8.6804,4.7978,-8.4457,-4.7343,9.0778,-5.6428,-7.0371,-1.1827,6.0398,1.2695,4.7375,-1.0578,8.5602,3.0825,-6.3428,-3.6797,-8.7657,6.3969,3.653,3.727,8.3798,2.649,9.0067,-1.0658,-1.7219,-0.9928,1.4375,-3.0841,6.0105,8.3828,-3.87,-1.2166,-7.2248,5.3695,2.688,-2.9043,4.0371,-6.3829,-5.513,9.6458,-6.9743,0.2978,-3.7873,-5.119,-2.7569,-0.9284,3.9581,-2.7658,-7.1759
7.9107,4.7506,-8.8672,4.5541,-7.3624,6.5543,-6.1128,6.8024,5.2352,5.289,3.7023,0.1219,-9.2366,0.2357,-2.3415,6.186,-0.1662,-1.3181,-4.2649,-2.2499,5.5691,-5.0329,0.6661,-7.6697,-2.1056,-1.5876,9.7534,7.4943,-6.9701,3.3925,0.8889,-2.0179,-1.906,-9.7427,-9.5483,-7.5147,-5.9472,-0.7214,-8.7727,-0.0749,-2.2892,1.4884,6.3295,5.3132,-6.7362,-0.1375,-1.8169,-3.6023,-4.4909,-3.2775,-1.7407,-2.2846,1.18,-7.1238,1.5328,-8.1567,3.6516,2.3474,-0.3622,-8.6066,-2.0064,1.4569,8.3892,6.9816,6.1902,1.9504,8.6535,-6.0659,8.2562,-6.9628,9.2021,8.0539,-5.5567,-6.8262,-1.7682,-4.5105,3.0279,1.088,2.7545,-1.4785,3.3937,8.379,6.5793,0.9827,7.924,7.7059,1.4056,8.9467,-4.7461,1.8688,3.2458,9.6042,5.6958,-0.8111,6.8523,0.1663,-7.644,0.9961,-8.389,-9.2747,0.6953,-9.2353,5.1038,-1.8379,8.9364,9.0419,3.6463,6.1592,-6.9455,-2.1717,-9.7429,5.3192,-5.7914,3.9049,-6.6461,5.0693,-8.5102,3.3098,-8.7904,-4.6911,1.6101,-6.2197,-7.4505,-9.7462,-7.089,0.5437,-9.6489,1.0914,1.5122,-2.4158,-2.5358,-6.8278,-4.8913,6.6473,7.2689,7.7701,-4.3411,3.6231,-8.1515,-4.79,-4.9677,-0.2559,2.7072,3.3791,6.0208,0.8623,1.9499,8.4017,2.329,0.5346,-1.5642,0.15,-8.2656,-3.6137,8.3226,-8.3885,5.8477,1.5655,-8.9403,-3.9983,-1.4749,-0.3698,-2.7717,4.5156,6.2856,-1.9475,4.7039,-3.8572,1.0456,1.8785,4.1345,1.6185,4.6101,-6.1023,-1.1479,9.1302,0.5704,-1.2067,-4.8573,-5.6124,-7.1396,-0.864,-9.4922,-2.2171,7.5797,0.5218,-8.8929,-5.0269,8.9862,1.7644,-2.0552,-6.7916,-8.3795,-0.747,-0.5202,-5.4047,2.1517,1.3477,-7.468,4.5053
5.4284,-6.5762,-1.0755,9.6832,-1.5246,9.0326,6.9336,2.8888,3.9998,6.7607,-8.3625,7.5937,-3.5687,0.7194,8.7679,-0.0083,6.3632,-3.6377,7.3253,0.0406,-5.9041,-5.5035,6.6533,8.7927,8.1814,8.4445,-3.0887,-7.7669,2.5006,4.3658,0.019,0.5305,8.6942,6.1011,5.0444,-9.2431,0.9234,0.2824,2.3806,-7.7353,9.5047,9.4927,-1.6556,2.9179,-2.6736,1.4707,-6.011,-3.5477,1.7858,-0.6603,-8.6703,-9.1651,-2.3803,-9.087,9.2682,1.0313,6.4758,3.354,9.2696,4.3109,9.7909,1.301,-1.1936,7.5626,2.889,-7.6626,-4.4324,5.1148,5.9218,-3.5896,-6.6217,-9.1851,5.7333,5.3486,2.1964,0.9529,-7.6756,-9.1385,-3.5107,-1.1497,-7.6962,5.4048,3.1652,9.7348,-2.0912,3.4435,5.5712,-5.3363,-9.3488,-6.488,-4.0765,-3.8975,-8.8958,8.5737,-4.8511,-0.0504,9.2386,5.7037,0.8906,-4.2238,-3.8507,9.6081,-4.2767,4.6606,1.2049,-0.4904,-1.6306,-2.3428,-3.4759,6.1448,4.8467,2.3328,3.625,-6.7426,-1.5098,9.9276,-9.1906,9.0046,1.436,-1.458,3.1327,-1.1536,1.0629,-3.5945,-8.3492,5.5687,-4.5781,9.9505,6.0341,2.1082,6.0041,-8.334,-4.4793,6.1649,-9.4192,1.8345,-7.1617,5.9637,-8.9793,-0.5797,9.6145,1.3363,-0.8676,-2.8361,-1.1844,8.7553,-5.6517,-4.1301,-4.0377,-3.4418,-1.8218,-3.0547,-2.0116,-6.2398,-8.6727,3.9905,9.8426,8.5279,5.5103,4.0404,9.4137,8.5193,-8.2657,2.9303,1.9667,5.9276,-3.3078,4.5575,-2.6367,-4.1326,-5.7804,1.1361,8.9133,-5.4219,2.1197,4.5555,1.2497,-6.1532,-5.3486,-0.5678,2.8739,8.0435,6.0676,-8.1924,-8.3448,-4.5799,-8.6048,1.8438,9.1116,-4.4741,-0.589,6.4576,7.7224,-3.4651,-4.6627,1.586,-9.0355,4.733,5.4494,5.8053
5.1129,7.2526,4.3607,-9.4642,8.9622,-3.9263,-6.7822,-5.9202,-0.5836,4.3111,-4.5146,-7.4145,8.4812,5.2767,8.8746,2.1799,0.1248,9.2327,-3.4949,6.7656,2.0709,5.7575,8.5849,3.7941,-7.7425,0.3496,7.5486,4.1468,0.5544,-3.5676,0.017,3.7625,7.5605,-7.7124,-7.5051,-0.4947,-7.7583,-4.4981,-1.4198,-3.233,3.7604,0.3581,-1.1897,-1.5243,4.561,-5.8267,0.2042,-2.6671,4.7813,-7.3353,-7.7453,-5.5884,6.8601,-9.8618,-2.7959,4.5858,-9.9587,3.4329,1.5565,2.1412,6.0848,-3.1928,8.8941,-6.9711,-9.5575,8.138,0.0616,-1.8299,8.1369,-4.4383,-0.5452,-1.389,-0.1863,5.788,2.9761,-0.277,-5.8453,-8.3927,-4.4133,-3.9626,3.5172,-7.6924,1.1974,9.4818,-2.9862,4.4862,-8.2022,-3.1878,2.0335,6.4655,7.2441,-6.4638,-9.1606,-4.7077,-8.1316,-4.0836,0.1417,8.9385,-9.6247,0.8239,-2.1395,-9.0114,6.8033,-8.7975,1.9919,0.7629,7.0265,5.3699,0.9358,-2.4832,7.9474,0.959,-6.2495,4.038,2.6703,4.7529,6.9778,1.7647,-4.3312,-7.8019,0.1716,-7.3775,-4.1651,9.5209,-1.2941,-7.3703,-7.0182,-0.1088,-8.1643,8.3147,4.1262,-4.4821,5.332,-2.3668,-2.0637,9.1947,0.6123,-2.2652,-9.7194,3.1818,0.383,-6.7386,-5.2516,-5.6425,-2.7791,3.8089,2.6201,-2.2224,-4.4082,-1.7803,8.3574,0.3019,7.7295,-7.2115,-7.8111,-6.6914,3.9416,2.5138,6.3319,-0.3729,-9.4032,-3.9852,2.5996,8.5159,-0.9847,9.1109,3.9448,3.1514,-5.2423,0.864,-7.8399,-7.5988,8.4952,1.0103,1.3645,3.9825,1.765,-0.5436,-9.6852,2.9076,-1.7073,-9.2622,1.5386,2.7841,9.8402,-7.6069,-5.5316,9.6209,-5.6719,-5.7329,0.0319,-2.2968,2.8022,-9.1982,-8.5182,9.0548,-9.0609,5.1845,-4.9696,-7.9627
-8.4077,-4.4362,-5.8722,6.384,-6.2978,-6.6028,4.1591,-9.2818,-5.8352,-4.2834,-4.7292,7.3245,-1.8645,-2.3695,-4.9004,-3.6189,6.1473,-7.075,-6.5246,-3.6606,-0.4469,0.2599,-9.3613,3.5453,7.2585,-5.0627,-7.8631,2.8727,2.0668,8.3772,-1.1038,-6.4407,-4.2014,2.8145,-3.5257,9.2535,-8.0677,-7.1363,-2.1002,9.7045,-6.4337,-0.2504,7.3431,5.9218,-9.4046,-3.9196,-0.2206,9.9978,7.7019,-4.7642,-5.0166,1.0628,6.99,4.1584,-3.5511,0.1874,-4.6131,-0.5352,-8.5215,9.7003,0.4788,-9.8581,-6.3986,-6.2691,-6.8569,9.6734,-7.2205,-2.6642,4.8706,-0.1422,-5.8071,-1.7828,2.4487,9.192,9.8052,-4.0826,1.178,-8.2496,1.2169,9.4925,0.6916,0.2312,-4.0466,-0.3696,-9.044,-8.9355,0.1164,4.0594,-5.7083,-6.4173,1.5012,9.0007,-0.6514,-0.3772,0.1732,-5.7092,-2.1842,5.6826,-9.668,-4.698,-9.4411,-2.4756,7.8089,-9.8464,4.4585,1.74,3.5254,-5.1675,3.9966,-8.6129,-2.9,9.4634,-2.9577,8.855,-7.7273,-2.0802,-2.1426,1.9796,-6.9354,3.3671,-5.9513,5.8261,-0.0045,-2.6725,-6.0515,-2.1828,-7.8039,6.9594,5.1025,9.8016,-9.7861,-6.7052,9.0943,7.7934,-5.5424,-6.4409,-6.3096,8.2773,-6.3849,-7.5704,-8.4001,0.7895,-2.041,2.1761,7.8947,0.8576,-4.7309,5.6496,3.7426,4.3242,-6.4005,6.773,-6.2944,-0.8462,3.5362,0.4095,-7.1318,9.7777,-0.6949,-4.3451,-0.2189,5.1923,5.8806,2.5184,-4.3243,-5.3657,8.5179,3.242,8.8305,2.0904,9.5137,1.6275,-8.8974,-8.3016,-9.3171,-2.7127,4.957,-3.8474,7.1433,-2.2185,6.2948,9.2829,6.4269,6.3915,-0.5351,-6.6415,-8.8952,-0.4809,-0.0637,5.707,5.1232,-7.3309,5.261,2.6404,1.7003,4.2971,-1.0608,-4.5497,6.9365,1.2009
6.9617,-4.6318,-0.0199,-3.4079,-5.8098,8.1996,-6.645,3.7716,1.1299,-5.4669,4.2921,3.4009,-9.8759,-4.1983,7.7953,7.9434,0.7909,8.7945,-0.0921,9.9137,-6.1845,-4.2011,-5.4965,9.7666,8.17,-1.8758,4.3649,6.6096,5.7278,-2.5946,0.8575,-4.4,-6.2738,4.9612,-7.9566,1.1398,4.3225,9.3561,4.5873,5.2417,2.669,-4.8517,5.0532,-4.5296,-8.3862,1.9805,-4.8252,-0.8783,4.9562,-0.3196,7.8686,6.5543,8.5158,3.3199,2.9219,-9.9714,0.1667,-7.1038,8.3413,-1.9417,4.9468,-0.2618,-0.1549,4.798,8.5205,-7.009,4.5814,2.1785,-1.656,0.7756,-9.4146,-0.5914,-7.9768,-0.6784,-3.1059,7.1568,4.3286,0.9344,7.1942,3.1165,-2.5037,-7.5481,4.8866,-0.1212,0.7943,-3.2341,3.1524,-5.9382,7.9744,-6.2993,-2.5657,-9.1417,-4.4624,-7.2161,-9.9626,-5.5101,-9.1479,1.1486,6.6081,5.5398,-7.3292,0.1621,2.4264,5.9541,-4.743,-3.4287,1.3487,1.6091,0.5389,-6.2937,-3.4557,-7.3216,1.7009,-5.2611,0.066,9.3504,8.247,-8.5177,-2.1861,-5.7369,-4.7693,-9.2949,-5.1089,1.4785,-2.6128,-6.5868,-1.9506,2.8921,5.0448,-5.8474,-7.9733,-1.0726,-4.521,9.036,9.6729,-3.4128,-7.1701,-5.8855,0.3857,6.9952,4.222,-6.6507,-5.2453,2.6977,-3.4599,4.6427,2.3222,0.8011,5.9925,-1.9611,1.6427,0.0625,-5.8569,5.1986,3.8107,-9.7848,1.664,1.6952,-3.4963,7.4221,9.5878,3.6862,9.6572,-0.9582,-5.8578,-0.5088,5.0594,-3.5513,-3.4583,-2.8295,-7.0773,4.7316,7.9213,9.8784,3.4068,6.567,8.7483,-5.2555,3.9208,2.2829,-3.4509,0.1439,8.2395,3.1511,-4.8997,8.3636,5.8287,4.1642,-7.8872,2.7626,-7.9636,-8.6662,-6.2508,4.655,-5.9329,2.705,9.3294,-2.3543,-5.57,-1.7784
-1.5378,1.835,7.8451,-9.7968,7.4577,3.6043,4.7011,6.0787,-1.2974,4.5599,-5.0789,9.1432,1.5248,-9.297,6.9222,-9.26,-4.0676,1.9151,-1.4281,-3.0131,-2.4735,1.2994,8.7392,-7.7091,0.1498,2.1373,9.1432,-5.8823,-7.6164,-3.1485,-2.227,0.2113,-7.4631,-2.2414,-3.2469,-8.2366,-0.1149,-5.5571,-7.1914,-3.1585,-0.0004,-9.5473,-8.4436,3.8202,-1.8513,1.1643,4.0743,-9.4467,-8.6589,-5.7907,9.8333,1.4861,1.2594,-9.2372,0.3657,5.8302,5.6852,-9.5769,8.7112,7.3406,5.9691,4.9794,1.9806,0.6999,-9.2308,0.8611,0.5014,7.7785,-4.0582,-1.2004,3.4855,9.689,2.1041,5.5344,7.799,-0.333,3.0451,-5.8042,-0.1746,-1.0464,0.2232,-6.7892,-0.4759,5.1377,5.3769,-4.3465,-8.3427,8.5421,-8.2989,-7.0724,4.6749,7.758,-8.0708,-6.5264,-7.5411,-3.5813,-0.3093,4.1512,7.2836,4.8291,-3.8962,-2.679,-6.9682,-4.5943,6.1599,-4.5967,0.3766,-9.2777,4.0464,9.6621,-1.3897,7.8667,-9.1852,3.9553,-0.75,7.2667,-7.2221,-5.115,-3.5024,3.917,4.8062,5.7564,4.2094,1.0523,9.0059,-4.473,-5.8561,-6.8681,-8.1488,-7.8485,-1.4958,-2.5099,8.2964,9.6321,-5.1251,2.7298,-8.3429,1.0009,-5.4665,9.6365,6.8956,1.1174,-6.0056,-1.6779,-1.446,-0.3339,2.0876,-8.9674,-2.4579,-0.1246,6.0487,6.5385,8.276,6.3919,-4.9217,-2.7894,4.7682,-6.7268,3.5664,2.0561,-7.3672,-9.6361,-5.3357,7.0807,1.7641,-9.1299,4.0356,9.3923,-5.8332,-1.1448,-6.2686,-0.9871,8.3553,3.1491,9.3787,-3.293,7.3945,7.698,-0.9496,2.7506,-3.478,0.9061,-8.8453,5.7123,-0.7723,-1.9129,-1.6528,4.9949,9.5089,-7.7047,-5.4988,7.9543,3.8977,1.9485,3.8784,-6.6054,-8.6957,3.0081,9.6484,3.5028
-3.2926,1.2824,5.0675,4.6526,5.2774,-7.6604,-9.1691,9.7042,5.6874,-4.2543,-5.2322,-7.6165,-8.7088,-7.4768,4.6814,-3.8134,-4.3982,-3.0081,-8.5901,-6.8208,5.9359,6.2265,-6.7952,-7.1937,-2.7305,1.8886,-6.1424,6.6302,0.1086,3.1866,-7.9174,3.7886,1.6394,4.7268,8.3029,-5.9169,9.8649,5.8092,2.3533,8.8897,6.7935,-6.4423,7.5518,-5.7306,-7.2783,9.8822,-5.8759,1.8334,-8.3225,-1.8086,-5.8637,-3.5411,-5.735,9.5538,6.0241,3.7034,4.9576,-6.4318,-7.312,-6.4716,5.7842,-0.5019,0.9832,-7.3523,6.3657,4.3156,7.4542,-6.7423,4.5374,-4.8872,0.8539,9.2091,-9.2654,1.384,-8.4502,-3.8597,1.6563,-6.3687,-7.2917,-8.127,-5.9638,7.3296,2.0667,5.7855,-2.0502,-4.509,1.1152,-4.511,-4.3409,8.7673,3.9874,-2.0341,2.0697,9.3216,-6.8675,-6.7939,-6.4413,-9.0194,3.2237,-9.6918,8.9742,6.5396,-9.2452,-8.9314,1.9385,-5.0273,1.9386,-6.6373,3.7464,-5.4979,-1.269,-9.5895,-5.6277,2.1506,7.8193,-6.1254,-2.6369,4.2721,9.7672,-8.837,8.2975,-3.0582,-4.6465,9.0513,7.9264,2.4457,0.9539,9.645,-0.7979,-3.2659,5.3733,5.3981,3.4054,5.2698,-2.0736,-4.527,0.9732,-3.2685,-1.6535,-0.088,-7.6482,2.6054,-2.7769,-9.6813,9.925,-2.0335,0.3436,-6.7983,0.589,-5.9921,0.5412,0.1394,-4.4393,4.9113,-9.6106,-0.7909,-3.7159,6.6386,-9.7398,2.288,1.9136,-4.4781,0.2123,-2.1624,-3.302,-0.9138,-4.9111,-7.2723,-8.9434,7.0115,-9.3243,7.2304,4.2141,6.9182,-9.5469,3.3912,-2.2063,8.6512,6.7546,9.0863,7.5716,-7.3167,-4.3778,5.4814,-9.9822,-1.6687,8.353,0.7437,-1.3057,7.8404,-2.5017,9.0186,-8.2058,-9.7489,-7.4584,2.1318,-9.1651,0.8054,-4.7766,-3.5465
8.5976,-6.9068,-1.3982,9.1947,9.1755,-3.7769,2.5444,-5.8173,1.1171,2.8802,-5.1751,4.4991,5.8869,6.6332,-7.0699,-6.6632,-0.2857,-7.8155,6.7327,-6.3363,-9.9768,1.3307,-9.0856,-7.5682,7.737,1.42,-4.0144,-5.5671,-4.6596,-9.9891,-4.1119,5.4598,-0.9474,2.1075,-3.076,-9.0585,-0.9979,9.182,7.2253,-2.0963,9.8149,2.6672,-8.864,0.9272,-1.9031,3.4407,3.1035,-0.7763,6.3731,1.8818,9.3299,-0.9307,-0.0662,4.151,-4.5431,-6.8614,5.8179,7.9375,-7.5356,-7.0762,9.588,-9.4005,0.2278,2.7641,-4.8033,5.4539,-9.8036,8.6944,-3.6467,-7.7748,-1.6653,-1.2191,9.7502,-1.6002,-1.048,-1.3117,-4.0406,-3.5805,-7.0373,-7.7004,1.2459,3.4096,-5.9449,4.8359,4.3077,-2.3955,7.2629,7.3516,-2.2787,8.3306,6.5353,6.9497,8.1052,-4.3238,-8.6559,2.3514,-7.2438,-0.0171,4.4325,-3.3581,-9.0811,2.3483,-7.7201,-9.2463,-3.9207,2.8391,-7.7838,-9.4879,4.5768,7.0238,1.151,-6.0555,9.6515,-6.304,-2.7866,-1.9468,2.4094,5.2853,4.5203,5.6319,7.8703,4.619,-7.4158,3.475,-4.4929,8.8165,-7.84,-8.1257,6.3442,-9.1209,2.4341,7.9362,-0.5008,-8.7402,-5.8741,-2.0773,9.6478,-5.5632,3.2545,-4.8533,3.9229,-5.2095,-4.453,3.1506,7.6881,-9.6358,4.177,3.503,-1.1053,-3.2364,5.2267,9.3456,1.4466,-4.288,-2.4155,3.8907,-1.5533,2.5562,7.5779,-3.5082,-7.4376,1.8507,4.5012,-2.947,-5.1161,0.163,-3.0332,-1.3306,-3.1816,-4.6449,7.5672,6.5403,-1.8564,2.2432,-0.5281,6.3056,-2.1252,9.2077,0.4729,-2.3923,-1.2518,-9.13,-2.9248,-2.5447,-1.3392,-8.8293,7.2242,-7.1234,7.8282,7.7696,0.4685,9.4375,-7.7482,-2.2485,1.2986,2.5226,-7.6649,-5.4984,-4.2931,6.5637
7.6589,-9.6527,-8.244,0.2176,6.634,-4.9771,-9.8468,-2.1657,-7.836,6.925,5.5532,2.1492,-8.7527,3.4611,2.2486,2.5404,-3.3079,4.3312,-9.8871,7.3885,-6.6724,9.6421,-6.1892,-6.9719,4.8859,2.9923,6.6488,-4.8929,-2.3395,-3.6275,8.3328,-7.5016,-4.0366,1.4461,2.17,-5.1631,9.2839,-0.0747,-1.8489,-0.1487,-2.2737,0.3182,-0.578,-0.1043,0.9039,6.0074,1.8408,-5.4795,-7.9041,1.8985,-9.1023,-0.4016,-4.3467,-5.1541,-1.1093,-2.9698,8.042,5.5192,5.55,-1.8682,-9.4162,1.8182,6.3343,-0.9844,5.1203,9.7329,7.9074,9.0655,-3.589,7.5501,-5.6317,4.8099,8.0503,5.693,-1.0749,8.6162,-4.3483,-9.1802,3.1843,-4.3954,-6.8828,5.3912,-8.4197,5.8984,-9.8817,5.4068,0.837,1.7033,-6.0504,4.2608,-2.6918,-2.9211,-7.8387,-6.9638,-5.9829,4.1085,-9.5564,7.9302,1.3568,-4.6364,-7.4955,1.2832,5.6043,0.7331,4.5848,8.6238,-8.8657,3.1717,-1.8137,0.9942,-3.1323,3.2705,2.085,-3.6352,-1.2784,-7.4456,4.5114,-8.2769,0.4595,-7.1776,7.0308,-0.8639,-8.6537,3.2691,1.7374,7.13,2.1572,-2.8293,5.9322,3.2536,-2.8883,-3.1763,7.1257,-5.488,8.0233,3.8029,-0.1474,-6.7932,3.2818,7.6887,-0.0901,-1.1816,-7.901,-9.4843,9.7334,5.3989,-7.9629,7.0788,2.6782,8.8223,5.5448,3.0446,-8.9921,6.9697,-6.0689,-6.0802,-3.8786,-4.1528,-8.6198,-3.1705,-2.028,-5.6588,1.5107,-8.6128,8.1746,-1.7007,3.1855,0.7877,-2.9159,-8.0283,3.4859,1.0872,4.3521,-7.8381,6.6826,-4.521,-7.2961,-9.171,-5.7333,1.874,5.7136,5.956,0.9058,7.1991,-6.5213,-7.4692,5.3958,-0.1298,6.9841,0.8525,-2.6867,-6.5855,4.6635,3.051,-0.0473,1.7273,-1.6279,9.1925,-3.3802,5.0705
4.2376,1.7837,-2.3033,6.6609,8.1136,-6.7614,1.0414,-1.5298,7.381,-6.0194,-5.5613,-2.0729,1.5534,-3.7773,0.5865,8.0125,0.2994,-0.3533,0.914,1.9782,-4.8127,8.3291,8.8532,4.3953,4.0958,-8.0332,8.1225,7.8644,2.3249,-6.202,-3.4697,-9.8411,-8.8677,4.6638,8.5312,-9.9022,-3.3103,-4.3303,0.408,6.8811,-3.4019,-2.8195,9.6006,9.0825,-1.0767,-6.1596,-1.4048,-6.7314,-9.8928,-8.4608,-7.9414,1.9157,-3.3639,8.4808,8.9879,7.4297,3.3667,-9.8725,8.2544,-4.9833,3.7811,-6.7951,9.3399,4.5411,1.8585,3.5955,2.7701,-3.3332,-9.1637,1.288,2.7808,5.0123,8.6224,-3.2875,9.8686,1.221,-9.3389,-0.8375,-1.7742,-7.7298,-6.2101,-4.9916,-4.8387,0.6759,-3.8467,-2.0477,-8.0732,0.2301,8.1658,1.1234,7.1703,-0.3088,3.8009,4.946,6.8637,7.0696,4.0062,-2.2236,-6.0622,-5.9354,8.9732,-1.7234,-8.3112,-8.8241,9.6866,6.3845,-2.994,-5.3099,6.5453,1.5034,-7.6678,7.4491,4.889,-4.6237,7.8803,-0.2458,6.5389,5.519,4.5134,7.8727,5.9977,6.9932,-9.4632,-7.2187,-5.9358,5.3792,0.7985,-4.2121,-7.2668,-3.2918,6.3771,-9.8595,-1.2292,-9.8903,-4.3176,-7.3236,-9.0742,0.6375,4.6019,-6.7003,9.5589,1.8668,3.0344,-1.8143,4.5798,-9.869,-9.11,-7.3842,0.7841,9.9149,-0.0279,-3.5351,-7.1387,3.4425,-9.2042,9.8034,9.6406,3.9402,2.9759,3.5023,5.6287,-1.604,-9.0487,6.2452,-6.7611,-1.3648,-8.7837,-9.08,4.9831,9.1828,-2.0989,-7.7974,2.8658,-4.1814,-7.3402,6.9881,8.3516,-3.1038,7.6992,1.7936,-1.0624,-1.8624,-7.7852,1.8995,-7.9243,2.5907,4.2147,-8.5522,-2.7284,-1.9148,9.6111,3.1688,9.8031,-2.5872,8.326,6.6218,-5.5961,-4.8199,6.919,-5.2681
6.5363,3.9198,2.5945,-3.4369,-7.538,-7.9462,2.9363,9.6984,6.3762,4.7201,7.9762,-6.254,-6.9954,2.3678,-7.1303,-6.5001,5.9582,-6.6969,8.1635,8.7191,-6.9019,-3.0561,-1.4727,9.6241,-2.1899,3.9095,6.4647,-3.4135,-6.7366,5.3492,-8.159,4.9845,-2.7048,6.0493,-1.0311,6.8898,-8.0544,-6.3542,-3.3753,-6.6757,7.4711,-7.1966,-6.7544,-0.5161,-5.14,9.1428,4.5569,-9.7015,7.7284,-9.9553,9.6541,3.9381,0.9117,-0.9771,-5.1383,-4.5271,7.8871,-5.2898,-4.1926,8.0245,-3.4289,5.8867,3.2336,1.0005,4.5348,-7.5642,-0.4229,-7.4884,0.7867,-6.9095,5.5545,-3.4108,3.0695,-5.6503,-9.2351,2.0013,2.3314,2.5315,-4.4685,3.4889,7.7739,3.792,7.4363,-5.2043,0.8955,1.871,1.4559,1.8938,-2.964,-0.1786,-6.1407,-8.5824,4.8633,8.8802,-6.5857,2.5444,9.114,-6.6411,-4.2372,8.8125,1.2841,8.8957,-9.3789,9.3183,-8.2531,-7.982,-3.0775,-1.6179,-1.1987,2.7026,5.2399,-2.511,5.2312,-3.605,-1.551,-0.9664,8.4978,5.8154,9.8943,-5.2219,-2.0974,0.7771,-1.9498,-3.8289,-1.1573,6.7781,6.6515,6.8718,-6.9467,-1.9169,-5.3009,-8.9835,-5.8008,-9.6312,-1.3878,7.8978,-2.4965,3.5714,4.8633,4.0241,0.3187,0.917,7.7877,6.4388,2.5075,4.3691,0.4164,3.0323,-9.3846,7.5648,1.8796,7.3024,-8.6926,-9.0364,7.8469,3.4162,-1.0563,9.8165,9.7079,-9.0215,-6.9744,-9.7597,-9.4721,1.2968,6.1095,-9.9903,1.0767,-5.665,-5.6809,7.8367,-2.901,-6.3074,-2.9522,-5.9992,-4.8116,-0.3978,-2.2876,-6.8309,5.7236,-5.3144,-2.2371,9.2601,-9.1519,-4.6957,5.6437,0.3353,1.5449,-9.0445,-1.6154,-2.2274,8.4305,1.0694,3.6154,3.8437,4.0512,-6.631,-2.0117,0.4258,8.4269,-3.1687
0.9187,9.1045,0.1069,3.4358,-1.9344,-7.4185,-3.3609,-6.3948,-5.1916,-6.9821,-0.4076,-5.6588,-9.7483,1.8717,4.257,6.8185,-4.3589,5.2703,-3.0402,-6.6162,4.7316,3.2024,9.2901,7.1805,-5.48,-3.2596,4.7537,-6.6938,-9.9285,-1.3474,9.2443,-1.9167,-8.4289,-7.4221,9.1676,-1.1134,5.2771,-4.8375,2.1631,5.5928,-7.5044,-7.142,1.0652,-1.85,1.0415,4.2964,5.8627,-9.7297,-2.756,-4.9944,5.4336,2.0888,-3.698,-0.7223,2.9514,-7.9687,1.1947,-1.3374,9.092,-8.3007,-4.3845,-9.1374,1.2213,0.1996,-3.3917,7.0042,4.6287,2.0431,-7.0701,-7.3958,7.8246,-5.2262,1.1033,-4.2401,9.881,9.6261,-6.9292,-1.0575,-5.7698,-6.7112,6.0164,9.7326,-4.9949,3.7115,8.3891,6.8404,7.7363,3.8076,3.2839,-3.6595,-5.6342,0.5039,4.8823,-1.6182,-6.9477,0.6111,0.6311,1.9328,-6.1678,1.8839,-0.9265,-8.0292,5.3554,-7.4754,-8.1325,4.2887,1.3235,-2.9699,0.8383,-9.69,3.46,5.2514,-7.8337,-7.9885,-2.5214,7.0945,-9.127,3.6552,-1.7276,8.2822,2.4611,4.2684,-9.5514,-4.5038,-9.1052,4.5644,4.1736,-0.2911,3.0871,-2.2192,-7.6227,-6.8192,3.6801,-7.4498,-7.5222,-9.0142,5.9673,-5.3857,2.7423,-6.5723,-9.485,-0.2727,-2.5953,-4.2931,-3.5929,3.4806,0.7322,-4.0167,-9.4416,-0.5111,-8.9403,8.6414,7.4627,-0.3326,-4.6498,-7.5678,-9.7936,3.7468,-3.8887,-6.3601,-4.0339,-5.2717,0.7795,6.6095,6.6082,-9.7705,6.6222,3.1067,2.0779,-1.1378,4.4508,-1.2091,-6.1668,6.0169,-0.6702,6.9797,8.6822,-5.2758,0.2993,9.9636,0.7606,8.4104,0.1513,4.5569,0.5019,-1.5409,1.2047,-9.9197,-0.7184,3.3824,-9.8566,-3.6117,-7.0155,0.9234,-6.8126,-6.6191,6.5664,-0.3266,6.6385,-7.0039
3.6656,4.2253,9.3865,-6.852,-2.6954,0.1125,5.3226,9.2387,-7.6917,-3.1325,-1.3624,9.2033,9.8981,9.6068,-2.7243,8.4701,-5.3126,2.0689,-6.8011,3.436,-9.1056,-9.3862,-7.999,-9.355,-5.6555,-6.5003,-7.422,-1.5856,3.6525,7.3974,9.6523,-2.9192,-5.6573,-3.5807,-0.5501,9.6629,-3.9587,-9.5351,-6.7712,5.8608,-9.5776,3.705,-1.7219,7.0583,-8.0378,-7.3369,-5.5566,7.0913,9.4509,0.9577,3.8703,-8.8094,9.4731,1.9197,5.0811,6.9523,5.1983,-2.6674,-6.7242,4.2968,7.8307,1.3181,-5.5521,1.5757,-4.2737,-4.4521,-4.2612,-1.7762,-7.5047,-9.1241,7.5557,-8.4349,-3.2427,6.5675,-1.0573,-2.4407,5.3152,-1.7356,7.9139,2.5864,-5.5289,9.8769,2.9001,0.7088,-4.1836,2.1035,4.9547,-4.7326,-2.6571,-4.8026,2.3923,5.3205,-3.5289,-6.5796,5.9311,1.2035,-4.4657,-0.5248,-8.9677,-4.2596,-3.2459,-7.8011,0.8287,-4.1976,-4.575,-4.6174,2.7651,-8.1297,-9.3727,-5.2147,-4.8546,-9.1314,-4.2807,9.763,-4.1802,3.0584,-0.5543,1.102,3.1687,4.3709,-3.0578,-2.0961,0.5395,-2.1721,-7.189,-7.0211,-6.9295,3.2837,7.2909,-8.6418,8.8871,1.6212,-0.7667,7.9095,-1.3782,8.7682,-7.1137,-4.8315,5.1786,-7.3704,-4.1727,3.7983,-2.66,2.2865,7.0511,-0.8599,-4.339,-7.2645,7.4381,1.039,-6.6892,7.2858,9.2531,4.3279,7.3275,2.5649,-3.9017,-1.994,5.3992,-5.9762,1.6409,-6.5321,7.9478,-8.9564,2.3004,4.8011,9.9712,9.4983,6.4699,9.1591,-9.5494,6.169,2.5036,-5.0286,-8.582,-6.8133,7.947,3.0505,2.1024,7.7948,3.8562,4.4512,-5.6692,-4.605,9.3652,-2.9921,3.6495,1.764,-4.5478,8.8385,-9.8837,-2.5923,5.2763,7.877,-9.9803,6.8993,3.62,-2.2768,-8.9988,-0.8378
6.4828,7.6416,-8.7388,-1.2094,7.8211,1.0974,-8.3498,-8.6415,-2.0883,9.3141,8.1445,-4.2119,8.3073,-5.5224,-1.3373,2.8415,8.5388,-9.2036,-0.0803,6.3291,7.4981,-1.6568,6.5833,7.6977,9.1598,-9.5183,8.5785,0.9318,4.5521,0.2978,4.6054,1.8075,-7.6758,-3.2936,-7.9672,2.9705,-4.9786,9.7708,-1.6,7.8445,7.296,7.0981,-5.381,7.7812,-6.1129,-8.7449,7.4635,5.8901,-0.5306,3.396,6.6782,-9.4092,-4.3438,-0.9019,0.4774,8.1862,-1.2411,0.9367,-9.9127,-7.7203,-6.8754,-4.6273,1.2071,7.4402,-7.6008,-1.6096,-1.1309,0.4085,5.7867,-4.5337,-6.0236,-8.7209,6.8951,4.3018,5.6195,2.233,0.0015,-5.3489,7.6087,-3.0289,4.708,-6.397,-3.5355,-8.3869,-8.327,8.8517,-2.4513,4.1941,9.0912,6.2536,-5.6777,3.7123,8.8561,1.9298,-0.2612,1.8797,7.8902,-1.3155,3.4064,0.8141,-1.4367,-9.438,-2.0447,8.2653,9.918,-0.8678,-4.5396,-3.1895,-6.8538,3.4766,-9.7333,-6.227,3.0304,6.9905,-7.6106,-1.9383,3.0435,6.2684,-0.9852,5.5022,2.5146,-5.7831,0.5607,1.1926,-5.4714,-1.5936,-6.9186,7.8473,-7.8196,-4.413,0.9731,-3.0416,-0.3708,-0.9433,5.8421,6.0186,4.1483,6.0221,4.7879,-2.8801,-0.7908,4.1005,7.5178,-6.6714,-3.0676,-7.504,-5.9717,2.8491,-1.761,-4.0724,-9.5419,6.4662,8.6739,2.7415,-7.3581,4.0522,-0.47,-8.7022,0.474,9.6299,0.1863,-8.8731,-7.8528,0.5825,1.398,-6.0202,1.2074,-3.9907,6.5846,7.6887,-1.2515,-0.853,-9.4105,-3.8489,-0.3328,-0.9748,7.7807,7.1264,5.2352,7.3611,4.1199,8.5792,6.1569,4.0759,0.8118,0.7758,0.2761,1.7591,0.1658,-2.7033,-4.2734,7.3939,2.0319,-9.7701,1.57,3.0815,-5.1869,4.9789,0.9976,-5.7524
5.8471,-4.4499,5.3326,-0.4999,-8.3227,5.765,5.855,7.6157,-4.4133,4.2234,9.1741,-3.4948,-8.2178,7.2779,-9.6235,-4.5609,-9.1269,2.9028,6.2442,6.9552,1.9573,8.8539,-9.2045,0.7471,3.355,2.6805,-5.0265,-4.2001,-5.287,4.8034,9.3988,5.8103,4.5477,-2.8362,-5.774,-4.7998,-8.6042,-0.4764,-2.41,-2.0307,6.5927,-8.7966,-9.2328,9.5209,-5.399,2.2002,-4.1336,6.1751,-5.7469,5.7064,8.9447,9.6991,7.8662,8.718,3.1006,7.8185,-2.5967,5.7934,8.8465,-7.8256,3.9227,-2.3571,7.3033,-4.2501,-8.4216,-5.2029,3.3912,-5.7757,3.187,3.8117,-7.0225,1.1011,-7.2662,4.7885,8.208,6.0239,-9.689,-2.9013,-9.9565,1.5894,8.9685,3.1885,-4.737,8.8629,3.5403,-0.1152,-9.0597,-4.5842,5.9535,3.1958,2.0994,3.4013,1.5554,-3.439,5.8964,-1.4491,1.3263,0.9313,-0.2759,-3.8804,-2.85,2.6537,-4.6512,-4.1256,-2.0671,-7.5239,-9.4563,-3.4078,1.4695,8.0792,5.7545,-4.6195,-8.9752,-1.9203,0.2184,-7.4598,-4.8367,2.417,6.1236,5.7253,0.1783,1.8813,9.2536,2.0305,2.3771,4.8514,-5.82,7.33,9.3583,-0.4769,-1.104,6.7104,-5.5893,8.3791,8.3352,1.1277,0.6746,-4.6534,0.8371,1.4883,-7.295,-2.6327,-5.5904,-4.5508,3.6713,5.373,-5.2778,-1.2087,4.507,-8.8935,-4.0762,-4.6889,-8.0823,-3.3739,8.4075,1.4372,7.7914,-2.7277,-6.1202,7.5446,-6.7452,-3.5408,6.6254,-2.6052,1.5413,3.8242,6.2338,-7.9599,5.0507,9.601,8.1732,-3.1407,-2.9467,7.9964,-3.5794,-5.6508,-3.1361,2.8575,1.7489,-7.1985,-1.002,4.6976,0.1294,6.3614,-8.7932,4.6498,-1.6178,9.5965,-1.6579,-5.5996,6.7031,-1.8841,4.5579,-0.6668,6.1591,1.1823,3.3165,-0.794,-7.3775,-5.903
-3.428,9.8335,-5.3489,4.551,-7.1794,-1.5644,9.3326,4.3725,7.6556,-5.406,0.5763,-2.6991,-0.2767,-7.1254,-2.3044,-9.8226,7.4047,3.5313,9.5762,-8.7787,8.3289,-0.6373,9.7655,-0.6286,-7.9867,8.3172,6.035,0.7509,-1.6429,1.6147,1.1541,-9.9617,9.9535,-1.4798,-6.9501,-4.5534,-5.0762,-7.8069,0.5743,-2.4391,8.5563,-1.5149,2.4701,8.682,2.2713,-4.0806,-8.4983,7.0497,-5.1018,-9.1623,-7.132,0.5617,-9.9085,-2.0208,0.9361,-4.1488,1.1001,0.9249,1.8259,-6.0625,-9.9857,0.0792,-6.9032,9.8663,-2.3714,9.0677,8.1989,-0.0433,-2.6201,7.5059,-4.5387,1.4077,-7.3448,-3.0233,5.0386,-7.6384,2.9282,5.5337,-7.5347,-0.466,9.6341,4.8547,9.1026,-9.014,-3.1144,0.6417,-6.526,5.123,-1.127,-3.2382,2.9942,-6.0863,-2.4714,3.7936,-1.4135,2.7219,-8.0216,0.7007,3.2131,3.0457,9.0335,-5.7405,-7.0642,-0.0532,2.491,-4.0125,4.5217,-6.999,-4.0247,-5.2468,-0.191,5.8278,2.5779,0.9209,0.3109,-8.473,-6.9488,8.7718,7.1889,-4.531,5.3817,4.6068,4.5484,8.8921,-4.6488,9.6971,-3.1632,1.8507,-5.8531,-1.3679,-8.5597,2.4284,5.5442,7.0221,3.7706,-7.119,7.8961,-6.7186,-9.3181,-8.5263,-1.5957,-7.0049,-1.2758,0.6747,8.9736,-8.1015,-3.1603,-0.9117,-8.8166,5.7383,6.0486,-5.4854,4.0866,3.5463,-8.2979,9.3608,8.7356,8.8117,-2.7295,9.2366,-1.3733,-7.9508,-3.9178,-8.9913,-2.1397,-0.2274,0.254,-3.9901,3.3375,1.0598,-0.8962,-9.7728,6.6233,-8.54,-0.6334,-2.1883,-7.8716,2.689,8.8123,-5.5136,5.8485,2.3022,-5.4454,9.2962,7.7982,3.0326,9.1982,-6.9466,5.0764,-8.4584,-2.7054,1.1179,-5.1476,4.2049,6.733,6.0648,6.8924,-0.6199,-0.9984,-8.4822
4.2579,7.8145,-3.3694,-5.7885,9.028,3.2861,-5.3103,-4.9448,7.3353,0.1543,-7.4377,6.3784,-1.7305,-5.4453,5.55,-8.902,-7.0429,5.8952,5.1484,-5.7159,-9.6856,8.1709,-7.8057,-4.4902,5.1579,6.4543,9.4122,9.1633,-1.6409,1.4796,9.5054,7.5905,1.3142,-5.3165,-7.7785,0.4929,-0.3443,2.7606,-0.3469,9.2558,-5.2473,-8.4989,7.3328,2.8881,3.2931,-3.774,-3.6228,-9.8455,0.8511,-7.0028,-5.2005,-3.6124,9.5014,-0.5523,-4.1148,5.7286,-6.0935,-7.9363,-7.9334,1.4355,6.771,4.5831,5.7777,6.0677,3.5713,-0.7097,-2.4359,3.7502,-5.3235,-0.4246,9.1866,8.2726,5.3532,-4.3967,-6.2696,-2.2065,-6.5873,-2.7806,7.1483,7.8389,-5.6426,-5.885,1.2318,7.28,4.4585,5.3575,-7.6094,-3.6986,-4.1284,-5.2631,8.6932,-9.4911,-8.6668,-8.8339,-8.511,-7.0463,5.7877,-5.7965,-0.6433,-0.9013,3.5407,-6.379,9.4719,1.2164,3.1326,-6.1729,-9.8074,5.8462,0.3136,6.7848,7.8177,6.4676,7.4496,-0.6671,1.7196,3.6995,8.8814,9.859,-9.4143,8.2183,-7.3755,0.1274,-6.8635,5.8594,7.8243,-1.9189,-5.0716,-4.3967,-1.0001,-8.6961,9.3558,4.8018,-9.7913,9.4365,-6.6689,-9.1479,4.131,3.5486,-7.2696,-6.5655,-3.6047,3.6498,-4.9681,-2.8693,-2.2796,-4.2557,-8.6096,1.6675,-9.5031,-5.2299,0.6417,2.7699,-3.9079,7.4961,5.1427,8.8106,7.9099,2.0494,1.1396,-7.9983,-0.2497,0.3866,1.6734,-1.0117,3.7165,-9.7975,8.729,7.923,0.4941,-7.2247,7.5812,9.8599,1.5219,6.4751,8.5073,2.7054,3.3637,3.0189,-5.9254,-1.5899,1.1458,-5.7704,-2.1244,-5.1965,-3.7262,6.0572,-6.1279,9.4272,3.6863,3.15,-2.2898,3.8061,-8.2831,-7.0923,-1.9399,-4.5012,-6.6023,-1.5984,6.8411,0.3401
1.6191,-9.9489,4.9725,-4.6229,-5.6284,-9.9202,8.3672,-5.7384,-1.5636,4.4239,3.6845,-4.8731,3.2631,-5.6229,-7.4521,8.2346,4.0581,-8.0317,-3.4915,-6.7173,4.6244,8.3269,-1.0227,8.0976,0.9919,0.831,-2.3051,-4.6045,6.5944,7.9856,3.846,8.849,-1.1597,-5.5981,0.8619,-7.9936,0.0953,-9.8517,-4.6769,2.8927,-1.1712,1.1685,-0.9029,-9.8459,6.0781,4.6061,-1.8726,4.4654,2.6044,-0.7626,-0.7,2.8667,-4.0672,7.1917,9.9803,7.0911,1.0002,1.859,-0.8782,5.2212,9.7988,-7.6308,-9.5914,-3.6602,0.9096,5.515,3.8106,-5.0459,-9.6626,-7.5433,-6.0087,0.5179,-1.4374,3.8643,-9.9105,-8.3256,-7.1649,-9.8511,1.5988,6.9803,8.7028,2.9357,-3.0876,-5.7524,-8.2417,3.5428,9.2478,-4.1995,6.5549,5.4346,-8.5217,-9.7503,-5.8222,5.3034,-9.1997,-6.7264,-0.2993,2.7193,1.222,5.1796,-3.8076,-2.9825,9.8299,-6.4076,9.4125,-1.436,-4.2978,7.5832,3.5083,2.7408,-8.1846,-5.0326,1.3088,-1.6747,1.4812,4.8358,3.1237,-6.2555,-4.6907,-4.0202,7.949,4.2157,-3.3157,1.866,-9.9737,7.0301,-1.3561,-4.2359,7.9018,-3.6126,-0.8953,7.5715,-9.1822,-2.0123,-9.5696,3.6601,-6.0905,9.4642,3.7013,5.6174,1.4938,4.7063,-3.0085,-4.9582,-0.6797,-3.8888,-1.8294,-2.1786,-0.2309,2.2614,7.129,6.8023,8.4871,5.7142,-3.8844,-5.9178,5.7764,-5.9962,8.5701,5.6504,-1.7086,1.3657,6.9727,8.9355,0.8038,-8.3155,8.8392,-2.788,-3.7379,7.6836,-8.1403,-8.2812,-6.305,1.2548,9.9044,8.847,-7.5084,-7.2996,7.0361,3.3634,-1.5453,-3.0766,5.3581,-7.3033,-4.5459,6.2202,8.9087,6.2348,-1.341,9.1719,-9.948,6.8844,1.1787,3.3988,-3.5838,9.208,8.7111,-1.3321,0.7039,4.3726
-2.8492,-2.8701,-0.456,-9.2583,2.8105,2.1676,8.7586,8.9897,2.2484,-3.293,6.1276,-5.3478,9.1838,4.2255,-3.5534,7.5133,-0.3976,8.5753,-1.4226,5.7023,-6.565,-1.9562,1.9736,9.5597,-2.6987,0.3753,6.5371,5.3261,1.5319,4.6172,9.4036,4.3828,3.7691,7.6195,-7.2445,7.3067,6.0027,0.0021,-0.543,-1.0648,6.6144,1.7013,-2.9155,-6.6551,-4.5241,-5.8329,3.5218,3.2599,-2.8488,2.9147,-8.2703,-8.9315,3.499,-3.0859,2.5022,0.1821,-5.1795,-5.4805,-8.0203,-8.5361,6.3889,5.0472,8.2904,8.6422,-6.6458,-6.0108,9.3329,1.2068,6.631,-9.6293,-1.3142,-9.654,7.457,-6.9813,-7.334,4.7394,-5.1573,8.2904,-6.7952,-7.4177,6.8445,7.457,3.3389,-8.1874,-3.2898,-1.5913,7.4286,-8.9262,5.7153,7.7452,-2.5189,6.8743,-7.628,8.0297,0.6007,-1.4004,0.6303,-2.9663,0.0623,-8.2854,-6.2231,1.0149,8.9939,-1.5612,3.1656,3.5414,4.3366,2.8219,2.2087,7.1431,6.2141,-7.4435,8.701,1.1487,-9.7398,-4.2672,-1.859,2.3272,-8.0976,9.8468,-2.5623,-2.0416,8.2315,-6.2495,4.5423,-5.6314,8.0656,-2.2772,-8.8882,1.7156,1.5613,4.6672,-3.9713,-1.9171,2.7627,-9.2594,-7.3054,5.1162,1.0618,2.5069,-4.75,0.6684,-9.2925,7.636,7.7182,4.9008,7.1466,-6.4447,7.3032,-3.6095,-7.7871,-8.6582,-6.6262,5.2306,-1.6274,7.778,3.6485,6.7052,-6.5818,8.3595,-0.4727,-5.303,9.5992,8.2522,-9.6645,7.8239,-8.5609,-9.5671,7.1258,-8.119,-3.8356,3.08,-3.61,-7.3141,-0.1411,-2.6112,-3.0054,9.2574,9.2426,-8.267,0.8752,-8.6635,3.5761,-4.4631,9.592,-8.2981,2.3617,-0.1377,7.7489,-4.6337,-9.088,8.7624,6.9624,-3.0536,-1.2804,-3.9469,-3.6625,-8.477,-3.5657,-3.5678
-0.8334,7.5902,1.6699,4.4148,4.8775,-7.815,4.6285,8.2829,7.5665,-1.0432,-3.9912,-8.6516,7.0865,-9.609,7.9765,-4.4284,-8.3612,2.5882,8.5139,7.4757,-1.4553,-7.0907,-6.6299,7.7742,6.805,2.6519,6.7137,7.9621,-9.4233,7.3232,4.8116,-9.6495,-8.7996,-2.9988,6.7052,3.3293,2.8048,-3.8374,-0.9212,5.8433,4.7579,-6.3028,9.7994,4.3326,3.4068,8.6937,-4.8006,0.1775,-2.0749,4.5191,4.1261,3.2632,8.5514,8.9353,1.0274,-2.8371,3.2034,5.6078,-1.2394,-3.746,5.1057,-1.2889,3.6211,0.8242,9.1137,1.0184,-7.4369,4.799,-5.0798,9.9256,0.9848,-1.4804,1.015,-6.9637,-1.1112,-4.055,7.3077,-5.9946,5.4262,5.179,1.697,-0.5195,7.6168,-4.1622,-7.0803,8.7462,-7.7306,6.2339,-1.2697,4.6392,4.2866,2.7085,-6.3535,-0.5402,-1.5819,1.5139,-8.4969,-1.5461,4.6413,3.487,9.5558,5.1846,4.8791,7.7599,-3.9148,-3.3016,4.0642,-6.2261,-9.8818,7.8931,-4.6794,9.9958,-4.5082,3.5654,5.2858,4.9944,-9.4325,8.2919,6.2458,7.5792,-1.4149,-8.4948,0.6494,4.8259,-5.0413,1.4328,2.4521,7.0774,8.0136,7.0146,1.1957,5.0637,1.5372,8.5182,4.9231,-5.0585,-1.1086,6.2232,-2.4475,8.0739,4.856,7.3283,6.5561,-7.5548,-9.0134,4.7759,1.1829,-5.1072,-2.6971,2.403,-8.2405,-3.0499,8.8898,-1.4105,3.5318,-4.6769,-2.0879,4.4618,-5.7882,7.4409,-9.3686,-4.5981,7.9489,0.1035,1.1413,-2.5702,3.0164,-3.7921,3.5587,-6.0958,5.8545,-9.6345,6.8258,0.5476,-1.2261,-9.6362,7.9235,-5.7019,2.1334,-1.719,3.0328,4.343,-5.0816,4.2267,-8.9126,-9.9544,4.4796,6.669,-1.6256,8.3152,-0.1374,9.2619,9.9223,-0.4566,4.7275,-6.9207,-1.0894,-0.0043,0.8331,6.5095
2.4224,-4.9065,-6.5777,5.5539,-7.281,-5.6152,5.7835,-6.2524,-2.3661,-9.7927,7.6373,3.279,-0.8401,1.7176,-2.0138,7.3822,-8.0417,-7.2534,7.9729,6.0289,2.8559,5.7017,5.1309,-2.4426,5.8987,-5.7305,-2.5151,-3.5249,2.2536,-9.304,8.7498,4.4094,-0.4466,-4.0797,6.4346,6.3395,-2.2801,2.4296,6.0198,-2.7619,-7.8935,8.7127,-7.6389,-0.1111,2.9178,-1.0006,7.5641,-1.4204,8.8941,-4.8126,-3.6871,5.2788,-9.3663,5.0248,6.435,3.8347,5.5533,-1.1904,1.62,-3.9357,9.2009,2.9957,-8.856,6.7168,1.9932,-7.5883,-1.5891,-9.6298,0.3375,-4.97,7.7861,-1.1457,-0.4609,3.1651,-5.958,3.0333,6.7402,-4.5182,-4.1944,-9.8915,0.8985,5.1955,1.8213,-8.8217,0.9566,8.7172,-8.5815,7.3347,-6.6075,7.0255,-1.3489,-0.2481,-9.6624,-8.5951,8.215,-7.4323,4.2234,-9.202,8.8135,-6.2344,-5.3001,6.3108,-1.171,-3.9181,-4.3604,-9.6293,0.989,-9.8952,0.9478,4.6447,2.9142,1.2571,-4.5753,5.3025,-5.0929,7.8121,5.2013,-1.2316,-4.8544,5.4111,-4.3426,-3.7787,4.685,-9.3432,-1.6524,-8.2291,-3.3057,-6.1834,9.5661,8.592,-0.9455,-6.0424,6.7211,1.4285,-4.9557,2.2149,7.9269,-2.5066,8.293,9.217,3.2967,-9.047,-2.6244,-0.7916,-9.4683,-6.692,7.7266,-7.8663,2.4477,-3.9186,-2.6941,-8.4395,3.1686,-6.2625,0.854,7.9862,-3.9947,-3.5165,-3.8224,6.9184,0.2749,9.7363,-8.383,3.4046,7.7063,2.1664,-1.3743,-9.086,4.0901,0.1642,-0.6917,2.6112,5.8022,8.9252,-3.5686,4.9847,-9.3538,9.646,1.5792,-3.8718,2.1024,2.3873,-9.0865,6.1037,2.7092,-6.5168,-8.0528,-4.4094,-7.8165,-5.9941,-0.1437,-1.2533,-2.1,-9.2546,5.2765,6.458,-4.0917,9.1522,-3.0427,-0.6284
-3.4708,-8.278,5.4066,8.5083,-6.7037,1.6853,4.9726,-0.4267,5.3482,9.6331,-7.1322,5.2842,-3.7823,3.6576,9.7678,-2.1543,8.1733,-1.5725,2.9162,-1.9802,2.6902,-6.0469,6.7258,-6.3915,-2.5591,7.7196,-2.2095,7.205,-6.9763,5.4103,0.5223,1.1689,8.5187,-7.6348,-6.3169,-1.4194,-9.7959,-5.8863,4.7407,-6.6231,-2.962,1.4173,7.1175,4.0019,0.1458,-0.316,7.0752,-6.4007,3.3874,-4.8514,1.5878,-0.1453,9.2733,3.4757,-4.7073,7.3092,5.4417,-6.5098,8.4065,7.8378,-0.6468,9.9375,6.8735,-9.8343,9.5401,-5.0251,-5.6917,-1.6051,-5.3548,-0.9308,1.5201,7.0314,1.0034,7.9346,-3.2124,4.2627,1.6342,9.8049,-8.294,-5.6583,-7.7379,-1.3459,1.1368,0.4848,-2.7738,-1.5474,-1.2573,-4.3155,-8.7922,8.3755,-4.7863,-9.3144,4.3925,5.7388,7.1909,2.2796,8.6457,-4.9904,-3.2572,7.9454,-5.0303,7.9432,-7.5491,2.5985,-1.7685,-4.4796,-8.0013,-4.572,4.9552,-5.5731,-5.4005,0.4811,-1.6866,-5.3157,9.975,-0.1356,-7.4094,3.4078,7.0802,-1.1945,3.0743,7.1883,-2.4539,-3.2618,1.7876,-2.7084,9.5305,2.5108,8.0647,-4.9919,1.2415,-2.0224,7.779,3.5075,0.7127,8.5309,5.5395,6.8082,4.9454,8.7687,2.5541,1.4439,-5.7997,-3.4196,0.4993,-8.6211,0.2141,4.734,4.8531,-6.9469,-5.8668,-4.5472,-6.8667,-5.1777,-6.633,7.324,9.2562,-6.8753,4.5883,-6.906,5.42,-8.3152,1.8528,-1.9053,-2.8009,-6.6988,-5.1586,8.2952,-3.5472,-7.4718,-2.2518,6.339,0.5299,3.2867,2.005,-5.5254,-1.1124,-9.8805,1.4873,2.6414,-1.6805,5.8956,-8.3673,-1.8651,-9.489,6.0946,-2.5703,2.4879,9.9634,3.8242,-9.9493,-6.8473,-5.3822,2.919,4.2731,-9.8049,-5.7086,-0.6226,-4.6572,-3.0136
-3.2671,5.1771,9.126,-7.0342,-2.5321,-1.9603,-4.3403,-9.9666,5.357,-2.0877,-5.7695,-6.7161,-3.8214,5.0292,5.7171,-5.186,5.4514,-5.7877,8.4745,6.0293,8.5452,9.7904,5.4114,-8.4628,5.0664,9.4845,-7.7051,0.324,8.3883,-0.9732,1.28,2.5834,7.0801,5.566,3.9321,9.9645,-0.24,6.545,6.2538,-9.6634,2.5285,2.7877,-3.8416,-6.9771,-1.8252,5.0815,-1.9453,0.5399,-9.9685,7.1044,-3.5749,-8.9748,4.0639,2.6006,-9.4227,0.6036,-2.8172,-1.8821,3.9236,-8.8805,2.6462,-3.5509,-8.3007,8.9694,4.8259,9.5483,5.6127,4.0525,-7.6326,5.9668,-2.0751,-9.173,-2.5847,2.0821,9.2277,6.7549,-6.6394,9.4954,0.3709,-8.7929,9.0368,-9.9982,7.1204,7.9722,-5.7698,-7.4826,9.4939,-6.38,-2.6277,4.4135,-2.5308,8.491,-2.3521,-6.0433,7.403,-6.1184,3.9747,-1.0732,-8.9613,6.4259,6.5655,1.8572,6.3316,-4.243,-1.3284,1.1405,5.0744,4.3349,7.6777,5.1035,-3.6659,-5.0759,-3.6542,3.581,-7.4859,-3.6232,0.1712,-5.4231,9.425,-4.4973,-5.4859,-1.8477,-0.9144,8.8117,-1.7343,-9.8164,-3.8983,9.6277,3.6379,7.2266,6.2955,8.8488,8.575,-4.6373,6.3993,-5.0368,-0.3535,0.0517,-2.5256,-1.551,6.5523,-9.5617,8.511,1.7372,-2.0114,-2.0126,-0.0982,1.858,6.0584,2.403,7.7204,-9.8468,8.6875,4.7527,-9.5797,9.2673,1.8567,-8.6386,-3.6306,2.1967,-2.7299,8.7675,0.2007,0.5748,-9.1434,-7.1231,-3.4377,5.3109,4.3903,-7.8721,7.4207,-7.942,5.6713,-7.4461,4.4528,4.9726,-2.0854,-5.029,-6.7694,6.7238,-7.0326,-7.6036,7.2356,2.5673,-1.0062,-6.678,-6.841,2.2039,1.0301,2.2415,6.7078,-3.3487,9.3669,-2.7254,-3.9819,-7.1406,1.8031,9.5442,3.5541,7.5383
-0.4059,8.4018,0.7111,2.0805,8.2159,9.385,-0.1142,-5.0103,9.4391,-0.8801,-4.8778,4.0793,3.0121,-5.9413,-9.9813,-3.4848,4.4402,0.1952,-7.8881,4.8473,-3.011,-8.6242,-6.2649,-0.6984,0.0773,-6.936,-2.0218,-7.537,5.2039,-4.9556,7.391,2.5637,6.111,-6.6781,-3.9539,4.5881,0.0146,-8.2524,-1.4734,-2.7964,7.0408,0.885,0.5502,-8.5073,9.2221,8.5039,8.858,5.3303,2.5868,-9.5979,7.7763,-0.4745,-0.3668,-6.8032,-1.0861,-1.6504,5.4233,0.9236,3.3404,7.2175,-2.7907,3.5966,-0.8033,9.9549,5.2599,7.756,-1.5691,-6.0423,-0.4646,1.0157,-0.4617,-2.9333,-0.0697,-0.8308,9.4036,-0.1971,-1.7956,-3.5781,5.6755,3.4533,-9.9062,6.7426,7.9676,-6.786,-7.2587,-9.352,-7.7948,-3.1269,8.7621,2.1782,8.0099,-6.7463,7.7165,-1.0803,0.5012,-3.1102,3.1572,-6.6907,0.2992,4.4554,-8.7441,1.3835,-0.7912,3.558,9.0982,1.6969,-6.8112,-3.3292,6.2404,-8.834,5.8271,-7.9172,3.1257,4.9584,6.7348,2.4277,8.4439,8.6572,1.7206,9.3259,2.6001,3.9002,-2.6418,-3.2858,2.9126,7.2926,9.1614,8.1183,-9.0343,-4.7333,1.71,7.1149,-4.4638,-8.5322,-0.5551,4.8229,-6.0079,-6.5074,2.8737,4.8662,0.2327,8.0206,-6.0651,7.4642,-7.5609,3.9304,-6.0113,1.9875,-7.4203,8.9669,-3.6156,5.1672,2.2533,3.744,3.2369,-3.9854,-9.4074,-9.7082,-4.5484,-3.6381,9.7529,9.4092,4.6059,-9.0589,-0.3461,-8.0256,5.5297,-7.4614,-8.899,9.1287,-8.0248,-7.6676,-7.5977,3.2204,-1.8915,-2.1251,-6.0927,2.9098,-2.7366,1.7131,2.4898,2.1067,0.2147,-0.9624,2.9776,8.8779,-0.5325,5.1508,4.2674,-8.4655,2.2956,6.5038,-1.7763,-0.8376,2.2028,7.439,-0.2598,-2.5418,6.9675,-9.2301
-1.6024,-4.2711,-8.2631,9.8217,5.6677,-2.0951,-3.2521,3.0193,-4.6068,9.7453,2.1027,-8.5881,-5.7397,2.6778,8.7131,2.8832,-6.1787,4.2187,-9.8488,2.3922,5.5456,3.9541,-5.5965,-7.3478,-9.1683,3.9081,-2.0694,4.6474,-4.9223,-0.4566,-9.5772,-1.8552,2.639,6.3611,2.6793,5.2082,-1.555,-5.0002,-7.9889,4.003,-5.1776,5.9659,-5.1046,5.5911,-3.879,-3.9622,5.2545,-0.9829,4.6163,0.5612,8.3269,-5.0586,-0.9968,3.675,2.7317,-5.8161,4.4849,0.8719,3.9966,5.0424,2.8742,-8.7924,-1.2957,4.7743,0.1327,4.7768,-4.3864,-2.8328,8.7045,-9.6386,-1.8011,-3.6859,0.8643,8.2707,4.3669,-7.1675,1.8884,8.0304,-3.6819,-9.2471,0.4413,4.7031,-8.3272,-6.134,-8.1845,-7.8181,-4.9462,-4.9701,3.6094,6.504,-6.3985,9.7705,-9.1487,-8.7408,-3.4141,-3.1234,2.1928,-8.2808,3.7117,4.1635,3.2378,-0.2684,3.1381,-2.8979,-3.889,-0.9393,-7.2127,6.3278,3.6179,-8.842,-3.2326,-3.6555,4.8321,3.4361,-2.3249,9.1976,8.4106,-4.9661,7.0909,-0.8133,4.0148,-8.0391,-6.9732,9.4121,6.6075,1.4728,7.0961,-2.7283,0.1942,-7.5573,-7.8699,-8.6688,-0.5315,-4.215,-0.2682,-4.1157,-7.1437,2.7224,8.1914,-9.3699,1.5288,9.9719,9.3547,3.5855,1.2684,0.1647,-1.289,-7.8753,1.1304,-7.8042,7.021,-3.6753,6.7983,-1.4965,0.4261,2.4818,4.8477,-2.5009,7.2306,-9.3541,0.6813,-2.511,-8.7414,5.3937,1.9983,-6.5897,2.1824,9.5328,-1.2935,1.1437,-1.416,7.6254,-0.1433,3.0068,5.1882,7.7616,-6.317,3.3966,-2.2711,-1.3371,0.6409,8.9274,2.159,1.324,-6.7727,3.8718,8.8043,-9.2601,-4.1814,-6.6751,-1.1093,3.7261,2.4972,5.9494,9.0716,-8.5717,-4.8014,-0.3696,1.8542,-6.7887
-1.2905,8.3778,-1.629,-0.9787,-7.6229,-2.7154,2.5059,2.1383,6.5646,3.5844,-6.9887,-5.7969,-5.2427,3.263,-7.819,-2.9427,9.5454,3.1512,-1.1567,-3.8714,3.37,-1.6052,3.7612,-6.6175,-2.5207,2.9426,1.067,4.4486,-7.4812,-7.3952,-6.2007,-3.3227,-2.3181,-7.3332,9.2142,-2.8255,5.2559,-0.1542,9.547,-5.6417,-0.3184,8.5055,-6.2381,-9.8062,0.098,-1.7198,-4.1898,-5.5647,8.8231,-3.2119,-7.9545,-0.7013,-3.9712,2.8138,-6.6293,3.4904,5.5944,-7.0839,-7.3978,-2.5257,-6.2402,5.6417,9.2779,5.1065,2.518,6.9205,4.1511,-9.8745,4.2874,-1.428,-7.5454,-2.2221,-1.3155,5.3634,-3.7264,-1.7633,-2.5183,-6.8384,2.8719,2.5866,-1.0607,-3.4336,9.1337,4.6053,-5.7926,-3.2292,-0.526,-3.9138,3.459,-5.3479,-3.4406,-7.4748,-2.464,-9.4291,0.3164,-1.2872,-8.687,-7.5847,-5.28,1.6484,0.9221,2.9004,-4.9205,4.3189,-1.7393,-3.3897,7.8815,-9.5617,-9.5634,3.6747,9.7738,6.3245,3.5716,-1.8848,3.39,-7.1614,1.125,-1.3308,-3.4208,6.5641,-1.6162,0.827,8.6622,-1.8486,3.2489,-8.5582,-6.3591,-1.2253,-6.2204,1.1342,-4.0456,-5.9182,4.614,0.7812,-7.0678,-9.4664,9.9531,8.563,3.4088,3.6805,-8.972,-0.0037,-6.3447,5.5412,-3.1563,0.7292,-7.7761,-1.639,1.4478,5.9,-0.0356,8.6422,-8.0911,2.7081,-7.6417,5.4146,9.0201,-3.6375,-7.4523,-1.8134,8.4899,-5.7513,0.2797,7.7093,4.2962,1.3429,9.5479,-1.868,-7.3399,-4.8045,-7.5087,4.2641,-0.1933,1.7429,-8.7801,9.2934,3.353,0.4803,-7.2321,2.1474,-3.2679,7.2472,4.3751,-9.2575,-0.4297,-5.9199,-2.9372,-5.5176,-7.7134,-9.7477,9.3097,-3.9839,7.1996,1.3656,2.7708,9.0727,8.5929,3.033,-6.0715,1.6242
-3.6904,-2.2,-3.6256,5.4708,-3.3268,-9.6646,2.8635,1.0967,-0.8334,4.6253,9.1107,9.1177,6.1886,-0.0579,-8.2514,-8.4584,1.1161,-2.5517,-2.8897,-4.6578,-9.7325,-6.2627,-1.6484,2.8798,-4.0255,7.7826,-4.3069,-7.3365,-3.6267,-2.8938,-0.3152,6.8573,-9.0294,3.1251,8.874,4.071,4.0453,9.3995,1.8396,-8.5044,-9.5731,-5.7943,-0.6494,1.9266,-5.1099,4.6643,-0.0667,4.7574,-8.1277,4.8658,-5.084,-4.9075,-1.1025,-7.4738,2.6544,-7.0054,4.4418,6.3111,8.4271,-1.1919,-9.3075,-2.3586,-6.4946,6.6642,4.0813,-4.785,-6.8573,6.7289,-2.9645,-0.572,-0.6383,6.63,8.2792,-0.6241,-8.07,8.3337,-1.2575,4.346,4.4865,7.2476,0.1076,-4.143,3.013,-1.3838,6.4682,-4.9542,-7.1956,1.7497,7.0646,-9.5137,-2.9008,5.2964,-2.5205,-1.6002,8.8253,9.4375,-0.7275,4.3593,8.606,6.7882,7.9314,1.5083,8.9946,-5.952,-4.8701,-7.4326,3.5438,-1.2015,-6.1815,-5.5483,-0.9858,0.4329,-4.7926,2.4478,2.5039,2.2357,5.7802,9.0508,0.6042,-0.3843,-7.7311,1.5569,5.7373,6.3119,-6.2057,-7.7366,7.8238,-6.5366,6.5055,-7.9778,9.2876,-9.5876,-3.4774,1.5951,-5.7425,-8.3449,1.1032,7.33,-1.4021,-9.4452,3.8313,-1.2885,8.3174,3.1989,4.5326,6.7757,-3.2907,5.9514,-5.0978,-7.0769,6.9727,-6.7524,5.8699,7.1554,7.464,-5.769,-2.3668,4.2642,-9.0143,-2.8853,-0.9808,7.5844,8.1626,9.3774,-6.2319,9.4778,-0.7812,-2.6421,-5.2041,9.0184,-5.3267,-8.0788,2.8308,9.3582,0.545,-9.0573,-3.7092,8.4147,4.1813,7.2405,-5.2371,0.7449,7.3024,0.8478,5.6088,4.2616,6.1726,-0.9462,-6.2542,1.1664,-2.081,5.7957,9.3672,7.3898,9.9899,-1.1222,3.5255,-4.5375,1.0812,6.9411
8.8631,6.574,2.0645,7.2966,9.3943,4.736,8.7327,-5.8987,-8.7816,-2.5823,3.8833,-0.18,5.543,4.1172,-0.3069,-2.9111,8.9661,-9.2109,-7.163,9.7152,-5.1263,-9.6013,6.9627,-3.101,3.745,-7.0669,2.7207,6.8656,-8.8001,2.0508,1.8876,-1.5641,2.0644,2.589,0.3773,-7.6483,-2.4239,3.813,1.0213,-7.9291,-2.8912,-6.2166,-8.712,2.2571,-3.2958,0.1399,2.2565,0.7609,-5.2503,7.1145,7.5314,2.1867,-9.1527,7.0386,9.9102,4.9087,-6.1986,3.4094,-4.431,5.3425,8.0801,-9.1175,1.2612,7.6418,-4.442,5.4562,3.8407,-1.2445,-7.528,-9.8755,-7.3105,5.2888,-0.5025,6.5345,-6.8277,5.9646,-5.4015,9.096,-4.7388,-1.1561,-2.3967,-8.8798,-4.4929,2.2998,-3.047,-7.1702,5.0715,-7.9244,-5.5913,2.6279,-9.421,3.3548,6.7285,5.3309,0.7769,6.9265,-7.9627,-2.4384,-4.3299,-4.5593,2.4374,2.8552,7.643,-1.0367,-2.9281,-6.4835,0.7106,0.5682,7.835,-8.4126,-9.4941,4.4356,-7.5735,8.9826,4.845,2.7704,9.6796,-0.4988,-6.7712,-3.9862,-0.9392,0.4014,-8.3255,9.6852,-4.2344,5.3633,2.4377,4.2025,7.5362,0.2125,-7.5564,2.9975,-6.0192,-1.2478,-8.5106,2.3866,-8.5677,6.2774,-4.9129,5.3665,9.7316,-7.5918,9.2276,-9.583,-4.2151,6.2633,3.9522,-7.2005,-5.5473,3.2987,-8.1828,4.1691,1.9678,9.3566,-1.6022,2.6619,-5.9323,-3.5754,3.7304,5.1585,6.6001,-2.4586,-6.0448,-9.6263,9.0198,-0.1174,9.2018,-7.8233,-3.6825,-8.2049,5.5771,-8.8137,-9.6002,-2.1851,8.9606,-3.9395,1.2779,7.6652,3.9482,1.8995,-1.5966,2.6168,1.8193,-5.1251,7.9152,-2.1444,-8.6515,6.9969,-7.8172,-4.4125,-1.4361,7.7869,4.9784,-9.5732,-7.2416,-8.0891,0.525,-8.7461,-8.2929,-8.1441
-5.1612,-8.6791,-2.4247,-6.9098,3.5979,4.2414,9.797,0.1028,1.5857,-4.3744,-0.1198,-2.1655,8.4699,-7.2711,-5.8909,8.4365,-0.2323,6.8589,-9.4372,-4.8879,3.1881,6.8664,-1.6679,-0.817,1.786,-3.7138,-8.5575,5.5746,7.6774,-5.3543,-7.2383,5.147,-4.991,-7.813,9.4128,-3.2661,6.8323,3.9603,-0.1883,4.9677,4.9092,4.5908,-0.49,4.5352,7.8015,-2.5403,-9.6013,-1.9946,-4.938,1.8294,-1.9029,-3.7812,-0.4079,-3.7398,-2.6984,8.2912,6.7023,8.6995,5.5671,9.994,3.8367,9.3292,-5.0836,-4.9573,3.0159,8.3809,-4.3429,7.9719,9.1876,1.6557,-7.3496,9.1414,5.1866,3.5753,8.4799,9.0686,-3.4129,9.0895,8.1962,-9.9173,1.7259,-3.8645,4.4492,9.2727,8.9917,-3.8344,0.4306,3.5267,-5.1071,0.7274,9.4729,4.0704,2.5506,8.5122,-5.689,-4.9951,5.8039,-5.1507,6.7779,2.2918,-4.9064,3.3131,-8.8559,-7.0556,-5.578,8.0304,5.0041,-1.3504,-1.1874,8.6215,4.9618,0.7543,3.5511,-4.1354,-1.7075,-2.7379,-8.7364,-6.9204,4.886,6.072,-6.4432,9.9635,-9.0991,1.1391,-6.4937,-5.4115,-5.1256,-0.0096,-7.0868,-2.6886,-6.5795,-6.7641,6.9328,7.5575,-1.7121,5.017,-9.9472,0.7495,-4.2481,4.8057,-9.8207,-9.8566,-3.2423,-3.1409,-2.0204,-5.9497,3.5451,-3.9793,3.4159,-3.4603,0.2406,-4.0724,-2.8744,-5.0048,-9.3118,7.5038,-2.0347,-5.2943,-1.7451,0.3248,-6.6374,8.3592,3.1833,-3.1288,-8.4424,-8.6125,-9.8086,7.3697,8.1802,-8.9214,4.6556,6.9775,9.6874,-9.5564,1.0324,4.5197,-5.9397,6.6532,-9.8748,-2.671,2.5796,-7.8179,6.4079,2.0405,2.3527,-6.5652,8.0956,-2.4884,8.3644,-9.2467,-7.7112,4.5685,4.2884,4.2792,9.6704,-3.8891,1.9575,-8.9087,2.183,-2.7286
3.9764,8.4944,8.8301,0.4157,1.2648,-5.4449,2.4496,5.8399,5.6347,5.5998,-5.0794,-7.9743,9.6181,3.8634,-6.0955,0.7488,3.956,7.1882,7.2464,-9.3883,4.5786,3.0068,2.4376,7.9267,-7.3066,-5.7344,5.7213,-9.0975,1.0311,-6.2284,9.97,8.0419,-7.0162,-1.0027,5.7808,-4.2871,7.6504,-6.7001,-8.3876,-2.9292,4.578,8.0559,2.6087,-3.3707,6.6008,8.7722,3.4112,3.6737,-0.656,-3.4297,5.7443,-3.1381,-9.8572,2.6601,4.4181,-0.9271,-2.1494,-0.2757,2.7243,-6.1201,1.873,7.5033,0.1167,8.9448,7.726,1.0387,2.6076,0.7542,4.0259,1.2583,-4.2994,1.3526,5.5657,3.8326,-2.5053,-6.344,-5.8039,6.8701,8.7126,-5.0239,-7.5002,-9.3773,0.0882,-4.5602,-8.5666,3.6441,-9.903,4.1942,7.283,-6.3478,-3.2775,-6.1863,5.9233,-8.039,3.0218,-3.5223,9.1524,-7.7086,-9.0694,-7.8312,0.6892,-5.345,5.8043,-0.7373,9.5533,4.9401,9.642,-1.2983,2.6919,6.1915,-8.9325,-6.705,-8.2818,-2.0394,3.1846,9.5512,-2.8526,7.8932,-7.5586,6.6991,-9.553,4.5843,6.8658,-6.5039,6.9402,0.9208,-8.9809,9.4866,-3.5324,2.7766,-9.0271,1.6553,-0.5467,-8.683,-8.7506,-9.3831,2.0105,-5.4233,6.6755,-0.0527,-9.4565,9.4858,-9.6778,-2.934,-4.7514,-2.3366,9.6761,6.4274,1.4058,9.2225,-4.523,-7.2389,-4.5688,3.2877,-0.2125,-8.9002,0.8075,-1.2101,-1.6855,1.2838,-9.0103,-4.3118,-3.9353,-6.4999,3.1359,3.3831,6.7383,-4.5352,-6.4698,-5.6148,1.6641,-1.0587,-6.7126,3.3439,-5.7243,-1.3598,-8.3347,-4.7466,-9.4546,-4.1489,5.0386,-3.2367,-8.4082,-6.9986,8.0254,-6.5452,-7.7895,-0.073,-6.306,4.4276,-4.7091,4.244,-6.7673,5.5002,-0.6719,-0.7328,7.4568,-0.4443,-7.8292,-6.3595
6.5581,-3.4498,2.4857,8.4727,2.983,5.6581,-0.8526,5.277,1.8087,-2.6011,-7.9482,-1.5108,-7.5204,6.3676,6.998,7.9745,1.5423,-2.4982,-9.1776,1.6578,-3.4328,-9.305,-8.2317,-6.7106,-2.1851,-4.58,9.8993,4.5534,6.0953,-1.6759,9.7821,7.5773,-2.9573,-3.3793,2.5438,-4.6738,5.3273,0.7831,-5.6867,0.0093,0.5637,2.3819,-6.675,-2.0641,-3.7594,-8.606,-6.3262,-8.6473,7.7062,-2.2509,2.3636,7.1199,-2.368,2.2646,1.054,-4.4819,-0.5451,-9.1059,-9.7524,-6.4869,1.5381,-9.2428,0.4329,9.7534,-6.6944,4.9312,-8.5202,-0.4408,0.833,2.1243,1.1267,8.0698,-8.5731,3.7276,-5.7937,-2.2177,3.8265,3.9467,2.4683,-1.6519,-3.1249,8.9355,5.2571,-6.6247,0.4107,-2.026,7.0454,-4.4046,0.8849,-2.1562,-9.6352,-0.1286,0.1807,5.9516,-1.8636,-6.3821,9.1558,-2.6068,-0.6784,8.1073,-6.6096,-4.6018,2.0504,4.9074,7.7438,8.9018,8.3352,9.4406,7.9717,4.4776,-7.981,2.2519,8.8678,2.0428,-5.9794,5.2162,-1.6422,-6.7216,-1.5307,-5.7191,1.7352,-9.7611,4.2215,0.2683,0.4543,-3.7093,4.8695,4.3388,-6.1452,-9.7212,0.4487,6.9018,3.3188,8.0527,4.5957,-3.3515,8.3379,6.7976,-7.1846,-9.644,-0.7817,-0.6066,9.9448,3.0236,3.4916,9.3593,-5.4204,-8.7648,-8.8723,-7.6293,-4.6703,0.5428,8.8257,-3.1778,3.6672,-1.717,-6.0082,0.7685,-6.8982,7.3768,-5.988,-4.951,-8.7177,6.8047,-3.5013,3.3592,-0.3428,-7.9351,-2.2212,-8.3478,5.1245,5.0564,-8.4234,-2.3979,9.2278,7.2867,-2.633,-7.3044,-2.7075,3.1485,0.5689,-4.9395,5.5111,-9.5988,-3.3224,0.4028,8.8186,3.7204,0.3355,1.882,-4.0718,-0.4554,4.1378,9.3103,8.0043,-8.3414,1.6523,-8.1844,1.5589,0.2549
5.6984,-4.853,-6.181,-1.475,-2.4181,-4.0488,3.5998,8.3378,-6.398,0.0628,9.754,-8.2752,-8.25,-3.5249,-8.1954,-7.44,0.696,0.499,-3.6564,0.9583,-5.9834,-5.8777,-8.5855,-3.2522,-4.4902,4.4797,-0.1514,-6.5937,-6.3222,7.0607,-6.0642,-1.4275,7.4614,-7.0265,-0.1136,-7.2116,-9.2268,6.9822,2.5005,-9.9242,6.9004,-2.9815,8.8368,-9.0956,6.5847,4.2408,0.5515,7.4409,6.2424,-4.4335,7.8439,-1.4525,-4.6783,-9.296,-7.1617,-9.3537,-4.1755,-7.1909,3.4903,0.6227,-4.8618,3.7568,-5.3287,3.8488,3.8228,-5.1188,9.2982,-5.8376,-1.6929,0.7254,7.3433,-9.6896,4.3138,-0.5195,1.0258,-2.2306,-9.7761,-8.2342,8.7159,-0.7424,-8.3798,5.1506,-2.3347,-7.4401,-2.6747,-8.5299,4.2807,-8.3186,8.3042,5.8449,0.4861,-3.2772,-2.7451,3.2475,2.3078,9.72,-6.8328,-1.4882,-5.0368,-3.4736,-5.5239,1.5181,-3.0556,-8.765,-6.3103,4.4541,6.084,1.1212,0.7151,-5.0731,2.3386,-8.4285,8.6165,4.9662,-7.0996,-4.0014,7.414,-7.2505,1.4982,1.1569,4.5782,9.1403,-9.6335,0.6049,9.4719,8.6081,-4.4855,4.2213,-3.9264,8.0307,7.4514,-6.7313,-9.4797,3.8265,-8.6693,-6.8757,-9.3843,5.5174,-9.1052,2.2941,7.8757,-7.924,-8.6681,-1.4417,-1.0693,0.9962,-9.5089,-7.5114,-6.2867,4.8284,7.5194,1.3784,7.3399,-9.8938,2.0057,1.2315,6.8006,1.4286,5.4608,3.5604,-7.1394,-3.4568,3.3058,6.9423,-3.4424,-1.0726,9.8494,-2.2036,-7.4441,-1.2271,-1.3278,-0.3402,8.6675,8.0588,7.3946,4.8181,3.9828,8.5789,9.2293,-5.9465,-1.6411,-4.8765,7.1222,8.968,-4.2369,-6.447,-4.2255,8.0726,7.7579,4.4289,-1.0582,2.1409,-8.0903,3.3632,9.9364,-1.2894,-1.3691,-3.9622,-9.3805,-6.4115
1.1496,0.4644,-6.1832,9.8107,-3.2085,-3.8707,-0.7445,4.281,1.822,-8.9422,1.4017,9.1139,8.4639,4.931,-2.9644,3.8454,-5.3301,-8.3159,1.3449,-8.7024,-8.7827,-5.4454,-5.8693,-5.7543,-0.3072,6.0226,7.0467,-4.0357,-0.0095,-8.4558,3.0877,2.2415,-3.6157,-3.1653,9.6379,-3.0352,5.7147,-4.5918,0.7858,8.2656,-5.3341,4.1108,9.5488,3.3783,-8.2333,-2.9152,1.8276,-0.3299,-2.0361,8.5678,7.0431,5.9862,9.3436,-9.5689,5.4447,0.1146,-3.2961,7.6881,7.9822,-3.0281,-0.3109,-0.0551,3.2136,-2.8825,-2.9641,2.2881,-2.1592,-5.8363,-9.4653,5.6624,5.2515,2.7323,-0.4307,5.3339,-4.3584,-4.8186,-2.054,-6.4544,-5.1486,0.5495,1.1321,4.0548,-7.931,-1.4526,-8.9791,-9.8175,-3.1824,7.4818,-5.8434,0.4692,0.9427,7.9288,-3.6424,-6.0325,8.3547,-6.808,2.5438,-6.2641,-2.5888,3.3775,-0.5379,3.9984,9.8796,7.682,-1.8413,9.6381,-0.8792,0.0937,6.6468,8.9131,-8.3732,-1.6178,-7.0289,6.4488,-0.1437,-4.1382,1.1964,5.375,-3.8131,-3.0061,0.6728,1.9254,-9.9656,-1.7465,4.3347,-7.998,8.8857,-1.6721,0.7832,8.9092,-0.1708,-2.607,8.5457,-9.2548,2.5352,2.5487,-5.7367,6.4098,0.1019,3.8834,-4.3328,8.0469,-8.2638,7.9469,1.4847,9.2696,6.3326,3.7907,8.7774,8.5693,7.3905,-3.0208,-8.8712,2.7398,4.1836,-6.7963,0.53,-9.3159,-4.697,4.7639,-5.1797,-5.2457,-9.4323,9.9597,7.2838,-2.3219,1.8291,-8.5713,6.4746,-5.7548,0.2915,-4.4474,5.0614,-5.5098,7.5777,-2.4652,-1.0145,6.7509,-0.1696,-0.9336,-3.0678,2.3711,4.0385,2.8257,-3.8219,5.4518,7.5441,-6.3675,-5.1817,6.0803,-8.6616,-7.1403,-7.6221,1.4079,-9.0404,-4.202,-4.0089,-2.6396,-4.3574,-5.5678
6.9133,2.3575,5.0768,-7.4419,7.4612,2.7581,-8.3417,5.0644,-6.1477,5.2894,-5.8022,8.6999,9.7792,3.2444,-1.6914,-0.7728,-5.0099,-6.6905,1.5563,-7.2804,2.6776,3.9116,-5.7919,3.1188,-8.6542,8.0977,7.3915,-1.1238,3.053,-8.3486,2.4872,6.1988,8.8414,0.9513,2.3551,4.6886,-1.4235,-7.6846,6.5409,-0.4599,-0.1336,5.0184,5.998,7.6422,9.8332,-2.7321,-1.8602,4.7854,-0.764,-8.2993,6.6993,5.8352,-6.3144,4.4548,4.7665,1.2046,-8.7816,-7.6245,-1.2547,-2.1138,6.2157,0.7914,2.8797,3.2253,-2.9379,-8.8908,0.405,-5.012,1.0372,4.7485,5.7117,-4.6863,8.4943,-7.9126,-7.9968,2.1156,-5.2034,-1.4052,0.5319,4.4013,-8.6885,0.7341,3.6124,1.9201,-2.1845,1.0219,-6.9676,3.299,-5.1998,4.3755,6.415,1.9741,-7.6125,0.7471,4.1876,7.78,6.9365,-5.2659,0.6715,-4.4868,4.7203,4.6836,-7.3782,3.97,-5.1796,-9.8111,-8.8867,2.067,1.0285,7.2936,-9.571,7.0387,-9.9572,1.9907,-4.0925,-2.6726,5.0118,8.6439,-3.5919,1.6492,5.8382,-1.462,-8.8821,-9.8942,-0.7474,-9.1124,-9.8937,-2.9065,-6.5502,-2.8886,5.8685,9.7937,-7.6159,-5.7147,-7.3838,-1.8109,9.1263,-1.4012,-7.2291,-4.4644,4.6414,-4.0931,8.9097,-2.3904,1.3111,-5.2883,-3.7686,-2.1854,7.054,6.4489,-3.6412,-1.9236,-9.343,8.1867,7.3096,7.7575,-0.7716,9.3737,7.257,5.4144,9.0126,6.9683,-9.5454,2.6118,-5.2324,-2.1233,-6.6434,-2.4281,-2.7799,-6.8944,7.424,-3.7483,-4.0063,1.2286,-1.9421,-7.4789,9.8548,8.037,-6.088,-0.2141,-4.8858,5.3705,-2.753,-3.2563,-3.9818,-0.1691,8.7103,-8.0698,-7.9182,8.8652,-9.2099,-1.4322,8.4428,3.3753,0.6984,-0.8711,-6.4103,-0.365,-8.7344,6.4171
4.6312,-0.094,-2.8933,1.9886,6.3583,-6.0628,-9.3838,-8.316,-4.1836,-8.1511,5.5056,-2.7471,-2.2124,3.2265,-1.7741,-2.8551,9.9731,-3.9158,-5.882,0.6236,-9.5597,-8.1579,-9.0443,8.6362,-3.7203,-7.163,4.4636,-7.3557,-8.3302,3.2675,-2.9826,6.645,-6.7117,-6.0316,-7.857,4.32,2.5645,-2.9091,-7.6942,-2.5386,-4.1092,-9.9395,-8.0228,-4.4562,9.5614,5.1789,4.2227,4.4914,-1.2464,0.0037,-6.1944,-3.1915,4.1747,2.9683,3.3159,0.3483,5.9507,3.666,-5.5443,8.4742,-5.5929,-6.6121,7.7114,1.5894,5.3413,5.3042,1.1125,-5.7731,-8.0091,-6.4151,-2.7306,-4.627,8.6565,5.506,-5.7217,-6.135,7.9732,7.4358,3.6696,-6.1545,-3.3663,-4.9412,1.5205,-3.8314,-0.3233,5.9697,8.8389,4.367,7.011,7.447,7.6189,-4.6371,-8.3947,9.9969,3.7365,-2.8358,-2.9131,-7.9622,5.0358,0.3427,-3.4063,-3.8091,-8.6141,-9.042,6.7573,3.1659,-3.1938,0.1514,-7.7495,-9.9721,-0.62,9.3447,1.4264,3.4607,-8.337,1.0515,-4.3933,-7.3056,-1.1717,2.0695,6.1485,3.1901,-6.2945,8.2803,4.0752,5.09,-6.2059,-4.8527,-4.284,6.5568,-3.5175,-2.1386,0.7274,-6.1235,0.2747,3.9578,9.7853,-2.0569,7.301,2.4376,-7.8899,-4.1717,-2.0037,-9.4535,6.6222,9.0558,-2.8677,-0.3218,-4.501,8.8547,2.343,-6.6435,1.9733,7.0914,2.059,5.0187,-8.9387,4.2115,9.2151,-7.5761,-6.9057,-9.9227,-5.4725,-4.1422,-0.9177,8.4604,-7.8942,-5.9942,-5.1204,0.8194,-8.8123,1.7455,5.5469,-2.4983,7.3909,-2.3734,-4.2522,7.6703,-2.0007,3.0231,9.9363,8.7824,-6.854,-3.4081,-8.5176,1.4599,6.0695,7.3763,9.7584,-5.7083,4.5329,1.0535,3.271,2.0022,-3.3344,-8.8424,-0.3415,6.6888,-0.1062,1.4256
-0.9298,4.6999,8.4299,3.7718,-6.5307,-1.7765,-6.7287,-1.6572,-1.9988,-0.2733,3.6715,3.541,1.1166,-7.3187,6.0219,-2.6658,8.5829,-6.1756,-8.3182,-7.5569,7.0299,3.6307,1.9117,9.2802,7.807,-7.0397,-4.0519,0.7156,3.3539,-8.8661,7.299,-6.6152,7.2142,-2.8727,-8.0368,1.7629,-9.0895,4.1599,-1.841,6.7553,-5.0453,-4.3324,-1.0153,-2.4242,5.2466,-1.162,-1.3125,6.3545,-6.0743,6.7519,7.1404,-6.5101,-9.11,8.4348,8.5086,-1.5382,4.5195,6.7937,-0.1563,7.8057,-1.8265,-1.7269,-7.4654,7.2816,4.5875,-2.7287,1.4375,-6.0748,-8.7994,8.5952,-1.7428,-3.6513,-2.3942,-9.2189,-7.0367,5.1344,-7.5988,9.1405,5.4012,1.0333,5.9164,0.4852,-5.4666,3.5111,-5.7181,-4.8902,5.5187,9.7676,5.7091,2.291,-3.3484,-0.4859,2.7485,-8.0763,3.4748,-6.4425,-9.2176,2.0413,0.0994,-7.5613,4.4719,-9.3946,-6.0387,-6.7907,6.0613,-7.6082,-4.4805,8.0311,1.3972,0.9405,-0.5809,9.0775,-3.723,-1.4476,2.4559,-5.8496,-7.9188,-3.1361,-5.5949,-6.9379,-3.7322,-5.7108,-2.8081,1.2332,2.7396,-4.3207,-4.63,-7.4831,-5.5452,8.9659,-6.8417,-3.816,-5.4233,2.0609,4.9638,-5.0309,-8.1854,8.8273,-8.1037,-8.4251,-0.4573,-0.8462,0.4597,-2.1465,6.6948,-2.6198,-8.2822,1.2331,-7.4104,3.4833,2.6353,-0.225,-7.1973,-0.9467,9.0253,0.4208,4.0859,-2.2633,3.5395,3.7486,6.4644,-7.9442,8.1221,-9.3618,-5.1169,0.0497,-3.5479,8.4964,-5.8823,-7.4425,-1.0633,0.2513,-1.1044,7.5252,2.1225,-1.9979,-3.4762,-8.0823,-6.9677,-3.6428,7.24,4.1533,1.1324,8.7044,-7.5096,0.9223,-0.7982,-1.0005,8.7102,-6.3131,-1.9021,-7.32,-4.2497,-7.9303,-5.6999,4.2704,-6.2567,-6.7184,-8.0693,1.1668
-9.2687,1.0649,-3.6191,6.7308,7.3784,6.6749,9.648,1.3346,5.0513,2.7642,2.948,6.6151,-8.2096,0.7225,-8.0107,8.0323,1.7583,-0.6656,0.8971,-1.4265,-7.8514,-8.4987,9.9143,1.746,-6.2578,-4.2656,-6.3103,4.1678,-5.1566,9.6599,4.1244,-6.9813,-1.7867,4.012,-8.7828,4.6806,-7.1947,-4.9458,-1.8607,-1.8176,-3.8991,-4.9108,4.0644,2.3187,1.0705,-4.4143,-5.9737,-5.4501,-5.5267,0.2154,-7.9737,1.0382,5.7493,-8.0746,-5.0466,-2.816,-3.4592,9.573,-0.1262,-4.7885,-2.9243,-0.9083,-1.0247,-9.3368,-9.3854,-8.1938,3.7096,-5.9264,8.0924,3.6962,-5.6174,2.6143,-2.6506,-2.559,-9.5447,-5.6909,4.0309,-8.6573,-8.9993,3.468,5.8294,-5.3617,4.0239,-5.904,-1.4521,3.1213,6.9057,-1.2359,6.6782,-8.5777,-9.3041,-6.4384,1.3271,3.2613,9.0136,8.1941,-4.0515,4.0856,-9.5405,-2.2424,2.9469,-9.6164,4.6349,6.7097,-7.0426,-2.1895,-0.0123,-4.0816,-3.5255,4.7808,-3.8272,-7.6451,-7.9864,9.5396,8.3232,-0.6701,7.6174,1.9956,4.2614,9.4036,1.3136,9.4716,8.3616,-3.8579,-8.1926,0.0463,4.1072,-8.3115,-9.1297,-1.8055,-2.4374,1.6132,0.4802,7.363,-0.7694,-7.5726,1.9565,2.7639,2.9152,5.7461,8.7405,-3.6733,-3.2808,7.4164,-9.7069,9.0719,0.8043,-2.6796,6.5947,-4.277,-1.7433,-6.9116,1.4463,-1.5517,1.4475,7.5933,-0.7039,-5.3047,-8.2975,2.3955,1.9602,-6.1986,5.7886,1.95,6.5389,-0.3545,8.7424,1.9923,-0.0345,3.9778,-1.7747,-3.6147,-5.6704,1.0278,7.2145,-7.252,-4.1983,-6.6108,-0.6667,2.0394,5.4743,6.3416,-7.3233,5.6129,-9.5273,-9.3745,8.0946,-6.2818,-1.118,-5.2192,6.6612,4.8939,1.104,5.1269,-0.6121,2.4551,0.8715,3.1948,-5.5781,0.9731
-1.6829,-6.0448,5.0871,-4.3364,-9.7209,-0.339,-9.8929,-8.8854,-4.1396,5.3975,-9.6883,0.3512,1.0606,-3.4634,8.5821,1.8155,0.3317,-4.1923,-0.6746,-1.6955,-7.9759,-2.2334,0.7291,-5.8074,-6.9316,-8.394,-9.1692,-9.131,-4.89,-4.2311,-3.4959,-4.4043,-3.2353,1.9805,3.8349,7.1419,5.2334,-8.4229,-8.1089,-5.3199,3.5438,-1.7154,-4.2449,-5.6705,-1.1453,-9.4331,-2.4151,2.8087,7.9613,-8.6999,1.9624,-9.2041,-3.267,-4.8227,-6.7829,-8.4423,7.6804,-1.5474,-1.1859,7.6677,8.3131,-9.8319,-8.8837,-2.058,-9.6875,-4.3857,0.8862,-6.3142,0.3341,5.6951,-9.2775,3.4783,-5.4977,9.786,4.6184,-4.7511,5.3589,-2.6308,3.925,9.9468,6.0416,-9.9762,4.71,-9.9863,-8.5406,5.3227,7.7435,-9.5293,4.7184,6.7309,-2.2566,7.3738,-9.6938,1.9329,2.1679,6.4969,7.9463,5.5049,7.1373,0.8336,-5.8865,9.4625,-6.1652,6.3273,-3.0191,6.0984,-0.4573,-0.4672,6.369,-0.3125,-1.2327,0.5761,-3.1237,9.3486,-5.5118,5.6258,9.5204,3.8491,4.4903,9.4929,-9.3011,8.1143,2.7235,-8.7597,-9.7223,-5.5788,8.4165,-4.9334,-0.4264,-0.6527,-1.5436,-1.0076,-6.6791,4.1189,-2.3824,-3.4477,-6.7372,-8.1752,8.3809,-1.7673,8.1273,5.0042,2.8946,4.7551,8.2708,1.6108,-5.389,-4.0448,0.4146,6.3774,2.9917,-1.26,9.3432,4.9247,-4.4518,-8.1959,-4.1036,-3.6985,1.2749,6.4257,8.1585,6.8364,-4.5098,5.7754,2.67,4.3115,0.182,9.7598,5.4022,-7.9332,-4.1993,-9.4808,8.9682,3.4098,2.1293,-6.4379,-7.1392,8.656,-2.2911,6.8824,9.0862,-3.7949,2.1428,-9.3193,6.8001,1.9653,-3.7579,-8.0626,9.8851,-9.4109,-4.7509,2.0093,-3.532,-2.3358,4.2048,1.5675,-1.2428,-2.4631,-0.702,-9.1216
8.2792,1.1235,3.2947,2.6864,5.6421,8.309,-3.5329,-7.121,5.0339,-9.9984,5.7337,9.2638,-2.3019,-5.9037,-9.3806,-5.0202,3.2774,9.6384,4.3421,6.8931,4.1394,-1.6017,9.7878,-2.8617,-4.6479,-3.2272,-5.9125,0.9507,-5.8405,5.7475,-0.7268,-4.1522,2.32,-1.859,1.5821,7.5283,5.6327,9.2556,-3.195,8.9415,0.9416,-4.1646,7.7245,-6.8048,2.5838,6.278,3.6017,-9.7048,3.122,-6.1506,-7.5427,-3.3015,-1.1809,-7.7797,-8.8348,-9.4909,9.9757,9.0664,3.3476,-4.6208,6.442,8.4947,4.1575,-3.7707,-0.9346,-5.999,7.2911,6.0998,-1.8685,-4.4589,-0.7505,-8.9386,8.7618,-6.0182,-3.5312,8.9979,-6.6593,-9.0029,-1.8999,-8.8647,7.4482,0.7105,-0.7087,2.9944,-6.5511,-3.0122,2.3099,8.4759,6.3477,4.8155,0.802,6.1655,-0.9848,8.8937,7.3649,-5.2522,-2.8568,-2.1584,-3.7583,0.8034,-3.2796,6.024,-4.8492,-6.8973,-6.8401,7.2422,1.9769,-4.5828,2.2326,-0.3782,0.7057,4.4996,-5.9727,-7.1875,-8.7946,2.1961,4.4412,9.6479,-8.8686,-5.3821,-7.0778,-2.4282,6.3896,4.2428,-0.7745,-5.0095,-2.4663,-5.287,7.8262,6.2249,-8.3451,4.8003,2.8092,-1.6237,5.7687,-6.5085,8.0673,-7.4127,8.2701,-8.2523,-5.8292,-0.1428,7.3822,0.6729,-1.2772,2.7448,-5.9298,2.7721,3.9901,9.1561,6.4857,-5.7345,-0.8894,-8.2837,-4.5749,7.0959,0.7693,0.6872,2.9997,7.6712,-4.3304,9.6549,-6.5331,5.6154,6.6897,8.0553,-8.6377,3.6071,-9.8913,3.4655,-7.4667,-7.8583,-2.302,0.1008,-0.3604,-6.9174,-6.7539,-3.6764,2.8354,-1.2202,-7.8628,-8.808,-9.4298,2.8444,-8.9292,-4.8703,-4.6193,3.9481,0.8368,-8.7645,-6.7525,-3.2942,1.8064,2.5127,1.885,6.8314,4.8663,-0.9076,0.9702,-6.6809
-4.0034,-0.9728,-3.94,5.2131,3.3457,-6.4786,7.0627,5.6327,-6.1337,6.9787,-3.2068,-6.5772,-1.283,-6.0054,5.5083,3.1282,-7.9298,-4.6959,3.8567,-2.7797,-5.7765,4.7108,-7.2469,-7.3764,-2.576,-9.9383,-9.0276,-8.5334,1.5214,3.3785,8.8203,2.1274,-7.2479,-4.5613,-4.8666,7.9917,-3.306,9.0004,-6.3895,6.4364,-5.9484,6.191,2.2487,-1.4783,7.1833,2.7576,4.2409,9.5949,0.914,4.7217,-6.4507,8.0333,0.4222,-5.0006,9.4884,9.8229,6.4797,-6.1145,-5.7433,5.8606,1.1709,-6.6773,-6.8689,8.8032,-2.6821,-6.6646,5.0863,-9.4252,7.7154,2.0483,-1.2203,1.7023,9.2084,7.2428,-5.5491,-5.7857,1.8304,0.7448,9.205,8.6593,-1.4173,6.4105,7.2655,5.4222,-3.9912,-0.6115,9.3733,1.8736,-9.2799,4.2213,9.1666,7.022,6.237,-3.9924,-3.5183,2.7662,-0.5592,-8.417,4.4247,-8.1351,-0.6054,5.0118,-2.7331,-7.3934,5.4115,-6.7855,-4.3296,-2.9369,2.4267,6.6444,1.508,-5.7147,2.0571,7.36,-9.512,-5.9721,2.8758,3.9976,-4.0431,2.6304,-2.8348,-9.4554,-4.2396,-4.0748,8.5205,4.2484,5.9395,-9.7014,4.0624,6.1955,9.9043,-0.2545,9.7676,-1.1074,0.879,1.3218,0.1297,-0.7993,-7.4746,-3.0539,-2.6525,-6.2079,0.1027,5.2875,-7.103,2.6623,-8.2394,-3.1717,-1.0435,-9.5925,-5.7591,-0.2016,6.7517,2.4226,-7.6098,-0.7219,-2.6441,-3.0039,-0.5212,2.0443,-9.1759,-8.9349,-5.0043,-7.217,3.1948,-8.522,0.8706,-7.7955,-0.0491,5.5284,-7.1675,-8.7964,-4.3308,-4.203,-2.1168,-5.0276,7.0312,-2.7764,1.7984,5.1897,2.2846,-0.1265,-8.9013,4.3932,-0.1487,-6.0244,7.1009,-3.7079,-8.1245,-0.5599,-3.8892,-0.1047,-1.5158,1.7067,2.8995,-9.2368,7.3525,-8.8979,1.5567,3.385
-1.3235,2.0199,-7.9394,-3.565,-2.5054,-2.1624,5.9555,-6.466,-6.1248,-3.8853,6.026,-9.1569,-1.5895,-9.7075,-3.2424,1.5758,-2.8229,-8.155,-9.7674,6.1142,-9.2436,-2.7486,-0.3,-2.7952,-5.0287,8.3825,-9.133,7.4552,-6.0076,-4.7908,7.7237,-3.5598,-8.6867,-3.8166,9.5986,-6.2873,2.7488,0.679,9.2054,-5.2174,7.2707,9.5326,8.6491,7.3134,-8.8349,8.0715,-2.0178,-2.8372,3.411,-5.4844,0.0469,-4.7891,5.9645,4.5569,-4.0157,-7.6131,6.7895,2.1401,-4.2908,-6.3753,-1.3529,-1.3663,-6.5016,-6.6186,-7.3614,-0.4638,0.4849,5.3538,6.0032,-6.3869,2.3635,2.773,9.5761,-0.3748,3.9477,7.3727,3.2001,7.9126,-0.8511,1.2744,6.0464,7.5832,-4.3118,5.5002,2.8806,1.1623,-6.3586,4.1739,-8.4297,-2.7853,0.3209,-3.4883,-1.3488,-3.7414,0.7027,-0.7741,-7.8397,-1.5216,-7.5127,-8.1552,8.6904,8.2455,-9.4013,1.3282,-9.4927,4.0462,-9.9497,9.5483,1.7386,1.2055,-2.7084,0.6609,-8.5663,-1.8182,7.1528,-1.7311,-8.2986,8.2915,-0.3275,2.2598,-4.4381,2.1619,-6.0615,-5.8895,3.1493,9.0667,-2.8109,1.4526,3.1315,1.7015,-2.3812,-0.4328,1.8458,8.0172,-5.4545,-8.5782,-9.6909,4.8927,-2.4912,4.7961,-3.6835,-6.2699,-1.4647,6.4575,-0.9382,5.0554,-5.4323,-5.3743,8.4067,5.3306,-7.8258,-1.5566,-1.1249,-4.4414,5.3267,-3.0897,-6.8381,-4.8522,-4.3101,2.0003,9.6026,0.74,7.5663,-4.9639,7.6968,-0.1597,-0.3552,2.0489,6.3196,-0.2845,1.9976,-0.5228,-2.1588,6.6269,9.0972,-7.9548,-4.0548,9.8021,9.7492,2.0292,-6.0192,9.8206,-4.5469,4.1641,6.8852,7.8075,-1.905,-1.5176,1.4366,-3.2128,-9.0342,7.8903,1.2376,-9.4671,-8.5605,-7.0049,-3.3723,-1.6824,7.0983,0.2819
5.5428,-8.1746,5.6663,2.9484,-8.8906,-7.1873,-6.5158,-0.4616,2.7914,-5.955,-8.3105,5.2242,4.1058,-2.7146,4.9856,-6.8968,4.9158,2.7415,6.4135,4.8445,4.8909,3.0276,3.1231,2.0811,8.463,-7.2988,-2.751,2.5836,-2.7426,2.9183,7.1437,7.2997,2.7034,9.1253,-3.516,6.5144,-2.962,4.5323,-5.1697,-2.8759,-9.2402,-4.4194,2.7084,4.0488,3.8907,2.5591,-0.565,-3.0464,5.2283,0.0027,-2.4698,9.7519,3.8065,-0.3395,1.7841,-0.1636,9.5552,8.4416,-9.8858,8.9791,-5.1801,-0.4814,0.4694,-0.2344,7.3521,-8.813,-6.1165,-0.6296,1.9834,4.3236,2.4101,-4.4522,-9.5167,6.5537,9.2161,-6.528,1.4798,-6.8042,-2.7524,2.2017,1.8047,-0.4295,-4.5314,-8.6911,6.9526,0.6864,-6.0352,3.357,5.0229,-0.6266,5.9706,4.7307,0.5312,-5.738,9.1211,-7.9347,3.6847,-9.5939,-7.8927,1.0295,1.978,-0.9809,3.3754,9.3924,3.3072,-8.0989,0.4304,-1.0228,-0.4157,-0.2603,5.3116,-1.1962,-3.0083,6.7219,-6.5178,0.4503,-0.0568,5.0976,6.1802,-3.2809,8.6015,-1.7194,9.1554,0.4957,-7.8869,9.1316,7.9227,5.5142,-9.7507,5.4435,2.2327,5.3294,0.7645,-2.9822,0.3201,-2.9174,-8.8877,1.9792,-4.6554,7.7269,0.0943,-6.0203,9.6877,-1.6766,-1.0626,6.8981,8.6701,7.079,6.2828,2.4747,2.0972,2.3823,8.2899,5.714,-7.915,7.2488,-2.5261,-0.5614,-4.7503,-4.2434,4.6636,6.5444,3.2135,-7.9443,-2.4489,-5.2031,-1.638,9.8598,-9.1592,1.9389,6.1563,-1.0318,4.1341,6.5949,8.1144,-9.6041,5.9397,-4.5986,-2.4769,9.2444,6.7395,-1.6499,5.4089,7.7182,3.1839,-7.5345,-7.4008,-7.9658,-0.4291,7.9866,-7.5687,-0.2149,6.7061,-0.4355,-6.4478,-2.7914,1.6258,4.4287,-8.2515,9.2716
-3.9711,2.9301,6.1967,-0.4438,-3.2414,1.2553,8.9542,7.7802,3.6315,-3.0203,-6.9953,-9.3358,9.8697,-2.5882,-0.4505,6.5471,5.6129,-0.1498,3.741,-2.7717,-1.1786,1.809,3.0698,1.3541,6.9829,7.9005,0.6568,9.9176,7.148,5.825,-6.0788,1.0478,5.669,-8.1075,0.3573,-9.7644,-4.8463,2.6595,5.1768,-4.8333,7.0061,-0.2431,-2.6927,2.4283,9.3831,-2.0602,1.6315,-6.4781,5.0211,6.1571,-3.4573,-2.8815,3.6783,8.4456,2.5151,2.5299,-3.391,6.7005,-9.6665,2.7423,-6.0063,-3.9295,1.0448,7.3766,7.5064,5.4199,-5.1551,5.1983,-1.0581,0.6884,-1.0699,5.2849,-8.7857,-0.8371,3.965,-2.2325,-5.5047,3.5565,-2.7148,-4.0307,-3.523,4.549,-2.9195,-9.9142,-6.6526,7.7639,3.5299,-3.8719,-4.0611,-9.3577,-2.8649,0.3392,-9.33,-4.9269,-9.9711,7.3689,-8.2441,-0.38,-3.9232,-2.2161,-6.3118,6.7107,-5.715,2.9497,9.7657,9.7378,6.3721,3.779,-3.959,7.5126,-1.8556,-5.0727,-8.4455,8.1099,-7.8648,0.5783,4.2376,-9.0598,-0.8885,-6.6083,-3.4647,-6.2861,1.4219,-0.4423,-8.9059,-0.2359,2.9034,-7.8557,5.0685,-7.0503,4.7729,2.7543,2.8625,-3.74,-2.0925,2.8007,-5.6969,-1.5589,-8.9393,1.0586,-9.7209,1.3594,2.9648,5.3969,-3.2045,4.1619,6.4208,0.2799,2.8906,7.6846,5.6357,6.0602,6.0025,8.6564,1.5938,-0.6086,-1.2427,8.1815,3.2949,-0.9881,-6.0001,6.8196,-3.4807,-5.2768,1.1174,-0.434,-9.2616,1.3611,9.9967,0.2721,-8.5006,-1.2423,3.5664,-2.4047,-3.4475,-5.8745,9.6435,8.0599,-8.5984,9.4527,2.3545,-4.6993,-5.4196,0.4193,9.026,-9.5277,-8.7386,1.6189,-4.2485,-2.3941,7.9623,5.9592,5.5655,9.6842,-2.0095,-3.598,6.3317,2.5684,-9.1305,-6.622
7.7676,-3.1942,3.6939,-7.4734,4.7855,-6.5858,6.7407,2.0119,4.9293,5.4389,0.8062,8.9905,-6.074,4.3016,-0.6309,1.3225,4.6815,7.6258,-4.2872,-5.4089,-0.5718,-8.2696,5.8462,9.0136,-8.506,-8.4352,-5.0211,5.0384,7.8185,-6.5173,7.5169,8.6161,-3.0535,-7.9748,5.6113,4.7757,-1.7421,-8.886,-7.6812,4.6657,-9.6473,1.9102,-4.1836,5.9701,4.9406,-2.4465,8.6276,3.2358,7.1409,-5.0604,-9.0011,1.3383,3.208,-1.6936,5.1793,3.0595,1.5785,5.1708,-0.071,6.3172,-0.3843,4.4988,-5.8026,6.7668,-3.8241,-0.0757,9.4036,1.2786,-8.8598,-3.7795,-7.8943,5.4451,-7.4136,-3.6301,6.199,1.4269,-0.6618,5.8726,-7.6797,-0.5782,-2.2828,3.9122,8.4986,-1.6813,1.3364,6.5618,1.5736,4.3933,-9.4467,-2.3919,1.2779,-2.5644,0.1946,-2.3572,9.7563,0.0303,9.6632,-6.8886,-3.8905,-2.077,8.2832,8.399,-8.9497,7.1593,-7.9709,3.3827,-9.564,7.8199,-1.9195,-0.5884,0.8184,-3.505,-2.5043,-5.8437,0.6103,-3.5833,-8.6393,-9.4788,-9.1842,-6.6421,6.1728,-6.1921,-4.7837,-5.49,-7.7063,-3.3446,6.3682,-4.5288,-0.9413,6.5293,-3.9139,-5.6477,-8.6961,-4.2669,5.6661,9.5966,-7.5168,-6.6442,6.0189,3.9679,2.3159,0.6351,-0.7405,-1.587,3.3243,0.9483,-5.8268,0.6947,5.876,4.536,5.6101,0.3554,4.1137,-1.8237,-0.0576,-2.5896,-3.8038,-1.48,-8.2612,-9.8207,-6.5786,0.6155,9.4408,-9.5138,3.1312,4.72,-6.0188,2.1675,-7.4795,-0.9823,1.847,-0.3941,6.5363,-6.5564,1.08,-5.4791,0.3278,8.6548,-5.608,-7.7201,-6.8416,-1.9099,-4.7157,9.5364,7.1758,0.2455,-0.3679,8.1061,-7.8208,-6.8281,-2.0214,4.5923,-9.6794,9.9673,-6.3458,1.9865,-8.4974,4.5467,5.4271,7.2091
-6.3313,0.2176,3.6816,-8.3578,-4.3029,-5.7231,4.1472,8.1033,7.6311,1.6719,4.7147,3.2417,4.2427,8.4449,-8.5529,-4.6956,3.4987,1.7623,4.3289,-9.739,-4.1791,-8.407,-3.7877,5.4696,-4.9595,6.4433,4.708,9.9569,-6.4111,-8.7284,8.2319,2.9019,7.1807,-4.5781,9.0618,-4.2666,-9.3968,8.3621,4.6951,9.5809,8.1548,-7.6605,8.7319,-1.3987,-1.7504,-5.095,-4.7606,1.0835,1.0088,-8.4717,-1.2067,3.4596,-0.8806,0.6414,4.355,6.9606,8.1939,1.3145,8.8932,4.3633,8.7196,8.3879,7.4837,5.5895,8.7208,-5.809,9.2571,-3.3922,2.456,-8.6561,2.5357,-9.8922,-8.9454,4.2295,9.5184,9.5204,4.8249,-0.5918,8.6364,-5.6866,4.4459,3.6315,0.0186,9.5106,-5.0077,-5.3423,-9.6958,5.7115,-1.1589,-8.1719,-9.7745,2.5558,-6.3203,-9.2116,-1.6108,6.4197,-0.5183,7.8279,1.378,-3.9504,-2.5556,-5.8383,6.3316,2.9309,-4.8901,6.2291,-9.7066,-0.3223,-1.0495,0.9143,4.3737,6.5678,4.8895,-7.2527,-8.1674,0.7467,-8.6165,0.1603,-3.6655,2.5882,-7.9463,9.9418,-7.2444,5.4131,0.0992,2.5287,0.3396,9.8892,0.9391,0.3856,-8.829,1.4642,7.361,9.7193,9.2413,-9.2524,1.9042,5.4454,6.6121,1.2581,-3.1028,-2.1576,8.4961,-3.6547,2.1237,1.6105,1.2475,9.2467,-6.3407,0.438,-2.2255,5.2477,-9.8568,1.534,0.2758,7.7419,7.634,-4.8666,-7.9944,3.2561,3.3599,-7.9378,-2.8507,-1.0256,-7.7408,-8.8608,8.635,4.8824,1.006,8.6846,8.9248,8.4015,4.3736,-1.1184,-5.5144,3.6471,3.2327,8.6581,5.0595,-1.4175,2.6696,7.5259,-7.9139,-8.4563,-3.1688,-6.9257,-9.0854,-8.2601,-3.4573,3.7949,3.8714,-2.5917,-1.6405,-7.0152,2.9947,-1.2418,-5.3447,-3.2566,6.8899,5.2346
8.0486,3.7335,-8.0735,7.6614,-6.5468,-8.3948,4.0667,-2.4375,-9.4986,3.7213,4.6645,-6.241,7.3642,4.6327,-3.0132,1.4921,4.2242,-8.344,2.0238,8.2349,5.2632,-9.6227,0.9953,6.2568,2.8407,-1.2749,-4.5673,1.4663,-5.4052,-1.7147,5.6239,8.8814,7.6917,-7.1632,6.9056,-3.7559,8.9872,-0.9321,9.3106,-9.7805,-9.7953,1.6301,-7.6977,2.3709,5.6504,3.1368,0.2423,-0.9902,0.524,9.1274,2.325,0.422,6.1082,3.8816,0.5104,4.1543,3.6419,3.1912,-1.7909,-9.1862,8.559,7.916,6.9262,8.5264,6.1681,-8.8897,-9.8474,6.9709,6.8233,6.4127,1.9158,6.9623,-1.7771,4.5638,-1.7812,-2.048,-2.4124,-1.1526,-3.7817,-5.6864,-1.8689,-8.1375,-1.2785,9.2515,9.426,-2.7409,1.3065,0.9767,8.7179,-7.32,8.386,7.3122,-4.6763,-2.9301,-3.5182,-6.7839,2.6896,5.8159,2.4849,-4.4931,7.9569,7.2143,-2.6097,3.3108,-4.3498,6.4237,-8.8573,1.7997,-8.0337,0.149,4.7355,-1.4352,-9.8916,5.215,5.2876,3.4668,9.1632,5.8557,4.4244,9.8313,-1.0265,7.8892,6.6006,0.6024,-0.4751,-9.9823,9.8413,-6.4162,-5.8247,5.0204,4.4965,-7.8534,-7.2478,-6.6698,-9.952,1.717,-1.4547,-3.1371,7.2593,4.6099,-5.5118,1.6226,5.013,-3.2423,-1.1072,2.8296,-3.1748,7.3445,-9.648,-9.5938,-0.3172,-5.1581,8.1165,-9.1344,-2.7104,-1.4685,6.564,9.3342,-8.1813,4.5417,7.0584,-3.5017,3.4171,-2.0203,-1.1335,5.1254,-0.8694,-4.6808,6.0262,2.5926,7.5868,-6.0129,-8.2206,-0.742,9.6889,6.0404,4.9704,0.7395,3.7239,-2.6115,1.0399,-3.8644,8.8688,5.3266,5.0485,-7.9852,4.556,5.4973,6.7123,-5.3596,-7.4158,8.7915,-7.4603,-9.3724,-8.1233,4.1736,-1.9916,-0.5924,-2.7577,-1.9117
1.9934,-1.2677,3.1508,3.3432,9.4584,6.8128,-8.652,-5.8331,-1.6693,-5.5192,-9.3378,-8.9733,-2.4116,0.0874,3.8499,-0.4177,4.0727,-6.1134,-1.0546,-9.6121,5.8878,-5.6471,3.8011,5.5937,-3.3815,-9.1065,4.234,-5.427,3.8979,-5.6348,8.7986,5.123,-2.7964,-4.2092,9.8277,-9.7283,1.9974,3.1282,2.3284,5.3442,-2.0774,-6.104,2.9343,-9.803,-5.6267,2.1421,8.6116,-8.9522,-8.5486,-5.6219,0.036,1.9388,-4.5584,2.6236,5.1647,-7.4213,-1.7266,2.5056,5.7525,-2.0097,-5.9913,-4.7006,6.4174,-8.249,3.1659,-5.6424,-4.3481,4.0154,9.6679,-4.8868,3.9426,-3.0873,-6.6699,-5.1062,8.9146,7.7459,-7.4605,-8.5571,4.6112,9.4857,-7.1552,8.4114,1.9137,5.0149,-1.2124,-3.6135,-6.8122,3.9325,-1.3219,-5.0792,7.3243,-9.4801,-5.0423,1.0477,4.587,-6.7218,-7.8674,-3.1562,-1.26,0.6189,3.3329,5.0228,-6.3946,-6.9108,-3.8809,8.6945,-4.5675,2.7177,-5.1637,7.6225,-0.8307,3.9433,7.5795,-6.7963,-1.9729,-5.768,2.509,9.5629,2.0008,5.5945,-2.0257,8.5692,-2.3494,6.8021,5.6741,5.7439,-3.1142,-0.8988,0.2702,-2.1244,5.7894,-9.7303,8.7636,-5.968,-2.4975,7.4028,2.1419,-8.4055,-8.5182,7.2319,8.2277,-3.4082,5.1157,-6.7715,-2.4227,-1.0384,1.6954,-9.8868,-6.1561,1.8325,0.1521,-4.8029,4.6501,0.0819,2.3083,-4.0211,1.1699,0.8237,5.0676,5.3027,-5.5482,8.3507,-9.4316,6.696,7.0065,1.5065,-8.2295,0.9696,4.0833,-6.7244,7.5081,3.647,0.363,-1.7477,-5.6547,3.559,-6.0125,6.8971,8.7167,-1.1396,-0.1037,1.7153,5.1116,8.4204,-1.2653,-2.1531,-1.0352,7.8706,-2.1321,8.3137,-5.3062,0.8257,1.07,9.3233,3.9879,-3.1247,4.0609,7.2596,-4.6588,5.3331
4.7796,-4.81,-2.1775,-0.9009,5.1143,-6.1662,6.4021,9.2076,-6.3275,7.3738,9.8754,-1.3154,8.319,6.6073,-4.8883,1.4277,3.6876,-6.5743,2.3303,-2.0703,-7.4201,-1.714,2.0002,0.6779,0.6842,-6.2855,7.0195,-0.2602,0.9257,-3.5693,-6.148,6.3572,-9.04,-5.2692,-2.245,5.9133,-7.4938,5.7981,-9.6817,-7.2786,-8.0945,-7.4417,9.6435,-7.7658,9.6316,-8.8887,5.0275,5.8651,-7.1615,-9.7773,6.2613,3.5328,9.8168,-5.0439,9.9669,-5.7862,-0.3218,-9.4975,4.5997,4.726,-9.1862,-9.2394,-6.5952,-4.6218,9.6612,-0.7704,-0.0554,0.6349,-8.4229,2.0461,-4.1916,-1.5817,-6.1736,9.1952,-4.712,6.9197,-7.8373,2.7782,2.9143,7.7823,-0.6859,-4.9893,4.6629,-5.3464,-0.3656,-0.507,-4.7633,6.0469,6.8283,-7.5968,-8.081,-9.6227,6.2601,2.9972,5.1298,6.6131,-5.6169,8.7743,-0.9774,1.7939,-3.6311,0.2949,-8.1661,3.6925,-6.2939,-6.3723,-3.85,0.8599,-9.1531,-8.9086,9.1502,-8.3393,-9.6336,-2.7396,-4.5778,-7.0525,1.6715,9.4117,-3.1165,-6.9252,2.9248,-8.5143,-7.1551,-0.0354,-1.0054,-1.3413,-9.3743,-1.5774,-9.6356,4.8741,-9.8161,-7.3456,-1.1864,-0.7449,0.982,-1.1789,-1.7006,9.8265,5.0387,7.5906,4.6294,9.476,-9.6491,-8.6162,9.4601,-7.9646,4.4464,1.6596,-9.4428,-7.8541,7.5294,7.7722,9.7474,3.6634,1.0677,-7.0532,5.0379,-1.2226,-7.2974,-4.4602,0.2122,-2.8262,-7.2184,0.1156,8.4771,-2.8431,3.8216,-6.7612,-5.0802,-5.1052,1.9862,-3.2218,-4.5736,8.0376,4.1587,-9.0009,-7.3558,-4.068,4.4383,-4.8045,-8.7087,4.3316,8.1829,9.5244,6.4232,4.3358,-4.5699,1.4588,1.4126,6.8451,-8.1343,-6.9656,5.2805,-1.6286,-9.0237,6.5118,-7.8946,4.3381,-3.7992,6.1366
-3.7811,1.1376,-4.1025,-4.7472,3.3672,-3.3865,-1.5947,3.5376,5.9078,9.4206,1.6376,5.397,1.0638,8.2974,9.0119,3.1895,4.5091,3.3051,-2.538,-1.7863,-1.5598,-3.7795,-3.4108,7.4986,1.2097,0.2729,8.0161,7.2236,8.5112,6.088,-0.4303,-4.4749,-3.4858,8.3968,8.9396,-2.5053,1.9621,-4.9352,-8.7027,2.3679,-6.6378,-5.2295,3.1241,4.1936,7.8061,0.2149,-9.9283,0.3608,1.3008,-8.1512,-9.1404,-0.0433,-8.2812,4.4041,-6.319,3.7673,1.3801,-3.4657,9.3892,-5.4018,4.4977,1.0361,-7.7458,-1.9956,-9.4289,8.1291,8.7974,-5.2537,-9.9001,6.917,1.7576,-1.7066,-7.3071,-0.4544,-0.0341,-9.5746,-7.4081,2.3016,-8.0174,-5.7571,-6.0299,3.2063,8.3489,-8.3171,-4.7307,-2.0437,-4.3738,3.8339,1.5632,-0.8958,-9.3789,4.5419,-1.4283,-9.1162,-1.5115,2.7122,8.364,-5.409,1.377,-1.0153,-8.1499,4.8329,7.508,-1.2196,-0.3034,4.1893,-0.6624,-1.9319,-5.5893,1.4548,2.5325,4.0999,-0.0604,8.227,-3.506,-7.1771,7.8495,-4.7244,0.3834,4.0689,9.5924,1.9511,8.5321,7.4519,-7.924,-4.7587,3.3947,-6.7788,-7.5316,-0.4158,5.7756,7.7951,-9.1783,-8.3346,-0.895,-1.9994,-4.5569,7.1604,-2.1425,-4.8487,7.8217,5.1251,0.1281,7.3559,-6.0386,0.8076,-1.2786,-1.183,-3.3665,-2.2208,-4.8922,6.9552,-0.972,-9.8887,-3.3639,0.6265,5.5881,5.2631,-6.9086,-6.5042,1.3453,-7.622,5.3574,-6.5599,5.5242,9.3892,2.9027,-3.8792,5.1113,9.5806,-0.3593,5.9077,5.34,-3.9491,3.4274,-9.3626,-7.9998,-3.2998,3.6019,9.7075,-2.8726,-7.625,-2.6382,-3.8537,0.7734,2.1254,1.5118,1.8172,-5.5684,4.0087,-6.5901,3.3232,-4.9057,-9.9323,3.941,-1.429,0.7874,-7.343,4.4119,8.2693
-0.8089,7.8071,-8.4976,-7.4234,8.8842,8.9372,8.1632,1.4793,-1.9937,-1.5106,-2.6455,1.7837,1.6645,-9.6125,-4.7878,-4.2427,7.5752,-7.5787,-6.062,-8.1324,-4.203,1.9319,-9.9486,-1.4375,4.0615,5.1837,2.0504,-8.684,-6.6473,1.0028,-8.0775,9.1673,-1.0103,-2.2921,1.5986,-4.5821,-3.2495,-1.2377,-0.9357,-7.8303,-1.8732,-9.2012,-0.6612,4.6369,-3.3281,4.7627,-1.4132,7.8476,4.9087,0.2653,-8.8962,-6.7759,2.0109,-2.1183,-8.8029,7.0564,2.4554,-1.1922,6.4445,3.8285,7.2884,-3.9587,-3.4901,-8.2147,8.7275,0.073,2.1723,-9.366,1.429,0.0223,-4.9704,-5.0233,-1.6501,-3.7834,-9.4546,-5.508,9.484,-1.9652,-5.1042,4.759,6.7835,-2.7576,1.1312,-0.2997,2.8522,-0.8149,0.6704,1.6263,2.4186,0.0395,4.4721,2.7015,-4.5418,0.1196,-9.7575,4.876,4.9085,8.7181,-4.7161,1.0128,8.056,7.2406,-5.738,-1.147,-5.3782,-1.7272,4.2682,-8.5406,0.3175,9.6973,-8.6563,-8.6775,7.6779,-9.1009,6.4933,5.9209,-2.6085,-7.0408,2.0113,4.3457,-4.1893,4.755,-7.4359,-0.7965,-1.1861,6.0861,3.2837,0.757,1.9858,-6.1084,3.6231,-9.8855,3.7526,5.5362,-5.3492,-3.3238,5.3166,7.6635,4.6873,9.5325,9.339,-7.3543,-6.2481,3.8906,9.788,6.966,-8.0243,7.7796,-0.9162,6.1024,8.3059,1.5869,-5.5694,7.7566,7.599,6.3648,-1.2009,0.5569,-4.0648,0.6477,4.6881,-2.4786,9.4799,0.8709,-6.7529,-5.0251,-4.5908,2.7377,-0.1782,-8.641,7.5538,6.0237,5.8857,3.139,0.7457,-0.5519,-6.876,-7.2219,3.54,-6.1102,-9.0061,0.9973,2.6451,-1.4226,9.3085,6.8019,1.1584,2.8184,7.5393,0.8736,-6.4408,4.93,9.0644,7.4747,1.7927,8.7086,6.7399,-2.9325,-4.3643,-4.3269
-9.7931,1.3828,-9.6737,6.0388,5.2373,9.2097,-7.3977,1.4211,-9.9201,-4.719,-0.373,-0.1806,-6.425,9.4692,-1.8014,-2.8934,7.0457,-3.5229,-1.172,0.3228,-8.6434,1.9658,3.9295,5.1423,-5.3265,-0.0085,3.1787,-7.0384,0.8008,1.5819,-8.8589,1.7695,-9.349,2.336,-8.1388,3.2767,3.6339,-6.4112,0.9392,-7.5976,-0.1176,-0.7826,-9.2945,1.6619,-9.1583,7.4179,3.6692,-7.686,-4.9842,2.854,-6.085,-6.4828,2.8019,3.1947,5.6386,0.029,2.9366,2.1627,4.8167,0.7118,-3.965,-1.8237,-9.6641,-5.4636,-4.6292,4.5251,-1.2136,0.8372,8.9893,2.4871,-1.9981,8.9533,0.7016,0.3807,-6.6235,9.5157,-7.7904,-6.7595,-0.0911,-6.9062,-1.3881,5.1249,-6.2689,8.3015,-8.1274,7.6588,3.3181,8.0397,0.3473,-4.479,0.8925,-8.4176,-7.1566,1.9826,7.5275,-6.2255,-5.6866,-7.7271,-9.5962,0.367,1.9062,8.6606,1.9761,4.9597,-1.8117,-6.4762,-6.323,4.3573,-5.3512,1.3398,-4.7171,9.0576,6.974,-0.4632,6.6652,3.0396,-0.3389,8.4536,0.4949,-2.2911,7.0118,-0.0829,4.6606,-7.5716,1.6156,-7.417,-6.9631,-2.8655,4.4134,-5.9058,3.5009,0.1055,-0.0272,-3.5186,8.0119,-2.0257,-2.1716,4.5742,5.2036,5.8675,-1.7777,-2.3674,-7.8949,1.0747,-1.6744,9.5725,3.7223,8.4653,-5.8052,4.2531,-1.0355,8.4611,-3.141,-8.7863,9.4534,3.5988,-0.5085,-5.9967,-9.6071,-9.0969,-0.2557,-4.128,-2.5628,-2.0031,-4.1513,7.3196,-8.301,7.9258,-7.8582,-0.7262,7.7259,-8.4398,-1.4322,8.3379,-9.3408,-5.5642,8.2136,7.1963,5.5254,5.7865,-9.524,0.9967,-2.2115,9.6052,1.1814,-0.0932,-8.8742,1.1207,9.414,2.6948,6.4766,-6.8383,-9.8233,1.0081,4.2116,6.8559,1.7834,4.038,-4.2694,-1.1569
3.0949,-1.4003,-5.1148,-5.0934,-6.6462,9.142,-2.8706,-2.8819,-3.6499,-6.7176,0.5815,-9.2136,3.6148,-3.6909,4.5368,9.074,8.7376,0.8022,4.4915,2.5622,4.8106,3.5284,-2.3293,-1.6241,4.8109,2.3447,5.916,1.4535,-2.8017,-8.2732,7.2638,-1.4091,-5.3102,7.3312,2.3179,-4.6244,-6.2643,-8.7155,2.2389,-0.1199,0.5811,3.0104,5.2021,-7.0768,9.0444,2.857,-6.7913,-1.5106,2.2666,0.9868,1.0358,-2.916,8.0839,4.6437,-9.0173,-7.0054,-4.4792,2.7508,-1.9424,-1.7497,2.0922,4.2355,-6.6048,-4.6862,6.2302,5.9243,0.1691,-8.4962,-8.5093,6.1064,-8.6786,-4.7682,8.8686,2.0801,-8.6757,-0.3202,-4.7508,2.8063,-9.56,9.0205,-3.1553,-9.7341,7.5986,-4.2198,-5.9215,4.1569,1.7947,4.439,-3.727,-1.7061,9.8249,0.7622,-5.4684,3.7886,-8.0945,-4.9061,1.2962,-5.038,2.6658,-9.4454,-9.6601,0.3952,-2.3999,-5.9923,4.4542,5.3292,-3.0451,-6.7416,-8.0476,4.8832,-6.545,-9.5636,-4.6916,6.0896,-8.5194,-8.965,8.3456,-5.414,5.8805,-3.0923,-9.3466,7.6231,-1.0308,8.3725,-0.5465,-1.7184,2.1871,1.8191,2.4047,9.7337,9.246,0.063,-3.1922,5.5368,7.4934,4.1942,4.3848,7.8807,2.0801,6.6826,-5.3048,7.2598,5.9811,-0.6707,-4.3488,3.2582,-9.1996,7.597,-0.3255,-4.2802,8.3503,6.3406,5.2989,1.9538,2.7128,-7.9232,-5.5992,2.3701,2.842,8.1937,-7.4329,-9.5135,5.1344,-3.1793,-3.8049,2.1323,6.0545,5.4481,-7.0609,6.3959,7.4278,-0.3546,7.6785,-9.4924,-6.2735,-9.98,5.3987,-4.7312,-8.2914,2.2523,4.1854,5.5613,-7.7893,-2.8525,4.1587,-3.336,-6.2186,-9.2513,-9.9878,5.9085,5.3703,-8.1346,2.8986,3.1787,-2.4157,5.6453,4.7673,-2.5156,6.9849,8.0339
