-0.2726,-5.4836,-1.6415,6.5789,-5.8009,-6.6213,6.5558,-1.4542,-1.1094,0.5362,-8.5723,-0.5614,-2.432,-8.2207,-0.4656,1.5622,-9.7987,-9.3354,4.8531,6.2735,1.5271,-1.0176,1.804,-7.48,1.7625,1.1142,-9.6311,0.9086,2.7586,2.5499,5.1191,2.693,-3.0026,3.6618,4.8838,-0.5408,-6.4859,4.5503,4.9095,-7.3502,-2.6705,7.7064,3.3945,7.0555,8.1141,6.7427,9.8256,3.276,-1.8746,-3.4488,-0.2163,-6.3851,-5.1696,9.6973,0.2448,-9.3976,5.9916,-8.5933,8.6915,-6.285,1.5268,7.172,-6.966,6.5935,-0.9205,2.2648,5.6326,9.2582,8.297,-4.7728,-5.9134,6.1073,5.5313,7.2121,4.9523,1.4793,-1.1886,4.7461,-8.5134,5.6715,-7.5806,1.1773,5.97,-2.6245,8.6684,-2.5473,5.9731,9.7228,-5.9176,-7.2097,6.9976,-2.9606,0.5239,-0.079,-4.0656,-2.4002,6.066,9.5278,-4.0157,5.0249,-9.058,-8.2422,0.4802,9.4678,-4.8303,-2.7217,5.5136,-9.5858,-5.5402,5.5923,2.4924,3.2759,-9.9184,6.3383,-6.0339,1.6947,-1.0437,-4.3605,9.6681,-0.6904,7.0246,2.2152,4.4798,0.2481,0.8311,6.4382,-4.0447,-9.6539,-3.0669,8.8398,-7.9625,9.8939,-9.121,-8.3266,1.1022,8.6746,-4.7944,2.2412,-5.7882,-9.8919,1.7892,-3.3481,3.7867,-1.1399,9.9411,9.6243,4.1264,2.0187,4.8354,0.5268,-2.9137,-8.2701,6.3262,9.2704,-7.1803,7.9442,-9.6364,1.4404,6.9906,9.4415,7.2721,-0.0887,-4.495,8.7863,1.0112,8.9328,-7.9676,2.2067,-3.7526,2.3317,-8.2685,6.4513,-0.684,8.5102,-2.8856,-6.4201,1.8156,-4.4669,5.8329,-7.2419,0.6629,-0.1392,-0.144,4.3505,-0.9356,3.0367,-7.5686,-1.3521,1.0173,1.3085,5.8489,2.6009,8.0208,-8.0428,0.647,0.8082,-6.942,6.0935,-1.9908,-6.0288
-8.0003,-8.7971,2.611,7.8136,-0.3526,9.359,8.0127,7.2464,2.3242,-7.7754,-5.4237,4.3176,-7.0577,3.5336,-5.4434,6.5187,6.3161,3.941,-4.9737,-1.4649,4.8239,-6.6084,2.1342,-4.26,9.8183,-4.4562,-9.2819,-1.5946,5.4325,2.2607,-3.9921,-0.774,2.527,-6.6006,6.8189,0.8289,1.388,-1.3818,-0.1651,6.6221,8.1498,-7.3381,5.2136,-5.7098,3.1261,-1.958,0.1446,7.3581,-9.4627,8.4256,-4.5278,-6.8582,9.7324,-1.4314,-5.2293,5.831,-3.5961,-4.8145,0.6782,3.677,-6.4294,-6.2448,1.3976,5.4344,3.0514,9.0381,6.5419,-1.5974,-0.504,0.2995,-1.6376,5.3136,9.7917,2.5295,9.624,6.2931,7.5599,-9.7037,4.6059,-5.3761,5.8235,8.46,-4.5555,-4.3978,1.8739,8.1501,-5.539,-9.0162,0.4131,5.2192,-7.2886,4.3718,-1.3083,4.7849,-0.401,-4.2603,5.7889,-4.9016,-8.4865,5.833,-5.6271,2.7645,4.6447,-3.1217,-5.739,3.2626,-9.9176,-1.8653,-2.3396,-6.5916,3.4389,-8.5048,-1.115,4.8085,6.5774,-0.9547,5.2685,-7.2003,8.8582,-6.0532,-5.6158,2.1494,-2.356,-5.6673,-9.6603,2.5107,0.4742,-7.4171,7.4146,6.0529,-4.8645,-8.0083,1.3399,5.5735,2.5746,8.7238,1.4255,-5.7143,1.5338,9.3224,-1.1918,-0.1139,6.9585,-7.0639,-5.5096,-5.3647,1.3321,-8.5922,-8.8402,7.1366,-9.2811,-9.005,5.6632,1.9587,-0.7015,8.7747,-1.0455,-1.6201,-7.6619,-3.029,-4.5022,-4.569,-5.4529,9.0848,-1.4606,9.4612,-6.7548,-9.793,7.4149,1.2582,9.3899,-1.9335,-2.5711,5.7519,5.9687,-3.2603,-5.3588,7.5719,-9.3437,2.9569,4.9135,3.0663,-7.8424,5.1355,-2.8125,5.909,-2.9452,-1.6606,8.7112,9.4413,-8.8539,8.6199,0.5987,-5.4641,-5.0646,-8.8027,1.4501,4.021,-6.1548,-5.2793
6.565,-2.6489,-9.9391,8.7891,8.1241,1.5892,9.2587,-0.765,-7.9833,-3.8302,9.1307,5.6719,-3.9121,6.4979,3.225,-7.701,-0.8081,2.8797,0.6197,5.9934,8.6573,3.0305,-2.8177,4.2284,9.2251,1.9336,-4.9546,-4.7329,8.9695,9.4356,-0.1831,9.5427,-4.2084,-6.3454,-1.0278,4.7288,9.3035,7.7252,-0.236,4.3694,1.5625,1.9309,-8.8383,-7.966,-8.0483,3.1184,-9.9259,8.7543,-8.2893,4.8263,9.6772,0.6818,-1.2331,1.6726,4.0444,7.3049,-4.8242,4.5378,1.6127,1.6576,-3.2388,0.2907,9.6587,2.7948,4.8948,-6.7581,2.1837,-3.2862,-5.4993,1.8642,3.7247,-4.1438,-3.9309,2.0895,9.6289,8.276,0.1077,-4.3014,6.9647,-7.1839,-4.5531,9.4907,-6.9968,8.9386,-7.3047,4.0537,6.194,-2.8478,3.8475,-0.2794,-6.3722,-2.6145,2.7129,9.7665,1.2243,-4.8298,-0.3661,-1.684,8.9552,-3.2751,-6.53,8.6939,-0.3744,3.8532,-5.9734,-8.7633,3.9866,8.8516,-1.9131,-1.8314,2.8511,8.7352,1.289,1.881,-4.1797,-1.753,-0.2815,8.9873,4.4818,0.7693,1.1906,9.5778,-0.1497,0.1527,-2.6416,-0.7783,9.5782,-1.1883,-5.2301,4.5899,5.0102,-3.6813,8.6684,-7.0244,-1.0238,-5.5459,6.6267,1.9928,8.0499,7.0317,-0.91,1.9873,-3.8852,-8.8503,5.203,2.5086,-3.259,4.8267,8.5106,-5.6425,-3.7127,8.5862,1.6241,-4.3368,7.5651,6.4302,-3.9907,-4.3351,-5.6316,-2.5743,-7.5286,-0.9435,5.0912,-7.1341,0.3746,0.9378,1.0648,6.099,6.2839,-8.9086,7.4701,0.4044,1.5352,-6.7368,9.4927,8.2708,-4.5599,-0.5787,-2.7054,-8.1717,3.1894,-4.8422,7.7254,-0.3541,-0.4856,-7.1443,-4.127,4.2459,-9.4638,-6.5276,-7.214,-6.4111,-2.6823,0.3504,7.255,3.5679,-5.2537,-0.1086,-8.2624,8.2983
9.5777,5.2357,-3.1073,6.9139,-3.2271,-3.7823,-2.2265,-6.5342,4.726,-4.3019,-1.7662,8.8539,-1.1413,-2.206,-1.8955,-1.0705,6.5928,9.5006,5.4247,6.3595,-2.211,-6.0407,4.6325,-6.9378,-4.7238,0.1566,3.8258,-3.6823,-3.3985,3.2211,-5.9085,7.2544,-3.8432,0.363,2.6108,-8.6953,-1.0155,-9.3931,3.7793,9.4171,-5.9149,-7.4859,-3.4997,-6.903,-6.8467,2.0583,-7.7996,2.2632,-5.8647,-6.6091,8.2151,-3.9849,4.0855,5.3478,-2.1397,-8.8513,-5.461,2.9798,3.151,-6.6033,-5.345,7.1372,9.093,-5.3404,2.2988,-1.5814,5.0126,-0.231,-8.1432,6.0274,2.5692,-5.9702,-2.8057,2.9611,-5.2928,-8.5198,5.8278,5.8873,7.1754,0.987,-5.5961,3.2935,5.3533,-4.9915,3.8093,-7.6906,-2.6419,9.3327,-1.6372,-3.2954,5.008,3.7463,-0.0685,8.7852,3.2874,5.6173,0.0733,2.2732,-4.6338,-0.3616,5.9788,5.6513,3.9114,3.4533,-2.5927,-8.487,5.072,-0.0199,-8.4461,-7.5053,-0.7732,0.1041,4.6708,9.9743,-8.4597,-5.4072,-5.9861,-3.2934,1.7406,0.8927,-9.7729,3.6858,3.7358,4.4026,4.8586,-2.2915,1.7617,4.5925,7.1693,-3.3199,-6.0192,-2.9251,2.2537,3.4527,-6.4453,-2.2347,-1.7667,4.9957,-0.2618,-6.1197,-9.9775,1.4371,8.2602,-7.1125,0.2173,6.8054,5.0027,-5.2461,7.6795,2.7459,-2.2276,9.1724,-6.9069,-8.7072,9.4162,-3.962,-9.971,1.9606,-6.3755,-3.7513,8.8258,-6.2016,-3.3888,1.3849,3.5278,5.5725,8.07,8.0904,-6.5558,-6.3108,6.7805,4.3394,2.0534,-8.6975,5.7056,-3.262,8.5178,-7.6785,0.2638,7.2431,1.3718,-1.1069,-3.1591,1.7654,8.9877,7.6779,6.8,0.7649,-3.3423,9.4021,-7.4287,6.1215,4.062,1.2043,3.6316,-8.2154,1.1764,5.3828,-0.7647,-7.263
2.986,9.0319,-4.1065,5.7876,2.5761,-7.2109,-0.1065,-8.0426,6.0567,-9.2428,-1.8721,-6.9555,8.394,-1.7042,7.3242,-2.4192,-0.8263,-6.544,-3.4725,-7.6975,2.1003,-2.8311,9.723,6.9736,0.3843,-4.0856,-1.8162,-4.3893,-1.6101,3.3517,5.2052,3.9055,6.9413,3.8826,7.1691,1.4937,-0.956,-7.7276,2.8006,8.454,6.6382,-4.914,9.7781,-5.9965,7.8514,-5.6098,5.8744,3.2123,7.6468,-3.824,1.3007,9.2815,-8.7101,-3.9714,1.1593,-1.1966,-8.5085,1.1163,-3.6607,9.9808,8.0752,6.4709,8.758,5.7469,-2.5082,-5.1102,-5.0892,2.3669,2.1887,5.2393,-2.8261,-8.4436,3.4886,-3.8532,-0.067,7.6354,-5.4724,-4.3103,3.4643,-8.4158,5.9611,-9.8672,2.2386,-7.7617,2.3157,5.209,-4.7334,-6.734,5.1837,-3.7089,3.0419,-0.1275,-3.8244,-9.7403,0.583,4.3967,6.2935,0.2038,-5.5727,-4.3415,9.7223,2.6762,-6.4097,9.3464,-8.0334,-4.5857,-9.477,6.6118,2.7172,-9.1488,-3.6252,7.0867,6.8724,-8.4764,0.3229,9.6674,0.0727,7.5034,6.3198,4.131,-9.8641,4.2909,2.5597,-9.5382,-5.988,3.9317,8.453,8.9009,5.1518,3.9416,0.5324,-7.2384,-0.7805,6.598,6.1516,0.593,-1.6722,8.125,6.4295,-1.482,9.4818,2.3013,0.4105,-8.2069,-9.612,-4.6621,3.9101,7.011,9.3674,-0.5485,-3.3432,1.0641,4.705,-8.2014,-4.167,6.4416,3.1594,1.6119,6.0718,-9.8587,6.1914,-7.7108,-2.5176,-6.5763,0.2883,-3.1123,6.1846,8.8935,-1.4615,9.0151,-4.9447,-3.4463,-2.8799,-5.0989,3.9385,-7.3612,-9.3198,-9.4807,1.7272,7.1379,-4.3122,3.5103,-5.7144,5.8811,-7.6896,0.043,0.34,7.8628,-4.628,8.0189,-8.9117,-5.3486,7.8869,-2.9747,1.8449,-7.4865,-9.49,0.55,-5.257,-1.377
-5.4488,6.9073,5.935,-2.2837,-1.0361,3.1197,-4.7035,-9.9591,1.9729,6.6951,-9.7163,0.7639,-8.955,5.2933,-8.0693,3.9738,6.7956,-3.9134,-8.2483,5.5544,3.9271,-6.0672,8.3964,-1.9468,-9.3934,7.3258,-2.753,-3.6397,5.7175,2.739,1.5188,8.2256,-1.0169,1.0995,7.5537,-5.8208,8.7174,0.0324,-9.6905,9.2763,-1.702,-5.5693,-1.5752,0.5525,-3.8075,-0.1693,5.3082,5.692,-6.2691,3.7938,4.8864,-1.8994,6.2566,-0.1572,-9.9789,3.5075,-1.8073,8.9527,-6.3394,-4.6499,4.1442,1.2205,-9.269,-5.7104,-3.872,1.9558,9.4005,6.1175,-8.819,-1.2407,3.4445,5.9392,9.0234,-2.3091,2.1933,8.5748,1.3936,-7.8414,0.4142,4.9405,-8.0976,-5.0892,-9.0849,-5.6054,-4.4159,-2.6562,-8.7179,-6.139,8.3548,0.4952,4.4637,1.3387,0.3332,0.3511,-4.2364,2.7904,-7.7317,-5.2142,-9.4168,5.8216,-8.7448,-8.5164,-4.2402,5.4512,-0.0155,-1.8348,-9.0213,7.6183,4.1724,9.512,-6.4901,1.8599,-2.5871,-9.5931,7.0828,-5.0533,9.8865,-1.2995,5.5781,-0.8849,-6.1793,5.0719,-6.0859,-4.2824,-7.8076,-7.7951,9.2402,-1.2857,8.5607,-9.506,-3.3691,2.1069,2.9295,-0.091,3.2918,7.6961,8.459,-9.2283,3.0324,3.1099,-0.4444,-5.2438,-0.6323,-9.0673,5.4085,-2.0842,-6.7692,-4.9047,3.7692,6.3964,-5.745,5.3633,-4.6382,-3.6585,-6.2386,-3.8989,-4.9208,-9.1419,-6.0825,-3.5245,7.8996,1.7265,0.5165,2.9669,-6.1445,4.1839,7.3193,-0.3746,-3.5178,8.6575,-8.4958,-3.1507,0.2755,-3.3678,4.6495,8.7457,-2.5396,5.0136,8.5702,9.0961,-4.4805,4.0573,-0.3107,-0.8171,6.841,-6.1498,7.413,-4.2149,-4.5651,5.716,9.7615,3.9329,1.6853,-6.7473,-9.2051,-8.795,-6.2418,6.5644,-7.0064,-8.1769
9.1493,-7.7351,-9.7706,-0.5566,-3.5634,0.9556,-5.9677,-8.4835,-7.1368,-9.3352,-4.2718,-3.4563,8.5453,-6.1606,-1.1957,-5.1499,7.4601,-4.5914,-4.9591,6.3114,-1.9408,7.9084,-7.5189,-1.5304,0.2683,6.0216,-3.6397,7.7236,9.0526,2.198,2.2786,2.7782,1.6538,5.3499,0.7054,-1.2531,-0.5987,1.1074,-6.2292,6.386,-1.1527,0.489,1.842,-1.6219,6.468,-3.4682,3.1709,-9.5201,-2.4647,3.266,-7.4039,-5.4338,5.5314,8.4159,8.6513,-0.4085,-0.532,8.2983,1.8524,8.9274,-7.9501,-9.4335,-6.6806,-2.5781,7.4135,5.2702,-4.0756,7.8203,-5.9736,-3.0101,-9.4667,8.6616,6.5895,1.3692,-0.0622,3.6904,-6.4276,-9.8198,-7.13,3.5418,-6.3857,-2.0929,5.3755,-7.2795,8.5197,-8.4969,1.8667,9.1549,6.8746,6.9409,-3.1296,-1.5745,-8.2548,5.0276,6.5667,9.7629,3.021,-0.9904,-5.6104,-8.4806,8.2325,-3.9164,-6.435,-8.6579,-9.7636,-2.156,-7.0891,-8.3598,4.9492,-2.5586,4.2787,8.2376,-3.6465,-7.0799,-1.2777,7.1904,-0.9647,9.5469,0.5774,-9.918,6.1763,-1.3549,-7.4595,-4.3062,9.6704,4.2973,-2.581,-1.106,7.8178,-3.6696,0.105,2.7992,8.9995,5.2001,-3.939,-0.9885,-8.0211,-2.8123,-4.6224,0.4217,0.6591,-0.2402,-9.0542,-9.7971,7.1295,9.9554,-5.7454,5.5839,-8.024,7.7004,-1.1379,1.1516,8.7814,3.8923,0.4347,-9.0141,-0.442,-7.1069,3.8731,-4.5587,4.3416,2.2136,9.6113,6.0452,9.1589,-8.8014,-5.7532,2.759,7.2664,-9.0185,2.5667,-9.0469,-6.2525,1.2684,7.3402,4.3926,5.8415,5.8552,4.5006,-4.919,-9.3403,7.5867,-8.4178,5.8325,-5.4645,-9.9595,2.8365,2.2067,-0.6572,6.6423,-4.6151,-9.0821,-4.0886,-9.3894,-9.8168,0.5525,3.9984,6.4682,-6.2891,3.7983
0.9431,3.1395,0.7901,1.2917,2.8188,7.4796,3.8691,7.9948,-9.5837,-4.0496,-4.412,7.6231,7.5476,4.3666,4.3894,-4.2323,8.8574,9.1574,-2.2076,6.5294,4.0977,4.1019,9.2309,8.4822,-4.7874,8.3347,0.2831,-7.2056,2.2958,-3.5849,-6.4114,1.2172,-5.7197,-8.0276,0.7454,3.2954,-5.1961,1.1192,7.0723,-7.4219,-1.889,9.7572,0.5481,2.8524,0.8508,6.1942,-5.4828,-7.45,-0.318,0.8575,3.9618,8.9354,-7.6071,8.0321,-3.6603,-0.1231,4.9113,-3.0057,-8.6214,0.8108,9.4677,5.219,-2.6073,9.9119,8.2632,-7.6832,9.2388,8.6998,0.5753,-9.3437,-9.6586,0.9986,-5.6036,-4.8812,6.5424,-4.6886,-8.477,2.0713,8.7253,9.677,1.6338,-9.4428,-1.8935,-8.5276,-9.0264,-9.5756,-8.8132,-5.8558,-8.5743,6.0667,6.3346,-6.9437,-7.396,7.3128,3.9156,0.6571,6.8172,-6.7786,-1.9841,-0.47,0.2778,0.8719,8.2772,9.2114,-0.1117,2.7492,2.4376,7.2376,3.8061,2.3709,1.8899,5.1053,0.6115,-3.2336,1.6389,2.2271,-6.4746,1.542,-1.6749,-3.335,-1.4146,-3.5662,7.6382,-1.9751,-6.3301,-9.9406,6.6226,8.7137,1.2741,0.2704,-8.0862,-5.093,-7.5691,-6.3383,-1.9844,1.3781,5.9354,2.5915,2.655,-2.4615,6.8766,-7.2887,0.5315,4.6551,-3.4591,-0.2984,8.3779,9.3818,9.7831,3.9452,-0.5777,5.6228,0.8596,-2.7947,-4.9966,2.7278,-6.7997,-2.1099,-5.7157,-3.1534,2.5764,-5.9066,-1.7998,7.3847,-3.1007,-3.8359,6.3996,7.4942,-3.3722,-5.2812,9.4345,-1.478,-0.1388,2.1099,8.7408,0.8588,-0.6454,2.8713,-1.3903,7.0026,-9.1196,0.3791,4.8043,-2.7746,-8.7183,3.4773,-6.5808,-2.4536,-6.7332,-9.4774,-9.6466,-4.0432,0.1442,-7.4131,-1.3654,-2.615,2.4338,2.7683,3.4423,-5.8773
8.1844,-6.436,1.2203,9.916,-4.6099,7.4336,3.9012,-7.027,-9.5554,1.7018,0.7701,-8.0056,3.2819,5.4528,4.1975,3.9749,-6.5464,2.9346,9.139,5.6657,-0.2629,1.1902,0.9257,-9.5728,-8.9397,3.7401,4.7534,-8.8628,-5.1107,-7.039,3.3975,7.3261,-9.5376,8.12,5.1449,-2.8,-2.1034,6.0531,-1.5143,7.3668,9.0738,-7.0722,9.5266,-4.8408,5.7964,5.6634,2.1842,4.5514,9.057,-0.9263,6.2818,1.2571,3.4157,-3.234,4.0496,2.5042,-5.2991,-6.9892,-6.5388,-8.4801,6.2094,8.9834,5.0432,9.5243,5.0289,0.0906,1.3389,-4.6602,-3.8102,3.2801,-2.9896,4.1018,6.9887,8.8858,8.2939,6.9925,7.3565,5.573,3.965,-6.9992,-4.2851,8.2749,-6.7042,-0.3514,3.4189,-2.3596,4.4713,5.8738,9.7344,8.8406,2.9807,-1.5988,7.4171,-4.7696,-5.599,-3.4249,-0.7674,-8.7751,-9.5857,7.4825,7.0585,9.2351,-0.4417,-0.5356,8.3551,6.1365,0.8204,-9.0943,-8.8022,-7.6901,-4.7351,8.8371,6.5943,8.9019,-4.3697,-4.0597,-2.525,-4.3255,5.0407,3.0914,-4.4536,-5.0546,8.2268,9.4996,2.4382,2.5177,-9.9887,6.4348,-4.7532,-2.7746,-3.7216,6.9445,9.328,-5.0371,-4.0582,0.7745,-7.5989,2.0072,1.1797,0.7675,-3.6415,-8.2734,5.1287,-8.1567,6.0565,-0.0228,8.188,-2.3267,-4.1876,-5.7157,-8.8217,3.3118,-3.0665,4.9756,4.6309,-5.6748,-4.0725,-3.7655,-1.3329,-3.0227,7.3819,-0.6521,-6.8709,7.1698,0.484,-8.8988,3.0748,-1.9367,4.1451,8.1545,-1.7036,1.302,9.2847,8.646,1.1514,9.2881,-4.5944,1.0192,-6.7558,-2.1995,7.8353,-3.6725,5.4322,-9.8049,-3.7413,1.0691,-8.0332,-6.8687,-1.5782,7.8834,-2.9627,-7.6464,3.3263,-1.3006,-9.2059,1.451,8.8454,-0.7008,5.5162,-2.5217
2.8414,1.8296,-9.0618,-7.6363,-5.6648,0.3878,-1.7706,-7.1606,-6.8483,-7.4771,-4.9081,7.8851,9.3705,-6.1584,3.8575,-4.4228,7.2457,4.6849,-3.1337,-8.9205,-5.1222,3.9075,-1.4796,-6.913,-7.9913,-9.9836,8.3406,3.1776,0.5499,6.8742,8.3987,-1.8668,-8.7671,8.7453,-0.2682,3.7927,9.5942,0.8328,0.8282,-1.4443,-7.7461,3.4228,-3.0996,1.5677,9.6494,-5.9395,0.7297,0.2415,7.0212,8.9976,7.4111,2.5293,-9.7644,-5.4436,-5.4418,-9.0643,-3.4851,-3.7107,1.817,1.5783,0.6068,8.5058,-6.0261,-7.0852,-0.4437,-1.6344,-5.5477,9.0964,-9.621,6.1161,1.4495,0.3584,-6.6967,-9.2547,-7.9311,-1.4375,1.9735,-4.0581,-1.479,1.1751,-6.5936,-8.955,-6.2237,7.2079,-0.461,1.0912,-1.3572,-4.3665,7.1297,4.6631,-9.2197,-4.6933,5.9246,6.0311,2.4879,3.8681,8.3552,1.5486,9.4559,-4.3157,2.1876,-2.3296,-6.0731,8.4626,1.7993,7.1469,3.6241,-5.0617,2.3579,-6.9833,-9.0178,-1.7155,1.3308,-9.8706,-1.9816,-5.6322,3.9553,-7.3532,-2.8633,-5.7932,9.2616,-0.9908,-7.2826,-2.9196,-0.2616,-4.2346,0.0468,5.8859,0.5569,-3.091,-7.4747,0.8421,0.1837,-6.0933,-4.9728,-0.8679,1.6967,8.2447,-9.3237,4.2957,-9.8316,4.7454,9.2456,7.1001,-4.4612,0.8302,1.1429,-8.414,3.0669,-4.7505,-1.1765,2.4533,4.387,-8.6482,1.9699,1.2149,1.263,-9.5233,-9.0925,-3.7468,-2.8193,9.031,-3.2956,-1.5281,-9.4052,-6.792,-3.338,-6.199,-9.617,4.9624,8.9039,1.0457,7.7142,-5.6928,-8.2953,9.0748,2.9728,6.2503,-1.9752,5.0958,-0.6112,9.8715,5.803,-1.0866,7.3188,5.6475,-0.7539,-4.4735,4.7355,2.7554,-6.0148,3.2075,6.5652,-0.8382,5.9778,9.3216,0.7645,4.9302,-8.4517,3.4098
-2.808,-9.7376,4.4508,1.7669,1.0514,-7.2392,-5.3981,8.3425,3.634,-1.1156,2.9571,-5.1784,2.1307,1.2941,-1.8816,-3.101,7.9897,-9.8691,1.8415,-8.2756,-5.0127,-4.9303,-2.0492,5.7468,-4.3981,2.3438,8.5534,-5.0323,0.2738,-8.4523,-6.9687,-9.2924,-8.6068,0.2749,6.9723,-6.58,-6.4112,4.828,-2.6175,-4.0463,9.8072,-9.3628,7.4017,-0.6365,3.5868,-0.5825,-0.0656,-6.744,9.0909,-7.6252,-6.0469,4.8299,-7.4044,-1.5045,3.1577,-8.6178,-5.6229,-6.126,7.1596,-3.2114,0.9273,-0.2484,-3.325,-6.1784,-7.8935,-4.3842,9.6354,2.6408,9.8868,-9.1776,-9.7928,-3.5995,2.7821,-6.3439,-7.5823,-3.525,1.9655,-5.986,5.3951,2.4339,-6.1393,-0.4494,7.5012,9.435,1.6146,-8.8487,-4.6849,8.9904,8.687,-5.7179,4.395,-0.7874,-8.7398,2.1474,-0.0881,1.2923,0.6025,7.6403,0.8932,3.7788,0.6352,0.1236,2.4156,7.5568,-1.3181,-7.4159,7.4749,8.543,-5.9611,2.8762,8.6811,6.2731,-6.7419,-3.5165,-5.3009,7.6858,-4.9403,-5.6964,3.9485,6.4553,-2.3848,-9.9063,-9.5049,-2.029,-2.5481,-6.1488,-2.7488,-3.9376,3.7555,-3.9484,3.0111,9.701,6.8838,5.9019,-0.5872,-5.2498,-6.1935,0.8003,-9.205,1.6008,-2.5704,-4.4446,8.2402,-4.2943,-0.7091,2.7509,2.2636,2.5168,-8.1868,-3.2119,-8.3352,3.2449,-0.9988,-5.25,-8.6824,1.0914,8.9362,-5.9363,0.1648,2.7399,7.3148,9.5977,-5.8615,-4.1368,7.1386,3.7749,4.1122,4.8327,4.4169,7.3206,-7.3431,7.0452,-9.4025,-1.7012,5.266,-5.9729,2.093,-5.8136,-2.7072,-7.2163,-0.9711,4.4181,4.639,8.6238,-2.9709,5.5042,-8.4838,-7.9178,-9.9421,9.4181,-7.0311,9.8568,7.9257,-3.3997,1.4452,-7.6524,-8.5767,-1.761,-8.0844,-2.1168
7.1236,-7.4099,-9.8033,-8.4136,-5.6836,-9.1441,0.4856,9.7606,2.949,-1.4555,2.8076,3.622,-4.1593,1.6176,-2.4266,-8.4247,9.4452,-0.9994,2.4917,8.926,-7.0411,-5.0704,-5.3361,-5.2088,7.7422,2.3779,9.3799,9.5321,-7.9386,1.4258,0.8549,1.4194,9.6532,-2.9078,-6.314,-2.31,-4.8342,0.6616,3.4888,8.9976,2.5311,3.5779,6.2341,9.1683,-6.4657,7.1434,-5.4842,-6.4098,5.7136,-2.5156,-2.6425,3.7474,-8.8211,-0.4561,-6.7998,-5.4409,-1.2051,1.797,3.6649,7.5017,-9.4909,-5.6026,-9.1848,6.6742,3.6621,6.7162,1.7584,-6.8753,-2.0219,-0.3541,0.8871,-2.4009,-0.0214,-2.793,-5.172,3.5741,-6.2232,-2.1661,-3.7048,2.9336,-7.8106,-7.2826,8.4488,-1.7763,-5.4709,-2.3371,-6.0077,3.4526,5.8667,-4.5339,-8.6029,-1.7231,-8.8655,2.4987,-3.5097,-5.4581,-3.5035,2.3828,1.5475,-5.6448,8.004,-0.5558,9.0128,0.4276,-1.4619,-9.2464,6.0305,-9.9054,-1.0268,-1.3363,5.6662,-5.3077,4.8574,-6.224,9.7237,3.6618,5.4398,4.9605,3.7835,9.679,-2.5802,-0.1672,6.8188,7.1525,5.3507,8.6415,7.4698,0.502,8.6469,-6.9188,-1.1049,3.808,8.0346,5.1821,9.3435,4.7364,9.1332,3.0807,8.7624,-6.022,-1.8993,-9.1484,5.9986,-6.9605,9.2212,4.7669,-6.0478,1.2757,3.3451,-3.0843,-0.6517,2.2962,-9.3269,-8.0292,-5.6887,3.3859,-8.3141,7.243,-3.6439,1.662,-0.3308,4.1424,-4.8769,-9.698,2.6466,-2.5054,-9.9843,8.0981,-0.7599,-8.4972,9.7526,-2.1289,-8.2882,7.9225,-9.4385,4.6133,-3.1247,6.6767,-2.0482,-6.8532,1.0255,-4.4794,9.6365,-8.6321,-6.905,-1.3499,-2.0413,-6.1766,5.8368,5.6909,7.3296,5.3963,-9.1907,7.436,-3.3104,-4.2703,7.674,9.3297,-4.6284,-2.3029
5.2378,-5.5826,5.0644,-2.3404,-4.5609,8.0298,-9.2232,-2.2094,8.7058,5.9289,-0.2757,1.5007,5.0903,-2.0759,0.981,9.9396,-9.4427,2.9496,-4.9349,4.8487,-2.0199,0.4445,6.2445,-3.7737,6.8365,4.2955,2.9499,-0.303,6.8847,6.4896,-6.2144,-4.8745,8.5352,-9.1304,-4.4517,-2.6695,9.7883,-1.1959,0.6195,2.5539,-6.671,7.0812,-0.9443,-4.869,6.5472,-2.8525,-3.5489,-6.9748,-3.5053,-1.137,3.6432,5.3859,3.6147,4.3335,-8.9463,6.1445,4.2024,5.4484,-4.305,-2.8224,-2.3441,-3.693,-3.1588,-1.649,-2.0055,-3.1685,6.6437,0.8912,-3.3481,8.9153,7.9684,2.0089,-4.0745,3.3723,-5.9092,6.6872,1.5852,-4.1219,-0.7691,6.0044,-0.3116,3.3672,-2.5603,6.2751,4.5138,4.8213,-3.0555,-1.4038,9.9799,9.1333,-8.4974,-9.2585,-8.0559,-8.6411,-2.8805,7.313,0.6717,-2.8368,-3.837,3.763,4.0504,7.9417,0.1306,-7.4285,-9.349,-2.1562,-9.1218,2.0198,9.6835,6.9119,-0.9285,7.8428,-0.9658,5.1625,9.3935,6.7227,6.0373,2.3913,-7.7917,-2.3421,7.8142,9.025,-9.0815,-1.0347,-4.5499,-6.3045,-2.962,7.5651,7.8109,6.3326,4.6458,-4.9162,-5.9532,4.3844,-0.1968,-1.9067,1.8239,2.4094,-6.7222,-8.708,1.6607,-6.4001,9.711,4.1672,9.6142,-1.241,7.0249,-0.221,-7.6596,9.0932,7.9742,-7.6657,-4.7227,5.8913,8.9846,5.5857,-1.9915,6.4348,-4.7029,-5.4383,2.7741,3.7039,4.2714,0.8367,2.799,4.6101,7.3627,-0.9302,-7.9646,-9.4246,8.6101,-4.5919,-9.6294,-0.8659,2.9683,5.8917,8.5198,-3.357,4.4344,-7.3013,-2.8366,7.6595,9.0185,-9.3725,-0.4162,9.8952,4.1848,4.0132,4.3882,9.1664,-5.3423,-0.9438,3.9751,4.4227,-6.7599,4.0117,-8.4046,4.9877,7.3752,-9.701
-0.6895,8.2458,4.0979,-3.1593,2.6499,2.765,-2.3522,-4.1755,-2.3695,-9.8638,-8.0968,7.4991,4.9351,2.9824,-1.6941,-7.2458,3.6172,-9.469,6.4577,2.4112,-4.6186,-9.9862,-9.2171,6.8339,8.8422,9.6532,7.32,-0.8183,0.1093,3.0281,9.351,3.7796,-5.7752,4.542,-2.489,3.0335,-7.9157,9.3725,2.1303,-4.1073,1.179,-6.4239,-2.9903,6.8336,1.2618,4.4312,5.5899,-4.774,0.1938,4.1516,2.1803,6.7492,0.0843,-7.1615,-9.9218,5.8581,2.2687,6.4413,3.29,1.7991,-3.3571,-1.2496,-7.0076,-7.0779,-2.5965,8.6991,9.625,1.5797,-2.9788,4.248,7.2991,-4.7861,4.8206,-3.3373,-6.564,-3.2813,-5.6416,-0.1972,3.9822,0.1783,-1.5839,3.7273,-2.5471,-1.6925,-9.067,-8.0956,6.3055,-9.3424,-7.0328,4.6541,-9.5759,-2.2161,6.1342,-0.4118,0.4648,-4.312,3.2201,2.8976,-5.8156,2.429,-0.4536,2.7891,-1.3241,-3.8821,-5.0473,2.3734,-3.2147,-8.0058,-0.166,0.6328,2.8924,-9.4027,-8.8931,1.7591,-1.5755,-9.3686,-8.4568,-0.1701,4.6939,-8.4679,-4.9919,0.5519,-9.864,5.2373,9.268,5.1071,2.4616,4.1914,0.0184,0.5497,-4.8775,-4.2552,-7.7216,4.835,4.4978,8.4704,-9.8615,-9.8728,-2.0536,8.1996,2.7385,4.8059,-0.2658,6.914,2.3992,-7.9838,-7.2021,3.4656,-7.2194,2.1613,-5.5878,1.5706,-4.1261,2.8967,-9.4504,5.3692,-4.6933,-1.7054,-6.4454,7.2894,-9.6148,1.9393,9.0202,1.8054,-5.8969,-4.4045,-9.9087,6.1158,-1.5686,-9.0615,7.7166,5.3868,-2.0423,7.9975,-1.5868,-8.3312,-6.7171,-8.3115,9.0593,1.0258,-4.2312,7.6603,1.6237,-0.021,-6.1617,9.9324,3.3631,-5.7786,0.2776,-8.1213,-8.8237,7.3514,5.5718,-2.1714,-8.6455,5.3864,3.0388,-2.9145,-6.8653,-6.8419
9.1399,-9.6295,-1.5438,-5.1,-6.4121,-5.2191,-5.474,-6.3029,9.2322,-7.4206,-3.3703,3.743,0.8843,0.7398,1.2631,-4.7043,-8.4505,2.901,2.1637,2.8521,-9.2542,-6.1294,5.207,9.9192,-4.8469,-5.419,-4.8565,-3.0563,0.7159,3.2729,-2.91,-9.887,8.2761,7.4449,-0.547,-7.3038,9.5145,9.353,-6.4982,9.5112,-5.7528,-4.4811,-9.5427,1.9886,-4.1174,3.3711,-4.3234,-9.3024,-2.5991,-0.1581,-1.2919,5.8751,7.1297,2.8856,2.5116,5.0832,-6.5375,-1.1483,-3.636,4.0991,7.0413,-8.1358,-6.4858,5.8853,-3.8186,-2.0609,8.9849,5.0286,-2.3272,-1.1857,8.4256,-8.6123,1.171,-9.3,2.494,-5.4736,-2.0156,3.0372,-8.5882,1.052,-3.6233,0.0152,-0.445,7.5853,5.6189,-3.2699,3.9304,-7.81,-9.0342,1.2262,8.7438,5.6889,6.8338,5.4244,-0.7584,-9.552,-1.8216,-0.9274,-4.5861,-2.0326,3.1946,6.2631,6.2933,1.665,-5.6112,-9.3486,3.8758,-6.0663,-9.8352,0.8087,3.9248,-4.41,-8.713,5.3079,-4.2485,0.6145,-6.181,8.1894,-1.7668,-1.4237,2.8917,-1.5424,9.6475,9.3417,-4.4922,-4.3873,-5.8885,-6.4018,1.7378,4.474,-2.2083,9.2139,2.2815,2.1494,4.686,-1.1345,-8.5596,6.1153,4.8243,3.1752,-5.2303,-9.1585,3.5959,2.1091,2.723,-6.1014,-6.4907,-6.0281,7.0503,-2.6815,-1.8908,-6.824,4.0534,-0.0923,-5.6672,4.7032,-9.6568,-8.2407,-5.6084,1.1129,-0.2178,-7.5681,2.7771,-2.1977,7.0467,-9.2862,-6.1634,-8.537,1.6412,7.3468,-7.4899,5.4278,-2.5637,-5.3816,4.6874,-5.2696,-4.8862,3.6642,0.2159,-5.0946,2.4226,2.4185,9.1402,-9.6606,-3.039,-6.831,5.3187,8.3833,-1.5549,2.3839,-3.6283,2.5849,-8.9916,-5.328,-4.9963,7.0329,4.2231,-8.4234,-9.9886,2.3863
-4.7852,-6.106,0.6424,0.7652,5.8305,6.9624,-6.8539,-4.8482,-2.9589,-4.0019,-2.9838,-7.7266,2.6923,1.9832,8.0102,-9.3832,3.3422,1.2326,8.623,1.8202,6.1686,-5.1059,-4.58,1.7002,-1.9166,-5.4697,7.6957,0.0253,0.9731,-6.341,-6.9372,-7.1189,-9.9795,1.3798,4.4791,9.8118,-7.9543,7.5974,5.8461,6.9777,-3.1377,-8.2379,4.387,7.6176,-5.2091,0.9542,4.8419,1.2891,-5.6866,6.3743,-2.5263,-2.6749,9.7111,4.1514,1.8622,-1.566,5.6374,4.1553,2.073,6.6039,-8.2109,-8.6576,-4.8458,2.5039,2.6225,9.768,-2.9008,-2.4141,-6.9096,-2.8106,-0.8707,-6.3541,8.5889,8.6093,7.9151,-9.5133,-8.3224,-0.768,0.5763,2.6497,0.9372,-5.7111,-4.9828,-0.5426,4.3475,-7.1803,1.5866,4.4795,8.9615,2.9908,-2.8848,-3.969,-7.7154,4.8084,-8.0323,9.5842,-5.3622,9.6778,1.226,-5.3534,-5.1702,-6.9726,5.5241,-2.2747,-3.3427,2.6418,0.5683,5.1209,-7.3877,1.1474,7.1253,-9.6724,-2.454,5.6724,-3.3531,4.2395,-6.7395,-4.2337,-1.3315,-6.134,-7.9629,4.9413,3.9876,5.0591,0.4385,-2.4511,-9.5978,-3.7689,1.7465,-0.8174,3.8593,-9.9485,-5.4333,-8.2977,-6.2006,7.4509,-2.1359,5.1025,-0.6902,4.5338,6.4711,-0.1488,-1.8371,-7.0354,0.9101,-4.8283,-0.5376,7.3099,1.8815,9.6637,-3.0478,3.1295,1.5895,-2.3386,-9.0615,1.9393,2.6212,-1.2922,-1.7045,-5.0216,8.372,6.5481,0.6396,0.3991,9.8029,-5.07,-6.4069,-4.3923,-2.4371,-5.6277,3.227,3.7759,3.253,6.0824,2.0724,-7.5312,-1.276,7.2105,7.1533,-0.621,3.8672,-5.1454,9.8549,-2.1299,-9.496,9.8272,3.5236,7.1127,7.5616,-3.6497,-0.8198,4.2809,4.0787,-0.1492,1.8032,2.5404,9.4327,0.0251,0.7952,-1.7407
-4.1942,5.8917,-9.5949,6.0059,8.6094,5.4165,-0.7757,-3.0872,-3.8952,3.9283,-7.0112,-4.0487,2.9459,1.5849,-4.3099,-0.4164,-8.1527,5.8139,6.4073,-5.5736,-0.4718,-4.891,-2.4041,-6.6977,-8.565,4.6786,1.8879,5.2076,7.369,-4.1883,-7.691,-1.867,-5.4527,-2.3081,3.9049,-9.4694,-3.9687,-5.2557,-2.9349,-7.7468,-6.7937,2.7176,-8.3981,-5.084,0.369,-4.585,5.8972,-7.819,-5.7414,-9.5476,2.8084,-1.3252,3.7413,-5.2536,-7.2627,5.8816,9.8759,-4.043,-8.6262,5.1513,1.9157,4.0664,2.0196,-3.7435,-6.1605,7.2419,1.1993,-0.9601,-0.6677,-9.9516,-7.1483,3.296,3.5107,8.4436,8.0824,3.7213,3.7621,-5.7818,9.2942,0.3219,-4.6275,6.2717,-9.6534,-3.824,-1.866,4.6837,-1.3461,1.7092,1.0276,5.8176,8.7904,-1.423,0.5901,2.1159,2.7207,1.1755,-9.4341,7.079,-3.8153,6.017,7.8866,1.0146,4.4872,-4.5952,-9.6532,-6.093,6.1945,1.8584,-7.4205,-6.1443,-7.7903,-1.8703,-2.8154,4.8917,6.4409,-9.2652,8.5961,7.2428,-9.8222,5.6976,-8.2796,6.148,-3.126,-4.9359,7.5046,-0.6842,5.2585,6.935,-9.6476,0.6855,-6.3381,-4.3671,-0.7168,9.3616,-0.4625,3.2701,4.1954,3.0535,-9.5235,-9.1595,4.4044,-1.6935,8.9964,6.9891,2.1319,-4.4118,-9.4371,-2.5289,5.2194,-3.8511,-2.7995,0.0744,-6.2623,-7.52,0.8034,9.671,4.9838,-2.4822,0.048,-9.1813,-1.2607,0.5237,2.8123,-1.7254,-5.0948,-2.8377,-2.0548,-3.549,5.4408,2.7327,1.4299,1.0741,-8.8061,-9.448,7.4496,7.571,-9.3121,-6.469,0.1359,0.5828,-4.5966,-0.7906,-1.9314,3.7455,-5.791,-6.9878,-2.874,-7.6176,3.9217,-1.5216,-9.8536,-3.9632,1.8089,-7.642,7.2026,6.3341,3.6009,3.7298,-7.3166,-5.0723
-0.972,-8.2387,3.64,8.2546,-4.2523,2.4149,-6.939,2.3578,-1.6122,-0.2255,1.3517,-0.883,-7.023,-8.0107,-6.7072,4.321,7.2492,8.0982,-8.9091,0.1096,8.5601,8.7467,-3.1648,-7.8866,-2.5878,4.5689,-1.2553,0.435,8.5108,8.3999,-8.7357,-4.3739,3.1091,-6.4146,-7.9958,-4.4452,7.6685,-5.1691,-7.4364,1.2875,5.5618,0.7698,-3.4951,6.9301,4.432,6.0143,-3.1318,3.5505,-5.0195,8.2068,9.7009,7.5742,6.0311,7.4545,1.1014,-8.1241,-6.3434,8.9077,5.7927,-6.0982,1.4879,-8.1439,-2.0719,7.181,-1.3008,-5.1252,-0.3948,1.865,-1.2963,4.4692,6.7662,9.7699,-7.1797,7.9098,8.916,-2.1089,9.9806,-3.1907,9.9346,-9.9496,-4.843,-6.6124,-2.095,-9.5132,-4.027,-5.3363,7.9789,6.2941,-8.3506,-2.8202,6.085,8.6048,3.2365,-7.3094,5.1928,-9.513,8.7041,9.3389,-7.9842,-4.7252,-4.2667,5.0176,-9.0789,7.8554,2.646,3.8523,6.9508,8.71,5.2873,-0.2597,0.698,7.9224,-7.6209,3.3297,0.5868,9.9358,-0.1802,1.7245,5.6466,7.9658,-3.7309,8.9255,2.0979,-8.8418,-1.5966,7.3384,-6.5814,0.5903,-1.5545,-1.7722,-7.742,-2.9366,-9.1738,-0.3242,-5.6735,1.5851,1.3923,3.4896,-0.0764,2.8197,6.7467,-0.432,-3.6324,1.8203,7.8374,-8.282,-5.21,9.9867,7.7834,-0.6899,-4.6541,-0.817,6.8279,8.7873,5.9275,-6.1882,0.1517,-7.0244,-7.4644,-7.5834,-2.5272,4.1785,1.5483,7.8068,-5.4744,4.5981,-8.1121,9.172,-0.193,-4.315,7.2209,-0.4466,3.5644,2.2938,2.678,-9.7293,8.4969,-8.4526,8.7486,-1.9215,0.345,-8.3592,-6.1844,7.9985,2.7496,2.9409,1.4824,-2.4208,4.9523,9.4137,-6.9537,-8.2931,9.5927,-8.5988,-5.8243,3.2191,9.3471,2.7883,3.4863,9.9833
3.3643,-5.0046,0.4188,-0.2929,-2.1241,9.5887,-6.9468,0.2444,-3.9329,-5.9145,-2.8567,8.7778,4.5765,0.5087,7.0341,-4.5332,1.0637,6.8726,5.6201,3.6335,-7.593,-0.9824,-2.7824,9.9007,0.2441,9.741,9.8425,4.762,-4.8294,7.8994,-9.237,-3.12,-2.9864,-7.4291,6.4043,2.3644,7.3213,3.4291,7.2491,-5.6801,-1.0112,8.3464,-5.189,1.3944,-1.095,1.3966,-5.8195,-1.3822,-1.6264,-8.3577,-2.8476,-9.8083,0.9105,-4.3296,-6.9804,-3.959,-4.8483,-1.2552,-4.88,-7.4477,2.6016,-8.9443,-6.3646,-3.0087,-2.0694,0.5015,-0.1789,-3.8029,-5.9543,6.3439,3.7379,-8.0243,-9.0645,-1.3803,9.1806,-0.6615,8.8027,7.8204,-6.2801,-0.7512,7.9397,6.81,8.4687,-3.8737,2.4963,0.95,5.4991,8.9018,-0.6049,1.0953,-9.8595,3.3136,4.5939,3.5669,0.1312,6.7821,5.6126,1.5558,-4.0914,-2.4129,9.2388,-7.8962,1.3763,-3.9992,9.1974,-3.3423,0.5251,-7.2785,6.211,-9.9769,2.5435,8.1385,-7.5456,8.9209,-9.3152,-0.0863,2.833,0.0578,5.137,-3.2872,2.8337,2.1909,5.5788,5.8936,8.4787,1.9538,6.8609,-8.4188,-7.2849,4.1866,3.1422,-2.3513,-2.5003,3.5513,-1.1585,-2.6925,-0.6876,5.8139,7.1433,-3.4488,7.2612,5.0647,-4.1018,9.7036,5.0415,-6.7893,-2.7917,-7.0424,-4.8336,8.9577,5.955,4.0077,8.2281,9.4718,-0.5795,7.545,0.4792,3.1169,-2.9379,7.248,2.961,1.8982,-1.3072,-1.7674,-1.1883,7.3331,9.7145,8.866,1.1589,1.8043,-3.7909,-8.3304,0.5217,-9.7046,-8.4094,8.1402,-0.4858,7.9126,-2.2041,4.3717,-3.0092,-7.2961,-0.5553,3.339,-4.3638,-4.8676,4.4958,-7.5298,-6.1593,5.962,6.0823,-4.4981,1.2142,-5.7183,-2.9741,-9.4225,1.1427,0.2594,2.3937,-7.5086
7.3617,1.7891,6.7405,5.7573,2.2964,1.8707,9.6784,8.1095,3.1658,-2.8915,5.2378,-5.6322,-0.9739,-7.3502,-5.2134,2.7167,-7.2995,8.2432,3.5916,-1.4401,2.5145,-5.4465,2.0356,0.7099,0.583,8.1686,-7.12,-2.5668,2.4803,-2.7663,3.3212,2.7273,0.7337,-5.2085,-2.7681,-1.7973,4.5505,2.2767,-2.7066,3.7538,8.5535,-2.5468,8.1519,-1.1277,6.7154,-2.8133,-1.1294,-7.5074,6.9158,-7.297,2.5622,-2.436,2.8979,1.4683,-1.7343,-0.3672,-8.6494,-5.2356,5.1024,5.0756,-2.635,-8.1979,9.6321,3.576,-9.5474,-5.6867,1.5221,9.4413,-7.894,-4.2391,2.4066,1.9793,-1.6519,-8.703,-8.4622,7.2051,-6.2564,-4.9017,-3.8741,-6.7139,-1.3119,9.2131,-5.6611,-7.4357,-2.7561,-9.3502,-1.4277,2.8966,7.7532,-3.7044,3.756,9.6116,-8.5899,8.2531,-5.5618,9.8283,5.8075,-6.8258,-4.4713,3.2032,1.9382,-3.234,1.6515,3.6304,1.343,-8.9763,4.0473,6.9946,-7.8499,8.2197,-9.7483,-1.7981,-6.3854,8.517,-3.2794,5.4764,-4.9815,0.3777,2.7224,-9.5704,7.5251,1.2615,7.196,-1.0892,-5.2357,6.189,6.7049,-4.7357,8.8989,2.3354,4.9024,-4.8998,6.9989,-7.2994,-5.0005,7.9381,6.0756,-5.0007,-7.6163,-8.2383,5.3442,-9.8381,-1.8526,-9.482,-5.3488,3.349,4.4213,-5.3571,-1.8917,-7.8739,6.2499,5.8501,-5.516,-3.4357,1.0283,0.8614,2.523,-5.093,0.2714,5.213,9.3626,5.6068,9.6783,-7.6584,-0.0498,-9.5372,4.7507,7.0005,-0.706,1.5828,-1.378,4.2911,-6.6228,2.7914,-1.5789,1.2684,8.6516,-6.4101,-4.6722,1.1755,5.4255,9.3478,-4.9641,3.8819,0.7187,-5.4337,-1.6538,4.6996,-7.9866,-2.3023,3.3594,2.3297,4.9934,7.5903,-7.9934,9.8716,-3.4011,-2.312,-9.9691,0.1804
3.38,7.481,4.2781,5.9502,0.1753,-9.01,4.492,2.4154,-4.2996,-4.8872,8.1076,-1.4306,-3.4064,1.2981,6.836,2.46,-5.6734,-1.261,-6.0421,-2.0499,8.4189,-5.875,-3.2829,9.4394,-5.3391,8.317,-2.0861,7.2742,9.2014,0.6955,-3.3584,1.7483,6.5739,5.4394,5.6458,5.7009,8.6869,8.0157,-7.0141,2.9727,-1.6307,-4.572,-6.1308,-4.2402,-5.64,-7.2946,5.3523,6.9029,1.0308,-2.5298,9.2684,-3.3199,-5.3821,-4.2957,5.6581,-1.3533,2.8402,2.2489,4.7359,-4.93,-9.7085,-8.9119,5.431,0.7868,9.9916,-7.9119,-5.8658,-4.9347,6.8019,-8.3766,5.5771,2.2258,1.0175,-7.454,-8.2874,-8.5177,5.4573,8.5989,-2.3556,8.4926,5.5031,4.6727,-6.8281,-1.1598,-4.7362,2.403,7.0349,-9.1924,-3.7799,8.1523,-0.1347,1.0456,9.5663,4.5165,-2.509,-4.3893,5.3679,1.5544,-0.96,-4.8735,-9.0425,5.6108,1.5332,-8.0736,-5.3889,7.542,9.9959,7.9817,4.671,3.5763,-8.2071,-4.9473,8.349,-3.4729,-7.7569,-8.4727,1.5176,2.2497,-9.4565,2.7491,-5.2451,9.8189,-2.6921,-2.7943,0.9184,-3.6695,2.8853,-1.2894,-2.2322,-5.4306,3.6927,-9.4283,9.0684,7.1062,5.0716,-5.2407,-8.4699,8.6916,1.7928,3.1301,4.1692,-3.7099,8.3184,5.2731,8.0906,-6.4317,1.2025,9.9001,-0.9568,2.9576,6.2159,-2.2278,5.9415,-3.7881,1.0803,5.5785,-6.1327,8.8308,-2.3998,-2.1869,2.9419,-4.5238,-4.075,-0.9892,-6.019,-6.6987,-8.6032,-2.2573,6.315,4.7152,-3.7014,0.7578,5.5336,5.176,-9.96,0.1287,-1.0947,-3.4626,-1.3983,0.1463,8.1785,-4.3684,7.0453,-2.314,-4.1643,2.9386,-7.1178,6.4557,-3.0056,-9.1001,5.814,5.7722,5.3043,-5.1943,-7.6648,-1.5737,1.6136,-9.2151,9.1542,2.5638
3.8243,2.4087,-7.5781,-2.1831,5.3166,9.9099,7.8915,-6.6407,3.4384,7.3935,7.4403,-7.3746,1.0204,8.1348,-2.7302,3.6412,-7.4282,-3.0202,-5.2142,1.3192,-5.4663,3.0183,6.4835,-5.8683,0.2395,3.0969,5.9508,-1.6906,-2.0394,-7.5653,-7.6133,9.8152,7.7149,6.537,7.7456,6.6651,-2.7042,-5.3342,8.8795,4.6256,-2.3382,3.6318,8.432,-1.2645,-6.8747,2.4864,-7.4654,6.9158,-6.3249,-5.4539,-5.0561,8.237,3.217,8.9764,-1.8487,4.1252,-8.0959,-0.3149,-4.8987,3.3492,7.8927,-1.8252,-7.093,-7.6232,8.8992,-1.7981,-4.1126,0.6497,-5.7642,-0.2734,-2.7331,-9.5809,6.3106,-4.4223,1.6333,-6.158,-6.4261,6.5479,0.1014,-2.0113,-8.3654,3.3117,4.1628,3.2512,-1.1763,-3.47,4.8528,7.2709,-4.8847,-8.9798,3.8128,-2.4968,2.6317,-5.3665,-3.527,-5.2409,-0.6783,-4.8271,6.384,0.3725,4.4884,8.7144,-7.7058,8.2988,-4.0632,-4.1549,-8.1299,-8.5157,3.458,-7.9423,2.4817,-2.9778,-4.8938,0.0835,-8.4498,2.6809,-4.2927,8.175,-3.7222,0.42,0.4569,7.1334,-6.4888,5.8174,-4.2497,1.7756,-3.1951,4.5303,1.2307,8.5431,-9.9285,5.7351,1.7213,4.855,7.3048,-4.5357,-9.4797,-2.7325,9.0289,-6.0591,0.1671,7.502,5.3543,4.819,-5.1553,-2.7979,5.9386,-7.0263,9.5929,-1.1372,-3.9188,-8.4257,2.7896,1.6271,-7.3255,3.6126,-7.0612,-2.1442,2.443,4.278,5.0222,-3.9884,-3.828,-8.7347,-3.5167,8.0845,-3.3599,-4.6405,-1.6087,-6.4764,-1.4263,-1.4971,-9.0929,-4.9832,0.5053,-9.5537,-9.7829,-0.1463,0.4508,3.2327,0.8284,8.0996,-7.5996,-9.7866,-9.2222,-5.2913,-8.7346,-6.202,-6.5292,6.0873,-0.8845,9.0707,-6.7348,4.4331,-5.7363,5.9278,5.7492,-5.6586,6.559,9.7423
-7.3189,-0.6281,5.6741,2.7412,-0.1319,-7.8511,7.9317,-8.2341,1.7332,3.8308,4.1413,-6.3153,-0.1934,8.1433,-3.6705,1.02,9.8112,-3.3212,5.5054,5.0885,-0.9613,4.4968,-3.1735,1.2273,1.513,-5.7983,8.1359,-3.3248,-8.1407,-7.8488,-0.8702,0.1952,-2.4388,3.6814,4.672,1.7009,1.3125,3.735,-1.28,-1.3114,9.2712,3.9207,-7.2288,-3.6664,-1.764,6.4907,-2.9147,3.3935,0.5344,-8.1914,5.0609,5.9015,-7.3115,-2.4505,9.8747,-5.8949,-9.3575,-8.1689,-4.3269,3.3412,8.763,7.1749,0.2777,-3.7519,-0.1572,-3.5571,-2.4731,-2.9387,-7.4295,2.2627,-9.9368,5.2133,-5.6875,-1.2796,-2.641,-1.449,-3.9392,-4.695,1.95,-3.8561,-1.5187,-8.0903,-6.2165,-6.4592,-2.6603,8.539,-3.1387,8.8497,5.3335,-2.7414,-2.4215,-6.0405,5.1876,-4.1611,9.8237,0.7127,8.4686,-5.1242,0.8314,-4.0891,4.9093,-6.4769,2.7895,6.3656,0.1805,9.3059,-6.9342,-6.7795,-4.8069,-5.2323,-9.652,5.7798,-8.5888,-7.3291,4.3035,2.1099,-9.8142,6.3274,-0.066,2.2138,-3.7005,7.3183,-1.9684,4.7769,9.7672,-1.8253,-9.3877,3.2493,5.8599,8.0731,-3.2383,-3.8513,-2.5194,7.3896,-2.7864,-3.9485,-7.525,-7.9389,0.1359,-8.8838,6.9075,-6.5142,-6.2651,3.0188,3.2349,-9.7204,9.0034,-6.0315,9.845,-2.9425,6.731,-1.0174,2.1423,-9.8229,9.8417,9.3326,-3.2051,-5.7449,-9.1903,1.0822,-4.6762,-8.7428,3.6851,4.6858,-7.5643,-3.8592,-0.172,-6.1926,7.1126,-3.8271,-5.4791,-2.9318,4.3226,0.6765,6.0483,-0.3554,-3.7551,9.9301,7.8655,-0.9943,4.9397,4.7779,9.3076,-8.9368,-2.5417,1.1707,-8.551,-0.35,-4.204,-2.0182,-2.8606,-2.6498,-2.0741,0.9567,2.5596,-4.0542,9.5809,3.4474,6.5083,5.8404
6.3218,-4.4259,5.4097,-2.5027,2.7937,3.8207,5.5871,4.7925,0.9695,-0.658,-0.9234,0.0822,-8.3392,0.9426,8.4212,-2.0106,-5.5897,-1.0418,-7.1637,-0.2146,4.8869,0.7837,6.8163,3.1231,-4.1969,-0.4034,-3.0192,6.2432,-8.1865,-8.8384,-0.8996,0.0475,1.7186,5.2123,2.3688,-2.784,5.0427,5.7401,9.7567,-9.588,-2.3355,-2.5448,4.301,6.2949,9.4205,1.4517,-2.1317,9.3663,-8.7624,5.1431,6.9608,-5.5977,-4.4591,-2.3869,8.7775,-2.4088,-2.0751,4.3231,0.9696,8.0938,0.6763,9.174,-3.8863,-9.2925,-8.8762,9.247,-5.8478,3.4122,-7.6756,-3.0532,3.3705,9.1952,6.0982,9.2067,5.7567,6.1125,4.0472,7.4502,5.6321,-8.0144,-0.4626,6.5537,-5.5017,-4.3391,9.8747,6.3222,2.7536,-6.8604,-1.0599,9.964,-8.9,-4.8303,7.3364,0.8814,-7.0067,-1.002,-0.8332,1.999,3.4318,-9.1394,4.0812,-6.7259,-9.4073,-9.318,3.7049,9.8649,-4.2323,-8.8855,5.6731,-6.3008,8.4242,-2.0679,-3.4374,9.3598,1.5938,-6.066,9.8918,-9.7731,-2.4573,3.7384,-7.4561,-1.5382,-0.1788,8.2357,4.8258,-4.4674,-2.4536,4.9139,8.3029,6.1419,7.1864,9.1467,-7.1669,-3.1125,-5.12,-6.2932,1.4025,7.1811,-5.1803,2.5347,-0.5643,4.8442,5.4211,-8.3217,6.2812,1.1461,-8.5903,-5.6004,-3.5957,3.2829,1.1292,5.6405,5.5479,2.3522,5.3266,8.2798,8.9896,7.234,-8.2565,5.0675,-9.922,5.3329,6.1942,-2.4187,3.3795,-8.7004,8.9826,-4.085,-4.4152,-3.7306,0.752,6.5149,-2.2231,-6.1669,-4.806,8.4884,-9.0056,-1.5447,-9.0396,3.2493,4.2256,-9.6419,-0.1484,-6.3868,-2.1901,4.2231,3.8166,3.4312,5.641,-3.2859,4.9063,8.8161,3.7349,4.1692,7.2387,-9.3134,0.9182,-0.5984,0.5379,9.7712
-7.9783,-6.7115,2.0167,8.0416,7.0791,8.3585,-9.6802,5.1272,9.4817,-3.5463,0.6171,-2.9498,1.6843,3.68,-9.5899,9.8495,-2.5869,-7.5353,-9.6002,8.402,-5.8099,-8.2533,7.6054,7.9323,0.1224,7.6773,-3.0471,-3.8411,-9.929,0.2741,6.0467,3.943,-0.469,7.0368,8.3598,9.9146,-8.2788,6.6707,-3.0059,-4.7385,6.7312,4.8699,-9.3934,-9.6597,0.583,-3.2792,-6.1815,-3.1489,9.0556,-1.852,-1.8837,-3.6885,9.4881,-9.7914,-7.4091,-8.7834,-5.5612,-1.5753,-2.1507,2.0432,-6.1483,-8.7862,8.6462,-6.5201,-6.802,3.0793,-0.7527,5.6425,-2.635,-1.6391,9.6208,-8.4286,3.3457,8.5207,6.3632,-3.4228,1.7582,8.6952,-9.2458,-3.2183,8.3962,7.9742,-8.3829,3.0959,-3.4347,-9.8424,1.182,0.586,-7.7008,-6.4726,-4.9054,2.6599,1.9721,-9.6536,5.7567,-5.9711,-3.9604,9.4957,-0.5961,5.0022,6.3725,3.6563,-2.4721,-4.31,0.2139,6.3064,-0.0418,-9.2726,5.1015,-8.007,6.5047,9.9634,-9.2131,7.253,8.1399,-2.744,-9.1022,4.4295,-8.6921,8.1515,7.8579,3.4813,4.4884,-3.8396,-8.9228,-5.8606,-0.0391,-8.5393,7.2973,-5.6212,-1.1778,9.4386,5.0378,9.2593,-9.3862,-3.4247,-6.8499,6.0931,4.612,-7.4705,2.9451,2.7264,-4.1112,-6.0043,6.0501,-5.6271,-2.4483,6.6228,6.9071,5.7896,6.4198,4.8926,7.4663,-2.9939,0.3223,4.1485,2.2405,-1.0705,-8.3153,4.0865,-7.9375,-4.4774,8.5067,6.5129,3.8789,3.3457,-4.4138,-3.9775,-7.7211,0.8581,-2.017,-6.9072,-7.1746,-1.1494,5.6893,-3.3157,-3.5569,-2.8095,-1.2013,-4.8868,-4.8482,-6.0333,-5.9027,-4.799,-7.0777,-1.9862,4.7308,7.2972,1.8136,-9.4064,-8.5438,-9.7539,9.1285,-6.4163,6.6279,3.0745,-6.2763,-3.8558,-5.4798,5.7999
6.6921,4.7397,-6.9397,-9.8322,3.6353,-2.9757,-8.4722,3.283,-1.7805,-7.1846,7.9934,0.8885,1.9013,-6.7232,2.4581,9.2077,2.5138,2.145,6.0763,-0.665,3.9599,3.7655,8.2572,4.2989,7.7993,9.2515,-8.5398,7.1649,5.8688,2.9277,5.9063,-5.7878,3.3994,7.0662,4.2078,-0.8044,-4.8616,0.0197,-3.9963,2.2777,-2.8076,-3.4401,6.8926,-8.3653,5.1308,4.8766,3.1245,-0.6304,2.6114,-3.5013,-6.9023,-1.9669,-1.1215,2.6921,-3.0022,-2.7693,5.883,-1.0935,-0.5949,-9.3278,2.3277,3.8414,-7.9429,2.0632,-0.9678,-3.9103,-0.039,-9.0816,4.9874,-8.774,1.099,2.4848,6.4066,-3.047,2.2385,7.1532,-8.6207,-0.5537,6.2158,3.3573,-7.7489,-0.7509,-3.043,-1.0394,-0.2386,9.2868,2.2303,4.7488,9.6095,5.8978,4.8263,-6.2079,7.8722,-7.4951,1.9989,-4.2134,9.9194,8.9409,2.6311,-0.7787,-3.7487,4.3739,3.2917,-9.0807,9.0413,5.9531,-1.6593,2.5102,7.0871,9.0817,6.6098,-6.1097,7.378,2.6708,6.7347,7.4536,6.1632,-2.7752,3.4642,-8.9817,-5.7923,-8.6569,-4.6883,4.761,0.8654,-3.9641,-3.7606,-1.7648,-8.7722,0.9168,-2.1681,3.9426,-2.0948,8.7503,-6.194,6.9606,-3.3859,7.6057,6.6873,-1.1011,-0.7711,-9.8357,0.658,-8.6772,9.3166,0.1954,-7.6831,9.2708,-7.8349,4.9387,5.7527,-8.024,4.9871,7.2061,5.0739,-3.8335,0.1535,-6.4195,7.6669,-9.374,1.3606,4.777,-9.8529,-4.5769,-0.7561,-8.3753,4.0773,5.6399,-3.5446,-8.0972,-1.1555,3.6272,-2.219,0.2683,2.2489,-5.4649,2.0382,5.4068,-6.2934,6.8583,1.6735,0.103,0.9196,4.255,-9.8685,-7.6122,8.5853,-9.2187,-0.0771,-6.5456,0.3746,-2.7554,8.8814,-5.971,1.0529,-0.344,-4.3074,0.2937,8.9982,1.5648
-9.1502,-0.0177,-4.8771,1.8487,0.167,0.0803,6.695,-9.2343,9.87,9.6402,6.2271,7.2447,4.697,8.7037,1.2027,-3.9259,-1.7047,-8.8348,7.612,-4.9115,6.5975,4.7801,-6.0078,-9.7876,1.9475,-7.2821,-9.6355,-4.248,0.3043,-4.0658,3.6356,-9.6207,-9.997,6.6961,-8.605,-5.4701,9.8337,7.2328,-4.9941,-2.568,3.0951,-9.0978,-6.929,-8.2547,7.2653,9.5842,-7.2541,0.8877,8.086,1.5643,-5.4208,-1.5779,-0.1872,-2.1654,4.5103,-4.9562,4.8955,-2.8727,-6.0032,1.4021,-3.3479,6.9793,-0.0169,5.3955,9.4878,-0.244,-2.3665,4.2358,-0.8811,3.7552,5.6465,-9.4208,9.4383,0.1923,-2.9865,9.7808,-0.3806,1.6784,-1.293,8.3521,-8.6383,-0.9274,2.9619,0.8637,-9.5542,-5.526,3.946,-7.7016,-1.9482,-0.1658,9.0475,-3.8154,-5.179,5.2378,3.2203,1.8304,9.6684,5.2587,-2.1791,4.9337,-7.2231,9.6421,-9.9628,6.2447,-3.4106,-7.0682,-2.8238,-2.7711,3.5698,-1.769,-0.4897,-1.628,5.6193,-5.269,-9.5525,0.3312,7.9218,-2.0302,6.2946,7.8611,7.1295,-9.002,7.2454,-9.2443,-0.749,5.9058,9.1149,2.4912,-4.4288,-3.3025,7.9673,-2.6145,-1.8772,9.1611,9.2371,7.3131,-4.9887,-4.4348,-6.4937,-8.198,6.8165,-2.2719,4.2999,-5.5984,-3.9152,2.9471,-5.1672,7.7674,1.906,-6.0218,1.7961,5.5742,-8.9739,0.943,5.59,-2.006,9.9586,-2.0374,4.6272,7.8757,4.1526,5.6815,4.3614,4.6591,-4.9081,0.2692,-8.3064,9.0532,-7.7728,5.552,7.5736,-0.7569,7.6267,0.5651,-9.2986,9.0066,6.4968,6.5509,-9.4999,7.6532,-9.3208,-0.624,-4.6717,-9.6614,3.3263,-3.91,5.3455,-4.5619,-9.6701,-7.0899,-2.3823,-9.1591,-2.0949,-9.3553,3.8982,-8.1971,5.6019,-2.2966,-9.7545,-0.1746
-2.978,5.3796,1.9484,4.6895,-0.4187,-5.5627,-0.7921,-3.5945,9.6558,0.6091,5.1597,5.2572,1.634,-7.5223,3.0504,8.0961,9.365,-0.4021,-9.4902,2.0784,-6.1815,1.0898,5.4554,-2.0581,4.0908,0.0222,3.0353,4.3234,8.3082,1.1084,-2.3108,9.0601,-2.5604,8.8333,-1.491,-7.2235,8.9295,6.6119,-6.7639,4.7344,2.6067,-3.8744,5.6545,-4.2529,-8.4578,-2.5756,2.4635,-5.7556,-1.3578,5.1159,3.536,8.6762,1.9914,6.3719,-9.9691,1.8623,8.5049,3.8993,7.3298,1.0253,-4.4731,5.5225,2.9138,-3.8613,-5.5166,-2.0842,7.6552,8.8839,8.1149,6.1278,-0.2235,9.8748,-8.7485,0.9502,9.4702,0.9192,-0.857,3.8733,-6.0984,-3.6064,-7.9482,-3.2928,-9.7068,6.8904,2.2443,7.9959,-1.4262,-9.9905,-5.2026,9.8025,6.9447,3.0013,4.1817,-6.8086,3.3717,9.966,3.3267,2.6518,3.3983,3.2325,1.3214,3.4803,-3.8192,6.4958,3.32,-5.877,7.9789,-8.1335,0.9131,3.5906,1.2039,4.3743,-3.9658,2.5118,-6.43,-6.6493,-2.4157,-0.6095,9.5299,-1.7119,2.0429,-5.556,6.7499,-5.8808,-1.4345,-9.9306,-3.6257,2.31,-7.0226,-6.3411,6.8119,8.6821,1.1506,7.6706,-7.4969,3.2304,-8.4075,2.2312,-9.8636,0.6636,1.9817,-3.559,8.0769,-6.6855,0.3863,8.1176,-3.6067,9.6235,2.313,-7.8991,4.3893,-7.9717,4.316,8.8163,-8.6087,-1.0597,3.1524,7.5761,-8.8763,5.1081,0.0324,-1.3585,-3.2165,7.0924,6.6309,-3.8343,8.3059,-8.2096,-1.243,8.9701,8.8287,7.6125,-7.5842,3.7533,-9.0301,2.9365,6.3107,-7.7122,0.9666,-8.3826,-9.3629,1.2389,-3.88,8.5329,-3.5737,3.856,-2.9607,-2.7686,7.2472,-6.2881,9.6042,1.7808,5.7852,-9.2959,3.156,8.416,7.5002,-3.1122,-6.7228,1.7088
5.5731,4.8253,-9.8616,5.7278,-3.8212,-2.7534,7.4436,1.511,3.9367,8.6489,6.6654,-9.0251,9.2527,-2.7782,2.4811,9.3688,-1.3384,-5.069,7.9207,-6.4934,5.9018,2.7606,-5.3476,-4.7898,8.5308,3.3616,1.9673,1.1706,6.2058,3.1541,5.7709,3.492,3.299,-0.8279,5.1935,6.969,4.5047,0.284,-6.9559,6.8322,-0.2977,-9.8812,-1.6188,0.1684,-7.7411,-9.2943,-8.4128,9.1398,-2.3971,-1.4534,0.7399,-4.5643,-7.6454,-2.4255,-2.4692,-3.8836,7.0511,-9.2156,-6.053,-3.6119,-6.986,-8.5006,-1.1217,-9.7851,-7.0276,-0.0876,-8.4145,-3.4382,1.1587,-0.1097,1.7458,-7.7445,-9.5728,9.3583,9.5793,-4.4673,0.7516,-2.8417,4.4141,-0.128,-1.1233,-1.7237,-9.5724,2.048,-2.5933,-0.7894,-1.2546,4.3375,-0.6646,-4.1691,9.7847,4.7649,-2.492,0.4739,-9.2171,0.7134,3.7127,9.0321,-0.7739,-2.008,-6.9984,-4.2296,-2.1969,-5.2868,4.4795,-6.9072,9.1327,6.3601,-5.598,-6.9595,-5.0253,2.006,0.445,-6.2057,7.972,2.6118,-7.5574,-5.7953,-3.9849,2.8389,4.0688,-6.6924,7.6248,6.8397,7.0362,-6.1857,-2.0824,-9.408,-0.0766,4.7201,-0.5842,-6.2534,2.8777,-8.4233,1.6501,2.9828,1.0658,8.3238,2.7916,-9.4004,-2.1473,-0.259,2.529,6.022,8.6223,8.4461,-3.3815,-9.681,-3.7214,-2.6018,9.2204,2.2971,-9.7639,-0.8982,1.8704,-8.7266,-0.9787,7.3728,0.7068,4.9892,-2.7238,8.4652,-3.8272,-9.572,-3.5267,-4.6414,1.5166,-4.9555,-8.6253,8.9783,3.6969,4.6336,7.7045,9.6135,4.324,3.7954,-6.9933,8.122,-5.7189,2.1431,4.249,5.7256,-7.8027,2.4866,-7.1639,4.614,-8.0476,6.7183,1.594,8.4835,4.5324,-3.9476,0.4578,6.6094,-8.9038,1.1105,3.1786,6.7095,-0.927,7.3066
-5.052,-4.6356,-4.4732,-3.7356,-8.8545,-1.5544,2.8854,-0.9884,6.3003,-6.5219,-8.3681,-8.265,-6.7885,4.4389,7.7706,-4.3913,-7.4801,6.1729,-7.7338,-9.1387,4.5228,1.3327,-7.0497,-7.1361,4.4528,5.4623,7.9002,5.9894,6.3082,9.735,-2.5805,-9.7965,8.9089,7.3371,-4.1097,-8.092,-1.1261,-4.907,6.5759,8.4677,5.6902,-6.7415,-4.005,-0.489,-4.2644,-8.3443,0.0344,0.6785,4.8217,8.2956,-9.8168,6.18,5.0157,-4.5501,-1.0538,-1.6076,-0.6434,7.1277,1.1538,5.5648,-4.3818,-2.5361,3.3462,5.6914,7.804,-2.3241,9.7394,-9.5861,-8.3309,5.7031,-5.7612,4.5865,8.2263,2.6217,-9.5882,2.2047,-0.4021,-6.1732,-8.0944,-1.7972,8.1229,-2.4352,4.2355,-8.3236,8.8819,9.679,1.8177,3.848,-9.0373,-4.9513,5.6943,6.5119,-1.8013,6.6898,-8.6341,2.1912,-0.0514,-7.5849,6.3866,-7.3508,1.7811,9.8876,-9.1647,-7.9402,-5.3132,-0.7894,-9.1148,3.4224,3.6991,1.2285,8.8576,-2.5783,2.9746,-8.6271,-7.9221,0.8959,3.2329,-0.5736,7.513,4.3574,-5.5522,8.4035,1.5474,-5.4213,-2.7384,9.7367,-7.9302,-9.4484,5.951,4.539,1.8656,-9.2359,8.8705,5.8439,-8.8845,-1.6735,3.2427,-9.9925,8.439,6.4945,-5.1096,-4.6678,7.5837,-0.8727,6.9455,3.424,4.767,-1.5173,-8.169,-5.7699,6.6606,-0.5582,-6.4512,5.3809,-0.2127,-6.77,3.9853,-6.1415,-5.9751,-7.3096,4.8622,7.4794,2.7163,0.25,9.3837,6.9817,-7.626,-4.1644,0.9735,-5.7317,7.7205,-8.8329,-2.9172,-4.8178,-9.5651,-9.0299,-8.1084,-3.4276,2.1568,5.621,5.9118,3.2321,1.9775,3.9874,-2.9925,3.3202,4.2768,-2.2093,9.7746,-7.5646,5.9154,-5.9786,-3.2075,-4.6098,-1.3816,-3.8872,-0.2291,8.1055,-4.8105,-1.143
9.3213,7.5485,9.1902,-9.7966,3.8127,8.4657,8.3034,3.8727,-2.6147,-3.7614,-9.6375,-7.4977,3.4626,-5.0847,0.5431,-4.7092,8.5234,-1.3208,6.6812,9.3225,9.5087,-4.69,-5.6122,7.3252,2.4105,-9.7129,-1.6898,-8.8357,-7.7601,8.3465,9.9464,-4.6551,-3.8486,-9.1624,1.4118,-7.285,1.916,-4.4854,-4.3995,-8.4015,-0.6392,2.9974,-2.9626,2.782,-1.3058,7.4947,6.7774,-7.4771,-9.5958,0.477,0.1362,-3.1663,-6.4,0.9458,8.8112,-7.2803,-8.5067,2.4514,6.0705,0.854,-4.1466,4.1345,2.1359,4.7533,-7.5171,-8.5911,2.9167,-4.4325,-0.1175,5.6098,-8.0564,3.889,-4.395,-4.2207,-4.4407,-5.1483,-7.2297,8.6271,2.6899,-0.9034,6.3644,-0.8183,-6.0778,7.5732,-4.0178,4.5588,-2.9551,-4.4184,-5.6411,-4.1876,8.5282,7.2494,3.8717,5.4997,9.8537,-4.3145,-4.8498,-2.1701,4.5285,-2.1173,-0.0268,8.7347,-4.8597,9.5662,-5.942,-4.0311,1.8098,1.648,-3.3259,5.1278,7.5643,-3.0988,-1.758,5.2275,-7.4831,2.7439,-4.3093,-9.0529,-7.7001,-9.2241,-8.7972,-0.6524,-2.3903,-1.7783,9.3374,1.7252,3.3958,6.6205,3.8698,-3.1488,-5.1289,-4.0354,-6.347,5.8394,-2.2717,-3.2382,9.6232,-1.1843,1.7934,2.2218,-5.9929,3.1972,-8.7973,-7.5158,2.8628,-2.7065,1.8159,-9.6576,0.5406,7.6505,-5.2935,-1.8508,-6.839,-6.508,-8.3909,-9.8268,-2.5184,1.384,8.2283,4.0251,8.2534,3.943,-1.6311,-2.9755,7.4349,-7.1171,-3.7661,7.5027,2.5772,3.4981,1.3974,-3.9333,-7.6309,4.8028,3.8106,4.3322,-3.4884,-3.1514,-3.4478,9.9272,-8.6258,1.7372,-1.7691,4.4026,4.199,-5.6324,7.3854,6.4273,5.8862,6.8728,-8.8625,3.6563,-1.9147,-6.4362,-2.3831,4.411,6.6085,6.3446,3.1875,8.4698
3.1142,-1.2558,7.0422,-6.8832,7.1156,-0.4526,-3.1987,-3.0917,-3.7649,-3.8276,-8.4668,7.2454,2.3343,-8.631,5.8505,-8.3167,-2.3877,-2.1138,-1.074,2.833,-2.8761,2.8694,-1.557,8.1416,7.4039,-4.6086,4.8057,-1.017,0.2244,-8.1636,-3.121,2.3356,9.4444,-7.7895,9.1676,-4.8099,3.4356,5.5709,1.1532,2.3096,-6.3323,4.7426,-2.0172,1.5644,2.0432,1.2751,3.3618,-7.053,-6.8386,0.4587,-9.0024,6.1869,5.7818,9.9864,-6.9302,-9.9202,-6.4699,-7.9815,-9.1808,-5.4749,4.9563,-4.7052,2.4596,5.5677,5.083,-2.2187,-7.8687,2.2866,4.5216,-1.5077,-9.2913,9.0654,8.7202,1.5822,-8.7401,7.4,8.221,-6.5937,-3.7051,6.101,-5.6437,4.1192,7.7528,1.9097,2.3778,3.8361,-8.5871,-2.1437,-8.4795,-3.4247,-3.0288,3.3218,-0.3188,5.2897,8.2903,-0.5868,-6.8751,0.6724,-3.0896,3.8657,7.728,4.6519,-6.9168,7.1959,-9.5191,-4.0725,-2.716,-8.5784,6.6962,-4.7135,-6.2333,-0.028,-6.2282,-7.4173,-2.7379,5.9971,-2.1411,-3.5582,6.4839,-5.8248,-9.3761,-3.2212,0.3464,3.9316,1.5971,-2.8602,-1.7078,9.3678,6.6921,0.1738,-4.5016,8.9775,7.6856,7.6456,-7.7223,6.7602,6.3537,-1.7406,9.9444,-3.2006,-6.3084,0.2243,6.7494,9.3702,-6.5314,1.8424,-6.9253,1.1143,-7.8078,-7.5745,5.2275,3.7013,-6.0838,-7.9676,9.1934,8.263,-6.4143,9.8521,-8.9518,-9.0309,-5.2397,1.8521,6.7881,-5.4005,-1.1018,-6.9192,2.2167,9.4539,1.9601,7.8378,-6.059,4.3681,-6.9792,-5.4595,9.8606,-8.9565,-4.4742,6.6711,9.5738,5.0253,-6.0634,-6.7839,9.2585,3.7948,5.0204,-0.5599,2.5629,9.963,-5.9006,7.254,7.8769,-2.7894,-4.6789,6.7316,8.224,-5.6624,-1.5244,4.4571,-8.1346,-3.3237
1.5513,0.3024,3.5945,4.99,-1.7513,7.8215,6.1799,-7.8659,5.3071,1.0138,2.5045,9.8358,-7.6535,-2.4409,-2.1254,-0.131,0.3199,2.5577,8.1384,5.7863,0.8654,-9.1159,-0.2188,0.4902,5.3783,-0.4181,0.6642,-2.0936,8.2596,7.7252,-7.5266,-3.0572,5.737,3.279,-7.4639,-0.7385,-3.1713,-0.873,8.1708,6.5042,-9.0555,6.2425,-7.3329,-2.3995,-4.427,0.8903,9.2633,8.6318,-9.9046,9.3991,-2.6302,6.52,4.7562,2.0431,-5.6261,6.5149,9.0557,-2.7881,-8.5272,1.6815,5.8628,9.205,-3.2539,-4.8586,9.8555,1.0371,4.56,9.9079,-4.7842,-7.419,-7.0266,8.2178,-9.0263,-7.1317,9.6496,6.1583,-4.177,4.8982,6.2558,3.4551,-4.4612,-5.3165,-8.2481,2.1589,5.5385,0.7346,-3.4387,-5.4164,-3.1465,6.0005,-1.4098,-6.3046,-1.7366,0.0024,2.3625,6.7788,-9.8266,7.8755,5.9746,-0.1632,3.5282,-4.5879,-3.0557,-7.4266,7.2208,-7.334,8.9577,-4.8188,9.9762,5.1632,-7.424,8.5984,-5.048,-4.4738,-5.6496,7.2541,-8.0398,-6.8176,-6.3234,5.5688,4.8154,8.7006,-7.2591,5.825,-7.3546,4.3467,4.0486,6.6762,-9.7121,-8.7152,-9.7006,7.0417,-9.3365,-9.3956,0.7935,2.1744,-8.3,4.1001,-6.3756,-8.6646,-5.5724,7.73,1.5462,5.6508,-1.0529,9.9142,5.3921,-0.9283,7.5449,-3.687,-3.836,6.6862,-6.1501,-4.1179,4.9866,-5.7049,-5.5258,8.457,0.2828,7.9347,-9.9231,7.7388,9.1537,-9.528,-2.363,9.6371,-6.155,-7.2408,-1.3616,-0.3695,-9.5408,-6.1072,-5.3154,6.2349,-9.648,6.8466,9.3312,5.6677,-4.2309,5.212,5.5899,3.2631,-7.372,-3.3069,1.9221,3.6985,5.3709,-8.4857,-0.4355,-6.7503,7.4659,7.6607,-8.5957,-9.4073,-0.2516,-7.9798,8.0252,2.7919,8.192,-9.87
-6.7715,2.5207,4.6149,7.5091,3.6051,-7.9784,4.3378,0.4633,7.1758,-6.3627,0.459,7.5546,-5.8558,4.9309,0.8267,-5.593,3.6774,9.1615,4.0426,-4.607,8.1141,-2.7222,-8.7403,5.3279,2.8451,-6.8957,5.8242,7.686,-8.8129,-3.2007,-2.3076,-5.7765,-0.7333,1.5062,9.1111,4.9136,-7.9379,9.2878,2.8485,0.0913,5.3787,9.4894,-6.9861,2.7957,-6.0196,6.227,5.5487,-1.7906,8.7476,3.5863,-0.4313,-0.5642,1.9296,0.2188,1.8758,9.1023,8.2109,-6.6298,5.7367,7.2481,4.6634,-3.4804,5.9161,2.8578,-5.2759,-3.8405,-1.0363,4.8382,-1.4039,0.5866,8.5493,9.4262,1.6598,5.5268,1.7904,-7.9404,2.8474,-4.7392,0.0886,-3.0624,8.9354,6.6792,2.9215,-5.333,-7.6302,1.6391,-4.3538,0.1426,9.4457,2.8141,-0.1396,8.9883,-8.8138,-6.8574,-6.4227,2.7549,-1.0231,-4.7719,-5.2996,7.5265,-1.6421,-6.6918,-5.1435,6.7866,-4.2535,6.1574,2.6734,1.0332,8.9452,-4.6874,6.5302,8.1766,8.3023,8.3688,2.1431,-0.5206,5.9213,5.0363,-2.6061,-3.2527,-7.0633,2.6072,-7.4731,4.1718,3.9033,8.5029,-8.7645,-6.5077,6.7291,-9.1361,0.4659,8.6643,6.4095,8.2228,-0.0568,2.3152,-5.9992,8.2006,-5.2077,-3.0815,5.1457,-8.3354,-9.1213,3.6092,-7.5055,2.08,-9.7105,-0.4809,3.7103,9.6733,-4.2962,9.5078,5.7667,7.6972,-6.4617,-0.5076,-0.6739,-3.6775,-5.4662,-8.9147,4.2678,-0.8419,1.0726,0.5834,-8.8033,-4.7802,-0.4462,-6.8603,-9.082,7.2356,-7.9825,-6.9804,-8.2414,-4.9733,8.141,-1.9975,3.0162,-5.1246,2.8858,-0.8755,-3.8453,4.8189,8.9678,2.1353,-8.3994,-6.7626,-5.1263,3.4508,-8.8939,-1.7493,-8.128,8.8639,-4.3242,-9.4347,-7.1518,-3.7062,-6.5283,6.6559,6.3426,7.2057
9.418,-5.8867,-4.0884,-4.709,-5.224,-7.2168,7.881,9.8079,9.5568,-5.3147,-2.8914,1.6746,9.8324,-9.1792,9.2755,-4.0759,9.2727,-3.1463,-4.798,4.1979,1.4925,0.218,9.7477,2.1869,-7.7171,-0.1465,0.4549,1.2894,-8.1378,-7.449,-5.9793,-6.6865,2.325,-3.9844,-1.2395,0.4496,8.538,1.7682,-0.1811,6.8651,-5.8706,-3.8535,1.0826,-4.3002,4.584,-8.239,6.8649,7.6756,7.8475,1.5235,3.1995,-9.4128,7.8678,4.494,1.0603,-2.4155,0.8372,-1.4161,5.5998,-9.9581,-9.5678,-5.281,-5.1616,4.3842,2.1617,5.82,4.5583,0.1037,3.8987,0.6992,6.8788,8.4762,-0.907,-6.158,-2.8547,-7.6607,-0.748,-6.7673,-5.7664,5.6976,8.1731,8.0835,-5.6855,-7.8116,-9.7868,2.1708,0.4853,-0.3256,-1.9001,0.5298,0.4775,1.8702,-9.8671,7.2401,-3.9988,4.7829,-8.7892,5.263,3.7654,6.762,3.3841,-3.1541,3.709,-8.2119,-2.8261,0.5855,3.1968,3.4484,-9.2885,-8.9693,2.6227,1.456,4.9852,7.9168,-4.1821,5.3853,-1.4389,-4.0203,1.1767,-7.078,9.9021,-0.2888,-4.071,0.0757,-3.4398,9.734,4.9424,-7.4096,0.966,-3.2848,8.2327,-4.9933,-6.5138,9.3845,-1.994,9.8994,9.3733,5.9989,6.7837,-5.5007,-5.2489,-3.3701,2.4619,-4.166,0.6044,-8.2952,7.611,-2.7431,-9.2663,4.0529,-6.9556,-9.06,8.0568,8.1059,1.2121,-9.7268,-4.6187,4.1963,7.1311,7.9896,-7.7285,-9.4118,-0.9421,9.6357,4.6755,-1.7223,-4.3684,3.7933,3.8303,3.8167,-4.8324,5.3998,-8.2965,9.1668,7.5082,-6.6369,7.4991,3.6781,6.4549,1.423,-0.4779,5.3673,-5.9995,-9.3932,-4.1732,-5.3805,3.5729,5.0773,9.959,-2.0461,0.9536,-8.369,1.4093,8.5132,-7.1815,-9.5086,0.4178,-7.8605,2.0207,5.6173
7.1809,-2.1898,1.3811,-6.7624,3.8811,-0.8494,-7.6934,-2.6362,3.0176,0.4191,-5.0643,9.2812,-8.317,7.1567,-0.1637,-8.3517,7.0571,-9.937,-2.1147,-9.2988,-9.3081,1.5527,3.2292,-8.582,7.6823,1.6986,-9.0188,4.3479,1.9183,-1.8546,6.3766,-1.4919,3.5356,0.6052,-9.212,-0.9073,-3.1936,-7.4631,-0.3098,-8.0865,-6.2201,-6.1402,0.915,-7.8,-6.4111,-9.7121,8.8347,1.6578,9.3983,9.9419,-4.0025,-3.6159,5.3111,-1.4154,-8.277,4.4276,2.0845,-7.9614,2.3004,7.9362,-6.1829,2.2081,9.6369,-1.2058,-8.7539,4.219,9.8692,8.9437,6.966,-3.5301,8.7566,-8.8278,7.7827,5.7346,-2.4515,-3.7354,-7.8534,-1.6471,-6.1897,2.4369,3.314,7.4084,1.8329,-7.8047,-4.2143,0.6791,-9.1837,1.2677,9.6617,-8.9571,-4.8671,5.2241,-2.2303,2.3852,-2.7192,-0.14,-9.4632,8.0691,-4.8712,-1.1327,-8.8071,8.4155,-2.7985,5.1175,-0.5474,3.4788,-4.5165,6.2743,-7.4934,-2.4446,-7.8725,-3.0368,0.7442,2.2733,-2.7625,4.9233,-2.5297,0.0734,1.4417,-9.1665,2.4467,-8.23,-8.6839,6.1726,-5.4351,5.5447,8.5256,4.8694,8.7878,-6.3859,-5.669,8.3229,8.3695,1.1983,0.0812,-3.6846,0.0626,-7.2231,0.9851,4.0482,0.4334,-3.0557,-1.0602,-8.0527,8.3459,2.5099,-0.3626,0.0955,5.0331,7.5014,-7.9772,3.9416,7.9039,7.4715,0.8877,-2.5197,8.8735,-6.2447,8.9994,-1.7792,2.654,4.5087,6.1618,-2.6005,-2.4103,-0.1645,-4.045,3.8366,-6.2501,3.7792,7.1263,1.3593,-8.9043,-2.427,7.3192,7.5806,3.8285,9.7142,-1.496,-7.6845,-2.3565,-0.793,-7.5414,-9.4711,5.3533,-9.8798,-3.1611,9.8055,5.8709,-8.8189,9.8633,1.7356,3.004,-6.6415,-2.5075,9.3524,8.605,3.9881,-3.5661,-1.8115
8.6755,2.8209,6.7153,-6.4664,-9.8865,-1.051,-3.9836,2.4136,-7.0173,-6.3281,7.4884,-2.0152,-2.439,0.8839,3.4723,1.5771,0.4212,7.5449,7.9494,-6.8245,9.7365,-2.8463,-1.0033,-3.5338,3.4426,-3.3692,-2.8185,-7.3595,7.2503,-0.4874,-3.7389,4.0261,-1.2649,-0.9479,-2.2907,-8.4098,9.2878,5.0085,-4.7108,-2.8286,-3.6142,9.7045,-0.0271,-1.3767,-1.0804,2.5336,-7.0279,4.5713,-4.6452,-8.7493,3.2522,-9.5027,-4.8153,-3.229,-4.9543,7.872,8.7652,-9.1733,4.4909,-4.4839,8.9975,-3.1149,-0.923,8.2167,-4.4992,6.9418,2.508,4.8264,-9.2487,-2.7488,-5.0697,7.1259,6.7447,5.7667,0.7494,8.5956,5.7848,-1.4994,3.3254,5.9253,9.1249,-9.053,4.2434,4.5196,-3.1891,4.647,8.9167,6.6119,5.6219,8.876,5.4108,-8.3109,-8.9789,-0.4859,-4.3483,-9.6783,4.2726,-9.495,-9.2443,-1.1378,-2.4134,-5.6676,9.2402,-2.713,-5.713,-3.2238,-9.5511,0.6945,-5.7886,3.5465,-1.5769,-2.3826,7.0927,-7.0446,-1.9195,8.8639,-0.8834,5.0492,-7.3027,9.5381,-2.3561,7.6461,3.7577,5.0908,9.0297,-7.4748,-1.9978,-6.2856,7.0018,9.6551,-8.4818,-3.5677,4.553,6.9278,1.5624,-1.7807,4.2403,8.83,-3.6189,-6.6283,8.1057,-6.3741,-0.8414,6.9929,-5.4234,-7.7873,-3.4826,-0.7168,-1.1058,-2.0707,9.9868,-8.6048,-5.9102,-4.5742,2.8196,0.4271,5.1966,7.8883,6.5133,-8.2419,7.6754,9.7191,5.784,-2.9987,-6.1678,8.7196,6.5141,4.9782,1.4061,-9.2887,5.7586,8.0818,-7.358,-4.1635,-2.9493,-1.9303,6.2012,7.7766,-1.9586,5.8323,2.0821,-2.0161,3.8603,-6.0337,-5.3246,4.1295,7.4973,-0.4557,9.5558,6.1137,-4.4655,-4.488,1.8226,8.0122,7.3825,-0.3426,-9.1009,5.8511,1.871,-2.4575
7.8586,-0.8956,9.5724,1.7432,-9.3863,-8.0562,-1.8244,-5.25,7.8449,0.4154,5.1528,-2.9928,5.7167,-7.0368,-1.8275,2.714,1.693,4.2919,8.4384,-6.2741,3.2418,-6.6069,-0.1614,-7.6186,4.7477,-5.4296,-2.9664,7.3242,0.2662,7.5223,-3.2641,3.1334,-9.0903,3.6849,4.332,4.9441,9.0216,0.2306,3.2567,-3.5483,8.9578,9.9383,7.6842,4.9105,1.8026,4.7083,8.3438,1.0761,6.2131,-7.7084,4.7129,-1.3606,-3.3456,-2.4283,-1.2241,-1.2056,5.4453,1.8756,-9.2715,4.5664,0.3704,1.5023,-2.4529,-4.9045,-0.8123,5.0169,-7.4918,8.4273,4.4504,-1.9476,-9.3403,-7.9586,5.2638,9.4858,6.0295,9.4342,3.487,4.6327,-7.875,4.4847,3.1045,6.0263,-5.1578,-7.219,-6.7181,4.8843,-4.5973,-5.0127,1.0873,-8.6056,-9.4061,-9.149,-5.07,9.4742,8.6006,8.508,-5.5227,0.8668,-2.105,8.2774,0.7242,9.0617,4.6989,-9.6047,-9.8129,-5.7637,-4.5393,-4.8234,9.9171,7.0435,-5.6656,0.3386,-1.2269,-6.5539,1.4878,2.8088,-6.2982,-9.8586,2.421,-1.856,4.4378,2.9576,-1.8036,-1.4268,1.2421,-3.3588,7.9211,-7.0028,9.3217,5.0457,-1.8819,6.423,-1.2757,-3.1198,9.4351,-3.0062,-0.4495,-3.2199,-6.6311,-9.8916,9.5419,-5.5963,3.0371,3.3838,1.7657,8.8489,-4.9563,1.8514,-4.4394,8.1172,-6.047,-1.2021,9.2738,0.4753,-3.1237,-8.0358,-7.4944,-8.8744,-2.2033,2.3403,9.5256,8.6665,-4.7772,-2.5771,-2.5903,9.3932,2.3471,4.7814,-4.1758,5.4341,-8.8444,8.16,-2.2701,0.2046,6.8245,-9.7318,-6.3201,-2.9497,-7.3856,-7.6658,3.9297,7.2473,1.4946,0.7394,6.7349,-4.7616,3.2429,-3.4522,4.7822,-5.5271,-1.9255,1.8331,9.9839,-5.739,-7.3017,6.814,7.3466,-5.9322,-3.4554,4.6421
5.3401,-2.3697,2.1934,-0.878,3.8985,-5.0834,-2.2302,9.4379,-8.9088,-6.9846,0.402,9.0781,6.5059,-6.149,-5.6787,0.6329,-2.6193,-8.1089,2.8436,-3.9628,3.8287,6.1028,-4.9373,-8.3696,-2.4413,7.0224,-2.1891,-3.9772,9.1601,3.1878,2.9893,-5.8579,8.0336,5.1785,-9.2015,-3.9203,-8.5591,-3.3759,1.447,7.4327,-8.0321,0.5751,4.3338,7.2937,1.7197,-9.9769,-1.3001,0.8919,-7.1922,-9.3134,2.5636,-8.0852,8.8423,-9.4043,-2.2277,2.2779,-8.1608,9.6703,-0.3903,2.5563,-3.3678,9.4818,0.7849,-7.7766,-8.2615,8.5003,4.8149,8.2821,-9.9881,7.736,9.471,8.1501,9.5949,2.0132,3.7035,-1.4829,7.3095,-1.7211,2.918,1.4373,-4.8723,-0.2532,1.5825,9.3944,3.3055,-9.7187,-1.1649,-5.2921,-0.9445,4.7022,4.7809,-8.0249,-5.9912,0.6063,1.449,-1.7739,0.8314,-5.7548,7.5736,0.4118,-4.1214,5.2177,4.5998,-2.9635,4.7079,2.9624,6.4541,5.8795,-3.4768,-2.8819,-6.4519,-3.9209,1.1526,9.6777,5.4234,-8.5929,-4.235,4.1697,-8.0216,-1.5257,-5.6913,5.0419,7.611,0.3394,-6.6497,1.3221,-5.4618,0.0236,-7.2543,-1.3177,8.948,-6.405,-7.5525,-7.1261,-2.4414,1.9,-1.7733,3.6961,3.5113,-8.26,-0.6616,-6.8582,-6.126,-5.6211,6.713,7.4671,3.3549,-4.5297,-9.6318,-3.4441,-4.9129,-4.6581,-3.5174,-1.5791,2.3529,-0.4129,-9.2849,-7.8454,-2.7899,-5.1163,8.1686,-8.7432,0.4512,9.785,-4.7165,8.2847,0.7514,9.6385,-1.46,1.6091,-5.908,-6.6787,5.8043,-3.502,-2.8654,-5.5717,2.5323,2.3187,-8.1946,-3.7523,-4.1639,-7.8321,9.802,-4.2416,7.3794,3.8389,-1.9041,-1.6722,4.7917,3.4304,1.0426,-7.0721,-1.5293,-9.4969,-3.3177,-5.6766,-0.6143,8.1845,4.4268,0.5124
-5.994,-2.6995,-0.7582,1.5019,6.2411,-6.5902,7.7145,0.6494,-2.2561,8.4034,3.7965,9.6973,-5.1372,9.6447,2.9519,-8.8075,-8.211,4.3421,-2.843,-4.0055,7.977,-7.2652,-3.7893,8.2017,0.5191,9.3189,-4.258,-8.3594,5.9586,6.1698,7.3505,-2.8803,-2.5995,-7.5574,-6.2294,-1.0856,8.741,5.4453,9.4185,5.925,-1.7052,1.8212,-2.0411,-8.2063,7.7472,-0.5836,0.6354,-7.3928,-9.537,-0.4134,0.5868,9.9017,-9.5856,9.6625,-3.2147,-3.0592,8.5424,-2.4623,1.7016,-6.0119,5.7806,7.2652,-1.3301,-0.601,2.7536,1.6016,9.1448,6.136,-9.8811,5.4415,-4.828,6.6121,-4.1627,7.5542,8.6331,8.4394,6.4062,-8.1784,-7.1953,-0.2601,-2.0035,6.3481,-5.6672,-1.4151,-1.2213,0.5792,9.8015,8.5607,-8.9187,-4.5175,7.0849,-2.3988,-7.978,-2.437,-7.287,9.7721,-5.3736,-9.8631,8.7565,9.4721,-7.068,4.5494,-0.5432,6.0634,0.3561,-8.782,-7.936,-9.8525,9.801,0.3674,-3.5132,6.2125,-1.0523,3.8038,5.2431,-0.1894,-2.605,4.941,-8.8643,5.5404,-1.8406,0.6506,-2.6883,-6.8404,2.1773,3.6293,5.8556,4.5152,-7.5029,8.1571,-5.7679,1.3701,-9.6686,5.1306,-3.989,-1.3452,-5.2826,-5.9463,3.5677,1.9202,7.8459,-8.4999,4.7291,-8.3156,-6.2915,-2.6905,-0.9551,-3.9908,9.3971,4.858,1.5441,6.6001,6.8772,6.9123,-0.6989,5.2807,-2.5663,3.0683,-2.2907,-3.7657,1.746,-1.1515,-7.2783,8.6997,8.1695,9.8777,-1.68,2.5176,5.2973,2.3868,-2.7867,-4.0211,-7.2382,-7.6637,-0.2771,5.6919,4.7059,5.0017,-2.7456,9.0525,-7.4211,0.6155,7.8056,-3.3285,-0.5858,-3.1359,9.8453,-9.6926,-1.4961,-8.9092,7.7009,3.3573,9.1268,7.5104,6.8759,-5.9819,-9.9452,4.2611,6.8462,6.0005
7.4617,-6.1449,-8.3626,2.8453,-5.3632,-4.5797,-8.2452,9.3991,1.774,7.9806,9.4767,-6.5592,0.3167,7.7485,0.5186,4.4796,-5.9163,1.1617,-4.3591,9.2085,-1.7279,-8.0906,5.9043,2.4705,8.8812,4.5397,4.163,4.8199,-3.9597,4.031,-8.258,-5.0206,5.948,6.9279,-3.4641,0.6649,3.1869,-2.9591,2.314,7.4287,-2.6741,8.1034,9.9278,6.2211,-3.6816,2.8967,-2.7958,9.2682,-2.2387,-6.9602,3.2689,-4.538,-8.015,-5.6399,-8.3572,-5.4297,-4.287,-8.2047,5.5196,5.3868,2.0741,3.924,2.8491,4.7809,1.8212,2.8719,-1.8115,5.9992,4.903,5.8649,-1.3672,1.962,2.3571,2.9019,9.1832,-0.5673,9.8876,8.7975,5.9304,-9.9188,-1.3439,-7.0163,-8.7556,6.5466,0.6211,-6.8966,7.9246,6.2572,-0.4441,3.0225,-4.0273,0.5802,-2.8139,-2.7576,2.8691,-8.1611,5.2631,-6.4042,0.3884,2.7993,4.33,3.6544,2.9815,7.3976,3.371,-6.1561,-6.605,0.6889,0.0571,-7.6266,7.7543,-1.5484,8.69,-2.8839,4.851,-0.0549,-8.4771,4.2699,-7.9362,-4.1993,0.9526,-5.9743,2.4153,-4.5681,5.3374,-4.2902,-0.0026,-5.7989,-0.8419,8.6432,-7.621,-0.6761,7.4002,-0.7704,-5.8653,2.7434,6.0721,6.5763,8.1311,-7.1313,1.5885,-6.863,-2.2667,-2.8826,-3.6633,-9.9896,5.1635,-5.631,-1.5051,1.9346,0.6882,6.1856,-2.8434,7.8669,0.7958,-4.4747,-0.0566,-3.5376,5.2765,-0.6302,-8.7262,-2.4842,2.4934,-5.1765,3.8281,-8.9953,-8.7317,-8.1598,3.3454,6.3737,2.7652,-4.2323,-2.5494,-1.4156,-1.4649,-3.2282,7.1686,7.794,-3.0263,6.5253,4.5682,-1.4931,-9.4574,-6.1109,8.4413,-2.8037,1.9368,-1.6988,-8.147,6.8974,-9.3638,-9.51,-7.5064,4.4325,9.5111,-7.2697,9.3536,-4.8803,4.8091,-7.3227
6.9283,4.9623,-8.3189,-8.9546,-9.3698,-6.2466,4.9647,1.7604,7.6191,-6.4843,-1.1714,-0.4113,-0.3226,-1.1418,3.6894,-3.8456,-5.3276,-9.7905,0.2374,-9.4144,-0.8634,5.9095,3.5768,9.5035,4.516,9.5178,-3.048,5.1203,-5.1582,-4.3805,9.2175,-2.1969,2.3247,-3.7563,-3.4034,8.7436,2.3666,-1.398,3.3304,-9.6556,2.9234,2.6056,-1.1497,-0.1059,8.3299,-0.1216,0.8009,-4.6343,8.1086,-3.6957,-1.932,-1.7749,0.6943,0.8499,4.9165,-6.4642,-4.3869,-0.2642,1.2178,1.7964,-0.5813,6.2737,-5.181,6.6766,-7.9227,-9.741,-6.2196,-4.7991,-1.5223,7.0901,8.9706,0.427,5.7031,-9.013,-6.3219,-9.2509,7.8536,-6.0692,-7.1865,3.0761,-1.6763,-0.6661,9.5303,0.6743,5.7117,3.9388,1.1557,3.4616,7.0673,-8.5597,-6.2772,-3.423,-3.4109,4.8226,7.9135,2.8744,8.3261,4.9599,-1.1279,9.1206,1.548,4.6531,-3.07,4.3356,1.9388,-0.8115,-6.6761,7.0192,-1.0454,6.0613,-0.4857,-3.8401,-9.2623,-8.8433,-2.2689,1.3364,0.0378,6.2401,-5.6113,-7.4758,1.8848,9.7422,9.743,8.7749,-3.3601,4.5896,-1.7264,-4.8751,-2.1576,7.105,2.725,-4.4553,-1.8525,3.6426,-5.8647,-5.135,-2.1166,-9.2493,0.6478,4.6159,2.5772,0.6078,6.6807,3.0177,-2.3392,4.41,5.5979,5.9897,-5.859,0.7111,-1.8304,5.6593,-1.039,-2.9849,-7.4551,7.2199,-4.0452,1.8718,-5.7176,0.8427,-9.1496,-0.8035,3.5095,1.7051,2.3177,-8.5983,7.5137,0.0565,3.3216,0.157,-8.483,-4.4076,-6.4849,8.1545,-8.1179,-5.7391,-9.7815,6.0961,-8.2867,-4.8045,9.04,6.2417,8.2378,-0.6704,-9.0523,-1.4882,-1.5198,8.7163,-5.6613,-7.1606,7.9377,-5.9353,-9.3488,2.7151,-2.2179,8.9011,1.843,0.0905,5.6374,8.0255
-0.5145,-3.3076,6.3787,6.8648,-6.488,-1.0825,1.7383,-0.7485,-8.2125,3.3176,8.066,-5.2154,-8.176,-3.6569,-8.1891,4.912,-6.7447,2.6848,4.048,-3.5121,5.2793,-9.893,8.6341,3.011,6.0414,-7.6985,7.9408,6.5329,-5.9937,6.3846,-8.0649,8.0931,4.0194,4.5985,-1.3739,4.5752,-2.4958,8.9351,-6.6814,-8.3374,5.8692,7.2544,6.8789,-7.7176,-6.0549,9.1611,-4.8118,6.2139,-0.5476,-5.8927,-8.0163,-2.279,-4.5378,-4.45,-1.8837,8.5916,-7.0768,-7.0964,4.425,7.2837,-1.1051,-0.3786,9.9656,-4.8505,0.653,-5.0492,9.9998,1.7672,7.7649,-0.8742,1.8272,4.133,0.2041,5.2533,1.1668,-0.5011,-5.5704,9.8144,9.0698,-5.236,9.9509,-3.9308,0.6527,-5.2004,7.8236,-3.6844,-2.765,-2.0596,-2.5416,-1.739,-7.6339,6.831,4.7195,1.8923,-5.6257,1.4249,9.8212,-0.0237,-1.9683,-5.4473,-4.6217,-0.2793,1.8605,-6.4213,5.6759,-8.9051,-1.6738,7.1556,9.0403,7.8566,8.6024,4.1217,-7.6974,-5.565,3.0491,-8.7794,-0.3777,-9.262,-5.318,1.762,1.778,3.9642,4.1785,3.4324,8.8357,7.2818,0.4083,-9.0383,-7.7697,-3.0098,3.1226,-8.5494,-1.6291,3.9525,-0.7983,4.9505,-6.9465,7.8903,8.8429,-2.9424,-1.9115,0.6974,7.4547,-6.9116,-2.6492,7.1027,-7.9864,6.5318,7.0044,1.1966,-7.0012,3.6042,1.1855,7.4005,6.3962,-9.5686,6.991,0.7209,-2.5203,-3.7642,1.7518,7.5547,-8.8921,3.8842,7.4209,-8.169,-9.5753,-5.1098,2.2725,4.4373,9.6176,9.5543,-5.3499,7.8353,4.1775,-8.2025,2.3524,-0.8402,7.2235,-7.6442,1.4205,-1.2712,-6.5035,8.6422,6.4498,-7.5118,5.7106,-1.12,5.0327,-8.8112,-5.4713,-2.7028,-3.0649,9.2919,1.7362,-2.1079,-2.2152,-1.3337,9.1873,6.0869
-5.0878,-2.6398,-2.7517,0.1813,4.3221,-9.7858,1.6803,-3.9072,-3.7111,-0.4647,5.2276,1.9691,1.514,0.7223,-9.2767,-1.3762,1.8695,-5.0439,-1.0257,0.4425,-2.7041,-6.8767,-1.2914,0.361,2.6247,-7.3359,-3.4331,3.9981,-6.7305,-0.1671,4.3068,3.7009,1.3746,-6.0674,2.2311,-0.0121,-7.0318,-7.8862,-2.1308,3.4041,3.8634,1.2811,-2.455,-8.4729,-2.4656,-8.9418,9.4226,-1.6512,-8.3368,-3.5344,-5.3609,-2.9339,6.7827,-0.9049,-5.7898,6.729,-7.1043,7.1779,-7.4738,-2.8157,-3.3182,2.9977,6.9156,-6.0132,4.3698,-0.8421,4.5957,0.545,3.8067,5.4058,-7.3648,-5.5767,-0.7235,-3.1028,6.7768,2.7389,1.7288,3.5169,9.2012,9.4115,8.6404,-6.1215,-9.4518,5.2251,-9.245,-0.4246,1.707,-5.144,0.4013,-2.2938,8.2598,-7.7312,-9.9778,-9.6409,-0.9582,-7.8028,-9.6395,1.552,6.8794,-2.3497,0.5379,3.1751,9.2003,-2.5567,5.272,-7.0812,-6.5631,-9.3489,7.8349,7.3183,-9.7766,1.7251,4.0149,-3.7796,-2.6303,6.054,-3.5792,2.1483,0.2975,-6.1731,9.6498,9.2938,3.9267,5.0388,0.998,1.6878,-9.8874,-5.718,2.5621,-2.5804,2.5947,3.4975,-5.737,-9.2456,-9.5237,8.1824,3.5157,-8.2425,3.0909,-1.4849,1.1673,4.9506,2.0874,9.7565,3.1048,-2.8771,3.4135,-5.1602,-8.3806,6.3888,1.8569,-0.297,5.6479,3.7155,-8.2674,-5.1855,2.6747,6.6998,5.453,2.1899,5.7929,-1.4353,2.965,-9.4175,0.7297,2.6903,0.3051,-2.1958,8.731,-8.9804,1.402,3.4684,6.5696,-0.4276,-0.1741,-3.9894,-1.7282,6.78,6.3265,2.293,9.9469,-5.9096,-1.5314,1.9403,-1.7949,4.7436,-2.9855,-0.1258,-4.3252,-4.0109,0.37,7.3838,-2.5219,-8.6943,1.3803,-9.5077,0.3167,-3.8457,0.2334,-1.0294
-4.6142,9.2476,3.5834,-4.0818,6.3709,-4.4129,7.6801,-2.2964,-6.9597,-1.9543,-3.6635,-5.3271,-4.8109,0.7403,2.2244,0.741,3.8432,0.1836,-8.5017,-5.8287,-9.5887,1.3913,-5.776,9.4318,9.0244,0.6008,7.7024,0.1547,2.14,9.2293,5.0363,8.8525,-9.2523,7.2663,-1.7165,0.4245,3.9468,2.8402,2.2457,-3.1221,-0.2862,8.5353,9.0873,5.2419,-8.8083,6.8372,0.0951,9.6534,1.6808,2.4598,-1.8761,3.7179,-8.441,6.2415,4.4256,-3.4829,-8.2396,-4.8521,-7.346,1.509,-6.2634,-1.099,-4.5996,-1.603,3.8679,7.765,7.2215,-5.7085,1.5591,-7.3763,-8.2701,5.4025,6.3173,-2.8388,-9.2735,-0.5375,-2.5983,0.3139,-6.5324,4.0304,-4.9053,-0.7591,-0.4714,-6.4485,-8.5663,3.3069,-8.4267,-1.7978,-1.2346,-0.3844,8.0772,-5.9574,-3.3603,-4.0981,-1.9769,-7.25,-4.8192,-5.6887,1.801,-7.0883,-0.1394,0.4042,7.6147,-8.7437,6.6631,4.447,-8.7104,-4.694,8.2757,-2.2423,2.6757,-1.1846,-2.302,0.5019,1.2979,-1.0991,5.4169,-3.6175,-5.7704,-8.9912,-8.9496,-3.5634,-1.2982,-5.8628,-0.2449,0.1144,5.3383,-4.5504,9.9664,9.3707,-1.294,-9.7537,4.0516,-0.716,-2.7968,-1.1384,5.4763,-8.2096,-8.1578,-2.3335,-5.2975,-6.8859,-3.5764,-8.7892,9.8671,1.0477,-6.2197,-8.7134,7.0695,5.9875,6.4315,5.3552,-0.5046,-3.5532,8.4347,4.4571,-0.7954,-4.1709,8.1738,0.7798,0.3665,-0.184,-9.5899,-6.8937,-4.5444,9.1202,-4.7115,9.4738,4.9915,-4.0662,4.3438,6.092,-4.1086,1.9561,-6.5249,-5.7187,1.5452,2.1034,6.6643,2.0738,-8.2139,7.9346,9.3534,-5.3613,7.6915,-7.9294,1.4143,4.7784,8.886,2.4703,-1.7674,-3.0828,-4.1613,-2.893,1.9098,8.5118,-2.4285,-6.4537,-8.0594,9.0598
3.711,-0.0069,-7.2267,-0.4801,9.2137,-5.0612,-5.8605,0.3249,2.0851,8.8003,8.7447,8.2298,-5.6267,2.2219,-1.0415,7.3471,-9.785,9.7936,-3.1627,-3.8795,-8.7213,5.7199,4.7581,-5.2795,0.437,7.8577,8.2431,1.0244,1.1095,-6.9714,-8.0408,-9.4514,4.0014,-2.1022,4.0769,-1.7991,-3.4589,-3.9711,-2.3277,-0.1724,1.0302,-1.9074,-0.6503,5.1724,-9.669,8.6635,-6.2153,0.2639,6.3869,9.429,-5.7286,-7.4351,3.5648,-2.1193,1.7705,-9.6459,5.6459,5.5588,-5.9214,4.829,4.8512,0.9846,4.6162,5.5083,-8.8463,6.5178,-5.6938,-2.5936,5.9916,-9.502,4.7582,1.7514,-0.5234,6.1066,0.6017,-0.05,-0.0902,2.7763,4.9726,2.4706,-0.2742,2.9395,2.2554,-6.5385,-3.7057,-1.8918,-5.6778,6.3882,1.5315,9.4069,1.4681,2.2671,3.1555,4.9234,3.253,9.7984,3.491,8.2983,6.0185,-7.1465,-0.7422,9.7717,3.7695,9.0295,6.352,-1.8741,7.0468,4.6747,-1.2715,-2.2265,8.5973,-6.1938,-5.6469,-5.7985,5.3228,7.8353,4.5006,-8.0133,4.759,-9.3801,-2.2624,8.6324,2.9812,-6.9559,2.0348,-4.0433,7.5461,9.4609,-8.6866,2.0957,7.9864,2.2497,2.8822,-6.4729,8.6824,-1.6581,-7.1973,-4.1937,-2.6262,1.3444,-4.9269,-9.7905,-0.8193,-5.4484,-2.8735,1.0571,7.4177,1.9353,-1.9219,3.9142,2.674,-3.3849,-5.7035,-6.152,8.2193,-0.5453,0.499,-9.0148,-6.4513,2.7755,0.9737,-6.3473,1.0809,-3.3466,5.6699,5.4472,-4.1753,9.1154,9.1303,7.2506,-0.6331,2.7224,-2.9836,-4.4771,9.9882,-3.5911,6.3935,8.4487,-4.7738,6.8877,6.6321,0.3656,9.8354,-4.8927,-1.0181,-3.4746,1.6583,0.9094,3.8928,-6.9244,-2.9589,8.4204,-9.8689,-9.5085,9.3566,2.1181,-4.5924,-7.7172,7.7843,-5.9502
6.8582,-7.4574,-4.1533,3.9689,3.7547,-5.3872,-2.1936,-9.2767,1.7076,-8.9216,7.4206,6.7573,5.2144,-8.404,0.3197,2.5261,-1.3636,9.2644,-5.4316,9.5508,-3.8828,-4.7179,-3.5998,-6.7069,-6.7734,1.5954,-9.1653,-4.0473,1.6168,2.6454,6.6739,0.365,-4.7766,-0.8055,-2.459,-0.4809,-5.8772,5.3473,-9.5054,-1.3244,-3.0826,-2.2896,4.0511,5.9081,-8.7694,8.8753,-4.9693,3.7516,9.7183,2.3551,-8.5905,-5.6092,-3.9671,-5.0787,-8.922,-7.2728,0.5852,-0.2741,0.4868,-6.0997,-6.9767,-2.6137,1.6458,3.9199,-3.5281,-9.0534,2.5553,-9.3178,0.6048,-9.2437,1.7881,1.7769,0.9407,4.4912,2.197,5.9648,-8.0534,-2.4924,6.7469,-6.9222,-7.6527,-5.1918,-5.79,-7.9664,-8.2251,-9.2079,-3.349,9.6117,-2.0613,-4.9555,-5.4701,6.6233,-0.6992,8.8682,-8.1996,-7.3167,6.8638,4.137,8.4585,-8.9231,-2.6207,1.4754,4.7398,-6.7471,-8.3834,5.9671,-6.9129,-7.177,8.0135,1.022,3.2025,3.3206,5.8405,-7.3237,3.9198,7.422,-2.4357,-2.9672,-9.023,9.4168,-6.9553,-8.7962,-2.7443,-6.0459,2.6364,-7.9901,0.1778,7.6776,4.7468,-8.9979,-1.3263,4.8775,-2.3165,-6.9298,-7.0209,5.6876,-6.8561,9.1183,4.65,-5.7855,-3.3751,9.0654,-4.5142,3.0927,4.4413,8.1432,-6.7022,7.52,-3.1413,-1.4951,-4.9797,5.5802,6.6346,-0.9434,-3.4895,4.9945,-0.42,5.9518,-7.1441,-8.5255,-9.6491,3.4763,2.0897,-4.1963,3.3621,-8.2716,6.9783,-4.545,-1.3023,0.3388,-7.9421,-7.0089,-2.8018,-5.7668,-1.4204,-2.1338,4.4294,-4.8848,-1.8649,4.714,0.8066,-0.5615,-3.8271,0.0893,4.2363,4.8589,5.0916,0.9648,2.7293,-1.8362,-8.1283,9.1293,3.1884,-7.5473,-6.3471,-4.2674,9.8012,2.7805,-5.5032,-1.2836
-2.7133,-5.8764,-7.5129,-0.2366,-2.4861,-6.9148,-7.0421,-2.1876,4.2363,-7.3763,-7.9134,2.9376,9.5602,6.8051,3.3893,-7.5059,8.005,0.7041,-1.4223,7.4185,3.0678,-5.9163,-1.4842,-2.4225,-8.2833,0.4166,-1.4801,-6.7137,-4.8023,-4.2241,-0.6116,9.3239,-8.0192,-2.892,4.9085,7.305,8.1777,-8.9871,4.6238,-7.5207,8.4171,3.8429,9.1345,-4.6621,2.4328,5.0175,8.3097,4.4705,-1.3331,7.5486,-4.7889,5.2525,-5.4762,-0.5561,-5.3595,7.7705,3.9405,2.8099,9.5875,3.9668,7.504,-9.1531,7.4682,-1.4118,-4.2627,4.3842,-6.3437,-2.556,8.6236,1.4527,0.6874,-8.5979,-7.2689,9.9755,9.7679,-3.2162,-3.4122,3.7134,9.4707,9.5774,-9.7035,-9.31,4.9213,-5.5798,-2.7785,-7.926,2.4428,5.5579,-0.2751,-5.0642,-8.8049,5.6293,-3.1772,3.0467,-5.0019,9.2544,6.0855,6.5556,3.6091,5.0635,-6.2174,-6.9537,-4.3241,1.4025,6.7431,2.9242,-0.8248,0.8532,8.0506,-6.1701,-7.8558,-9.8418,6.1998,9.9042,2.0097,4.1867,9.7504,-4.4361,-3.4205,-0.9066,8.8175,-3.9166,6.3816,5.4821,7.9358,-8.7743,-9.1862,-8.5726,-2.3289,-3.0856,4.789,-2.429,5.6931,-4.923,-9.4075,-3.2195,-8.2028,1.1786,7.3103,-8.7238,-0.6098,8.1573,-3.5168,1.5904,-5.5052,8.7365,9.998,8.2322,-8.0848,6.711,-1.8637,-9.3207,-7.9858,-0.6015,6.5159,3.8409,-5.6951,4.603,1.0016,1.7738,-1.0221,8.8304,-1.6241,-7.1104,4.025,-8.7329,5.6266,-9.8556,1.2273,7.7666,-7.2492,-3.7,-8.726,7.3396,-8.2517,-2.4264,-7.2417,6.212,-8.6737,9.7896,-5.5493,-6.4089,0.9519,9.8794,9.8039,-0.1609,-1.8566,-1.7664,-8.3207,4.8241,-7.5025,-2.6201,1.4416,1.3723,2.0743,-3.6022,1.1735,1.3238,7.8805,3.6744
1.5279,-3.0865,-1.8587,8.0297,1.1887,-0.2153,-2.0629,-0.6641,-4.2694,-7.8566,-0.2243,4.8401,8.0186,3.8846,0.7599,-6.7526,4.102,2.1109,2.5004,-8.9197,-9.5794,-3.5378,-8.6116,4.6509,-5.818,-8.8498,1.3539,6.6541,5.0583,-7.4545,6.8368,-4.1712,-1.5868,-8.999,4.5766,4.8001,7.3861,2.2898,-1.3943,-2.4017,9.0345,0.695,0.4387,6.4896,-4.9525,-1.5472,-9.8872,7.6474,4.1777,-0.052,2.646,6.707,-3.5337,8.0268,3.9192,-8.2743,-9.5895,-8.0681,-5.2659,-8.6578,-2.3608,-5.8597,7.3205,-6.9147,7.7043,6.7508,0.7302,-9.8917,3.2014,-8.3345,-2.0614,-4.7982,7.2243,4.2966,-1.1359,-6.4277,3.018,-8.4709,-2.6144,-6.4729,1.5187,-2.2709,-7.8035,7.842,-6.7855,-4.0406,-2.7861,9.103,-3.7358,-8.3831,-0.9494,-7.7377,-8.7488,-5.441,-8.1368,-0.1889,-7.0317,-6.8848,-4.6274,3.5918,5.3158,0.4897,-6.0756,1.3481,-5.5485,1.3216,-3.4511,-8.4038,1.8334,-2.8612,-7.2256,1.6368,-8.2381,3.2147,6.6315,-5.1829,6.8469,-7.8171,4.0462,-5.8162,1.1905,-5.8546,-6.0219,5.8591,-1.5513,9.3229,3.9103,-3.4369,4.5795,-5.9088,-6.8699,8.8641,4.6805,2.7188,4.9113,0.8028,4.3413,-2.3311,0.4488,-0.2901,4.8646,-4.5923,-0.6965,-6.0892,-0.4912,-5.8757,-8.4795,-8.4811,-8.5998,6.1922,8.9118,0.3992,-2.2532,-9.3104,-3.9689,-6.5057,-9.4004,-5.5666,-4.7663,-8.1211,-3.4973,0.7065,-7.776,0.4396,9.1063,-3.882,-9.0343,-2.8555,-2.3851,-1.2059,1.3527,-0.3321,-8.1395,7.6533,3.8299,4.3811,-9.5614,-8.0684,-5.1424,-7.6751,9.3044,8.7439,-0.1158,9.3977,-3.0274,-9.8142,9.553,-2.9524,6.9704,-0.61,8.3158,1.8438,-4.5529,6.4592,6.8496,4.714,6.4859,9.2677,-6.7138,6.5258
7.9164,-2.0376,7.1118,7.9205,7.7144,-5.907,8.1485,9.4178,-3.6802,-1.6857,5.9137,-7.9451,-8.9621,9.4705,4.9396,-2.5277,8.2319,5.2816,9.2289,-8.9937,-5.8443,6.7013,-4.6016,1.8548,8.179,-5.9865,4.0946,-0.6581,6.8712,-8.2652,-0.2059,-7.6116,-8.5732,-1.863,-6.1263,3.8405,9.6203,-2.5675,5.223,2.5565,5.4611,2.8096,3.8063,-2.5993,-8.7253,-9.695,5.5441,-2.4949,-2.6534,3.5795,-2.7505,0.1592,-9.9616,-5.1067,-4.872,5.7761,-7.8745,2.6547,1.9083,1.7756,-3.5238,-2.0205,3.3827,-3.1642,-7.2917,9.6152,-2.2907,-0.0801,-3.8416,4.3544,7.0594,9.7906,-8.3558,-8.3231,4.1979,5.9889,-0.6111,3.4119,-7.4208,-9.5679,-0.1856,9.547,-0.826,1.423,-2.7651,0.5876,-4.4149,-1.4875,9.7482,-6.3657,-4.904,7.9248,1.0014,6.475,-8.4433,3.1082,-2.5197,1.6571,-8.5203,-0.7283,7.359,2.7795,4.4166,-0.0503,0.355,-1.4845,-0.4843,-9.5219,1.3525,-3.2781,-2.3282,-6.8682,-9.5159,8.9015,-9.3398,-8.7956,6.9037,7.6562,-9.9835,-1.6741,4.6489,-8.2,6.8564,-7.4637,6.5874,1.8162,6.6077,-3.6909,3.5821,9.3815,6.2682,0.0252,3.8578,8.6711,-0.8712,8.653,-0.1567,-0.8512,-3.9744,-7.5543,-3.3431,-1.1611,-7.7738,7.8698,-1.0727,5.983,-2.1612,2.6038,-3.6106,-9.9785,8.3442,-8.01,-3.0057,-3.9805,-0.2734,4.6717,8.3681,4.3875,6.0786,8.8712,7.2099,-4.2464,2.609,-5.5832,-0.1943,7.5456,-8.8615,-7.2133,-2.1837,8.6522,-8.1148,-0.9538,-2.594,4.237,6.7556,1.7194,3.81,0.4058,4.413,5.1747,8.2794,7.7605,8.6378,-9.2202,6.2336,-3.1385,9.6106,-3.4152,1.3038,-0.0019,-6.605,-5.3515,-3.0632,3.6519,-0.9514,-5.4359,-7.598,-1.4193,9.2847,9.9875
4.9939,5.4967,-6.5293,0.8611,-4.9071,8.529,-1.1344,3.9466,9.4587,-3.2431,-6.9082,-2.6841,0.3861,-8.2449,-0.7347,0.8211,-0.7579,-2.375,-1.0681,0.0113,3.0071,-8.4875,2.6541,9.4322,8.2343,5.1297,9.4771,-9.1351,8.9443,4.3484,2.8868,5.5601,-5.2608,1.0385,5.4595,-4.7987,-0.7532,2.6131,5.5762,-3.7061,9.5381,6.765,2.2012,7.2969,-0.1803,-5.6938,-7.5024,1.6668,-7.9424,-7.1154,1.9809,9.1032,6.0961,-0.4578,-5.0211,3.6634,-7.3358,0.2629,-2.4682,-1.8059,0.6206,-6.8667,6.5544,1.378,6.4198,0.2458,-0.8736,-4.2802,8.0466,-1.5257,-0.8603,-2.8156,7.0511,-9.688,1.924,9.3466,0.9901,-1.5954,3.146,9.2015,6.9622,-3.5165,-9.5196,6.4157,3.527,8.1581,-3.3657,0.8874,4.1562,7.4771,7.1728,0.2818,7.7557,4.892,6.4591,9.9435,-6.4369,0.8518,-4.5694,9.8498,-0.3646,9.4596,3.7841,4.1768,-9.604,1.0677,4.0034,2.3631,-1.08,3.1886,9.0019,-0.8917,1.9552,-8.1396,2.9336,-1.9384,1.9395,4.4824,-1.9507,8.398,-0.4506,5.6682,1.229,-8.0753,2.0487,2.7813,4.5777,6.3499,0.0048,9.1997,5.8741,4.6878,6.7341,-4.5066,3.9059,3.2276,-8.8076,-5.9686,7.9967,-3.2419,9.1952,3.7099,-9.0244,6.4037,-6.4026,3.1203,-2.9796,3.957,6.5085,-5.4237,4.6033,8.3201,-1.8507,3.6704,-4.0221,0.4623,-4.0564,-8.9612,8.3622,-9.9662,-4.2602,2.568,0.1909,-8.8624,7.4112,4.3739,4.8169,2.2131,6.4017,8.695,-3.9945,-6.161,9.402,1.1686,8.2462,-1.3197,8.8364,0.0168,6.0758,-8.1405,1.6246,8.4187,-6.3343,-6.4724,-9.154,-8.4178,-7.6126,9.6464,-6.8718,2.0087,9.6894,-0.8918,-5.0785,-8.0533,5.56,6.3108,-2.3811,2.6721,-3.4711,-0.9942
7.0815,5.4468,8.9155,-1.8325,5.7983,7.0767,2.3685,8.1585,-1.4964,-5.4784,-3.3596,-4.7402,-1.8945,-4.3851,1.761,-4.2549,9.8302,8.4179,2.7634,7.7532,8.357,-5.5298,-6.0045,5.4015,-5.1703,-9.4916,-8.2143,7.8973,-1.0325,-9.3847,1.5058,-7.1818,5.8025,-8.002,-0.5624,6.0753,-9.212,-3.3305,0.1998,3.4736,7.4728,2.5919,9.6718,1.3771,-9.5123,0.017,9.0611,-4.9683,-2.7427,-9.9546,-8.929,0.1168,1.155,-6.4438,-8.7501,2.8448,3.8128,8.8132,-9.7602,5.9089,9.7972,-3.1114,0.53,8.7527,4.6715,-0.7521,7.8427,-7.4305,7.5714,2.7424,-4.5655,-5.4252,-4.8996,5.0271,3.6561,-4.9078,8.3432,3.3824,-7.4676,-7.015,0.6392,2.5069,2.1619,-4.8005,-5.3736,-7.2421,9.7931,8.3551,-3.9654,1.7125,-2.6505,-1.4539,-8.0277,9.1536,-0.303,-1.66,-4.7795,-0.3741,9.3045,-5.1563,-2.0131,5.7429,4.6914,-0.5716,4.389,-4.7862,1.8896,3.6338,1.918,-4.3211,0.8872,-0.8542,-2.1508,1.8643,6.2794,9.177,-1.5419,-0.0677,-4.8295,-5.4485,3.9416,-7.8223,-8.5313,-0.3329,9.8852,-5.9601,-9.0374,-4.2751,7.7683,-8.7483,-4.6613,-6.7934,-1.7536,8.8522,2.9634,0.1481,-3.693,7.0802,5.7767,-8.0143,-0.1058,-3.9243,-2.2224,-4.9375,-2.8375,-5.2309,-2.959,7.7527,-2.2803,8.7854,-6.4134,3.8741,0.9255,9.8841,-4.7004,-5.3608,-9.956,2.7913,-9.9417,4.1516,-3.9971,-8.777,3.6927,1.0644,-7.5934,-6.2399,3.4027,5.8558,3.0061,7.8538,-1.812,-5.1619,4.2076,-6.4131,2.767,-1.9144,-3.4258,-0.2717,8.7422,8.8556,-6.0186,-6.317,4.1618,4.5884,-5.3308,-9.5132,-4.8025,1.9728,5.9106,-8.0526,-3.8266,1.8793,8.9403,-0.1823,-2.9745,-8.4901,7.215,6.0743,7.6719,3.0976
-0.1376,-2.4001,3.6603,1.8278,3.1737,-7.8915,-1.9163,-3.8389,-7.1316,4.0361,6.1921,1.9983,-5.9311,6.0136,1.2832,9.6434,-7.9302,3.2814,1.6713,7.531,5.7102,-7.7521,-0.0808,-5.0049,-8.5134,9.8659,6.5329,-9.3189,-1.4684,-7.0365,2.5821,-0.8587,-6.1264,6.1215,-9.4579,0.3068,3.8029,0.5092,-6.6657,-0.5548,-6.3534,-7.9274,-9.0397,0.8914,6.9326,6.7178,-0.605,-9.551,-4.3855,-7.3173,-8.1653,2.3332,-3.2505,-8.2299,8.8174,4.104,-8.7595,-6.6367,-9.8708,2.2045,7.9531,2.3065,6.7304,5.2555,7.648,-3.0175,5.3421,-9.6799,-4.5754,4.9138,-6.203,1.627,0.3541,6.9077,8.2603,-4.3548,4.9477,9.0672,6.193,-3.3148,4.0576,9.8682,0.8452,-2.7191,8.2245,-7.2332,4.3261,8.95,-5.1588,-0.7441,1.4115,-7.5053,-8.306,-8.9943,1.6395,0.0784,5.4288,-3.5461,-8.491,7.0625,4.6055,0.2163,-5.8676,9.1254,-3.131,7.3451,9.0326,8.3626,-2.4618,-8.5393,-9.5222,7.346,6.803,6.6445,7.3936,2.9825,-9.6179,-0.5214,-0.9136,-4.3936,3.5241,8.819,7.0983,-3.7879,-2.9775,-2.1834,9.5028,3.1779,1.9033,7.6879,1.638,-7.2959,-2.9488,-6.6632,2.6582,5.713,-6.7463,0.7891,7.3075,0.347,-1.1978,3.3174,-0.2936,6.5241,-4.3251,6.7431,7.1371,-6.464,-7.477,-0.5903,6.564,-2.048,-6.0217,9.7314,2.2072,-4.4554,-1.4612,9.0141,-6.7296,1.2602,4.6597,-8.1637,-9.0153,-5.9032,1.7705,4.4214,-6.3186,3.7524,6.1056,6.835,2.6425,-4.4477,-4.4558,6.9177,7.5845,-1.613,-2.9465,9.8798,0.8178,-0.8717,4.6839,0.8928,5.3916,-2.4439,6.6697,9.5663,-4.1888,8.074,-2.4695,-1.3953,-8.4711,3.7103,-6.5597,-2.0163,3.646,6.7947,2.2799,4.4434,0.3796,-5.2954
-6.1456,-3.2936,-7.9255,-8.805,9.2892,5.2761,-6.0966,6.9847,-2.8108,8.2255,0.2872,6.2338,-9.21,9.5935,-2.3125,-8.1395,6.9689,-0.8391,8.3673,4.8717,4.007,-6.859,4.1711,1.6001,3.8252,4.1354,-8.4081,-7.7055,-7.6822,-4.5835,7.5584,8.6831,-2.5917,-2.5717,6.7323,-8.5754,-7.1251,2.0884,-6.8169,-8.3102,4.9714,-8.2848,6.2551,-7.8666,-1.1437,-1.6179,2.9843,-3.6934,6.5688,7.3382,9.757,-2.6348,-8.0864,-5.6067,4.4122,-8.2946,7.7586,5.3465,-4.5891,-7.6868,0.2415,-4.8645,2.4995,4.6199,0.4998,-3.8955,0.1931,1.8115,4.9771,5.3985,9.7886,8.5344,-6.6718,-1.4351,-2.8063,4.2555,6.4174,2.0982,3.3405,7.2073,-9.0669,-6.6319,-0.7371,3.0228,0.9915,-0.917,2.9242,-3.6285,9.3876,7.2269,-3.8795,-7.8484,5.9163,-4.0208,-6.6779,1.1292,-8.5398,3.1458,2.6092,-8.747,9.0085,9.0581,9.9866,3.2289,-0.0501,8.0144,3.6766,4.4858,3.836,1.149,2.0565,2.3309,8.5311,8.0041,-2.8323,-7.6363,-5.5575,9.9556,-2.4883,7.8881,6.7813,-4.3516,-7.1433,-9.6649,8.0569,7.4087,-8.5512,0.441,7.3107,9.7406,-4.204,-6.7531,7.9045,8.5725,6.0499,0.4548,8.2055,5.2254,0.1468,4.2825,-7.386,-2.6199,-2.1,8.2341,-4.1161,-7.7654,8.8904,4.5659,3.6452,1.48,-7.2893,-1.137,-0.0961,-9.245,4.7726,4.6925,-0.1604,4.2994,-7.3317,0.1515,-1.1057,0.6223,5.5324,-4.8239,-6.4338,3.49,-3.0566,6.0878,4.8072,-4.7353,-2.6028,5.251,3.2365,3.3242,-4.0281,1.2847,-5.5259,8.4143,-0.7777,-6.4651,-6.5725,-7.4413,-8.6231,0.9964,9.3431,0.1099,0.0518,-3.4216,-3.6153,-5.4481,0.5231,6.3128,-0.9799,-5.6496,6.4842,-5.7874,-5.5821,5.3463,-3.4364,-8.1316
-6.1435,-7.8186,-6.0136,-5.0575,-1.2334,4.1797,2.224,4.5079,3.807,2.2821,-0.9626,8.3748,9.2134,-7.3121,-5.1508,0.1435,-0.1906,-4.302,0.9727,-7.382,7.6479,-4.019,4.0559,-9.477,-9.0613,-8.7361,-3.8365,1.0178,5.0569,2.5372,7.6282,-6.7071,5.3768,5.9697,-4.4364,-8.3184,2.0323,-0.589,8.3442,9.6975,8.2116,8.6841,-1.7416,5.8532,-8.4222,-5.2603,-5.9435,9.0974,-8.1886,0.1105,6.2268,-9.5405,-9.2092,3.0898,-0.5627,4.1162,-9.4867,0.2568,-4.9135,6.8391,1.8667,2.6898,-2.7287,-9.2022,-1.8331,-3.1299,-2.2025,-6.7827,0.409,0.868,6.1435,2.2072,0.9005,0.1709,-4.6104,9.8774,-9.0048,5.4639,3.0899,3.5389,4.8084,6.5822,4.9363,2.0634,-5.9066,-2.8626,-8.6243,-3.1496,-9.853,-1.4548,3.2892,-2.5741,6.6227,6.8242,-6.9254,5.1893,8.7243,-0.6713,1.0832,5.3882,-5.6524,0.9864,6.8676,6.6321,-5.6451,3.0348,8.4585,9.8462,8.9705,-8.9208,-2.8445,3.8129,-8.8984,8.9083,-9.019,9.2458,-6.5723,-4.0601,-4.2516,-9.2511,-0.8158,-7.699,-1.8548,3.9561,3.9621,-9.7087,0.369,0.7663,-3.1383,5.5888,-8.96,-6.951,-2.5352,9.6533,3.4927,0.3074,6.9582,5.3622,-3.8839,6.0753,8.3868,6.457,4.6074,-0.4366,3.2912,9.6062,-5.9269,7.0164,5.0138,8.5359,0.5514,0.1069,-0.0913,-2.2904,-3.0641,9.7596,-8.3787,3.3893,-6.1067,8.8872,5.5585,4.0359,-4.0407,-0.2356,8.5835,-4.6004,-2.0517,4.3054,-5.9122,-8.6834,-7.5618,-9.5457,8.3344,-3.2644,-3.6068,9.5619,-1.5918,2.8858,4.2409,-6.4913,-2.9897,2.989,-7.0225,-9.889,-0.4422,5.283,-2.5778,-9.8768,-4.4889,-5.8378,7.0179,-3.4162,3.1834,-0.0587,6.3023,-8.0893,-4.0898,1.0242,-2.8427,1.1169
0.1904,8.5867,-5.4616,0.2282,-6.4155,0.0367,6.6193,7.1995,3.9944,5.0281,-5.5722,6.3943,-3.5314,-3.6304,-3.625,-3.7166,1.3797,1.4249,-6.6812,-7.3743,-4.3669,-3.0218,7.9482,-6.741,3.2752,-6.4056,7.312,-1.3012,-6.2973,-6.5614,8.6442,-4.9204,-0.1285,-2.5435,7.8032,-6.7201,-7.2724,0.2266,-6.8234,1.3503,1.9267,-2.7742,1.8169,5.1917,-8.0361,7.2962,2.208,-6.369,1.0643,4.1326,-1.0084,-9.6244,1.2671,-8.2215,1.4082,4.579,9.4279,-8.1638,6.793,-6.5437,-0.0562,-4.1345,-2.2672,-6.8178,3.9571,-1.8423,9.8665,6.4088,-1.4408,-9.3039,6.2779,7.354,1.1808,-8.1719,-0.9422,7.0069,9.3112,-1.2747,-1.347,0.5419,3.9411,-9.1404,-5.3668,9.998,4.2305,4.9833,0.6806,2.4245,7.7757,-9.5278,-1.2469,-7.8123,-7.915,-6.8158,-5.6141,2.4155,-5.3818,-8.4265,-6.2348,9.6953,4.6777,0.3017,1.558,-1.588,-2.5114,4.015,0.3789,-1.694,3.9706,3.4174,-9.421,6.5598,8.5071,8.0621,8.6709,7.6408,3.7944,1.3393,-5.5364,9.3905,9.0578,-1.5516,9.3067,-5.0208,4.6191,-9.4479,-5.7081,0.9643,-2.5081,7.4917,1.1135,-0.161,4.8258,-7.9186,-1.0961,-6.9931,0.9236,2.4956,8.1222,1.2716,5.564,-1.9619,5.1541,-9.74,-5.3329,-6.5148,3.791,8.3775,-6.7174,-6.2501,9.8066,1.1562,-2.0106,-8.8656,5.846,7.3678,8.1777,-6.9104,2.6512,0.3912,6.5492,-9.2599,-4.8124,-6.773,7.6033,-0.0137,-3.9347,7.0476,-5.8574,-0.032,-8.9772,-0.7979,-8.4807,-9.1535,7.3986,2.3846,7.2529,7.8039,4.0202,-5.7751,6.9365,-6.9525,2.9773,-3.4694,9.494,7.7536,6.0688,-4.6766,2.442,-2.9689,0.9211,2.1965,6.0255,4.7542,-7.5654,6.6773,0.7824,-7.7601,0.6931,9.5943
1.3027,5.9119,-2.1836,1.3935,6.3532,0.3028,8.7385,9.2799,9.6882,-0.281,-4.5901,-7.8389,-6.856,0.3566,8.3745,9.8548,7.897,-7.4613,6.8213,1.3398,-5.0556,-2.5828,-3.3626,5.5196,-5.6795,5.4441,2.6839,1.4425,-3.471,8.9211,3.3771,-1.9369,-8.0692,6.4216,-7.6743,-0.5182,7.1466,-6.8199,-7.9192,2.9986,-6.4828,0.0298,9.2668,-5.9326,-4.2522,1.0062,-3.617,9.6593,4.8341,3.5204,-9.5581,-7.1879,-3.0145,-4.9729,-0.5246,-2.6808,9.7898,3.4981,-2.6383,-8.0759,5.5412,5.4968,-5.9266,-1.1453,-1.9505,0.3885,0.4298,5.0782,3.9522,2.6924,5.4767,1.4128,-0.6459,6.4967,3.7519,7.7069,-6.7335,-2.6796,-2.6863,-7.6665,-9.596,-8.8875,9.46,-9.0892,0.8959,-3.1018,-4.5529,1.8325,1.4368,-3.6642,5.9234,-2.7508,-2.5864,-1.6416,-9.0097,-4.2232,-0.508,-6.1934,6.7988,4.0475,0.1016,-7.639,-9.1147,2.9592,4.429,-1.191,6.4154,4.747,-7.6978,2.6302,-8.2305,-8.5877,9.6109,-8.1729,6.5715,-0.1505,-0.2972,-3.7446,2.256,-9.7436,-1.2197,3.8681,9.7757,-1.3459,0.9579,-4.2295,9.7657,9.6599,-3.4831,0.5215,-4.7934,8.409,-7.8033,-1.4057,-5.3949,1.2186,3.1111,-2.2837,0.2309,2.3037,8.1804,3.0762,2.5474,-6.3085,4.368,0.1214,-2.637,4.937,3.7341,-5.0307,-4.9955,9.6068,2.9609,0.3924,3.1238,9.7156,-6.7018,9.836,9.6149,-3.5642,-3.196,6.7663,1.9118,4.7085,-0.3165,0.5804,-1.728,8.2465,-8.9369,8.916,8.1797,-9.7966,4.5977,8.2831,-7.3188,-4.8198,4.1027,1.0613,-5.6071,-0.9089,-8.1996,4.1473,2.0932,-7.2139,6.3401,-0.9155,7.4289,-0.7803,-9.9933,-8.1541,7.7906,-1.2373,3.6092,8.7139,1.1394,9.551,-7.3561,2.4388,7.562,0.8852
0.1923,1.6074,1.7011,4.1489,-8.884,-6.706,4.7878,-2.6486,7.5495,5.7528,2.5276,4.0682,-2.5887,-9.7875,-3.8983,5.5895,-5.918,3.5072,0.883,-1.3386,-3.366,-6.4992,-3.0924,3.2295,-5.2008,9.7994,0.1513,-1.763,-0.2483,7.2729,-4.0918,5.5793,-1.8821,-9.877,0.8111,6.7501,-3.739,-7.9203,0.0161,-4.405,-6.8961,1.7196,-5.3745,4.6243,3.5287,-2.1795,2.1353,3.3513,6.1091,-5.9683,-7.1477,-5.6624,-6.1255,2.9428,-1.4982,5.3974,1.8611,-3.3478,-9.8153,-5.4517,7.9814,-0.5501,-3.8475,9.1382,7.1614,9.311,-6.5244,-5.4481,9.4243,2.4101,5.6435,-1.7108,6.0556,-0.2731,-4.8069,4.0523,-5.2832,-0.7373,9.3913,-2.8002,-3.3907,0.9099,-1.7139,-1.0187,9.1454,-3.9265,0.7562,-8.7025,-2.9649,-7.5388,5.8384,-3.1799,5.9769,3.0767,4.8706,3.6553,7.2873,-9.2437,-2.7354,5.1937,5.8358,6.0486,8.9835,-9.5758,8.3851,3.4972,-7.844,-5.1255,9.452,-5.4409,2.3751,-6.6993,-7.087,1.7872,-5.0474,-2.4797,-9.6325,-2.6036,8.0856,-1.9196,2.9447,-5.814,-7.3807,-3.3151,6.8702,-6.7688,-9.8221,2.2407,-9.4142,0.2244,-5.5226,2.7404,-3.9854,8.6559,-4.4095,-2.341,-6.1638,0.1595,7.5602,-4.0843,-6.2083,-2.2183,4.8221,-0.7426,-0.6027,-1.8098,-9.3421,1.862,7.225,1.444,-0.9413,-4.5139,1.7792,-6.5894,4.4114,-9.2427,0.3896,-8.4479,-0.2697,5.1806,-6.9374,-5.7103,-8.9383,0.5491,0.17,-6.1964,4.6522,7.035,-5.8583,8.4154,3.884,-3.5047,6.1148,6.4068,1.5243,-5.8691,1.6761,8.9649,7.8577,0.1219,9.3716,-9.0536,9.8761,-4.616,2.8852,-2.8726,-8.7692,7.9726,1.1739,-5.077,4.4623,5.9322,5.9366,1.5209,2.4358,-5.7857,-0.2872,-3.8323,-4.301,-1.9646
1.9415,-7.8165,6.4123,-6.4394,-4.3045,-6.889,8.3122,8.576,8.8764,-7.5671,-1.0433,-0.1384,-9.2572,-5.2659,0.9179,0.9843,-0.3703,-0.0766,8.7613,-9.1708,0.6883,-6.4298,-0.3979,7.2087,7.8212,1.1426,-7.9408,-8.561,5.9577,-7.8041,-1.7242,-9.4198,5.6265,3.9487,1.5839,-1.751,-2.2889,-6.8738,1.4739,6.1608,3.9053,0.7052,-4.8757,-9.8645,0.2536,-8.9853,-8.9446,0.7749,-6.665,7.9167,1.4533,-5.4887,-0.7311,-9.6332,-6.1568,-9.6332,0.3552,4.4056,2.8415,6.267,-5.0055,3.0993,-1.6018,-8.4757,-2.8155,-1.3255,4.5316,9.9249,-9.347,5.4109,-7.8987,-9.4576,-0.985,-9.963,2.7539,9.4791,-4.1289,6.3589,-7.8674,-1.6119,-5.1376,-3.9759,0.1872,-3.2407,1.5449,-9.7262,7.6265,5.5072,-8.8547,-3.0001,1.363,3.7278,-6.3286,-2.0004,3.0439,-4.8469,3.2767,3.2162,4.4997,3.1513,-8.288,6.8167,-4.798,4.942,-6.3646,4.0705,-6.5565,-5.3044,-1.6718,-7.7025,8.3508,-4.3892,6.0335,-7.787,2.7032,6.5123,0.2082,8.3888,-4.6059,-9.9777,4.3945,2.8675,-8.2904,5.9759,-2.4947,-0.5672,-3.8885,-1.8462,9.2627,2.9563,-3.6466,-3.0935,-0.3935,-4.7712,-3.085,-1.6189,4.8385,-4.7066,0.0079,3.4688,-6.371,2.1365,7.4924,-0.2738,-6.2991,-0.4318,-0.6971,6.8564,-2.2885,5.0446,-6.7072,-8.6823,2.2349,9.9177,-0.7603,8.7611,-6.5681,6.3009,3.3975,-2.4577,9.797,8.9908,-4.432,-7.3777,2.3934,-4.697,7.0557,6.1464,-3.2772,-7.0514,4.931,7.8072,4.1392,6.848,-1.897,4.039,3.5379,-9.2272,-0.7857,2.0346,1.9686,-6.6967,-5.5682,-9.8362,2.1606,3.9131,-9.1878,-5.4731,6.9059,-1.6621,9.6481,2.8771,6.1268,-5.6861,1.9427,3.7381,3.5434,9.9037,-9.0043,5.7744
8.6442,1.8438,-8.0238,8.9899,0.3514,-0.2764,7.9299,-4.937,-8.7691,2.9261,-7.1652,-2.5403,-2.0,-7.6847,6.1573,-6.0593,9.6925,-5.1087,9.1285,-6.712,3.0039,7.4167,0.5215,3.8977,9.5112,-6.6653,7.7726,-5.8274,8.5509,6.9414,-3.8181,-9.3013,-2.788,-0.0371,-8.4989,-3.872,4.9913,3.4784,-5.8725,2.0794,-3.7122,-4.7828,-8.6902,4.4392,-7.623,-4.6468,-9.3106,0.2271,-2.1183,-4.133,7.4157,3.7158,6.7129,-1.3849,-4.1168,-1.4433,4.3935,-7.1514,-8.9839,-3.2728,2.6358,3.7173,-9.8829,-1.2293,-5.9479,3.9186,4.7958,-4.5236,-8.8154,5.0871,-3.4443,-1.1221,5.4642,4.0995,7.1048,4.4133,5.5251,-7.4276,1.1672,-7.3931,6.2614,5.8519,6.588,8.495,-2.868,-5.4313,1.517,-9.0765,-2.8226,-1.6311,3.6799,-5.0353,4.7048,6.0582,-2.7913,9.7287,-4.4514,3.8619,0.1206,9.3978,-5.4545,-3.9913,6.8279,6.8238,-5.6302,-4.2787,-9.7926,8.0024,8.5137,-7.845,-9.7327,-5.2098,4.2421,7.2277,-5.7037,1.8215,2.0824,1.9833,-6.1297,5.7143,-8.4709,0.8307,0.8581,1.1016,-0.7272,-8.1599,-8.7326,-4.8776,4.4187,3.5765,8.774,0.6978,4.4873,-5.5889,-4.9301,0.2893,-0.5169,1.4041,-2.0589,-6.3961,-3.8292,-0.6884,-2.0632,-5.2914,-6.9777,6.1635,0.8221,2.5804,0.9573,9.3236,-4.699,-4.3423,-3.1194,-4.5491,-6.1837,-9.2883,3.3167,-6.9995,-2.5173,-7.6918,-6.5715,-6.326,1.5985,3.9386,3.0243,-5.3818,-5.6173,-9.6029,-4.3488,-2.5832,-9.139,6.5091,-8.4202,3.3008,3.6368,-3.9669,-7.1606,5.0142,5.5472,8.2447,2.6052,-5.1141,6.0341,-1.1659,3.3281,-5.4119,-6.5415,7.5528,-5.0363,-3.2543,0.8775,-3.5397,-6.8254,1.4805,0.6267,-8.1883,-2.5324,-2.5365,-3.2012,5.1382
9.8782,-5.0034,8.5904,-9.8164,4.8723,-2.3678,9.6767,0.4726,5.4244,-6.8192,-0.2154,2.338,1.7462,6.6734,-9.2356,5.1772,3.5955,-6.2623,6.9226,2.7376,-2.6128,6.4829,-1.8801,-1.2289,-6.0575,5.7382,6.8114,0.8307,6.0023,-9.3458,-0.1656,-6.9036,4.5004,9.1199,6.8776,2.3269,-2.1905,-8.2962,9.8784,8.3419,-3.7457,-2.2516,0.0319,-4.2228,6.424,5.5726,1.3349,-0.246,0.0517,6.4063,-6.0945,-6.6278,7.9192,-6.0492,-7.2736,5.1946,-1.5074,-9.8169,8.5805,-9.7022,4.2662,-7.9054,-5.022,-4.9674,-9.4047,1.3809,5.9423,-3.5151,8.8629,-7.125,-3.7578,-5.2505,-7.2117,-9.207,5.2337,-1.9261,-5.1444,-1.9036,-6.7459,5.2638,-8.6451,9.1177,-7.3504,-7.9965,4.0545,-2.5482,-2.3312,-9.4969,-3.4972,6.544,4.8542,-1.6709,1.1798,-2.8587,7.9227,-9.7793,7.8637,-8.6494,7.2766,-0.4245,-3.0319,6.6666,6.6604,5.5761,0.3558,-8.7554,0.2782,-4.5518,9.943,6.5325,-8.9101,4.4183,0.6082,-7.4388,9.6558,-0.3327,0.0092,-0.5421,0.3735,7.0962,-4.9631,7.6913,-0.5366,-3.2604,6.7998,-8.1575,-8.794,9.4204,-0.4397,4.124,7.5048,-8.2914,-8.3935,-2.6482,3.4907,-8.2729,-9.3289,1.7183,0.9008,-4.2969,1.6668,-5.5176,-0.3042,8.5239,-0.1787,-4.8369,7.6831,6.6105,6.7697,6.5051,7.6676,4.3789,-9.2875,-6.6134,-7.4705,5.0363,7.8173,4.1336,-0.4733,6.1157,-4.5183,-9.5133,1.8037,2.3687,6.3108,-9.2067,5.8386,-8.0272,-5.4045,7.6649,4.1875,0.2179,0.9811,-7.8934,7.5209,9.7099,-1.0217,-9.7723,-0.7454,-6.4584,8.7398,2.3297,7.2711,-0.7719,-1.2867,-5.6838,6.1549,-8.2054,-1.7996,-4.479,-9.422,-1.8179,-6.6658,1.1862,-8.2918,-1.8075,5.4754,-9.9335,8.1199,-0.1644
-4.1115,-1.653,2.7353,1.2541,2.1833,0.8794,-5.4067,2.0467,6.6657,-4.2716,9.8323,-2.303,7.2577,-7.8943,-4.0334,-4.1288,8.9704,-7.2249,8.3551,-4.8907,1.7564,-1.6877,-6.2099,-9.7608,-6.0877,3.3101,0.6672,-3.5506,-1.9142,0.5833,-5.0391,7.517,-0.8013,3.3935,6.0971,-7.5006,-8.8533,-7.0688,5.2224,0.0315,3.1134,-1.2257,-3.7537,-8.6955,1.8051,-6.3623,9.452,4.2389,-3.5178,-1.3385,-5.8386,-5.5428,-3.6424,9.2858,3.5755,-3.8809,-3.6153,3.3624,3.9796,8.8444,1.9006,-0.9895,-5.0878,-4.9403,-4.8796,-5.393,-3.265,-0.219,8.366,1.427,4.1619,2.6398,7.9831,-4.3423,-6.3958,-5.0878,1.2516,4.5701,-4.9906,7.7299,7.7864,2.1102,3.9251,-9.0812,-2.1574,5.0739,-0.1508,-5.6855,5.9537,-1.2561,-4.9068,-7.7103,5.53,-2.9358,7.5906,-1.9599,0.0894,-4.6287,-7.5786,-7.0813,-3.2073,-3.5491,6.9412,3.967,8.9753,0.7934,-5.953,-6.2215,-6.9966,-1.4408,7.8481,-1.1977,-0.4861,5.0418,3.1807,-8.8873,-8.9024,9.7318,-3.6194,9.6416,9.2887,-5.7161,-1.15,-6.7625,-4.4011,-3.0935,-2.4249,3.1664,-1.76,0.6217,7.9034,2.8767,8.3054,-9.9321,5.1042,-2.6538,-4.9053,-7.219,8.1655,-6.8582,-2.7798,-4.5203,8.6683,-2.0885,-4.2395,-6.1295,1.2068,-2.2252,-5.1085,-5.6389,8.0042,-5.5945,8.4076,-0.7065,9.43,4.4168,-8.4935,1.1008,1.6905,-6.032,9.8403,-3.7028,1.3001,-2.7343,9.7899,5.5451,-7.7788,4.0545,-8.2841,-4.9262,1.4863,-2.4322,7.6911,-7.6173,-6.0498,-0.8388,-4.5039,4.4244,-1.7995,8.3818,-2.5008,-2.1021,2.4951,-8.0037,-9.0011,9.2894,4.1324,-9.8693,9.9234,-9.4548,-4.9872,-2.7858,-3.8673,2.3273,0.3322,5.922,-5.2814,-7.9117,-7.6428,0.0702
-9.6734,-1.1278,9.3338,-3.5935,5.2728,-2.6102,8.1821,-3.6212,1.8234,-2.2749,4.21,5.2328,3.5741,-5.739,7.1949,-3.9271,-1.9869,-8.5024,8.6453,-7.7163,6.9132,6.6849,-6.4774,7.7442,-4.1955,0.0711,-2.6611,-8.7931,7.4239,5.8712,-3.6598,-2.2806,-9.9481,9.442,5.0494,-5.6419,4.6083,3.3584,9.692,9.8717,-5.0471,-0.5324,-3.8296,-1.7678,-1.3326,-8.6087,-2.2664,5.6058,7.9884,-6.1245,-0.5042,1.227,9.8903,-3.0936,-3.1402,8.6044,7.4986,-1.6414,6.7741,8.1631,5.6518,5.8253,-2.235,3.188,-8.2968,-1.0495,0.8615,8.6622,7.4571,-3.9071,6.6404,8.0674,2.7009,-8.7723,-1.2329,7.662,-0.9906,5.9817,6.9599,-3.8641,0.8297,-3.3306,-9.2418,0.3344,-9.9855,6.4044,-7.4,-2.9559,2.7151,-7.0786,9.2026,4.3194,-1.4306,-0.1445,-8.8834,6.3284,6.8639,4.4531,5.8795,8.9881,-4.2605,-2.6562,-8.5806,3.6604,4.7128,-2.613,4.0443,8.602,-0.4536,1.6564,-5.2922,7.6011,8.6588,2.3349,6.2497,0.3685,-2.7145,-8.5956,3.2601,-9.0447,5.2072,-0.1211,8.9414,5.2019,-7.8325,9.9693,0.2144,-4.9506,4.3441,3.8212,7.0029,4.7269,0.7522,-0.7609,9.7164,4.6582,5.9196,4.006,-5.8252,-0.9114,-2.0773,9.7899,-4.9383,-7.8981,-7.4694,4.927,0.9783,-6.7845,-5.3792,-4.5079,-3.4273,0.7839,-6.7808,6.9613,-2.1899,1.7243,2.49,9.9578,0.9992,-8.2586,9.6977,-4.2134,-6.7797,-0.3409,-0.7386,8.8791,3.7847,-2.9017,4.7554,-9.4721,2.0644,-4.2205,-2.9845,8.4554,-3.8677,-6.2276,7.1,0.1606,3.9237,-0.8348,-5.5877,9.6185,0.1047,-6.0844,1.9953,-6.217,-8.3597,1.3839,1.9496,7.0226,6.5908,-6.5094,3.438,8.4084,-7.0754,8.4998,-4.7621,-0.8627,-3.4681,-4.2233
-8.2971,3.4882,-3.8345,-8.9399,5.7699,9.6245,-5.8185,-3.8061,4.0849,-7.2764,4.0846,5.9633,5.7864,4.57,7.863,0.7191,-7.6822,1.9879,-6.1691,7.2164,-6.5887,0.8551,-1.5135,6.8302,0.697,7.5418,-4.2871,4.6412,-1.6419,6.6027,-1.2198,6.9732,6.7086,3.5173,0.4308,3.4318,8.3958,4.3289,1.9849,3.7648,-1.1653,1.0547,1.6278,5.6582,-4.4898,-6.602,-4.4742,5.7045,-4.1664,-7.2047,0.6618,-2.3951,3.8688,-7.5775,6.7052,-4.1933,-0.8165,0.4905,-7.4111,-4.1308,4.5955,3.4117,-9.2864,4.2697,4.5652,-1.8651,-6.3874,-3.788,5.5141,-3.8615,-8.0657,-4.6938,-6.672,-5.7419,-7.4221,9.9349,9.1611,-0.3055,-7.2636,7.6711,-0.725,-3.537,-3.054,-0.3306,0.9041,8.0182,1.5437,-4.2122,-5.2054,9.5599,-0.7176,-5.4066,-4.1032,-7.3452,-2.431,-9.846,-0.7975,-1.7341,4.2348,8.747,-5.9876,-2.4382,7.7246,6.9864,-7.714,4.1588,-8.0918,0.5946,4.4244,-9.3857,6.1899,6.9231,-3.165,3.9115,8.9671,-9.9078,3.6022,6.1471,9.6961,6.9356,-4.9936,-5.9324,-9.7586,-1.5193,-7.8271,4.4162,-5.6174,-3.1169,8.3247,0.2735,9.9507,7.9768,-7.6066,6.5172,-7.325,9.3654,-8.1177,-7.872,-6.947,1.3771,-7.2244,-2.9315,-1.0964,6.7636,7.5522,-2.9873,-7.2535,4.29,-5.4142,1.455,-9.8824,8.167,-4.4829,-2.1187,8.5832,-5.7742,-3.4232,9.1421,-5.1455,3.0428,-5.8964,-7.3624,6.9992,2.7731,-1.3078,4.058,3.9851,4.1655,-9.098,-2.6054,0.29,0.3465,3.7906,7.4412,2.4703,1.7378,9.3148,-7.6842,-7.7115,4.4647,-4.1763,8.7103,-3.8353,4.958,-6.3384,5.6465,-2.3131,-8.6914,0.4539,-9.899,-1.7362,-5.9607,2.7985,-4.0343,3.476,-6.437,7.5796,-4.3198,6.2056,-7.9214
2.1364,-9.9612,1.756,-6.5567,-3.3483,-5.5167,2.98,7.2006,-9.0213,8.6046,5.2119,-8.8985,8.3953,2.6544,5.0238,-6.6299,7.7986,3.9995,-8.8382,4.4064,4.9554,-5.3372,5.8664,-1.9692,-9.6153,6.6328,3.0005,-2.2034,5.6291,-3.1727,8.7914,-3.5511,3.9294,-1.1181,7.3224,-0.7886,-7.309,3.7293,-3.6322,1.3768,1.6085,-8.604,4.3279,4.9935,-1.1166,-0.8824,-9.1834,-0.518,9.1267,1.9854,-7.8825,5.5296,1.3032,5.5135,6.1513,-9.5736,4.5734,2.4997,0.3078,-4.2456,4.4397,-5.1494,-4.157,-0.2491,4.1881,-6.4021,4.4533,4.5927,8.1216,0.4733,6.903,-2.5628,5.5421,-5.5299,-3.8329,-2.7401,-1.9747,7.5659,6.0858,5.9161,6.1021,-8.2873,-9.1108,-1.0615,3.2354,-5.2505,-8.547,7.863,-0.3323,7.0654,7.7907,-3.1322,-3.1244,2.3773,3.9867,9.1514,-6.9503,-4.6874,-7.0717,1.6746,7.2794,1.4445,-0.4322,2.0737,0.4695,2.1337,2.9683,-5.3264,-1.1046,-3.6992,-3.0986,-1.7235,-2.5957,-2.9433,-9.1702,3.7823,3.4248,3.0808,2.8366,-2.5715,-7.2081,0.333,-0.7098,-7.7265,-6.6206,1.0577,-3.5951,4.1736,-5.3369,8.5222,-4.4604,6.2071,-9.7815,-9.9379,-6.3676,-1.3685,-6.5419,-3.5266,-9.1357,-1.7158,-1.6234,-1.4791,-7.8467,-4.6804,-7.6215,-3.1958,-5.1581,-3.7331,9.9556,6.7404,-5.923,0.4569,9.0696,-5.3409,8.6546,3.791,-4.0266,-5.6823,8.8145,2.3148,2.2977,3.4622,-5.6141,1.8668,7.379,-1.032,3.9842,-1.3421,-3.2548,0.0067,5.4317,-7.8388,3.1411,-4.8183,0.7737,1.4625,-5.818,-5.8025,-9.3003,2.3743,6.2626,9.3912,5.3228,4.9746,9.9586,-9.2147,1.8046,2.8502,7.814,-6.8898,9.6844,-8.9033,-4.526,-9.7741,-4.9875,-8.1595,-7.8898,8.8107,7.7992,9.7249
5.4939,-4.3737,-2.4859,-7.8285,2.9896,-7.6438,8.3988,9.0297,0.7344,4.2971,2.8855,-9.0906,-9.5705,0.0413,7.9458,-5.6174,-0.0406,1.6406,8.5551,9.3303,-7.0018,-9.5101,-1.015,9.8718,-2.3345,4.8312,-3.6964,9.0831,1.9858,3.5213,9.4781,-8.2793,-4.9181,9.4257,6.145,5.0423,3.8111,-9.9633,-6.1788,-0.9396,1.3736,-3.4971,7.1012,-1.0278,6.9766,-9.2462,7.7951,-0.6968,-5.0067,-4.6938,7.0475,-3.7902,7.5627,-0.0018,5.9304,-4.8933,4.2729,1.3524,-3.9796,3.1222,-4.8041,3.1396,-0.5643,-5.3624,-4.8462,3.2473,7.9608,7.981,0.5542,-8.2929,1.5681,3.2004,9.3283,-8.393,2.3587,-3.6504,-8.1675,5.8277,-6.8849,0.9034,-2.8151,2.6301,-7.4896,-6.4839,-6.3675,8.8888,-2.6016,8.2506,-5.172,8.8544,8.5304,7.3282,2.2271,-5.2018,4.7042,3.9489,-1.4105,-0.7469,-5.6215,-6.663,6.3889,0.6173,-8.99,-7.5836,-4.3608,2.4904,7.3704,6.8831,-2.6961,-3.4255,9.7122,-6.5658,7.2925,2.0187,-9.5929,-6.1638,-1.1193,-3.1123,-9.5402,7.3973,-4.6273,-9.4687,1.7665,-2.1176,8.0809,-6.5313,3.5665,-4.9693,-7.2291,2.4043,7.6097,9.5946,0.39,8.9872,4.326,9.9965,-8.1996,2.8912,3.8514,-5.4461,-6.3319,3.1749,4.1144,-8.4748,-9.6043,-7.8014,9.8196,-6.6594,-9.7574,-7.2518,8.6771,-0.2766,4.6574,5.1125,-3.8526,8.9296,-0.5634,4.01,-2.1516,5.2173,8.6232,3.156,7.9364,-6.3006,0.2368,-2.4679,6.9933,7.9655,-3.8737,5.2049,-8.6103,2.4459,-9.6221,9.0643,-1.1062,-1.1409,6.2101,-1.3552,-8.0561,2.6447,1.7425,-5.7167,5.9471,-7.4328,-0.4826,3.8011,-1.5472,0.1993,1.0367,-1.9022,5.7007,-2.732,4.6561,-6.7086,-9.4206,4.5538,-3.9073,-6.7308,-2.4571,6.5932
-3.4897,1.2641,-5.5093,0.639,7.489,2.7443,-4.7828,4.458,-9.2565,8.9479,-8.6154,0.2967,-2.1812,7.2607,-3.1617,6.4514,-1.3737,2.7794,-9.5801,5.7663,-0.0546,-3.4919,-1.5946,7.5476,6.8018,-6.0882,-7.7758,1.3572,5.7186,3.7122,-3.4513,0.2206,-0.5027,3.8295,-8.2227,7.3152,-9.1991,-4.0005,-0.8145,-9.0419,-3.9876,4.3109,9.1037,-6.343,9.276,-1.2088,4.0152,3.936,7.625,-2.0115,-6.8616,-3.4761,1.6941,-8.8955,4.9705,4.9345,-7.3945,-8.5436,7.7628,-7.9647,8.6798,-4.0398,9.5238,-9.8354,5.1531,6.2304,-1.0556,-1.4937,2.9801,-9.5042,6.0455,6.8762,-3.8205,-1.419,-1.0918,2.8036,-3.9665,8.3476,-1.0523,1.1537,-8.2884,-5.973,5.7348,-5.2259,-4.1591,-1.9166,9.6281,1.48,-8.752,-0.4109,4.5869,-9.3409,-5.6893,-0.0531,1.1597,-7.7258,1.891,8.2685,0.0061,6.8954,-1.3291,9.7867,3.725,-7.9493,-5.7999,-6.1761,7.024,-3.2416,7.9747,-5.1017,-3.4716,-9.8358,5.9205,-0.4155,5.6754,-6.5985,-4.7748,-2.7031,-9.263,5.1773,4.6349,8.7973,6.8884,-1.8053,4.8988,2.3325,2.4973,5.7513,9.6234,7.3678,-2.3946,4.7821,-0.5033,-6.2832,8.8326,7.5315,7.5572,-9.7683,-7.2357,3.9814,-3.1603,2.4314,-2.2663,-5.7584,-7.9899,-7.3426,8.7104,3.0962,-4.8267,1.5943,-3.3062,-3.6961,1.3164,-9.5953,-2.2482,-1.4048,5.2325,0.6873,-3.4074,-1.9371,-6.1522,4.369,3.996,1.0675,-0.6087,-0.6287,8.113,-1.5891,-0.3095,6.5203,1.3271,4.423,1.1438,4.8043,8.9272,-9.0186,-5.0462,3.4901,7.9447,-4.8712,-5.2086,5.1007,2.1991,3.9068,-4.2586,8.4478,1.0386,-2.4587,-0.9328,6.1381,9.9042,4.045,8.0511,-6.6483,-6.2425,5.9862,2.5083,-6.8675,4.097,-1.8395
6.6924,7.6041,6.2563,0.4052,-6.0809,-8.6933,2.4092,-1.7949,6.1927,-8.2436,9.7076,4.9274,4.9667,-9.0309,0.2406,7.3322,-2.1829,2.1597,-7.3222,-6.4047,4.9907,-9.4787,-1.2046,3.0669,8.4458,3.4079,-0.2318,7.221,4.5035,-5.1445,7.1695,-2.8727,2.0707,-1.0724,0.4247,8.738,2.646,6.1537,6.086,-1.6923,6.6438,5.4341,-0.551,7.533,-0.7101,1.8577,-7.312,-5.3417,7.0207,-3.4983,4.0671,-2.6624,6.6944,-8.2554,-6.2231,-6.3946,7.2922,8.4014,-4.509,-1.3154,-9.0811,-2.1421,-3.8846,9.0018,-2.9171,1.9394,-7.3408,-5.3578,1.367,-1.9906,0.5125,8.8423,-6.9324,4.6537,3.4533,-5.9377,2.1939,3.964,4.2005,-6.1441,9.9907,3.0014,7.1701,-2.9406,-2.6347,-6.2568,4.8728,-0.0257,2.3116,9.4221,2.6076,1.1304,-1.6154,-6.1037,8.8765,0.8263,3.0707,-5.396,4.5726,-1.9457,7.358,-7.4562,-9.706,7.4985,-7.8939,-4.7832,2.0187,4.0514,-7.7047,-5.3294,-9.8078,4.5754,-8.6931,-2.9356,-8.8547,-5.1789,-3.7707,8.233,6.9225,2.4631,4.8297,9.3511,-7.3209,6.7032,8.1724,-4.8896,-9.7762,6.0792,9.5803,-2.7175,3.8751,1.2049,4.9638,-1.5699,-2.9179,2.5469,3.1514,4.385,3.2982,-3.9774,-8.7285,6.1673,9.06,-2.3644,-6.7572,-2.9042,7.5146,4.168,-0.1238,-9.9746,-1.8911,7.1897,-8.4384,-4.4011,2.7942,-6.6077,3.1212,-9.346,2.3779,2.5528,-9.2294,-6.5044,-7.957,-8.251,-1.9325,-5.3943,1.6591,9.1832,-5.6991,6.9389,2.4607,8.5689,9.0529,4.0392,-4.2096,-0.8087,0.5919,-7.4924,-5.0899,6.955,7.0823,2.0293,8.2751,0.9308,3.4929,8.3132,2.3574,9.3305,9.847,-2.7787,9.5672,9.4795,8.9025,2.0649,-2.2366,9.2127,4.0425,1.3149,-4.5011,7.1155
7.5929,6.2927,7.2194,-7.6246,7.9325,-8.4578,-9.5322,2.229,-2.7372,9.352,1.5293,8.1974,-2.5881,-2.6099,0.6636,4.6241,1.253,-2.8084,8.2201,-1.5831,9.0238,-7.0969,-7.0027,-9.9063,-6.1881,7.2829,-4.7037,-2.781,-5.3026,-8.5828,-1.7478,-0.5708,-5.7682,-4.5064,-4.1406,1.1622,-5.3797,-0.7601,6.6301,-6.3955,-1.757,6.7894,-6.2552,0.0855,0.6238,-0.302,1.961,-6.3209,2.2687,-8.9613,-5.6024,7.1848,1.1734,3.6992,8.3112,-6.6696,6.8484,-2.6538,8.2418,2.3138,-5.906,3.0848,-2.917,7.2778,-0.3975,6.2588,9.8937,0.1173,-5.9162,-8.0249,-9.1465,8.7654,-8.1199,-0.3032,-4.2968,-5.9597,4.1217,3.6804,7.568,4.3936,-4.3513,-9.1674,5.9053,-8.5506,5.1181,-0.1366,1.1199,-7.7821,-1.6507,7.6611,6.7298,-6.9157,-2.1086,3.9961,-2.6692,4.2119,-2.36,-1.8583,-8.1795,7.2807,7.7467,8.1547,-7.8602,4.5503,2.6507,-2.4534,-2.2327,-8.9784,-6.7476,1.6785,-7.1885,6.3382,-2.7293,-9.9903,-5.2817,-1.5173,-0.1417,-4.5164,9.3453,6.7365,7.1771,-5.3618,-6.1957,-8.2293,-8.7407,2.4229,1.6366,-9.4375,3.89,-5.6738,-4.3098,-2.924,-1.5151,-4.554,-0.826,7.2391,-8.9026,-3.1778,5.076,-7.9824,-8.7588,3.2935,-1.9289,2.0693,2.8971,-8.9884,-0.9838,-5.9993,1.5372,-2.8272,-7.8421,1.7241,-4.4036,-9.6828,3.6739,8.7119,-6.8956,0.2848,7.6011,9.8955,-3.7202,-2.6886,2.9524,9.1196,6.7587,-8.575,-5.8572,6.1677,3.9466,3.8485,7.6685,4.3621,2.8778,-5.0457,-1.911,-7.8351,9.304,0.1186,2.9429,7.833,-5.8896,7.9252,3.9836,8.0083,8.4585,4.056,-4.5619,9.0942,4.2444,-8.0428,3.8641,-0.207,1.524,-5.5361,-3.7522,0.0132,-1.1139,-7.9182,-2.5106,-1.1597
0.2071,1.1888,-8.7877,5.0285,-3.9588,9.1023,7.0279,5.2934,8.955,8.1444,-4.0008,7.0762,1.4102,-0.8985,1.7881,1.6643,-4.6479,-3.3981,2.2299,1.4315,3.6502,1.8004,-1.4481,-2.3147,-8.4307,2.8699,-8.3878,-5.2341,6.6889,3.1463,-1.9321,-8.7257,-4.8627,7.9457,-6.2445,6.343,5.4249,-2.6557,5.1129,0.1227,9.0393,-7.7454,8.7997,-5.446,-4.5131,-9.3344,6.4521,1.2465,2.9284,2.2762,2.8182,-8.2593,0.5434,-5.0522,-2.0645,6.8111,7.6537,-6.2573,-1.1406,2.7452,8.7344,-7.5035,1.5986,-8.4684,7.1628,3.5807,-0.7097,5.1595,7.2096,8.5428,7.0686,9.0948,7.0295,-2.6042,5.1579,-0.7238,-4.385,3.0024,3.4375,9.4291,9.9369,-2.8818,-1.909,-9.3259,-6.5882,1.685,-9.3471,9.7741,-1.7954,-2.9204,5.738,0.2954,-4.3347,-0.2233,7.3119,-2.7253,5.7981,-6.5271,-1.577,8.5992,-5.3298,-1.2396,1.0164,5.681,5.0678,-9.2249,7.9745,0.3898,6.1578,-3.5487,-7.5439,-6.3127,-9.025,0.5856,4.2738,9.8939,0.2143,-2.7084,-7.0805,-1.5854,8.3912,-9.202,-9.2119,3.4597,9.244,4.5914,6.0911,6.551,-3.8892,-6.8988,4.5671,6.1842,-1.6994,-4.7635,-6.6243,-7.3246,-5.2587,-8.0721,0.7242,8.3193,-4.5355,6.0943,-6.8485,-1.9815,-5.127,9.8169,-3.6088,-4.3518,-0.001,-3.0545,1.7102,6.1996,-7.121,3.9868,9.9952,8.1391,4.9234,2.2783,2.9646,3.4774,-3.2154,1.2752,3.2476,-2.133,6.0288,-1.1606,-1.4734,-1.2254,-7.8065,-6.6889,5.0065,-6.3065,7.0186,2.078,-7.9936,0.3559,-9.0136,0.2513,8.3744,-9.0836,1.4203,-8.129,-9.6924,1.0034,6.4251,-1.3768,4.6137,3.8462,-7.0637,3.3024,-1.6928,-9.1163,0.4153,8.2604,0.009,-5.2261,-3.3829,-5.8112,0.4392,9.0069
-1.0725,3.2952,-9.2311,2.1775,4.1625,-6.3132,-2.5664,4.3259,-2.7857,-6.0485,-8.3992,-2.0965,3.4356,5.4226,5.0972,-5.7324,1.2477,-3.307,-9.7544,-5.3981,-1.839,-1.9083,-4.6017,8.7972,2.4289,3.2512,-5.6157,-2.1018,2.7576,-4.1986,5.3456,-0.7807,-4.1314,1.8967,6.1956,6.1612,-8.6489,8.7029,2.2229,2.7127,-1.4539,6.1256,9.3626,-2.4255,-6.9487,2.6175,-5.6519,8.1461,-4.2949,7.847,-3.4996,3.8967,1.1478,1.3305,8.4582,-8.188,-1.4681,4.162,9.981,1.6689,9.7781,-6.3265,1.5657,-6.1932,5.1342,6.3692,6.5444,-3.2981,4.9593,7.9645,-2.5803,2.7828,-2.9663,-3.1406,-0.2368,-2.888,5.7939,1.7799,-8.0527,-2.8485,7.6624,-7.5548,-0.0461,-8.4402,7.6211,5.9429,-1.8988,8.223,7.5435,-6.3112,0.5005,-3.5271,1.6884,5.366,6.5097,-6.7901,-3.8745,-3.8064,-3.0435,-5.4886,9.7937,-1.1159,6.9299,-9.3009,-0.22,3.066,-6.2075,-3.2226,1.4236,1.1034,5.8853,-4.2148,-3.1923,-1.5479,-7.0794,-4.9578,1.773,0.9995,3.4636,-5.3172,-7.4564,7.801,9.3516,-3.6903,0.99,3.2477,9.2815,-4.8245,-7.892,-1.6658,8.1254,-4.2835,3.851,-0.7275,6.3714,-7.8228,2.9681,1.7498,-9.6687,9.0163,3.9591,4.2244,-3.7142,9.3919,-7.1511,8.0585,-1.8204,-3.0676,-0.2856,-7.582,-7.9068,7.5508,2.2102,-4.8863,3.5279,-7.5742,-9.093,4.9404,8.9166,8.9797,9.1493,1.8855,3.8086,7.197,3.5258,3.603,4.0508,-8.0871,-2.656,5.6226,-9.8845,6.8981,0.7041,9.945,-6.2583,0.3557,-5.8821,-5.7175,-8.2438,4.8222,-9.5496,-7.4401,4.3382,-0.5813,-0.1399,5.665,0.7239,-2.0493,-4.0734,-4.1323,2.4854,3.0094,4.8235,-2.1039,-5.3138,-3.3635,5.089,-9.504,-0.5385,-7.0989
1.258,-4.7059,-2.2454,8.4521,2.4069,-2.9087,1.7203,7.3478,-0.6809,0.8759,-6.1149,-9.7059,6.5898,6.3502,-7.9223,4.2093,-0.1337,-8.6744,4.6264,0.7028,3.1519,-6.2042,1.5738,-7.3,-9.1687,8.2522,-8.819,8.4985,-6.494,-0.4885,5.7507,-3.8608,7.526,2.6658,2.1757,-1.7895,-6.6784,5.3506,-7.6629,-1.148,-5.2973,0.4986,-3.913,-2.6749,1.5787,-5.6282,-4.7173,-4.3218,9.7793,9.9735,-9.6485,2.6133,-2.254,9.7783,-8.1059,3.6924,-4.4361,0.3249,-3.6279,-4.7115,-9.606,8.236,-7.4625,-6.0182,-2.8402,4.4763,4.7672,5.1443,1.246,-4.9808,1.148,5.0432,-1.2204,3.4774,2.7604,4.5937,-1.7005,6.2716,-2.5965,1.6832,8.5918,6.7812,1.6462,-5.8141,-6.895,2.4725,-3.808,6.4792,-1.7271,-5.4667,-2.7917,6.0929,-6.2603,-1.8694,-8.1494,-8.0907,-9.3292,1.9603,7.7269,2.4367,0.755,4.0784,1.6896,-5.2892,8.7463,-3.2723,6.1754,-6.9761,8.097,-6.7847,-4.6883,1.8144,2.613,-4.2463,-9.8705,-4.5811,-4.7686,-5.8081,1.4968,6.9492,6.8318,4.0683,-5.3261,-8.7922,1.9877,7.6239,-4.3151,-7.2199,-2.321,4.7576,-5.7778,8.1534,3.8865,-0.6861,8.1707,9.3608,5.4311,2.9162,2.9333,-8.7983,-8.0235,-1.2583,-8.0181,6.8018,-3.4569,8.0432,8.0294,2.5338,-6.0355,7.2191,-7.4791,0.9333,6.9185,4.6346,4.6912,-4.2063,2.6148,-8.5225,9.5926,-1.6941,1.2134,0.1774,3.6975,4.4351,5.3859,2.418,7.2338,2.6166,-2.1781,3.6516,-5.3701,-7.0149,-9.8978,-3.0603,9.6344,6.7232,8.1718,6.7785,7.7432,2.6582,-3.6359,5.2971,-2.5631,-8.9271,-7.8756,5.5819,5.5501,9.6033,7.2568,3.4063,-1.7686,2.1732,8.3112,-0.975,-6.5604,-0.1203,-8.2804,-1.4948,-1.4015,-9.7754
-4.3249,3.9664,1.1667,1.6612,-8.7201,-3.1505,7.6338,-9.1092,1.4623,-6.4478,-3.5509,0.9676,-7.3647,-2.1058,-1.0747,9.6947,-4.7981,9.297,3.829,7.7015,5.6252,1.4371,-7.5978,-4.9869,-2.0813,7.8436,-7.6607,-1.5092,-0.8423,-4.722,-7.2203,2.9987,5.9948,-4.5087,-9.6894,-0.2263,8.3031,-4.2669,-6.9028,6.8983,-4.2524,0.9625,-4.4597,8.3557,0.0678,-0.6776,-5.1159,-8.7167,0.1688,0.8965,8.0137,-5.0781,8.8422,-4.1486,-7.1506,1.0495,-5.105,1.7731,2.1246,-7.0627,6.6859,-5.6343,-4.232,3.0782,1.02,7.9832,9.8949,0.7702,4.5694,-6.7061,7.8372,-9.5493,-6.9934,3.4179,-8.0131,7.7223,9.6867,5.7205,-8.4283,1.7728,-7.1059,2.3771,9.5753,9.9115,-1.1211,-5.1661,-2.8418,9.281,-8.0799,-6.1191,-1.1151,-7.4429,5.4831,8.0824,-3.1059,-4.8326,8.2548,5.6171,-6.7053,5.9454,-9.3555,-7.2936,3.2472,-0.6563,-1.2623,-2.3492,-7.0489,-1.3442,1.6521,-7.4241,-2.9434,-5.9958,-3.9352,-4.2733,3.2512,5.093,-9.3467,-0.942,-5.651,1.8102,7.2561,4.4193,7.4432,7.7795,6.9379,-5.0238,6.8835,-0.5814,0.7626,-6.7267,-9.3887,3.9782,8.036,-5.1922,7.589,0.6433,0.2792,-0.2654,-4.0737,-7.0904,-7.7231,-5.5716,4.4797,8.1499,0.7611,-4.6186,-5.7656,-6.6332,7.2716,2.2558,8.7383,-6.2085,4.3818,1.8935,-3.5669,7.4748,-8.45,-3.2261,-2.6623,4.7635,6.2857,-8.6018,8.0875,7.4371,0.9116,6.1917,-2.774,-9.6969,-9.9773,8.6514,6.7184,7.9061,-7.2111,-1.6608,6.3895,2.9703,2.8655,-1.9436,6.143,6.9874,-7.0886,-6.6158,-7.1541,-5.6044,0.4023,-3.1334,1.6877,-5.4353,8.3425,-7.1882,-9.2697,-1.8454,-7.7114,-9.8723,0.034,-3.0752,5.5317,-9.5621,-8.8168,9.5601
-9.5488,-1.4449,4.4705,-1.17,-5.3151,4.9714,-1.9786,-4.9245,-4.1948,-0.0444,0.8507,-5.6982,1.3512,7.9872,6.3368,-0.9028,4.8289,-2.4798,-9.1683,-5.319,1.2414,-8.3048,8.8865,6.9851,-4.6314,-1.1135,4.4607,-3.1521,6.3638,-5.386,-7.9184,-1.0421,-0.4076,5.3579,-4.1349,-3.2388,-6.1119,-5.1309,1.504,1.6878,1.2354,6.2309,7.2498,-2.768,2.1402,-3.2031,-0.5706,8.3208,1.8018,5.5855,-7.8296,-6.4381,-3.8188,-7.4118,9.6965,0.1638,6.4778,-1.0574,-8.631,2.0279,-9.8382,-4.7656,4.7216,-6.3869,-8.3044,1.7254,0.7124,-1.287,-4.9521,-0.1822,5.3487,-9.0289,8.1693,-5.9975,5.3208,-5.5295,-6.8191,8.2103,4.455,1.794,7.3725,-0.5777,-4.1868,9.6854,6.5541,4.8823,3.7634,7.9481,5.1414,-4.6366,2.4103,4.7526,-5.716,1.2574,7.2309,1.0441,5.2601,1.9226,6.1523,0.6023,5.8491,-8.5298,-1.5484,9.5728,5.7384,0.5676,0.9714,-0.6104,6.8756,-9.4544,5.036,-1.4343,7.1315,-0.2713,-4.1541,-5.7767,-8.5112,-2.8098,-3.6425,4.6554,7.1015,8.3761,-8.8472,3.5511,-4.981,-1.6664,-0.6342,-9.4657,5.7076,-8.3933,-3.3316,-7.6284,8.6902,-5.3157,2.7246,-5.4703,-6.5346,2.5956,-0.4411,4.2347,7.7801,6.9764,-7.419,-3.1586,-9.1021,8.2939,4.7548,0.8032,-3.5472,5.5201,3.5784,8.0136,-8.471,1.1345,-9.2275,-7.9805,-7.9811,1.4342,9.9107,9.1354,-8.1683,-3.0698,0.2795,-4.4584,-1.8336,5.6517,-8.7009,-1.0712,-2.1257,-8.6742,-3.485,-6.9476,-3.9788,0.1449,7.6755,7.382,3.0701,3.6429,-2.1052,-0.9271,-6.5308,-9.481,3.2517,9.6852,-9.4263,-6.8578,-3.4059,-0.8875,7.8413,5.2894,8.746,5.2139,8.1674,-8.0408,-3.04,0.5769,-6.3258,4.1124,7.9765,-3.4849
-1.7751,-8.3381,1.3539,9.4875,3.3653,7.9147,8.1751,-8.5754,0.5472,-1.4004,9.7069,-2.6076,3.2318,3.3498,-4.5273,5.5591,3.2877,-6.1431,-1.876,8.4888,1.9404,7.8801,-7.1736,6.5627,-4.2766,-9.4227,-9.4437,-8.8982,-4.5751,5.9074,3.5042,-1.4447,5.9299,6.019,-9.631,-8.9926,-0.1722,-4.9252,9.0443,7.978,-5.8509,-8.9402,1.4725,-4.0746,-9.8735,8.1279,8.9585,-4.5629,-5.2782,6.8707,4.588,3.7635,-9.0246,-0.3524,0.789,6.664,7.5244,9.4347,2.2659,-4.6856,-8.6254,-3.9293,0.1654,8.0525,9.8112,6.2617,9.3854,-6.884,-0.3461,3.3833,6.5641,-8.9356,-4.1871,-0.9465,-5.7486,-0.3812,-3.118,6.3436,-9.5423,7.2066,3.4044,-6.9916,2.1333,-4.6246,-4.271,-5.5073,-4.2355,4.2279,-7.6955,7.8055,6.9882,-6.2977,-9.5348,-2.6284,3.0815,4.5854,-2.0466,0.599,4.9989,-6.8245,-7.0422,-6.5417,7.8423,-3.5175,1.7908,7.4715,6.7191,3.0529,-2.476,-3.6546,-3.6008,3.2949,0.4066,-3.1702,-6.9458,4.2184,3.224,-2.1062,8.0306,-3.1107,2.1993,-1.4299,-2.6873,2.8402,-8.0046,7.9885,-8.2982,-3.7777,2.3446,-5.5909,4.1142,-7.1489,8.7015,9.9416,-4.3413,0.1994,5.8696,-7.2573,-9.1783,-4.1782,-2.2624,4.5582,-6.4871,-6.6904,-0.9457,1.4113,-2.581,3.037,-3.324,0.0734,-6.1767,1.9679,-6.4012,1.2123,9.677,2.4766,0.1305,4.8813,1.9439,-4.6344,-4.9517,-8.1436,-4.5365,7.6478,-1.7892,6.9209,-7.237,-8.4615,0.13,-7.5761,1.6324,5.4765,9.9047,7.6049,-6.621,-0.813,-5.8831,-2.0683,8.1669,4.2492,-8.4586,1.0212,3.4705,-9.3921,3.3828,-3.5181,-7.8113,-4.8474,5.5099,-2.5248,5.4445,3.6197,0.8529,6.5973,-7.5357,8.2596,-6.609,-1.1474,2.287,-2.5645
0.4571,-4.1329,2.0511,1.4746,-5.1833,0.6321,9.9583,6.6395,3.9275,9.8493,9.1673,-9.922,8.0755,-8.2849,-4.8782,7.4786,2.4216,-5.8986,-2.8244,3.9312,-2.4045,5.8826,-1.3592,-2.8378,1.0648,-5.6206,-5.768,-4.2961,2.3007,9.8315,6.7232,-5.6166,7.4347,2.1114,8.1379,-7.2186,-4.1767,0.5726,9.3445,9.6849,6.0316,9.9848,-4.8189,6.2101,4.3741,-4.3354,7.8404,-7.7991,6.5933,-2.0691,-6.4708,0.6335,1.6837,5.3814,-2.1717,5.1321,-3.464,6.8181,6.6061,4.1411,8.7957,3.7529,-3.5883,4.4936,-9.7853,0.0495,7.0993,0.5431,7.9661,-1.3134,6.7785,-9.893,6.117,-0.23,-7.6202,3.092,-9.0036,-4.4256,8.2778,6.5226,7.2901,-0.4983,-7.4735,6.7485,-7.689,-0.6563,-4.9227,-3.6832,-6.5302,4.2118,-3.1139,3.8446,9.2371,4.4594,-9.9299,3.8449,-0.5483,-9.9287,0.0381,0.8094,-0.819,-1.7777,4.7122,7.6037,-0.6845,-7.1075,3.6754,4.0123,-0.4775,-7.7901,-4.4833,-2.5624,-8.4736,8.4044,-6.8923,7.7648,-9.6313,-4.687,4.4661,-4.5388,-4.8318,-7.3406,8.813,9.0076,-9.4155,-0.3284,-8.4841,0.9853,8.4758,6.7755,-0.8093,6.5448,9.8722,9.7351,-9.4793,3.9,4.8641,-9.7191,0.6148,8.2819,-7.7536,3.5542,-4.7976,-7.4363,-8.3219,1.246,-2.264,-9.5529,1.7161,-4.5885,8.9758,4.4448,-5.5851,-3.6298,8.8397,5.5318,5.0431,2.1919,-3.6336,-4.8261,-3.3591,-5.2112,-0.2024,5.5731,1.3522,-6.6213,-2.3098,5.5985,-8.8811,-6.8765,5.223,-1.929,-3.7343,2.705,0.1966,-4.8423,7.8107,-7.7512,4.6965,1.121,6.8623,8.6596,-1.0655,6.1801,1.4393,8.9685,4.6753,-0.5226,7.466,5.5793,-0.2654,-5.2057,-1.1925,1.2023,-6.3582,1.3555,-3.5826,0.4022,-5.9238,-3.1416
-2.0777,-5.0474,5.6937,5.9334,6.699,-5.2948,-0.3479,3.2957,-7.7293,8.0909,-4.5421,2.0495,8.3871,-0.0469,-6.9873,-2.9539,-3.5576,-9.3959,-2.5406,-7.4827,6.5602,0.1431,-5.0251,-0.194,3.5607,-7.4397,7.4271,8.9675,-8.5949,-3.8968,-3.0683,4.8361,6.1855,-1.922,-6.2203,-6.5365,-5.113,3.1659,-0.1589,-7.7462,-8.2893,-0.5596,7.4228,-3.3281,6.4547,-1.421,2.1713,-8.6738,8.2308,-3.5558,-4.4065,-0.7239,-2.7962,-6.4574,-2.9996,1.4698,-2.0467,-5.2843,-8.6515,7.3007,0.9958,7.0516,-4.9907,0.5265,8.1137,7.8371,-6.5647,-4.6932,-3.567,3.9106,7.4828,-4.2563,2.9451,-8.5656,-2.0792,-7.8532,8.4767,2.5128,9.8897,-6.6924,4.5022,8.7209,-7.5281,-8.9173,5.9443,9.0701,9.217,1.6473,4.0541,-9.0032,-1.2304,-7.0923,-4.0302,7.8065,8.569,-7.0181,-3.013,3.367,1.1679,-0.6346,1.2807,-7.2577,-1.1662,4.7567,-6.0813,-9.8397,3.2588,-4.9466,-1.068,0.3144,-1.8141,8.21,2.9357,8.2048,-2.6575,-3.4738,-0.2842,8.3212,7.7319,8.0038,-4.558,4.1255,3.8236,-2.7976,7.8225,0.1395,0.9481,-1.0731,-2.4889,0.6425,5.2178,3.2039,5.2739,8.1021,-3.4536,8.246,-3.0571,8.9542,-7.0547,7.0301,8.5602,-9.7458,4.4535,-0.9497,-6.0865,-9.739,6.1825,-4.4419,-5.1527,-9.4856,-8.8897,-3.0056,-9.4943,7.4757,4.6773,7.4428,5.1178,-0.2595,9.6239,1.9375,-8.2426,-3.056,5.6685,6.5234,-3.6474,-1.6631,2.4513,2.0335,9.4274,-5.4122,5.24,9.6298,7.1053,7.8316,-0.9535,0.5069,-0.1212,-1.7482,7.1325,-2.8603,6.1692,1.0472,6.2241,-8.9882,2.2984,7.0252,-6.2593,2.4811,-9.9622,8.5575,-4.7046,4.3754,-0.0333,7.8727,0.7328,6.3999,2.3843,0.2877,3.2285,7.5984
-2.0208,6.7854,-7.2271,-9.1532,3.3423,-4.9743,-5.6863,-5.494,7.1596,1.1729,-6.5967,-2.2675,-1.4299,9.5327,-7.8281,-8.5258,2.4883,-2.934,9.7731,1.6115,-7.0302,5.3675,4.8071,-3.1655,-6.1111,4.0928,-6.085,4.6192,6.7774,8.4456,9.2481,-0.6012,-9.5146,8.503,-9.3643,7.798,1.2907,8.615,-3.107,-7.1318,2.3497,-6.2555,-1.7933,-3.3048,4.9107,-6.2869,-9.3762,-7.8776,5.4178,8.943,3.672,-0.6429,-2.892,-5.0968,-7.9963,-8.6766,1.6551,-6.8923,-9.7777,2.8341,6.9193,-2.8492,0.0446,-0.758,-7.5661,-5.7482,2.9693,1.3587,-2.7722,-0.8665,1.931,-5.0814,-3.6546,-9.7061,-1.7418,-6.5245,5.6329,-8.2424,-7.5359,0.7922,-4.0293,-1.8405,-5.113,-4.5586,-5.3327,0.8563,1.9551,-9.0401,2.7599,-7.6308,-6.1479,7.4021,4.9082,9.6948,5.6911,-2.5478,0.9716,-9.3192,6.1486,-4.7894,8.4888,-4.0962,-6.3316,-1.8654,-3.8067,6.7195,-3.0998,-1.6982,-9.0659,1.7739,7.2283,5.4832,-3.7725,-9.2926,1.7302,-3.7923,7.2677,5.1447,4.054,-7.2622,-0.8691,4.4124,2.5456,1.525,6.8552,-8.4187,-2.5142,9.5854,7.809,-7.4733,-1.8361,-3.2856,0.5794,6.2273,2.2602,5.3215,4.8803,-1.7492,-0.2984,4.261,9.2989,-9.5154,0.9956,4.3077,6.8592,-8.8532,1.1901,6.8836,2.528,-3.8824,-4.8614,1.1031,7.0135,2.4608,-9.8469,-7.6719,3.8546,-3.8778,-0.0834,-3.1422,-3.5613,-9.8204,8.5968,5.6138,-3.9292,1.2095,-2.6845,-1.8514,8.7842,2.5953,8.2381,-4.8733,5.2718,3.0373,-8.5409,-9.7748,9.1394,8.1764,2.3083,-7.0524,5.7943,-3.8881,-1.7083,0.8862,6.1234,-5.5042,9.5753,3.774,9.3791,-7.7564,3.7171,-9.541,-1.2206,2.8604,1.965,7.3925,-3.1485,5.2587,9.232,3.5469
-9.4423,3.7684,-1.3395,-9.1317,6.4758,5.0208,6.3769,5.5433,9.3544,-7.393,7.5514,-5.9976,7.4226,9.9267,0.3525,8.1237,-9.226,-2.2615,0.295,0.1049,-0.4275,-9.9414,-5.5086,3.4217,9.0161,5.0038,0.8368,-7.7589,-9.8945,3.7712,-3.7456,-4.9387,9.0163,-3.1899,0.6566,1.3133,-0.6569,-7.5059,6.2683,8.4961,6.8076,-0.0066,2.9902,0.1555,1.3575,8.8473,2.872,-5.9051,4.7719,0.1201,2.9057,-1.9018,2.0998,-4.1679,-5.8786,2.1283,6.4556,-6.1145,3.4055,-4.8474,-7.5606,1.8655,6.771,9.8004,-7.7086,3.1512,-6.8649,-2.6239,-3.5965,5.7805,-0.8831,-1.9979,7.8166,3.6802,2.2197,-4.5922,8.7402,6.3517,-2.1439,-3.1701,8.6539,2.1392,8.7089,-1.4319,-9.1503,6.243,7.6638,0.915,-1.3857,-7.6627,6.2539,-9.0565,-9.1859,3.2499,2.96,9.2061,-4.9446,-9.7708,8.0747,-7.5557,6.2714,-0.9689,-3.1814,0.7004,4.9402,-5.855,-3.1352,-4.5354,6.9337,2.7048,-2.1938,0.4764,0.4183,2.4516,-8.4333,-2.8233,7.73,5.0511,-9.6606,8.4181,-4.4209,-9.3009,7.683,8.2407,-8.7851,7.7341,-4.4697,6.2065,0.4091,7.2174,2.8672,-6.0241,-6.2204,8.4168,-1.2756,7.7269,-2.1928,-7.3404,2.172,-5.2672,-6.4699,-9.8192,-8.5606,6.6269,-3.8719,2.1234,-1.874,-5.8385,-9.3948,7.0423,-4.2687,-5.9621,8.2445,7.6165,-3.1179,5.8845,3.7485,2.4965,-4.6436,-9.0704,-2.3211,4.4471,-6.7878,-3.8499,6.0358,-9.9909,5.2138,-5.9071,-1.2968,-0.3514,0.2249,-0.788,-3.9741,2.6531,-7.6616,5.0509,7.0435,-2.72,7.077,-5.8314,9.3475,9.9155,-7.8877,-8.399,-7.7806,-7.2933,-9.941,-1.0012,-3.8757,-3.812,-6.5712,2.1465,1.7445,6.6584,8.9383,7.8048,0.4988,-1.1691,3.9627,6.5372
-0.5485,-8.4794,-5.7126,-4.1279,9.1217,-6.0726,-3.2258,5.3696,-5.4066,-8.5323,-3.3719,-1.7444,-3.9228,7.258,-6.4408,6.2635,-2.2849,8.8565,-5.0863,-7.0578,8.6758,6.5949,1.3608,-4.9396,0.5852,8.7295,-4.1597,9.7121,-7.7194,5.3113,8.0446,6.3317,4.5908,-7.2801,5.6007,6.6234,-7.9995,-9.66,-5.8509,-7.5651,-1.1356,6.0333,1.9042,-8.3512,-4.888,-6.3059,-0.9955,-4.1445,5.8065,-5.1694,6.7318,-1.6243,-1.467,-4.931,3.6975,6.2402,-9.4086,5.0052,4.2241,2.7326,-9.473,1.6935,1.6027,3.2259,5.2172,6.8877,1.3294,-8.7468,1.5856,2.6875,-7.2409,-3.4871,7.8117,0.5014,4.6974,3.7938,6.4895,-2.0936,4.8096,9.4422,0.3626,4.0723,-9.4875,-7.2159,-4.1854,-1.6033,0.3096,0.0292,-0.2013,5.3586,-9.8229,-1.912,7.607,0.5657,-7.0335,-6.498,8.622,3.2107,0.0721,-2.5568,1.5888,9.6962,0.8936,-4.9796,7.6942,5.1698,-7.725,3.4409,9.3186,-1.878,-6.1158,7.7685,-8.1109,-2.1762,3.2266,-4.3425,0.0621,1.037,-3.6334,-5.1034,9.287,-4.5387,-0.983,-1.9383,-6.5581,-7.9502,-2.3899,-1.7963,3.4811,-7.0529,-2.9233,8.0735,0.1802,-9.1136,9.8118,2.4184,2.6192,1.9041,4.1108,-9.2005,8.4178,-6.7846,-6.9276,4.2575,-6.8141,6.2795,0.6273,1.0938,-5.0606,2.0547,-8.7412,-4.6143,6.5023,8.7637,9.7215,8.5946,-6.3226,3.2242,-9.3119,0.9454,5.1135,-7.3218,6.7616,-7.4828,-1.6151,-5.0795,9.4341,9.4108,6.1959,-6.8075,-4.7486,1.0162,0.7337,0.7757,-3.2108,-4.069,-7.5969,-0.978,0.6701,-7.0924,6.2608,6.0688,8.3096,-0.3831,1.0929,-3.1198,8.5981,-4.2134,4.4101,-3.4161,2.7088,4.2138,5.5567,-7.3972,-7.0847,-4.2081,3.8513,8.2759,-4.7918,7.2066
-2.5013,3.4129,-2.3792,0.6643,-2.1495,2.398,7.6562,4.0763,-8.5382,-0.6496,-0.3193,4.0588,6.4812,-6.8835,7.4054,-9.1723,2.0745,6.5019,-7.8464,8.953,4.3058,-7.2197,-0.4875,1.5875,-2.9328,7.9984,7.4408,3.3237,-4.1664,5.6475,-1.6427,-5.4021,8.649,1.5945,7.6904,5.1397,-1.7448,-9.1753,-6.4413,-5.0562,-6.2013,-5.2747,-0.9856,-7.4046,-2.7793,5.2834,0.3247,8.9951,-3.2136,-7.5936,-2.5872,-4.512,9.4378,-7.992,-1.0581,-0.6174,0.7195,-8.7675,4.4552,8.2078,-0.7773,-3.024,-6.9447,-4.106,-9.8612,-3.7161,-6.0552,8.4143,-5.8145,-2.8434,9.7174,-3.2281,2.3241,9.6985,-6.075,-5.1382,-2.2285,-7.706,-2.4957,-9.6554,-4.0227,9.0963,-9.6747,4.2357,-6.4255,-7.3658,-5.9334,-9.5243,-9.6595,-0.9029,-4.5912,8.7644,-0.5957,-6.642,-5.1612,-0.0033,-8.2709,3.561,1.5835,2.9177,4.1322,-7.5567,-7.7661,9.1113,-1.8178,-6.3733,0.0197,-7.1206,5.0401,-0.8958,9.4713,-6.9328,2.2637,-4.2105,4.993,2.729,-5.867,-2.5109,6.8114,0.3598,5.4465,3.5682,2.3722,5.5928,-3.0769,1.7867,-3.5245,-1.2345,-6.8841,3.3463,-3.3918,-5.6955,-4.5117,0.5612,-4.7507,0.8589,-6.1156,3.5472,-9.0257,7.7917,5.9166,-4.4592,1.1017,1.1043,0.5606,7.1163,-3.3208,-4.0301,0.3857,-7.4183,0.1482,1.2838,-8.1587,-3.7154,-8.3217,9.1789,-8.6919,-5.0988,-0.0546,-3.411,-9.1276,-6.0483,2.9176,-3.322,9.1619,6.9353,-6.1566,-9.8299,-9.0202,2.3648,-7.4825,6.7004,-7.2321,-6.3344,-3.1027,-8.5995,-2.094,3.7654,-0.761,-8.7736,0.8562,7.795,-2.8116,0.1763,-8.8352,-7.3616,4.4234,-1.2959,-4.8527,-9.8392,-8.3863,-7.4629,9.718,-7.3231,-6.121,-8.9638,-4.8075,-8.0158,-7.9457,7.2945
-9.9491,-3.3974,-3.5025,7.4219,-5.3286,-6.1947,-7.6927,-0.7116,6.0337,-2.945,2.9257,6.3655,-0.4713,-1.8016,-3.7367,-7.19,6.7166,-3.88,-1.283,7.3101,9.214,5.5805,5.4897,0.781,-7.0394,0.9589,-7.601,-1.1225,7.3926,-7.5995,-9.2572,-0.9829,2.2076,-2.1847,9.2561,-1.0192,-8.6933,-0.5651,-3.889,4.2374,-9.6523,-0.8599,4.4422,2.8174,-3.0243,7.9762,-8.0117,-1.1595,7.3657,4.1972,-5.8414,8.9582,-7.2597,3.88,-1.5784,4.9756,-0.9008,7.4384,-1.0407,-9.3243,-3.4052,-0.9831,-5.2802,4.3993,-4.2114,-8.0494,-1.2055,-3.2731,3.713,6.1068,5.421,-9.8401,9.0435,-5.5938,4.2382,-1.1744,3.5205,7.0888,-3.705,-5.9,-0.2004,3.861,-7.0576,-3.0515,3.5163,1.3855,0.5779,-0.64,7.0951,2.8923,-2.3826,-4.5558,7.8131,-9.4137,0.2508,4.5298,3.933,-6.8134,-8.3367,-2.5952,0.0847,-2.4863,8.3275,9.9001,-4.8311,-2.7202,-1.7253,-6.8754,-8.3362,-8.1678,4.8832,9.4623,3.5365,-3.957,4.1881,5.1416,1.8459,2.1943,8.3715,0.8756,-3.1322,-8.3981,7.2542,7.38,-2.414,-1.321,-4.6337,5.2535,0.8271,8.1911,1.512,-6.6906,-0.1402,-8.419,7.9873,-5.6301,1.654,6.6999,-5.8564,9.2148,-6.5831,-5.5926,3.6339,-6.2201,-3.2689,5.0248,3.8194,0.2612,-3.8983,-9.0448,6.1669,-9.7153,-9.2449,-3.0065,0.1609,-5.2214,-3.6149,-6.622,-4.6084,-7.809,-8.5462,5.2335,-5.9181,-7.1241,-2.6922,-1.0732,3.606,9.4707,1.5562,-2.7899,-5.962,-8.2794,-6.0341,4.9911,-4.0554,2.6541,-0.2517,2.0585,-5.1019,-0.819,-5.3781,-6.8345,2.8395,2.5828,5.91,0.6196,-5.7425,1.1247,-5.7248,0.4293,-3.3941,-1.8795,-5.5964,-1.1047,8.4009,-3.0172,-2.5039,9.0132,-6.4099,-9.1632
6.621,6.6788,9.718,0.7963,4.0261,-5.7104,0.5488,9.5014,-9.5239,-5.0674,5.7453,9.2548,1.9609,5.3385,6.825,8.7356,-0.8747,-9.9045,6.7687,-6.9156,-3.0841,1.6859,-8.8823,-0.1188,0.2825,-8.1191,4.0534,8.2926,-6.9082,-4.7614,-5.6771,-2.1738,9.5631,-9.7084,-2.4807,-7.8955,1.4544,-6.4497,-4.7664,-0.1321,-1.2561,-8.8362,3.9199,4.5189,-9.0236,0.9158,6.8908,-2.5249,-6.3474,5.0517,9.1651,-4.4226,-3.3722,-8.2643,2.1843,7.1172,0.2235,0.2406,0.3147,1.2567,2.5197,-9.3202,6.2431,7.8262,-1.0159,7.6775,4.4383,9.6139,-8.9495,1.0574,5.3954,5.658,-5.0145,-4.0733,-6.9278,-7.6281,-5.684,-4.7428,-4.8798,7.0627,6.9315,-9.7716,7.6905,-9.0406,-1.9409,8.1169,-7.349,-3.1508,6.8199,0.36,1.0267,1.8923,0.627,6.9198,7.211,-0.1704,-5.8535,-1.9261,9.9614,-2.427,-3.8909,-8.4749,-3.0298,-2.2382,4.1393,5.999,7.2451,4.4445,-0.5335,-7.979,5.7792,8.1797,-7.5878,5.8756,8.6751,-0.9099,-8.0123,0.3966,-6.1568,-2.7494,-5.2403,1.2668,5.8477,4.436,0.6055,5.7684,-5.9899,-0.2098,-5.2165,-2.8258,3.1274,1.8216,9.3661,-4.2615,-1.417,2.3621,-9.8207,3.0878,2.1928,-3.7761,6.7223,-9.6035,-7.3978,-9.9445,8.288,-9.977,-1.1545,-6.5419,2.9322,1.6601,5.8504,-4.2507,5.0672,7.7431,-8.4529,-3.4857,3.8215,8.2209,-7.8327,9.4763,-2.4327,6.1318,-0.9061,-7.6812,-3.0529,6.6183,-8.3193,-0.0639,3.1854,-5.9514,-0.5986,-3.1151,9.6396,7.3603,-7.5645,3.2697,-9.9541,-7.8152,-7.2188,7.6204,-9.3501,-0.013,-4.4665,-2.1108,-8.5948,-8.1063,-6.5363,-4.881,8.0614,-4.1036,0.8141,3.4385,9.6875,4.5707,-8.0491,5.3433,9.5937,-2.9051,-6.6919,-9.2794
-2.7585,5.8464,-0.848,6.3335,-4.2223,0.1032,1.6863,9.2055,-0.7663,7.5336,-6.13,4.2993,0.7973,5.8479,-0.8073,-9.7392,7.0379,0.1233,-2.0724,-8.9414,-4.5306,-1.346,4.6501,7.3914,-2.6487,9.3135,7.8564,-5.1579,-5.0477,0.8977,7.0704,-7.4494,-1.2982,0.2046,1.8137,-0.7942,-5.6056,-1.6972,6.1921,9.4225,4.6809,-2.5471,-3.3231,-9.563,-2.7852,-8.7045,3.8431,-2.5764,1.0233,5.3403,5.6202,-2.9187,-4.5604,-5.3507,-8.2206,5.3726,-0.1506,-3.3745,-4.307,-7.4009,-8.8664,1.2913,8.023,-6.1016,-7.2296,-3.9977,9.431,6.7467,7.8107,5.3537,-7.1695,2.3139,-5.4527,4.5586,1.6366,-8.7299,9.5374,-9.3085,-3.6427,2.9075,-3.8865,-5.8523,-2.0137,2.146,2.5566,2.9864,7.3537,0.2168,-9.8119,4.6565,-4.5827,4.2327,5.8976,-3.6288,-4.5157,-4.1434,4.4493,-6.7243,-0.4418,2.9171,3.7814,5.6983,-7.775,2.6849,4.7018,-6.2194,-0.0704,7.4728,0.0169,9.4119,-6.6587,2.0475,-9.8746,3.9965,9.0714,-5.7727,4.9093,8.0615,-6.6691,-9.4463,3.3011,0.5857,-1.9377,4.6773,7.8608,3.941,-4.2664,9.8859,3.7339,-4.5213,-4.4486,8.0753,2.8328,5.4649,-6.4292,0.9209,-4.9576,-3.9417,1.2884,-9.4982,-7.4191,5.9493,5.952,6.5654,-1.3891,5.1729,5.6745,-9.6109,5.2606,2.5823,-9.8206,-2.1781,1.7454,0.0081,5.7237,4.6552,-3.7392,1.7237,-8.1045,-0.9127,-9.9652,-0.1596,5.795,-2.9212,2.1662,8.6209,3.206,-2.9341,-5.446,-5.9936,9.3423,-7.6767,6.7451,-8.6663,1.7531,-3.5235,-8.8057,-4.1286,2.9941,4.4341,-3.937,-1.0577,8.0862,3.7542,3.2171,-2.2605,-6.2678,0.5208,-2.7285,-9.5442,-7.208,-0.3794,8.6824,6.7237,3.5665,0.661,6.0513,-2.4196,2.6938,4.2715
-6.8874,6.1707,-0.896,5.4863,3.3713,-3.4908,-7.2068,7.0894,-2.6552,-1.6436,-6.3807,8.7043,-0.767,0.8278,6.7669,-3.5591,3.9043,3.0863,0.1172,1.945,-7.9647,-0.3716,-7.1342,3.9618,-2.6969,4.2235,1.1785,-7.9683,-3.7442,-3.6697,9.6549,0.2379,8.4305,7.5325,-0.9401,-7.8717,1.7844,-5.8265,-0.4946,7.8263,4.9794,-3.3539,-3.4408,6.5598,6.4453,8.1965,9.1699,1.639,2.1522,-2.7299,-7.5663,1.7985,-6.1765,-7.7662,4.6309,-3.6829,1.4909,9.3383,-9.3734,0.9009,-2.2063,5.0647,-6.1779,2.1152,-9.0278,-8.0995,7.4056,-7.375,-5.738,-2.8684,7.5229,-0.255,-2.0268,-0.7281,4.7925,0.3775,-5.384,-8.4826,6.161,-6.7662,9.4252,-3.733,7.7846,5.1113,-8.7031,-2.7502,-6.2583,-5.6664,2.7683,-2.2835,-8.2515,-7.8951,-7.3499,7.4875,1.7368,-2.1872,4.1112,9.9304,6.0966,-3.7682,8.1095,2.8404,1.0671,7.6151,8.6442,-3.8697,2.1603,-8.7513,7.4922,-3.3615,6.3919,-3.9035,8.84,5.7011,-2.6702,1.1561,-8.9655,-4.1094,8.3824,7.0043,8.3631,-8.9541,3.6796,7.4477,2.7743,-6.2863,-4.4428,6.0131,-6.9974,5.88,-0.653,-1.0646,-3.1524,2.6748,2.6672,2.0885,-1.0442,1.15,5.7792,-4.6901,3.3976,-7.2553,3.3802,-8.2276,-9.2775,-5.1242,-5.2513,1.5141,-7.4382,7.9648,-5.4807,-9.4743,2.6002,-7.0543,-3.9784,-5.0688,-9.035,3.1395,6.0028,1.099,-3.0457,-1.1045,-9.2602,7.6941,0.0228,-5.9434,9.3888,-9.4501,0.4951,5.8849,7.9052,5.0229,7.6445,-9.7896,8.7967,-2.1009,-0.9722,8.5616,-4.2811,9.561,1.0332,-5.5934,0.654,-4.135,-8.941,5.1176,-1.6335,6.279,-1.1248,-9.6168,-2.8378,2.04,-9.7942,1.6215,-8.6013,0.7982,-5.0755,1.8762,-1.3177,8.4262
-2.0447,-1.3479,3.549,6.8078,4.8977,-6.3898,-0.5889,-7.9409,-9.7288,6.7577,5.7699,-9.5503,5.637,-3.9043,4.5315,-6.7768,-9.3902,-3.0764,8.2053,-4.2361,5.157,-1.1506,-4.9793,-8.08,-9.0838,-9.5211,-6.8566,7.3803,1.4732,0.1891,-8.9695,-5.7448,5.5699,9.4101,3.6649,-1.3849,7.4111,-4.2485,-1.1713,-9.5623,-3.0964,0.039,-5.3253,-2.7416,-2.8549,8.7874,-3.3844,8.234,-7.1744,-5.4289,-5.9331,-6.5327,4.3477,-6.4539,-2.5494,-8.6187,-2.5888,1.5208,-7.3204,-1.2443,-8.5398,-3.6665,8.226,-2.6678,-9.2989,-3.3087,1.0281,6.3512,-3.4315,-0.4191,6.8029,-3.93,-6.7049,-4.4628,-6.9266,2.9093,4.583,2.5358,9.9116,-6.2983,-9.3472,-8.4967,8.1947,8.0988,5.2081,3.6349,-2.7878,-0.7468,7.2358,5.2591,7.8286,3.1888,-1.4466,-9.032,0.7556,-7.0452,5.3885,-4.0812,-8.4268,8.3826,-1.6415,7.0699,0.6787,6.5659,-6.9505,6.4616,6.1821,8.7071,-4.3847,-0.9604,-5.4982,2.5377,5.4251,-1.4523,-8.944,-8.0191,4.4228,4.5699,-0.3123,-5.4101,7.9956,-3.347,-0.3786,-5.3783,-2.2325,-2.9089,8.4436,-4.7879,-7.76,7.7719,1.661,3.4356,-7.9689,9.4477,-2.545,-1.3626,-8.5475,9.6143,8.9177,-9.0743,-6.1519,5.6046,-9.1594,-2.5581,-1.0766,6.9831,5.3946,6.1349,8.3697,7.0636,-2.5057,-9.8861,9.2922,2.5746,-2.3431,-7.4144,-5.8906,4.0001,5.765,-8.7805,1.5337,-5.305,6.2837,7.9689,-7.1145,7.3191,-2.558,-3.3617,-2.459,9.037,8.1032,-4.7206,-6.5973,-7.5751,2.4606,-0.3076,1.2075,-5.0495,3.9136,-2.7019,5.4609,9.2137,5.0741,-8.4387,6.0284,-3.3209,-6.1883,7.5378,-5.9202,7.0504,8.1074,1.3455,2.7627,1.664,7.186,1.1095,-2.117,-9.3167,2.3633,2.3368
-5.4566,5.0421,4.9592,-8.1078,-0.8019,6.5353,-7.136,-9.0833,-3.8831,1.1846,6.8487,-5.2474,4.2916,-9.6853,-1.0306,-9.2608,2.529,7.5355,6.3991,4.7488,-5.79,-0.2631,-9.2609,0.1265,2.1292,-5.7294,-8.5998,-9.7961,-1.2498,-5.0344,4.4254,6.568,6.2858,-1.3359,5.5069,-5.3111,2.6561,-7.2273,-7.0883,-8.5394,8.1295,-0.7483,-1.6361,8.2906,-5.115,-3.0484,6.212,8.7094,-4.1768,3.0332,1.3564,-5.6663,-4.183,9.8144,4.5919,7.9923,3.2986,4.3471,-9.1439,0.1948,-7.7922,-6.5096,2.9116,5.4065,-4.9994,-0.2266,5.9781,7.524,0.8824,2.2393,1.0199,5.8882,8.8374,-8.6913,-6.4746,8.1921,-4.2807,8.1074,-9.315,1.7458,0.3009,-8.2278,-5.9106,-2.0269,0.6748,0.4644,-2.1951,-3.7072,1.5891,-7.2455,5.1571,3.7447,9.8436,-4.7731,-9.3205,7.7962,-0.8065,-6.1726,-9.9968,0.6176,4.4716,-7.4448,4.1905,-6.7076,5.7692,-6.8518,7.4715,-9.3131,-8.7493,2.5845,3.0482,-2.7166,-9.0556,6.6929,9.8017,7.4665,3.1368,-8.4009,7.6314,8.9624,1.5149,8.1415,-0.826,7.4586,9.5426,-0.4688,4.2919,-3.8047,9.4751,1.6237,-1.7685,-6.8586,2.8733,5.8945,-7.9603,0.9842,-8.7272,-8.973,0.0029,-3.3462,-2.7735,6.7412,5.0593,-1.3941,9.9883,-9.6073,-8.9006,-1.466,-9.7465,2.6354,5.4228,6.7735,-0.7034,7.2133,0.7712,6.1585,-3.9445,6.9364,-3.7798,-1.2511,5.2694,8.4578,-4.2926,9.3191,4.318,7.7293,-0.6501,-9.0797,-1.4222,4.1677,-5.3883,7.045,9.0048,9.4623,-1.5761,-3.644,9.1181,-4.178,-8.7097,4.5244,-4.6291,-7.1339,8.9961,1.8414,1.0117,1.155,-9.3287,8.1172,-0.7723,2.5172,4.4892,1.4113,-7.4472,4.4323,1.7867,4.8416,-1.3578,-7.1975,-1.8962,5.152
-8.3127,2.8675,-3.4394,6.0829,8.9254,-8.9766,4.6556,6.5324,-4.4271,9.9592,1.4805,-1.3861,1.0367,4.7581,-7.559,7.6895,-7.6216,7.0803,9.0127,-3.2933,-0.9963,1.7441,5.4653,-4.5836,-9.3601,-9.8233,-7.7331,0.0507,2.031,-0.5328,-2.4875,-8.4785,-9.283,4.5128,8.6244,-5.1595,-7.917,-7.0679,1.7108,-9.0704,-3.177,2.0171,2.8332,7.5061,8.0193,5.0965,-3.6689,9.7336,-6.5954,4.9962,-5.3202,-0.6373,-4.7844,-9.9029,-5.565,1.0966,3.6871,7.8844,7.0742,6.1231,-8.6693,-3.1997,-4.1841,-4.1125,-5.8009,8.0974,7.4727,8.8546,-9.3242,9.5208,-5.9427,-6.519,1.3716,8.9312,3.1812,-9.2312,9.9159,0.0804,-9.7465,-5.7892,7.6739,-6.9379,6.6441,0.4173,1.3894,4.149,-4.0486,5.3986,-3.3132,6.7286,6.5962,2.0411,6.1217,-8.2485,1.7284,-8.6963,-7.3827,9.4724,0.0131,-6.3616,-9.7534,9.7469,-9.0603,2.6952,2.9219,-6.9029,9.6703,-4.5625,-6.6031,7.128,-9.0125,-5.2834,7.7248,-5.8096,-0.8655,-6.229,-5.313,-0.5284,-6.1013,-8.8252,4.6619,-4.123,-9.4494,7.1993,4.6482,3.483,7.6919,-2.7244,7.2883,8.4068,6.3829,0.7491,0.446,-9.0704,2.1029,-6.8963,7.2267,-9.2002,8.6977,8.1984,-0.7786,-7.2291,1.4072,6.9798,5.1614,7.2385,-8.4379,-5.1923,-6.6186,3.2776,-3.9454,4.0185,4.4784,2.1919,0.0998,2.2576,-9.6489,-7.974,2.9606,6.6595,4.3815,-9.8234,5.2287,-9.6487,-0.9744,-5.9375,8.0281,-8.8609,-7.2789,-2.5358,9.3749,7.1721,-1.8029,7.5265,-0.4238,-5.5126,2.4487,6.0247,-5.6175,7.9543,-3.8563,-7.4976,8.0987,5.4948,-0.9563,-5.6519,1.2248,5.7948,-1.8562,-4.5784,7.0801,-5.3538,1.4388,5.5428,-7.7332,8.8679,6.7237,-0.0111,6.9701,-7.0232
-7.8974,-5.2162,8.3857,0.3216,-3.0373,-7.0753,-9.1401,9.3645,-9.0919,-8.3901,-4.0187,-0.9213,-7.1099,7.6502,9.3562,-8.934,-4.467,0.9363,2.7822,-0.5842,-8.4739,6.1321,9.9821,-5.8326,-8.3489,4.6068,-9.1098,2.5899,6.2904,-2.4285,-7.8143,-6.206,3.2963,-7.6895,1.2321,9.865,-3.5799,2.1647,-0.4442,-1.1627,-3.4501,4.6289,6.8197,5.3057,-2.437,9.6503,-6.7553,4.0889,5.3291,-5.6799,6.3667,-3.1087,-8.3471,0.8791,4.9535,-4.4886,-8.1306,-5.0645,-0.3748,-8.6138,6.7259,7.098,-7.1178,6.5294,-1.2729,6.3363,-6.3254,-7.4914,-4.8931,-8.9462,-7.9913,4.7086,2.8173,-7.4052,1.2683,2.926,-2.1206,1.0467,-9.7879,9.8915,1.844,-7.981,-9.5088,-6.3218,7.1842,-7.7953,-1.9926,0.0003,8.2703,-8.5722,2.9346,-1.7381,1.5913,4.5443,-2.2379,-6.5075,6.1223,6.192,-9.6544,7.3647,4.084,-4.8254,-6.4839,-9.0382,0.1787,-6.132,1.9831,-4.157,0.5494,-8.9961,3.3266,-7.679,5.0447,9.3365,5.3953,-6.3223,-0.2562,9.0928,-2.2613,1.7721,-3.2777,5.3288,-4.1274,3.6836,-9.9699,5.2943,5.3128,3.2131,3.4025,6.4627,-9.754,-7.8637,-8.3427,-0.9538,-9.0566,1.0039,2.452,-7.3676,5.1995,2.3755,5.0559,6.0577,5.6837,8.5374,5.4035,0.8246,8.0113,7.9503,-7.7957,-0.8503,-5.164,-3.3355,-6.9481,5.2619,-1.469,-1.9734,-0.3015,-8.8541,9.9344,-0.4268,6.2999,9.4228,-2.1586,-6.5173,-4.2969,6.2497,4.1504,-2.3537,7.2584,-3.8994,8.1694,5.8386,-8.0257,-0.1055,-5.0972,-6.0542,4.1482,6.9383,-7.9463,-3.2357,5.7105,6.9584,-8.1146,2.3731,-5.5863,-0.5596,2.1674,7.6562,-8.6967,-2.6689,3.7792,4.2176,7.4011,-4.06,-5.9236,7.5214,-4.5937,-8.1243,4.9483,-6.1644
5.2869,1.6369,-3.2201,-2.4686,7.7113,0.1312,3.8528,-9.8951,7.6867,-3.7116,-5.4633,0.8302,9.1055,1.5181,-0.4775,-8.8528,0.8083,7.9615,-2.6497,-6.3241,-1.558,1.7052,5.1382,-9.0759,-5.1804,9.3232,-6.7083,-3.2696,8.3784,-1.6392,-6.7935,0.2737,-0.6498,8.073,0.9522,-6.9084,5.5641,-7.7965,-2.9551,0.1207,7.1219,4.5605,-8.9594,-0.608,2.8311,-2.6228,-3.0627,8.5421,3.1389,5.2603,-9.8363,0.4589,-2.1397,9.1843,-7.9397,5.0239,8.0827,-0.8275,-0.5876,9.8262,-5.0284,8.6018,8.0042,-6.4348,2.9874,6.579,-4.2505,-3.2414,9.6532,8.2377,-1.5579,1.2083,2.0984,-4.087,-4.6268,-1.1541,-2.4144,8.3491,5.7649,-0.4677,0.0634,-4.4357,2.6662,8.0185,9.2523,6.3042,1.8436,9.7973,4.6502,9.762,5.8761,3.7361,6.7252,-7.0801,3.5084,-5.0098,-1.505,5.4936,-3.7478,5.3126,5.8568,6.5708,1.3723,5.3786,-9.5928,-7.6372,-9.8386,-3.1868,-9.2292,9.6527,5.7581,0.3453,6.8734,-7.2964,-5.2702,-0.0252,6.8482,-4.9791,-6.0133,3.1619,2.7766,-0.0289,-4.3906,-5.4741,7.1667,-5.2793,-7.4968,-6.9506,7.4772,3.1137,-7.4753,-2.9792,-5.9976,4.5495,-0.2047,-1.4589,-9.5005,4.5414,-4.7844,-9.3568,-2.8046,1.3175,8.3408,8.0791,6.1857,0.0095,-2.7159,-3.3542,3.8983,7.7741,-0.7739,0.7828,-0.0534,-9.2853,1.8079,7.4898,7.1017,-5.5888,9.5655,-1.9541,-3.2606,5.3062,-6.7986,-1.9066,2.556,5.0886,4.1061,-1.2726,1.3765,0.7043,-4.1417,2.3599,-8.68,3.2505,-0.2153,-6.2054,2.7993,7.6363,-6.8093,-1.4345,-5.0541,7.3298,6.0933,0.7534,0.4499,1.6886,-8.0407,3.4694,-7.683,-2.0015,6.8603,-3.0746,9.8658,9.868,6.8757,5.5486,-8.4122,0.9027,-9.9969,-0.7865
-1.1719,-9.691,-4.5918,-5.2212,-5.3551,9.2618,-7.9653,-3.6488,7.9034,2.6756,2.2316,-9.7383,-8.4218,0.4876,1.163,-4.1015,8.0941,5.0558,-4.392,3.3543,9.4,-5.1146,5.4226,-2.5733,-6.9014,-2.4273,-2.5368,-7.5278,7.2298,5.222,-0.482,-8.1377,0.922,-4.954,7.2127,1.7914,-3.6225,2.6954,5.5193,-3.5417,-4.927,0.2375,-6.7743,2.2601,7.2443,7.7777,-2.5781,2.7715,2.6344,0.9646,2.0287,-4.5399,6.6435,0.3449,0.1488,-3.3948,-5.8981,-3.4455,-6.8705,-6.7233,-4.8518,-2.3321,7.0718,-3.8477,-9.3178,-9.6069,-7.1593,-7.0018,-2.119,3.1065,6.3445,8.9772,4.6288,4.5079,-1.125,9.3061,5.7246,2.9431,1.2683,2.9226,0.9979,-1.378,-0.1966,-5.5528,8.8404,-4.8704,6.9145,0.5378,-4.0605,3.9159,6.9893,1.5483,-5.1976,-1.9073,6.2017,6.7953,-2.7224,6.2512,-9.7252,-7.0159,-9.4276,-4.8588,8.6008,-5.4329,-8.2534,0.0543,0.1242,-5.159,2.0095,-9.2779,-6.3185,5.9955,1.533,-2.9151,-1.8533,-0.3474,-0.2744,0.0826,7.619,7.1571,-7.5701,6.0974,-4.8657,-0.4004,-1.8389,5.2742,9.1285,6.2325,-4.3405,7.3238,3.7435,0.1981,5.316,5.5934,-0.7702,-7.7994,4.2595,9.2573,-3.6534,3.4834,8.995,-4.5681,-5.0452,9.2631,-5.5321,7.9035,0.9539,-4.5044,1.0713,5.9303,6.532,-0.2577,-7.9883,5.5477,5.0716,1.0899,-1.6181,-8.0727,-4.2365,-0.6843,8.4345,9.5879,1.3139,-6.1043,0.0116,5.0408,-8.3865,-0.3433,-5.3471,0.1816,-0.2423,0.5093,1.846,8.6305,-5.2763,1.6775,5.6299,-1.5427,-5.7959,3.7494,4.109,8.196,4.7218,-8.7729,-5.4399,7.6215,3.4616,-7.6716,-3.2079,-9.148,-2.3253,-3.5889,-6.3007,-5.2889,4.4419,4.7744,-9.7417,-6.5879,-5.9189,8.7525
6.4085,-8.1287,-5.3937,-1.6476,3.9002,8.0544,-3.2148,-6.4859,-8.1955,-5.9039,2.4131,8.6343,8.6076,-6.7286,-6.8069,-1.1933,9.1797,9.153,-1.1813,4.866,-7.1569,-3.9741,-4.5327,8.5645,5.4604,-5.5357,2.3029,-9.4572,-3.378,0.1916,-0.2366,4.7438,-8.4142,5.8812,-0.1033,-0.525,-4.1637,3.8461,3.6456,1.1266,1.767,-7.0761,-4.4013,-5.575,0.242,-9.9333,1.4695,-0.6165,5.7195,-7.57,-7.7876,-0.08,-5.1344,-3.9534,-8.4041,-6.236,-9.2144,7.8547,-5.0231,3.1592,2.5735,4.2369,-0.4553,-7.391,0.0188,-8.1172,1.4076,-4.7966,7.1192,7.7445,5.8546,-3.3552,-4.1386,-7.3567,-6.6498,4.8187,0.1283,-7.4241,9.3208,0.55,-4.2349,6.9869,-2.0467,-8.1524,-6.9986,-4.5951,-0.8582,7.1907,0.089,3.232,2.8631,-8.5056,-7.983,-4.0112,-6.6077,-6.5608,-6.5779,6.357,-8.6466,-7.1526,-3.0471,-4.7586,9.6574,-9.9724,-6.5826,9.0314,-2.2861,-1.9947,-7.4697,-1.7251,5.6247,9.7271,-9.9491,-0.2168,-0.5444,2.8587,3.3178,7.7234,7.3418,9.0561,5.3379,7.7621,2.0653,-6.1185,8.4826,-0.546,0.5821,7.1719,-7.5855,-5.9336,6.9514,-8.5194,-8.4308,0.1859,-1.7913,9.219,-9.6042,-4.6082,-4.2148,4.0922,-3.8696,-4.5475,-9.3246,9.6939,-2.1077,0.4524,-3.2256,3.0579,-4.0102,2.5973,9.5835,-6.8432,-0.0724,-6.0969,-0.1643,4.5173,-6.4806,-1.127,8.8025,8.4652,-6.28,-6.7589,2.6047,4.791,-3.98,-8.0168,2.0997,5.6996,9.094,-0.422,-0.8483,-7.2553,-4.8636,-8.9645,-5.1754,8.1947,-3.1213,7.7477,-1.2225,6.1062,-8.0181,-1.2873,6.5298,0.8324,4.7447,-8.7722,5.5671,-2.3618,-3.4455,5.8466,-3.5694,9.1447,3.0974,-2.4025,-0.2488,-8.5204,4.3497,0.7867,1.6497,-6.776
9.9471,8.7526,4.8558,-3.4831,-7.5462,-1.0595,-0.558,-6.0813,3.3746,-4.3197,2.2193,-1.6116,-4.3296,-6.4277,5.0117,8.3524,-8.8658,0.8172,-1.9179,2.8848,3.4894,8.9053,4.4055,0.1669,1.267,-3.8531,1.3152,-3.787,-4.9132,6.8357,7.8871,-8.0154,7.2111,3.9207,-9.7752,0.1398,2.9233,-5.0627,3.1865,3.8547,-1.8321,-9.2896,9.4231,1.9149,9.8828,1.0418,0.3799,-5.1756,0.3652,-3.3652,-6.4508,-1.5479,6.1208,4.767,5.9483,-7.6132,-4.6279,1.3122,-6.7838,0.5798,-6.4839,9.8146,4.808,2.0691,2.4669,5.7269,-3.9746,6.7408,-7.1761,-2.2249,-7.2719,1.5267,-4.8466,3.9361,0.6163,-1.2143,-2.8696,4.7747,-9.4217,1.6934,2.563,7.8078,-3.3136,6.2905,1.4235,-9.4925,-2.7957,-5.6628,8.4215,2.5062,-0.0695,-3.4054,-5.0775,7.5953,-8.9939,-2.4433,7.8628,-6.1205,-1.5809,-3.9969,0.3054,-9.1987,9.0177,-9.0081,-3.9828,-2.1112,3.7855,-0.7985,-6.3268,-1.8934,9.719,2.5973,-4.285,9.8336,-6.6409,0.8094,7.8312,-4.8286,-5.725,3.9527,1.0469,9.6137,-6.0187,-9.5945,-2.4645,-3.4893,-0.5164,6.3886,-5.8349,-6.901,-0.5141,-1.8597,2.5049,8.6858,2.5836,2.1454,-5.0821,-2.2132,8.1325,1.8674,0.1858,-3.6099,2.2461,-1.7631,8.2475,-1.7482,-5.999,9.6903,2.2536,1.9319,-0.2601,8.8774,-4.6554,7.9302,-2.985,-3.484,-0.3417,6.2967,8.5445,-7.4827,7.0713,-6.7891,8.2084,6.3144,7.5701,-0.3031,-6.3449,0.818,-5.0979,9.6321,3.6219,-7.8964,2.7397,-4.3458,6.1222,-7.9525,1.9871,-7.5557,0.8836,9.2014,9.0748,0.4926,-0.2121,6.4153,-7.4516,-9.7976,9.4363,3.1225,-6.8373,-7.4186,9.9039,0.0677,8.1883,1.4136,0.876,-4.0454,5.0747,-7.8586,-7.701,7.6674
7.7569,4.0066,-1.1089,-9.2289,-5.6433,-4.1376,-3.3619,-6.1968,7.7792,4.295,7.5498,-9.8235,3.5647,7.2917,3.8695,-3.391,1.4416,-0.6826,4.5771,2.4183,3.1981,-0.0882,8.4274,7.1039,4.6448,-7.143,-2.0892,-5.0282,-2.1791,5.6288,-1.0641,6.0048,8.7742,5.5224,-8.6399,-4.5265,-5.9658,7.2472,0.4519,2.0925,-3.5634,4.0643,-7.1074,-7.8443,1.4838,1.4736,1.5863,-5.4905,9.6091,8.3108,-2.6598,-8.1756,-7.2071,1.2736,4.6788,-1.1747,-3.3318,-6.7949,-8.0363,3.225,-1.8323,-3.4057,-3.6103,3.049,7.3141,-7.9105,9.9815,9.7984,-7.3282,-6.9612,0.9732,-8.389,5.0116,4.0587,1.9062,2.9815,-1.9123,-1.1238,-5.2244,-5.2493,-6.6206,9.331,2.1068,-3.453,-9.7877,-2.141,-0.5604,-6.9933,-3.7021,0.0628,-4.0206,-3.5871,-5.1965,-2.6213,-6.3742,-5.9682,3.795,-4.6902,-1.4637,-3.3628,2.8587,-8.3489,-4.4034,-0.5155,-7.9281,9.1757,3.8646,-3.2528,-3.0849,-4.5349,-1.4498,-2.4937,6.9331,7.6997,-0.3557,4.969,-3.1522,5.2196,-8.3068,-8.3607,-2.3374,9.3639,-1.1509,-7.1925,8.6009,5.7491,-7.7421,5.4515,-1.3669,9.4237,7.927,-3.6351,-2.159,-5.9736,-0.2853,5.2421,-1.9111,2.8943,-2.2631,9.1921,-5.9568,4.4361,-2.6009,-7.3268,0.0466,1.9742,-6.8091,-7.06,-3.1216,-6.1411,5.8836,-7.9445,-4.4183,6.0615,3.3844,9.0692,-4.3267,3.0284,4.1321,-0.523,3.1433,8.4783,-5.4097,-2.0348,3.8608,-2.9091,2.0215,9.0975,1.9672,-1.801,-2.1783,-0.4604,-4.4101,0.1434,3.0787,-6.2919,6.5767,9.936,5.5385,-6.3958,-3.9404,-4.6199,3.9149,5.9453,-0.8482,-5.9625,-1.3979,-3.283,-4.712,-5.8196,-5.2941,-5.7325,-8.8385,6.9305,2.6316,4.2795,-1.0012,-3.2758,1.9868,-5.1461
-6.008,-1.5793,6.59,1.9003,6.8182,-0.5276,-3.2694,1.6696,1.5207,3.2691,-8.7951,-3.7758,-6.1466,8.9749,-7.3351,-2.2788,9.7016,1.3094,-1.7697,3.0718,8.2677,0.9975,9.5142,-6.4121,-3.637,7.7867,-5.5535,-7.7406,6.1454,-2.2648,-3.6039,2.511,8.0178,-0.1458,8.2077,5.1303,5.7613,-4.915,-3.1257,4.8407,-0.4449,9.6795,8.1532,0.8271,-1.4108,2.5102,-7.4829,2.7209,-4.0396,5.2675,8.1765,5.4494,3.4885,-3.3533,-5.5979,-1.0498,-3.8277,9.078,8.6643,1.8569,3.0153,9.8542,-4.9984,3.5916,1.4585,6.1318,9.2614,4.6854,-3.5622,-9.5483,4.9324,5.367,4.4475,-8.6995,-4.8388,-1.1667,-8.9233,2.1376,1.7029,3.7575,-2.5168,-7.1855,-9.1234,5.0013,0.6925,3.4523,-5.3913,6.8967,-2.9122,7.2807,2.1186,-9.9184,5.6765,-6.7255,1.1149,0.4543,-5.2804,6.3737,-8.9956,9.4419,-4.9465,7.4758,-4.8397,1.3214,-2.1812,-5.6807,-6.7725,6.0608,-9.3363,-5.9477,-7.5898,-6.5479,4.4874,3.7437,-9.4873,8.8559,9.0253,-4.5859,6.1018,-4.7983,6.158,1.105,9.3201,9.9902,7.4124,9.4025,-6.4148,8.5724,0.6875,7.4621,6.2168,6.5839,-6.3008,-7.1195,2.7181,1.7453,2.8446,-9.786,8.495,-5.3515,3.5264,8.8773,-2.0613,4.3292,2.0447,-2.3142,-7.1645,6.5838,-8.8312,-9.6735,-6.6129,-4.4212,-3.7694,6.3469,4.1421,1.7731,4.1214,-1.6155,7.7388,-0.1526,-8.8222,-8.0088,9.2595,3.5049,-2.6109,7.3324,-0.038,6.2556,-3.1774,-1.5633,6.8398,-1.3077,-0.112,-6.5222,9.9322,-5.0634,0.1915,0.0918,2.9304,1.7412,-3.7584,7.3857,1.5654,1.4607,-7.3838,-8.0657,9.615,7.9998,8.1028,-4.9342,7.4751,8.0346,-2.7286,0.5005,5.0818,-2.1222,1.643,3.3289,-8.7879,-1.1987
6.014,1.0158,-9.8985,-1.6045,0.4222,-3.7181,-5.9497,-0.3806,-1.6375,7.5679,8.8651,-4.4789,0.5675,7.7378,5.8654,-5.8632,-9.0593,-2.9483,-6.9744,-5.5332,9.1125,-3.6708,3.3812,3.789,-2.4572,-6.2639,-2.0231,3.7691,-9.7355,0.6724,-1.1765,7.5846,2.5437,3.1712,-5.3919,-7.5577,-7.87,-0.6261,1.5249,9.6023,0.8175,-6.5644,6.072,-1.9303,-0.9614,-5.6219,-9.6976,-6.3983,5.7752,-0.8638,-2.7824,-1.872,-3.4428,5.887,4.4839,3.8337,5.1745,7.1817,-1.3412,-8.0233,4.6569,-0.9359,-8.1232,9.2845,3.135,-1.0546,-0.08,-2.6569,6.6381,0.7708,-2.6933,-2.1374,4.615,-1.5724,4.6276,5.9479,9.9727,7.7004,1.0907,-6.4899,-9.2371,3.036,9.8248,-0.5125,-9.7612,5.7188,-8.6585,-7.819,9.5062,7.8264,5.0514,6.8764,1.5881,-5.3219,1.7018,2.7158,8.6526,-2.9972,-9.4595,9.9061,-4.1378,-3.266,-9.02,-9.637,8.6266,-0.3851,-0.7635,-1.5497,6.3803,0.3252,2.7297,-3.2757,-4.7966,5.1252,-5.6473,-1.6209,0.9612,-2.5105,1.3758,9.9003,5.6898,-3.4527,-3.5945,3.3734,-2.3278,0.3883,0.1106,0.2477,-1.8223,-6.4234,1.8637,-2.2915,-1.7757,-6.2,1.9872,-0.7774,-2.1731,-5.3214,-3.0639,-3.6821,3.1374,-9.8791,0.4906,8.0204,8.3239,8.9707,-6.5902,2.2694,-6.548,-2.4235,-8.7124,0.6515,4.6206,0.1769,-8.0553,-7.5697,3.6779,9.5326,0.8552,-3.7573,-5.1665,-3.6443,-3.3736,-9.0547,-7.4738,-0.6814,-6.8199,8.2791,7.5737,9.9085,7.2404,6.2347,2.3196,2.3057,-9.8836,-5.0016,-3.6077,-0.2577,-2.8351,-2.0898,7.1304,5.8233,9.5576,-0.9834,-6.4224,5.8215,-0.8401,-0.2828,-7.287,7.5938,-1.5072,-4.2859,2.4927,-4.0628,8.7426,-9.7039,5.0514,-3.058,7.4158,-0.7766
2.0742,-0.3905,8.9028,-0.643,2.4109,9.3019,-8.2862,-3.6519,1.8222,-9.4746,-3.9756,-0.45,0.8565,4.4357,7.4103,-9.1506,4.0625,1.9836,-7.6252,-5.4302,-7.6585,-6.1693,7.8129,-3.7985,-2.5248,7.7753,6.7497,-2.2273,4.9035,-0.5126,-1.078,-0.3993,5.1906,1.0832,-9.2559,-9.8823,-1.8551,-0.8287,-1.4111,6.7013,-4.7114,0.6481,4.9254,6.4002,9.2792,6.9518,-0.1854,6.7666,-4.6142,-8.9196,-5.5603,5.3582,6.5734,8.0314,3.4515,2.0848,-9.7732,4.8159,0.5854,6.4045,5.0406,4.9961,2.4331,-7.505,-8.3865,-7.6945,3.2547,-1.2915,-6.7206,1.1986,-8.8854,-3.726,1.4786,-0.9675,3.3384,6.1621,6.385,-5.3534,2.2638,-2.3115,-8.1377,8.3697,-5.3267,5.6598,5.9494,9.2201,4.9986,6.9413,0.414,9.9895,0.7694,-8.1331,0.1254,-0.0218,8.1602,2.8774,-0.638,5.5267,1.4817,0.054,4.6779,7.1797,-1.4661,-4.4901,-6.7101,-8.3972,-4.8176,3.103,-5.6894,-9.4386,-7.1427,-9.9311,-1.0423,-5.7685,-2.3055,2.501,8.011,-1.1249,9.3802,6.8366,-4.4664,-1.2771,-9.2096,5.6184,-2.7012,4.4004,-8.7521,-5.624,1.4781,8.3749,6.5966,-8.6916,1.1394,2.0367,4.1721,3.0581,-0.2732,4.2327,-6.8172,-5.88,8.2726,-6.0394,-8.0823,0.0992,-1.2874,-1.8505,8.1211,-7.5971,9.5301,-2.8383,7.7693,4.7631,8.5115,-7.655,8.029,8.4251,3.4915,-3.3275,0.0436,-1.9726,3.5673,8.1695,5.1336,-7.2606,-5.2168,-8.255,-2.6219,7.2392,4.8489,-8.8767,-3.8466,-5.3872,0.9274,5.3677,-1.1461,-8.6435,-8.3131,-8.3005,-3.3017,1.3767,-8.9504,6.3418,6.144,9.4279,2.2528,2.9661,-9.9699,3.3793,-4.2069,-1.5115,-6.3661,6.2753,5.552,-0.3388,-2.6935,-3.8848,-6.761,-9.1217,-6.4404,-2.842
-8.2887,-5.8897,7.4031,1.5701,-8.2512,6.9148,-8.0974,-2.9496,-2.6893,9.2942,-8.0769,-9.0133,-8.0778,9.5081,8.8786,-0.2298,-0.2519,-1.4132,-7.7382,-2.9224,6.6019,-4.2941,3.4905,-5.074,-3.1151,-2.6146,-5.1494,-4.8081,-9.2602,-1.6591,9.9403,9.638,-6.3515,-8.6021,-2.2053,4.1124,4.8234,-4.0224,-4.3613,5.8701,-1.5384,-3.4572,6.0494,6.0018,9.5544,-0.8377,-0.1755,2.2361,-3.8646,-9.4147,-8.2747,-8.8171,5.9014,2.7669,-4.1047,0.2741,8.9135,6.73,-0.5626,5.0052,-6.292,-1.8431,-2.0164,-3.0875,-8.6526,-1.5794,-8.5634,-4.7261,-9.5878,-7.8054,5.8521,9.8497,2.9424,-2.729,0.2829,3.7074,-6.9802,6.1631,-0.7804,6.7035,-9.9936,7.7096,5.165,1.3857,7.5815,-0.9207,-5.7407,0.489,0.7766,-4.2418,8.0116,-7.2638,6.0548,3.9374,4.4513,-6.9963,-6.6738,-2.9852,0.6935,-9.7546,8.6651,-2.8154,-0.9792,9.8178,-7.8097,-1.3916,8.0306,6.2684,8.1074,8.4485,1.2816,-4.0406,7.4119,9.5265,8.0707,1.6897,-8.9405,-3.5253,-8.3757,-6.1584,5.1493,6.3708,2.1548,1.4925,-2.2472,-7.6263,0.9966,5.276,-0.2251,2.9588,-4.7219,-9.3266,9.3021,9.0099,-5.3357,5.8312,-0.262,-9.7677,0.4378,-3.0326,8.4341,3.1481,4.4998,8.5698,-1.0653,-0.7442,-2.5577,9.9807,-4.5579,-9.2284,-5.5759,6.5002,-2.9113,5.8262,-8.824,-8.2339,9.3065,7.6319,-1.9366,-4.0025,9.2778,-3.6917,-8.4399,5.9841,-0.9477,-1.9731,-0.6196,3.7882,-1.6354,8.6979,-2.6473,-1.0198,5.8559,2.3909,5.6945,-4.5116,-9.2357,-7.7751,3.0177,5.6958,-7.7975,-3.7138,2.7307,7.612,-1.7982,3.2334,5.4665,-7.6812,-9.6253,6.9117,4.4384,2.5689,7.4777,1.5859,-8.6866,-9.6513,-5.9663,-6.1481,-0.5681,-5.8565
-5.7661,-1.8294,8.1294,-9.8857,-2.4692,-5.5738,-7.8508,-4.6379,-3.7096,0.4701,-5.7016,-5.3222,-4.4868,-6.9334,9.566,-7.4261,-3.2429,-4.8154,-0.0923,-8.2659,-6.7023,-0.3694,5.2278,2.1845,-3.2421,3.1723,-8.3114,-0.5787,-0.0931,9.7316,-8.3593,0.5651,0.4533,-5.2926,7.8719,8.7814,8.1497,3.306,-7.4109,1.1133,0.3241,-0.9504,8.936,0.7121,-6.6364,-6.8435,1.6656,-5.4682,-1.1784,9.7915,6.8846,0.5459,-6.5201,2.8299,-4.2204,-5.762,4.1925,4.4932,-8.3588,2.2532,6.0843,6.0806,1.7066,4.9691,-1.2631,9.3782,-8.4233,5.75,-5.858,-8.2752,-4.1401,-1.8967,-9.1272,6.0671,-4.8854,9.992,-2.4425,8.4359,-1.3579,-6.255,5.3061,9.3335,9.2488,-5.1693,8.3137,3.9543,7.4977,4.8277,-3.1898,-2.0276,-8.2483,6.7834,2.898,7.8168,-4.0887,-1.0667,0.3302,-1.3301,5.9352,-3.6367,-0.2697,-5.2506,-0.7542,-6.2904,-4.7552,-2.2268,-9.6703,-9.7372,-8.6806,-9.0426,6.65,-5.2319,-5.8187,3.2412,-4.2905,4.2216,3.2538,-6.7301,2.7336,6.0901,0.0206,-4.8124,-8.4663,1.4688,3.5375,2.6456,2.9989,-6.0121,-9.691,-5.2388,7.6466,2.1423,7.4975,-1.8549,9.3753,-9.066,9.6611,-5.805,-6.0739,4.6646,9.6172,4.9967,5.3292,7.0514,3.5838,-7.7777,-8.4502,-2.2858,-5.9148,-5.5665,-6.5289,-8.2026,-8.2129,0.5526,3.4874,-6.0744,7.6861,2.4965,-7.5556,-6.8672,-6.6825,-4.4819,-8.111,-2.3022,-1.2781,-1.5391,-0.3811,2.413,-8.7513,-1.7657,-1.0344,0.7417,4.7938,-2.7018,-4.604,-8.1355,9.7981,9.9848,4.1266,-9.8948,3.6059,3.9508,-7.1018,-7.9609,-5.0447,8.7136,3.9935,9.1884,1.6532,-4.1515,-4.3985,8.5634,3.0396,-3.9788,5.8701,-8.8799,9.0362,-7.934,8.8914,2.7572
9.0496,8.3424,6.0288,2.4829,-0.8273,6.9543,-4.3008,-9.5546,-9.0998,0.3554,-3.023,-6.7549,1.0441,-7.825,7.2854,7.02,-9.2134,8.1156,-3.4915,7.2422,-1.6412,-7.0112,-2.8724,-8.1897,1.471,-7.1134,-3.915,9.2663,-3.4509,-5.3306,2.4805,-6.6919,2.1227,-7.0648,9.7563,3.3558,-8.7854,4.8592,-0.9185,-5.3247,-6.9902,-8.7828,0.5609,4.1948,5.1863,-4.9549,2.8403,-3.0116,-1.6815,-2.3509,-8.1049,6.0492,6.6792,-1.0796,8.1119,6.6768,-0.9431,5.4797,1.8025,9.7976,-8.6281,1.7452,-0.0993,2.7188,8.4064,-0.9199,-6.616,1.7366,-1.531,-1.853,3.0509,-8.8456,-9.7184,-0.4327,-2.4805,2.2319,3.1863,5.7157,1.2115,3.7876,6.5353,-3.2696,7.4416,8.3767,2.5116,-3.2496,9.9606,-8.4777,-8.8981,3.4046,-9.1379,-4.4672,-3.3139,0.1511,-8.9862,-7.8837,7.1448,6.6357,-0.2327,2.6628,8.6385,-2.4848,4.5778,-9.4059,-4.3881,-0.3277,3.8445,9.9885,-8.2475,-5.4877,-7.242,7.4917,-9.0444,6.7794,5.7057,-5.8562,8.8726,-1.3823,7.1251,-5.8689,2.3209,-2.8485,1.6068,-1.9597,-6.5729,0.3581,1.3959,6.2925,5.8131,4.3345,9.7296,-1.4152,2.259,-8.1603,8.1839,4.2828,-3.6013,5.4611,-9.5307,3.5175,2.2764,-5.0931,-0.1075,3.9339,-6.0102,9.3753,7.8427,7.0099,3.6163,-3.9467,-6.8792,-5.5128,-6.3869,6.0835,-9.1323,-6.2212,-5.3841,-9.6331,9.2784,7.5966,-9.8196,1.5964,-2.7049,0.5893,-9.871,0.4603,-8.0863,7.8565,3.5887,-9.2524,5.5525,8.3205,-7.825,4.1938,-4.782,2.3445,8.4558,3.5326,7.4339,-1.3252,-7.4134,-5.6558,-9.368,8.3535,-5.4371,5.678,-9.5745,-7.8779,1.4564,8.1148,-8.4059,0.9816,6.2942,-7.5921,8.3575,4.8434,8.7753,6.9652,-4.8424,-6.1379
-0.4568,-4.3533,-9.4632,5.2018,0.4859,6.6403,-2.6015,-8.0324,3.9661,-1.8545,-1.7831,-7.4131,3.5345,-2.5698,6.5594,7.8922,-8.8436,4.1164,-7.2161,0.5846,-7.715,0.2462,1.6602,8.829,-2.6364,-1.4493,-1.2508,-0.2204,0.764,-1.0786,6.8709,6.1382,9.4203,6.4082,5.8997,-0.7813,7.4027,-3.6887,-7.8854,3.8077,9.6687,-0.8314,-2.9102,6.7789,-9.9696,2.4811,-4.4057,-5.7124,-1.7686,8.765,1.8562,7.2692,3.0675,0.6061,-2.7783,9.5873,8.7045,2.2526,4.0382,9.8816,7.4142,-5.279,-0.9353,4.6471,-0.662,-2.2187,-6.1112,7.2412,-8.4416,1.1744,0.8626,-7.0103,6.1054,6.9466,7.989,6.9215,-7.7994,-4.3527,-4.7115,-9.6965,-2.6494,-4.6342,4.8178,-8.168,1.9861,-7.145,-9.0512,-3.7908,-4.4206,1.3501,8.591,2.1458,3.6857,-7.3727,-7.3394,7.8074,0.5928,-5.3251,2.5335,-7.6867,-5.5766,-5.0998,-5.6056,4.2146,-1.3036,-1.7279,-3.786,1.8254,1.4926,8.8012,-9.6344,8.1497,-3.3262,5.6018,8.2975,9.308,5.5357,-1.5462,4.8126,-9.957,-3.1058,9.6652,-6.3213,-3.2724,9.742,-7.2847,-8.6875,-0.9937,4.8618,-4.7887,-2.129,8.4858,6.2396,7.6157,8.3077,3.5999,5.8685,-7.9001,-9.0996,0.7224,-0.83,-5.7449,-1.3765,9.6517,-9.574,-1.5247,7.9244,-9.9824,2.1319,-3.657,-5.2541,3.3421,-2.333,-9.0188,-1.8178,-7.9219,1.0024,-3.163,3.8944,-4.7417,4.044,2.8583,-2.9079,2.1977,-2.9078,6.2341,-0.1605,-3.8022,6.2598,-5.4018,7.3111,-3.1785,5.1128,7.0937,1.3032,-1.1636,6.7492,4.8149,3.1392,-4.0422,-9.1878,-9.3611,-0.3388,7.0154,-0.3411,8.1613,1.8717,3.314,-2.7823,5.699,-2.0038,-3.9837,4.2367,-5.65,3.2507,-1.581,4.8918,8.7689,-2.5937,-7.796
-1.4761,0.7454,-0.6779,0.6089,-7.5587,1.054,4.6761,-1.6895,5.1395,-4.4011,-8.5566,-1.4629,-7.4419,7.767,-3.2871,-1.7003,0.977,6.3792,-9.5977,7.6705,8.8651,-9.3043,-9.3973,5.4802,5.8058,0.2106,1.2815,-1.456,2.2945,6.8985,-7.3974,0.5715,5.635,-8.4198,2.7099,2.7744,9.0632,-8.2417,-9.0441,7.2161,8.8704,-3.7919,9.703,-3.9764,8.7089,-6.6314,1.6763,9.6266,-0.2891,0.6442,-6.6406,-0.041,5.5623,8.9097,1.1562,-6.4444,6.3112,4.6156,-5.6482,-2.1727,-2.8681,-2.3102,5.3375,9.2857,-9.2455,-2.3464,-9.5548,3.2293,0.3728,1.4077,9.6026,5.4644,-9.0042,2.5581,-9.6259,1.7759,9.1626,-8.5897,-1.9698,-2.7829,3.6234,3.3494,-9.0088,-1.6583,-6.6534,-2.4461,-9.477,8.5513,-1.7905,4.4206,-1.8914,5.1658,5.0076,-1.683,-0.1976,-6.288,8.364,-2.1035,-6.5199,-7.0474,-2.784,-7.7996,-5.3676,5.4778,-2.9007,4.7442,1.6502,-5.8992,9.0489,-5.175,-1.2299,8.8644,8.818,6.3942,2.4999,3.4868,-3.3008,4.7055,8.0724,-3.4027,-3.8245,-0.9159,-4.2804,1.4874,6.3822,-6.6953,0.2236,6.4209,8.3115,4.8807,3.4968,1.5853,8.1048,6.0655,-6.9518,-4.1828,8.9252,-7.0594,3.3418,2.7698,8.8115,-4.6004,-0.2637,-3.9329,3.8899,5.4623,-0.0419,-2.2106,6.0375,7.4326,-0.2864,-3.3291,-2.4835,-7.8117,-4.7262,1.8811,-0.9626,0.3647,-7.2356,3.7429,-1.1117,7.3383,2.3348,-8.9746,7.4769,5.6105,2.2323,9.4632,6.9375,-9.7983,-3.3198,-1.4946,-6.127,-1.0455,6.0473,1.9946,-6.016,-9.7491,-2.6509,-8.6865,-3.1146,-3.356,-0.3289,4.5511,-1.7597,8.8846,-1.8537,-3.3815,4.3837,5.2272,1.1854,3.3212,7.0949,-9.9727,3.4361,-7.9642,4.8327,1.2705,-1.0678,-8.7824
4.4597,0.1821,-1.6693,0.3104,2.8321,-3.8321,-6.205,7.4009,6.904,-2.6383,-4.4112,3.7407,-3.4539,-8.3632,-8.8328,-2.1086,-4.0939,4.9539,-9.0415,4.0731,4.813,5.5519,0.1781,-1.6172,2.1642,4.3352,9.7916,2.0151,-2.1719,8.6429,-9.3935,9.4484,-4.1808,1.388,3.0053,1.2743,-8.6475,9.4255,-6.287,7.2898,7.4441,-5.1212,2.9014,6.9585,1.551,-2.7095,5.4412,4.371,-5.2086,9.5421,-6.8155,-3.1502,-8.0779,5.8468,-2.5967,5.779,4.2821,5.7191,-7.3436,7.4341,-8.0094,-5.8039,3.1754,7.4736,7.2058,-7.5223,-3.1255,6.2461,2.902,-5.9209,-0.7896,-4.707,-4.2768,-0.5937,-2.3515,-9.389,8.2725,-5.002,6.2186,3.5713,7.1262,5.0767,3.0417,8.6601,-3.1919,-5.7673,-2.5694,0.1001,7.5572,7.9727,-1.8972,-5.8451,4.116,-1.2478,-5.108,-2.2357,5.5365,7.3822,-6.5989,5.1135,0.1464,1.8093,6.3327,-1.6921,2.4196,8.2219,2.4015,-0.2587,-7.2847,1.6391,9.7783,-4.8631,-6.8375,8.2662,6.74,-7.9884,8.8966,-0.75,-1.7076,4.7382,-7.2457,5.3188,-3.642,-1.3199,-2.5698,-0.7776,5.3423,7.7384,-9.0627,-5.4925,-1.0605,-6.2188,-9.7589,9.2195,-1.7157,0.7039,4.7076,7.037,-1.9399,-3.709,-3.6501,-0.8264,7.255,-3.856,-9.4201,4.858,-6.5744,7.3825,-6.0147,3.564,-7.8555,9.3764,-1.1185,-4.6737,-2.8176,3.8456,-3.9883,2.5403,-5.9993,-3.1297,8.4115,8.7288,3.3815,-7.6137,1.9653,8.0099,1.6452,-3.3707,-4.4107,-9.0201,3.0722,2.5194,-7.6995,-3.2653,-4.8236,-0.9131,7.1517,0.5092,-0.9586,-4.8316,8.8925,-4.185,-8.301,-8.6681,-7.5814,5.8689,-1.4545,-7.8932,-8.702,4.4246,-3.6379,4.3246,3.4397,6.2624,-9.6149,5.4961,-7.5409,-0.0995,-2.8444,0.5403
-8.839,8.9703,8.4271,-2.1157,6.7332,3.131,9.5882,-2.1635,-9.7924,-3.076,7.5661,8.6879,9.9675,-9.2371,-3.7054,7.1252,-3.8403,-0.5095,0.8365,8.3821,-1.2132,1.439,2.0495,-1.9642,1.7878,7.0809,9.0456,6.9618,6.4522,-6.5584,-0.3002,9.4247,9.7306,6.6631,-5.3086,-3.5368,-9.024,4.0158,-9.6348,-2.5529,-5.3907,8.5461,0.9328,6.2519,-9.0108,-9.6606,-3.0225,-8.0788,2.6867,3.1364,4.6758,-4.9372,-6.5048,3.032,-2.4903,1.5457,7.5079,3.3004,-9.8967,-8.3458,-5.6705,-7.977,1.9474,9.435,-8.153,2.5452,-0.4266,-9.387,2.6277,1.247,7.4235,6.6057,-1.6466,9.3463,-7.8298,4.2941,3.3325,-7.9841,2.8671,8.5581,9.4214,-0.0021,2.8291,9.4527,9.7661,-1.6365,6.7327,7.025,-7.8938,5.2875,-6.7535,-6.0449,3.4144,1.2309,8.1872,8.4261,-7.383,2.5951,6.5904,5.6134,-4.3515,-6.9038,7.8876,-1.345,3.1157,-0.5935,-6.4192,0.196,6.0816,5.8942,-8.161,-0.9161,-6.2068,5.5438,-7.1188,-6.8659,3.3133,-3.4931,-8.8354,3.7394,2.5054,5.5832,6.1311,2.551,-5.9027,-7.9399,7.8629,-3.5814,-3.361,0.1992,-9.7414,1.6551,6.6683,8.0503,-5.517,-4.9701,-9.663,2.4377,8.0068,-9.754,-2.1947,3.5085,-6.2304,1.8932,2.7109,8.4241,4.0136,-2.3186,-7.8049,-5.121,8.2821,-6.067,8.3289,-2.9585,7.8182,-5.0922,-9.1561,8.1387,6.7935,3.624,2.4693,-3.8535,4.3319,-8.8506,-4.6135,6.6559,3.2069,3.8426,-1.5406,-3.8233,2.3751,-3.2497,-8.8941,0.2539,6.0652,-9.2358,8.6609,-5.8722,7.6054,-4.3392,-4.1938,-6.7694,9.8441,-9.2544,6.5111,-5.942,-3.2248,-3.1749,-3.108,-9.3904,-8.8429,-2.6235,-2.828,6.9214,6.9157,-7.9516,2.0839,1.1046,-7.3104,-5.1881
-0.8658,9.9525,5.0143,6.0084,-9.9956,-1.1191,-5.6438,6.1113,3.6696,-7.9655,-2.5735,-4.8516,-4.7712,-3.2864,7.8651,0.9551,-8.3869,7.4624,0.9352,-6.0253,-2.8078,6.2898,-3.758,-9.373,-7.1848,0.2599,0.7311,2.5417,-6.0161,-7.8403,-9.5615,-7.36,7.2752,0.6826,3.0753,-5.6689,-6.4377,-2.9378,-4.0506,9.5408,5.3283,-5.7143,-6.7176,7.6071,-1.6608,-9.4494,-9.3312,-6.7278,-1.7411,-7.0203,-5.423,9.685,-4.6207,-8.2342,7.2512,-0.2219,5.8017,-3.3256,0.3517,-6.9713,6.2995,-9.8552,5.6257,5.5326,9.4488,-4.6692,3.7912,-5.5262,1.3314,-7.1837,-2.2463,-5.1391,-0.2634,-8.5601,3.4773,9.4513,-7.9805,-0.0494,7.0512,-8.9089,2.6651,3.4632,8.8832,-9.6027,-6.494,9.2863,-3.9234,-4.9407,7.9923,-5.8893,8.408,-4.7125,7.9738,0.2457,-6.6205,0.8587,-0.7429,2.9881,-7.5927,5.3243,4.673,-8.2504,4.3625,6.2297,5.7602,4.343,-6.4974,-6.1243,-8.8144,4.9523,8.6147,-6.6931,2.0094,0.8729,2.2663,-3.7008,7.9545,-7.7154,2.7512,-5.2428,2.8633,1.9995,6.3561,9.8457,-9.2562,9.947,4.7473,-4.1211,8.6944,1.3941,6.8471,-1.5501,3.799,6.0559,1.3741,9.4832,6.5368,-9.6463,-8.4227,8.7103,-8.2866,3.8545,-7.5011,-9.2271,4.3983,3.0918,-7.8329,0.7169,-2.031,4.5697,-3.7392,4.9495,-0.3972,8.1544,8.1714,8.5412,5.151,9.2563,4.8415,2.2608,-7.6913,-3.6797,-6.8611,9.2879,-7.095,3.9377,-6.9397,6.0767,-1.1143,-9.0584,-6.7749,0.3489,-3.1068,-3.0587,-5.84,-5.8232,1.042,8.5665,2.188,-1.2446,-1.2866,2.8261,4.6485,-6.4298,-9.7882,5.5355,-6.4415,1.5728,-7.3738,-5.5226,3.0034,2.4457,-2.7997,-0.8027,4.9556,-4.1814,-2.6599,9.3144,5.4414,-3.5113
-1.735,-9.2434,-5.6258,-8.0195,6.4724,2.5687,-0.8216,-3.635,7.2216,-8.8895,8.9043,0.4606,2.0944,7.8481,-3.2223,-0.4047,-3.3079,3.0196,4.9444,-7.9996,0.5221,6.3714,-3.6875,-3.1598,7.0127,1.1442,-2.0775,8.1216,-1.8215,0.991,8.4899,8.8788,-4.5364,6.399,2.4251,-8.7636,7.8385,-4.0775,-7.4807,-1.8089,-1.0088,2.8821,-5.359,3.6819,-9.7577,-8.6576,3.765,-5.9501,-5.0359,1.0615,-7.3931,2.1206,7.0858,-8.7599,1.7182,-6.9556,-4.0201,-5.0405,4.3571,2.8069,3.5762,7.3118,0.7266,-4.6378,8.0085,5.7199,6.1867,6.9862,6.8351,-0.8433,-6.9791,9.9947,-6.1166,-7.39,-3.4508,-6.1126,9.2123,6.7188,-0.5958,2.609,4.8274,-7.74,-2.1803,9.5826,5.892,3.6138,8.8902,0.6806,6.8872,-1.5206,4.4435,-3.3796,3.5694,-6.4451,0.7272,-4.4503,-4.3351,8.33,-8.4038,7.2608,-3.9116,0.6231,-1.1332,8.6885,1.2742,-2.0578,3.8066,-1.0383,4.4152,0.676,-5.0937,7.8834,8.2682,2.4761,-0.6121,-1.5517,5.3465,4.0798,8.6637,-8.5172,6.2277,0.6167,3.4156,8.7436,5.6681,-4.5465,-6.7755,9.2608,-0.6647,0.4842,-9.2859,6.1047,7.6654,3.5087,2.6442,-1.8837,-6.1988,3.9212,7.3128,9.5242,3.9857,9.3682,8.1471,-3.3754,5.5794,-2.5654,-1.1969,-5.0902,5.2509,1.5319,2.1254,-3.904,1.5888,-6.1716,1.2305,2.1129,4.6933,-8.7255,-3.5887,4.8248,4.7969,-5.3271,8.9731,-3.7363,-7.7007,1.9381,-8.5638,-5.0909,-1.1769,-2.4921,-0.0281,7.1931,-6.8291,-2.3208,2.4697,-7.23,-4.6053,4.5785,-0.155,-0.262,-4.42,-8.1557,1.79,8.4582,-3.6793,7.3832,0.8554,0.4293,-4.6888,2.4037,-4.5399,3.5699,-6.1402,-5.9094,0.0296,-0.7856,-7.9935,8.1456,-6.1508,3.7502
-6.8916,1.6337,-0.714,1.3935,-9.3319,7.0145,0.2985,-8.4579,-9.8898,-8.7271,-1.4465,-5.9592,-9.5586,-6.5593,1.4641,0.0799,-7.2273,-4.2647,5.474,-3.103,-0.5793,-1.8612,9.4599,-6.7415,0.5778,-5.2629,8.8476,8.2344,1.9318,-0.9527,4.146,-6.0261,-1.2917,6.138,-9.1347,6.6943,2.5911,-0.0451,-2.3236,-4.4167,5.8363,5.4341,3.7045,-8.3319,1.2598,5.8311,0.7148,-4.7138,4.2774,1.1762,7.0278,-0.0252,8.6225,-7.6068,9.1037,5.9828,-4.63,3.8697,8.6984,3.9586,-6.9549,9.2936,5.1864,-0.7375,0.1793,-4.5434,4.7441,-8.745,-3.3956,5.3468,0.7468,5.1022,4.1105,-5.3926,0.647,-3.4271,6.6986,-1.1328,5.2415,-2.4055,9.2335,-1.2308,1.946,-5.2672,9.201,7.4596,1.1365,0.4961,-7.9962,-6.6511,5.6789,9.6705,2.866,4.2138,1.9286,4.5484,3.4254,0.9241,-5.3152,1.7489,-6.8207,6.3611,-2.7806,5.0372,2.6168,-8.4027,-4.777,-5.2587,-5.1214,9.5228,-8.4498,-5.6038,-3.5102,0.4972,2.5476,5.3154,-3.8742,-7.4757,-0.1806,-6.3551,6.8569,-1.0071,2.4274,-3.2753,-6.0664,-5.1521,6.2318,7.0895,-4.3067,-1.5635,4.6847,-1.8477,-1.6628,1.4922,9.0162,-6.7801,-5.8217,-3.2419,-4.435,5.4543,-9.6547,8.6057,1.723,0.9485,5.0348,3.072,0.2171,-0.8027,0.907,6.2867,6.2311,-5.5842,7.2036,-9.324,9.6287,3.2941,-1.5155,-2.4291,-3.9746,0.621,-9.2868,-5.4113,-9.9706,8.2451,2.2059,1.406,-0.0385,4.868,-7.3374,6.7313,6.8881,7.9203,5.955,-9.9134,-2.3563,9.3304,-5.7827,-8.3916,-0.8688,-1.0875,8.8642,4.2397,7.7277,-0.364,2.2394,-0.9738,3.6358,3.673,-5.0014,3.0602,4.3708,-6.7606,7.1422,-1.1283,7.8444,-2.3718,-3.2327,4.0796,9.5576,5.2714
-9.5627,-3.2542,-2.446,-5.7511,-5.8327,-6.941,-5.9204,3.8774,4.751,2.9603,2.3656,6.1794,6.2157,-5.0391,2.211,-5.0578,4.3226,-5.001,-4.8222,3.32,-1.8156,0.5421,-3.7801,-9.5682,7.0663,1.8669,-6.0505,2.8643,7.3184,2.0381,-2.1394,2.5713,-4.5608,4.8053,-9.554,4.1826,0.6691,-7.5171,8.4873,-6.9973,6.2244,-5.6676,7.0728,1.4153,-9.1459,7.6236,-7.9586,1.7725,-4.4367,-5.3641,0.0929,-8.9819,-1.5815,-5.5923,9.1524,-3.0205,-5.1688,7.187,7.96,4.5241,-9.9778,3.261,8.5846,-8.7074,-2.9422,-2.0742,-8.1705,-2.869,5.266,7.0064,5.0403,-8.3996,9.0946,-3.1408,3.5574,8.2712,-8.6854,3.5546,6.8463,-3.4137,1.7729,2.5138,8.4496,1.403,-6.3774,3.4248,-3.8414,-4.8107,-6.1634,-1.2684,-0.5532,2.0291,-3.8089,-0.8896,-6.6806,-0.1155,8.3401,-8.9781,4.3611,1.8704,-5.3311,-9.1955,-5.8293,8.698,7.6058,5.4321,4.6414,-5.2835,2.9438,2.615,5.2962,-6.1174,-0.6249,-5.0508,8.5479,0.1388,-9.1351,-5.8903,4.6102,-3.2922,-2.8787,5.6876,2.1474,-7.2952,-5.7895,-5.9307,7.4113,-6.8307,5.698,8.6029,7.3614,8.8949,-9.9377,-4.4627,-7.5351,-7.398,-4.8944,-0.3802,-0.7522,-9.8712,4.6728,6.9093,9.8342,-4.9209,4.3307,9.7321,-8.4452,-6.6425,-6.9329,0.5252,0.3675,1.8603,-5.6137,-5.6221,-2.3093,-1.0386,6.0022,0.1502,-2.4822,-6.9223,8.8852,-7.5126,-3.9625,-2.1884,6.6372,-4.0134,-1.4432,-6.2232,-9.9592,-8.7109,-5.6356,2.3914,6.3682,-9.3492,0.1575,4.9131,4.1323,-9.4912,-0.4034,-9.5203,-2.0781,-4.5802,-6.6553,-8.4862,-8.1594,7.1352,-4.2427,8.1097,-9.5903,8.8259,-0.0669,4.3551,5.9397,2.9997,2.0928,6.7474,1.4851,-5.1777,-9.6305,6.2893
-6.8937,9.3979,-2.625,3.9094,8.7518,-8.2166,-8.1601,7.4725,6.158,2.8279,2.4876,-3.8027,7.4739,1.9702,-9.6007,2.7063,-4.8095,1.9618,9.5105,-2.0621,7.2992,6.9681,-7.9046,-5.2556,-5.3474,-9.8175,4.8447,7.9738,-4.8895,9.2519,-4.51,-2.8108,-2.6857,0.3223,-1.1288,8.8205,-7.0513,-9.0613,5.2524,-3.3999,4.4868,-1.3286,-5.1921,5.4668,-4.5074,-4.2992,3.9265,-1.0084,2.7307,9.1075,0.6395,-7.0164,9.8817,-6.8631,4.797,-8.4585,-2.6663,-8.7853,9.42,4.0934,9.3634,6.0026,2.1328,-1.3261,-3.938,6.9707,1.1074,-3.0061,-8.206,-7.7541,-5.9845,-3.6604,-5.331,7.303,-3.215,-4.5424,8.21,-7.2386,-3.7993,8.4677,2.1357,2.7431,-9.4964,-0.5921,1.4287,5.5479,3.0628,3.6918,5.577,9.3241,9.6078,6.901,-5.6633,9.0604,8.1731,7.4557,3.8778,2.5213,-3.8799,0.426,-3.2582,-7.321,6.685,-5.287,7.7966,-3.4797,-4.5314,3.1482,7.8991,1.6816,3.0032,-4.1153,-4.4172,4.2248,7.825,-2.5308,0.6325,4.7177,9.9572,6.4953,-4.8921,-9.9115,6.1765,-7.518,7.7482,8.6133,-5.9043,-9.5328,2.0863,0.173,-4.1888,-2.5412,2.213,4.958,-9.0782,-0.7541,5.1045,8.5355,4.2706,-0.3969,1.9045,9.1024,4.0457,-9.0052,-1.4736,-1.2814,-2.7638,-7.6548,-1.0174,5.4666,-4.2875,-4.2374,-1.1534,-4.4108,-7.273,-0.0233,-0.2003,2.625,-1.77,-2.5359,-0.8424,-8.663,-9.613,4.5954,-6.4469,-7.9541,1.4264,5.7265,-1.6445,1.0109,6.4796,4.3676,-8.4445,6.7603,-1.6817,-2.9331,2.8265,6.3638,-4.6088,7.5698,3.9701,-4.8874,4.4293,-2.383,9.2077,6.9976,-3.3481,-7.3581,2.5907,-5.3186,-0.3834,5.9922,-9.9982,-7.827,0.5848,0.9482,-5.6027,4.8472,4.7473,3.2473
5.5041,-7.9371,0.6695,6.7137,9.5502,7.3412,5.4372,-6.0925,-7.0119,-4.8956,-7.5236,-1.0129,-7.1553,-4.4613,-0.92,0.8648,-3.6588,0.0955,7.9229,6.8257,-1.2851,2.7159,4.5676,9.0222,4.8104,-3.7897,-0.598,4.2521,8.1253,-0.0862,4.1939,-9.7166,1.7754,6.4621,-0.4053,2.4681,7.7381,-5.9464,7.6315,8.0318,-0.8863,0.5423,-6.1995,-7.9231,-9.0898,6.6866,0.9433,9.8568,1.8646,0.9322,0.0551,-3.1021,-8.1521,2.2832,-8.5602,-3.353,-6.7914,-3.938,-1.315,5.998,-1.7861,3.7028,-6.3012,2.4912,0.3385,-5.3324,4.7465,3.3441,1.6416,-5.5368,5.0155,-4.3162,0.2185,5.3715,9.1347,0.3136,1.2341,0.9141,-0.9326,0.3244,7.5398,6.2402,-1.5073,-7.1307,-2.2728,-9.607,-3.9433,7.3363,7.3505,6.6147,-2.2568,-6.9027,0.1021,1.6962,6.6659,-4.5362,9.6025,-2.421,7.3404,9.9734,9.2248,6.9452,-7.5205,-2.2004,6.8111,0.5897,-2.6414,-5.8725,-6.3373,-3.5587,-6.5717,5.3948,4.0904,-9.8661,2.4086,-1.9153,9.2188,7.4277,-4.0306,-9.9613,5.4949,-7.4553,8.0557,-2.1098,6.0619,-5.2253,-3.6441,-0.5237,-9.271,-3.2751,2.7988,-7.2885,7.6963,6.3173,9.0726,-3.4766,8.0386,6.8818,6.2075,-6.0981,1.7202,-4.3989,0.8916,-5.7374,-4.3087,6.7426,7.1746,-8.3906,-6.8434,-2.925,1.0302,8.8223,9.5343,-7.3449,7.2752,-9.5425,8.8056,-7.5391,-1.0376,7.6346,2.6397,-4.8067,4.1165,-7.8503,0.3523,4.6459,-7.3349,-7.8411,9.0789,1.1322,-4.0684,0.1557,1.5929,3.2411,4.5204,8.6631,-5.0942,-0.525,-8.8876,-3.988,4.5609,3.679,4.4015,3.1651,-9.7455,-8.7164,-4.1717,6.2226,7.5866,-9.2481,9.6131,3.5455,-8.2671,2.0484,9.0633,-5.8763,2.7347,0.052,8.8921,-1.8055
7.7387,8.9935,8.6348,1.4918,-3.9374,2.2975,-2.684,-7.7725,2.3301,-0.1727,-5.6708,9.9469,5.4947,1.0006,1.1006,-8.1819,-0.8779,8.2849,-0.1534,1.5936,-5.3297,7.8845,-4.0116,-2.4735,-4.7093,-9.4196,1.7955,-3.0308,3.6293,-0.9386,-3.7843,-4.1594,-6.7733,-7.731,-9.9996,-3.1117,8.2376,3.562,1.3863,-4.7211,2.376,-8.1374,5.5618,5.5945,6.2885,0.5207,-6.3161,0.407,2.008,4.2752,6.4107,7.6763,6.3325,-9.7482,6.6371,6.7753,-2.6389,7.2914,1.1842,-6.7251,-9.3743,-6.9768,9.4271,-5.4422,4.8776,-4.7911,6.391,-1.6617,5.682,0.4027,-7.9821,5.7715,-3.5601,-1.1223,-0.485,-0.3641,0.7389,-2.4483,-5.1132,6.019,7.0895,-9.2931,-3.6809,7.3125,-2.4918,7.7845,-0.8337,-0.2006,-9.5288,-4.4501,-9.1279,-6.3273,4.9607,0.762,-2.0127,7.2496,-1.3075,-8.7467,-6.9812,2.5114,-0.7532,9.9308,-9.2102,-6.6857,-5.4002,6.5855,-3.87,-2.278,4.757,2.1367,4.7205,9.0005,-0.1446,-1.3025,-0.5169,3.6797,7.958,-3.3782,7.005,0.1948,6.0771,9.0174,-7.1161,8.6868,7.3826,-1.8052,-8.183,4.4205,5.5553,5.2141,-2.6899,-3.8528,-8.7943,-2.8433,-8.3583,1.7007,5.2284,-6.2738,-1.1321,-9.217,2.1769,8.2545,-3.196,-7.5228,-4.5769,-2.763,9.1805,-9.521,-1.9232,-6.816,2.4511,8.9198,6.5488,9.5544,9.1357,8.2575,2.0931,-9.1601,0.8842,-3.5827,-3.8403,8.1679,9.7475,-5.9186,4.8215,-9.9835,1.3043,-2.8709,-9.9215,-4.8944,-0.1851,-2.1232,-2.7561,7.1733,7.1713,6.1908,-0.3746,5.3141,3.5946,9.925,-7.1202,6.3854,-5.092,-0.2938,8.9689,9.436,-2.3007,-7.9116,6.058,-1.6514,2.7649,-9.0753,0.9234,-0.4521,-3.9229,6.8948,-3.2518,-5.2792,9.0552,-3.7244
8.0091,-2.1394,-7.4832,-7.0193,-2.9448,-8.6539,-1.1685,-6.6698,-6.8067,0.4346,9.9077,-7.3609,-1.8755,0.7252,2.5906,-5.4585,-7.7014,9.954,-2.1878,-5.11,-9.9235,6.9119,7.1545,8.7047,6.7146,-6.2688,8.8207,-6.2568,-0.1452,1.5973,9.7114,0.4529,2.2655,-8.7744,-2.6713,-3.0495,-6.3655,4.5365,-5.7169,8.2541,-4.6591,1.8726,1.767,2.6374,-8.8262,0.0872,2.3858,6.8071,7.2913,6.6841,5.2383,-8.1481,5.0359,5.3292,6.4071,2.3594,4.5927,7.459,-4.2019,6.9819,0.2318,3.0974,9.3957,8.5778,2.9095,-6.9596,9.8476,-7.6742,4.6031,6.2488,-5.5506,4.8719,-8.428,-5.4872,-3.7997,-2.3831,0.0715,5.3123,-6.0903,-6.33,6.3918,4.9795,4.3016,-0.4091,0.0414,4.6408,3.3283,-0.6945,-4.4171,-7.3343,0.2649,4.3966,9.0356,-4.8759,2.7292,-8.6437,9.5094,-0.4906,0.7266,5.3967,-1.3769,-5.9803,-8.2425,-7.1156,-7.871,-9.8174,7.6972,-5.2375,1.1148,-0.8033,-9.3958,4.5619,-2.7686,2.0584,1.5125,-4.4463,-1.8871,-5.2181,-0.9611,-2.3459,-5.2371,9.5529,8.3823,-9.6303,8.5376,4.8594,-4.9635,-3.1497,-3.8607,2.6371,0.6928,7.7679,-3.0396,3.9334,-0.4347,-6.8031,-5.6468,9.1039,-0.5532,7.3346,-1.7857,4.9395,-4.0052,5.1223,4.8793,-3.8827,5.2047,-6.9305,5.435,6.9769,8.5134,-5.4624,6.6107,6.2172,0.2467,8.4384,-8.0901,-6.7037,-1.5435,0.8994,0.0875,-5.3969,-7.1127,-6.7811,-0.9972,-6.9575,0.8731,6.2586,7.8452,-1.0882,-6.9006,-3.2834,0.0449,4.2334,-5.8453,5.6131,-8.7758,-6.9562,7.0356,7.657,2.1932,2.4247,8.4232,3.1307,-5.0963,-4.0745,9.5423,0.1747,2.2859,5.7824,-8.828,-0.5071,-0.4547,6.5122,0.0219,9.7735,-4.1761,-9.4873,8.9705,-5.85
-5.6608,-1.028,3.7887,1.4033,3.7068,3.6513,6.6533,8.0865,-8.8735,-1.1892,3.7549,0.0557,6.2198,-2.4344,7.7778,-3.2441,-9.5971,-5.8002,7.223,4.021,3.3227,3.1627,3.8317,7.2936,1.8142,8.81,-6.0854,8.3891,-6.0755,-3.7316,4.5943,-2.4858,-5.1658,-8.4627,-1.553,8.1644,-1.1573,5.7842,7.3981,6.3529,0.2239,-1.134,2.0809,-2.1581,9.1044,-3.5792,-0.106,-6.749,-7.524,2.4025,-2.7174,-0.0433,-8.0322,4.8563,-1.5003,-8.5186,-8.1477,7.8637,-4.7341,7.3567,-8.5516,1.0801,1.8449,-4.2325,-2.1159,-4.7531,-0.7931,-3.1367,-0.6291,4.2166,-0.153,3.2466,-0.3402,9.3128,-9.5405,3.7744,7.6317,-5.9737,-2.0235,-9.204,-1.5329,0.173,9.7752,6.3716,-3.3209,-5.2135,-3.7732,4.3523,2.5182,8.8618,1.6351,5.0953,-7.4159,6.2414,0.7426,1.8748,0.3737,3.2849,3.9962,-7.2199,-5.5814,3.5189,6.392,-0.2148,-4.5327,-7.6464,-8.6073,-9.5961,-4.9291,-2.9723,-0.0167,3.5041,-5.9127,-8.3933,-1.5752,-0.3586,-6.1451,-8.9962,-3.9445,-4.3535,-9.7067,1.5559,7.6187,-0.9806,-4.3275,9.2255,0.0906,1.5704,-3.656,2.1789,3.3037,8.8705,6.2045,-6.3655,-0.3523,6.9306,5.7549,1.424,0.3065,-7.3587,-7.5315,7.6066,1.8538,1.9669,-4.4844,6.4566,-2.0001,-6.2532,-7.8335,9.0871,-7.891,-1.8605,-1.9211,-7.1549,-3.3837,2.742,-5.3268,0.3015,-2.4199,2.182,9.974,-8.2331,-9.2326,-9.2568,-1.789,-6.3146,1.8286,2.3344,-3.9087,2.4879,7.4325,-8.013,8.0443,-0.2417,-7.3681,-3.7842,3.386,-4.6067,1.9888,3.6182,9.1433,7.8015,-2.9822,6.3081,4.2975,8.5059,7.5457,-2.9094,9.9309,9.1705,-6.3219,0.0698,0.2119,2.2081,0.2725,-2.1582,-2.5884,4.9716,-5.8461,-3.978
7.2579,3.3297,-6.5794,-6.1104,0.4045,9.9568,5.9492,-5.4227,-5.4769,-7.2045,0.4603,6.7694,-7.0303,-1.8487,0.2852,1.0565,8.931,-8.6019,-0.8194,-1.4672,9.5248,-7.9777,5.0261,8.6989,-5.2397,-2.0489,0.9974,1.6998,-1.5997,7.1882,-1.5021,-4.3204,4.3448,9.8932,7.6555,1.4624,4.5473,-2.3572,3.5945,5.8421,8.4531,-5.5469,-4.0972,-7.0454,7.1805,-8.9681,-3.7506,-0.0841,-0.1877,0.355,6.7483,0.9731,-1.5509,-6.9654,1.8445,-5.0987,-2.7921,-1.9284,-5.1683,-5.9235,-5.6222,-5.3921,9.4374,1.9815,5.1322,-9.7933,4.728,-4.2146,4.6976,-5.2452,-4.2417,5.5586,-7.6459,2.0152,9.255,-8.0878,-6.9643,-2.7288,-4.0567,-8.3002,6.4701,-3.0336,0.5305,7.1041,0.4657,8.3722,-0.0991,4.1679,4.4195,-3.6257,-9.2282,-1.4579,7.2711,7.5343,-3.4809,-1.9367,-2.793,5.04,-3.2408,4.6237,7.0304,-4.6684,-0.413,1.614,-2.5501,1.2649,-4.5955,-0.6727,8.6574,6.1046,7.044,7.1398,-2.742,-8.7617,3.6885,0.5962,-6.4108,-2.994,-0.1039,-7.1964,7.0255,6.1032,9.8225,1.5212,0.5977,7.0557,1.7819,7.0087,4.8763,2.9173,1.0331,7.1934,-1.6007,-3.3275,7.6721,-7.2898,-3.9228,5.049,-6.7828,8.9198,-4.0193,2.6862,-3.3347,-4.7686,-4.2449,7.0866,-9.687,-5.5601,-9.5511,-1.6898,-9.996,5.9954,-3.1963,2.7477,-5.4768,9.6333,4.7681,-9.5215,4.1049,-4.5061,-2.0693,-2.2408,-1.5534,-5.5819,9.7809,-7.3326,-0.718,6.7969,2.8011,3.2211,9.4058,4.3302,-2.0926,4.8782,3.3209,-9.6556,6.3511,9.0876,2.2024,-9.7712,-7.6593,1.1848,-1.2431,-6.7812,9.5278,9.2149,0.4793,-4.5008,-1.7285,-6.1201,-3.4111,-4.0087,-4.4632,-0.2026,-2.0393,2.077,-8.4627,-1.0869,-4.2925,1.5567
-9.1493,-2.7661,2.8087,-3.7585,-2.668,2.0816,1.3084,-7.2961,3.4353,4.5254,-8.6144,0.947,4.0743,-8.5139,-2.2759,-4.7712,6.4251,-7.7253,-4.3669,3.8275,-1.8586,-2.3604,-2.5602,1.345,-9.5681,-1.8131,9.9538,-5.4878,-9.5092,5.5315,-6.0471,-0.4394,-1.0308,-9.9299,0.5722,-3.2799,-6.6648,-4.5426,1.4157,-1.8178,9.6802,-0.0271,1.4872,-9.9746,-3.394,-6.6932,9.8858,4.3217,-3.1516,-2.3824,9.6404,4.9704,-2.3329,5.0806,0.7409,4.3018,-6.2979,-9.0989,8.2223,-1.1102,2.3204,-4.9093,-4.0828,-3.444,-8.4987,-6.194,1.2994,-7.0784,4.7275,-4.8869,-1.2114,-4.1879,-7.678,2.9047,2.217,7.7849,8.4427,5.6,-5.2063,6.2088,-6.7246,3.6429,-6.7611,-6.3922,5.002,-4.2567,0.9681,-3.839,-0.3976,-8.8817,0.345,-7.7773,-1.4691,7.4581,-0.9368,-5.1819,5.2635,0.7988,-2.0419,-1.1539,-3.0843,8.4062,-6.4936,-3.8378,-1.1833,7.574,5.989,-1.2338,8.7074,-3.0465,6.4389,-3.2957,-3.8209,0.0305,2.0583,2.7908,-5.999,8.5909,9.9592,-9.3756,-6.6604,6.4807,-0.1637,-2.7427,3.0424,-3.8223,4.0349,-8.4828,-8.5981,-3.731,-7.4155,-2.3292,-1.1704,5.1592,9.9519,-3.966,-2.654,3.2729,-7.9278,-1.6426,6.9363,8.2563,0.705,0.9888,1.768,-4.6382,-8.8492,-2.4371,-8.6722,3.3172,-0.7328,4.3079,-7.9173,-5.4528,0.3115,-8.7044,2.1566,7.9196,-8.4865,-1.9404,1.626,-6.6441,-4.0792,7.5686,4.9066,-4.5904,-9.1504,0.8965,-9.2389,6.6001,7.5823,-2.2762,-0.5381,9.4365,4.7395,-2.8416,4.472,6.7871,-6.8433,4.9223,-8.1207,3.8401,9.994,1.3752,-6.6613,7.9664,-2.5536,-4.2443,-0.0139,-9.9301,-4.4463,-7.9087,-8.5943,-2.8496,8.0884,-1.0091,5.9981,0.4403,-9.5311,2.0622
8.186,-9.0513,4.1185,-0.5017,-6.6674,2.2019,-0.6245,-2.4653,-4.8835,4.9216,5.4336,5.7602,3.5059,7.8527,-2.614,4.064,8.8504,-3.703,-6.3862,2.1821,-8.5479,0.2512,8.2434,9.6311,6.4269,7.8258,-3.5435,-6.5748,-6.4217,2.5947,8.0702,-4.1612,6.7024,2.1947,-7.3444,2.9524,-2.2128,3.7183,7.2429,7.244,-5.4546,1.935,-6.1237,-1.1901,-3.778,8.6524,-2.3096,8.7717,-5.6973,9.3777,3.9862,7.7503,5.4276,9.6669,8.6092,-7.9977,2.3044,-8.1611,-6.2388,-4.9258,9.3829,-8.095,-1.9986,7.7176,-0.6532,3.6927,5.9704,-9.152,2.0064,-4.4249,6.2258,4.7653,-5.215,-6.0264,4.0744,6.1403,-6.9385,1.1523,8.81,2.0169,-9.6008,-0.9815,2.1726,7.6714,5.1655,1.6817,8.0028,-6.5909,2.9141,-4.817,-5.0425,9.29,-7.4869,-7.8588,-8.1752,-8.4527,-1.8694,3.7971,2.6897,-0.6145,0.222,-1.7325,8.7516,7.4918,3.2216,3.9452,-2.4898,-9.3227,-3.1731,5.5904,-5.391,5.5325,-5.924,3.5099,-8.8693,-8.6605,5.4903,-8.8886,-9.4095,-9.7335,-8.6735,-5.8808,0.8665,7.7377,-3.0822,-2.8992,-4.0869,9.4438,1.1994,-2.8012,5.5818,0.0385,8.6159,-1.1514,6.0209,-3.4127,-1.6391,-1.787,-6.1128,8.9517,0.2058,-9.3002,-2.6516,4.1675,6.9725,0.7245,-2.6989,4.7258,5.6199,-0.6272,1.6666,7.9583,-6.1969,2.8883,-6.9349,3.6631,-4.4504,-5.5183,5.4322,-8.8313,1.3704,-2.3449,8.243,7.8277,-1.4385,6.6207,-2.7745,4.032,-3.2629,-3.5631,-2.4584,6.0439,5.2623,3.9304,-4.3527,-1.4769,-5.8635,-7.958,3.5457,1.743,5.5003,7.7186,8.3724,-7.646,-2.6155,7.5249,-9.732,-9.5853,2.5185,-2.0436,8.8907,5.6033,1.4014,-8.9298,7.1244,-0.5859,9.124,3.1783,-1.5011,2.5171
-1.7763,7.131,-2.4003,3.0833,9.5354,9.6905,-3.3698,4.4597,1.9253,5.7097,-0.7857,-1.0068,6.6256,-3.1748,-9.1168,-1.6602,-9.517,-6.255,-4.5867,3.8338,-3.8967,4.326,-2.1028,-1.1923,5.8132,6.1843,6.625,0.4464,3.2584,-2.9464,3.9131,4.4004,2.5331,-2.2402,-2.296,-4.37,-1.9066,7.9929,2.8233,6.216,8.2578,-5.6732,-0.4674,4.1304,-2.0648,9.8269,-9.8009,2.637,-8.0708,3.372,7.5957,-8.4882,5.1398,-6.7178,1.8294,9.1439,-6.9488,-2.6533,-5.3746,5.8713,-9.9067,2.2917,8.3852,7.4223,-3.8829,-6.0147,6.8527,-7.9881,5.0952,-0.8928,-7.7725,7.1675,-4.9226,-6.4018,8.3292,6.8674,5.4401,5.3534,5.5768,-5.7467,9.5749,2.5089,-7.3335,5.2144,-2.6953,-8.9931,7.123,-3.0178,9.6425,-1.4453,7.4398,3.8727,-2.7264,9.9825,-4.0831,-6.3182,-4.2362,-4.3435,0.2565,-0.7434,2.0521,1.6737,-6.3886,-9.0802,5.8079,-3.5308,-6.8803,8.0633,4.9935,-6.3037,-3.0597,4.7737,3.7892,-4.6638,8.1103,-0.003,5.6074,-2.6094,-6.8055,-0.4632,3.7427,5.0271,-5.6849,3.7396,-7.7594,7.8985,-1.5484,4.7014,-4.5073,-5.1398,3.1495,-5.6756,4.8346,-1.5254,-6.6758,-2.6896,6.179,6.1152,-7.9582,8.0563,6.175,1.9189,-1.9159,-3.5221,8.985,4.2939,-8.5407,-0.9187,0.0736,5.8686,6.0709,-4.7328,-2.115,-7.262,-9.4961,-9.827,5.8813,-7.2811,-9.2914,-0.2908,2.2608,-5.6944,-1.4293,-7.5052,8.0808,-2.8437,-9.717,9.0747,-7.3817,-4.4562,3.5151,8.4742,6.6243,3.3381,-5.3525,6.32,3.7355,-1.2304,-8.0904,0.4958,-3.8766,5.6102,-5.9996,-5.7068,-0.0445,3.4864,3.9023,3.0744,-5.2843,-3.4558,8.4503,-7.7596,4.1637,7.808,2.0311,8.632,5.2623,-4.9448,-1.6802,9.7271
6.8968,8.9129,-9.0442,1.7257,-0.0384,-7.8271,-7.8674,7.692,5.1736,7.4852,-1.4716,-5.6707,-3.628,-0.0108,-9.852,-8.7226,-6.0152,-3.1561,-6.897,-2.6136,-5.7427,-3.4169,-0.0574,-3.0179,-3.7746,-2.4301,-4.4862,4.2053,-7.3736,-6.0793,9.5293,-2.7277,-7.6687,-8.1671,-1.2616,-9.7167,8.6607,-1.7002,-1.7081,-5.6174,9.8158,7.0529,3.4814,-7.0341,-7.3714,-9.726,-8.9236,8.7,-3.3058,7.7189,4.8694,1.2143,-7.1238,-4.7667,-1.9296,-0.6368,9.9636,9.5999,-4.9585,-9.0426,3.5354,-5.3981,9.3422,3.5921,9.8388,-6.6117,-1.0639,-2.1853,-0.8342,0.3323,5.0597,-3.3153,-6.8295,-7.7314,-1.6302,-7.9445,9.4082,-9.0801,3.5499,-7.3189,-8.6468,-0.4846,-0.1253,4.1035,-9.9534,4.7625,-9.0002,7.1682,-1.8886,8.4624,2.2154,-8.1932,-7.8153,-7.9107,-7.4905,8.43,8.6402,1.9928,-4.0709,-6.8187,0.8894,3.2845,6.8109,1.1459,-4.5646,9.9131,9.5377,0.1951,3.0366,-9.0869,0.6767,-5.6312,7.9459,-0.9197,-0.4631,6.9096,-6.4811,7.7046,2.7587,7.5123,4.0998,5.4581,-6.7192,-0.9315,-5.5678,-9.4541,3.0429,-0.0141,-9.6044,-1.1133,3.761,4.0701,8.0971,3.2792,5.6838,5.162,-8.0103,-2.4172,-7.081,-2.3456,-0.9803,9.946,-4.1248,6.286,2.234,3.3848,1.7793,-9.9073,-5.1947,-5.6431,1.1785,3.732,-7.5245,8.9784,-7.9106,8.7784,-3.534,-3.7031,-5.0947,0.5259,3.4481,-3.1239,7.3773,-4.9387,-4.3109,-3.7685,-7.714,2.1404,4.5614,-3.6352,-5.2223,-8.2864,7.1347,-7.1514,-1.8092,-7.1404,-7.662,8.2215,4.0174,-2.0493,2.742,-4.6985,-8.7285,-0.4776,4.0684,9.6852,-9.113,3.5399,-1.1554,-1.0509,3.8464,-9.9891,7.0485,2.3713,-1.9175,-4.9161,-4.5197,7.8765,4.4905,5.3675
-2.3589,-5.3791,-6.4822,8.9189,9.6809,6.6674,5.2829,5.5311,-0.7559,9.6108,2.7511,4.8144,-4.1264,-5.2921,-1.7832,-5.7584,9.6265,-4.2599,-6.563,2.4996,-2.368,-0.1985,-3.751,-3.2283,4.4454,7.7718,-7.5706,8.0962,-0.0283,-1.728,0.6814,0.3704,-0.9206,-1.549,3.4593,-8.7744,8.9858,5.3183,2.3361,9.5518,9.0528,-6.223,3.712,4.4417,5.7333,6.1295,-0.9957,4.6194,-8.8567,9.343,-9.3243,-4.4725,6.055,8.8388,7.1818,2.759,8.4947,4.9037,1.266,5.8241,-4.308,1.2548,-8.5403,-5.5913,-4.0058,-9.0764,-7.4034,8.3618,4.589,-9.5958,-2.222,1.4534,-8.5745,1.0599,-6.9856,-3.8797,3.449,-4.2646,8.6923,-6.5895,-7.9176,0.3608,9.0718,2.9908,-6.8853,-5.6293,2.7756,-6.7041,-8.8709,-6.5123,-7.9502,0.5438,-2.0011,-7.5398,6.9957,1.5849,6.735,-4.6208,-5.5821,7.4136,9.097,6.9487,9.2953,-0.9592,-9.9208,-5.3529,9.8294,-6.2864,5.9086,-5.4342,-9.4075,5.5861,9.0351,2.698,9.1218,-7.6584,1.6218,6.9484,7.1856,5.0563,5.2825,2.8744,2.9427,-5.3548,-3.9558,-3.5129,-0.1707,-3.9273,-8.6694,-3.9427,-6.2866,-5.4061,8.8851,-2.4321,3.0435,-0.691,0.6288,8.6549,5.4733,-4.8359,8.7406,0.2367,6.4075,6.3943,1.7209,4.9082,4.1976,4.6418,-1.6665,7.1077,0.964,-3.9356,-0.8707,-0.3302,1.6613,7.1047,-0.0174,0.218,8.5676,6.802,-7.5065,2.0996,-5.5119,0.2468,5.7705,-2.5176,-4.5267,3.9901,-7.0133,8.2506,-7.2336,-3.4622,8.6852,9.368,6.6398,-3.1083,2.4143,2.5951,-9.0931,-1.8042,-3.1451,8.3174,4.3862,-8.7703,6.0602,2.784,4.4599,3.5634,-7.4251,-5.9491,3.4421,9.8224,-4.6307,-3.9306,-6.5329,3.5005,6.369,-9.2437,3.3439,4.7972
-7.2978,8.3734,-9.5252,-5.4769,-9.5705,-0.3094,4.9696,-8.1573,-4.3588,6.7236,-3.3598,-5.9452,-9.8186,6.8782,-0.2884,3.323,3.1828,0.6021,-1.764,-6.2647,-2.5952,0.1995,-9.8437,-3.1052,-7.5467,7.1695,-8.2785,6.134,4.5203,3.0537,-9.137,-1.541,7.7906,-9.8605,9.2733,-5.0445,9.6043,1.2762,8.5364,-8.9618,-1.2374,-5.1651,5.2606,8.729,4.9557,9.7585,-3.864,7.7983,-4.6644,0.702,6.8199,2.9431,-3.2236,2.636,-7.4318,-1.5455,4.8914,-4.2277,-8.5867,-7.4302,2.0076,5.06,-6.3316,-6.2693,0.5585,1.9311,-9.4888,2.0815,-8.9867,3.0458,3.8153,-7.9586,9.9845,-7.6931,2.3074,1.3449,2.9699,-1.5479,-5.3467,0.1491,7.351,0.2085,-1.7343,-4.0921,9.4756,-9.5883,-6.4819,-7.0286,5.1938,3.5014,-4.238,0.9451,5.8622,6.3925,1.3039,-1.3505,7.8008,7.7995,-2.578,7.2576,0.0725,7.7593,-2.0719,5.7699,-7.5316,9.57,2.8783,-4.8554,7.0439,-6.7531,6.4847,-6.6433,2.8923,0.2585,6.0963,3.2788,-5.6905,-4.2122,4.3211,-1.9009,1.0413,-4.3742,9.8181,-5.864,0.4653,-9.2677,-6.2421,-0.1651,-9.8593,-1.4872,-1.0831,0.1946,-1.0492,-7.647,-4.1446,6.2535,-1.4367,-6.0812,-6.0584,-7.0798,6.5565,6.5818,1.3266,4.4924,2.904,7.2757,4.7143,-8.5645,-7.4947,8.9408,7.5736,-7.6689,3.5392,4.7278,2.0156,-8.253,9.7644,9.4128,8.0244,-2.0555,-1.1139,-9.6029,-0.4449,-1.4621,-6.5492,-4.6682,-4.3624,-0.5683,-3.3989,2.7185,0.4794,8.6511,-0.061,2.8986,8.5103,7.196,-8.4878,-7.0578,9.2189,5.6054,7.9812,-2.6179,2.6816,7.6616,-2.8486,1.8393,4.1763,5.1592,-6.7698,-6.4012,5.8412,1.6697,-0.5365,0.4364,1.9027,-2.0457,6.3559,-0.8817,3.73,4.0643
-3.7784,7.9737,1.0931,-6.8429,5.5041,5.9609,-4.2415,-5.644,7.7219,5.3246,2.0358,-2.7321,4.7424,7.2462,-3.1178,3.8117,1.5846,-3.943,-9.9436,-3.981,4.6471,-9.4223,-9.1527,0.3857,3.4246,5.3013,-5.7162,-9.1818,-1.737,-1.1833,7.4171,-2.7998,6.1743,-5.083,8.5927,-7.0693,9.127,-3.9734,1.9894,-6.1123,-1.2238,-5.5568,-8.0723,1.5306,0.9303,-7.5718,-7.1598,-3.4473,5.4365,-8.9558,-0.9663,7.1655,-7.3496,6.7575,5.4865,7.7656,9.1198,5.303,2.3577,9.7932,8.8043,-8.8327,2.0855,0.9149,-7.8611,-7.1343,2.521,-5.6394,-6.2349,7.8406,0.084,-1.9573,-1.0419,-9.3175,9.0196,9.9711,-7.109,6.9754,-3.4514,8.6812,4.3937,-5.6451,-9.5268,1.7379,-4.8786,0.9944,-8.6764,1.9264,-7.4354,-3.1777,5.3715,-5.1057,-6.2476,-9.7339,-8.1363,9.2568,-0.7335,9.4234,-0.7436,3.8898,1.4049,-8.6425,8.5229,8.7891,5.2057,-9.576,-9.285,6.7613,-6.8994,-1.9152,-6.959,8.3058,-2.939,5.6663,7.796,3.0167,-5.3953,3.7092,-0.056,4.5857,7.1425,4.0523,-2.7513,9.4752,-8.0409,2.3873,-2.8571,0.7705,5.8389,7.4469,-4.2602,-2.1095,2.5883,-2.0543,6.2736,6.0895,-0.069,-4.5745,-2.0872,4.7766,-0.4054,1.9993,-3.3792,-1.8234,1.6733,2.6417,-7.9848,-4.2083,2.063,2.9027,3.7183,-2.7116,-4.9443,6.3312,0.0517,-9.5419,-8.7587,-7.441,-4.6531,-7.3091,-6.383,-1.8247,-4.6805,-0.5142,1.5312,-5.0859,3.1498,-4.9087,2.1765,-8.569,-3.0555,-6.0094,4.8614,7.3131,4.9999,8.5009,-3.0004,8.8565,7.0716,1.3736,-7.5166,6.1288,6.9261,8.2523,5.9265,-1.1547,-9.049,-3.1876,-6.4512,-5.5856,-7.1716,9.8534,0.8309,3.2105,2.0091,9.5645,-9.6307,9.6238,-3.1257,-8.9688
-6.7786,-4.5682,-7.1796,-4.2204,1.791,2.3416,-5.4606,-4.0694,7.1498,-9.6391,-4.1516,3.1002,9.3337,-1.2069,-7.5039,0.343,-5.1608,-3.0603,9.5313,1.0877,7.9004,4.9637,-2.0035,8.3494,-9.6264,9.2054,3.6572,-0.3551,-7.7007,-5.7981,-3.3415,7.7274,8.5221,8.893,0.4837,-8.5196,9.9061,-9.1349,9.0551,9.8938,-9.5553,3.6737,1.2304,4.4277,6.6031,-6.8868,-8.6368,-7.7128,-1.2128,6.9392,-1.4932,3.8529,0.3067,9.6692,-5.0227,8.8576,-4.9669,1.4043,0.3001,-9.9298,-0.318,-8.8587,-3.6727,2.4092,-0.3928,-9.1473,0.7165,-4.8454,-1.9797,-6.2277,-1.6028,3.1949,-0.8613,1.5679,1.4918,9.2924,7.6855,7.6589,3.5986,7.1778,-1.8923,7.1989,-7.0288,-7.2295,-7.8906,5.6654,4.285,-0.4882,3.8031,5.9907,1.5623,-1.8287,5.1879,3.4018,8.8724,8.8472,4.639,-2.6198,-4.2633,-2.7617,3.9879,-4.6764,6.7704,-8.4462,4.5258,-8.2115,0.3986,7.6811,8.8619,-8.7013,-0.332,2.1874,3.2733,-1.4062,3.431,4.6351,7.6552,-1.3791,-2.5739,1.7493,6.4371,-0.2767,-1.2957,6.4364,0.8267,1.1509,7.0163,3.6949,5.5649,3.5175,-8.005,3.2515,-2.8312,9.7394,-3.544,-6.8273,-1.5864,5.8519,1.0798,1.9358,1.519,7.3716,-4.0188,6.9403,-0.4639,8.3358,-5.635,-0.8302,0.3291,-4.9794,-9.9527,2.9326,-1.7843,1.3286,4.5934,-6.8789,-0.2832,4.2351,-3.9568,6.4875,-8.9848,-6.9593,-1.0032,7.12,-6.1842,0.7287,1.2776,8.2162,-9.5053,9.1246,-0.6504,5.3482,-6.3859,-8.6648,-3.7223,9.4105,4.9347,-4.0069,-9.0807,3.6108,-3.4158,-4.3618,-9.166,2.0313,7.0875,2.99,8.0356,4.4086,-4.6208,-6.8718,-4.3939,1.8668,-8.4913,4.4276,0.256,2.8964,4.4982,1.7673,-1.4635,0.6531
3.2328,-8.6768,-2.5594,3.7397,-5.0705,-7.9786,0.027,-0.6258,-1.2214,-4.5073,4.7633,-4.9262,-7.6484,7.2067,6.6827,7.9082,-8.7853,3.4644,1.4528,5.9402,1.9125,3.9216,-4.122,-5.3653,8.5351,-0.3304,5.8347,0.8569,8.9997,-2.1443,-2.7064,-2.2259,-4.0646,-1.5724,-2.4396,5.0844,8.9725,0.0859,-1.0751,7.8749,-3.7496,9.9344,-4.8936,-1.4012,-3.8774,5.9683,7.0165,-0.4009,5.7344,-2.8079,6.81,-2.1507,-6.5823,-9.6618,6.3866,-7.2149,4.9206,-1.2503,-1.5873,8.2846,-2.4841,-0.945,-9.6025,-8.6801,0.9483,-3.4041,-1.992,4.8293,4.8896,-6.9426,-2.2924,-6.2287,-9.295,3.2152,-0.0422,0.1731,6.5203,5.0108,4.7812,3.6659,-2.6545,-2.1941,3.3218,-6.1981,2.436,-7.6281,-1.1278,1.5685,2.5419,-9.415,5.9265,7.3107,2.881,-5.4609,-2.7231,0.0644,4.1031,-5.5178,4.9519,6.2521,4.5579,5.9143,-1.1352,6.5511,-9.9663,6.4774,-8.9338,4.1769,2.0611,8.696,2.0571,-4.6547,-1.2496,-0.5065,-5.5347,2.2533,0.9782,7.2599,1.2779,-3.3432,3.3171,-0.1627,-9.4654,9.4854,-7.5458,-9.5012,-7.0227,-5.5514,-3.214,6.6596,-5.0592,7.2003,2.6921,-7.2958,3.1705,4.1776,-7.0322,6.7285,-8.6636,-9.6268,-8.0636,7.9122,6.6764,-5.1251,8.9986,-6.9095,2.0025,-2.0952,-3.9463,5.8786,9.0394,-4.3913,7.1516,3.9005,2.8596,-9.3189,-0.5936,8.3996,-5.1271,7.3725,-5.8068,5.8151,-9.6127,-7.2828,-1.1278,-7.5327,-2.2912,5.7285,-4.3205,-5.7389,2.0473,5.0829,-1.7838,-4.7056,2.5766,3.0281,9.1475,-7.101,4.8435,-5.7321,6.1233,6.3288,6.4277,9.3666,-6.3046,6.6588,4.9231,1.4315,3.3472,-2.7289,-1.486,-5.1926,2.3091,5.8401,-4.9488,-8.0978,1.0196,1.5869,-7.2018,4.9348
-8.1086,-1.9406,-6.291,9.4295,5.4438,-7.4582,-4.1289,-0.8567,0.6393,-8.6684,9.3055,-0.6861,3.9711,3.3597,-6.4605,7.3135,-5.1449,4.0458,-9.0136,4.4792,-2.0689,-5.5919,-7.3121,-2.5606,-6.7491,7.5479,9.4841,-3.0756,0.7771,-2.7197,-5.7619,-7.9682,-2.4212,-9.4537,7.9271,-8.2119,-7.6184,-4.5078,0.9066,-2.3612,3.011,-0.1011,9.2862,-7.6296,7.7176,5.5844,6.5779,-6.4795,3.4971,-1.5781,7.7098,8.3991,3.8123,4.9514,-5.1377,-1.0663,4.8648,-6.3653,-5.7427,-6.5189,0.0977,-8.717,7.1154,-4.9213,-8.69,7.9567,-9.597,8.8718,-3.9719,9.7236,6.0121,5.7203,-7.4345,9.8113,-8.5898,9.478,9.5812,-6.9917,-4.7125,-7.0128,4.8072,4.7776,2.8568,-3.9606,4.7231,2.4811,-1.3237,-1.2571,-7.8995,-8.0097,-8.0034,-8.9952,8.7593,2.6188,-0.4836,2.5273,-6.4292,-1.0494,-5.1047,-3.6391,2.8082,-7.612,5.2856,6.1221,7.023,-8.4567,-4.7789,4.0231,6.3285,-3.9725,-8.1156,8.163,8.8522,4.906,-2.6181,-7.9673,-3.508,8.6768,-1.4742,-3.8842,-4.4371,-0.9853,-3.2493,8.8301,9.1532,5.8937,7.9453,8.3455,-3.5135,-2.2585,-4.6618,9.0994,1.9451,0.6731,-2.5423,-3.8169,-4.0404,-0.6283,3.9536,7.1033,-3.8972,2.2163,-5.1345,-3.1232,-6.7327,8.8571,-1.1391,5.9331,-4.0485,-3.5745,4.0188,-4.0686,-0.245,0.8347,-4.3955,-4.5302,-1.446,6.5084,9.3257,7.3785,0.9583,-1.2215,-8.1318,9.9566,-5.642,1.735,9.7198,0.3174,-0.3892,-3.7406,7.6366,9.2483,7.1097,5.5381,-4.0952,-6.0133,1.6419,-0.2889,5.274,7.0218,5.2224,9.2929,-2.978,-7.1578,3.6587,-2.5018,8.3809,7.3783,1.7135,-0.9269,3.0375,-0.292,1.6745,-5.9543,-5.2723,3.3497,-6.1582,-3.9836,6.3958,-5.2125
7.1232,7.3862,-6.3978,0.4159,7.6246,-2.2255,-4.6779,4.3541,3.7019,-3.5642,4.4302,-8.6882,8.4329,8.5546,5.2966,-8.417,5.5075,-3.4351,3.4273,0.8535,-3.4247,2.3199,-5.2963,-7.3617,2.8089,-3.3266,4.4242,-8.7516,7.5107,9.0906,-5.837,5.5396,7.1086,-6.3457,7.9843,9.3306,-7.3745,-9.5914,2.5187,8.7264,-0.5855,7.6512,-8.2317,0.3251,-8.3731,-1.4865,4.8835,9.8201,-4.0728,-3.5198,-2.888,-1.9513,-3.2767,0.8043,-8.427,-1.8719,-7.9289,-4.0415,-0.3393,-0.7529,9.6412,3.6192,-6.046,-3.3387,-9.7481,0.473,-3.5565,1.352,-2.9877,8.2841,-1.6036,-0.0449,-8.1386,-8.1622,-9.2037,7.3749,8.8814,-2.8597,3.6117,-7.5625,8.4771,8.5799,-4.0404,9.2605,5.6118,-0.0865,6.6177,-3.9417,2.7559,-7.146,5.6504,6.8883,5.0014,-9.6014,-7.2579,4.1422,5.1991,-8.6881,-4.3542,0.3634,6.1753,-1.2438,-1.3883,2.8271,6.2454,-2.5467,4.8299,2.538,1.9189,-4.1623,3.8322,5.1945,-8.3918,9.7078,9.8011,-6.7932,-7.6533,5.0722,-6.9532,-1.0893,-6.5436,1.3821,7.0637,-0.1943,-0.7341,-7.5155,-6.8906,-7.2652,8.6703,-0.1503,-8.7879,2.5405,-9.6186,0.1486,0.6776,8.1453,6.3189,-3.9061,-8.4677,3.8573,-7.9405,6.5466,3.9541,0.3801,5.4068,9.4333,-3.014,7.0055,0.5772,-9.2004,8.0811,-2.2516,9.6891,-4.6595,1.4252,-2.2707,-2.4175,6.2649,-4.7751,3.2682,2.0698,-6.4086,6.5904,7.9848,-4.0523,8.2366,9.74,-6.9662,5.5422,-6.479,-8.1804,-5.0325,3.1451,-0.1773,-4.3766,-3.1987,4.4932,3.3755,-4.8592,-5.8499,7.427,5.2803,0.4593,3.7285,2.526,-7.0101,-5.8574,-8.6884,-5.2794,-1.912,4.2084,-7.4195,-1.4083,7.185,3.9041,-2.7759,-3.2665,1.8351,-4.1166,-6.6238
-6.7109,-3.65,7.916,-5.0808,1.8133,5.4493,-4.7021,8.4605,-9.6738,-1.622,-2.3844,7.7486,-0.1041,9.8353,4.5101,1.9716,4.1209,-7.3106,-9.4393,1.047,-7.4768,3.2483,-5.6674,-2.9871,-7.4446,-6.6468,3.3775,6.5831,-3.5002,-7.4782,0.806,4.5465,0.9233,6.5956,-2.6335,-2.2598,-7.647,-3.9403,-5.0943,1.38,-5.7951,8.4069,3.5922,4.1756,-2.1432,2.5199,3.6295,-7.587,-3.2657,6.5575,8.4628,-1.7419,-6.4417,-3.7121,-8.9348,3.2508,-9.4329,-0.1644,-8.9681,6.3046,-9.0714,-3.1061,-3.2253,-0.7914,-2.6272,4.7075,0.5442,7.4742,-4.3302,-8.7451,5.3396,-8.4672,-6.9788,-3.9333,-4.5549,8.6039,1.5327,6.3141,-7.1711,-2.5389,0.4109,-7.1628,8.5229,-6.3896,9.2818,2.7615,2.9492,3.1744,-0.2052,5.1569,5.5268,2.6997,3.1591,-7.4306,2.3286,0.9603,-8.437,8.0358,-5.9675,-5.1052,7.9113,1.7847,-4.6073,-7.2929,-5.83,8.5271,6.6195,5.2239,1.5631,-4.4312,8.679,-2.5594,-5.87,4.0994,6.5596,-7.1975,2.1803,6.9511,-8.7775,-0.2903,-8.5512,-3.9455,0.8549,9.1465,0.5223,0.5964,-8.0021,3.004,-6.5234,1.5443,2.5279,2.5301,-0.5871,8.4914,6.5785,-2.2343,-8.7327,2.9674,-5.9593,-9.2273,-9.1772,-1.1309,-6.1657,-5.5297,-3.8272,-2.1219,5.1951,0.499,3.3701,-3.5815,8.4465,-7.9473,-4.1002,7.5545,-8.7618,3.4202,-7.4144,6.9696,7.4813,-7.0538,-0.7986,-1.4843,4.2451,3.858,-0.4807,-4.4353,7.7281,-8.9419,1.3372,8.1588,7.5984,9.8952,-6.0739,-3.3849,-7.5289,-3.7997,-0.0285,4.531,-1.4008,-8.1317,-8.0297,-1.8558,-9.9895,8.4416,-4.6109,-2.8559,-7.124,-5.7052,9.8323,4.4293,-0.7161,-1.2652,-2.6378,2.6427,9.1174,-8.8582,0.8093,8.1488,5.7539,9.3493
-4.1864,4.4602,-0.3174,-0.7757,8.7806,-0.19,-0.3547,-1.8056,-5.3966,-7.189,5.8783,-2.3595,-7.5723,-2.3087,-9.2243,-3.5278,2.1471,-8.265,-4.6676,7.5799,-9.3588,-0.5683,6.4607,2.6042,-1.5178,7.8934,-2.0355,3.9357,-1.1747,2.2461,-7.1006,-8.8164,-0.2968,6.8001,-3.306,-9.5807,8.7561,-5.4145,4.6752,9.8336,-0.651,4.8712,2.8395,-4.5394,-4.3039,-3.2821,-3.7986,-3.4,6.6397,-7.4015,2.8584,-3.873,-6.1645,3.8656,-5.1271,-3.4458,5.9242,5.8023,3.23,6.2188,-2.349,1.4993,-5.4535,-3.0566,-2.1893,-5.3953,1.3881,-4.0934,0.72,-4.5658,4.422,1.436,1.2223,3.1567,8.9293,5.6833,-1.8632,7.7521,-3.7012,4.5312,2.7259,6.5185,-9.0396,-8.7197,4.0983,-9.3663,0.4347,-2.9586,5.3879,8.5575,8.6309,9.2503,8.1428,2.5344,9.3539,-0.6749,4.3233,4.4661,-8.7376,-1.2233,0.6988,-0.0953,1.2503,-9.4393,-2.1777,-1.2477,2.8274,8.0924,6.8333,-0.6684,-0.7742,3.9089,7.7828,6.242,5.6783,-6.8349,6.7841,6.0136,-7.8786,1.4003,8.7689,0.4718,3.5555,6.6955,-1.2875,7.4539,1.8793,-4.7356,6.0465,-7.8728,-2.6645,-0.8946,-4.9257,4.267,-5.4297,-8.7556,-2.4732,9.7645,-0.6158,-8.0538,8.4448,3.1706,-0.3284,3.5769,3.1287,-3.094,9.3195,0.7741,6.515,-5.0382,-7.6284,-6.0435,2.0222,9.833,2.2709,-1.374,1.8901,4.6396,-5.0909,7.3992,0.5326,0.4907,2.5207,7.6339,7.4334,-8.5434,9.7408,0.5698,4.7313,-5.4911,8.1057,4.238,-8.6653,2.9592,-5.5897,-1.868,1.4559,3.4265,7.9158,7.4662,5.3595,2.2681,1.3625,7.8211,2.2763,4.6918,-8.5409,-4.5217,-1.4618,-8.7179,-8.1494,8.7015,-9.4958,2.6947,8.7706,3.138,2.9571,9.4307,5.1967,4.8995
-6.0566,-1.4416,-7.6763,-5.3902,5.7928,-0.3064,1.7377,5.9996,9.1444,-2.9677,-6.3044,1.9059,3.6063,7.775,-0.0795,-4.7742,1.4898,1.6735,-2.4475,4.6115,4.6824,-8.2852,-1.137,-3.7835,-2.7927,-4.7845,-5.6617,6.341,-6.1253,-0.9583,7.7857,-2.1486,8.2776,0.5939,4.2761,-8.6297,-2.0763,1.6634,5.4142,4.4606,-4.0233,-5.1273,-5.1715,3.4917,-9.0494,-8.016,7.9099,-3.054,-2.641,-3.2193,-7.2369,-7.2075,-9.816,-8.7358,2.5439,-1.5797,-3.4343,-1.9232,5.9836,-4.6417,1.3522,-8.6269,6.8582,4.2872,5.4364,-9.9577,1.5434,9.4407,-7.8218,4.1442,-7.8483,0.6571,8.6641,-5.015,5.1308,-4.3513,4.4801,-3.6051,-8.56,8.2831,-8.2146,1.8622,-1.9149,2.6738,-6.7229,-4.0721,1.856,-4.1237,1.9442,-3.2392,-0.6234,-6.135,-1.9831,8.8334,6.7156,-5.9047,-9.5307,-5.9273,5.1668,1.7802,3.8059,4.0383,-0.8668,9.0556,-4.7651,2.4442,-5.0352,-2.3113,6.6284,0.5548,1.7299,4.644,-0.8137,-3.2947,-7.0802,-0.8718,-7.2396,4.7599,7.711,-7.1256,1.3644,-2.918,-1.028,7.7241,-2.9715,2.3279,-0.6512,0.1794,7.4932,-0.9689,6.3359,-2.8347,-7.2063,-5.9527,-6.8121,0.7664,5.9276,-0.0024,9.4063,-1.6856,2.2286,6.6041,-2.7088,-5.1474,-1.2993,3.9991,-7.732,-7.0564,6.4553,-7.3045,-9.5983,-4.8976,0.9062,-7.4809,-3.0521,-4.3748,0.8283,-5.074,3.0525,-9.0425,-4.0212,8.1004,-3.3373,-7.5085,-8.1439,7.9859,2.7892,-6.6232,-6.2405,7.1291,9.5248,-3.4008,-6.7925,-9.9365,3.3768,5.4556,-9.2052,5.6918,-0.2603,-4.2796,6.6521,-9.2228,-3.1595,2.7576,0.0786,3.7171,-9.906,-0.8017,8.6854,2.8388,2.931,9.1974,9.119,6.2148,6.7871,6.6614,-1.5682,-9.243,-6.9946,-7.0183
-4.5643,8.2277,-4.9931,-6.2095,3.9171,-5.6778,5.6845,-3.7173,4.3075,9.585,3.9244,-5.2751,-8.8411,7.3839,7.8559,-7.1927,2.7474,-8.8729,-4.8575,-5.968,-7.4168,-4.3905,9.2384,6.1101,6.741,-4.7773,9.8837,0.9387,-9.5843,-0.957,7.1461,8.5008,8.7658,3.4954,9.8691,6.9954,-3.1197,5.0121,4.0002,1.4498,5.7135,8.3368,1.2831,4.8311,-9.5512,7.5548,0.871,2.2456,-1.2812,-3.1636,-3.975,8.4294,2.548,-3.1331,4.2651,9.6591,1.4056,-6.2386,-1.7509,-1.2519,-5.517,-6.0225,-6.2455,1.9971,-6.6575,-3.1688,-3.9721,3.6898,5.9711,2.9807,-1.1796,-3.6742,7.7985,6.3034,5.8959,0.0759,-3.4241,5.0178,-7.9009,5.8608,-8.7683,2.2057,-3.7865,-1.9001,5.9568,-9.7159,-3.6327,5.1583,-9.9076,1.9697,4.5757,3.3138,-7.6985,-8.7728,-8.6785,-8.8993,2.4575,1.3632,7.6967,-4.3125,0.0777,-3.2267,-7.6072,-1.7969,0.5512,-4.8474,5.1007,-1.9891,-8.1609,0.3651,-9.8816,1.4644,9.9805,1.9921,-4.8289,-0.1881,9.0002,-8.1978,3.6159,-1.9952,-0.4245,1.6029,-0.5266,-9.1987,-3.0181,2.8055,-9.7092,-7.2743,-6.0411,6.6061,4.8494,-7.3991,6.6767,9.5578,4.9572,-1.1619,8.2118,4.1134,8.8925,2.9058,4.0623,7.4346,0.827,3.5867,6.853,8.7326,-3.136,-2.9353,-7.0638,1.2948,0.1999,-7.1893,5.085,2.1686,8.734,3.4945,8.1341,4.4074,-4.4367,-8.7916,1.9371,1.4686,0.4388,-4.3374,4.2855,8.6001,-0.0024,-1.3837,-7.8506,8.0485,4.0927,-6.0479,-2.6222,2.9397,2.9298,5.5861,8.479,-0.508,-9.6308,2.6539,-1.3747,9.3532,-7.8261,8.9255,1.339,1.3909,-7.0675,-1.6416,-3.6508,9.0805,-7.3926,2.7489,-1.2484,8.3978,-1.9927,7.6497,8.0059,3.3727,-3.3031,-7.8721
4.7527,-8.4226,-0.6483,1.2552,-3.3888,-1.581,5.038,5.9079,-2.1654,4.4478,-9.7217,1.3531,-9.2157,-0.9736,-1.6241,4.2365,2.4099,-8.0242,9.7972,-9.5426,1.5148,-1.5875,6.7467,7.9483,6.947,3.0393,-9.6519,1.4891,7.8184,-1.2811,-7.7793,-1.6272,-0.0044,4.2668,9.5412,-1.4259,-4.0792,-0.2106,-9.5297,7.8325,0.2816,-0.2082,3.7869,9.4199,2.6173,1.3568,6.6709,-0.0625,-6.6471,4.6797,9.3753,-6.6601,3.2345,-0.7804,2.1914,7.2833,4.0262,8.512,-6.6555,-0.2548,-9.8175,-6.1836,9.9476,4.8554,-3.2927,-9.7843,-1.2294,-4.1891,8.2472,-8.7604,-5.4826,-1.1337,-4.4195,-2.3905,1.1499,0.1625,4.7696,2.1004,3.3035,-5.2102,6.6435,-2.3318,-3.024,0.2775,-2.5029,-1.3659,1.9291,3.5927,-1.4805,3.6595,-4.3448,0.025,6.812,6.5763,9.3909,-6.4114,2.4839,4.2767,8.8529,7.893,8.8945,6.1305,-4.8422,1.4908,1.7437,-9.0257,6.0008,-6.2814,-4.9289,2.3948,5.5106,-1.0437,5.7424,5.8536,3.3217,-1.0006,7.1325,8.3818,1.0341,2.2077,3.5555,8.7293,4.4472,3.4262,-5.8757,-8.9681,6.855,5.5002,-9.1218,-4.5772,-1.211,-9.7649,-6.8486,-1.1241,-3.3149,-2.2598,8.6698,1.4886,0.3953,-6.62,4.2527,3.0147,-3.8109,3.5704,2.4933,6.4651,2.7141,2.3741,5.5504,1.8957,5.1942,6.7188,0.061,5.3894,4.5261,-3.691,7.8293,6.9059,-3.5738,-8.7896,5.1363,-5.6394,1.1995,-8.0745,-0.7426,8.7175,0.7201,8.5997,-0.4165,6.8408,5.379,-3.3639,-8.5716,7.2964,-3.6608,3.6164,7.7558,-6.189,-3.9468,2.7032,-9.392,7.0752,-8.1813,-6.3514,1.4923,-6.1324,-8.0937,-1.4449,5.4423,2.8249,3.57,-5.2676,9.4736,8.4602,-8.0397,-0.2223,-1.9533,-8.9342,-3.4372,-2.7241
-2.7498,-3.2052,-4.035,-8.7214,-4.1606,2.161,-2.0104,-8.8457,-9.7134,-2.5298,4.4943,-0.6659,9.2705,6.0616,1.3757,9.077,3.7897,-4.578,6.4737,8.5882,6.669,-3.7648,9.4055,9.2977,-9.5482,5.4373,-9.1985,5.2953,-4.8528,0.6112,-6.1468,-5.606,-4.4248,2.6972,-3.494,-9.3724,-3.1331,-6.949,9.4357,9.1201,3.2611,-8.095,9.0459,-7.0803,-9.7364,0.6885,1.9837,7.8457,8.7947,4.9599,-6.6655,8.5439,-1.1058,-1.0728,4.8876,-2.273,8.3282,-0.6621,1.8858,6.4928,-2.1707,-0.1028,-0.2122,-2.7723,4.9588,-0.4742,8.1647,-2.316,-6.3683,-7.3512,-7.6107,8.4818,-5.058,-6.4723,-1.6111,7.1412,-8.8557,0.9553,9.5483,-7.986,-1.7845,0.0746,5.7578,2.2232,7.1875,-9.5233,-4.0712,6.7738,3.1884,7.7833,-0.8742,-5.7816,-5.901,7.9808,-8.7255,-0.6688,-8.4477,9.8434,-7.8762,-3.6348,7.8648,-4.979,-0.1602,-6.9173,6.3073,5.8974,8.9852,3.8174,-3.2968,9.5434,-4.1633,9.2889,1.7078,-3.9504,-2.0716,7.6859,-2.7209,7.4344,-5.8759,3.5559,9.7285,-7.3812,4.9048,-3.5989,-8.2577,-5.14,1.325,-2.8673,-8.2667,9.7402,-5.5881,0.7241,-7.2459,-1.3563,-2.5548,1.4835,0.1419,-7.8089,1.9451,-7.54,-8.2502,-8.3691,6.332,-6.2157,0.5162,-4.7489,2.6607,3.828,-7.7543,-3.3771,-2.421,-1.2935,1.5776,-7.516,8.2029,-0.7232,5.6672,-7.1079,6.9988,-4.1905,-9.9773,5.7809,2.2425,-2.4673,5.2973,-7.8156,-7.6786,3.8941,-5.9362,-7.4563,-6.6879,-0.1072,4.1484,-9.7875,6.2874,-7.2052,6.8498,7.6136,-9.0373,-4.0752,-2.3988,-5.2443,2.5979,0.0388,-6.0244,-6.216,-1.5041,5.0946,-7.2126,5.5529,-6.5575,-1.8366,9.2903,1.0352,3.1705,-8.3678,1.1939,0.0209,-3.2939,4.5002
-6.6669,5.8108,-5.2441,3.4859,5.1697,-1.0544,-0.4513,-0.8946,-4.3881,-0.547,-5.8444,-4.7902,-5.2517,7.244,0.8294,7.0725,-6.0613,-9.7815,-2.3599,4.3076,9.1963,-5.8599,9.1937,8.7043,0.3339,1.4892,1.7917,4.3401,-9.4798,7.2131,8.8053,4.9842,1.0338,1.6983,-9.6743,-1.6136,2.1934,7.2742,2.3792,7.9451,4.065,0.7546,-4.6698,9.7857,7.0959,1.0219,-4.0037,-4.3257,7.0836,2.3011,-9.1406,9.065,7.7168,7.8112,-2.2489,9.5053,-0.2271,-8.7464,7.8242,4.503,-5.837,4.1863,9.6982,-9.5853,-2.4442,5.637,-3.9386,6.4458,2.6783,7.814,-4.3414,4.7819,-4.9471,-2.593,9.3966,-4.9583,-2.2141,-0.6199,-9.7956,-8.1015,-4.584,2.4889,3.6256,7.8778,-4.9624,3.6798,4.5126,0.6701,-3.9547,3.732,-2.6664,0.1308,5.835,7.0284,-6.0296,7.0843,9.2413,4.0568,6.0229,-0.2005,-2.4351,-2.9845,1.4941,-0.3389,-6.8828,5.9849,-4.1831,7.8281,-4.8095,-0.4519,-6.9305,-2.8443,-4.2085,2.0867,6.0034,-5.5449,-1.119,-5.1295,3.5385,-8.488,-1.5464,-8.4743,1.1073,2.7244,2.1262,0.9388,-5.4809,8.4823,-3.6481,8.0775,4.6343,3.3312,-0.2843,3.2122,-3.5569,0.7915,7.8595,-0.6303,1.7758,9.4989,-9.1862,2.9713,-3.9916,-4.7824,3.8865,-8.1685,-0.0177,5.7471,-7.9742,3.0133,7.8858,5.6248,0.7377,-4.6374,-2.9795,6.1816,-4.181,0.3906,6.1282,5.7955,-0.6424,-6.3493,5.1304,-3.8291,0.4283,7.2881,8.6553,-0.6184,8.253,-8.4852,-9.2659,-9.1235,-3.103,7.253,-2.7586,9.5796,0.2247,-0.3881,-8.0737,-6.7582,7.915,2.7547,-4.126,-5.7757,-5.1663,-0.8652,-6.1284,-1.6095,-8.0546,-4.1787,-8.8237,-7.2611,-5.6117,-6.9756,-5.0113,-6.1308,-1.4911,6.2902,-2.9968,-6.6049
-4.2026,-2.3263,6.1233,-4.7178,-8.181,2.6289,-3.8355,-3.7001,4.4709,-0.622,-2.8723,4.8132,-3.4191,0.7665,-5.0612,-5.0972,-1.6428,8.2245,1.4115,2.2583,7.622,-1.8679,-1.5345,4.1447,-8.219,-3.6606,2.216,9.4158,3.5644,-6.9256,-8.1828,4.0707,2.0044,4.8402,-8.9849,6.8874,3.7565,5.9453,-3.8369,3.3692,-9.7058,-8.8741,-7.0944,-6.1281,-0.0148,1.0322,9.924,0.8537,-0.1668,4.0271,-0.3999,7.1606,3.0361,2.0287,-4.4825,7.672,8.9318,-2.5038,1.8828,-4.1702,7.3803,-0.1563,5.1355,-1.5536,0.7169,7.2003,9.2624,2.5853,4.0114,-1.6962,8.4563,-1.1426,-9.0483,2.6487,-3.2193,8.9791,5.3406,-5.4443,0.0632,9.6208,-1.546,6.2082,-7.9018,-7.8271,-2.6542,-1.8314,0.2382,8.6777,-5.1516,-0.3164,4.1808,1.4489,-5.8137,-0.5342,-3.1011,-4.6542,1.9572,-5.8921,-1.8089,-0.2599,6.0204,-2.2234,9.5708,5.8199,4.8071,8.8147,-3.4403,5.5639,-1.7366,-5.6389,-0.5513,1.0996,1.9372,6.0168,4.4705,-0.4552,2.6147,-4.0315,7.916,7.038,-4.4633,-8.182,-6.0636,8.1459,8.1831,-2.3805,-4.4966,-3.837,9.216,-1.4519,8.6703,8.543,5.0908,8.5317,9.8896,-4.7874,-0.5207,8.5693,1.8123,4.9428,1.0298,3.8902,-6.2024,3.9411,9.3028,-4.5797,-8.9466,4.6598,4.5852,4.9718,5.2498,2.8055,5.6288,-6.7352,-0.3143,-5.8241,-2.8005,5.6817,7.3028,-8.3033,3.3171,-0.6677,-1.397,-4.3069,9.7763,9.8829,4.4344,0.0442,-1.1295,-1.0505,-6.1711,-7.1818,-0.7625,-3.1239,1.5091,-8.3303,-6.9946,-0.4324,-7.9958,3.5356,-7.2249,0.1083,6.2524,-4.2208,8.8423,2.3798,-1.9341,1.4134,3.945,-4.3497,4.3143,3.1524,8.5567,-2.2396,-6.5743,-6.3653,1.2165,1.2111,-7.4431,-3.6891
-2.1625,-2.2355,3.3333,6.2739,0.5519,7.0918,7.0839,-8.3783,-7.3644,5.9126,-9.0869,-4.4693,-9.444,-3.7048,-8.966,-7.1843,7.6003,1.6359,7.3272,9.5896,-6.462,-6.9299,-8.7734,4.8645,5.2248,-7.3166,-9.3659,-1.349,9.2045,-1.0347,4.3061,-3.6999,4.4702,2.8164,-4.3145,-0.7846,-8.3735,5.908,7.1425,-6.0114,6.1944,8.2677,-7.0304,0.1414,7.6931,-7.6414,-3.5341,-1.6064,1.478,-1.6126,2.1447,-2.3296,7.1748,9.158,-3.8226,5.7473,4.8136,-2.0189,-2.2584,-2.8576,4.2921,5.2595,-7.8644,0.718,1.8903,7.7295,6.7607,-3.9579,3.7576,1.2576,-6.412,-4.3832,4.2443,-8.5802,4.8626,4.3019,-7.8607,8.4848,9.4918,1.3575,-2.7311,-0.8599,-7.5252,-4.4609,-7.3466,7.1509,-3.3844,-3.3428,-8.8542,-1.3321,-2.5249,-9.2526,2.588,6.5373,-7.5702,-2.5216,-9.4039,4.4673,-4.0318,8.579,-8.3189,3.5079,4.8424,3.8385,-2.0558,9.3933,-8.2943,1.7004,9.5695,6.0793,-7.0864,8.6909,2.8636,-7.4053,9.2758,-3.0678,8.1951,-8.4927,2.9959,5.861,2.2416,4.3718,4.4198,-0.5992,7.2175,4.6317,-5.692,-8.2448,6.1295,3.9863,1.5715,-5.5256,-7.5532,-2.9282,3.2375,1.5111,-9.7886,4.3645,9.5136,-5.6488,1.8325,-1.5227,5.4236,9.8877,6.5538,8.0886,8.9864,8.1247,6.4925,-2.8447,5.1846,-7.3424,2.5861,9.4404,-6.4704,-3.2377,8.4926,7.7582,6.5152,9.7517,-6.2008,-1.7618,-8.1881,-8.6691,6.0487,-2.8196,-3.5927,-0.5443,-6.2728,-9.9783,5.1584,0.0583,0.286,2.9661,2.5704,-4.3478,-0.8604,-5.4305,-6.4548,-2.0937,0.6328,-5.5208,0.5365,7.1221,-1.8282,4.7434,1.1214,0.51,1.0356,-3.0876,7.7602,0.2367,9.2908,-1.8836,-2.0407,7.2478,4.183,-8.2516,8.613,-9.749
8.871,9.4177,-7.2883,9.7741,-9.031,0.3063,0.1849,9.3135,5.3317,3.2356,-6.7105,0.1442,-3.6412,3.1424,-1.5546,1.8807,7.3994,6.0502,6.3913,-9.9419,-5.9399,9.014,4.4987,-0.6146,5.5829,3.6769,-8.3213,-9.1946,1.6582,0.5409,-9.5449,6.717,-2.8911,-2.0675,2.601,5.2681,-4.5836,-5.7022,2.6575,3.1885,-7.0347,-6.3752,4.5944,-0.9474,3.7007,-4.9681,-2.654,-2.3867,-1.6135,1.9208,-0.7123,1.6126,5.3892,-8.7141,-7.7916,-5.2797,8.2386,-2.201,-9.8181,-8.8511,-8.2676,4.8265,-4.2807,7.511,6.4161,-1.6466,7.3075,-1.7453,-3.908,-2.8028,1.6022,8.0845,-9.4309,7.5437,-0.7822,-5.5828,1.7045,7.6157,-8.0067,7.8875,-6.008,5.8734,1.6788,-8.9901,2.094,-4.4685,-7.329,1.7018,-9.6784,0.711,-0.6305,-4.8859,-1.0888,-3.8196,-0.7442,-6.3157,-9.3128,8.7523,-9.8335,-2.3631,-0.5255,-5.4318,7.6356,-1.4797,3.463,-9.662,3.4291,5.5132,-2.7488,-8.3755,5.7091,-3.3325,2.0605,-2.3303,-1.6877,7.0739,7.3624,7.3303,-8.6388,5.0262,-1.0586,4.4703,-1.7376,-3.7417,-1.7557,-7.2009,1.5059,4.6624,1.9566,-1.8189,-7.3347,3.2419,1.551,8.6383,-9.812,-8.3188,1.9221,2.94,1.7965,4.3871,-7.5536,-9.4681,8.9474,5.5387,-6.5568,-9.3545,-1.6048,-6.8299,3.9332,8.5273,2.6738,-1.3529,-1.8592,-9.3965,-5.3165,-2.295,-4.4146,-5.1239,3.643,-9.2174,-4.2018,-5.0619,-4.6252,9.5246,4.8008,-4.2943,-1.1553,9.9786,-2.2507,1.2761,-0.6059,-5.3056,-0.7151,2.4038,3.2814,-8.3402,2.0482,7.6754,-5.4702,-1.2566,-3.117,-0.1659,-1.3806,1.8221,-4.6711,-5.6801,6.7319,-8.4527,7.8645,-2.2036,1.1828,-7.8266,4.7282,7.4009,-0.9298,-8.9847,-6.5725,9.3814,9.7025,0.3719
-8.9492,-4.383,5.5823,-4.8632,8.2058,-7.0056,3.6026,6.5806,-5.0473,-5.3717,-2.8036,-1.3503,5.5594,6.9191,3.9311,-8.8397,-6.0178,-2.0192,-8.283,-5.1537,-9.4984,1.4566,-3.9494,-3.0374,-0.3675,-5.8676,-7.2274,3.4567,-7.1963,-1.0688,9.4985,-0.2682,-1.0168,-4.4952,3.2379,-5.2004,2.0155,-6.6767,2.186,-0.2715,0.2239,2.592,-2.7944,2.2407,4.1185,0.3691,-3.901,7.6059,4.7523,0.7575,-5.8192,3.7903,-1.1446,5.5818,7.4665,7.1213,-4.0887,8.223,7.7831,-0.5353,-5.8877,8.8869,9.5043,7.2097,0.6199,6.434,-9.6706,-7.5239,-3.6144,-5.1998,-2.124,6.346,-2.2659,-5.9466,3.2079,8.9922,-3.476,8.2396,7.8388,-0.0409,6.4702,0.8322,-2.3463,8.3072,-7.6004,3.9893,-8.7309,-5.0239,1.9565,-9.1164,9.196,2.4047,-8.6573,-5.8005,-4.46,4.348,6.1449,4.7167,4.478,3.2082,-7.6347,9.5515,-7.8642,9.5857,-6.7362,7.2683,-5.1905,-4.9462,0.9766,9.5606,-1.5257,9.478,-5.1722,-8.6787,1.6018,9.8784,3.7026,-7.282,-7.5549,2.2676,-2.386,-7.5528,-2.7865,6.0455,4.601,-9.7561,-1.398,-9.2682,9.6708,3.3312,-0.5358,3.4808,4.7119,2.8556,5.3875,-6.8404,9.4616,-3.1467,-2.5782,-5.1929,1.7105,0.0821,-2.4619,-1.6018,9.6174,3.0921,-5.4887,-7.3597,-1.6298,-4.4461,-8.6949,2.7369,-8.2405,-2.7414,7.1933,-6.0255,6.0482,2.5332,2.2814,7.4672,9.8738,-6.9591,3.4297,5.1586,2.6515,-6.218,7.7062,0.918,3.1737,1.3899,-3.1483,-7.2591,1.7788,2.5108,0.067,-4.1847,5.8061,3.1402,-3.0201,-5.3912,-1.9838,-5.2741,-7.915,-9.7261,-8.9948,-2.8934,8.9308,1.8885,1.0098,7.6726,9.2245,9.466,-2.7267,3.7369,-7.473,8.2295,-1.8986,-5.7772,-8.0489,7.4104
7.3631,0.0457,8.2583,9.5121,6.9652,-4.0727,-8.952,-2.3379,8.8651,-4.9361,1.6659,7.2431,4.3924,3.4298,-0.782,-1.049,0.6475,-2.3921,-8.3114,-7.5154,-5.8064,-0.5208,6.4075,9.7086,3.1021,5.1157,-3.4637,5.642,1.2992,-7.7686,9.988,-1.2529,8.4392,-0.0325,-7.3249,-8.3527,-5.8948,6.17,-1.5591,-0.8111,-0.2956,4.8145,0.833,3.2776,9.2757,-9.6503,2.4388,5.5484,-4.3318,-6.3986,8.5395,6.478,-0.2795,5.5677,-7.0018,6.0579,-5.1768,-5.0146,-5.8529,-1.9439,-4.9924,5.2576,4.599,4.7993,-8.5817,-3.293,-9.7404,1.9009,1.2206,6.1222,-0.1298,4.682,6.932,6.6323,-9.8313,4.6842,-6.1765,-2.4987,4.5851,9.4005,6.0419,-2.2098,-3.7583,5.1989,-8.6661,1.6564,-3.3604,6.8657,-0.1944,8.8275,-8.4106,2.5848,0.4552,-8.7827,-4.1054,-1.9999,-7.5302,0.0137,3.6793,3.2239,-5.7461,1.7193,7.8901,-4.4517,5.0342,3.9134,-8.5526,5.404,-4.8076,-4.3131,-2.8845,-7.0886,-7.7853,-6.598,-2.1673,-1.2258,8.7141,-5.8993,3.0336,7.8046,8.8358,-5.5882,-0.7171,0.3301,6.7867,9.2535,-8.723,-9.1533,-0.1766,1.3623,-9.7024,6.8382,-4.9332,6.2167,6.4493,3.5585,6.0992,-5.7357,6.1898,-0.0794,3.2874,-2.1417,-9.4427,3.8845,5.3209,-8.1617,-3.8608,-0.1235,-7.9839,-7.7224,-1.431,3.8642,-0.098,7.8554,6.2227,1.9834,7.4551,2.1954,3.3525,3.9078,3.1461,0.6056,-0.1826,-8.1065,-8.288,-9.2008,8.4638,2.2451,-3.1658,7.1758,-7.9364,-5.0719,-6.9359,3.8916,-9.265,9.281,8.0414,-9.1508,7.0862,9.0389,8.4454,1.3493,2.8431,8.0884,9.0882,-7.6687,-0.5189,3.5385,-0.1021,0.674,3.6752,9.1242,3.0374,1.1293,-0.252,3.4468,-7.0032,3.3354,1.5284,8.1782
3.8074,-8.9869,5.9823,3.0021,0.5529,3.6103,8.0868,-3.6788,-1.0592,-2.6643,3.199,-5.4912,-2.8451,-5.5515,-3.9814,-7.6857,9.6539,0.384,-1.9731,-5.7541,8.9195,6.919,-3.4636,5.8166,4.6802,-2.6654,7.2771,-2.0773,-1.026,2.8451,-1.9614,4.3335,5.2125,2.4875,-3.5488,-8.6751,4.9902,-0.5872,-2.3143,8.5021,-9.8932,6.9173,4.2378,9.1247,5.1137,-5.297,-9.5506,2.0568,-9.0597,-3.4951,2.8116,-5.0636,3.4992,1.6451,-2.3434,-0.8366,-6.5466,4.3784,-8.0103,8.5549,2.0547,-1.6019,9.5767,7.0803,-1.7934,-8.4921,1.505,7.9643,-2.2698,-0.2238,0.9295,7.0097,-8.9433,2.1231,-9.0378,3.5557,3.257,-8.8867,8.5285,-9.1903,1.2589,8.6193,1.1728,3.2083,-2.8513,0.6359,-5.4696,-7.4046,6.0062,-1.4949,-2.7661,7.6686,-7.0909,3.856,-6.0761,-9.9574,6.4835,-8.7049,0.7028,-3.9206,0.1257,0.0489,-4.502,0.2973,-4.1349,-6.5928,-6.8696,-3.0694,-1.502,7.9407,-4.7653,2.7342,1.8779,-4.647,1.0715,-8.1826,7.996,2.7946,9.452,3.8957,4.0889,-7.4884,5.4852,3.2436,-9.2577,3.4326,-8.2411,5.2586,-4.9401,0.1775,-9.1899,-5.9221,-7.8293,9.2416,3.812,-2.111,2.6181,7.8387,-1.8097,-9.6663,4.1765,4.403,-8.7393,1.9333,7.5819,-9.7359,-3.7474,1.9137,-1.8221,-0.6739,-6.1314,-8.1379,2.2556,3.6868,-5.4553,9.5379,-2.5939,0.5393,-6.5153,-1.0077,7.7236,-2.6094,4.7051,-4.4887,-1.4992,-1.2689,6.921,3.9733,-5.2013,-5.191,-3.2216,6.032,-8.8846,2.3958,-8.7095,-1.7989,0.1044,-3.8677,1.0617,3.1407,-6.7627,9.4711,2.2379,-3.9441,-7.4733,3.6959,5.506,4.0163,5.5191,-7.1437,-5.0663,-4.7084,8.5922,6.6089,-3.2563,3.4721,5.6061,2.5614,-0.051,-4.3946
5.8204,-4.9786,5.3292,3.4827,9.9241,-8.6163,-1.3348,9.6245,9.4047,-7.1655,-6.6726,3.4862,-8.8156,1.5963,3.4222,-4.3031,-8.5787,-6.6347,3.4653,-5.1547,-6.1162,-4.6964,-0.2853,-3.8362,-7.3327,0.2818,-4.533,-6.2825,3.4296,-3.5754,6.2514,-2.6002,-8.1876,-4.301,-2.5444,1.8642,5.0353,4.6228,9.7901,1.1537,-8.0537,-3.8631,-0.948,8.9586,-1.8833,-4.374,-8.8157,-7.9352,1.4811,1.3178,1.1762,0.2741,7.0893,5.508,-1.116,4.0634,9.3829,-1.3142,-5.5194,0.2393,-2.8984,-1.6863,0.1704,-8.1435,0.8038,-4.5669,-4.6188,-0.7182,-4.5253,-0.4195,7.2266,-8.5109,7.6791,0.5432,9.7311,3.8501,2.4863,6.0192,9.897,-3.506,-9.9654,-5.1433,4.4766,0.0856,5.1894,-1.9871,1.4236,7.4808,-7.0497,-9.9978,-1.3447,-7.4751,-3.0836,4.8926,5.533,-2.9423,-6.9194,-2.2037,5.6955,7.0908,-7.7344,4.2663,-9.5375,2.9121,-1.6293,-4.4878,8.7552,2.8902,-1.5286,-2.4159,6.7358,5.8716,4.768,5.1636,-6.2436,8.7589,0.3892,0.7586,7.13,-1.8529,-1.9209,0.8093,3.4867,8.0561,-8.582,2.5127,4.9318,-2.598,2.303,-1.4871,5.3146,9.8327,-0.5175,-1.5125,-9.4675,-1.1677,3.8992,1.84,9.2195,-5.2851,-9.9752,-5.42,-6.0232,9.947,-5.2155,-7.0488,4.0888,7.7466,4.3899,-6.2702,6.2021,6.7289,5.5778,3.303,-2.3357,8.9822,4.0897,5.7399,8.0906,1.4983,-2.4201,-7.1445,-5.1691,-1.6631,7.1996,9.7169,-9.2652,4.0862,-8.9432,-9.1662,-1.3174,1.8628,-4.7925,2.1051,6.3436,9.5806,9.2062,3.0601,-5.1489,-3.1831,2.8278,-5.1421,2.3588,2.0209,-5.7847,-7.0223,0.1929,0.5807,6.3452,3.1646,-9.0358,2.1953,-0.2311,2.1355,-0.6515,-0.9865,4.4824,0.1279,-4.7453,-9.9711
-2.2458,1.9229,3.0336,-8.4462,-3.3447,9.0342,-4.6077,9.9052,-2.2143,5.5503,-0.734,-1.258,3.5507,-4.7352,8.4207,6.0229,-6.5881,-3.583,-9.6264,3.7244,1.3318,-9.7018,7.787,-4.5092,-0.6329,6.491,1.381,-8.7021,5.6809,2.6542,-3.6736,3.3487,-4.1752,2.5276,-4.569,-3.6788,3.8378,2.537,1.6794,-4.0892,-8.7339,5.3194,3.2635,0.0601,-5.4255,6.8291,7.6967,7.1657,1.0141,-4.9117,-1.1629,6.6537,5.834,9.3595,-9.6129,2.8438,0.1175,3.7865,1.6023,5.0626,-8.6024,2.7739,9.8625,-8.9008,2.148,-4.5677,-4.1747,4.6277,-6.6688,9.8172,-2.0566,8.396,-9.7557,2.4192,0.0835,-1.0618,4.7691,9.9787,1.7991,8.9243,-2.1809,-1.5927,1.7762,-0.7382,8.8541,-7.7109,4.3265,7.201,-3.7885,-2.9537,-7.9502,-4.0326,4.4024,5.8696,-0.1515,7.623,8.3619,-7.6355,-5.1364,-3.2741,-0.5221,1.4164,8.4387,4.4317,2.5586,6.2231,-7.9782,3.6263,-2.8007,3.0948,3.9601,-6.1837,7.8542,1.9047,-0.6325,-0.7593,1.8825,-7.7109,-9.96,7.6427,9.4446,-4.5955,-2.635,-2.1215,2.1662,4.8098,-4.4652,-3.8002,6.7886,8.6382,-5.7303,-0.8797,4.3098,4.4773,9.327,8.7883,4.8502,-7.6674,-2.3514,4.9862,-8.181,2.806,6.5752,6.5661,1.7057,-9.2689,2.4158,3.8422,-6.767,7.8795,-3.3912,5.6664,-0.157,-9.5329,-5.0591,6.1691,6.9432,5.2257,-2.861,1.2791,2.0293,6.3933,8.0822,-8.432,-4.9219,4.94,-3.0762,-5.1533,-4.1828,-9.4389,3.3038,8.659,-0.3614,9.0927,-2.879,6.9871,9.0233,6.0071,-6.5062,-5.699,-2.0738,5.5208,1.5552,8.8897,-9.2521,-3.4198,9.3817,-9.6746,-6.2495,3.4311,1.3806,-0.5725,-3.4574,-4.5431,1.029,-3.457,-3.792,-9.669,4.1147,-0.5134
7.0112,1.6794,-0.4329,-2.6607,2.0754,-7.8209,2.0355,9.24,5.0271,-4.8378,-6.4432,7.6479,-5.6375,-3.8711,-0.6857,5.9428,-8.0645,1.0385,-6.6859,0.2183,-9.5348,9.6438,7.2444,-6.2343,1.5065,-5.9763,2.0279,-7.9145,4.4535,-1.5245,3.7917,5.8671,9.9089,-5.5623,5.9724,2.8046,3.9634,5.8239,7.6845,3.4279,5.682,-8.599,4.5843,-3.1182,3.5701,-9.1158,3.1944,-6.2584,-2.9644,4.2388,-7.535,-3.9236,-3.1179,-2.2756,4.0551,-0.5316,6.8763,3.2444,8.4248,8.8796,5.9667,-4.169,-3.1766,-3.6037,-5.5425,-5.3165,-6.2507,0.5749,-3.9746,0.5655,2.8074,-6.3825,1.4562,4.6717,-9.9463,-7.5367,-4.1745,-8.8483,7.0024,9.882,-4.5812,5.2425,-9.3222,4.3585,-4.1438,-0.7947,-5.2767,-8.8439,3.8695,-2.6512,-9.8341,3.4582,-0.9083,9.0056,-6.4383,-4.8192,9.9521,-8.2868,-2.4739,1.0187,-3.0408,-7.1286,2.8345,0.2429,6.2135,5.0502,2.2814,2.4459,3.8087,1.9592,-8.1667,-8.0246,6.8459,-1.5436,-8.3551,5.4027,-1.4254,-6.233,1.4703,5.1566,-9.5346,-1.3428,-6.2051,-0.0465,-6.1073,0.6838,9.1869,9.1725,-2.0614,-2.8655,0.3237,-8.2066,-3.3951,-9.1371,4.1714,-8.8239,-4.3318,8.196,-2.2692,-9.0909,4.4821,-9.7855,0.5056,7.4221,0.1473,5.3561,7.7837,-5.9218,-4.2045,3.3604,-8.9523,8.8806,0.7574,-5.388,2.5932,-6.7028,0.4572,-7.6153,9.2686,-8.5661,-1.2259,-3.4318,1.3369,-1.4637,-4.5043,-7.5503,-0.0824,-9.1986,0.5087,-3.2587,-4.9373,-5.8168,-4.6235,-0.1283,-6.3012,-0.3204,0.8654,2.5916,-1.7001,4.8045,-8.8261,-9.022,-1.6871,9.9447,2.0702,2.167,-8.7678,4.2562,-3.1319,5.5053,9.9959,-7.017,7.2187,-6.3452,-8.1146,4.3175,2.9027,-4.2336,-8.1281,4.7823
-6.9685,-5.8404,-8.1984,-7.9412,1.2475,6.5723,-9.0084,-2.0275,9.1946,6.0116,1.347,4.4785,-3.1625,2.5766,3.1535,-8.2177,0.5041,4.2484,-6.9909,-5.3306,2.3709,-3.9591,-6.6328,-3.8682,7.4518,-1.6616,-2.667,-2.7045,-7.6917,-5.055,2.3653,-0.7335,9.1332,-8.9182,-6.7433,6.2117,3.1561,-1.3906,0.8565,-0.4359,-7.8687,9.261,-3.3888,8.6608,-0.879,-8.3389,-9.4584,-0.5606,-8.8915,5.0105,4.7231,-3.5164,-9.8904,-0.7667,9.8722,5.8518,-1.0041,5.4037,-0.3435,-7.4975,-5.8684,-1.46,-3.8207,0.8415,6.0841,0.5677,0.121,-4.3992,-1.6995,3.6044,6.2356,4.4909,-9.0451,5.1054,-2.7006,-1.8851,8.6866,0.4494,-4.4593,2.8468,1.6604,5.9883,2.6199,5.2036,6.7522,-3.4343,6.6914,-6.4862,1.7356,3.7325,7.2943,-7.2875,0.244,-4.8529,-9.5925,-0.3401,-5.9508,-3.5158,-6.2091,9.2984,2.3073,-1.3991,-4.2649,0.225,1.4322,2.7283,3.5531,4.3713,-1.4493,-0.7468,1.614,5.8442,2.7132,7.0549,4.4699,-6.1512,-5.8931,-0.426,-8.0328,8.9982,-5.6786,4.1036,-6.7651,3.5772,7.3647,6.6091,-1.7387,8.9834,7.573,-0.6016,4.2703,-1.2794,0.3301,7.6485,-2.4131,8.1219,4.5283,-3.8718,4.162,-8.0478,-8.7804,3.3872,-6.0375,-2.6698,-2.5274,3.9666,-4.7597,-1.0881,2.5817,-1.8468,1.1636,0.3015,-6.7976,2.2797,-3.157,7.2543,-2.672,-9.5401,-0.0316,9.603,4.893,9.4759,-5.8202,6.9544,7.2315,2.136,-7.1637,-5.4083,5.413,3.2415,-7.0603,9.364,3.9244,-4.8715,-4.6726,-5.2312,4.6282,-2.9908,-8.7214,-3.5191,5.3764,5.4885,-7.618,-1.7979,4.0658,6.1634,-7.3493,6.3677,9.499,6.1959,-6.303,4.4162,-0.4709,-7.4731,-8.5942,-3.7502,-7.362,-8.32,6.6183,8.1893
-5.5746,-0.5632,-2.6751,-0.7059,2.7614,6.0416,-8.7517,-3.7453,-5.8292,-3.3429,5.1942,-2.2423,-0.4742,-1.9939,3.7436,8.4966,-5.234,7.168,-1.2942,3.8097,6.9361,-4.0123,1.4173,-8.7017,-5.0062,-0.8757,0.0342,7.4665,-4.2902,-4.297,6.8952,6.8342,6.5828,-6.214,2.228,-1.8833,-2.4577,6.8273,-0.908,1.3472,-4.04,-0.9233,-5.7797,-2.1422,2.8466,3.2155,-0.3098,-6.1916,2.0495,-9.4115,-9.5955,-0.6979,4.0421,3.4851,0.512,5.9205,8.7532,-8.1651,-4.1477,9.0623,-9.6907,-2.3974,-6.327,8.7963,-5.5278,-9.8342,8.6344,3.6889,7.0072,-7.8248,8.4958,-5.7758,-7.4003,-3.1008,8.0492,-6.0054,-2.7588,-7.6182,-8.784,-9.2195,9.315,9.383,5.1924,2.5503,7.9368,-1.1067,9.3803,7.9896,-1.8864,5.2768,-0.4144,0.829,-8.5495,-5.4446,8.8874,4.4107,-8.8866,6.6036,-2.2084,-6.5914,-4.7731,-7.0819,-0.5893,-4.9226,6.6486,-4.3575,-2.2442,-8.4874,6.2323,-3.093,4.4741,2.9239,-1.6454,2.6399,-0.7709,9.0278,-4.0396,0.649,0.0002,-2.3518,-9.8525,0.0981,3.4966,2.2835,-7.0357,-7.9063,5.6255,2.1545,4.5602,9.9623,-2.8959,-5.0963,3.6742,6.1267,-1.8292,7.5478,2.3759,0.7641,0.7021,3.517,0.6865,-5.9455,5.038,-6.5457,-5.2981,7.8479,-8.3708,5.3987,-7.8182,-4.0722,3.9743,-6.9565,-0.1869,-5.6755,-8.9694,7.403,7.6291,8.4807,8.364,1.7005,3.0019,-8.1435,-1.8819,-4.4815,5.8894,3.1632,6.4844,8.6786,6.7204,4.3229,-4.8752,4.3828,-4.1367,-3.5689,-5.8802,-0.2335,7.047,-8.5726,-4.9737,1.5647,1.4535,9.6622,-6.2394,5.8109,9.6845,-4.485,-2.6711,-6.2322,3.2685,-3.4327,-3.203,3.2903,-6.381,7.3858,4.5562,-9.6813,3.0148,-0.7502,-6.0562,1.5334
0.0693,-7.8338,-3.7911,8.6453,1.5734,-6.1044,0.3837,8.8275,-3.0007,4.8768,-0.3149,-3.7434,8.2224,3.9201,9.7282,0.1983,3.1128,6.1591,-5.2686,-8.8775,4.1556,6.8279,-7.0145,-3.0699,5.2159,1.0434,3.6684,-3.1968,-0.3785,-7.7027,-9.4509,2.9057,-2.668,4.7869,9.8193,-0.1947,3.7243,-5.3345,-1.4208,9.0969,4.3971,-0.1885,2.5938,-5.2984,7.2932,2.7395,5.8012,-8.2813,8.2774,0.6324,9.7001,0.306,4.7667,3.6137,1.3088,-9.5262,-3.0944,-3.036,6.5469,-1.8725,6.2433,7.9628,1.8324,-4.1935,-0.7121,5.804,-8.5878,8.3299,7.6763,-8.1757,-1.7492,-0.9146,1.0805,-1.816,-1.0362,-4.5494,-0.7177,-6.5407,-7.6083,0.6779,-7.7994,-1.4126,5.6995,9.201,-8.6068,3.7017,9.1099,-7.2734,-8.8326,-5.7403,-4.7391,-4.8103,1.5979,-7.9106,-4.8167,2.3913,6.7255,2.1177,2.4443,4.1711,-4.4375,-3.6716,-7.4542,2.161,-3.0185,-6.8488,-8.3897,-8.1957,8.4909,-6.5256,-4.6631,7.0095,-2.9932,4.8684,4.1008,5.1497,1.5103,-6.7934,1.1005,-4.6929,-9.4865,-8.4776,-9.5778,7.0904,-9.76,-5.6176,-2.4319,4.8296,-7.7216,-9.0067,7.2976,-9.1058,-6.1973,-3.4338,-4.1595,-4.826,1.8502,-4.9905,-0.9763,2.0048,3.6753,-8.4753,0.905,3.3498,1.3596,8.3409,1.2231,-3.7574,-1.1592,6.3604,5.1923,-0.0816,-4.7203,6.4997,9.5308,-8.5149,-2.8891,6.9618,-3.3348,8.1667,8.8703,4.2737,4.2572,-2.8919,-2.0723,0.8862,6.0679,7.6946,-3.8389,4.1215,3.7942,-1.1564,-9.3377,-7.88,-7.1161,-2.7498,7.3522,-7.2831,1.1399,-6.9322,-8.5958,-1.9186,6.8797,-6.2024,-9.6008,2.1908,6.1937,-0.0099,-8.9977,1.3865,-6.8398,-6.3348,-4.3278,8.7532,1.1344,-3.8421,-1.6636,-7.3217,-8.7759,-0.6358
4.5114,7.8066,2.9209,-7.2133,-9.4524,7.2438,4.8164,-1.1955,-7.4342,1.0308,-3.8094,4.9511,-2.7212,9.1411,6.3312,1.9402,-8.6762,-6.2643,-4.3512,8.9019,-8.1658,-8.3945,0.2385,-7.3319,7.0814,5.6392,-9.8781,6.712,-9.4036,2.5517,6.1419,-8.1742,-2.3342,-8.7734,-5.355,7.5124,-3.2375,-9.4843,9.5809,-1.0037,-4.4966,-3.0082,-0.3492,-1.7067,-6.4784,2.5111,6.8582,-1.5401,-1.3352,-7.0141,-2.9233,-2.1863,7.7408,-0.3265,-0.6887,-6.1118,2.7597,-9.2967,4.6778,8.5162,1.5368,-3.2173,0.4709,4.2448,3.1859,9.3907,-8.3975,7.2362,-1.1519,2.6532,-7.0958,4.6272,4.5023,-1.4368,-0.6883,-3.1707,5.8826,-1.4088,1.2805,-3.0514,5.9893,-9.3256,-4.5004,-5.9081,9.2486,2.8648,-2.3352,3.399,-2.6276,7.3747,-4.5888,0.987,1.0212,9.2047,5.9193,-7.0168,4.4577,5.2098,4.1362,-2.217,8.1223,-1.4309,-1.3949,0.7143,-4.2732,7.0032,1.9089,0.5644,-9.1856,-4.4899,-4.5127,-9.6398,-8.4956,9.1386,-0.7661,-8.1889,8.6682,1.9246,1.4033,-2.1376,-1.0445,-2.4961,-1.0202,5.0349,-0.6114,-3.8671,-9.5167,4.8934,-1.0884,-0.4011,5.8072,-6.4419,1.975,8.8917,-1.5804,3.5312,5.2864,0.2632,4.6428,7.3529,7.8906,7.7203,6.6952,4.4212,-5.1984,-9.5056,6.0203,5.0181,-4.7106,-5.9603,5.8297,3.3467,6.1338,4.4904,-1.7276,-2.1023,-9.5326,-6.2374,5.0455,-1.235,-5.0881,8.803,0.3889,7.0962,9.7262,-1.3567,-5.5842,0.3203,-2.103,8.6024,-1.5075,1.0982,8.4649,1.724,6.0789,-0.5755,1.5531,9.9737,6.9028,-0.9194,-2.6744,-9.9154,8.6467,6.0332,8.5083,4.2816,-6.2133,9.6261,7.4937,-8.33,-6.1919,-0.7264,3.4994,8.3874,0.8559,-6.7244,3.3758,-1.2886,0.3155,-1.5698
4.6807,-6.5951,-4.542,6.162,-2.3918,7.2054,3.8762,-6.3498,1.1345,4.1798,-5.9802,3.5714,-3.6258,2.8632,-5.5944,0.8995,-2.677,-7.8811,-5.7953,8.7949,6.642,3.7052,-4.5711,3.7322,-3.8265,0.2986,6.5346,4.2955,6.8489,5.6308,1.6257,-6.5579,-4.4504,-7.1486,-9.132,8.6004,0.4861,7.4548,7.6346,3.2015,-7.2424,-9.3313,-8.9624,-2.3271,-8.534,-4.0696,-3.0926,0.4833,-2.7887,-5.1991,1.7233,-0.4483,-3.0538,-8.5518,-9.5758,-1.565,-0.5075,-0.9442,-0.2072,5.1775,-0.9638,-1.8429,9.4822,9.27,-1.8584,9.3678,1.1276,7.4372,-0.3895,-9.9795,4.5883,-0.8493,-4.3837,-6.741,-8.8228,-1.6323,-5.3065,3.0292,-6.6238,-4.2711,-1.8283,0.1899,-2.6652,7.4353,4.0866,6.9228,-9.822,-8.8256,-5.408,8.4507,8.7106,0.4979,1.682,-4.9228,-3.6958,9.2172,-1.4236,2.6227,0.2519,-9.971,9.2704,-0.7455,7.2054,-2.4659,-5.5465,-5.4228,8.4865,6.9607,0.1766,-0.5368,2.4449,-9.0586,7.3994,1.8667,-9.1958,9.6679,1.1685,-8.5262,-6.1115,-4.3075,4.4087,-5.5481,-4.4272,4.0199,-3.3531,5.4327,0.0966,7.615,-4.7855,5.5277,0.8126,5.2204,-3.184,8.7256,3.7509,-3.1523,-6.8857,1.6016,-8.8976,-1.0108,5.9519,5.2407,0.2921,-5.0713,8.8339,2.497,1.1619,4.5335,-4.3372,-8.3323,-8.5871,-2.3532,-1.9992,-5.8276,-6.2274,-5.0423,4.1419,9.0106,6.139,0.6943,-1.9544,0.784,-6.7472,-5.6197,6.0824,3.6166,7.2312,6.953,-2.8825,2.5768,9.1541,-0.5891,-7.8682,-2.9926,-3.5824,-2.9798,8.2908,4.0831,-7.2023,-3.3172,-1.5121,6.4386,-7.7108,-3.1728,4.2993,2.7442,9.4445,-7.707,-4.7952,1.2114,4.9258,-1.4775,-9.6554,-2.7422,-2.5416,-3.9451,-9.5265,6.215,-5.8203,1.9977
8.5174,9.9057,1.7629,-3.5252,-4.9696,2.1309,2.1135,9.5007,8.1218,4.0522,8.4403,-9.4211,6.1899,-9.6522,8.5851,0.3451,4.3164,-0.9736,-1.8641,1.0895,3.8756,5.575,-1.9476,-9.5016,-6.8429,8.6582,-8.2961,3.1216,-8.7406,1.4046,-2.7297,4.7909,1.5101,8.4819,-1.6452,-2.9339,3.8463,1.3313,-8.5512,6.4878,4.9298,2.1842,-5.8625,-8.608,-8.0969,7.7253,-2.2993,9.6666,-1.7844,-5.9638,-0.7839,-5.5393,-2.4722,-1.9787,1.2299,0.1175,5.2695,-4.8176,-1.0016,-2.7927,-4.1641,-2.2086,0.9032,-1.7114,3.9959,2.5701,-9.7684,1.4011,4.8898,-5.4745,-0.3708,-9.1762,-5.7167,2.7968,8.1344,0.1472,-6.1054,2.174,-1.9261,2.4451,-9.8103,-4.714,-7.6712,0.6974,9.0506,3.3679,-6.9205,5.3491,-0.6268,-8.1182,-7.1811,-2.574,1.7793,-8.6379,-9.3775,-7.6829,2.555,-5.853,-5.2276,0.1651,-2.5578,8.8681,8.6682,-8.4732,-8.6138,8.8984,2.9742,7.4598,0.6114,-2.5694,-8.7489,-0.9553,-8.7686,5.1197,8.1656,6.3154,-8.5495,-7.0777,-2.7505,3.1098,1.3551,-5.0553,0.6885,2.2185,5.726,-1.9014,6.5317,-5.7225,-0.1966,-9.0943,6.8167,-3.7456,-5.4381,5.2309,-6.8191,3.4274,8.306,1.4175,-5.6653,-3.1703,-8.4888,5.9494,7.1564,-3.8802,-8.1133,7.8536,1.282,4.3994,3.5887,-4.1897,6.5053,-1.8612,-9.9187,5.4481,-4.0131,-0.2076,-8.9868,9.9811,-9.7493,1.2748,9.7552,5.3963,7.7778,8.7365,-9.4131,-8.0774,-3.6434,3.2137,-9.4027,3.1771,7.9342,3.0016,-2.2152,-3.2218,4.5203,6.2455,-7.4262,0.6719,8.2102,3.6424,-8.4426,-8.7265,7.0841,-6.7666,-6.5441,-3.6529,-4.5625,-4.6258,-0.6463,4.9459,-4.4476,-7.5511,6.4493,-8.4661,-0.0935,-6.8585,7.9445,-0.1949,-1.1477,-6.5577
9.3762,2.9721,-3.276,4.0852,-3.5494,-6.7196,-0.0952,0.4099,-8.3556,-5.0485,3.6636,8.3968,-7.6473,4.1711,-6.9571,-9.5437,-0.167,-2.5187,3.8487,-7.607,-7.197,7.5536,-2.3488,-1.3825,0.8276,0.4276,-2.8093,9.6712,3.4901,9.1317,-2.0136,5.9114,-8.1448,8.1943,1.4442,4.9753,6.2526,-2.278,-1.7015,-7.4483,-1.3685,-1.676,3.0063,7.3691,-7.1441,-2.8182,2.1683,5.4362,6.7728,8.1478,7.8828,0.879,-2.7211,-5.4613,-0.9492,-9.8878,2.1405,4.3572,-2.8567,7.7508,-3.2569,-2.7019,1.698,-1.8135,2.6964,-1.9772,8.3339,-5.3664,7.8408,-6.5116,-8.64,5.8819,2.3547,6.6495,-2.9974,-4.7655,-9.0911,4.4587,3.4184,0.1805,-4.8589,7.1785,-6.7046,-1.8797,-5.9976,6.9915,-1.2535,6.6949,9.7142,-1.6003,-0.8189,9.796,-2.7987,-6.8366,-7.8009,8.7348,-3.1595,-0.5668,-9.506,-5.0487,-9.3768,8.0774,-8.8586,6.6672,6.5757,-6.8708,8.4449,-4.1858,-8.0058,-3.9686,8.2519,-6.3082,-4.2399,0.0885,0.5816,-3.272,8.6041,2.1517,1.9205,-3.4129,-6.6747,-1.9982,0.5979,0.3731,-6.99,-9.5726,-3.1025,-8.0934,8.2606,5.0318,-8.5443,-5.8113,9.0173,4.166,-0.7117,9.3622,-6.0269,8.7449,7.3419,8.6295,-1.8266,2.0149,-2.4279,6.632,-5.9768,-1.4294,4.0239,1.1511,3.5781,-0.1282,3.8413,1.7607,9.8162,-6.3432,-6.7347,0.2849,-4.7296,9.7891,0.6758,0.1452,-7.5449,7.9771,1.8067,-5.5324,6.7146,-6.2048,-2.0348,-8.7389,-3.2849,-5.9765,-6.5137,4.1483,4.9819,6.439,9.6757,-7.2678,-3.419,9.6213,-5.7871,-7.9205,4.9109,-9.719,7.4147,-2.4631,5.66,2.257,2.0062,8.0457,-2.8557,-6.8646,2.5231,-0.2102,1.9962,8.1898,-7.3856,-5.2595,-0.6371,8.5739,-4.9553,5.022
9.9235,4.3402,-2.3442,-9.3547,-7.0294,3.6272,9.9279,6.7438,6.7237,7.0392,4.3087,-9.9665,-7.3944,-6.2005,5.2539,5.3658,8.0701,8.5275,-7.2799,3.7437,-0.3469,4.6783,-9.2362,0.7099,3.4061,-2.5213,-4.9242,4.9377,-9.2793,0.2088,7.0904,-1.7953,6.6012,6.3881,-7.6705,-2.7584,-6.3603,-7.4203,9.9659,2.7371,-7.0858,-6.8601,8.8879,-6.9018,2.174,-8.3759,-0.7216,0.8468,1.953,-9.3013,-3.2901,1.4293,-0.3098,9.9326,-6.8555,-5.9305,4.1478,-4.3607,-7.0897,-3.9541,0.2508,-9.2189,4.2194,-8.5389,7.3834,-0.5415,2.7246,-5.1568,-1.5584,-5.5169,5.7597,6.2814,-3.1306,2.2281,-0.4143,2.8678,8.6083,-9.8603,-5.9253,-2.7094,-1.5992,4.105,-4.3902,-1.9986,-8.8147,5.7899,-8.407,9.8857,6.102,-6.8622,-0.4161,3.8372,7.5082,-3.0595,-1.5332,-1.1736,-7.7572,-2.1772,-7.579,3.2516,-4.2119,6.6811,-7.0968,9.1509,8.7835,-7.1522,-7.7053,-3.5575,2.0549,6.3538,-1.787,4.8399,6.1919,7.276,1.1849,7.117,5.0183,0.8188,3.7815,9.2098,7.7336,-5.6491,2.0719,-6.1559,3.402,-0.2226,9.5792,-0.5978,8.9927,6.3757,2.3547,0.6622,-9.4115,6.3797,-4.5817,-2.8205,-2.0978,9.7939,6.389,0.0608,-3.2396,8.2025,6.0165,-8.0408,-1.5472,4.2333,-1.9779,9.5799,-8.5222,-8.1812,-8.3598,-1.5668,9.3728,3.1029,-7.6614,4.2905,-2.0218,4.3781,3.8865,-0.5159,-9.5918,7.8755,-6.2087,1.3378,-8.5589,7.5603,-0.8803,-4.8054,-2.9881,-3.0805,2.2855,2.5372,-7.7649,6.2709,1.2573,-3.6992,3.2938,9.196,8.1856,-2.0203,-3.66,-5.2787,1.3977,-6.5733,3.1959,9.278,0.7888,4.2772,-7.5699,0.7794,9.7185,-3.0924,9.9117,3.9375,8.724,-7.9657,9.7256,6.82,1.9537,-8.7638
7.8299,-2.0927,-5.4965,3.5704,-3.5579,-2.6506,-2.242,-0.8233,6.3307,-1.5041,-0.5326,4.1234,-7.6463,3.9697,-2.4985,-6.2481,3.8723,1.0438,7.5272,-4.6908,0.9068,2.9523,4.7383,8.4373,-1.8033,1.3345,-3.365,2.0925,4.6065,4.2158,3.3175,-6.2046,5.8277,-2.87,1.3843,-4.9638,8.862,-1.0884,-0.8093,-0.267,4.4563,5.1505,-5.2063,7.859,2.278,1.6019,4.5836,0.1902,-4.9473,8.4222,-5.7141,-3.9294,-3.3285,-5.7949,-9.6603,-2.467,-4.9736,3.8599,-6.5289,4.4919,-0.9626,-4.1041,-0.2652,8.5182,3.5533,2.7822,-8.2679,8.1906,-7.3479,-1.5389,-5.7835,9.5438,3.0933,5.8207,-3.139,7.4046,-1.6168,-5.7378,-1.3505,-8.1263,-8.1274,3.3696,-6.5424,9.9363,8.6417,3.1897,0.1118,-3.8879,-8.924,8.6689,-4.6414,-9.2412,-3.7318,-7.8128,2.6681,4.8897,-5.1966,-5.6386,-8.2282,1.0486,-9.925,-9.5063,4.9358,1.7083,5.5189,3.6688,-8.2501,-3.9204,-3.6758,7.2566,1.3603,0.8963,5.9755,-2.6561,-5.9994,8.0278,-5.2311,-4.7487,-0.0944,-5.8655,-0.214,-7.4848,5.6546,-9.7239,1.2148,-5.9212,5.6821,-8.8293,-9.6529,-1.9239,-2.7676,-4.1153,-5.0734,4.1408,4.9397,-3.5949,2.3673,-1.4582,2.7871,-3.1479,-2.0973,7.6445,-7.7787,-7.7336,8.9326,1.0907,1.4973,7.5193,-0.0138,-3.3223,-5.5315,0.3745,-4.0428,-2.5223,6.1291,-7.2635,4.1286,-8.1087,-9.463,7.7122,7.709,6.0116,6.5038,5.2165,-1.8937,-6.3397,6.4579,3.7916,-3.0456,-5.2404,-1.2855,-8.3986,1.9118,-8.9065,-3.0066,-8.1192,0.5694,5.5352,1.784,-1.353,9.8211,-7.6745,2.4702,-2.9215,-5.1459,0.0121,3.3264,-7.9643,9.0157,-1.4379,-5.5314,-9.6326,-0.2047,9.6569,1.5658,8.7493,4.0084,-1.4985,9.5713,-8.9156
-0.8689,-7.8234,5.5818,3.9709,-3.5743,7.2864,0.3122,-3.0551,-1.9742,5.73,5.5497,-8.2898,-0.7469,-9.91,-0.3593,-4.4581,-4.2502,0.8969,-1.0041,-1.3638,-0.7655,-2.9149,-5.2384,1.4534,9.5552,7.6653,-2.8395,6.5587,-4.9982,1.6218,-2.0481,9.457,-1.2352,-2.7595,0.8549,3.5132,-9.6096,1.3788,2.3389,-0.482,0.5404,4.3223,-6.0015,1.1292,-8.6471,-7.3418,-3.4759,-5.7215,8.8609,8.0548,4.4926,3.2289,-6.6526,-0.9964,1.2566,0.3324,9.1809,5.8264,-0.7284,-7.1442,-6.0521,-8.0866,9.9694,-9.0526,-3.0194,1.8642,-0.1384,-2.4491,-8.4861,-5.9133,-1.367,5.6654,-1.0952,-5.6541,0.5301,0.7288,3.8117,-4.8594,6.3605,8.9758,-0.5685,-1.4346,4.4467,-8.1383,-0.0819,-8.2948,-5.0063,-5.4462,0.0184,3.2955,8.5252,6.7273,8.6715,5.0133,-0.7901,-1.4991,-9.1462,0.8319,9.8679,-8.0654,0.3645,6.8171,-5.6649,-7.9059,-1.7205,9.3633,8.07,0.4026,-2.012,-5.9336,-8.9901,5.0943,2.9173,-9.1958,5.1533,-5.4448,9.7075,-3.8362,-1.8143,-7.1607,-7.7785,-9.8707,-4.2553,-4.8593,-2.0797,-6.4388,-7.7103,-4.7586,6.0533,6.8302,-4.7894,2.9148,-1.9911,4.5631,-0.6365,8.1132,-0.612,1.8694,-2.3619,5.458,7.8597,-8.8161,-3.83,2.5593,-6.8175,7.3679,0.9428,3.7895,-7.5443,-3.3924,-5.3256,1.2514,7.0621,3.7173,-2.2799,-9.1914,-3.1006,-9.3039,5.9382,4.7358,0.7332,8.405,7.4768,2.5825,-8.1596,0.7459,-9.8462,-7.7499,-0.3262,1.8691,-5.7544,-6.7781,0.3027,9.088,1.8047,-8.0535,7.0014,-7.2191,-0.1002,0.6684,0.2696,6.4751,9.958,-1.3937,-5.9784,-6.9856,-1.3582,3.7285,9.0894,6.1606,-8.3741,2.05,7.1719,8.2037,8.9529,-4.2689,-2.2482,4.7255,7.4996,-0.1872
7.7709,5.01,-0.8468,8.4297,-1.2572,2.1989,-1.4567,-8.2109,-1.7646,3.71,-0.9501,-5.3586,5.9416,8.5666,6.8308,4.3941,9.8173,-1.046,6.547,6.6839,-8.0051,-6.1718,-4.1252,4.6414,-5.134,-3.7004,-1.0555,-8.2159,-0.3608,-9.9119,6.8547,-3.6918,-4.8959,-0.8182,2.8307,3.5992,-4.2552,-4.1634,-2.2031,8.5411,-6.844,-1.1799,-6.7845,8.892,-2.2997,6.6717,2.1527,8.7299,-7.6788,-9.6357,-8.0798,2.6544,-2.9881,7.0153,-9.3919,-7.2264,-0.3926,-9.1547,5.3197,1.3416,-6.1405,-4.8357,2.8469,7.511,0.9901,5.0959,8.6831,9.1724,-4.2925,3.1959,-4.9863,-3.8656,-0.2557,-7.5604,9.7845,4.2533,9.0072,-4.0572,-2.527,8.7021,-2.3346,-7.9139,9.1999,-7.6312,-0.012,9.8954,0.2274,-6.0215,-1.1658,-5.4163,5.3423,-0.8791,8.3575,7.3024,5.9141,-3.3562,1.3204,6.6035,2.5515,-3.513,-5.5305,-3.4289,5.6987,4.6896,1.5877,6.0903,8.5299,-6.9815,5.8029,7.328,-9.3655,0.5961,7.0956,-0.5577,-4.1162,1.9293,9.8094,-3.0054,-6.4983,7.5221,-7.5849,-9.4292,2.3791,4.1188,-7.0332,7.6311,0.6342,-1.9868,4.6814,-9.7305,-5.4587,-2.9719,-2.3871,-6.1243,0.1324,1.6579,-0.9339,7.77,5.4845,9.1783,9.963,5.9924,-0.3418,3.1307,-7.4599,3.735,4.0054,-5.7378,1.8431,3.9372,9.6778,0.3084,1.5264,4.0914,7.4418,-0.9922,4.8414,4.1688,-3.6868,8.3323,3.2416,7.0729,-4.1866,-9.3116,9.0967,-3.658,-4.1078,-3.0415,-2.9886,9.8288,-6.8772,3.2021,-4.3426,2.7079,-7.9836,1.438,0.895,-7.6513,6.6461,-1.7025,9.4186,0.0019,-0.3884,1.7419,9.1225,0.0433,-9.2895,-5.7144,-4.3222,-9.9336,-2.146,5.3734,-6.3274,-9.0103,-9.0466,8.5055,3.6992,-0.6032,-8.0976,4.4894
-3.9788,-4.6753,-2.8822,4.3178,7.3219,7.5918,-5.9148,0.5507,8.5779,0.8091,-7.5103,5.172,-9.8048,-1.2855,-1.9193,1.2386,-7.6059,7.6748,-5.4819,7.3195,-3.5884,-1.155,8.8594,4.3997,3.0139,-1.6187,-2.7436,-7.2595,-1.7593,3.7438,-4.9951,-5.1229,-6.0444,0.0774,-1.2424,8.4595,4.3524,-3.464,-8.7468,2.4955,-0.5566,-2.4927,-0.0339,3.4807,-1.563,-3.5482,5.6373,-5.3833,3.9592,-3.9083,3.724,-9.6852,-8.2175,0.1001,7.8358,-5.9876,7.4886,-1.6397,-1.3941,-6.0335,6.1168,-4.2425,-5.5831,-2.1943,-3.1707,7.8956,-3.3598,-7.4241,5.4926,9.7655,9.4653,2.2314,5.7836,8.9093,1.547,5.5085,-7.404,-3.2115,-7.7165,1.9438,-8.7473,-8.4383,-2.8213,-4.0787,9.2601,-4.2515,-5.9185,-3.0523,-3.4039,-5.0475,4.5724,6.9615,0.3939,-7.9231,8.3526,-1.6648,6.4236,-1.8661,2.9857,1.2881,3.003,1.1657,5.1735,-7.4694,1.6,7.54,2.3316,-6.4201,9.4145,-1.7228,3.7547,-6.8595,3.5926,3.2476,-6.1122,-2.3548,5.9096,-2.8021,7.3586,-6.4115,5.8812,7.4172,-2.0765,-5.1985,2.4877,3.0644,7.6989,-7.4964,-5.7101,-4.9665,6.8333,-3.7431,9.4216,-5.554,-5.1106,0.2809,1.9073,-6.3366,2.3831,7.4353,-6.8464,3.715,-5.6041,-2.2042,-5.6718,-9.4293,-9.0167,3.3705,-6.6869,-7.2803,-9.0226,4.3625,-9.3347,-7.8357,9.5359,-6.219,-7.5227,-1.9233,-7.854,-8.7958,0.6319,8.6879,2.783,5.6238,-7.3419,-6.3367,-4.3512,-3.6609,-8.4659,8.4165,-0.1069,5.4581,-6.3156,2.9664,8.3489,2.6165,-4.7824,-0.3295,-2.5429,3.3523,-8.0032,4.7595,2.9882,4.9554,-8.0728,9.1315,7.4711,6.5782,5.8674,-8.7017,8.0793,6.8734,-2.5069,-0.6157,-2.0993,-9.1904,-5.6106,3.3305,3.8616,-3.8666
-4.0247,-4.138,-4.1795,2.8568,3.8202,-2.0744,-7.7444,-3.4545,0.7497,9.3086,-2.7251,-1.0006,-7.3661,-7.5154,-4.9334,-8.7473,-3.2672,7.0971,2.9678,-9.4717,9.3805,-2.6733,8.9572,-9.6818,5.0159,7.7655,7.5355,0.0438,0.356,3.4159,1.0919,-5.0734,-0.2679,-6.2364,-8.9291,-2.4885,2.3298,-7.2683,4.1981,2.7696,-5.3959,4.0017,7.0123,-7.0302,2.7032,8.951,2.9025,9.0447,7.9218,8.7607,6.9722,7.7436,-4.3342,-8.1321,1.5178,-7.9588,2.9468,9.5896,5.0025,-9.3562,-2.168,-0.9607,-5.7978,7.0931,0.8828,7.6059,-1.2624,-0.477,-3.8704,-1.9008,9.3563,-4.407,-0.1995,0.886,-1.4147,-1.9151,-9.5141,-2.4461,2.6605,-1.6042,1.091,-3.3796,3.2672,-6.4993,1.9338,8.7603,6.3698,3.3139,3.7801,-5.7282,-8.2275,2.0895,9.742,5.333,9.0992,-0.6012,1.4346,-3.0916,-9.1661,-4.4682,-3.8304,9.3097,1.0201,-1.9587,0.9491,9.9926,8.953,-0.3802,-5.5656,0.4527,-6.6024,8.5234,9.5616,-3.0387,0.418,-4.1399,5.1452,-9.4984,-7.9193,-6.5539,-8.7467,-8.938,0.888,9.8756,-2.4592,8.6001,-9.7494,4.6173,9.772,9.3466,7.3903,-6.7424,-2.6531,-5.381,7.047,-1.5821,0.8965,-2.3329,3.2342,1.8784,7.6316,9.1196,-5.8576,3.9152,4.9611,4.5563,-8.7565,-5.8166,-8.945,-2.503,-2.7665,3.2487,5.2722,7.2816,8.224,-7.1407,8.4614,-4.5182,3.2681,-6.5816,0.8114,1.6478,4.8372,-8.4825,-4.2867,-4.1575,-9.8437,3.982,-8.9632,7.9761,7.9547,-2.5815,0.0493,7.228,-1.8529,3.2825,5.8827,6.8389,0.7256,-0.8721,-2.3236,-0.658,-9.9139,-4.1428,-4.4383,6.6421,5.7207,-4.7533,-2.0298,-6.8978,5.0291,-3.243,-6.9352,5.5794,8.3621,4.2306,0.4684,6.5806,-8.1256,-2.5096
-2.0391,-4.1262,8.3234,-5.8939,9.8731,-3.9223,-4.2698,1.6357,2.6385,-3.3557,8.1058,-9.2686,7.3144,0.4582,-6.5115,7.0408,-1.9708,6.2942,5.611,1.7987,9.5163,6.1202,-3.1741,0.0119,6.5885,-3.5166,7.6024,-3.2652,-9.0331,8.989,-6.8443,-7.9383,-0.9333,0.5325,4.2572,-0.8458,3.054,-7.855,2.4898,-1.3022,-1.4364,9.6489,4.4021,-8.9102,-3.844,-6.346,1.7628,9.5935,-4.3848,-8.6555,-3.9017,-4.2782,1.0416,6.9643,-8.5921,7.0191,2.91,8.2722,-2.2826,-6.181,8.6886,1.4902,5.8215,-4.787,-8.7287,-7.489,-8.031,-4.2323,-5.8992,1.2943,6.4535,4.7974,-2.3829,0.4715,-7.7026,4.9009,-9.6067,6.0207,-2.5405,8.3983,-4.7456,-8.133,2.1912,5.8676,-4.5506,7.586,-2.3862,-9.9166,-7.5376,4.6099,2.0491,-7.8956,3.6875,-0.4897,5.5255,-6.619,3.6378,6.2656,-6.0411,6.8554,2.1658,-1.3544,4.383,7.6116,-0.676,2.8215,1.6701,5.0248,6.592,7.7581,-5.709,-0.8356,-8.7413,7.3691,-0.2747,-2.7131,7.5143,-5.9295,-8.1697,-7.3593,-0.255,4.0151,6.3243,-5.3465,9.9168,-1.4991,2.1208,7.1567,1.2638,-7.9204,9.5629,8.5568,6.0877,4.3409,-6.1723,-7.4806,9.5122,-4.8424,-6.4983,-5.3364,-1.4876,8.6307,-1.5274,-4.8461,-8.1596,1.5494,-2.4057,-2.0143,3.4007,-9.1809,-2.3895,-4.7279,6.3506,-4.056,9.4396,8.4684,-5.1132,0.5984,7.7085,9.7154,-2.82,3.1916,-1.4709,-6.9935,2.4276,-3.5309,-0.9718,-1.5897,3.038,-4.4743,5.8886,2.5973,9.6799,-1.1967,-1.283,0.0185,-3.7016,-2.0688,1.2213,1.0217,9.6981,-6.1337,-9.4197,0.2677,4.0953,1.4566,-9.76,4.5311,-3.9245,-0.4159,4.1407,7.8972,5.3173,2.3866,-6.4844,8.7421,4.0363,6.0844,-1.1406,2.1276
7.3162,-4.9547,0.3616,-8.3158,-2.2901,-1.3221,-6.5718,5.9123,-9.0817,8.5203,3.9446,-7.7628,-6.8581,-0.1149,-3.8029,-1.0087,9.0026,7.5189,3.2093,5.9831,-0.8692,-7.0246,7.646,7.967,8.1122,-3.7018,0.4521,0.4999,9.7428,-5.8939,5.7677,-5.0118,-6.4147,8.8483,-5.0819,5.3834,-3.9939,5.5443,6.9595,7.6804,-5.0436,0.0309,-1.4288,7.9591,-4.0267,-8.9664,-3.1765,-9.7341,7.4809,-2.6156,-6.2435,5.4794,3.1826,-4.7133,0.0493,1.6524,-6.8504,1.3118,9.3898,-2.5181,-1.2651,-8.9047,0.6625,9.8916,7.7302,-1.855,-0.0273,-8.5082,1.5514,-0.3522,-1.3443,-0.4706,7.6366,-6.132,6.1562,-0.0862,-5.5816,3.7811,-1.6001,-8.3258,-5.0729,3.9607,0.6547,1.0662,-8.4896,2.7018,8.2135,3.7997,3.7275,-1.6393,-8.9369,4.5477,-8.4123,4.4836,4.0179,8.1209,7.0109,9.8936,8.8255,1.4882,-1.8686,8.0848,-9.4607,1.0905,-5.2573,9.2117,-0.7016,2.8474,8.3777,7.5019,-3.2294,6.8662,7.8918,-5.8562,-6.1631,2.7313,4.436,3.7027,-8.0315,6.2067,-4.4543,8.3943,-9.5534,9.1574,-9.6233,-9.3827,-6.807,2.563,0.5025,4.4292,-1.9858,-6.6411,2.0688,-6.7842,4.144,8.0625,9.3751,4.3544,-0.9092,-3.026,9.1351,-3.5228,-3.3762,-9.5764,-0.1915,-6.519,-2.8089,-5.3032,9.1004,-9.8607,9.3226,6.6735,0.3669,7.3252,5.6086,5.9388,-8.6442,-3.1985,-9.0412,-0.1515,7.0888,-0.1619,-6.2214,-2.0961,-9.3635,6.0467,-1.51,7.8697,4.625,-0.5896,-2.9886,2.1694,-4.5495,-4.6802,-9.2113,-8.8536,2.1772,6.6983,3.7011,-2.6902,4.6999,-7.7346,-9.042,4.0503,3.0936,6.9868,-8.4953,-1.5833,3.835,9.0326,-1.5387,8.0374,0.862,-7.3051,4.0095,-8.6536,9.7734,7.5179,2.7639,4.0507
-6.4438,-7.1369,-8.0109,-6.5886,-9.2935,1.894,5.5343,3.046,0.031,1.3209,3.8707,-0.2279,4.6568,-4.1921,-8.2586,9.6138,-7.0655,7.2867,7.6447,4.6779,-5.8194,8.4971,-1.4256,-8.4925,2.5381,4.9107,-2.0942,0.9662,-9.4406,-8.0805,1.338,-5.6178,9.3524,9.3223,-5.5015,2.4764,-2.8286,-9.5068,-1.6391,-7.294,3.5552,7.2581,8.854,-4.1623,6.1738,-5.1654,5.3433,7.0918,-0.9729,-2.9037,-0.0649,-0.5928,-4.3661,-3.1912,-7.2577,2.3849,-2.1237,-5.7678,8.5675,-0.9693,-0.203,-4.4657,-4.3849,5.3328,-4.2777,-2.2452,-0.0367,6.026,3.1869,6.4407,4.8085,-1.0776,-9.285,5.3404,4.0793,9.6031,-4.4536,-8.8859,-8.3183,3.0262,-4.7095,3.3169,2.5215,-9.5159,-2.3091,9.2574,-5.0478,-5.8932,1.1223,-1.8787,1.5908,8.0236,9.5866,-9.1741,0.5719,-9.1248,-9.4687,-9.4523,-8.656,-9.0511,3.5567,-1.9414,-9.8531,4.15,-3.1815,-6.81,-3.3602,4.3275,8.2673,-7.2077,5.284,-6.4666,2.48,6.9464,-1.6138,-5.3392,8.6269,-3.7747,3.6535,1.9764,-1.4611,1.7699,7.6168,-4.4391,8.9184,-2.8968,-1.7568,3.5738,-5.7905,8.2273,7.5173,1.2681,-7.8169,1.8318,-3.2695,-4.1283,-9.7631,8.5609,0.8269,9.3654,-8.7175,8.6859,1.3911,4.226,6.926,0.0809,2.4228,-8.0958,-2.0233,-0.6028,6.3311,-9.872,-2.5847,6.2,-6.2442,-8.1432,9.3151,8.8448,5.0161,-5.5106,-3.5817,2.994,-9.8634,6.5542,-3.2702,-1.6237,8.926,3.7124,7.4149,-6.9708,1.5013,-8.8938,5.5034,7.0424,1.1645,-6.5513,8.4959,-9.8609,4.2262,-3.9562,-8.499,-5.5264,2.9917,-2.3858,9.1648,6.7208,-3.0839,-3.0505,8.8756,9.1486,-6.4028,3.0945,-4.1317,-9.4214,0.1036,-8.3961,8.5937,-2.2692,-6.5744,5.3732
-7.0248,9.3376,9.3655,-2.3926,7.4997,8.7721,8.525,-0.776,-5.1293,3.1844,-7.3089,-4.7435,9.5995,-8.9973,-8.5614,-7.5229,4.0135,4.8886,0.2603,0.0348,-0.3308,8.1484,-0.752,-3.3626,-2.7229,7.841,-4.1215,-0.8464,-6.0998,-4.9582,5.0545,-7.1088,-1.4889,7.9915,-7.4442,-9.9983,-4.9395,-0.4375,7.4186,1.994,-1.9291,1.023,6.4511,-5.5443,-7.643,-6.6166,-7.7439,-3.9965,6.8738,7.2639,-5.3346,4.7215,0.6972,-0.2833,4.5969,-1.9769,-1.5936,8.9122,5.3104,3.5717,4.1882,7.2328,0.1539,3.8584,5.5396,-4.596,3.3571,2.8218,-2.9335,2.5263,-7.7398,-1.4925,-2.7913,7.2817,-9.6993,-8.7003,4.6729,0.6447,7.5954,4.3879,-9.4083,-7.4769,3.3857,0.4301,-8.7476,5.5662,5.5071,6.5525,3.7195,4.4934,5.1986,-0.7051,2.804,0.408,2.5903,9.3405,-3.2924,-1.1069,7.8132,-9.4928,-7.9372,2.841,4.5487,0.6133,-0.1642,-1.575,9.9436,2.1325,-0.9492,4.9032,-6.5407,-3.006,-9.9216,-5.4283,-7.2397,-1.2596,8.7283,-2.7206,-1.9305,9.082,-2.2347,-1.5171,4.1253,5.4246,-4.7091,2.6862,8.0401,-3.6675,-5.978,-9.3575,1.6789,7.7839,0.8887,-4.4902,0.9506,5.6915,2.8967,1.1659,5.4528,5.6756,6.5825,3.5635,-5.6173,8.783,-7.8624,6.1647,-1.8472,4.6372,7.975,4.5354,-6.3716,-6.6742,-1.0475,9.5307,9.7587,-6.671,-3.4048,7.9113,4.8242,6.6667,-3.333,6.1053,-7.5494,-3.0857,9.867,-1.8049,1.1515,-7.8365,3.5063,-6.4044,-2.9422,-4.9212,-6.6433,-2.7965,-9.4913,1.9768,0.4084,0.2037,4.2935,0.8762,-6.9334,-1.2499,-6.2766,0.1455,-9.7262,2.4563,6.6774,-5.8844,-3.5655,-4.8105,-7.1815,9.9905,6.1991,0.3365,4.5388,4.3463,6.8717,2.3332,-6.0766,-4.9824
8.2692,-8.3722,4.9328,-9.3338,1.2314,-6.9961,7.2333,-1.467,3.38,0.4793,-5.7685,5.731,3.0734,-4.213,-1.2781,4.8968,-3.8462,7.4012,5.3918,-0.6769,7.3104,4.6247,-3.6583,3.9258,4.9142,-2.2248,3.3588,-4.7331,-2.4237,0.4572,1.3179,-5.6501,-1.0955,4.1471,-4.9641,-3.1221,0.5125,3.8848,-0.3565,4.0134,-3.3325,7.1815,7.8919,-5.7393,-8.5954,1.7885,-7.7854,0.5414,2.0453,2.7513,5.1925,3.669,2.6569,0.7803,8.0327,-1.4119,2.4161,1.9426,-4.3475,7.8713,2.3204,4.1771,-8.8463,-5.2242,0.068,-1.5004,8.6009,6.0047,7.6512,8.6431,4.6605,2.0836,-8.8367,1.4749,3.5429,9.3901,6.7721,-3.2694,5.7634,9.8711,-7.0798,6.8147,-9.4172,3.8927,3.4691,-4.3961,-9.1272,-7.8345,3.6919,5.9169,1.7594,0.2468,1.9157,9.7013,-0.0607,-6.8636,-4.5207,9.2181,1.2744,-2.8551,-3.5267,-3.3351,7.5423,-2.4833,-5.8468,-1.6167,4.0693,-6.8436,-6.3438,-2.2793,4.274,8.9832,6.283,3.0923,2.3891,0.5181,-7.4975,0.1524,5.7021,-6.2718,-9.3661,1.5485,2.1341,2.8933,-7.6294,1.3694,9.6232,3.4272,2.8038,8.5157,-7.8033,2.9242,4.7863,1.6956,-8.1658,4.5685,3.6791,8.2404,-8.4927,-8.6372,0.7802,-7.5645,9.9915,-3.1083,6.1877,4.8494,4.0771,-6.3407,5.8672,-8.3601,5.6741,5.8056,-9.2535,2.762,-3.4091,-2.8189,-6.4618,-6.1585,7.7519,1.3818,6.0084,-7.0383,-1.3584,0.6184,-4.0203,-2.5027,-4.0891,0.046,4.2766,-0.3529,-2.1315,3.605,2.2786,-3.093,-4.0571,2.889,2.957,7.1744,-4.6581,-7.1099,6.9496,-7.2874,-0.2501,-9.3086,-6.9634,5.9979,-3.181,5.9902,-6.9773,-9.0089,5.9158,-7.9504,-0.167,-1.5042,6.1285,-0.6866,5.0874,8.0373,4.0666,-1.2382
-5.5028,3.7784,2.4712,-4.8124,6.8231,-2.9856,-4.642,2.0338,9.2697,5.0155,9.6647,-4.603,-0.2126,-3.2307,-3.0156,-4.8971,-0.5828,-9.1056,-2.4651,-1.5978,1.7179,-3.0935,5.527,4.6264,-8.608,5.6551,5.0122,7.5501,-1.8232,-9.0507,6.8478,3.6447,-3.6276,-7.1502,-9.6703,-3.6789,1.1105,-6.5919,1.8359,-7.2427,0.5504,4.4021,-5.1763,8.701,8.4419,-9.3766,-5.6138,-2.642,-1.3367,3.3211,-7.7673,-0.3186,-4.1915,-7.5234,0.2906,4.6443,-7.6681,-7.0291,8.3356,8.3893,-7.4258,0.8452,-9.7166,2.7528,6.7439,0.2554,-4.6778,7.7048,-9.635,-2.7648,-7.1444,1.1093,-5.229,-0.6234,-1.2043,-6.9048,-3.6179,1.8379,-0.433,7.6142,1.4727,-6.1609,3.8036,5.609,9.9017,7.2417,-5.5013,3.56,-5.9732,-6.1319,3.3703,3.4258,9.333,-9.2148,6.6957,-8.5425,8.5474,5.5991,-2.3693,-7.5264,-6.4357,-7.4193,3.4893,-6.9017,-0.981,-4.9566,-3.8908,-7.267,-8.0378,-4.6144,8.2764,-4.7701,-3.4648,2.2302,-9.1306,-5.9752,3.0303,-7.5782,1.2905,-3.4885,3.8079,9.0335,2.1008,2.0251,8.5138,6.868,0.0736,-5.6121,-1.7634,1.0228,7.1439,2.5161,8.9101,3.9428,-5.1501,-4.5216,4.5535,0.2557,-0.2061,-5.1154,8.0852,-8.3603,-2.9515,-8.4476,-6.2215,5.9692,0.376,7.4928,-6.173,1.7072,-5.9294,-0.4738,-4.5347,-1.8203,-9.0846,-7.4681,4.7598,0.7486,7.1265,2.4519,7.2805,4.0623,0.5456,2.9529,9.6595,-8.771,-2.4974,-3.8225,-8.2656,0.9002,-7.2244,7.907,-2.1124,-4.2704,-2.2042,-1.7978,-0.9791,7.381,-1.7158,5.2455,4.9964,0.6244,2.7556,1.7726,-6.3141,-3.7403,3.9563,0.0542,0.7046,0.9215,2.9376,4.493,1.6093,-7.1491,-9.3135,-8.864,9.5014,4.512,2.4883,-5.4048
-9.5319,9.4438,9.0421,-2.2569,-7.5385,-0.8119,-0.9732,-6.1533,2.2115,-3.9546,-7.1947,-5.1704,-9.4316,-5.389,-3.9587,-1.9069,-7.5839,-6.8001,-3.6573,8.1252,8.1787,-6.5233,-2.7139,-5.0016,-7.8704,6.876,-2.2179,4.452,-7.8332,-7.3712,4.7588,-7.532,6.8688,1.341,-6.9853,-7.2581,-8.2759,5.7089,7.7029,-0.6418,7.5959,-8.2241,-8.7436,-8.7477,-2.2092,1.868,8.3015,-7.7821,-2.9102,-1.7154,-9.0414,-4.3469,-4.8642,-4.5114,-8.519,0.8093,-1.8672,-0.4586,1.4735,8.1114,-8.9784,-6.4724,-5.4305,7.8483,5.0894,-2.4341,3.2629,4.2999,0.9619,-6.1588,-6.1878,-7.9455,-8.5289,-3.0202,-5.1863,6.1527,-3.9394,8.115,6.0736,0.8214,9.1975,0.941,-3.5787,-8.4892,6.2076,-1.4963,4.7134,-3.8259,-6.507,4.4863,6.9528,5.8832,-3.3038,2.7686,2.1384,-9.7609,9.461,-7.3524,-9.8709,-2.1999,0.4462,-2.3906,-9.8895,-5.6982,9.9829,5.7177,-1.3939,-8.5982,-4.309,3.8319,0.806,6.5624,5.9025,-3.3469,5.7547,-8.546,-9.1748,2.2851,-4.1073,-2.4056,-1.1518,3.7482,0.6076,1.2672,-4.1776,-8.3798,0.6349,-4.3445,3.324,-6.2839,-0.3616,-1.1992,-9.553,-8.4379,-9.2761,8.7396,-5.1725,-1.2771,2.3106,-4.485,9.8188,1.6244,-5.3497,4.5815,-2.6635,-3.4716,8.824,2.6232,7.9064,-8.6111,3.282,7.7321,-8.928,-4.3059,-7.4864,0.6572,7.7855,4.3585,2.5546,-0.2397,3.3807,-0.7808,6.9146,-7.8409,8.137,-0.9807,-5.4215,-1.1173,8.8475,-5.3886,8.71,4.192,-7.5489,5.7653,3.6132,-9.9689,-1.0835,3.6097,7.2726,8.1875,6.3076,-3.558,-0.483,8.0248,-8.3255,1.3675,-0.6019,-3.8838,-8.6283,-6.286,2.563,8.1894,-9.7876,-3.9983,9.0849,-8.8869,2.2497,8.9577,-7.5765,8.2055
3.8028,1.0789,2.942,5.0432,-4.7987,-8.3194,1.3232,3.0789,-0.6242,-4.2414,1.2298,4.9541,2.5245,-9.6817,1.6045,6.2327,6.5696,3.939,-7.9042,-0.7749,6.1842,-6.7805,-9.5048,3.5693,-1.4537,-1.3277,3.2612,-5.3303,-4.0628,-1.0283,-7.321,4.5094,-0.1718,0.2699,-9.6434,8.7267,2.0342,8.1858,-6.6689,5.8382,-7.3173,5.1286,8.0094,6.5889,1.2442,5.1382,-8.2895,-1.4763,-6.2607,9.367,-5.0227,7.6488,-7.1895,-0.6109,-2.8003,4.7963,4.8161,8.5292,-2.9633,-0.8857,-5.844,-4.2704,5.2188,5.891,3.868,0.1281,-7.0217,-9.6532,-2.575,4.886,3.7796,9.913,-8.9915,-2.83,-8.6219,7.7539,1.3931,-2.7557,6.1834,-3.6924,-4.1328,-5.5359,8.4789,-4.0441,-6.9426,-5.883,-7.0167,6.8271,-3.3096,3.0448,5.4479,-0.3772,9.0333,-1.0132,6.3891,-9.9457,-1.9977,2.6038,0.2481,-4.1662,-6.4881,1.3577,-5.1395,-5.4275,-5.34,-7.264,8.8772,-4.3675,6.3369,2.1599,0.9029,2.2959,1.4554,5.4632,9.6502,-0.0299,2.7648,4.9241,-3.8782,-1.6851,-2.7291,-6.0524,9.0653,2.5806,-8.098,-6.7646,2.2833,-1.2512,-4.6239,-6.6301,-4.401,-9.6965,5.732,-1.7092,-9.4123,4.4979,-3.0149,2.3106,4.4264,-1.0805,-5.966,-6.4931,-8.8025,-5.5126,6.0042,-9.8734,7.7678,9.1326,-3.2696,7.026,5.1889,9.5992,7.5882,-4.0332,-4.668,4.771,-5.5021,5.6793,6.0202,5.6193,4.1326,-4.0676,-6.3678,-9.5059,-2.5349,4.522,1.7335,5.1716,4.624,1.6335,-8.4917,-3.4184,-0.0835,9.2869,5.5556,0.1142,-5.1243,-2.616,-1.285,-7.4127,-5.6823,-8.6176,-3.0322,7.2344,4.4556,4.7812,3.1783,0.3597,-5.6601,-9.5229,-4.768,-8.8788,-0.6102,-0.8506,-8.0894,-6.5329,3.3699,-9.9115,-0.7919,4.9324
-1.0167,0.5966,-9.0674,-2.8729,-4.2468,1.8217,4.5631,-2.68,1.1369,-6.426,3.6063,6.9165,9.2676,-8.2422,-7.1521,3.418,-8.317,6.2069,2.9389,7.8962,-2.909,5.9124,-5.0831,-1.1307,-1.2791,8.4974,3.9812,-7.7391,9.3874,-9.1313,-7.2259,0.9272,-3.0762,-0.7033,-2.5316,-9.9571,-2.9628,1.034,6.5194,6.2645,-8.4499,-5.5933,-5.453,9.604,9.3501,-7.6298,2.8455,2.723,-8.2396,7.2981,-5.9133,0.5684,7.5956,-0.7968,3.515,4.7242,2.8257,-8.2196,-7.7971,5.5147,0.1804,0.8134,-2.9272,6.2868,-3.1165,6.158,-7.3085,-7.8051,4.0365,0.2917,0.0147,2.3598,-6.7833,4.1454,-5.9013,9.8684,-3.7535,-8.8478,-9.5225,5.8929,-3.9103,5.663,-5.2174,-9.4233,-4.8151,1.3781,4.885,-3.1247,3.8984,4.348,1.2206,-0.5862,3.1713,-8.7804,-5.5525,-7.9612,6.2284,-7.4165,-5.7799,-5.046,-8.6734,-8.5872,5.7675,-9.2648,-5.6769,-0.9623,2.7417,-3.9714,5.6271,-9.9666,-9.2281,-6.6767,8.4828,-5.6473,-7.0236,-6.4507,0.4774,-5.3396,-7.8864,8.2052,3.7906,5.29,4.9852,-2.111,-4.1528,-5.2019,-9.8027,2.6228,-6.9977,-7.0006,9.1428,0.4587,4.5666,-0.6381,4.7943,2.4255,-3.0263,-2.1199,-4.782,-0.8055,9.4236,5.9982,3.3645,-8.6178,6.7715,1.5648,6.2774,-3.9548,-8.0286,4.0732,-5.7839,-0.3987,-6.3277,-3.5333,0.9773,6.002,-3.3093,-5.1235,-2.3001,-6.2115,9.2905,2.5169,-1.3866,2.8028,7.0188,8.5069,-7.1345,5.2512,-4.3019,9.2188,-5.984,-9.107,2.6709,-9.1004,5.1056,-2.0769,9.7131,6.6047,4.3126,1.0292,-8.1043,-0.1701,-4.2593,2.5621,4.6791,7.9258,0.4154,7.7003,6.0299,-8.1267,-5.9024,7.9199,2.1584,-3.9494,-6.5362,8.19,2.0182,-5.5919,-0.9564,-7.5903
3.7227,-6.1995,5.611,0.9858,-9.1463,-9.3831,7.1,-4.445,-3.6732,0.0306,3.8525,-7.4136,-4.3001,3.7105,-2.0853,8.2084,-3.1401,-1.3453,8.573,8.7759,-6.3097,-7.4509,-9.3271,8.7585,-2.6925,-4.6285,-7.6291,-3.4775,0.5922,7.4887,-3.1977,8.6159,5.6738,-6.1692,1.6174,6.3823,3.9901,2.6947,-6.566,-5.3827,-1.6505,-5.2689,8.7911,-3.0469,-3.0044,-9.4933,0.4345,9.0327,4.2441,4.3844,-7.3941,-6.8248,-9.1152,-3.0497,9.2681,7.2467,9.3598,-7.6845,5.4882,-8.163,-2.0326,-5.1266,7.9549,3.9897,-3.6217,0.8106,5.9719,-3.7166,6.9752,8.8138,5.3698,-1.2826,-9.0993,-7.1559,5.2221,9.4031,9.032,-8.4361,-5.9267,5.9455,6.8163,-2.9515,-8.8531,6.5937,0.1322,5.1323,3.6591,-5.3035,8.7803,-1.5239,-3.7911,7.794,-9.639,-7.5596,0.09,5.4127,-2.9469,0.5011,4.2781,0.4666,-0.5916,-1.9282,-3.2583,5.4167,-6.4495,6.8119,-3.0252,-7.7367,8.3806,-1.7264,-8.2505,5.9062,-6.1367,0.5438,-7.7595,-3.367,8.2546,3.3351,3.4179,6.4411,-3.906,-2.0745,1.5782,4.1918,-6.8841,0.9272,4.734,4.5579,-5.0574,-7.5183,-1.5008,2.4437,-6.7966,-9.4643,-6.2655,-1.8026,-9.0077,-7.6714,-7.8512,-8.0774,3.5947,-4.2259,7.739,2.8553,2.2752,-0.0077,8.9938,9.7809,-0.0672,-2.6716,2.6045,-6.1134,-1.7421,-1.7078,7.1751,-8.728,8.3001,-4.4486,-5.8292,-7.1326,-3.6796,0.1204,-0.2717,1.7521,-3.3443,-0.9608,-3.8716,-1.1614,2.2763,0.1038,1.2291,-4.4858,-9.6733,-5.0517,5.219,5.3354,8.6707,6.1719,-9.7211,4.4484,9.2335,7.8553,6.7046,2.5962,4.851,7.2515,9.622,-4.2656,-8.0608,7.5341,-3.305,4.9941,-5.411,-3.5583,0.0711,-9.1587,6.3968,2.0707,9.7779,-0.2001
2.7159,-4.3438,1.4421,4.0867,-9.559,9.6088,-6.9139,0.6562,-0.6718,3.0545,0.1296,-3.6447,2.6008,-3.0098,8.2873,5.0465,4.4829,7.9011,-1.9143,4.5916,-9.7215,9.8326,-9.8173,9.1497,9.5934,-8.7242,-0.5574,-7.0727,-7.4299,-1.4314,4.7307,-6.989,-5.1573,-0.1353,6.911,-3.6898,-4.0375,8.6007,-3.3047,-3.4457,6.6758,-3.3373,4.7777,2.0464,4.8901,9.6558,9.6172,-8.7787,7.9557,-7.977,-9.1941,8.0133,4.4267,-0.3384,6.3704,-0.0984,-5.1864,-3.7678,-8.2207,8.4687,-3.1258,2.8534,1.9476,-9.3475,-7.0345,-2.798,-5.1878,1.5557,-6.6976,-7.5717,0.7322,-6.642,-4.8015,9.5748,0.1218,4.5977,0.3113,-3.0268,4.1316,-0.103,9.0204,-6.9007,-6.1578,-3.5468,-5.5436,-5.7749,-6.0987,-3.5703,0.3289,2.7054,8.8271,-3.7388,-2.7844,9.612,-1.7957,6.6559,7.9267,-2.8679,-8.6455,2.6614,-3.5702,-9.9055,2.8259,2.5061,-5.6962,3.1846,-6.0536,0.2744,-8.4488,2.1377,1.4378,-8.0626,-5.2558,1.8996,-7.2171,9.1193,6.3471,0.8362,0.1389,-7.6583,-6.6194,5.3322,-2.9332,-9.1535,3.3885,2.3552,7.3782,5.373,9.4313,-8.5083,-5.6378,4.8301,-3.9824,3.6242,9.5398,-8.5301,-8.2634,-2.4359,0.0944,0.395,3.6282,1.0075,3.1113,-3.5355,-1.8342,6.8253,7.0604,-5.0191,-3.0188,-8.9504,-7.405,-6.0209,7.4061,-6.8668,-4.8333,5.7763,-9.2593,-7.5879,0.492,9.4087,8.5759,7.9415,8.3356,-2.8886,-9.569,6.9829,1.4515,1.8428,-2.0218,6.5038,0.0836,5.6609,9.7865,-5.707,-9.1965,4.6926,-8.9151,7.0842,-5.8086,5.8204,-4.1093,4.1994,7.9611,-0.2906,-7.0381,0.4935,-9.7495,-8.9696,8.3041,0.7234,-9.4118,-3.9868,1.9568,-4.8511,-5.9825,8.0404,4.6836,-9.0069,-9.9517,-6.8234
0.382,-9.128,5.503,-5.7539,-5.759,9.9538,-8.0497,-4.0359,-2.0628,-3.5701,4.4377,-3.0439,5.838,-8.8839,3.8666,-7.1112,6.9238,-2.4042,2.5595,-3.1388,4.4677,0.8334,8.5932,0.3515,8.6853,1.6268,-9.8303,6.5046,1.2948,9.3361,-2.2823,-1.033,6.2217,4.2151,-1.9945,-0.1332,-0.3808,9.613,0.849,6.2194,-0.5567,0.9018,5.4592,6.9742,-6.5078,-3.8688,4.6469,-5.5183,-7.8471,-8.4954,-8.5091,-3.3172,-4.9812,7.3773,6.639,8.2012,7.1541,-3.7573,9.6371,-7.2843,-2.4219,-5.2085,6.0438,4.7545,9.4678,5.4702,-0.9211,8.5409,-8.2985,-3.71,-5.2889,-2.5599,-2.7764,9.079,-0.5555,-8.9366,9.687,-1.0685,5.4305,6.5564,3.431,-5.3358,-9.0239,-9.5566,-8.6469,9.5408,-7.6364,-2.3957,2.5726,1.8003,5.2455,-0.122,-1.127,5.9537,5.2061,-2.0984,0.2202,1.844,3.6433,6.0543,-5.4471,1.8803,-1.3525,2.2868,2.5965,-3.7435,-5.468,-5.1848,5.267,-1.3431,-1.4059,-4.7904,7.1678,-1.4855,4.8758,-3.6302,-3.6813,-4.0571,-7.2328,1.7592,3.1342,5.8849,-9.3375,-6.276,9.3322,-8.8762,-3.0945,6.9841,-3.5702,0.0473,-5.9992,0.7953,1.215,-5.3551,1.2145,-9.1412,7.0645,5.1539,9.9477,-6.5254,7.336,0.106,-1.9586,-8.1102,-9.537,-9.3332,-2.0738,9.9333,9.3164,7.6107,6.7043,-9.5046,2.8834,-0.7349,-5.0919,-8.2648,4.7826,-0.7866,-9.2703,9.5912,0.7299,9.6453,5.8067,-7.2353,5.7035,1.0029,9.5099,4.22,-7.3155,-5.6981,4.7216,5.3095,6.8008,-9.2363,7.6975,-6.6556,4.1301,4.8844,-2.3314,-2.6648,9.3326,7.3261,5.9157,9.1076,-1.2614,6.706,3.4861,9.7377,2.0045,-9.0483,-3.053,3.6424,8.6707,-1.846,-8.7434,-9.1414,-6.5498,5.5855,4.0318,-2.6777
-3.0161,9.7912,7.7076,0.4274,-7.5202,-6.7013,-9.5473,7.5142,3.4183,-4.5572,-5.6406,-8.0279,8.127,0.7966,-8.0635,-8.6376,5.7655,8.7029,-2.8091,-4.7975,0.2421,-6.9958,-9.3843,-0.0574,2.2969,-2.495,-2.6431,-2.1961,-6.9745,2.3757,-1.086,7.0894,5.6108,2.9779,-2.7299,4.2565,9.6997,-3.3969,-0.9469,3.3775,-7.8435,-7.9206,-2.339,-5.3347,7.5615,7.8753,-9.5857,5.8111,-0.0149,3.8597,-7.2104,-0.4164,-3.7421,-2.1849,-8.1548,5.4565,4.5137,-5.964,-1.0435,-7.5207,-7.6118,6.9615,6.2721,4.7707,8.9781,1.5817,0.644,5.277,-5.9573,6.4659,-5.3729,-8.8835,-9.6335,6.1367,4.3043,-5.8337,1.8199,0.9656,8.505,6.951,-0.272,-7.2494,2.4187,0.1029,5.2842,2.4345,8.3302,2.005,-5.7493,9.4607,-6.6024,-0.045,6.225,-1.336,9.7196,9.3905,5.6148,6.2024,-3.706,-6.1046,5.4359,5.8946,-9.8916,0.7775,9.8086,-0.1673,7.9535,9.0,-3.7521,0.2125,-3.8756,-7.177,-4.8581,-4.0429,8.3468,-6.3292,8.6398,2.4798,-8.1828,8.3222,-0.0629,-0.3511,6.9226,-8.7533,4.6283,-5.2207,-3.5801,-4.2402,9.634,-3.1797,2.7036,-7.0657,-9.5009,5.5133,9.4075,8.0249,9.3954,-5.6564,-8.3478,0.4176,-4.7386,-0.404,9.0347,8.9277,3.6636,-2.9205,1.484,7.9664,9.977,-6.6879,-1.8406,-0.4707,4.7767,-0.5298,-9.4656,-4.2935,-2.1004,-1.372,-7.3132,-7.3048,-3.0216,-5.4835,-0.1794,-1.3487,1.9155,-3.2853,-4.1855,1.2226,-9.279,8.168,3.0945,-1.7466,9.1085,9.4094,9.9467,-9.8431,9.3061,-4.1881,-9.2353,8.8174,5.3966,0.7524,-6.2735,3.8199,-8.8889,-5.7249,1.5688,0.9925,-0.9282,8.4269,-2.6463,5.2625,1.3701,4.4129,4.8703,2.76,-3.988,-5.2322,-2.3092,4.3852
-1.0101,-4.8787,-1.4986,4.0647,0.364,-0.0707,0.5804,4.4884,8.9128,7.2966,-6.3543,-8.8967,8.801,4.9964,-0.9748,-6.1607,-1.1651,-9.9553,-0.597,-8.0698,-9.1229,6.7489,0.193,-2.6474,-8.9507,-6.5225,1.1541,5.3118,-1.211,-8.5371,1.4048,-4.3761,1.5428,-3.3059,-2.6989,3.7008,1.4109,4.2146,-8.032,-8.9079,3.855,6.8571,-0.4832,-6.0569,-8.1984,9.591,-1.8907,8.8607,2.5485,5.8323,4.9174,-8.699,-6.4772,8.446,7.8682,4.6277,-4.1132,-6.5116,0.4593,-2.2011,9.337,-6.6015,3.9229,-9.7677,9.0176,6.8748,-8.0379,6.8409,-4.0301,-3.0936,8.3652,-9.5741,1.8005,5.3725,-0.8006,-8.763,7.2956,-1.5494,5.7384,-5.9817,-4.3568,4.7105,-8.7279,-0.88,-0.752,8.8708,-9.9288,4.4866,-1.0522,6.166,-6.3815,-1.0761,2.555,-1.2992,3.4395,1.9871,0.7955,-1.0419,-6.111,4.9237,-3.9824,-8.2493,-4.9381,4.227,3.6864,8.3125,9.1938,0.5697,9.1547,5.4265,5.145,7.9917,8.9887,8.3758,6.2056,4.8411,0.3511,8.136,5.0367,-1.7135,5.084,1.4736,-2.464,-4.6885,-5.5859,6.9009,9.1905,3.2219,6.3642,-8.1653,3.9748,-9.8266,8.2509,0.226,3.3999,-0.0266,-6.8632,-2.388,-5.5618,-8.7552,-8.755,4.7809,-7.4481,-4.1079,-5.5965,-5.8845,-5.3297,2.6423,-1.9464,3.3661,-5.8199,-5.811,3.8544,0.6551,-0.8704,1.0625,1.4802,6.9001,-5.7686,3.6694,-4.6078,-9.0388,-1.3266,9.1744,-0.595,-2.1134,-9.0508,-0.2569,4.4094,-4.6167,7.8,2.996,-9.4323,1.2524,1.7873,-8.29,3.1524,0.6721,1.2828,8.9619,-5.5669,-1.2035,-7.2444,5.6422,-3.4686,1.5001,0.0875,-7.7389,1.3078,-1.4105,-8.1704,-7.0485,-1.3375,8.2245,-8.092,2.0807,3.482,8.1256,-4.2908,2.276
-2.417,0.4491,2.9242,-0.39,-1.8171,0.6698,7.0994,-9.3184,8.555,-0.6308,9.0273,-4.8364,-6.9837,9.476,0.3436,-7.9078,4.8618,-4.5881,-8.9663,-8.3502,-8.3549,3.3187,7.6382,7.9824,2.3553,2.4232,-1.0414,5.7518,2.614,-4.927,5.7224,1.9832,3.2277,3.7565,-9.9972,5.7359,-0.755,1.4943,2.1878,3.7816,-7.0607,6.4996,-4.8696,6.4572,2.6232,9.9638,8.4956,3.7119,5.8881,2.443,-8.3185,-5.2525,-4.6633,-2.8744,-1.6514,-4.5833,-1.5462,3.1059,-5.4884,-9.9078,-8.8854,-1.8919,2.2558,9.1594,3.5938,6.7426,-5.1673,-3.061,-9.2597,-1.8705,1.1983,-9.569,-4.1014,2.6496,0.2863,-1.5012,-8.5071,2.2045,-3.1139,8.6969,5.5887,-0.9337,8.0749,-8.9331,0.5583,-8.6092,-3.4863,6.3264,0.4097,-4.7127,-3.2484,7.7001,-9.1978,2.8192,2.1133,7.1488,-2.243,-1.0272,-1.6469,-5.0347,7.397,-9.7422,2.4076,4.384,-2.7154,5.5603,-2.561,-5.8974,3.7294,-5.1186,9.9113,-2.7667,1.5256,-7.1549,-9.7248,-5.2725,-6.124,-2.0265,1.4569,-4.4832,-7.9513,-0.7693,4.4075,6.2069,-0.9717,-8.9617,5.0551,-0.1118,-9.8014,8.124,9.5882,-6.9842,-1.5368,6.5206,-7.1246,4.7028,6.8164,4.6756,5.856,-5.4112,7.9208,-1.1694,1.5939,-2.1742,5.1352,-7.7631,6.6684,-4.6271,8.9043,-8.6272,-0.8617,7.7238,-0.3644,3.0544,-3.6714,-7.5075,4.1723,-3.9368,-4.9231,-1.7118,6.3518,9.6374,1.6256,-7.0905,8.4345,0.6996,-8.8846,-4.7796,0.3715,-6.834,0.7687,-0.2783,-7.5279,-6.0688,6.6887,-4.5605,4.6896,9.1658,-4.3646,8.9986,-3.8878,1.277,-4.9517,8.4611,9.3247,1.0037,-6.3064,-7.3803,-7.0722,1.1811,-3.3431,-7.9409,8.9461,9.0836,9.56,-6.2176,-4.9566,4.5172,1.7888,-7.0914
-6.63,4.1273,4.7814,7.5941,3.3267,9.9779,-0.3824,0.3901,-2.2381,-3.0935,-0.5163,0.3901,-9.4923,-8.1116,3.1688,5.6092,-2.18,4.2717,5.9558,-6.5261,-9.5149,7.4508,-7.6453,-7.2259,5.3438,-5.5623,4.3949,4.3183,-3.0772,0.6432,1.1786,-9.0705,3.3449,-6.4919,8.2413,4.3168,5.5673,-2.0966,-5.7163,2.4427,8.7645,-2.6013,-6.6291,5.1469,-1.8539,8.1301,7.7877,7.0271,2.6747,2.6982,-6.2956,6.1799,9.1402,-0.6368,7.4312,-6.0772,-6.8509,6.4083,5.7483,-8.0646,-4.699,-0.9579,3.337,-4.6696,7.6011,-2.9713,2.1598,3.2111,-9.695,-3.2769,-1.0534,-9.1226,3.0012,8.0273,0.5081,-1.8931,-6.1604,-3.3284,0.3485,9.6978,9.7072,5.0388,4.9428,-4.5116,3.9288,-6.624,2.3482,-3.7263,5.8353,-8.0894,-6.4533,-8.0184,-6.848,3.549,1.0117,-3.8122,8.3894,-7.8767,-1.4527,0.4382,5.5482,4.8474,8.409,1.6537,-6.4716,-5.9681,-7.3109,8.8522,-8.6687,6.809,-3.3707,-3.227,7.8577,8.8842,-7.6669,1.5791,-3.863,-7.8222,-7.2566,-6.3472,-8.4886,-6.8314,5.9569,9.4881,-9.8173,6.802,3.2763,-6.301,4.5042,9.1013,2.5839,2.0195,-6.9199,-9.4026,6.5423,3.0374,7.4775,-5.8932,5.9912,4.2862,-1.6741,-3.7834,-4.489,-7.8748,5.1653,-3.6483,-3.2561,2.8905,1.5505,-1.9047,-8.869,-5.0465,-5.2309,-5.5189,-8.4991,-3.3656,-2.5644,-8.1205,-9.3581,-5.9699,1.9779,-7.7751,3.4172,1.16,9.4251,7.4126,-4.8059,-0.9707,-1.8917,-1.9314,-0.5739,1.9581,4.9857,1.8899,-4.3447,-4.4507,-0.4245,2.3562,-3.1221,-8.2274,0.6428,-6.746,4.5778,-3.4229,2.4923,1.8943,-8.0727,-2.0576,-9.2783,-3.0895,-4.4636,-9.3399,4.9821,2.5899,-7.7968,-0.4194,-5.4243,8.9994,-2.2862,7.6761
-9.1489,2.7049,-9.0291,4.4771,8.159,4.5479,-9.4731,-1.4664,6.7306,4.5635,4.4646,7.0956,-6.0658,-1.4059,6.3524,-7.2119,-4.7778,5.254,-4.0211,6.0618,5.3876,4.9816,6.1828,-6.0586,-1.3134,-9.5945,4.8715,2.3583,-4.9484,0.2653,-0.8104,-7.2578,-3.4954,7.537,-0.1325,-4.1328,6.8601,0.8198,-2.4465,-0.8198,-9.5809,-0.897,-5.3146,-0.3195,7.687,-1.0303,9.0439,-3.7787,-9.2363,8.9437,-2.5392,-5.0176,-7.9477,1.1644,4.7834,-0.7004,-6.5372,-1.8681,-9.0051,-6.3708,0.1108,-5.1284,-5.6189,6.1138,-5.1698,9.4803,7.0987,-4.577,-8.5265,1.6918,1.9385,-2.6969,0.2671,-5.3385,2.4268,8.345,2.453,-3.7097,8.4603,3.6232,-0.6406,1.1873,1.1999,5.1689,-0.4773,-7.6553,9.0597,-3.3377,0.7664,3.1076,9.2344,-1.3034,-6.178,8.0081,-6.791,7.8742,-3.8307,7.1514,-5.9829,1.5374,3.3202,2.3714,-7.1899,1.6147,-6.8231,6.3562,-7.5894,-1.2697,3.2084,4.9617,-2.0436,9.2843,-1.387,-4.2115,-3.7762,-2.5165,4.2261,2.1168,-7.8031,1.3117,9.4689,-7.4717,-5.1525,-4.8258,-0.3773,4.4941,2.7099,-8.5971,1.4208,0.141,5.7218,7.3685,9.9652,-3.4458,6.2778,7.9167,-0.6211,3.2368,2.38,4.571,-1.1391,8.677,4.0366,-6.2557,8.1356,1.6915,-6.0259,-2.7648,-2.3351,-2.0744,-9.6427,-2.6623,-7.782,0.395,6.0315,-9.8922,-0.8339,-0.0101,1.1168,-7.6827,-9.0599,9.8487,4.7451,-2.882,0.5493,-6.6629,-6.9061,9.6922,-7.7315,-8.916,-6.3957,-7.0294,0.4072,-6.9,2.8362,5.8553,-4.2744,7.3256,-0.3763,0.6286,3.9489,4.8039,5.783,5.9813,-0.4366,2.4421,-2.262,8.1113,4.3759,1.2826,8.6041,5.8361,-9.893,-4.8216,4.077,-4.8003,-0.6507,2.7986,3.0982,3.5479
5.7213,-1.5011,-3.625,4.0513,2.6969,-3.3088,-1.9647,9.3017,9.2456,8.6379,3.4848,-2.4637,3.1464,-2.033,-1.4902,-0.0082,0.0287,5.9217,6.2292,-9.9677,-2.7888,4.2197,-8.715,3.2944,-2.6537,5.9441,8.3109,-0.4427,3.5379,-1.9248,-5.526,7.9905,8.3243,8.9665,-7.8237,-7.5772,7.7261,9.9259,6.0423,-8.0488,2.6941,-0.8663,-6.6289,4.2087,5.1724,3.2322,9.4067,-6.3845,-9.0307,-9.1728,2.2014,8.767,-0.9575,2.2742,-1.3857,2.9542,-7.4652,-1.769,0.9669,8.9509,6.6299,3.0527,3.9922,-8.6445,0.5215,-7.4602,-8.7482,-7.4198,-0.0092,-0.0448,-0.4536,-0.4722,5.2448,-2.9627,3.5117,8.8428,1.8044,4.3538,-9.1982,-8.9097,8.0895,-2.1723,-1.7588,-4.9872,5.8714,8.8223,0.9812,-7.6463,6.0208,6.4531,6.9361,9.3393,-1.404,-0.2074,7.6971,-7.3657,-6.2435,-0.1334,1.0771,-5.8683,8.7154,-8.6408,0.134,9.3321,-0.36,-7.1184,2.3659,-1.7133,-0.6803,-6.2511,4.676,5.3669,2.1114,5.8213,3.0834,6.6956,-0.0251,-7.3833,4.0249,5.0375,5.786,-6.194,0.3219,-4.9369,-1.2647,4.0337,7.0637,4.784,9.9951,0.6007,-1.0938,6.3781,7.7293,-0.1709,-3.059,-3.677,5.7776,-5.794,-0.0405,-4.8462,2.6067,0.1241,-3.1547,-6.1921,8.8046,9.1789,-4.6355,0.016,-1.9946,1.0494,7.4404,-5.8019,-0.07,-6.783,9.4485,-3.7141,1.4291,6.5972,0.7539,8.5069,9.8351,-0.9611,2.9704,-7.0179,0.8585,-1.7196,-4.5673,1.8011,-6.3328,-4.5964,8.8653,-0.7699,-2.0785,-0.1967,-0.3694,-8.3664,-1.4749,-1.8791,-8.2723,-1.5474,9.9271,-0.5092,6.814,-4.8772,7.9769,4.5127,-3.4427,-6.8107,-7.7773,5.7606,-1.3675,5.5484,0.2686,-6.806,9.1444,1.0777,-9.4493,4.2337,3.4551,-5.7012
-3.3518,-5.5868,-5.283,-4.0778,4.5824,-5.1352,-8.1609,3.0651,6.2536,3.7076,0.9637,3.7261,-2.812,-4.5576,-5.7846,5.9053,0.9997,4.918,-9.1401,5.9686,-9.9348,4.2217,-2.9939,9.6204,1.575,2.8405,5.0786,-9.1753,9.7555,5.2952,-3.8456,2.8697,8.5134,6.7388,6.19,1.2755,-0.3464,6.8339,-3.4791,4.8033,-2.7268,-7.557,9.6381,-5.234,-4.2259,7.0949,2.5487,-4.9819,8.245,-8.4559,8.8909,-9.4082,-6.6216,2.9276,-2.5618,-9.4705,-7.2629,5.2646,8.2458,3.3417,-6.9077,-3.6632,3.8067,-1.1536,-4.5351,1.9276,-2.6601,2.1841,-9.1015,-1.0121,-5.5536,5.0706,7.2796,8.3551,-0.8833,4.6285,-6.8977,-3.6147,-5.3752,7.9924,9.5797,0.5955,1.8551,-6.4062,3.9539,6.6061,7.5074,3.8696,-7.1299,-6.4158,-6.6336,-6.6533,8.8985,-7.9099,7.9335,-7.0467,-0.5517,3.6591,-2.6347,6.3256,-4.9315,9.0726,-0.4598,-4.5482,-4.6017,-8.5629,9.2703,-5.4869,0.9468,-8.1609,7.806,-5.6877,-3.2589,1.7019,-5.8423,-7.7519,6.9709,3.4386,-1.0123,2.7072,-0.1177,-4.0877,4.5538,8.3234,-5.2258,-2.1466,3.4726,-5.3334,-1.6373,-9.9696,2.8039,0.3886,4.9981,8.4008,-5.6731,1.9962,9.2641,-2.7782,-2.8605,-8.1239,-1.0854,-4.0953,-3.2303,5.1543,0.0047,8.2596,2.2624,-5.5522,-3.1979,4.9397,7.8612,7.7775,-4.6424,-4.2997,-9.5279,-4.1208,-7.5936,0.1329,5.1247,-5.7683,5.1972,8.0892,-6.7461,0.7528,-5.5739,1.054,-2.7497,-3.2157,3.7133,7.5746,-8.1526,-3.3048,-7.5799,-1.4863,7.6104,-5.82,-0.2834,8.6086,4.9534,6.6214,7.5078,-9.0541,-1.6334,1.33,-7.1611,0.9542,5.1268,9.3582,-4.6687,-1.556,1.6456,-8.6331,-9.9717,-7.2802,7.4693,3.1447,0.7106,3.9121,-7.5408,1.7767
5.5674,-8.2239,2.4566,9.7413,7.7585,-9.6473,-3.3859,8.3674,-5.0689,1.0944,-5.3529,3.489,0.2827,-1.4778,-1.75,8.3797,-2.7601,1.7696,-5.9903,6.227,4.3187,3.3114,-9.1937,1.6815,6.2177,-4.4389,5.0558,-6.0999,5.9711,-0.5913,-8.9079,-6.5983,-5.7785,-4.594,-6.4902,-4.3252,7.0616,4.3015,5.0859,6.4218,-6.788,6.7559,7.502,9.893,4.0576,-2.2111,-7.9205,-2.4776,-9.006,-6.0727,-9.6906,5.2576,7.5567,2.5868,6.1479,3.3061,4.1192,-2.2024,8.4591,-9.8882,-2.9735,-4.6894,4.5201,2.7479,9.2015,7.3212,0.9321,1.4825,3.2579,-2.063,-0.3691,2.8118,6.6793,6.6793,8.8876,-1.6588,-7.6563,1.8515,4.8531,-1.3553,4.5565,-9.8687,-5.1339,-3.9759,9.2281,6.1308,-7.4642,4.853,-9.635,4.5947,-7.9482,-8.0253,-7.3154,-6.2509,-9.2106,3.9211,-9.6706,-4.1189,-0.056,9.344,5.3457,-8.1605,-9.6021,-9.2687,-4.2824,-0.6174,-5.7303,-3.1873,3.6952,-5.149,-9.846,-7.2791,6.3059,2.2642,-0.5757,-0.3239,-2.0683,-3.3026,5.584,7.5614,-1.7755,7.472,6.3804,-1.6483,8.7637,-8.0314,3.2559,-3.8341,-9.391,8.1169,-5.242,4.8236,2.935,-4.6422,-6.5659,9.0506,1.5744,-9.9866,-2.5867,-7.9356,-1.7209,2.4527,3.6557,-5.8823,-3.8881,-3.7868,-7.0949,-1.65,4.0752,-0.5897,2.9575,4.675,-9.585,4.6147,1.6345,-0.888,3.1735,-4.6863,-0.4233,-9.4186,1.7593,0.7395,2.6695,-7.5429,-3.2327,2.8159,-4.4331,0.4914,-1.0601,2.8875,2.344,2.783,1.2124,-9.2917,6.1543,5.0345,7.4788,9.5533,-9.2994,4.6376,7.857,-7.4959,0.6482,-0.7032,-8.6484,1.567,-3.5408,2.8645,0.1319,-7.2142,-9.4604,-0.3957,-4.3834,7.4296,-9.6175,3.5103,2.5502,9.0693,-0.2041,-4.4407
-1.1718,4.2656,-3.59,-3.3708,6.8528,2.0231,-2.4776,-4.5786,2.1461,4.2947,-4.9251,-3.1929,6.8494,0.1762,-6.9512,4.3872,1.0625,1.4185,2.4145,-7.6961,2.7254,-0.6449,-5.1309,-5.9178,-6.5241,-9.5949,9.976,3.6945,5.8528,-8.9406,-2.3051,9.186,2.17,1.7652,-4.5937,6.3822,8.3867,-4.7951,8.415,-8.3908,9.9572,-1.8499,-9.1981,-7.2289,-1.4036,-1.2013,0.841,1.0639,5.6667,-4.3051,-3.1354,8.7044,4.8254,7.0494,-2.5057,8.1434,3.2884,-8.5325,0.2535,-0.9407,3.9556,-3.3537,6.6375,-7.5729,-5.4362,-9.0732,-6.7991,-6.2074,0.3731,4.3347,-7.3212,8.8548,6.4901,-9.3307,-2.9545,4.1003,-4.0572,-5.5786,-3.3113,5.3436,3.7906,2.5725,-4.2246,3.1048,6.3065,0.1018,3.2322,-2.5594,6.2177,4.0631,-0.8053,-4.1491,8.3152,-4.9566,-5.5005,5.5571,-3.0523,5.4595,-6.2261,-9.8068,-8.1983,4.7621,8.6536,2.2477,-0.9957,-6.4339,-3.8543,8.8221,3.3349,9.0306,-7.6214,-2.4251,-1.2262,-7.6139,6.3649,7.9488,-5.2285,8.3082,3.5918,-8.8975,1.854,-5.8481,-1.4966,8.2977,8.2837,4.9932,-7.115,3.6373,5.7133,-3.0241,5.0364,7.2321,6.7253,6.7858,-6.0362,4.7573,-0.6634,-3.8818,7.841,1.2357,0.1731,1.5738,-4.006,-0.254,-7.9029,9.7506,9.5577,-0.169,-0.4019,2.4569,-6.1303,-9.1268,6.5272,-6.3975,-2.4356,4.7988,-8.1251,-9.3713,8.2122,1.6966,3.8797,-4.8481,-4.8663,2.7221,1.5931,-9.5628,-0.9625,6.2425,6.9295,-7.4554,-8.5765,-8.2275,3.247,-9.5566,3.0296,-3.556,-6.0567,-0.4806,8.5791,2.8047,4.5475,-3.375,0.4385,-2.5934,7.6365,-6.1429,-3.8975,-5.043,-7.9197,-6.466,-5.5609,-1.4195,6.2359,7.2786,-9.4352,-7.975,-0.3338,3.6773,8.2646,4.6678
-0.4749,0.6965,-2.3242,9.8346,9.8301,-0.423,-2.8061,8.6701,-1.2122,-2.4533,9.1051,-5.287,-0.9566,-2.743,7.8818,7.2109,-8.4094,5.1131,-6.2975,-6.0242,4.7473,8.1137,2.2347,-5.1975,-6.6928,-3.5305,1.6232,-7.9939,-7.1834,9.9594,-4.39,7.8868,-3.172,5.5776,-0.1829,-3.3948,8.5867,5.3747,6.1981,2.4186,1.1561,7.2823,8.8456,-0.869,3.2916,1.2347,3.2452,7.2253,9.9779,5.3452,3.8786,4.7208,-4.2703,7.4089,-6.7708,5.4622,-3.282,-4.5352,-4.2934,-5.7404,-2.5965,-0.054,-9.2037,-6.3681,6.9252,5.5424,1.5181,4.2701,-1.4652,-1.8995,2.1902,-2.6683,-9.0037,7.1751,-2.6202,-7.3976,0.0031,-1.7534,9.6598,7.235,3.6316,6.4793,3.0367,9.2434,5.2488,4.6838,7.1636,-3.0001,-6.6076,-2.1989,3.0319,-3.4898,2.5385,-2.1388,-2.5394,-7.5811,0.482,-4.2854,8.3485,9.0736,2.7968,-1.3013,6.6941,-0.0079,3.1092,0.6287,-0.5757,-9.9128,8.7268,9.3697,-4.2602,9.8981,-7.4132,-1.851,8.6072,-4.699,3.5237,0.452,-6.1607,7.3096,3.3009,4.0057,-1.3114,8.5466,6.277,-7.8995,7.3669,-9.712,0.8674,-8.5505,-6.1686,4.7924,-0.0466,-9.1649,-9.2354,-7.6026,-3.8854,5.3503,1.1724,4.7916,9.6944,-4.9854,-3.5018,-5.1929,6.7786,-4.8443,6.8986,2.8934,8.0638,-3.4413,-5.449,6.0223,-4.3626,9.1493,1.3556,3.7938,9.5406,6.9106,9.4984,6.5152,-9.9528,2.0931,3.0337,2.8859,-1.9139,0.174,4.5697,-6.9538,7.7496,-0.2175,-0.7654,-0.8857,-2.7286,-6.6991,-5.7045,4.3581,-5.8848,-4.0673,-9.6715,1.9037,-5.01,8.3595,-4.3584,2.0947,-5.66,-3.2919,-3.2469,3.3041,1.6794,-4.6236,3.0445,6.5581,4.2684,4.0761,-3.0655,-1.515,-4.0179,0.8954,-7.6211,-8.6016
1.5689,-6.7265,2.76,-6.1695,-9.7724,4.944,-9.8519,-1.0168,7.8713,-6.4817,-6.2466,5.0648,-7.4116,5.1004,3.357,-7.0431,-5.0083,-0.4736,9.0199,6.6541,2.7349,8.3432,3.6074,9.9383,-2.0683,-6.6077,-0.2789,-3.762,7.9173,1.2372,-3.3885,5.4069,-9.2329,2.9374,-5.438,7.665,-0.2443,-7.034,0.4745,1.3312,6.098,2.1392,8.0715,-1.0335,-8.3181,-3.0035,-8.2476,4.0786,-9.0618,-5.6793,4.7668,-6.2546,-1.8547,8.1173,1.9232,-9.9045,7.2656,8.1669,5.6775,5.2087,-0.38,-4.6609,-1.7607,-6.8695,-1.858,3.8933,-5.8134,-8.1614,-4.4866,6.9177,-6.2225,7.3094,7.6763,-2.8189,-1.083,-1.0277,-8.8573,-9.9183,-3.2185,2.6445,5.6859,-5.8434,0.6896,-4.342,6.6172,6.5545,2.2477,-8.0303,7.345,-5.2758,-1.1396,4.5271,3.4559,-9.9819,4.5411,-0.2283,-1.1808,0.3635,-9.5223,7.9859,-4.4598,-0.6136,-9.7016,-1.222,2.7919,-2.719,-7.7375,-1.2419,-4.1226,-9.3672,3.7812,9.3998,6.7844,3.8971,7.8811,9.3464,-6.8082,-1.7189,-6.5639,7.0941,-0.0944,3.9042,-2.5931,-9.6566,8.5073,-7.1646,7.5315,1.7028,-9.1568,6.9928,1.4138,-9.7891,9.7712,-2.3857,9.0823,0.3443,3.8193,0.3777,-5.0278,-1.9024,-9.5061,3.1035,6.4068,-4.5644,1.7301,-2.641,9.7772,6.1964,6.2537,-7.3288,-1.4419,0.5334,-3.5148,6.341,-2.1896,8.6329,-7.7247,-3.5201,8.1969,-3.8833,8.5803,-4.5901,8.5951,-1.91,4.2382,-6.5183,7.3479,8.7699,8.957,-0.0647,6.9304,-0.6873,-0.2486,-5.9066,0.017,5.7755,-8.6386,-3.6727,-7.454,-8.1887,-7.9962,4.3901,-2.2249,-7.3334,-1.9518,-7.7017,-4.0762,4.5843,7.9021,-8.4019,0.6384,-6.192,4.4599,8.9675,6.5946,-1.4054,6.6212,-9.6296,-0.7017,8.4662
8.9966,8.7115,2.4918,7.5856,9.9034,-6.9871,-0.154,8.9788,7.4071,-3.6012,-5.0028,-4.5685,-5.7494,-5.0347,-3.8033,5.981,7.4915,1.3555,3.7814,8.006,-0.8637,-3.2279,9.2802,4.7978,7.337,1.8102,5.2451,-3.7671,3.4477,5.957,-0.7807,0.2756,8.5053,-1.2483,0.3585,-7.8719,-4.3775,1.1452,4.4524,3.5349,3.4828,3.2672,-0.0934,4.2113,-5.181,3.6493,-5.3864,6.6665,2.7689,5.1383,-3.4715,-8.4832,-3.7132,-4.4501,-3.3408,1.2954,4.3379,-7.4102,-5.805,9.2244,-9.565,4.9959,-6.6765,-7.1226,8.3448,-3.5169,9.5317,9.8144,9.3662,2.9954,7.2626,8.8296,-5.0092,0.3941,-5.9541,0.74,-9.3301,0.832,3.1561,0.9165,-5.4518,-6.7113,-4.2887,-6.3155,-5.7814,3.7244,0.3847,-9.0929,-5.6271,-4.9333,-5.4644,-6.6344,-0.9448,9.3593,2.2507,2.753,-1.0398,-5.9912,5.7872,3.097,9.7057,4.2026,-1.1836,6.1303,-3.8271,8.9502,8.8777,7.4243,1.4036,-5.3387,-1.0287,4.9527,-1.6659,8.542,-8.5503,-9.336,5.7767,-5.4957,8.9873,-9.2125,3.666,-7.0967,-1.199,1.7907,-4.6026,-2.0686,-3.4487,-7.9782,-9.4628,-8.6963,9.6959,-7.4759,-4.3424,-2.9148,5.3719,9.6397,8.7917,-5.9134,8.6353,-9.7345,-3.1382,-6.1564,-5.9471,-1.6827,-6.2329,-4.7781,4.3195,4.471,-5.8073,-5.8672,8.7573,-1.156,5.3065,5.5184,7.6092,-8.863,-9.2863,-8.6317,8.7899,8.5367,-4.031,-1.5815,3.9792,7.2721,1.3946,-0.2521,3.2919,1.876,9.7253,-2.8085,3.6899,7.4655,0.7899,4.124,4.5955,6.2475,1.7801,6.5148,-0.7127,-5.313,-3.6779,-9.9406,3.9342,-0.224,8.3149,0.7357,2.7187,3.7524,-7.5564,9.9217,5.8095,-5.4366,-7.2677,6.5582,-1.2469,4.4243,0.6777,-8.566,2.6753,-4.678
0.7144,3.1515,5.0004,7.1011,2.202,-1.026,-5.3915,-2.3491,-1.7672,8.1604,5.3094,0.6416,3.3461,-4.6813,-1.3325,-2.5105,7.6422,-5.4737,0.6477,7.6127,-7.0359,5.7431,1.8822,5.5438,-7.1229,0.3086,2.5453,-0.7266,-3.1163,-5.4849,-0.059,6.4591,5.904,-8.8697,-2.1527,-9.7636,2.1459,5.6643,4.4026,-7.7571,1.4897,0.1156,7.5391,-4.7943,0.5393,0.0701,5.9948,-3.306,9.7432,2.1454,3.5583,5.5381,-4.1855,-2.1475,-0.9952,-1.1247,0.7714,4.1753,-3.375,-9.6726,9.6348,8.3733,-8.1631,-4.1773,-9.8666,4.1366,4.3154,4.2534,3.7627,-8.0028,2.1843,-5.0239,5.7604,-0.0894,-7.0766,1.2593,-3.1403,6.6349,-7.6589,5.4564,-7.2141,-3.0424,-6.9331,-4.6346,-4.1165,-5.8019,1.2169,-3.9425,-9.7238,2.2982,3.1321,-9.6231,-6.4284,-2.8008,0.8358,3.09,3.745,-1.1386,-7.0811,-5.922,-9.3856,0.4938,-9.6874,-7.9363,9.5808,6.5465,3.4009,6.2197,4.1015,-7.7295,6.6568,-8.6688,-6.3094,6.9829,8.1886,5.384,-0.6634,7.0326,-7.437,4.4399,-0.7209,-9.0928,-1.2796,-7.8444,-8.9111,-3.8675,-2.4432,0.959,0.673,-2.3007,-5.9818,4.4193,-5.6761,3.2874,4.7346,1.7919,-1.6824,-6.9427,-2.9764,-4.5502,9.8431,-2.1991,-9.8685,-2.6934,-7.6496,2.7113,1.1747,6.5601,-3.859,-7.8058,-3.1738,-2.9935,8.7357,6.8015,-7.6389,0.6288,-4.0801,-0.9833,6.1318,2.7319,2.7469,-0.2861,9.4785,3.6368,-4.9667,-2.4544,9.9065,9.5838,-8.5982,-8.6408,6.1445,-6.293,-7.0137,5.9408,4.8214,-0.0608,8.7234,-1.8451,-2.638,4.2533,-5.6802,3.9726,-2.7831,8.6846,-8.7739,7.1803,-6.2481,2.7574,1.7644,-0.0447,0.514,-2.2058,-2.4479,0.442,4.7613,-8.1337,-6.1807,6.9168,-9.8497,-6.6286
-4.3915,3.2019,-1.5067,-3.5258,-3.481,7.8252,-8.0304,3.834,7.4082,9.5997,-4.2786,-1.8028,5.5564,-4.3965,2.1439,6.3223,6.2784,6.4873,-6.881,-6.464,4.6043,-8.8784,-2.2661,-8.4503,1.2618,-3.543,-8.0893,0.0077,3.3998,0.246,2.087,-7.4958,-0.4899,6.7265,4.4211,-8.0589,-4.7442,-3.0221,-3.7958,2.0932,-0.0037,-5.1714,4.8699,3.6789,5.7198,-1.3514,-7.5533,-2.1658,-3.7297,8.4593,5.5135,5.748,-4.1105,2.5191,6.0175,-5.3916,-2.7482,-2.7406,-0.3673,-1.0092,-9.9036,6.357,-2.2412,-7.9527,4.7489,4.3544,2.3856,3.3109,8.0738,-7.6891,7.5959,4.5268,1.7658,-0.078,-0.736,-7.4331,-0.6476,-2.8602,-4.5389,-7.7828,-1.9548,-0.7505,-3.8937,-6.8055,6.6485,4.4727,1.663,8.7759,1.7104,-1.8339,3.392,-5.4681,-1.2233,4.5694,-9.9224,-3.4572,-2.9591,-2.535,2.0913,-1.9418,1.2698,4.8782,3.9453,-6.0701,-1.2013,-2.3999,-4.486,4.4523,-5.6462,-1.6442,3.2304,-6.5598,1.9992,-3.9114,3.9582,4.961,-1.47,8.4674,-9.6146,0.4002,8.2925,-0.0501,-9.0971,1.115,3.3992,3.0642,-8.6193,1.9802,-0.3791,2.5123,7.8063,3.0548,-4.0272,-9.0934,0.8986,8.3028,2.8573,-5.5693,-4.303,6.5121,-5.0526,-3.5171,-5.8868,-3.1676,-5.6635,-3.0088,2.2812,-7.6928,6.8885,2.6169,-1.3785,-4.3276,7.1073,1.3546,-9.0788,-3.5486,0.4761,9.6011,-5.7309,-5.6098,-4.1516,-4.1957,-8.4286,-3.0217,5.4856,6.315,-4.2385,4.1135,-3.0758,-4.6695,4.3434,6.6028,-7.6603,-9.547,-3.1236,-3.4167,4.7804,-2.7028,3.0572,-8.6876,-2.018,8.2156,0.4364,6.9114,-4.9596,2.022,-5.0718,9.2472,8.1014,-6.2377,3.8305,-2.9571,4.5494,-8.4597,-8.0695,7.3423,2.6448,-9.8845,-3.9165,2.5676
1.0964,-2.0417,-8.6299,-2.063,3.5025,-2.2506,-6.1285,7.2704,-7.1112,4.8927,-3.3473,9.4766,0.0376,6.002,5.7947,2.0212,9.5685,7.7112,-8.6348,9.0566,-0.0128,-8.3694,7.5742,4.944,9.6385,9.0378,7.9142,-7.2987,9.2845,-9.5325,9.0539,-6.3923,1.4879,7.7332,4.5931,1.8444,-1.7307,-0.8661,8.4216,8.6944,-4.4949,-6.5329,8.127,2.6075,-7.4978,-3.6275,4.8097,3.1361,4.8827,-0.0938,4.6615,1.872,-6.7605,-6.3334,3.8267,-8.0383,-2.772,-3.9107,-5.4303,-0.8866,5.2983,-1.5223,-8.0852,-7.0728,-3.4508,-5.3359,-1.831,-1.8753,-5.4811,-4.7758,6.0308,-4.8167,-1.1868,2.4857,-2.9302,-1.0828,3.4512,8.7415,-1.2073,-7.4982,5.1405,0.3147,-0.5325,4.9467,-3.9063,-7.194,-6.8103,2.2363,5.2141,5.0052,0.1651,8.811,-0.2071,5.4573,-5.0726,4.1997,-4.2593,-7.726,9.6339,4.1472,8.0632,-4.0363,-1.5037,0.8274,8.7355,6.6636,-9.0571,-5.3134,-7.2182,3.6531,-4.7985,7.0574,-7.8692,0.1037,8.2404,-3.5961,-9.6364,5.3687,2.007,-6.2643,9.5337,-0.9111,7.3779,1.9863,0.7102,-1.7985,4.7843,-3.6494,0.6031,-9.2833,-5.808,2.2953,4.3316,5.8161,7.8407,8.4466,5.8913,-4.4197,1.1354,-4.39,8.2981,-9.3608,-2.7714,-9.4877,-7.8321,-6.6963,-6.5305,-1.382,6.7433,3.5159,-7.6326,-2.0515,7.1816,6.4138,7.525,-7.2082,6.3322,-7.0473,-0.8762,7.7332,3.7786,6.5756,-9.4631,-1.7836,6.1144,9.7637,2.9442,7.2791,5.4874,5.1756,-1.4172,-5.7133,0.3193,-5.2198,-7.1466,4.3312,-2.9484,5.2014,-6.5647,-1.5241,-1.4816,-9.5407,-1.4107,8.2628,1.7676,8.7693,-5.1016,1.7618,-6.5282,8.9754,-8.592,-0.3065,4.8091,-7.5752,-0.6632,-0.1837,-9.0455,-9.0941,9.2398,2.9601
6.1395,-8.0793,4.1965,1.8922,4.7657,-1.1243,0.4847,3.4105,-4.672,1.2204,-1.7367,4.7906,-4.5093,3.7006,0.4825,8.67,-4.5206,1.2238,-8.2279,-3.8904,-7.7617,1.2309,0.4982,9.9918,1.5377,-3.4144,1.4543,7.15,-2.8465,2.5158,1.3217,-8.8769,3.4053,4.1017,-1.1737,5.0048,3.439,2.5951,-6.9342,7.0862,4.3119,-7.5958,-7.4906,6.5692,-3.0433,7.9551,-4.7151,-0.4283,0.0351,-8.5429,6.7713,-2.2033,-5.5718,-2.7903,0.7435,-8.2057,-5.9986,-2.763,4.3649,1.4656,-5.6111,4.697,8.7653,7.9307,3.9271,8.3754,6.7929,7.1114,0.3672,-1.1634,-2.4511,-8.1471,-4.4848,-7.3356,8.1045,-0.587,6.72,-0.5584,1.8175,-8.3969,-8.887,-1.8217,2.8543,-9.8292,-3.0455,-9.8817,9.1453,-0.487,3.298,3.1423,9.5955,1.3909,-1.4482,-0.5187,-2.1558,-1.1221,4.7632,-6.4714,3.3829,7.1167,2.7187,8.6328,-4.4213,4.3304,4.9558,2.4443,0.0216,-9.4211,-7.7818,-1.1049,-2.2148,-1.4747,-3.0611,-1.676,7.155,-7.649,6.2017,-8.418,-1.7339,7.278,-3.8184,3.4912,5.1545,-3.2215,3.8112,0.7299,-3.3126,-5.0591,-8.0983,3.838,-6.9237,1.4114,6.7092,5.0118,3.162,4.2029,-8.6849,-8.1896,6.32,-0.2677,2.5773,-5.078,-9.0146,-1.6005,3.9036,-3.4792,6.497,7.4535,-7.397,-8.8838,-1.0572,-4.6929,5.3799,4.7796,4.2044,-5.3334,-0.848,0.2514,0.0551,-4.7525,7.2366,-7.0223,0.2444,6.1307,5.6464,1.6689,7.8812,1.5737,-8.1631,7.8284,7.1667,3.0499,3.343,-5.3995,-3.0131,0.2369,-9.8146,4.1297,1.7149,4.3325,5.2765,3.1782,-9.1147,3.5662,-6.7948,9.04,-0.0535,-9.3215,-2.8204,-1.7714,-5.3825,4.9032,-6.5375,9.9792,-6.3198,9.2324,-3.0952,-3.4419,-4.0749,5.024
6.9417,-5.8956,1.6735,4.2778,9.9562,1.1386,-4.0027,-6.1332,-5.2567,-3.7137,2.8419,-6.2483,-6.3793,7.2901,-6.4141,8.167,9.4191,9.6505,-4.0761,-6.8602,-8.2649,4.7435,-2.0082,-4.8893,-5.3963,-0.6591,2.6597,5.7708,-8.3334,-6.8628,9.2757,4.3622,3.3685,-4.0983,8.3951,4.9335,8.1617,-3.8948,-1.1971,2.8419,2.4481,-1.3559,-6.0187,-0.2302,5.4645,9.5935,6.7011,-2.0714,-1.2757,-2.7057,-5.7626,7.1907,9.3006,2.7223,9.9208,1.6462,0.7916,9.0722,7.7397,-7.2354,2.7293,-6.8961,5.4729,3.3567,2.6863,-3.7472,6.9372,-9.1562,4.0939,-8.2237,6.2292,-6.58,-5.8777,1.508,0.8604,-1.3171,3.3695,0.1954,4.325,-3.9837,0.4375,7.6896,-0.9526,-5.9669,6.9254,1.9688,-2.1775,-4.1918,-9.8443,-6.8429,-3.3055,8.9904,-0.2975,-7.8156,8.7489,3.3523,-4.4908,-1.6687,-1.7398,-4.5667,3.6433,-9.6624,5.8844,3.6752,3.341,-3.5326,-1.745,4.765,-8.0963,1.1113,5.066,-5.2703,6.5675,9.9356,0.5796,2.4038,-5.4839,6.1985,6.2838,2.9997,-2.951,5.4713,-8.8665,-9.2209,3.9208,0.5492,-3.7326,-0.8505,6.1367,1.83,5.4965,9.194,-6.8593,-6.0962,-7.4226,-1.9641,-4.4476,-9.5845,-9.0005,-7.929,-5.2149,8.4346,-8.7902,0.8275,-7.4212,-2.4321,-1.7634,7.6156,9.1921,-5.7146,-1.9595,-3.3989,6.6674,-0.5124,-4.5339,-6.8374,5.8277,0.9664,-3.4544,-9.2754,-2.0736,5.2057,-7.5829,-7.4886,0.1179,-7.2379,-4.7806,9.2608,-2.4229,-0.8649,-0.6259,-5.2691,3.4759,-6.9774,3.0527,-4.237,-4.7682,4.1494,-5.3143,0.017,2.8953,-4.6944,4.3343,-0.8258,-2.7926,-8.796,-5.8763,3.1845,-8.1589,3.327,-6.6082,-4.1167,-2.4918,-2.1222,3.0887,-8.163,-2.2759,-6.4285,3.5442,3.1097
-8.5567,7.1749,7.283,-5.8192,5.7893,4.3965,-2.5581,7.8462,-9.3636,7.1794,5.5602,4.183,5.9757,-1.4807,-3.5295,-5.7616,-2.3999,7.0655,3.8552,1.126,7.658,-5.0903,1.0389,-2.9269,4.676,-3.2015,1.5513,6.816,-9.6334,-1.853,-0.9341,4.5237,7.4435,-5.4852,8.4467,8.2126,8.6829,-2.1365,-1.4789,1.2139,4.7678,-9.7798,9.4006,-6.8733,-0.2884,6.4256,3.5887,-2.7001,3.9326,8.8667,2.1222,-5.0811,7.5291,-6.7058,6.6398,4.1077,9.6769,-9.2811,-0.4059,-8.4193,7.745,0.8149,-0.6606,-8.2703,-5.8488,4.893,8.9427,-9.3431,2.3285,-5.2368,-4.271,9.7539,-9.5955,-1.5306,1.8604,-0.2353,8.1046,-5.0998,0.1843,-9.9275,1.9452,-1.4731,2.6893,5.4864,-7.0197,-0.4002,-3.0235,6.9592,-8.1888,6.6852,7.2607,-7.0025,2.389,-7.3385,0.4573,-8.7245,-7.1983,-2.1189,-5.9073,2.336,-2.8407,3.2601,4.2492,5.9085,-8.9267,6.9799,-8.4052,1.512,2.8587,6.7871,-7.1113,-2.701,-7.2037,-2.7774,-1.0274,-6.5145,-7.5353,-1.6337,-9.2617,1.162,0.519,-9.09,3.5905,-8.9251,-7.5856,-9.1076,5.4807,4.7028,4.372,6.3522,1.8113,-9.2007,7.0748,6.2946,-5.3815,4.3667,4.3562,1.6716,9.9149,2.9056,2.7783,-3.4624,0.9366,-0.1787,-2.5053,4.5084,5.3738,1.9032,-2.3653,-4.9209,9.8327,-6.0426,-6.281,-1.97,1.2057,-8.1828,4.6358,-4.6478,-8.1283,-5.7798,6.1665,8.9143,-2.6253,5.3048,-9.0107,-3.0066,-0.0253,-3.8871,-9.4341,-8.2748,-0.6358,-0.936,-0.6601,-0.8721,1.1204,3.0319,4.7778,3.113,-0.6399,6.0268,-3.4678,-4.9179,-3.4203,9.6427,-2.028,-5.0223,-5.559,7.5061,3.6331,-6.9842,-8.0107,-4.1115,9.1384,-8.4392,-8.1015,6.8132,9.0292,3.5716,1.1292,4.569
-1.4818,-7.9401,-2.4977,-2.7189,6.3441,-8.6135,-4.4818,3.4652,6.1734,9.5691,-5.4624,-2.9495,0.8004,-1.6509,7.5222,-6.5373,-6.7223,-0.4027,0.0985,-0.0865,3.4587,-2.0997,-2.1821,0.8718,0.0106,3.1779,-8.1736,-3.2781,-3.3439,-5.9368,4.4958,4.7621,6.8739,-1.7593,-2.4417,3.5481,-9.2197,6.6053,4.8569,-9.6085,5.0781,4.0587,-3.3493,9.644,8.5618,3.665,-8.9283,-6.7912,1.1888,4.4673,5.9611,-2.5619,-8.2911,-8.5938,-3.8549,4.5977,0.7972,-4.7982,5.1554,3.9501,0.8877,-9.1285,7.54,-2.9908,-3.7357,-0.4367,-5.6585,4.1778,1.7501,-9.2583,0.3937,9.6406,8.2933,5.2607,9.3541,2.6405,-9.8244,-5.7247,3.7296,-4.772,7.5571,-0.45,-7.295,-4.737,-5.9806,0.9666,-6.6618,-2.6815,2.736,-3.1197,-8.3688,-9.2685,1.0907,-3.2984,0.0088,0.9586,1.4549,-4.8766,-2.6052,-3.5514,-2.5609,2.4148,-2.6967,-7.509,-9.5939,-1.2928,2.7965,-5.3293,-8.392,-0.4193,6.4876,2.0245,8.6617,5.0228,0.7889,4.217,1.2205,7.8439,-8.987,2.6538,9.1533,0.7321,-8.0855,-9.1816,-0.8603,-4.1933,-0.3734,-3.3373,-8.1061,6.5758,4.953,-3.2128,-3.9929,-4.8635,-9.4402,-3.6546,-3.5348,4.1101,-8.043,-3.4747,-9.383,-1.4379,-0.5988,-2.0807,-2.7538,-7.5689,-6.3002,6.0387,3.4122,5.6167,-2.3313,-5.5461,-2.1085,8.1457,7.8047,-5.4561,4.2225,1.0281,1.1271,2.3277,6.3354,-8.8292,-0.9198,2.4247,6.7089,-9.6492,-1.5054,-8.4857,-1.8102,-1.4068,-9.8727,-0.4635,4.8008,-8.0829,4.1802,-3.9736,2.4046,5.1645,-2.2691,7.5355,-5.7587,-3.6957,-1.1683,-5.8496,4.2275,4.9423,-2.8622,2.3672,-3.6337,-7.0362,0.8384,-5.0973,3.7793,3.3712,5.6136,-4.1227,3.7167,-9.5509,1.0448,-1.9686
8.0389,0.1474,-8.0466,9.1951,9.5655,-4.0461,-2.862,4.2308,-1.4338,-8.5318,2.2981,0.4411,-3.556,-5.8729,-2.7156,-3.1334,-1.7033,-6.6975,-2.5365,-7.7692,-8.537,-9.524,-1.1927,-6.0198,-8.3926,-8.0084,0.9675,-5.4498,-4.4094,-0.8377,5.2636,4.0547,8.6141,-6.899,7.685,-1.6637,6.75,4.68,-0.1164,0.4939,-9.7184,-8.1834,1.6562,-6.8003,-1.0356,5.5651,-3.5746,6.9695,1.1522,-7.973,-0.4845,3.6509,-2.4195,9.3038,-5.6589,6.893,6.0334,-6.9307,-4.2072,-6.9807,7.0664,-3.1332,-3.1715,-0.8973,-8.4975,-5.985,-4.7591,5.9804,1.0131,-3.2406,4.5143,6.9435,-2.9571,2.1778,4.927,3.4771,7.0605,0.5902,8.1989,4.6975,2.2123,-7.1581,7.7133,5.6131,-0.1095,7.4644,8.7249,-6.6368,7.112,2.7645,-3.0291,-7.4245,-6.1058,-5.9877,-6.1714,-0.3181,-5.7489,-1.1493,-0.8283,4.4093,6.1539,-1.4957,8.2688,7.7235,-8.444,2.1922,-4.7994,-1.0883,-8.7359,-3.183,-9.603,7.8507,8.0839,-7.8852,-8.907,-8.1838,7.7473,-3.9037,4.4371,4.5173,-7.6258,-6.2508,5.3383,4.9022,4.8377,0.8445,-9.0194,-4.8377,0.8034,8.1544,1.3024,-0.318,-5.926,-0.4023,-7.9698,8.6935,9.5959,-3.6607,-9.0899,-7.3072,8.6097,-0.5573,1.43,4.0088,-1.1509,1.5541,-0.7254,-5.0282,2.1145,-4.1479,6.3654,-2.4024,-0.1669,6.6928,-5.9706,2.6342,-7.2213,-9.3076,8.4808,3.6849,2.8402,3.0417,-9.3609,6.9258,8.5611,-7.9765,-7.4764,-4.2743,-2.5655,7.7144,-2.1063,6.271,9.9811,-8.7577,0.8204,6.8895,-6.287,5.6896,-6.2473,-0.218,-1.186,-0.1188,-8.0066,8.8566,-3.0033,6.6489,-7.7557,2.9942,-1.7642,-8.9028,-0.8546,4.6756,-0.1386,4.0874,-1.9664,4.5944,6.2016,-7.6432,-4.0276,2.6489
-1.3816,-3.2368,-6.5104,2.7273,-0.1359,-0.3841,-9.8233,-8.8581,7.0328,-1.987,6.1472,-8.4092,-4.5409,0.2013,-4.3508,-4.6925,-2.7511,3.0739,-3.0923,-4.3861,-9.9095,-8.7515,-2.6464,0.7595,-7.2965,-0.6418,-1.8351,2.438,3.7311,-1.7278,6.6548,8.4159,8.5032,4.8701,4.0188,8.0062,2.3255,-7.0907,-9.8779,3.228,5.8206,-0.9391,-3.8974,7.0643,1.1974,8.5983,-5.4154,4.5866,-5.2723,-3.3018,6.4138,-6.6266,4.3747,-4.5985,-3.2635,7.814,3.5879,4.6277,0.2719,9.1042,-0.4721,9.1417,-1.1577,1.7948,-4.983,6.9615,1.3714,2.1371,5.3165,-4.4317,6.8407,4.4814,-7.3496,3.2257,-7.5486,6.2571,3.0929,-2.9558,-7.1516,1.333,5.5068,-2.7544,3.4429,-7.4848,-1.5458,-9.596,9.978,4.7702,9.4468,-0.8315,-3.183,8.5687,-5.9771,-7.0044,-2.2147,-3.9289,-4.1688,4.4082,2.8325,1.2399,-3.2972,2.9731,-7.2891,-2.1573,-7.2367,-2.6726,0.3681,-4.4142,5.4575,-2.2956,8.0935,-8.1063,2.1486,-8.8045,0.8875,-2.5859,2.6535,7.4602,0.6042,3.2586,0.0013,8.7662,9.0786,-5.6904,0.4541,5.8118,-4.4992,-8.3014,8.9403,-0.8367,-9.2051,8.9025,0.2199,0.6918,3.3221,5.0636,2.8138,1.0507,-5.3459,-4.2369,5.0563,9.7842,-9.6815,-9.6242,-0.9785,-5.1368,-0.8872,0.3669,3.9013,-9.6993,-6.0094,-7.4804,-2.7995,-8.7034,-6.4631,-7.5635,0.8442,0.0849,6.3967,6.3559,5.4917,-8.3814,-7.1468,-6.7083,-9.3013,-6.5498,-8.7715,0.2273,-9.0186,-4.9998,8.8012,-5.5555,6.0538,-8.3156,3.8299,5.0081,-3.5037,7.7636,7.1985,7.5653,0.8959,5.1147,-8.5793,-8.0558,-5.9494,-7.603,-0.4951,3.4016,3.511,-8.0189,4.6291,-2.589,8.8458,9.098,5.7711,3.9487,-8.6868,0.6067,5.9797,5.3424
-6.0412,0.8767,6.8322,-5.328,-4.6363,-1.0014,0.2597,-4.2127,7.1043,-5.3254,0.5603,-7.549,-8.2097,-6.8277,-5.5172,3.6311,-8.4114,-9.7156,-6.6832,-5.1232,5.1591,-4.6616,-6.4066,4.0335,-6.059,-2.7829,-7.4704,3.6575,-7.9445,-7.9094,-1.0467,-2.4167,-6.1628,-5.2006,-0.3155,6.9238,8.7396,-2.0689,-1.3674,-1.4645,-1.0511,-3.0162,7.831,-4.0157,-1.8835,0.402,-8.6353,-6.8677,-1.2844,-5.163,2.0983,-1.8418,7.9545,8.7502,4.935,8.2657,8.9861,-5.1044,-9.119,6.3319,-5.3337,2.726,1.5884,9.8569,1.9685,6.9352,-2.2856,0.3726,-8.221,-3.0869,-2.2628,-2.2039,3.9588,-4.4436,7.3919,-4.447,3.3532,3.4906,0.642,-3.6137,8.0702,-2.09,5.1442,-5.1906,1.4948,-6.0931,-3.1913,-7.0485,4.5648,-9.4269,-6.5823,-4.399,-1.1301,-0.8858,-6.9338,-0.2689,0.2582,7.1506,7.6642,1.7231,1.881,6.1792,9.0522,3.2279,-6.3487,-0.83,-6.3527,2.8327,-7.3411,-2.7336,1.8134,6.1265,-1.6609,6.5138,-6.8946,1.9559,-3.3011,-6.2801,8.0157,-7.4552,-1.3938,7.1552,3.8699,-6.995,-9.3726,-0.3716,-0.2561,-8.3744,-6.1332,-6.6549,3.0436,6.9738,5.1185,-2.8769,5.1636,0.974,0.6681,-6.2023,-9.9708,-2.8794,5.6906,-2.6879,-1.1578,9.4594,2.8543,-1.0673,3.1335,6.6368,-8.6759,-3.7794,-8.948,-9.496,1.8866,2.8017,6.0948,6.1606,0.3146,3.4714,1.8515,5.3985,3.4795,-6.2323,-2.0544,8.4552,-2.3291,2.9098,-0.0512,-7.1394,7.3037,6.6253,2.8915,5.1174,5.9146,8.8246,-1.6352,-2.6037,8.8015,-5.376,1.7955,-3.0391,-2.9882,2.7109,0.9606,-7.9783,-4.5635,-6.0845,-7.131,-1.1421,-0.4664,0.7234,-6.767,1.6105,-8.1787,3.4079,-3.5854,-8.424,-3.9087,-6.7568,7.257,3.22
-5.8096,-9.5811,-8.6378,9.5223,-1.0379,-6.5757,-5.6821,-3.9911,-3.7909,8.8285,3.4775,7.6263,3.9985,-3.5073,-0.4102,8.6049,3.3597,-1.0479,-8.6717,4.6242,7.2508,1.1969,5.5467,-2.536,5.5797,8.9612,5.429,-7.3732,-8.2893,-9.2356,-6.5661,6.5121,-4.2901,-2.1333,-7.1482,-1.3672,-8.0167,4.1133,-3.6317,7.0819,7.0062,-1.5507,9.7919,6.7671,-6.3198,-0.714,-8.3286,1.626,5.7346,5.0206,-6.4026,3.2565,-4.8239,-8.1628,8.4226,3.3674,-9.1254,-3.0291,8.7709,2.4754,5.5893,-7.4159,-2.0357,7.3241,9.2294,-9.6668,-1.5825,-6.0274,1.786,-3.9932,-4.7826,4.6836,5.2193,-7.0203,-4.7394,0.9066,1.1031,1.058,0.7048,8.2345,-2.0252,-0.6874,-7.7074,-9.6939,4.5733,7.0543,2.2589,4.3678,9.4567,-7.4025,3.6144,-5.1174,-9.8087,-4.192,4.1625,-6.4067,-1.3011,2.7986,-2.3351,9.3829,6.5796,1.7932,9.3589,5.5662,-5.7508,1.1461,4.8379,3.2651,9.6709,4.9081,8.9878,8.1692,-6.4818,5.9362,3.0753,9.7428,-3.6129,8.0734,-7.1049,4.4189,-4.2147,8.9065,-5.2553,-2.067,7.3603,-4.6167,4.7564,-9.4621,4.22,-8.5778,-2.867,2.3894,5.0891,-0.7264,-1.1276,-8.6375,-9.4183,-8.0347,-9.437,-8.9237,-3.4913,9.634,9.0235,-7.5855,-1.3842,8.8366,2.553,-5.9258,2.5992,-3.6801,8.3808,-8.3119,6.7542,-5.6914,-0.1427,9.7023,1.0384,0.3182,-4.6677,-2.2398,4.0701,-8.7124,-7.8565,8.9068,-6.4591,9.0972,-4.092,7.0162,-6.9502,-3.4015,4.4647,-3.879,5.0289,-2.8368,1.5066,-8.6209,-7.5413,1.6882,-4.1453,1.5371,-6.7432,8.3004,0.6466,2.801,5.9747,3.3302,-0.0682,5.5412,-4.3149,8.5531,-6.6551,-1.3078,0.0132,7.0832,4.7081,3.0846,-4.1334,7.1833,5.9759,1.3181
0.5046,6.3638,4.8406,5.3905,9.378,4.7185,6.1563,3.136,7.6539,2.149,-3.6585,-8.6311,-2.9853,7.2224,-0.3022,-8.4929,5.3638,1.3287,-8.6001,-9.0074,-6.2917,-1.6849,5.5053,8.0744,5.2124,2.4687,9.4091,-8.9235,-3.8718,6.8081,-7.5878,5.3279,-3.5062,1.5055,6.6586,6.1989,-7.0008,3.8758,-8.5942,-0.5712,-9.1644,6.3793,3.5885,8.7156,-8.208,-5.1306,9.1418,-1.4091,7.0262,1.2167,8.1754,-9.8667,-2.7956,7.0022,-5.7473,-3.1284,1.9903,3.0132,1.274,9.7327,-6.4789,-4.1637,1.3715,6.7237,3.7975,6.8803,-4.447,-6.6479,4.4041,-2.3954,-2.3517,-9.1089,5.0289,-2.9237,0.7232,4.1043,-0.6171,0.6219,-2.1536,-9.4671,1.1939,-9.7768,-0.1168,-2.7227,7.2771,6.6496,2.4135,8.7502,-5.7856,5.2213,-0.5185,-1.5642,-3.3687,9.0828,3.0287,8.0512,-0.2547,-1.3488,-4.7342,-7.5652,-5.5277,-7.5017,7.9599,3.8515,2.8406,5.6988,6.5842,6.7322,-2.2661,5.3473,1.7733,9.0557,3.9001,4.4951,9.4064,4.9982,3.107,1.2835,5.828,9.3879,3.4002,2.9747,-5.8296,5.1985,0.1285,-4.5758,-0.0871,-4.203,-1.5499,-2.43,-3.3408,-2.5891,9.7641,8.85,-4.9622,6.0677,9.1316,1.1425,-2.5823,-9.1321,-1.5542,6.8416,-3.3224,2.1438,3.3191,-6.6576,-9.507,0.6286,-5.6717,-5.2352,6.3217,2.6952,-8.8736,8.806,6.3346,-8.0013,-3.9999,2.514,-9.6764,-0.1126,-4.0322,-6.0909,-2.4625,0.8023,6.142,9.9317,9.0023,0.8041,-9.8938,0.0657,1.7187,0.6158,2.475,2.3776,-4.2265,4.1722,-7.2826,-3.9957,3.7249,-0.5429,-6.6738,-8.3503,-0.3561,-4.2179,2.8665,-5.9517,-7.9905,2.6446,-5.0137,-8.1868,4.1441,4.9686,-8.7754,8.2079,-1.3576,-4.5487,3.4409,-0.4332,4.5365,-4.8355
8.9349,4.5588,5.0671,-3.8871,0.7349,9.8806,3.1709,6.7779,-3.08,-5.0977,2.018,8.224,4.3541,5.7674,-3.1319,-4.5699,9.1463,0.8571,2.3298,4.2896,6.6664,-6.522,6.4838,1.4895,2.5134,8.2882,1.6409,9.7205,-2.982,2.7662,8.1202,6.7853,-8.8801,1.3346,-7.567,-6.5126,1.4952,9.0786,-5.0848,1.5096,8.1606,1.2991,0.3858,-0.3619,1.7993,-1.5188,-3.9531,9.9148,4.5241,-3.9202,-2.5897,5.9516,-8.839,-0.9837,2.1078,-9.2672,6.8976,-6.4947,7.5781,8.4451,7.8295,5.423,1.8159,0.647,-3.2267,1.9905,2.2616,0.5076,1.7798,-8.9918,-3.9686,-1.2609,-4.8939,9.3385,-5.0192,2.8941,-1.3367,-3.7902,3.2011,-3.2268,9.7022,-0.8369,8.8754,-7.0416,-1.9292,-2.1861,6.601,9.7447,-5.226,3.0238,-1.4928,0.628,5.8368,1.5345,-5.7502,6.3334,2.0998,-2.5221,3.0742,3.0318,-3.3337,-4.5259,-1.3909,1.6667,-1.781,3.4641,-0.7411,0.3376,-5.2482,-8.7676,2.8852,-8.5933,5.2795,8.3474,-7.0772,1.4586,1.7786,-8.1462,7.2211,-8.0685,-5.3427,-3.2157,-2.9123,3.6418,-9.6962,6.3348,-2.0114,-2.8284,-3.9122,-2.2104,8.7122,9.9659,4.0736,-9.7152,0.5693,6.1203,-6.1047,7.8821,-9.047,-8.9761,7.3882,-7.4013,-0.0845,4.7597,-6.7623,9.9618,3.308,2.6327,-4.7351,-5.1425,3.4563,-2.472,8.0818,7.2043,1.9119,-7.5774,5.6638,8.3887,-0.0695,4.6578,2.5257,-8.7046,-4.7781,-3.5597,-7.4183,-9.0032,0.223,-9.7868,-7.3916,6.5041,2.0898,-8.386,-6.7475,-9.5655,0.1521,9.2092,-7.9749,-4.4041,-6.3349,7.7528,-6.42,3.1874,2.4186,-5.6506,9.6406,-6.4159,-6.1319,-8.8493,4.9729,2.5712,9.8613,-0.2279,-8.0239,-8.6214,8.36,-5.1039,-4.1533,-2.1384,7.8832,-8.7071
-0.9561,-7.6365,0.616,9.0551,-8.828,-2.6255,8.779,5.3035,9.4018,-0.8146,9.6547,9.014,1.5322,-0.4057,0.6235,1.0727,-6.7983,-2.4798,-4.2903,-0.5827,-5.2346,8.2808,-7.8989,4.7904,-0.3554,-1.2094,-0.7182,-2.5024,6.3544,-3.4831,-3.1612,-5.0967,0.3105,1.3853,3.0534,-0.545,-9.8132,-4.661,2.3532,-9.3844,-9.3604,1.9095,-9.9361,-7.1596,0.3465,0.5399,-3.9949,8.4314,6.7971,-3.4572,-2.6566,-0.03,9.4617,8.7439,3.5204,4.4708,4.5549,-7.3517,7.4093,1.5075,5.5993,-6.6658,-2.1607,-6.4773,-0.4102,-1.3675,9.4648,6.7375,-7.593,-3.0537,2.8627,1.4766,-4.4761,-7.2025,-6.9978,0.3417,-5.9751,5.4081,-6.4201,4.6776,-9.517,7.6456,-1.1928,-6.7345,-1.3262,4.8694,5.6181,3.7518,2.4898,1.9681,-9.5079,7.4635,6.6532,4.8302,-8.613,-3.0585,-3.8221,6.4982,7.4193,-5.2703,-6.1195,-5.2022,2.5544,4.0379,-0.694,9.6741,9.6215,-5.6935,-7.9613,-7.0549,-2.0494,0.181,2.605,3.9372,9.2537,-7.5898,6.7934,3.0184,6.2198,-8.7776,-5.1556,7.7924,-0.1384,5.8034,3.5154,4.2322,7.5027,1.3705,-5.0467,-2.3087,8.7613,-7.9459,-5.0169,9.2771,0.5089,-4.1979,4.6881,3.5474,8.7222,-3.0354,-1.5599,9.3054,2.6129,-9.6282,-9.6868,6.6928,-3.1105,-6.1025,2.481,0.1344,0.7514,9.2736,6.8214,-1.4167,-7.2702,-2.6611,-2.9633,-5.3053,-2.0979,9.6436,-3.6116,-0.0412,8.6573,-0.2888,0.9001,7.0248,1.387,0.2322,-6.431,1.4777,-6.5063,-4.1173,4.8351,-6.9345,2.0142,3.5799,-6.5239,-7.8904,-7.3809,9.5035,-8.831,-7.7464,0.3557,0.6223,-5.7646,-4.6826,-8.085,1.0313,-2.9831,0.6351,5.07,7.4731,9.5735,0.7902,0.8906,9.8302,-6.7703,2.9424,-9.9877,1.1855
7.9309,1.7666,-6.2805,-8.5313,8.1221,9.7007,-2.2449,-5.3555,0.993,-2.6135,-3.4635,0.4934,-0.7498,0.7763,-5.9961,-4.6297,-9.106,-0.4933,-6.9063,-2.9556,-7.6975,-0.584,-8.2539,5.5684,-2.8241,7.8221,4.0575,-7.1203,1.23,-6.1299,-2.5355,3.7463,9.3455,-3.7673,2.9007,-0.6635,-8.6653,3.8574,-5.7777,-4.8356,-7.4637,-5.6874,-5.5305,5.3602,4.2089,8.1416,9.1928,6.3816,8.8499,8.8101,0.8873,2.1064,-4.1053,6.6711,6.0341,3.7032,-4.8241,4.4138,-7.053,5.1372,-9.3661,-6.6656,-6.0893,3.9285,9.7008,-0.2509,-8.7436,0.615,6.2253,-1.6728,0.432,5.8286,-6.4071,-8.3119,0.9006,-5.7029,7.5862,-1.3554,3.1416,-2.2037,7.2538,-1.1955,-9.385,-3.5229,9.4227,3.1065,-1.8104,3.3517,1.8222,-9.7293,8.7981,-5.8416,-7.9256,7.5783,-3.9934,4.3753,-3.6345,0.0114,-9.6823,5.8082,2.158,-5.4096,-2.1998,-3.849,-5.2201,7.4936,-8.5245,-8.8621,-4.2049,9.0703,4.0432,-3.9467,-8.5933,-9.738,-2.3065,-3.201,-2.9185,-0.8311,7.745,4.0702,2.2266,-9.1137,7.0467,7.4057,1.1307,1.3638,7.4997,7.5974,-6.9154,-8.2177,-1.8603,-5.6418,7.2338,-5.3696,-9.7839,-2.6822,-8.7639,-8.9897,-2.6999,3.118,8.667,0.0566,3.2235,4.6969,5.1124,-5.4284,5.7937,9.6301,4.0527,-3.7844,3.5577,6.7052,5.1827,1.123,-9.0854,-9.1253,3.2324,8.3775,-8.0067,-5.9853,-4.7394,3.3449,0.5269,-6.3492,-6.0375,-8.4013,-6.6186,-4.6557,5.3545,-7.6235,3.6301,8.4325,3.4669,5.0165,0.0092,-7.1902,-3.5728,0.618,-9.8163,0.1916,-6.2969,8.6916,-0.1694,-3.3779,-0.0147,-7.3147,2.5712,9.6164,1.5989,-9.8265,5.892,-5.8415,-1.0548,1.9988,3.6158,4.8475,2.3605,-5.3821,0.2941,3.6323
-4.7198,-6.0546,4.5646,-6.5808,-5.3682,1.7532,-3.2257,0.4861,5.2616,-4.6777,6.1317,7.0011,-8.1634,-4.8124,-4.1772,-3.8311,0.599,-6.5711,1.2047,-4.1504,-3.991,-9.5019,3.1094,-5.4251,-3.8843,8.0083,8.0039,9.8402,0.4599,-3.7255,-7.7478,7.2763,8.3567,3.6292,-6.3851,1.0453,1.8713,-0.5308,-6.3736,-1.4521,-0.4661,-7.6055,4.5856,-5.7872,0.2577,9.2051,-9.5022,-4.5414,1.3017,-8.0059,-2.065,8.2191,6.9708,-7.0053,2.673,-5.9724,9.9096,-7.2575,-3.2436,-5.1167,8.6296,-7.9087,-9.3933,4.8407,-4.6908,-8.5406,-1.6813,-8.3931,-5.4217,-5.7799,-3.1794,0.421,1.9582,8.1892,0.8381,-5.6888,-4.0492,5.5017,-0.6599,4.7415,2.1621,9.3796,-5.6894,-9.1456,-7.2738,8.6439,3.7481,-3.601,-0.0758,6.8556,5.4246,-9.4264,-9.7267,7.3361,0.1695,4.3783,-6.3438,8.1949,-9.0802,-0.8792,-8.5171,-7.2827,8.106,0.5311,-7.891,-5.8985,-3.286,7.8593,4.5268,-1.6381,-2.6263,4.8944,-9.3129,-2.7589,6.8852,4.3795,9.7802,-7.4076,5.5156,-5.9325,-0.5312,-7.2219,-7.0978,-3.5589,-5.1513,7.7262,5.5797,-9.5313,-6.5841,1.8697,-5.3645,7.215,4.1459,-8.3018,3.5519,8.1978,-9.1824,4.5264,1.3012,-2.4494,-9.4064,-4.904,0.4931,-4.4624,2.8182,2.5135,-7.8846,4.7507,-8.116,-5.4642,7.7024,-7.1637,-7.8726,-1.9775,-6.1513,-3.6023,0.6119,0.5276,-3.0184,-8.0735,2.2356,-5.9527,-2.3759,1.7884,0.7514,-1.7944,-9.6234,-0.8615,0.6333,-6.0132,0.0451,2.9681,-6.4087,-9.1712,-5.7006,-6.4381,1.5015,-4.0684,9.5236,1.7265,-6.5387,-4.7662,-4.7202,-4.1202,-4.8706,-3.4004,7.9733,6.8296,6.5046,1.4128,-5.1205,-7.9209,-5.0643,-3.8277,3.142,7.731,6.1829,3.3651,8.8035,2.6223
0.4839,2.3144,9.6354,-9.4955,-8.2333,5.804,-2.8128,-3.4721,2.0786,9.4254,-8.5615,-6.4359,-1.9133,-3.5864,6.0006,-2.1817,-5.6388,8.2216,-9.88,-8.036,-2.4627,7.2833,7.3246,-0.6583,-1.2631,-9.9898,9.477,7.6127,-9.24,-4.9307,-1.8719,-7.2723,1.8179,-1.179,-4.9869,-2.8573,-6.3626,-9.5789,4.1527,-3.3902,0.0955,5.5242,-9.0514,7.7611,-6.7409,-6.9631,8.625,0.4605,-7.5475,4.189,-3.9527,1.9438,6.3026,-9.3351,-6.6383,8.4149,-2.0238,-1.0187,-3.5243,-7.7285,-5.8162,-2.3973,-3.0761,-6.1741,-0.8398,-7.7123,2.0971,-2.1688,4.5338,3.8969,0.0365,-2.2435,9.9127,9.6391,1.981,-0.516,-8.8523,-4.9272,5.8108,-0.0874,-1.6801,5.1826,-2.3604,3.4151,-9.2212,-1.6932,-5.7603,0.9712,-2.4382,7.163,2.7274,-9.8087,-2.7556,6.897,-6.1542,-6.089,-2.5158,3.3616,4.6567,-2.5261,-7.1678,-5.3888,-2.4336,-0.2622,2.17,8.5086,3.9058,8.0408,-9.268,-3.3074,-6.0534,3.6887,7.3173,-0.2444,3.0875,5.8707,1.0785,-6.3574,-3.2855,8.6268,-0.594,-9.9399,-3.5538,5.4815,5.0402,-4.1338,0.4402,3.1193,5.2201,6.1817,-9.7765,-4.5468,-8.9868,1.4956,-2.9271,-2.7711,-6.1009,9.732,-2.8778,-8.4675,5.4233,9.3524,9.3776,6.9918,0.4448,3.1637,-9.5914,2.6927,-7.1305,-8.9901,7.586,-2.7029,-0.1945,-0.2328,-8.8262,-0.3956,9.6393,0.3918,-4.0436,-6.8555,1.7394,-8.3917,-1.5482,9.5838,0.6628,-0.7619,-6.0703,-1.5793,7.8015,3.6769,-1.8652,7.9658,-5.0027,-0.8936,-7.3996,-7.8525,8.3077,7.3996,-6.7231,6.2716,-6.9499,2.19,-6.2864,-2.8873,8.9902,-3.3303,-9.5758,-7.6006,0.2153,2.9678,3.2404,6.6754,6.6556,2.7947,9.562,5.3771,7.6526,2.8895,0.0537,-9.6035
6.8481,-3.5466,-8.3023,0.7558,5.1044,-5.3209,8.9625,-4.1528,-4.1392,9.0697,-6.8162,2.1373,5.0285,-6.1488,-2.4883,8.5292,7.6162,9.5654,9.7658,-5.1414,7.0285,7.2644,7.8489,-3.0709,-1.6252,6.2155,8.9452,4.5779,-2.9476,-0.2029,-8.8109,0.6249,5.7658,-1.1186,7.9921,0.7168,7.5476,8.0539,-4.9215,-0.2559,-1.8171,-9.2023,6.1843,8.6339,-2.7015,7.4499,-7.5853,-1.4158,4.5134,-4.2026,2.8339,-1.2549,7.3286,2.0118,9.91,-7.0454,-6.2394,0.9253,1.6555,-7.6215,-8.0161,-4.3554,-2.8312,4.9958,5.1847,-1.088,-5.9875,7.8748,-9.0054,3.5827,6.7366,3.9903,-6.3218,3.1492,-1.0048,1.0564,0.5234,8.233,8.4717,8.0487,-2.0379,6.809,2.7587,-1.9747,3.1339,-9.485,5.4272,7.4654,6.7121,6.4837,-4.5741,7.2937,-9.0467,-7.3205,2.6332,-5.2461,-3.4462,-6.3648,6.9648,3.5631,-9.4308,-8.5164,-2.4665,-9.3009,7.2898,-2.8995,-3.972,0.675,-9.6651,6.8064,-8.4776,2.2414,5.6832,-9.4364,-7.9413,8.0702,-0.9929,7.8739,1.4387,5.2641,2.896,5.6227,-5.2957,0.3125,3.0391,2.465,-2.809,-5.2723,-8.6055,7.3553,-7.8083,-7.2483,3.5058,-2.7059,-2.8454,7.2124,4.7945,0.4971,-2.0886,4.4089,7.4735,-7.9067,-6.564,-3.4424,-5.2247,-5.4184,8.0561,-7.8664,-3.8613,7.212,-0.046,6.4825,-6.1984,-7.2272,-0.418,8.5476,0.0009,1.4034,2.3904,-6.3104,4.5265,-6.3654,-6.2358,-3.7965,-3.0101,5.5672,-5.4603,-0.1022,-2.4281,7.297,-0.2495,1.7027,-8.9288,1.8467,-6.7244,-7.0932,5.195,-6.8747,0.0556,-2.8926,-9.2019,-7.9942,-0.8852,6.5997,7.7009,-3.3855,3.2528,-7.7009,1.4235,-8.7107,-6.1337,0.1403,0.5845,-3.778,-5.1764,-6.0639,7.9518,9.0505,-7.1943,7.1151
0.7474,0.985,3.4735,-1.1237,2.4348,-2.7426,-5.7117,4.2659,-0.7086,0.73,-9.7906,-9.6022,-6.4327,-2.1165,5.3594,-9.0294,-8.6151,7.4913,9.674,-4.8163,-0.1722,-6.9065,-6.682,9.4661,-9.83,3.0234,2.8031,5.9106,3.4909,8.2032,3.9119,-1.2152,4.8843,-7.7632,-7.7933,-2.5955,9.7784,-9.8081,-6.381,-7.9076,-1.628,8.6612,-7.801,4.505,-3.5932,-4.8032,-9.3886,3.5636,-8.6364,-9.7519,-4.9051,3.4235,4.5751,8.8855,-1.3313,-2.5122,-9.8431,3.4985,8.0465,-2.4747,-2.0998,3.6064,-3.4158,7.37,7.3087,7.5738,7.5735,-2.4981,-0.5619,-4.669,5.2229,-6.9174,-0.6618,-8.7069,-0.169,-8.7036,2.3095,0.9575,-7.8702,-1.5353,-9.2134,8.25,4.4301,2.8865,-5.3143,-7.4259,3.1494,2.5444,-8.8946,8.5348,8.0294,3.203,5.6431,-1.2552,1.011,8.9795,-4.5441,4.2186,7.2707,-3.1506,-8.6064,9.8271,-1.4965,1.7665,-7.8849,-6.6979,8.7272,-7.6831,2.7202,-2.5966,1.6199,-6.8753,-5.1249,0.9395,-2.6349,-6.5754,5.0939,0.5076,6.0286,6.8991,1.3144,-2.3642,-4.914,-9.0947,-5.0393,-7.4779,4.4704,-7.1641,-7.48,-4.4594,-7.3771,-6.2621,-2.8065,-9.0707,-4.1039,-0.6344,-4.0399,1.6658,9.059,-7.5377,-8.2031,6.5163,2.2462,2.9456,-4.4467,-8.9147,-9.891,-1.5156,5.9925,7.8255,-4.7203,-4.8874,5.5623,-1.4381,9.3522,-8.7933,8.6936,-9.3569,0.0897,-7.1932,-0.6213,4.4486,-1.2226,-6.8372,8.9898,6.7905,-3.6949,-2.1944,-3.2014,-9.6079,-5.5808,4.0253,8.6613,-2.9527,-0.8187,4.3487,6.2687,-5.3239,6.6593,9.6563,-7.3278,-0.1417,4.7874,-1.2842,8.9397,-0.4368,-1.3025,4.1902,2.6968,-5.7608,7.5628,9.3897,-1.0767,2.3295,-9.2827,5.9705,9.643,-8.7175,1.3761,-3.4856
2.7771,-2.9493,-6.8769,6.1404,8.7854,-2.024,0.4884,9.8025,-9.1067,-0.9116,-0.2726,0.3211,9.5664,3.5912,-8.3604,-1.9316,0.3915,2.5811,-7.1499,-4.6622,3.4364,-2.6338,1.2889,2.3018,9.7666,-4.8563,-0.5115,-0.4208,-9.1449,-8.1712,5.7843,-5.7829,5.2274,-9.1506,-3.0084,5.3288,-4.419,8.7602,8.7204,8.8222,-6.8056,-7.5368,-9.0411,-1.1995,2.6719,7.9527,6.1993,4.1913,-9.1473,6.4041,-2.5212,6.4086,-6.0192,-7.9465,-8.9764,2.7202,-5.0986,3.7774,7.0513,9.8229,-6.5618,-7.8975,3.0345,-1.0467,6.068,9.8601,-1.0231,-5.4637,0.6007,-2.1947,3.7212,-0.7679,1.4547,-5.1168,-5.1768,-8.9438,-9.1507,-6.9303,-4.4941,-4.4221,-5.7878,7.5126,1.4859,-4.8165,3.979,7.5344,-6.5355,-1.4554,2.4644,6.819,3.3227,-1.6447,2.1948,-3.0433,-1.2255,7.2041,-4.5373,1.2343,-3.5351,-1.0015,0.9655,2.4577,-6.6117,-2.1925,-2.8905,8.9208,6.5107,-0.0908,-0.7946,-0.1156,-3.8359,-5.5151,-0.1909,-7.1271,6.1433,-4.612,-7.3099,1.7656,8.5744,8.6212,4.055,-5.2342,-0.4337,-5.8366,-8.9065,7.6247,-6.8052,7.075,-2.9707,3.6538,-9.8205,-6.0022,6.5873,7.6041,-9.2987,9.0194,-8.0606,-5.9546,5.0959,-8.0929,-3.6514,-3.5966,4.8151,5.0016,-6.1928,1.647,2.5458,-8.8568,-4.5938,-5.321,-8.9699,2.6405,0.8649,-3.4751,-5.0019,-1.5148,1.5539,-4.2732,-7.3805,9.2079,1.6256,-6.9201,-6.3133,-0.7163,2.3114,-7.1252,5.794,-4.6348,8.6852,-6.8738,-1.5546,-7.9117,-2.4161,-9.1943,6.4588,6.1761,7.7233,-6.1277,-9.5703,5.8776,4.6351,5.4073,-4.3958,6.463,0.3855,-6.4029,1.3067,-5.7429,9.9358,-6.1302,3.6537,0.6927,-1.6762,-4.1995,-8.6138,3.4292,-8.1676,-8.636,-3.9778,-6.086
8.5227,3.943,-9.7514,3.9398,0.3928,-6.7296,-2.3828,-5.8296,-2.0058,-2.3557,-0.1893,9.0465,-0.1677,2.9556,-9.9797,-6.6232,8.1206,1.9831,-5.6508,1.672,-4.8948,-6.7052,-0.33,6.5221,-7.4193,-7.8613,-5.9567,-6.3794,-0.5649,-4.1606,-3.8203,3.4989,-1.9493,7.9566,-6.5832,-8.7124,6.8495,-2.9729,3.5224,0.3893,-8.7593,7.3504,4.9142,-5.7884,5.0605,-7.3708,5.6251,4.9717,8.7679,4.6267,-3.6832,7.4932,2.4899,6.7981,-1.2904,-1.7385,-9.2672,6.2841,2.7238,1.4824,7.9933,-8.4627,7.5437,-8.5163,8.4054,-8.533,1.0887,-7.3659,-3.1963,1.2349,9.7392,1.2484,9.8886,3.1659,6.619,9.1847,-9.1681,-7.851,-1.0984,7.677,3.9541,7.1073,3.4805,-2.5829,-8.303,-0.1721,1.965,-1.1265,-6.0734,-5.1973,-8.877,3.4901,1.9264,0.8877,8.2647,-5.849,2.672,-3.2215,-9.9305,7.7635,-6.5659,-1.5332,-5.1395,7.7831,1.5571,-6.8271,-6.6403,-9.7172,-3.2512,8.1593,-8.0629,-8.4081,-2.6335,3.0026,6.9494,-4.4739,-9.8456,2.6288,-8.3626,2.281,-6.6629,-4.4675,-8.9991,-8.3258,-9.3531,7.5975,-8.6222,-9.9678,-8.2121,3.6975,8.0311,5.921,-8.6033,4.3551,0.4732,3.4312,1.6206,2.9739,7.767,6.3517,2.771,-8.3349,6.6597,7.721,-9.5027,-6.4002,-5.6399,7.7042,8.3324,4.0368,-7.0153,-9.3696,-4.7287,-2.7523,4.6272,-7.1898,-0.5225,3.0106,-4.7324,-4.5179,9.9134,-2.9553,-2.3825,9.8302,9.8215,-4.4131,4.8932,-0.3873,-6.7987,-2.9237,-5.9644,-5.5933,1.3951,2.5038,7.7423,9.1699,-5.324,9.7946,7.1682,-6.7715,-3.2774,1.8846,-4.4384,5.2398,-7.4286,-3.4498,-9.3515,-7.9598,2.8743,7.2591,2.7953,8.2266,-3.4953,0.4523,-6.0305,-6.6178,9.4341,-6.2786,2.0331,1.4724
1.8662,-0.1091,-8.3216,-9.6124,-6.4316,9.6127,-8.1804,-3.8925,-9.809,-9.2601,-7.9264,9.3204,5.9688,0.3834,-5.485,-7.5254,1.89,0.227,-3.0843,2.7092,-2.1196,1.1608,0.9895,-3.8461,-2.773,-9.8832,6.4846,-7.0693,0.1353,-9.0097,4.503,-2.5958,9.8098,-8.0083,-6.4262,-4.8107,-4.5677,-7.9492,1.6908,6.9112,9.475,-2.7028,-5.7995,-2.35,6.0926,-3.3321,1.6012,-4.4362,9.6772,5.599,8.1362,0.331,-3.179,-1.3456,-7.2562,-5.3363,8.4914,7.8817,-3.452,6.0204,7.1794,-1.6797,9.0896,-8.7132,2.2774,5.8093,7.8738,-5.4558,-6.3582,-2.364,-5.4463,-5.0624,-7.2437,-5.4378,-1.7316,-7.3105,4.5714,-5.471,6.0768,2.9119,-0.4271,-1.8552,6.7085,-8.8679,7.3651,-5.1928,2.1098,6.1064,-6.7341,-0.5251,4.259,-8.0042,-4.8792,0.6567,-2.4382,-7.1742,-3.9837,-1.809,-6.7305,-3.6201,2.586,-3.9542,1.4552,-7.3973,5.3661,1.2526,-6.9472,-5.4697,-8.6431,0.5383,-6.3235,-5.4354,5.2152,9.0932,-0.7085,-3.3103,-5.5336,1.2072,9.4876,1.928,8.8475,7.0938,0.7313,7.9184,-8.9919,-9.815,0.0584,7.1344,-6.2186,-9.6615,-3.341,-4.4753,4.1355,-2.171,-6.2993,-2.9095,0.6893,3.9119,3.5569,-9.6526,5.6788,4.2287,3.5552,-1.8961,-0.3314,5.4862,7.1749,-2.4724,4.1139,-4.4972,2.3167,7.8537,-7.1528,7.5635,-7.13,-0.2167,-1.9313,2.687,9.9885,-8.8814,-5.7932,0.9221,6.9853,6.4022,1.5717,-3.5911,4.1473,9.4243,-0.9011,4.897,6.4748,-4.487,-4.0692,-6.2085,5.1849,9.6128,3.2337,-5.2568,6.7092,8.0871,-1.0467,-5.2957,-4.9104,0.8672,-9.9648,2.0135,-2.4914,0.7283,6.5816,-0.6437,4.1185,6.5658,-8.9888,-5.4149,3.4165,-4.1478,3.4956,-1.9365,-3.8312,8.8851
