-4.714,1.9671,7.5205,3.046,5.0086,-4.8413,2.4009,6.7372,2.7864,6.7086,3.6001,-9.586,3.0298,2.8558,-1.5332,5.3851,2.0776,-6.1774,1.7062,-0.1089,2.851,1.8547,0.4726,7.0635,-6.6008,5.652,7.5955,-2.2887,-1.962,7.2441,0.222,9.3516,3.39,4.9348,-7.3309,-1.1923,-7.892,3.0971,7.3946,-2.5642,-1.8733,8.1639,-7.2708,-0.823,8.4567,-0.7006,6.1809,-5.5758,-3.0652,2.9701,6.3312,-4.4412,7.4457,7.8183,-8.4395,2.3202,2.9748,1.0255,-7.3037,8.4781,-8.8016,-6.2177,9.8683,-1.8782,-4.4456,-3.2612,-9.208,8.3627,-3.7806,-9.6635,-1.1901,-2.3672,-9.1113,-3.2111,-8.8859,4.9047,2.503,2.6005,-5.5903,1.6897,-4.0642,-4.0649,-4.6621,9.0526,-0.5438,-0.8016,-4.8184,-5.0433,-4.7991,6.9488,7.6975,7.3203,-2.2882,-2.0362,3.92,4.4033,-5.5639,7.895,-5.8941,-4.8507,7.3963,-0.5141,3.0942,1.2139,3.4282,-8.9862,-3.9455,0.925,6.951,7.174,3.6865,-2.1892,-6.3582,-3.1605,-8.8911,-4.4745,0.7131,7.1263,-0.9994,-9.4232,6.2193,5.5522,-8.7375,3.3456,7.8792,-0.2989,6.7985,8.1526,0.2299,-9.8092,7.6909,-1.0891,1.9198,-1.0503,6.3109,-9.8878,7.5814,-8.6308,-4.463,-1.6488,-2.031,-1.1474,-0.8506,9.4649,5.9827,-0.0415,8.72,-1.5431,-1.1897,9.9676,4.1524,5.1764,5.1197,-0.4819,8.8921,6.313,1.4487,-6.0455,-4.3353,6.5822,-1.1423,-2.2591,-2.6854,8.1013,-3.0339,2.9818,7.0568,-3.2297,0.8339,-7.2587,5.952,7.9086,-8.6109,-1.9727,-4.6572,7.2878,-1.7964,-6.6534,-3.4012,6.2596,1.5724,0.0441,3.405,2.1561,-8.173,1.9235,-1.3643,-2.08,4.6424,4.5671,8.7801,-2.7723,8.771,2.7196,-0.2023,7.5707,-3.4064,-3.5941,1.9559,3.1973
-4.1719,-3.1021,4.674,8.8619,6.9557,0.0977,6.0244,2.2251,-2.1057,-5.2422,1.6574,0.7029,-0.7853,-9.806,-0.6564,-4.2101,-9.7749,-3.8845,-7.5104,3.4544,-6.8783,9.4645,-6.2128,2.2063,-7.0837,-0.1469,-5.8875,-4.2095,-8.3032,4.6225,-2.7601,6.341,-3.0182,5.9028,-3.5997,-8.2862,-5.4248,1.8929,7.585,-0.8316,3.2124,-6.8805,3.9516,-4.6782,-7.7845,5.3987,7.8849,-8.7746,3.3877,-7.9352,-4.5001,-7.2732,-5.0419,-0.1085,9.6835,1.2916,-7.6963,-6.3922,1.4524,-7.9328,6.4739,2.2752,-6.0244,6.334,2.4066,-9.902,6.919,-3.6927,-7.112,7.5902,1.8481,6.5039,9.8804,-7.8582,-2.8678,6.4699,0.4862,8.1492,-8.3596,2.588,7.7589,6.6998,-4.6068,-5.9429,-0.389,-7.4173,-1.6473,0.5398,-5.188,1.9776,3.0126,2.2041,4.6581,3.2001,-4.3723,-1.0589,-9.5028,-6.7001,3.3803,-2.5789,9.4205,-0.85,2.7758,1.4982,1.4088,7.656,6.3904,-3.246,-2.555,1.5598,2.4005,8.1991,-2.5157,7.8257,-2.5221,8.391,3.459,-5.5963,8.9901,7.6377,-4.9098,-6.5398,5.2413,7.2226,2.6703,-3.1267,9.0946,-4.2753,-2.9131,-3.6481,-6.3061,7.5552,-1.5488,-1.0701,3.099,-0.606,9.8583,-5.3217,-4.61,-5.2214,7.4289,3.3997,4.5503,-8.0838,9.2634,-8.4107,6.5663,-5.0982,1.3879,2.4553,-5.4056,0.3422,-7.8181,1.5942,-1.9117,2.2423,2.9128,9.9653,-0.6462,-3.5643,0.755,7.7916,2.972,8.0012,6.8879,-2.6645,7.9444,2.3175,-6.4092,0.2745,-6.9144,-4.5094,-1.6781,-3.1767,-7.0539,6.6617,7.3377,8.094,-5.7073,-2.783,-0.9296,1.4016,-8.1039,-2.3377,7.417,-1.6843,-6.7084,3.0221,-8.9271,-1.6296,-4.7476,-4.3058,1.3441,7.4266,4.2663,1.7057,-6.4748,-2.799,9.8635,-5.5971
-7.6902,-3.583,8.6416,-0.4449,7.8069,7.8709,-6.4966,-7.0924,-5.7537,-5.298,-7.6321,-8.8157,7.0387,-5.8626,-8.3159,4.102,2.3107,6.4873,1.5732,-7.6467,3.8283,-9.596,-3.674,-2.7293,7.5992,-9.0797,3.9304,2.1111,-7.8399,-9.6228,-1.9364,6.1968,-4.4613,-8.4069,4.2036,-1.926,-7.9432,-5.9108,-2.2825,-7.8285,5.1736,-7.4617,8.2265,1.6456,-2.4614,0.8376,6.9647,0.1866,3.8771,4.8865,3.7055,2.3178,-9.8896,7.9626,-4.2971,-8.7626,-0.0326,5.0158,5.3625,-8.2345,-5.6625,-2.3707,5.6861,-2.284,0.9952,5.1191,9.7288,-8.0738,-0.7374,0.8912,0.5542,5.5472,7.148,9.8022,-6.9649,1.7279,-5.8287,-2.0189,-0.5994,0.6291,-0.8778,-5.5209,-3.2423,4.6044,-1.4636,-9.1542,9.6662,-2.6644,-0.7045,8.8654,4.8166,-0.7106,-2.5457,-4.7187,-2.3305,2.3257,7.6792,9.2874,-2.4935,-5.7581,9.9776,4.8557,-3.5255,3.2188,-9.2071,-3.7516,3.2442,-4.9372,0.0991,-2.2366,-2.2792,9.3776,-1.5049,-5.4485,-8.6724,1.2896,-5.8325,-4.9748,3.1313,-4.7026,7.768,2.798,-0.4195,-3.8992,-2.6566,5.8798,-0.6226,-0.3946,4.3627,6.1957,8.016,2.6045,-4.8896,-1.6852,5.9453,-1.2203,4.4502,7.7997,1.6256,-2.0171,0.1262,-4.7386,-5.701,-8.5957,-6.4412,-0.3081,-9.5745,-5.3727,-5.1561,-7.2517,3.1339,0.8758,1.4824,-9.3417,-0.9409,5.9934,8.5682,9.6027,6.3061,-7.3349,5.6732,-4.9237,4.4532,9.3503,-5.5791,-1.771,-5.6851,-2.8299,8.7226,1.2307,-5.1235,-0.8793,7.1244,9.0322,-6.2185,5.6613,8.3588,-7.5054,9.7556,-3.4716,-4.8359,-7.2183,-2.0594,-1.5642,5.1108,3.1424,-2.1814,8.528,-0.5565,-3.1522,3.5816,9.4993,3.1411,4.1156,3.308,1.5105,8.9914,8.5553,-2.3752,5.444
-0.7513,-1.8436,7.3051,-9.9782,-5.9745,1.6138,5.4477,-6.1854,7.5275,7.7089,7.5198,-4.851,-5.1728,-2.9501,4.9107,9.475,9.7585,-9.8651,-9.6363,-6.1646,7.7868,-5.7464,4.4468,8.1701,5.7254,4.1931,-8.682,3.7919,9.8825,-2.6598,4.3043,-3.1864,6.6883,4.1779,-4.6431,6.6035,7.9239,6.9973,-9.0409,5.3353,4.4293,6.4209,-4.3162,7.6521,-5.0923,0.9928,4.7708,-8.9992,-7.7865,8.049,-4.3353,-8.2361,-0.0874,-0.3623,-9.7054,-6.4175,7.5907,2.0695,-2.1324,2.2422,-7.4345,-5.4046,-3.2827,9.0205,-1.1577,2.1808,-2.5401,8.8797,-3.8817,-3.2757,4.3902,9.3242,1.7936,-3.6743,-8.0707,-1.236,4.6162,-9.3243,1.757,-3.6743,3.4065,-4.1265,-2.0062,-1.8295,-7.1246,7.0623,-5.9233,7.8142,7.0387,3.769,-1.3756,-7.9609,-8.3946,8.72,3.819,0.5767,-9.756,1.975,-7.7215,4.5031,-9.2374,-6.1377,5.6667,2.4289,-7.5511,-5.7693,8.522,-4.727,8.8473,-9.6123,6.5452,-3.145,3.0804,1.5526,3.7034,1.0538,-4.268,-4.9983,-3.9019,-8.5818,7.6303,-7.6748,-2.6256,9.4496,-3.2656,8.1321,4.0822,9.0498,1.3568,-7.9,6.1977,2.682,4.4626,-1.4382,0.3098,-1.2588,7.8405,-3.5985,9.0391,6.7401,5.9893,-9.1117,-0.4007,-1.9271,-8.5075,8.7603,-9.4668,1.7155,9.9671,-3.293,4.5246,-0.6727,-7.2275,5.0622,5.1324,-9.6906,6.9792,9.6218,7.2758,5.9402,3.5291,4.7904,4.465,6.4801,3.9943,-3.4291,5.4847,6.4706,7.5041,-9.8189,-7.0958,1.9783,-5.4403,-1.2162,-7.9916,-0.9294,-9.7487,2.8303,-9.5961,-6.5487,-4.3582,7.1502,-2.0173,-5.6812,3.937,4.3436,9.6567,-1.4462,2.5505,1.5199,5.6886,-9.4498,9.5317,4.1847,-7.7463,0.893,4.1425,-1.0971,-9.0507,8.2721
0.5587,5.6697,-2.49,-1.1392,-6.4841,-0.5949,4.0002,-8.4285,-5.6379,9.933,-1.728,-4.0327,-4.1396,-9.5371,-6.5594,7.7449,-9.3962,9.2661,4.9512,3.2771,4.0534,4.9695,-9.5376,-9.8536,5.2888,9.4701,-0.6753,6.1798,-9.8152,4.5349,1.5638,-1.8449,6.1926,-9.4855,4.6699,-9.5465,9.3899,-0.0542,-6.9417,9.3217,1.0223,-3.1073,-3.251,-1.6917,-9.8809,-4.1854,2.5358,3.8647,4.1406,-9.414,-5.3835,-5.1145,3.0331,-2.8294,-6.3684,-4.1936,-9.2976,-5.8425,0.8798,-5.489,-9.7893,8.8289,5.555,0.3504,9.875,-2.1269,-9.3193,7.7353,1.9777,-6.5861,-4.5225,4.0604,8.8869,-1.199,-5.9659,2.2867,-6.3631,8.4838,-3.123,-3.8938,5.3108,1.9329,8.6795,-9.58,4.2332,-8.8581,-5.6511,-5.3101,-3.1194,-5.1462,7.5678,-6.9747,2.1643,-3.5828,-7.9907,2.2755,8.1106,0.0334,1.5525,3.2739,2.1483,1.6121,0.8238,7.3066,-4.9233,-2.515,7.6286,-1.4041,-6.6218,3.8587,8.6705,9.0204,1.1376,-4.2746,-7.4198,-8.2546,5.6994,7.7619,-8.2815,-1.8262,7.5871,0.0349,-1.31,3.72,0.5016,-2.3628,-7.6622,7.7209,7.6153,-2.278,-6.4982,-4.7235,5.5977,-9.1931,-5.4621,1.0259,-8.8977,9.0643,0.3634,4.6784,-1.4289,4.2028,4.7079,-5.1774,0.1159,-1.9067,-4.7022,-8.5175,-6.5893,-5.8869,8.4638,-4.4048,2.9409,-4.6211,3.4371,1.9515,7.2228,9.1566,-4.298,-1.5887,9.1599,-4.3994,3.79,4.3543,-1.8572,0.7128,6.14,5.8168,4.0149,5.1391,-3.3769,8.4882,-6.4086,-8.2805,-1.7662,-0.4104,4.407,8.3385,8.0881,-9.7455,-2.8483,-2.3795,-5.2532,6.1129,1.1585,6.3785,-5.8673,-8.1104,6.3184,-7.9631,-3.6859,2.2964,8.4198,4.5862,6.9533,2.9393,0.7839,8.075,-9.4094,5.4422
0.6451,4.9048,-4.816,-9.1319,-5.5626,-5.3657,-4.1514,0.1702,-5.0494,-1.5708,0.7549,-1.3608,7.0301,-0.0503,-1.0517,-3.8327,-9.5335,0.8825,-6.5251,2.0013,1.7366,-6.4139,0.5971,0.7498,8.2434,1.1418,-2.1647,6.0874,-0.1723,-7.5683,7.3188,-4.8015,8.8107,-5.7566,9.6032,3.2951,-5.6812,-5.8893,3.1702,5.1071,-8.7605,-0.6204,4.7538,4.4622,-1.3861,-2.0625,6.868,-9.1292,9.4895,3.7422,7.3078,8.9151,1.2903,1.6927,-0.1768,1.7667,-3.2563,-1.2747,7.0267,0.399,7.6305,-8.2392,6.3105,5.7184,-9.383,-7.4359,-2.7006,4.3448,1.4847,5.3541,-1.9104,-1.794,1.372,0.1698,-5.5144,8.7718,7.2195,-6.6723,-3.6551,3.5803,-1.8144,-2.1341,8.6306,6.1929,3.8689,-8.0737,-3.0054,-0.8414,-9.4626,-0.063,0.6761,-2.9442,-9.1037,-3.7913,-2.8727,2.2611,-1.2863,2.9245,-5.7817,-5.9089,4.5914,-7.607,3.906,1.9913,-7.2074,-8.9157,-6.7887,-3.2804,2.2133,1.53,-5.0807,-1.7534,-4.3743,-0.0972,6.8814,-0.5381,-6.8329,-9.2305,6.2332,-4.6035,9.623,-7.2482,-8.4635,3.2603,8.8765,-4.2549,8.8019,0.9719,1.2187,-3.8677,-0.1426,9.0809,5.7213,-4.1553,-0.6718,-9.5749,-1.9552,8.8196,8.5968,3.7516,8.2566,6.6488,-9.6222,-4.0022,1.07,-6.6143,0.1602,-4.3053,4.7462,2.8906,-3.4893,-6.6293,6.9493,9.4413,7.9813,-3.3814,0.2061,4.7528,6.2048,-9.2936,-4.7277,5.0504,5.691,-6.6709,-5.1103,4.6916,-8.5105,-2.4719,-0.6389,-8.4687,2.2463,-0.1977,5.0335,-2.5165,6.6286,-2.1611,-6.2917,1.6755,-1.0667,-6.442,-1.7685,-8.8999,-0.4966,6.0347,-2.2967,-6.0882,1.0328,8.6713,8.7604,-8.7019,-3.276,0.019,2.0699,1.343,8.2049,-3.3004,-6.2767,-9.0197,-3.7313,-7.4355
-1.9042,5.7291,6.4881,5.4361,-1.2985,9.0712,4.0316,-6.9257,-2.2078,-5.0911,-9.1367,2.2987,-7.7257,1.9252,-2.3518,-8.148,6.5306,-4.0864,-4.4053,3.0691,8.1589,0.9721,-2.192,-4.8984,8.4463,3.1931,7.3897,-3.3458,-4.2476,3.5671,9.3766,-2.9051,7.7821,-9.9716,-2.9248,-0.4,-8.7345,-8.4236,8.2818,-2.5343,0.9363,-1.1899,7.0263,0.4148,-2.9053,-6.007,8.1966,0.3513,8.2091,-0.9067,3.9219,5.9549,5.5304,-0.7567,2.0841,6.7366,9.7457,-4.0504,6.2891,1.9866,8.4612,-0.0261,8.3034,-1.2968,-1.5576,-4.1831,-3.927,-5.9994,-9.3724,8.8731,-8.4717,8.2956,-4.9677,8.4648,-7.7406,-7.4458,-4.7916,-1.2749,8.6086,6.9826,3.9486,-4.6119,9.2283,8.4272,0.6604,-7.8445,-9.753,6.9959,2.9802,3.13,2.5078,-7.6382,-6.6376,-9.2513,1.4768,0.8371,7.2353,0.8957,0.8971,4.6299,-5.9451,-4.4544,9.6857,7.3298,-6.6127,5.8482,8.0433,4.0641,8.9073,-3.9332,-3.3585,3.2482,-9.125,-7.1749,-8.8456,-7.5031,9.561,1.8837,1.1608,-9.9482,4.8686,9.084,-0.8897,-6.3668,7.033,7.8405,-2.5183,8.8744,5.07,4.5701,5.67,1.4852,8.5258,-4.9963,8.4661,5.8891,-4.6719,-4.9439,-5.6018,-0.7053,1.812,0.3919,-6.4501,1.4676,-0.2942,4.4923,-7.7196,9.1401,5.1901,-8.9897,7.5781,6.1049,6.3767,-6.704,1.5793,8.5009,2.4317,7.6044,0.1801,-5.4767,-9.864,-9.9243,0.3387,-6.8136,5.1605,-9.4031,-9.087,-8.1387,8.3003,-0.8032,6.8768,-3.8635,8.0009,-7.9463,3.3554,2.1835,9.6912,3.7245,-7.0726,-4.8405,9.0603,0.7202,1.2662,-6.2986,5.7555,-2.7974,5.1239,-2.6761,-9.1447,5.4137,-6.7318,-7.7698,9.3415,-5.943,0.9991,-3.6213,-3.3744,-7.781,0.3181,-7.6806
6.9227,-2.9963,7.4997,-8.4644,2.182,1.9795,5.284,-4.0325,-7.7694,-0.2772,6.2332,-3.1077,3.6841,8.2415,5.0403,-8.1548,-8.162,-3.1205,6.144,-6.6269,8.5132,-9.1783,5.7534,-6.5229,1.3631,3.071,-0.4339,-3.4695,7.3927,3.2643,-0.379,-2.7461,9.7252,-5.52,4.1366,8.4031,9.2307,3.1088,7.4586,3.813,-6.9688,0.1521,2.2849,4.8794,7.188,-2.0226,-3.1345,5.4477,3.4803,7.777,-4.5665,-7.2323,-8.1052,9.9897,0.6877,7.9773,-2.2492,-8.0106,3.6416,1.9511,8.8034,-4.0189,-1.253,5.8008,8.0407,-4.9155,9.085,5.6102,-9.1614,9.1905,-0.455,-5.4096,-8.896,-4.6359,-9.6269,8.1029,-5.8197,-6.3872,2.9017,-8.0113,-6.496,-2.5056,1.4068,9.5604,7.521,8.9888,3.0162,0.7877,8.5821,-7.5842,-9.3082,4.8355,1.7651,4.8594,9.6857,2.2263,7.872,-8.9916,6.6698,-5.008,0.0263,2.256,-7.6353,-0.5391,-5.4972,-8.1107,-7.7716,4.9615,7.1433,-4.2198,-0.4077,3.9082,0.1028,5.7763,-2.0079,-6.4485,1.2532,7.9456,-4.4014,-8.7794,-2.3818,-5.502,-9.917,-5.4336,-6.2515,4.6673,-5.427,-8.3967,-4.6135,7.3192,8.3512,-0.695,6.4231,-9.3083,9.1568,-3.1821,5.3293,-6.0453,8.8689,-0.9157,2.8703,4.6725,-2.8505,7.5625,-9.2022,-8.6249,6.4737,-1.3494,-7.5683,3.5358,-5.5482,3.1496,7.5705,-0.6896,-2.9588,9.1702,1.0249,3.735,0.0013,-7.4807,6.1342,1.817,-0.5897,6.4197,1.0149,0.5584,1.0315,5.8527,-6.6589,1.8011,-9.7806,0.6559,6.5277,-1.3667,-9.5616,-9.6491,-0.2011,4.2513,4.9156,5.2145,2.5269,-6.5423,1.0324,-1.1186,7.665,-7.2279,3.0605,0.6792,-7.742,-6.6067,-8.2653,-8.0728,-8.2203,4.1686,0.2082,-6.6472,2.9195,1.7877,-5.4034,4.6002
-6.7984,5.2537,-3.0029,7.6033,-7.8037,1.3984,-7.5524,-4.805,-2.0781,-3.6712,-2.9076,4.3245,8.9666,-0.4674,6.1516,4.6883,0.2138,-3.995,-5.838,-3.808,5.5428,-4.8834,-8.231,7.5139,-4.7157,8.8729,-1.7092,-7.3952,-6.8682,9.4093,-7.7344,-8.4859,-5.8152,-3.2595,-4.2721,1.5218,-1.0585,5.4205,-2.1539,0.7061,-6.1512,-9.0892,7.7298,-2.7345,-1.0028,8.8544,-8.3112,-1.8787,-4.8941,-9.3918,8.341,-3.3659,-3.7365,6.2719,6.4503,0.6803,1.7096,-9.4486,-9.7497,-9.1659,0.9702,3.3651,-7.2588,2.4207,-7.3439,-1.9459,9.4251,0.7032,-1.0026,8.0383,-5.4714,-9.4201,-9.1622,-3.3186,-5.0787,2.3358,-1.331,-6.5989,-8.1984,-2.5151,8.932,0.5255,3.1292,-2.0495,0.8973,-8.5622,-6.1315,-7.4593,0.9945,-4.4417,5.4831,0.4326,-4.9835,9.9068,3.8431,-4.2301,-0.5202,-3.3281,1.8276,7.6232,-9.9147,-0.954,-9.278,4.7463,-3.7681,-2.8982,-0.0309,9.4365,-2.8097,6.2619,-2.7015,0.2449,-3.1947,-4.0094,-3.9392,-8.8894,-4.3239,2.6707,3.2947,-4.949,8.7955,5.1738,0.899,9.63,6.355,-0.3363,6.3456,-7.1154,-6.983,-0.2956,-6.5918,-1.154,5.8247,-0.8977,-5.8781,-6.1754,2.5057,8.7417,-0.0383,7.3125,2.9353,-9.5993,3.581,2.0345,-9.2203,-5.4722,-0.6352,-0.4083,0.7305,7.3629,-9.9874,-0.2159,8.4063,8.0029,9.4273,9.0396,3.9031,-7.4794,3.5391,5.6909,-7.7423,2.4584,0.3468,9.7833,-1.775,-6.9879,6.9119,0.7624,-2.9306,-2.6816,-9.7149,2.3281,2.872,4.8734,8.8135,-4.9516,9.821,6.5317,-5.6166,-7.1676,7.1401,2.3173,-2.1272,3.9756,1.815,8.7934,3.3582,2.9893,3.2911,7.697,-2.9579,1.6778,-5.9073,3.8871,9.7357,8.6758,-3.0672,-9.2416,-2.3433,7.3969
0.9685,-4.8803,-2.6115,-1.9419,4.1718,-3.9282,8.1471,-8.3556,-2.7645,4.9077,-1.7348,4.9023,7.8373,8.9592,-8.7005,-7.4947,9.8837,-0.1303,-5.9908,5.4865,6.4527,9.8598,6.683,-7.2235,-8.3855,-9.7726,-9.9559,-8.1263,-9.2091,2.3081,-1.0211,7.1814,-6.9651,7.9495,6.215,-6.0303,-6.2901,-4.0732,0.1453,5.5296,-0.3674,6.4201,3.6215,-4.7818,-2.6592,-7.5184,-0.0946,8.3778,-5.8072,-7.3032,-7.9496,5.8064,-1.7325,3.7571,-1.2595,-3.0327,6.5735,-7.108,-1.7165,-5.0466,6.0131,-8.883,-3.3823,0.6143,-7.3777,-3.5716,-1.4807,-3.7269,-2.5498,0.6179,8.219,-7.0808,-6.3216,8.8915,2.8664,-7.0523,-8.3616,-2.3935,-4.5988,7.4027,-2.901,9.4058,-9.2889,-3.3238,9.7606,7.284,3.3092,-6.0597,2.64,9.266,-5.7451,-8.7787,-9.5768,-4.5741,1.9307,2.1185,-9.8867,4.4875,6.8765,5.2251,-9.0301,5.1349,4.4642,-7.2509,4.3853,-4.9951,-9.3914,2.958,5.1739,-9.3862,-6.8937,7.7806,7.9647,8.4377,8.3296,-4.7853,-1.8944,-0.9927,5.8269,-2.3356,7.202,7.3546,-1.7968,7.8983,-8.1989,6.9732,2.0509,1.7969,-8.6309,2.6043,4.2415,-1.1707,5.2008,-4.3897,-4.0281,3.094,1.6077,6.5302,-8.8685,2.3495,9.7407,-0.9845,6.1999,4.4009,8.8139,-9.5558,-6.8787,-3.3906,-6.5661,-8.98,4.5273,-9.0491,-0.6009,8.4517,-0.6325,-9.4515,8.3773,9.4736,0.6553,-2.4459,6.8387,5.7159,4.2512,-2.1427,-1.8053,-1.0143,7.8723,-3.8094,-2.516,-1.1989,-3.3773,9.4696,-8.4425,-4.1516,-5.3187,1.543,3.4619,5.5285,-3.7044,1.5372,-9.4968,8.3141,-3.6229,6.9735,1.8211,-1.2218,3.3213,-0.1355,-8.3968,-5.8524,-0.0791,-2.0094,8.8445,4.3912,4.7994,-3.9352,3.2924,3.0253,8.3604,8.451
-8.5935,1.7194,3.2258,5.7344,-9.0429,0.7607,2.1883,-2.0899,8.006,-4.5499,-0.0231,7.4741,-4.9213,-5.4171,-7.6188,-0.4608,9.6416,0.9681,-5.339,-1.6996,4.6477,9.3093,1.2038,3.2084,-1.5573,7.7445,-0.0641,-0.9693,0.6507,-6.5464,1.0214,-0.5294,9.9746,1.7627,9.8231,0.535,6.1041,-0.6839,8.4637,-9.7105,0.2939,-4.5214,9.443,-7.2157,0.8073,1.3247,4.0371,7.7636,-1.0372,1.6985,0.3743,6.0822,8.2848,-8.7835,3.0859,-4.2737,4.8029,-9.8458,-7.2062,-9.9998,0.791,7.4356,-9.4466,4.2569,-7.9244,3.3739,-0.0547,-1.3456,0.1156,-9.8917,3.3886,8.1884,8.5596,-0.1943,9.2549,8.7641,-5.6388,-9.402,-1.0772,-6.8314,0.3889,4.5851,4.9713,-3.175,1.807,3.164,-2.9565,-1.0755,6.6402,4.6553,6.4447,-6.754,1.2871,8.1192,8.2819,0.7179,0.6057,7.7638,-1.4306,8.1936,-9.7803,-6.3705,-0.8696,3.0104,-4.0786,5.7029,4.4008,-5.9963,0.0609,3.9536,-2.1684,-7.4119,-4.6341,-1.4474,6.1667,-8.1154,1.8492,-7.1649,-5.5854,5.1522,-2.6241,6.2389,-5.8416,-4.437,7.1564,3.6933,-0.2315,-7.952,2.7608,-2.7505,6.4011,-9.0105,-0.6842,5.7633,1.4496,5.556,9.2239,5.6671,-1.448,7.5178,3.4429,-3.6398,-6.0454,-6.4912,-8.8949,0.578,8.008,0.3127,6.178,0.0221,0.3978,-2.0658,-1.2843,-2.2032,-7.26,8.8421,8.1032,-1.3434,1.7708,-9.5933,-6.9243,-3.9125,-0.67,-5.442,-1.1573,-1.1988,-1.4228,6.9636,-2.6489,-1.4067,9.8176,1.6192,-6.5596,9.2895,-9.1545,-9.4367,-1.0518,-9.045,-3.2683,2.0608,-2.8363,5.6806,7.6242,7.0466,-1.9661,8.2604,-0.1342,4.3492,0.9183,-0.8185,-0.0476,-3.6782,-1.4772,-4.6061,8.9756,-4.6022,-2.6553,9.8496,-7.9144,1.7073
-9.1165,-0.471,-8.2513,-9.8025,1.8444,-3.9229,9.5707,6.8496,-5.9172,1.706,0.4644,-4.9491,-6.1615,6.1153,-1.3749,-3.6581,-5.7863,4.2812,0.2501,7.3611,5.9929,-0.8556,-9.7322,4.5498,-7.2284,9.0039,-2.699,0.8579,-2.9928,-5.0457,3.8829,8.21,8.9085,-5.1927,-7.5299,3.7599,9.3977,5.8068,-0.6313,-3.3572,5.0475,-4.8871,7.7947,6.8339,-9.5724,-7.3864,-0.407,5.9447,-4.039,-6.0925,1.7089,0.656,0.5916,-4.6312,-2.2657,3.138,9.2907,3.9458,5.4617,-7.511,-1.4128,-6.9649,-1.4896,7.2332,9.1491,-5.8312,-6.7477,1.0161,1.7381,0.1971,5.4957,-3.281,3.8061,-3.0916,2.1211,-0.8119,7.8197,-7.3435,9.5182,3.7132,8.7801,-3.235,-4.0803,-1.5738,1.1326,3.274,4.8487,7.8715,7.9226,5.7808,9.7492,0.378,-9.7045,3.3294,-6.9156,9.4463,-3.4445,-3.5658,7.0803,6.2037,0.1209,-7.4165,-1.3299,5.3856,1.0124,0.9269,7.0385,8.6834,3.8402,9.5592,5.0985,-0.7481,-2.0961,0.1539,5.5911,3.7855,-3.034,6.2724,-5.5459,1.1221,-6.2933,9.8256,1.844,-1.528,-9.9049,0.5094,0.0199,-7.597,1.7036,2.3801,9.7381,4.0621,-5.8485,-2.1168,6.6187,-5.049,-7.7506,-1.8421,8.8387,-0.3038,-4.8464,-7.8058,-5.0913,9.5143,-7.8343,-0.7762,-3.0606,0.068,-7.2862,-8.7691,0.2068,1.9941,3.9074,6.544,7.0639,3.262,-2.0471,9.2446,-3.3255,2.9238,-5.6622,-8.5449,6.9576,-2.6764,7.6522,4.6822,1.9655,-3.2019,-3.9516,-5.5791,8.1707,2.7819,2.2733,-3.0797,-1.2566,2.564,1.9044,-6.632,-6.193,-3.6589,0.5435,-2.6567,6.7516,-9.573,-2.0339,9.3685,-2.7873,5.6521,2.2836,2.3993,-1.1123,-6.6732,6.5759,2.9549,-3.1019,9.5445,-8.9705,6.5278,-3.2269,-5.2861
-2.5126,-4.4756,-9.4529,3.8293,1.4268,-3.1952,6.1805,1.565,2.377,0.528,7.8486,2.371,-8.3153,-7.4327,9.539,-3.3202,-1.4801,-1.0417,-2.1803,7.6955,1.1798,2.2797,-6.9629,1.0566,-0.8983,1.2162,1.7386,-8.8771,7.3911,-5.259,3.7366,-9.8247,-0.7502,-6.3983,5.1364,-3.1208,-1.0144,1.3281,-9.7465,-1.8258,9.7546,-2.5609,-7.2065,0.422,-9.6597,3.0163,0.726,6.3986,-4.122,9.5009,1.0028,-7.9677,1.4615,5.429,-0.0005,5.6146,9.6241,4.7761,8.6918,2.3855,-2.0914,-3.8782,-8.4258,0.956,7.0702,-9.2858,0.5095,-4.227,-0.7648,-6.8777,4.5405,-1.3696,-3.2787,-3.7346,-1.5829,-9.9109,0.6472,6.2605,-3.2353,6.8731,3.2118,-2.6308,9.2595,2.6892,1.5649,-3.5812,-7.3795,-7.158,5.2198,-7.2147,0.5488,6.3047,6.4334,7.5209,4.1421,-9.5955,7.8115,-0.7999,-8.104,-9.6901,-5.2641,5.7266,5.9187,3.7334,-5.2923,6.4969,-1.016,-1.8142,-6.3365,-8.9007,-4.1109,-3.5566,-9.1805,-8.883,5.176,-5.0804,3.4078,-7.0939,-9.4063,2.3922,0.9992,-5.5913,0.2917,-6.1477,-8.5004,-0.9369,-8.5539,0.4737,3.5692,8.3159,-5.9025,4.4398,8.4544,-7.3643,-0.4619,6.7363,1.3862,2.0143,-6.4168,2.1726,5.9059,8.7442,-2.4409,-9.6492,8.1534,2.6595,-6.4248,-8.1693,3.1591,0.8692,0.1586,0.7934,-2.9475,0.6667,2.1966,4.4702,-2.6206,0.6031,-9.498,6.0715,-0.3232,4.2479,-4.0081,6.2008,6.6798,-6.0019,-5.1625,9.2026,-4.4594,-0.1623,-6.307,3.7411,4.1476,-9.9728,-0.39,0.8652,8.1605,-6.3653,-8.111,2.4545,8.866,6.3939,-1.7093,3.0605,-4.7279,6.9751,-2.8393,5.4274,-5.7989,9.3472,-3.554,2.4533,-9.7751,9.0413,4.0783,5.467,-3.2895,-0.3961,-2.3181,9.7865
0.5089,0.3594,-0.7922,0.6244,3.3728,6.7086,-3.2491,7.8966,-6.523,7.3639,-1.5361,-9.9718,1.4624,3.9993,-2.7109,9.3349,-8.6268,-1.6495,9.2516,-2.2269,-3.9785,-9.8216,6.4268,-8.0716,-2.0372,-1.8654,-1.261,5.8201,-3.8735,-1.9593,1.7244,2.6656,-5.3692,8.1651,7.3507,5.0254,0.2537,-5.2207,3.6954,5.0336,9.3884,4.1297,-7.8612,-9.7137,-5.6111,4.4165,-6.2403,-8.5365,9.7808,0.4999,-2.5011,6.8818,-8.5367,9.4911,5.2136,1.3834,0.0453,-2.4916,1.297,-3.2862,9.9138,5.9155,-5.291,-2.0374,1.5398,-5.518,1.0123,-2.125,5.5768,7.0539,-0.7067,8.1512,5.3192,4.01,0.5476,-8.3217,-1.9008,5.0744,7.5452,3.9182,-1.898,-0.8823,-1.1918,7.3882,6.7841,2.6439,-7.2519,-2.5375,4.0224,-1.009,-2.1626,-4.4012,-9.9712,1.4539,-3.7623,7.2714,-8.5414,2.5763,0.3872,-9.526,1.4017,5.626,-9.8954,4.4534,2.2382,4.1936,1.2782,4.6952,6.0682,3.7304,-9.3446,9.462,-3.2838,0.8869,-4.0882,-2.4552,-5.8399,3.8441,8.1052,7.4738,1.6176,4.6225,-6.4812,5.765,-2.5871,-3.553,-7.6676,-6.4006,2.3369,6.7724,-0.0326,6.0259,-2.1897,-5.5084,5.5699,6.8623,-3.7855,4.2862,-5.0659,6.5746,1.8481,0.7643,-0.1403,3.5532,2.8781,-6.1119,5.9166,0.2022,-8.5722,-7.2217,-1.3496,-9.6925,7.8268,7.4584,4.5135,-4.0372,-5.5766,6.6683,-9.0277,-3.4775,2.5671,5.1938,-3.0806,0.2736,-1.1767,0.36,3.1599,9.6677,-4.3616,7.2179,-7.9656,-9.3365,-6.1718,-4.4966,9.62,-8.4256,3.3951,0.1936,1.0022,-4.861,-1.0222,-5.8743,2.9529,4.6028,-6.0157,-4.6924,-5.2691,0.7134,4.7315,0.2723,6.4872,-1.2623,-1.6012,-7.6767,5.4722,1.1961,0.9927,-6.7569,-4.7406,-0.6929
-1.375,6.6773,-0.7297,-9.1838,-0.4772,-3.9402,1.1082,-1.0604,2.0497,-6.307,-9.2957,5.0742,0.7122,8.0585,-2.6815,-9.2142,-9.5568,-8.3636,9.6335,-1.6548,-4.2007,-3.0248,-0.7071,-6.8682,-6.1393,0.7847,-5.0658,0.7378,-9.3066,-5.0999,-1.0955,-6.8464,4.3025,0.4702,-9.4846,1.3302,-7.5656,-3.7242,1.6947,-1.4363,1.4301,-3.1357,2.734,-2.2863,0.5998,-6.2702,3.6785,5.0083,-4.5445,-8.1168,-2.705,0.3728,7.7139,2.0723,5.5032,-0.7691,6.0678,-3.5171,-3.2121,6.2293,-9.2177,9.4449,9.156,-5.7361,1.8544,-4.9413,-4.8632,8.4397,7.4193,-1.565,-3.5442,1.4138,1.3776,5.038,-4.8278,-0.0421,4.3097,-4.0328,-7.9776,-5.64,-1.0678,6.5193,-9.1946,-2.214,-3.0958,6.7878,1.5071,9.7925,4.6306,6.0907,-7.7642,6.8155,2.6194,-5.7667,5.6153,5.1749,-5.035,4.3708,0.9495,7.4769,-8.8978,4.448,1.6812,4.1675,-3.7134,-7.0442,4.3435,-4.1655,-1.5945,5.8474,3.7326,-7.3519,7.5949,-1.6374,3.046,-6.9961,-1.3292,8.0513,-2.3095,-7.4947,-8.6073,-9.4212,1.1796,-7.4872,-1.5051,-6.1482,4.1776,2.4823,4.424,2.5649,-3.574,2.1657,8.8346,-3.8248,0.6251,3.1534,-9.9689,5.5338,6.3065,1.53,7.6179,6.2823,4.3028,-3.3496,-6.1599,-1.5011,0.8453,6.9754,6.9557,4.6101,-9.4578,9.9167,4.025,-6.3466,0.0558,7.9706,-8.7331,4.8698,1.1973,8.6545,-1.0881,5.9679,-4.6654,9.0395,2.8388,8.3493,-0.8703,3.2975,-1.4174,6.5339,9.3105,-2.45,1.292,2.0779,6.899,0.5558,-2.5919,8.164,-9.7881,8.1485,2.6647,4.5547,5.4154,1.668,-2.5852,6.8802,-8.7044,0.7514,6.2285,-8.9775,-8.1603,7.2199,-2.0094,-4.5825,4.3513,4.1204,-6.3151,8.68,0.6778,0.8689
-5.6716,-5.7375,1.103,-0.9744,-8.6527,5.9945,-3.173,3.2063,-2.7694,-2.963,-5.2213,4.0004,2.5459,-7.7274,-0.2552,3.3095,2.3397,-2.9521,0.5066,5.6965,7.7584,-7.3026,-8.3943,9.3283,5.5071,-2.7996,4.7404,-3.6731,9.2943,-5.4916,9.9988,2.443,6.3305,9.3937,-0.4903,-0.9828,-8.3076,-4.6673,0.2398,0.5637,2.1728,-3.9554,6.2498,6.1881,6.2594,-8.7826,6.1521,0.9304,3.6234,0.8434,-1.8012,-8.0971,-5.5798,9.2324,2.8647,2.952,7.5756,-7.9957,-1.9882,3.6408,9.7263,-7.1007,-7.287,9.2412,4.2272,1.7012,3.6808,-3.7289,-7.6771,5.0161,4.4272,0.2157,6.0379,-8.1164,9.6137,-3.6077,-7.5589,-3.8384,-3.7105,5.2169,0.6631,-2.5828,3.2205,-1.1606,9.175,0.3234,-4.3487,-2.9865,-5.4768,9.874,6.4601,4.318,-5.8115,-2.6757,-5.1088,-1.2394,-2.0188,1.1455,-4.4257,2.5604,-6.269,3.9838,6.8835,-4.7958,3.034,1.2936,5.8913,-1.4028,1.2554,7.8822,5.763,-6.4065,-9.5625,4.7648,-0.531,7.4431,-7.6427,-7.7329,-4.4736,7.7044,2.8603,-1.1188,-4.1865,-0.6076,-6.1824,9.649,5.7734,5.4361,9.2457,-8.9228,7.4312,-8.7742,4.3516,-2.5258,-6.7074,-8.2894,-6.2377,8.5942,6.9452,0.9346,-2.8852,-0.3692,8.2915,3.9454,-1.8948,2.237,-5.0325,-2.4819,-6.8156,6.9889,3.5937,-2.8858,-2.346,-5.957,7.1256,-6.0052,-9.959,-4.2052,9.5874,9.6215,-4.6605,-9.9394,-4.0452,6.2483,-1.1131,-8.6007,-4.1772,-8.8269,-2.0429,-6.6351,6.5265,0.5936,3.4775,2.9144,-4.1581,-3.0635,-7.7233,6.1263,-8.4041,-9.6258,7.1132,4.6999,-7.856,-7.9997,3.6441,5.2487,5.5625,-4.1586,5.0219,-9.2633,2.0682,3.9244,6.8609,6.1024,5.515,5.7643,-6.5535,-5.5819,-7.0857,4.4258
-7.6924,-9.9356,6.7839,-6.7339,-4.723,-1.1885,1.052,-2.9394,6.463,1.9062,3.1377,-5.2391,-0.8935,-3.0426,2.0576,5.888,3.0913,2.1683,-5.4487,7.726,-9.4917,8.1993,-4.4506,-4.425,-1.4877,-9.8032,-5.3028,7.2595,-6.5252,4.057,5.7343,-0.3739,-2.4287,0.8038,4.1185,5.2334,0.4156,8.1258,-1.643,-6.9674,3.1739,4.4059,-0.1066,4.2711,2.4085,0.9812,4.4176,-0.0758,-5.5263,2.0443,2.8147,-6.259,3.1715,0.901,-2.0666,-3.5724,6.7439,8.5013,-7.8395,1.7225,-1.6192,3.4016,9.6659,-3.6166,-6.8237,1.4411,7.1399,-2.0473,-8.3693,0.447,-2.7472,7.068,7.7054,3.4627,0.9896,8.5752,-4.8712,-3.2021,0.5093,-8.4528,2.6645,3.1169,-2.5005,9.7747,-4.9145,4.2171,8.3539,-5.2352,-7.2849,1.8133,-3.7138,7.3551,8.7817,8.1128,-6.5708,4.627,8.5604,-3.34,3.6771,-1.9113,-7.3434,9.8811,-8.9766,4.3356,9.2947,8.2152,-9.164,0.4922,2.4335,-3.537,-1.7911,-7.8518,7.7506,-7.1014,5.2805,-8.8931,1.1642,8.4475,-1.0344,5.4375,3.6516,-4.0635,-3.4761,3.3155,-1.7354,4.021,4.8355,-0.2221,-6.1508,7.1827,-9.8207,-3.5675,-9.8168,4.1953,2.2644,4.4059,1.2089,-2.7887,-5.2214,8.7921,-1.1343,-0.9693,3.158,6.1443,5.9742,-0.502,-6.5995,5.5566,6.6602,7.9681,8.863,-3.3305,-3.8157,3.3085,9.4052,1.6213,-7.8541,1.6742,-1.2386,9.2538,9.0241,-6.2161,-4.2784,-7.551,-7.8858,5.295,1.8442,-6.3955,-8.4464,9.7484,9.882,4.0879,-7.1289,3.8433,-8.8238,7.2222,-1.0711,-1.964,2.3462,7.0951,7.797,4.7221,7.6564,-4.2458,9.7985,2.3784,7.3381,-8.2314,5.5572,-1.895,7.5744,1.2369,-7.6883,7.1332,5.614,-1.9519,-0.8871,5.5078,5.4446,6.9503
-8.8972,8.1658,0.0943,5.6156,7.7847,8.994,7.5735,-8.7613,-2.6917,-2.7905,-1.3216,-8.7731,6.5162,4.7171,-5.6819,3.2253,-4.3763,3.4733,6.3237,-5.2631,4.2139,-2.4912,3.8492,-7.3876,-7.4838,6.5098,-7.8287,2.9228,7.6043,9.9821,1.2699,7.1967,-7.5384,-8.7473,-1.8336,8.4985,3.8815,-7.8986,3.0884,-5.9199,-7.6628,-8.2929,7.471,-2.7049,-8.8854,3.6407,1.5516,-7.1875,-1.226,1.7375,8.2058,-4.0726,-3.9137,6.5721,3.464,-9.3026,-4.547,1.144,-7.7149,-9.8131,-3.7652,6.0259,-8.7514,-1.7578,4.4343,5.3988,5.197,-9.3888,1.7198,-2.1866,-3.6085,4.7026,-1.0356,5.9002,-9.0514,8.6511,-8.4287,-7.6468,-7.448,9.8713,-6.8128,6.0918,1.7814,-2.0354,-9.5232,8.1904,-6.1931,-1.3279,-5.5921,1.9039,8.1889,-6.5219,9.7136,7.7632,2.9136,3.499,1.9751,-1.5547,3.1574,-0.1223,7.2157,-4.6135,-4.8976,2.6821,6.4873,6.2714,-5.174,2.0513,-3.0863,9.3579,9.5606,1.5049,-8.5367,-5.2024,-2.882,-0.1722,4.9392,2.0262,-7.6931,-6.9054,8.4529,2.9075,4.869,5.4028,-0.9527,4.5954,0.2729,0.2684,-3.136,-3.3703,-8.3628,-3.9063,-3.4211,-2.4727,-5.5428,8.0183,-9.213,-8.1121,9.3851,4.3697,0.6528,-3.4817,-2.0861,2.8686,-5.6212,7.8439,5.8855,-0.1527,-7.946,-5.7137,5.8365,5.0323,5.0894,-3.4089,1.5312,0.6289,0.5304,-1.9695,-5.2481,5.2896,-4.9324,6.2634,-8.8352,1.2879,4.8364,-4.96,-2.7075,0.8976,0.1085,8.3613,6.2583,-7.6406,-3.0456,8.4781,-8.0126,5.8811,2.2826,-2.5758,-5.0804,-4.6414,1.9728,-1.5709,5.8595,4.5321,6.684,-8.242,6.0999,-9.0913,-3.7403,-0.0651,7.1116,0.8255,-0.2566,9.2799,4.2397,7.0378,0.8249,2.7685,1.1829,8.9766
5.7013,-6.3535,-4.0301,-8.6083,8.6127,-6.5094,-1.199,9.4704,7.0408,5.8687,9.1089,3.2927,-1.1498,-2.482,-9.3178,-6.0954,1.875,-3.096,-2.7912,-3.3222,-1.091,8.4792,4.5873,2.1192,-3.3773,2.5079,-7.8663,-9.7648,6.3076,0.5939,6.915,9.8622,1.1044,7.6394,-4.4146,-6.9979,7.1415,-6.1155,1.0674,3.7615,-4.4075,7.2231,-3.3406,-0.6989,1.9673,3.3031,7.1083,5.6202,-6.552,7.2662,-1.8968,-0.3749,3.3587,9.7331,-2.418,-6.305,-0.6922,3.6167,9.4284,-7.8585,6.2609,-4.3872,-7.3053,-1.9231,0.5359,-7.5927,6.4941,-5.7749,7.4437,8.3516,2.2583,-3.1317,-0.984,-6.3499,2.78,-0.1732,5.6166,-1.83,2.1717,2.8526,6.4548,-8.4031,-1.762,2.5779,-7.8364,-4.5332,-5.0091,-4.4624,2.2194,-9.6912,7.169,5.3275,3.3887,7.7404,-5.0577,-9.5206,8.5527,-3.6169,7.0598,8.6639,-5.8692,-2.5666,-4.1616,5.2503,3.9469,7.5555,-8.6649,1.7417,-9.86,1.2546,-4.4076,3.3372,8.6724,-8.9245,-5.1394,-8.7929,6.5763,-7.8488,-3.8199,-1.6209,-5.2711,-6.5941,3.8519,8.9365,-7.0234,6.934,-5.5046,2.3278,-3.3896,-9.822,-3.3268,-9.5277,-8.9248,7.3876,-9.2412,-2.1143,9.5549,-2.8639,-1.3381,4.4252,3.9642,7.611,-8.6492,5.813,6.0997,-0.1149,3.5521,-3.9254,-3.2086,-2.5314,-2.1645,-9.1071,-4.0949,-1.0645,8.0506,1.6222,9.4579,3.8102,0.3428,1.3782,3.2904,-0.2789,2.7086,-7.9042,4.0769,-6.0148,6.4819,6.0005,-1.4593,-1.7833,7.7681,2.5232,-6.3419,-2.7904,-4.176,-4.48,6.9096,9.0824,3.5293,9.0628,8.0943,2.5202,-5.8878,-3.68,9.3475,-5.382,-6.285,3.0669,-9.0351,-5.6445,3.1879,8.7162,3.1222,0.5016,9.8629,-6.0189,8.2585,1.0948,-0.1588,-9.4671
4.5138,-3.6905,-7.1614,9.8723,3.6294,-8.2009,-1.7167,-4.2205,-9.1778,-8.1358,-3.5009,-2.8752,3.3858,5.1284,5.8452,8.1237,-2.1911,0.0259,-6.0224,-8.6645,0.0091,-5.7046,2.5289,-3.3119,7.1642,-7.3076,4.6104,-0.2154,1.8555,-2.4065,0.3381,3.5805,-2.3346,7.9581,-3.2619,9.3026,-3.9392,-8.3828,3.8176,1.7961,-7.8489,3.7787,2.3231,6.5582,-0.911,-9.2184,-7.9569,-9.2573,-3.2943,8.0156,6.5107,9.1392,6.8105,-3.6546,3.1943,5.011,-0.2107,4.0475,8.8908,5.696,-3.1262,5.917,-5.2717,0.8283,-3.7628,-6.4484,-0.6385,-1.6555,-5.6404,-9.0643,0.2495,-0.3551,3.4994,7.1599,-0.839,-4.5783,8.0722,0.2267,1.2476,-0.2378,0.1617,7.2723,0.8925,1.164,-1.6546,-7.1253,1.0651,9.0501,-7.1889,9.062,5.8053,-7.3681,2.2134,-2.1321,-5.7236,1.5281,8.0504,9.6981,-0.971,9.414,-5.3749,8.9234,-2.537,2.615,-3.3994,3.7692,-2.3073,-4.934,-8.9163,-5.5846,0.1972,6.1543,-8.569,3.5095,9.2487,0.0317,-8.7086,0.2095,2.2067,6.3775,-3.6944,-4.5384,4.9653,4.6591,-8.872,5.9533,7.1383,-1.4208,-4.9272,-9.0165,5.7932,-1.7887,8.1961,9.8105,-3.3491,-5.0764,-6.4137,-7.2972,3.5639,0.2209,-4.4101,1.8353,7.2621,3.912,6.8251,-9.9098,-7.5302,7.291,6.815,4.1884,6.4432,2.7968,0.0559,-2.4452,6.3557,6.2663,7.8273,-8.4055,-4.2668,-7.3866,-3.1758,-0.677,-8.5565,-4.8228,-5.5815,-1.6014,-5.6454,6.4146,5.2333,-9.7696,7.3371,-0.0134,-9.8516,-0.3674,-4.237,2.0588,5.5724,-8.97,-2.2871,-0.2773,1.4799,-9.5936,-8.8662,4.2004,-0.7949,-2.2514,6.9808,-5.9943,0.2139,2.5616,9.6109,-7.3434,-6.5818,2.4298,9.0168,-3.303,-6.1905,0.5904,9.1512,7.4068
0.7187,5.6946,-3.3841,-7.9947,-8.7306,-4.7131,-1.4197,-2.8049,3.5829,2.9786,-8.4923,1.3621,-3.3212,-1.6525,7.0393,-9.8792,-4.9638,-9.5555,-9.7898,7.7563,3.7477,7.5132,-6.7535,5.1507,6.8299,1.6145,-7.8482,-8.5709,7.509,-0.4923,9.5794,-1.2454,-6.9007,-2.187,8.2324,3.4318,-5.6929,7.3336,-6.1341,8.9989,3.065,3.3979,0.186,6.4296,4.2128,-7.8701,9.0671,-6.8655,1.0079,7.5738,2.7248,-4.981,4.2487,2.2563,6.7211,4.5895,8.2268,6.1387,7.1026,0.422,-6.1639,0.7909,3.2417,8.5018,-1.7446,-5.6661,8.6959,-3.2931,4.4985,0.469,2.117,-2.7875,-3.4103,1.7897,-0.8138,2.6363,2.2195,-5.9748,6.7282,-8.4154,-9.8942,-3.4968,-8.3878,3.7965,-7.4272,-6.4666,-2.1259,2.0701,3.3472,-8.4593,-2.1748,-1.1221,-9.6898,7.0324,3.0879,6.7942,-7.2538,9.7605,3.3517,-4.9721,6.8508,4.4067,6.7555,4.6849,6.6323,0.0728,-8.5385,-2.1303,1.2217,-6.2831,6.5171,-9.9429,-0.2944,-9.6075,6.6162,3.9846,0.0019,-2.0285,-1.9002,-5.9331,1.1213,-9.2992,7.0712,-8.3958,9.9355,-0.4741,3.1252,7.9705,-9.1954,-4.8705,-8.0166,-6.1348,-5.5082,5.983,3.9941,4.8905,4.9214,-4.6929,-6.1678,-2.0951,-2.0321,9.5302,8.9808,3.9509,3.1391,3.9822,-9.0378,0.2932,-8.2349,1.8135,9.9739,8.009,4.4042,-1.198,-7.8342,-6.1895,5.9707,-0.8284,2.8215,2.5643,-1.4286,-7.1704,-6.9599,8.8559,-3.8057,-8.854,-0.8387,3.4392,8.3873,-3.2511,4.1525,3.6043,4.6314,-9.733,7.6994,5.7646,-4.9917,1.4538,-9.1148,-4.9029,6.3133,-0.0302,-7.557,-7.0944,-9.7147,4.0696,-0.1418,-8.7355,-3.7117,9.1198,8.8771,8.9238,1.9422,-6.1154,-9.817,-5.5845,0.5472,4.483,7.9242,-2.7178
-7.0137,-5.0406,0.3346,4.0303,7.7459,-1.5969,3.2172,6.1359,4.9754,-8.6246,-6.2102,0.4174,8.9615,9.4914,-6.2088,-7.9015,1.2013,-5.8578,3.018,9.1455,9.5809,-1.3818,-1.0022,-4.8199,1.687,-3.7088,4.5444,-4.5634,5.3544,5.4281,-6.2354,-2.4243,5.5083,-6.5331,5.1936,-1.2211,-7.7993,1.0223,2.9645,-0.2929,3.5543,0.2936,8.0321,-4.2704,4.5093,-5.2357,6.3716,3.9687,5.3901,7.2282,-6.2795,8.2213,6.2289,-9.4253,-3.2521,4.0586,-8.7431,7.2453,6.9467,2.6795,2.9868,8.9295,5.6511,6.8814,5.4335,4.4182,-2.3281,-0.6844,-8.4084,0.297,9.5967,-8.529,0.9779,-8.5382,2.3847,-4.5402,4.1354,5.9877,5.3659,-3.413,2.7943,8.807,2.0177,2.6907,-6.8199,0.8678,6.4247,-3.8943,-4.2607,9.9117,5.5271,7.519,5.6079,1.6396,3.8365,-4.6996,-8.1286,6.9658,-9.7474,-9.5615,0.5063,7.9583,5.5285,3.7224,8.8778,5.5604,-9.0224,6.0755,4.486,9.965,7.0816,2.9313,3.4667,-9.3,9.2024,2.0843,3.659,-2.1892,-5.8743,-5.9528,-8.6762,-3.0478,7.7091,-0.4687,0.7838,4.7787,6.5385,-4.413,7.4396,7.955,3.8997,-1.5649,4.2023,9.7663,3.3649,-2.0363,-4.5703,-8.9252,-4.4954,-1.44,6.479,2.961,0.7837,-6.5198,-5.8534,-5.7331,-3.3019,-1.7376,0.2183,-0.6158,-7.7782,4.5744,-7.0621,-1.0978,-1.867,3.3528,6.4481,-7.9762,3.318,-6.9472,5.5793,-5.2273,-8.167,-0.893,0.0542,-7.7465,-8.7643,0.0658,-2.443,-8.2906,6.7655,-7.4717,4.2939,-5.7358,4.9602,8.1461,2.6705,8.2598,-2.049,6.9436,9.7798,-3.6872,6.8174,0.5689,3.4609,-5.9562,-2.8299,-7.2171,9.7347,-0.4031,0.5731,-8.5693,9.4308,-0.8403,-2.3194,-1.6456,-8.7645,-6.1596,-0.3801,-9.9831
-0.6009,4.7196,-9.3823,2.4791,5.826,0.8823,-9.4945,-8.4384,-1.5697,4.1637,2.5907,-6.4654,9.7025,0.3135,-9.1887,-2.2329,7.1226,-1.0271,1.9785,-1.2573,5.5757,3.1067,0.2495,-9.4631,3.0058,-4.2751,9.7367,0.6597,-7.8067,4.7952,-5.0543,1.3971,4.5421,1.3822,2.4051,-1.8076,-4.6107,5.9154,-7.2621,6.9521,-6.2086,2.1507,3.4559,-6.9944,-7.0808,1.5328,-0.3317,-4.2361,6.559,1.8968,-7.4546,2.8123,-9.6909,-6.5187,6.1994,1.2588,7.3531,-0.9548,9.578,8.9088,6.5912,5.2938,-6.3449,-7.7612,-1.6767,-5.2981,6.7661,3.7843,1.0804,-5.597,-6.7188,-1.179,6.1076,-5.509,6.1469,-6.1922,-0.852,0.5811,-9.2708,-9.118,-7.7748,-5.1858,-4.5914,-8.3517,-5.768,-9.1999,-7.4302,1.9347,1.6859,-3.1874,3.883,2.16,-0.6936,-3.3694,-2.3978,2.5046,9.3084,0.0675,-9.9228,-8.833,2.9056,1.9654,-4.796,-9.7939,-9.3741,-3.8425,3.9934,5.289,-3.8298,-9.4877,-8.0479,9.4081,1.3749,-0.9496,4.6256,-0.8677,-6.9579,-5.2646,1.5233,0.9112,-3.0505,0.2272,-6.5438,-4.4199,8.3664,-8.9896,-9.298,9.9139,4.0752,3.262,-5.6468,3.5694,-4.6898,3.8743,-4.0813,0.7064,-0.5801,-8.1919,-8.8218,-0.0897,-9.1312,2.0965,-0.0932,7.922,4.8573,6.0672,9.343,-5.3298,-3.8003,-4.5672,2.2837,-1.8414,-2.032,2.9681,5.6959,-3.0635,-3.728,5.6501,0.6673,6.9537,8.5794,0.4196,-4.3188,-3.2323,-2.809,-5.7334,-7.5741,3.2994,4.1146,4.3059,-7.9759,-6.7454,-6.1866,-8.3439,0.3563,0.2452,-2.1,0.4928,9.5218,-6.4483,-0.8144,3.8988,8.4718,6.4005,3.4728,-6.4662,0.7561,5.4452,6.9559,0.3159,5.0656,-7.6135,0.3037,-1.2624,8.9181,-8.9336,9.6613,2.3457,-6.1351,6.5119
-3.9253,-1.2444,-7.293,-7.7684,3.0712,-5.529,-0.9143,7.3998,-1.8038,-4.7727,4.6614,4.7768,1.5197,-0.8083,7.7565,-5.4263,7.8813,-6.8291,-1.5741,5.9191,9.042,1.3038,1.1449,-6.3495,7.6781,0.5068,7.3479,-9.1571,-6.8421,3.8264,-7.0018,-4.6502,-5.4502,-1.608,9.9904,4.7075,7.3553,-7.0496,-7.2834,0.819,-0.1221,7.4059,7.8277,2.4585,-4.0348,7.3049,-1.8056,-1.2313,-1.566,3.6646,4.5315,-1.4483,1.8269,-0.8187,-8.1871,6.4124,2.6313,0.3751,-5.7456,-9.7931,8.6633,4.7028,1.4355,4.2135,0.8502,1.5832,0.6514,5.0187,0.9093,-7.0842,-5.0012,5.9324,-1.8109,4.1336,-3.6472,5.738,-9.9536,9.868,7.6467,-6.9707,1.7629,-1.4108,8.664,7.9766,5.1183,6.695,-3.5473,1.5742,-5.7229,-7.6758,2.8004,-5.5575,7.7302,-2.2661,-5.0931,3.5537,4.321,6.9048,-7.7783,-5.0847,8.1872,7.4839,0.5075,-6.2686,-5.8244,-6.0415,-3.8399,-1.7572,8.0952,0.217,-6.7252,-1.816,1.0349,-0.0275,7.4185,-3.1767,3.5758,6.9415,-4.513,5.3853,3.979,-2.693,-2.5395,-5.5997,-5.7396,7.8769,5.5367,1.0067,-7.4071,6.9937,6.0161,-7.9774,7.5354,7.4238,-8.5372,-2.5871,1.0341,2.5819,-4.5395,8.6763,-1.2997,5.6969,6.6278,4.1683,2.1439,3.1107,3.1877,5.8237,5.0486,1.7937,-3.4486,0.3419,5.3206,-5.1009,-7.5913,3.3143,5.1736,-7.2456,1.5479,-0.7601,5.0251,-9.9989,7.823,5.6564,-8.0735,5.6268,-5.5439,-5.065,2.9195,-8.559,-2.9325,5.2703,9.1165,6.6633,-9.1939,1.9087,1.6984,-3.996,9.2225,-1.3751,-6.3192,-1.7888,-0.8279,-0.8543,4.7592,6.9609,2.6806,-1.4978,-4.2078,-0.2717,-0.163,-3.1906,1.8347,8.7267,-9.9555,-3.2167,7.8018,-3.9269,-2.9477,3.3658
-9.4165,2.3521,7.5218,-8.0366,6.9847,-4.5917,4.5731,8.372,-8.6274,7.0425,-0.7406,7.3512,1.7475,6.1979,1.9006,7.7794,-6.8355,1.9352,9.2021,5.9927,1.0481,-3.39,8.1764,8.7073,-5.6931,4.2382,-9.3209,-2.8445,-5.3624,-1.2306,-5.7011,5.1619,-7.5329,8.6753,-9.4723,9.0375,-3.5001,-2.2643,8.5462,4.3642,1.8061,-7.2985,4.4139,-2.2775,4.7097,5.646,1.666,-5.4579,-9.9324,6.4769,-0.5114,-5.9072,4.2655,2.8759,-0.7979,-0.8511,1.9912,-2.7171,4.7322,4.381,4.7003,7.2123,-8.1434,7.6468,5.6191,8.5364,-1.0446,7.7042,-4.9585,-1.1142,-1.0062,6.7789,-9.7965,2.4977,-6.397,2.6576,2.1812,9.5061,-4.9064,-9.5397,3.911,-6.9756,4.9181,-9.6876,-2.2998,0.6587,-2.2453,-2.9058,-3.6047,-7.7948,7.21,2.0709,4.9412,-9.9829,0.8542,-5.8543,0.7067,-4.4994,3.6254,-0.5854,1.4766,-3.0754,9.6575,6.5935,-2.0793,-9.0868,-8.7866,-1.1033,9.5494,-5.4933,-8.5965,-0.1675,-3.0193,4.9936,-6.1432,-1.3926,-9.9797,7.1342,2.795,-2.4735,-4.8927,5.3374,-0.3757,8.1802,-4.2325,-6.8789,-9.7617,4.2416,-1.6864,0.3291,7.5083,8.7623,7.2698,9.696,-7.6217,-8.1536,6.574,-7.418,7.9376,6.124,0.9452,4.9625,2.486,-2.642,-4.6455,-8.25,1.1366,-1.3398,4.8423,7.9734,4.4816,-8.6401,9.7064,7.1467,8.0903,-1.9777,9.9793,-3.9101,-3.0397,-6.6866,-6.1348,6.5402,-1.6337,2.4311,-1.0591,7.1567,6.1713,-5.7156,-7.922,-6.3436,0.7093,-1.0828,9.8882,-1.927,-4.491,8.523,-6.4111,-8.5021,-1.075,-6.2224,0.5516,0.6276,3.3588,-1.5014,2.9374,-0.9419,-3.9159,8.3043,3.7819,-7.7196,8.3407,-7.6781,-3.7982,5.3375,-4.2188,-5.7006,1.0403,1.6105,-6.5182,-0.0497
-1.1172,8.5774,7.8612,-3.3676,-7.1273,-1.0616,-5.8922,5.8906,-9.9746,8.1424,0.9036,-7.6305,-2.9456,0.2354,-6.3479,9.9855,9.1318,3.5124,-7.4435,6.1823,-5.7465,-9.567,-5.8422,-8.6794,1.6573,6.2793,8.4173,-4.8547,-9.2522,-1.119,-4.817,2.07,-5.6806,8.7701,7.6277,-4.7749,-0.1158,3.1915,8.6926,-8.9023,0.3496,-5.1902,6.8562,-0.5559,-5.5309,2.5717,-2.0897,-3.0378,8.0134,4.1025,-6.741,-8.8673,-5.0116,7.4713,-2.2729,1.2582,-7.9347,-9.519,7.027,-1.3812,0.8999,6.6392,8.9689,5.994,-3.3168,2.0753,-7.9719,1.8396,7.6239,5.6134,9.3041,9.5165,7.8901,8.4561,2.5113,-5.1655,-5.763,0.2737,8.9849,8.5956,-8.4866,-1.0751,-6.2536,-9.6279,-9.3169,-7.0921,-8.6775,8.1433,-4.3319,7.3793,4.3548,8.8134,3.1541,-2.2672,3.2201,0.355,-3.3858,2.8221,5.862,-7.4984,2.6998,9.9392,5.6406,5.745,-6.564,-2.3384,-2.5991,6.7842,3.6067,-0.0563,-0.8246,-8.0061,1.4337,1.7276,-5.5942,2.6211,-0.7179,5.7685,-6.4269,2.9945,-2.4924,0.2339,5.4682,-6.6148,5.1758,-6.2665,-4.6289,-8.7727,8.5771,1.3918,7.533,-3.8707,6.6909,3.5951,1.9549,-9.0376,-9.6348,7.0674,-7.0333,-1.2987,3.8875,-8.2254,-6.6482,5.2196,-7.7663,9.2182,-0.6644,-8.8882,-3.6752,5.9836,-6.1632,6.4638,5.8657,-2.4947,1.714,7.6755,3.9985,-8.2929,4.5215,-0.5679,-0.3629,-0.0302,8.1036,4.6061,2.8249,-8.2797,5.9444,-7.3161,-4.6129,9.4166,9.6169,-5.2555,-0.1789,9.1874,-2.8179,-7.0349,-3.2351,-0.4885,1.227,0.3614,6.1791,5.8093,8.1155,7.8992,-3.1912,0.4725,3.4494,3.4806,-2.399,0.391,-4.3511,-0.5684,-9.2379,-1.0624,5.1413,-6.2115,-1.8233,7.1363,-4.9685,-1.5913
3.744,-2.2799,-3.4606,5.2421,7.6531,-4.4293,1.7435,0.1944,-7.8518,6.8459,-8.1688,-0.2802,-4.6116,-6.0663,-7.2116,5.6718,-4.5128,-7.2358,-0.7993,-5.7385,-1.3546,-1.9149,8.4557,5.1274,7.8734,-3.984,-9.3464,4.2406,-9.5396,-3.0991,-2.8555,4.3508,0.4705,-2.9029,5.469,5.9811,-0.3585,-6.3465,7.703,-0.65,7.6541,0.8321,9.743,7.517,9.6662,-3.9217,3.2223,-5.1678,-1.6936,9.3024,-7.4196,7.7356,7.6178,1.6086,7.0151,6.7443,8.7236,-6.4565,0.1342,-3.5123,-0.9422,-2.779,-2.8146,9.5889,3.58,2.6575,6.3138,-5.6285,0.1877,-1.4615,1.6237,-9.2242,4.7509,-3.4204,4.4641,6.9357,-0.9674,-8.1796,0.8378,-2.5953,-5.8037,9.0511,4.9735,-0.9848,0.1345,-9.5956,-1.9658,4.1189,9.228,8.9286,-3.6907,-8.1419,-7.9951,-0.1847,-8.3297,8.3387,7.4408,5.2795,5.0848,0.3194,-0.0742,-7.0646,-2.8434,-0.967,5.6368,-7.3676,1.6329,5.762,-1.1354,-8.3564,-6.2258,6.4315,-8.2521,2.6742,-4.7597,5.7871,1.7643,9.2394,3.0069,-1.7356,-0.7153,4.7643,0.4968,-2.094,-1.5809,7.8665,6.2209,-1.0594,4.5836,8.9095,3.0221,-0.8431,-2.2103,6.3359,6.7416,-4.7778,-5.0299,-1.0353,-8.6348,-9.9391,0.5722,5.8124,-5.366,-3.6162,9.8819,-5.6409,-3.0767,1.9298,-6.0231,7.9559,9.5701,-8.1396,-6.8537,3.4884,7.9611,1.4564,-0.6288,7.6406,8.0216,3.1616,7.8261,4.2379,0.8993,-6.6358,-5.3928,6.6011,1.0794,-4.9205,-1.0899,7.824,-4.5852,-0.3322,2.8203,0.7535,2.7849,4.8836,-6.9671,4.6096,7.1831,-6.8834,-8.2109,-2.406,-3.9393,4.7349,2.9933,-4.995,1.7328,-2.7941,-2.1672,3.9475,-1.7459,-1.7866,-6.1908,-5.7212,-8.962,9.1714,-7.18,-4.3686,5.0407,6.6227
-8.9997,8.8482,-8.7356,3.9862,-9.9737,-2.0329,9.1205,-4.5749,-5.7409,-5.4063,-4.3808,-1.6524,-5.6883,6.083,-3.3614,-9.1431,9.1278,4.6297,-2.5599,1.0336,9.1908,4.4031,-4.7058,-2.6124,2.6774,-2.6156,-7.6068,-8.3437,-9.0808,2.0686,-9.9506,-0.9789,0.287,-2.923,-0.8602,6.2634,9.7163,5.0734,3.8417,2.9901,-5.2102,3.8785,-3.2506,-8.4104,-7.0559,-7.9265,-4.4239,3.8595,0.4015,-1.5826,-0.5224,-9.5028,-9.1628,-5.0948,-1.8073,4.1349,-4.0687,7.1286,5.1603,-3.8786,-4.5161,3.3929,4.0145,2.09,7.7761,-4.2333,-4.711,-9.4105,-3.0642,-9.6289,-6.2202,9.8294,9.6214,1.3247,5.0548,3.5979,-6.5669,-3.2163,-5.8226,2.429,-5.7724,-3.5995,0.3333,-6.7122,-8.3876,-8.9246,-8.1045,6.5486,-8.0203,-3.52,7.4169,4.9776,-9.4566,-6.3577,-3.9153,-2.6673,4.4736,-6.8779,-5.7504,3.3533,0.5991,-4.6199,-7.3181,8.1922,-7.8799,-2.9843,-2.6911,3.7637,4.6619,1.2179,-2.1933,2.5572,-6.2642,8.1454,9.825,-8.8778,0.5288,1.8577,9.7889,2.0216,1.3951,-6.8553,-3.0437,6.4397,4.8958,5.9134,3.4972,1.5457,-7.7728,3.6388,-5.8938,-4.3568,4.5286,1.0817,-4.242,-8.6931,2.4353,4.5154,6.0221,3.8367,-4.9221,4.851,-1.0452,-2.6252,5.6824,-3.0185,-7.3499,4.8548,2.5258,5.3202,-0.0599,2.8654,-8.8166,-6.1114,3.1172,8.9117,7.4421,-0.5306,1.5605,0.1535,4.4709,2.8664,-1.1634,-9.5754,2.6477,8.2937,4.7223,4.7282,-3.4885,1.3019,2.301,4.7672,-4.039,-4.12,9.4409,-1.1943,-9.6096,4.4831,1.4673,4.094,-6.0748,-9.3103,-2.5093,4.7557,-9.9763,8.7449,2.9305,0.2925,6.185,3.5008,-8.582,-9.4981,-0.8676,8.0959,7.1333,-6.4808,9.886,2.3295,-1.0659,-8.8379
-0.6359,9.9525,-6.5472,-1.1665,9.388,4.4364,-4.248,-0.4583,1.4108,-9.5482,-2.7907,5.3839,-6.7657,-1.8338,2.8364,3.309,8.562,-0.8218,1.2083,-6.3321,8.8779,9.1451,-9.3539,-5.274,5.7523,-7.3173,9.4976,-2.923,-0.3603,-4.6514,-4.0378,-1.9554,-1.084,-3.2349,-5.3105,-0.2467,6.7141,7.6657,-4.1753,-3.9654,5.6851,6.9042,-5.5999,-9.3474,4.0614,8.3836,-3.6203,0.6525,-2.53,-7.0752,-4.6331,-8.791,-4.2215,7.6719,7.9683,-8.7375,-7.1004,1.2146,-8.7035,9.2824,4.5524,-7.6765,8.3839,4.6759,0.8873,2.4874,-4.1788,-9.6078,0.9412,3.7018,-7.8279,6.1732,6.5167,1.4595,-1.5542,-4.8678,6.7301,-4.495,-2.0615,-2.6368,-2.0354,6.3787,3.7883,0.9203,-9.0955,6.7544,5.8155,1.7962,4.8774,-3.5835,6.8141,6.6077,0.5113,-6.2918,4.2432,9.1942,7.0414,-4.078,-3.0849,-8.2767,5.0879,-9.9901,6.5137,5.9469,-1.6312,6.5078,1.4067,-8.2041,-1.232,3.0512,-7.4164,-7.2725,8.0754,-1.5436,1.6704,2.771,6.1523,-4.5484,-7.4956,-6.6462,-9.7202,-2.9763,-0.0484,8.9495,-8.3653,5.079,-4.0403,2.307,-9.7143,-0.9803,-2.4084,-4.9108,-2.6476,-7.8032,-2.148,-3.7862,3.8295,-4.5261,-0.6161,0.5547,-9.5038,-4.2395,-2.5062,4.4953,7.4769,-7.3088,-4.0541,-9.9555,1.3319,5.6464,-1.8094,-9.8599,9.9371,-2.6607,-7.0854,6.7142,8.7685,2.9033,9.1048,-7.8439,-1.831,-8.0851,1.2282,8.9984,2.528,-3.1763,-2.8024,-6.1474,-4.807,7.1864,-5.1046,-5.9464,5.3531,2.6455,5.5267,-8.814,2.0584,2.204,3.9515,3.9963,7.3609,9.1952,-2.8419,7.63,-9.303,8.2877,2.2547,-1.7169,-5.9091,5.7932,-3.5299,6.7482,4.0946,-7.4836,-6.6036,-2.2929,-8.2368,-1.5868,8.0212,3.2848
-2.657,3.9576,5.2624,-1.4726,-5.3799,9.6004,2.8388,-7.859,4.6465,-3.0489,4.6318,-4.4046,-5.7842,-1.1106,-5.7306,7.0253,-8.8286,2.4801,-9.6225,-7.405,6.3305,-2.0224,3.2988,7.7854,-1.5792,-8.6248,6.8899,4.3836,1.823,0.4792,6.3662,-5.2334,5.8612,8.7689,-5.1219,-1.014,-0.4651,9.3914,-2.3295,4.353,1.9894,-8.9634,-5.3287,-7.9957,5.7764,6.5022,6.7975,-4.2965,8.5401,2.8483,-1.9254,5.1545,1.2651,0.0701,-2.8023,1.8351,-7.0318,-8.0318,3.847,5.1224,-5.1957,5.6918,-4.4381,8.1317,4.5053,-4.7337,-5.6845,5.5401,-5.6931,-0.2803,-5.6579,2.2839,-6.8381,2.393,0.376,-0.2145,-2.691,6.8852,-4.1023,-8.3331,-7.2707,-8.2835,5.2567,-0.0893,-9.632,1.2863,0.6708,4.1845,8.5095,0.2085,-9.0004,-6.7579,0.6033,-9.5314,7.6495,9.2813,4.4541,-3.3943,7.4355,-4.9912,5.6323,7.7475,0.0149,3.0925,-1.7527,4.2806,8.0946,-7.8575,-9.9173,8.2093,-7.8061,2.9577,-0.5874,3.0698,-8.3929,6.0354,-4.6316,-6.7261,5.2955,-6.9726,6.4467,-4.6801,-2.4768,-8.9683,-9.6762,-9.234,2.2373,-7.7402,-3.1019,-4.4592,-1.1813,2.0455,3.0474,1.6378,-7.8483,9.14,4.9267,-7.5652,-0.5306,4.2559,-4.7891,-9.4239,-9.4702,7.4625,-5.6744,-3.9099,-3.4075,-6.8175,-0.5104,-9.4961,-2.0821,4.05,4.9831,2.8919,5.4812,-6.0277,6.0389,0.7904,-1.7229,-8.9733,6.4707,1.6119,-9.0485,-5.4208,-3.303,3.6169,-9.1955,-6.7193,-6.1451,1.1623,9.8538,-9.623,9.6481,6.3946,8.1686,7.4166,6.408,-3.7556,-5.5899,0.8537,-1.1945,6.8163,8.6015,-3.0802,-0.4971,-2.4867,2.1619,4.3053,-9.7871,-1.1695,2.2251,4.8115,-1.0153,-0.4177,-8.2701,8.3858,-1.8304,-4.0536,-4.0511,4.6128
-5.2463,-0.9322,-0.2169,0.6169,7.781,-2.5773,2.1199,-9.9151,9.0699,-9.4615,5.6802,6.178,-7.3345,-7.9358,-9.7935,-0.7417,8.1185,-2.1338,-5.146,0.7567,-4.6696,7.9988,2.863,-4.7287,1.7573,8.4057,9.8914,2.4486,0.8604,-2.7166,-3.2033,-5.8466,0.6163,8.1047,-1.5723,-5.7916,5.5317,-4.9147,-4.4369,-0.7811,-6.6782,0.461,6.656,4.8439,7.1502,8.8917,8.4778,5.4073,6.8257,7.7277,-7.8444,0.0292,-8.6833,6.2486,9.4187,-7.3757,1.6835,-6.6356,9.2364,1.3682,-3.4483,-2.2198,1.7449,4.6855,-8.9933,3.2022,-1.7924,7.691,0.0164,-7.7303,2.9317,5.7394,2.5977,5.4952,1.1753,0.1205,-6.683,-7.2358,-3.2083,8.1112,-9.7419,2.4156,1.6594,0.0064,-6.2649,1.0903,-7.5084,-7.1397,8.1498,7.8957,-0.0339,2.4267,-8.9944,-3.6105,-1.5394,-9.0013,-0.3866,9.4251,-5.371,9.7787,-0.2126,-1.5732,-2.1817,-3.9071,-7.1521,1.5266,-6.9422,3.6119,-0.3677,-3.802,9.3478,0.87,9.9361,8.7395,-3.7674,8.8435,-6.7144,-1.0368,9.4413,9.0918,3.229,-4.896,3.9632,5.9098,-2.6077,9.7907,0.9426,7.5311,6.5965,-6.353,-7.7183,1.366,9.5763,-7.7261,-8.3394,2.1303,3.3717,8.2459,9.8771,-1.8089,-9.9885,8.6619,8.2042,6.543,-4.6279,-3.6285,7.9637,3.6916,7.6633,1.916,-2.0688,6.1017,-8.5633,3.9756,-8.0346,-0.1789,8.191,1.8662,8.0846,-7.6956,0.6508,6.8227,-0.0042,-3.8044,-5.3269,-9.564,7.3145,1.0689,1.2878,4.1749,-7.6386,-5.9631,3.5741,-8.7858,5.9318,7.8925,-7.334,-1.7112,-7.6114,-9.5455,-8.3835,2.43,5.7553,5.012,3.4992,3.5966,5.7057,-6.9809,6.62,5.5198,7.8675,-8.6262,-6.589,1.0847,-3.9251,-4.4639,-7.1906,-2.1829,3.5024,7.1852
7.1548,0.2217,2.0989,5.708,9.8454,-0.2171,6.1582,9.9035,-8.748,7.1907,1.4281,3.1568,4.7566,3.2915,4.5727,9.0152,0.0262,-9.309,-3.4878,-8.4693,-0.1935,9.7396,-0.7668,8.0713,8.1659,-8.3646,7.6888,1.7768,7.3394,3.8491,7.7786,-8.8944,1.6754,-9.9444,-9.2837,2.7346,0.6934,-5.8723,6.873,1.7804,-3.8125,-2.4196,7.5669,6.7346,-7.6889,1.549,-4.2039,9.661,1.8762,8.9534,7.7327,3.1524,8.8093,6.4651,-1.7827,5.3722,5.413,-7.9226,8.8732,4.0456,-7.0177,-5.2094,-6.0755,7.523,-6.4806,8.7643,-0.896,1.5056,-6.2657,4.234,-7.5273,0.9206,1.4681,-8.2859,3.4794,-2.6056,-1.3668,1.8758,1.7736,-9.2595,-6.894,5.6586,8.6587,5.449,5.5778,9.8602,-0.4478,0.1945,5.2693,-0.2618,-0.8073,-7.6853,2.8765,1.6564,2.6851,2.9462,-1.0883,6.3137,6.3211,4.4692,0.0952,-2.2244,7.8724,9.5509,0.9436,1.4148,8.8347,5.1486,5.8631,-1.147,-4.1172,-8.5537,-0.9933,5.2998,6.4606,3.5834,-0.9052,-1.8965,-6.4793,4.3115,6.6257,6.2343,-5.3592,-1.3155,-2.769,2.3853,-3.9639,-3.7484,-4.1531,-7.0037,1.2482,1.565,8.0261,-2.1823,5.8893,7.6375,9.1487,4.3279,-1.6913,6.2967,-3.7093,-8.3956,1.091,7.8112,8.7215,8.0071,3.98,4.6748,5.1155,-1.7459,-0.2529,1.8473,8.9315,-9.868,5.1889,9.2384,4.3704,9.4176,-9.0714,4.9053,-0.8064,-6.3944,-7.9477,-6.4309,-5.9688,8.647,8.1121,-8.709,4.6312,2.2173,-5.6232,-7.0295,-4.8413,4.6194,8.8667,9.45,1.1917,7.695,8.0806,7.5747,-8.256,-8.5425,4.9703,8.4881,-4.0651,8.5747,2.3635,-8.6274,-9.1465,9.6927,-1.4498,1.538,-9.7786,2.2233,-7.5493,0.3808,-0.061,8.2676,-0.5483,-8.2989
-3.5753,3.6009,-1.9264,-8.1721,6.8738,-4.2781,-5.4529,-6.4435,3.7309,2.8576,2.4825,6.8659,-0.1735,9.9648,4.3816,-0.9273,-1.6291,-0.2465,3.5741,-7.7424,5.3226,-3.6314,-1.4073,8.962,-9.3043,2.2226,1.2442,7.8079,-7.3714,3.0048,0.1257,-9.6471,6.1793,5.8008,3.4669,1.1428,4.7342,4.389,-6.3053,2.7925,-2.5752,-2.9183,3.8353,6.7346,-6.6694,-6.3121,-4.7627,-3.4954,9.9336,5.8274,-9.2996,0.2884,-8.2482,2.7276,-4.3809,-6.1488,-2.4553,-7.031,-5.4809,-1.4261,-8.5535,0.5292,3.0344,6.2412,-3.2551,-3.1397,9.3584,-1.4373,-7.3728,-5.4554,8.4803,-6.1854,4.5889,9.4577,-8.3048,-3.4292,-8.7767,-9.2252,1.0737,-0.386,8.1712,-6.1808,-9.2427,9.2382,-7.04,4.3448,1.6268,4.5947,4.5101,3.8425,7.7839,-4.9282,-2.7436,1.415,-0.9828,-4.3658,0.0647,-4.4459,-7.1562,-0.7224,-9.6982,6.0474,-2.7919,8.2011,1.7055,-8.7693,-3.1489,5.5802,6.8544,4.912,0.6198,8.9039,-1.5258,-6.5515,3.0579,4.613,1.8066,-5.485,-0.8063,4.6363,-9.3348,-2.4248,-5.0163,-2.0154,-6.4864,3.699,8.8848,-2.8841,0.0678,-8.6173,6.4508,5.993,-1.6935,-6.3837,9.4578,-1.1913,-1.0722,5.971,5.6802,1.7499,7.6295,-5.1911,-8.5073,6.8668,-7.7408,-2.2607,-5.837,5.327,-5.8217,0.3897,-1.6097,9.0995,-5.5341,8.5714,-0.2465,3.325,-0.9514,3.8582,7.189,-4.5588,-4.4468,1.7307,5.9796,-4.8871,2.5397,0.1273,-8.0059,-5.5951,-7.03,-7.2912,-1.9494,-1.1116,5.4553,4.9781,7.5578,-5.6067,-6.4945,-7.3468,4.9906,2.4317,5.6296,-4.3536,-3.8387,-5.9117,-3.9335,7.693,1.041,4.1328,8.7717,7.8401,-0.6508,-2.2637,-0.5076,-5.2089,2.806,-1.9916,-3.6659,5.7194,4.5599,-0.4217
-5.0751,2.0068,6.9628,-4.5659,3.7752,9.5323,-6.2843,9.6179,-6.5986,-5.1493,-9.7422,7.6868,2.5905,-8.334,6.1964,-7.3012,3.3433,4.8815,-3.0922,-3.3951,0.9459,7.4864,6.2938,8.9139,-6.9865,-2.3457,-7.2248,6.6341,9.8098,-0.6494,-0.032,1.3317,6.2833,-4.4597,-0.6383,-7.3922,-4.2446,8.9425,-5.5952,-7.8074,2.291,3.2943,8.7535,0.6353,8.9915,-6.8883,-1.9546,-9.2714,-8.045,-3.4587,3.3136,7.7207,1.8086,-5.6116,-7.2813,-1.0221,9.8216,7.3901,2.6071,-1.5454,-6.925,4.9524,-1.8938,-0.3677,7.0521,2.2117,-7.8532,-2.3442,3.619,-5.1995,-1.6096,-8.1589,-6.6092,-8.9392,9.3303,0.9501,7.5123,6.5297,8.4434,-6.3595,-1.3342,7.1099,-7.0779,-9.3318,-4.0873,-6.9804,-1.8864,7.3432,-9.9524,-1.23,-0.8264,-3.321,-7.1145,1.2349,-6.6834,-5.6256,-7.6748,-2.7593,-7.6146,0.8206,9.4401,-8.1591,-5.1484,1.6597,-1.4311,8.1715,-0.8108,6.541,-5.5902,-7.954,-5.0144,9.4068,2.3045,7.2832,7.6658,9.8694,1.8501,-0.5351,-8.6399,-1.9592,-7.5025,-6.5616,5.2438,4.0065,9.6265,6.0184,-0.4439,-8.6799,7.4321,-2.737,1.948,4.6871,3.5572,-6.3801,-5.8381,-4.8108,-0.2827,-3.7934,-4.2702,-9.1261,8.1084,1.245,-8.1632,-0.2838,-0.1652,-3.6242,-1.7488,3.4021,5.7714,0.9317,6.5267,-0.0198,4.1987,7.2694,-9.0282,-6.8302,9.6234,-1.9569,-1.5071,-5.9416,-2.2745,-8.8422,-2.929,2.7639,2.855,9.4072,-9.5403,-0.3234,6.5799,-4.6938,-6.6949,5.3841,9.2942,8.5476,1.9821,-7.3277,-0.2071,2.0827,-8.1919,1.0019,-5.5885,-7.132,5.4174,5.214,-8.8388,1.9231,7.2147,3.3868,-9.1726,2.877,2.3173,-5.7389,-3.084,5.0661,7.8234,-1.2051,-9.258,2.9734,-1.5517,-8.8899
-7.5095,6.2675,6.1691,-7.5203,-7.8468,-3.7966,-4.7112,5.2479,-2.2747,-0.3838,-5.6823,9.0677,2.8859,8.0052,0.6596,0.8698,-5.2021,-0.4201,0.4921,-6.7113,5.389,6.3733,1.189,-0.4448,-4.8912,7.6184,2.165,2.3815,-5.7339,9.0333,7.5162,9.991,2.9093,-8.0752,-3.6329,-6.8597,7.7037,7.5741,8.9312,-5.5801,-1.2844,7.088,-7.0182,9.4203,-8.4884,7.0381,-6.824,-1.9481,8.0417,-4.2864,-2.0316,8.4114,-4.0742,6.986,1.8086,-4.6173,-9.0722,3.0567,8.3214,6.1111,4.4733,3.6638,-5.3912,-5.3596,9.211,-0.7576,-2.8455,8.511,-1.0098,-9.1906,6.2066,0.0744,-5.7701,-4.1916,2.4711,-1.7021,-5.6121,2.0799,7.1778,-7.6468,1.1057,-8.9323,-8.1265,4.8388,-6.317,3.2896,4.0216,-3.1201,1.7005,5.329,4.3878,-9.356,-2.48,6.8077,8.5661,4.9953,0.8289,-5.0046,-2.7629,6.1675,-1.9218,-6.0405,-4.9709,7.9369,3.6631,-2.1098,6.4598,0.3501,-7.1746,9.1112,2.355,3.9137,3.8475,9.5175,2.216,-9.2681,9.222,4.8069,2.3521,-3.7448,9.0893,-6.3304,-3.6716,9.2731,2.0983,4.1524,-8.9295,-6.4683,7.7016,2.8399,-9.4482,7.8997,-8.569,9.877,-1.9655,8.4677,2.9798,6.0129,5.8748,-7.5661,0.8136,-9.4606,-1.6094,-5.7287,-2.4225,0.7339,3.0148,3.7532,-9.8874,7.1627,2.9425,-3.3097,-3.9455,-7.836,-0.9034,1.0317,2.1417,5.8716,3.0641,-7.6695,-2.5542,-4.5651,-0.2284,1.4316,-0.9155,9.0559,-6.0714,-4.7174,-3.7165,-5.221,-3.285,9.079,3.1601,-8.6754,8.6567,4.0324,-8.6337,-3.7192,-8.3725,-5.6904,2.7678,1.0428,-5.2137,6.7036,2.865,6.0642,-2.4884,2.2482,-6.3626,1.0705,-6.9502,3.2553,6.9944,6.2759,3.3027,9.2053,1.9267,-5.53,7.0932,-6.5897
8.0506,4.8965,-8.2592,4.4296,-5.5737,5.4262,7.3063,7.4403,-1.9809,-6.542,-1.0376,1.8838,-0.2116,-5.8247,6.5449,5.7678,7.3264,-2.7611,2.9425,9.3576,-1.4194,8.7113,-0.0537,-2.9009,5.7917,9.8105,-1.8693,-9.7494,-0.4879,2.8277,5.1429,-2.5333,-1.5944,-4.4866,-1.709,5.8805,-3.3031,-8.0758,-4.1518,-6.8694,7.8448,1.7869,5.2538,-4.8095,-6.4946,-0.1723,-3.2655,5.9487,4.5161,-7.4002,-8.5928,9.8349,-9.9522,7.9407,2.0992,-8.0556,9.5211,-5.5894,-7.6241,-6.7877,-7.3892,6.3915,8.7254,2.5563,3.127,-9.8786,8.3877,0.0419,4.3637,1.0336,3.2322,5.7606,-5.5403,-4.5414,7.2893,-3.0689,3.4744,0.371,-6.5927,4.2147,5.8382,9.9944,2.4125,8.2327,3.3741,9.8207,-8.4718,-1.2238,-4.756,8.7445,-0.1211,-0.5436,-8.7763,7.0611,-8.2363,-8.6912,-8.8043,-9.9888,-5.5754,8.5116,2.5921,-0.5921,-1.7088,-0.4336,-0.3611,-2.5258,-9.9055,-7.7547,3.1998,9.6589,-5.5683,3.6886,-1.3953,-6.8166,-5.5013,-4.1218,-9.6815,-5.692,-0.3951,7.4012,2.1168,-6.6933,8.903,-3.9968,9.9486,2.4528,-2.2893,9.6265,8.7385,-4.4365,5.2606,2.28,-7.1344,9.4802,-9.6176,-8.3604,-6.2534,7.3213,-9.96,1.3923,1.708,5.4739,7.8681,-3.2572,3.4155,4.6,8.6798,-3.3089,9.512,2.9945,-8.0423,5.7378,5.6793,3.0871,9.0047,7.7669,0.9462,5.2869,6.9385,0.1188,-4.4538,6.0064,9.1963,0.1945,8.9516,8.9864,-1.4447,-7.1525,-5.4381,-8.6206,2.5914,6.7602,3.489,-0.0722,2.6851,3.9203,-3.7401,-8.8049,-3.025,-3.36,3.9117,-0.5504,-1.682,4.8265,-8.8149,-8.5179,-2.1069,5.8645,-7.6168,-6.4267,7.0018,8.9249,7.4528,-2.7598,-8.4457,3.3973,-4.0553,-5.0432,-9.5098,-8.2045
7.6891,-0.3831,1.5709,1.3921,-3.172,-3.3602,-9.3852,-8.2281,5.1538,-4.8051,4.2655,8.9931,-9.0111,2.5077,-0.5884,-0.2079,8.6134,5.7548,6.6035,-3.2722,-6.8132,-8.2519,-5.6182,6.2071,-9.1538,-0.0637,-7.7111,-1.1239,-0.7962,-9.2837,-2.7111,-3.1432,4.2133,5.4746,7.9267,-0.3179,-6.5426,0.7858,-2.695,-3.0664,7.6092,-9.1428,7.5806,-1.2659,3.684,-0.4432,-2.0341,9.9648,-5.454,3.3574,2.0109,5.1767,-7.8201,-0.7849,9.3423,-2.6264,-8.4391,-7.411,-6.0757,-3.8706,1.6803,3.1279,-1.7252,1.3923,0.5004,-4.6407,3.7372,-3.7846,5.8379,-3.2668,-8.7222,-7.4997,3.3901,-1.5451,-6.799,-5.279,-1.6373,1.4915,-6.6724,0.6344,-4.8022,0.0749,0.0791,-9.8733,3.1863,-4.2786,-4.087,4.1156,-4.5205,5.0928,7.8724,2.3631,3.3835,-2.7101,-0.8572,4.1411,-6.387,-2.5769,-7.2137,0.4545,-0.1419,-8.7303,6.6792,8.3601,4.4047,2.6637,4.0099,6.8934,-7.0396,1.5629,-2.2202,6.0634,-4.8351,-4.4851,4.0815,6.3088,-0.698,2.1289,-4.1142,-4.9826,8.8949,-4.1067,1.2474,0.8481,9.1533,-8.5811,9.1649,1.0872,5.6005,1.7235,4.794,-9.8895,-2.9462,-5.3225,-3.1275,-2.0184,9.1366,-7.2483,0.3386,9.4352,6.5892,7.2055,5.0565,7.7492,9.6318,1.5243,2.7145,-8.8363,9.3696,-3.9661,8.9376,2.2155,-1.2038,5.6376,6.872,-0.6762,-9.9288,-7.1163,9.0884,-5.2136,5.5001,0.9529,1.3074,0.7815,2.764,6.992,5.177,-0.9619,-1.7179,-7.2218,-1.6166,3.08,-6.2782,8.2872,1.5013,-3.3649,-1.8056,7.395,1.9944,4.6979,8.5395,-3.5655,5.0166,0.544,3.2777,5.7403,7.7328,1.8494,-3.0505,4.2148,3.4651,9.4743,-4.8683,-7.5813,-9.621,-0.2653,7.5445,9.9201,0.6965,0.15
5.2841,7.3869,-4.7258,5.7464,6.5272,-4.0692,-3.9037,-4.6602,-1.0543,8.0081,-3.0501,0.8513,-5.3171,8.8612,-4.5842,7.9081,2.3112,7.1984,0.1878,5.7256,-5.7962,-1.154,-2.2154,8.8872,-2.2156,4.0082,-7.7522,6.3027,5.9143,-9.1588,9.6687,-5.7166,-3.1166,-9.1995,9.376,1.9702,-0.2,-5.0772,9.1661,8.6875,-1.8372,9.0662,0.5729,1.9453,3.2665,-1.2385,-4.38,7.9556,-3.7222,-7.8056,6.9224,4.7857,4.6648,-3.0997,3.6789,-5.0747,-7.348,-6.5297,-8.8469,1.9278,-2.7151,-2.8822,4.3483,5.4615,5.6355,0.9823,-6.4224,2.8738,3.2515,-8.0242,-7.5828,9.2017,1.8564,2.5985,0.3143,7.0763,-5.7005,-8.6983,1.9915,-7.6157,2.739,-5.7027,7.9264,4.1549,6.5295,-5.2881,1.7449,-7.1502,3.9678,3.1647,1.0702,-2.5166,2.4027,8.2511,-0.398,4.5732,-0.3943,-8.6643,-8.1652,-9.2194,8.8418,-3.1998,-3.9809,-1.7645,2.453,1.8803,-1.5775,9.5801,-1.408,-3.2468,-3.595,3.084,-0.423,5.1594,3.6579,-7.9757,7.9351,-0.9671,-5.4744,7.9671,6.0531,6.6746,3.5623,3.0734,5.4146,7.1931,3.9084,2.9789,-5.213,-9.9449,8.7749,0.4731,-1.5339,1.1468,9.1294,-5.1417,-8.1119,-4.0599,0.8262,1.1387,-8.0578,6.8708,6.0529,7.9415,-5.7473,5.4035,9.4397,3.4091,-0.4822,0.7198,-7.4127,-5.812,-7.5951,1.7678,-1.3228,6.6536,-6.9832,3.2917,2.5668,9.8029,-0.4127,9.9921,-3.7736,4.5344,0.409,-9.6143,-9.4434,-3.1797,2.57,-2.0874,-8.7932,-4.4454,1.4258,-8.0581,-8.0347,5.5798,-4.9956,7.0328,-9.1327,3.276,-3.138,-1.9205,5.4185,-1.3786,-9.6367,-2.2624,-7.9849,5.1913,8.6169,8.4755,8.5494,-0.2856,-8.7215,2.9142,-0.9573,-8.1929,0.2391,-2.7566,1.3466,-8.7676
-2.5424,-6.9355,3.6338,-8.2125,0.6298,-3.1157,-2.613,5.7672,-6.9928,-2.9306,-2.1811,-9.3337,-1.4556,-1.9388,8.6538,7.3827,-9.7399,-6.9155,1.4093,-9.28,6.0854,-7.2216,-9.7107,8.59,-3.6865,5.8144,2.4615,8.3214,-7.3192,-8.819,6.3068,2.425,-9.2783,4.1161,-9.0913,-3.7139,7.403,7.106,-9.6126,8.7635,-9.7806,7.1864,-3.3189,2.8873,-5.3457,-4.2752,6.8449,0.2868,5.7809,4.5455,-4.547,1.0495,-9.8876,-2.5464,1.6722,-9.169,9.9522,6.5737,-3.5485,4.0939,-8.5124,-9.9536,8.255,2.7017,1.4059,3.1281,-2.409,9.526,-2.7531,-0.205,2.6343,6.9484,-5.2885,-1.573,0.6095,8.129,4.0318,-6.5084,-9.4366,-7.2951,1.6893,-4.8293,-3.0191,0.1467,-6.5329,5.6418,4.2985,-1.7248,-3.13,-5.1335,-3.6101,5.7413,-5.3643,-6.1804,-5.48,-1.0256,9.3248,-1.2061,-1.1875,2.1192,-6.3613,0.8047,-1.4033,-7.6688,-3.3403,3.9668,3.4744,-6.7252,5.4359,4.2651,-3.4601,-8.2929,-9.2869,-8.4765,-3.4427,-3.0283,-1.1635,-0.5029,-5.3479,-1.6682,3.5015,-4.5862,-4.0459,2.1213,0.4924,-7.2162,-3.8067,-6.7936,-3.3458,-4.4185,4.0909,-9.5963,3.8921,4.1605,6.3097,0.3297,4.5886,-0.5677,-5.8517,6.1512,-5.3197,-8.0444,7.9367,-5.3769,-4.813,-1.0253,-2.2305,-4.9424,0.5985,-9.5513,9.5591,-8.0144,4.7546,8.423,8.9063,1.8673,-3.9176,-0.3373,-2.523,4.0989,5.4752,-5.0762,-2.4438,7.8577,9.2533,-1.8877,-6.596,0.9183,5.2151,-7.9384,0.8485,8.7255,-1.9282,4.2121,2.5091,8.4751,-9.4069,6.7817,7.1346,-7.7609,5.2466,2.342,-6.4278,-5.942,3.1011,8.5213,-4.5604,0.4849,-3.3848,-1.717,-8.7275,6.7788,6.932,-0.5364,3.2889,3.0141,-1.0102,-3.314,-4.1747,4.7241
-1.1013,4.1386,6.4383,-6.153,2.0689,-3.2632,0.8395,0.8509,-9.8707,1.0325,-2.4108,-2.865,-6.1242,3.1777,-2.7067,6.9256,8.9267,9.7592,-6.8767,4.4162,7.5644,-7.7689,-8.3165,6.7551,-1.6565,9.3889,-4.9819,5.256,4.0419,6.4244,-1.6994,8.5281,-8.3353,-9.7223,5.6149,-3.825,6.7171,-0.4308,-2.6798,-9.505,-4.3814,3.7585,-4.501,3.2004,-1.5691,5.7467,4.2775,1.2422,-3.6797,-3.4097,3.0733,-8.63,-4.1594,9.6991,8.6531,8.5232,-8.4758,9.7812,-3.3179,6.0942,1.9512,-2.2957,-6.4156,-3.6499,-0.6618,2.4403,0.5654,-4.4937,6.5391,-3.1267,-5.5114,9.9054,1.2934,1.8241,-1.2462,6.0793,-5.1405,-6.4246,9.7692,8.7673,-1.3803,-4.7778,-0.2301,-9.2958,-3.073,5.6799,-9.1506,-7.447,4.807,-2.864,3.2468,-8.352,-9.6914,-5.8155,2.9513,9.2718,-7.0883,-7.5215,4.4534,2.0394,-8.2781,-7.994,1.2657,6.2579,3.1522,-4.799,1.7283,1.5269,-7.8527,0.8451,2.6917,-2.061,3.8896,4.1878,9.6816,-6.6578,4.5935,-5.4542,5.871,-2.0549,-4.4493,-7.1491,-2.7928,-8.0958,6.8694,4.7936,-2.6215,-6.7752,1.6336,-8.8693,7.4205,-8.3258,-1.9527,6.2977,-7.7141,1.3829,-4.0917,-2.0956,-5.5616,3.0767,3.5407,3.9381,-0.7028,3.6019,-5.8578,-2.7307,5.8611,-2.5974,8.1818,-4.3456,0.7645,2.2916,1.7297,4.1505,5.0377,-7.9824,3.9091,6.0872,-7.3351,6.8497,8.8923,-0.0144,-9.9894,5.59,-5.7581,-2.5078,-5.5627,2.4109,4.5337,-2.5587,-5.9688,-0.1363,2.3821,-4.3286,-3.2529,2.5735,3.7764,1.5168,1.6236,-8.8782,-0.7656,5.4353,-4.5837,-7.8259,-4.9257,6.4788,0.2707,0.6918,6.7675,8.4691,2.0591,9.0087,3.9357,5.6127,-9.5109,-0.6591,1.7998,4.8039,-6.0947,9.6449
2.6874,5.436,9.1172,-5.6621,-2.3127,8.3785,6.9156,9.2377,-7.3017,5.9296,-1.7929,8.3599,6.8738,-6.0553,-4.687,5.6515,-5.5441,6.0041,6.6304,-5.7367,-1.9192,3.6682,-5.123,-0.123,-2.4744,-1.8461,3.995,-7.0295,-6.0388,-2.9423,6.3937,3.6351,-0.1881,1.35,-7.1605,4.1789,-1.9082,6.1812,-5.0351,6.5007,-4.9165,2.6117,-7.7525,7.7231,0.1761,-9.1345,-4.9756,-5.7299,-8.8037,0.1404,0.3798,4.0107,3.343,1.2461,-2.2286,0.1229,-8.962,-2.6549,-8.0068,5.6281,9.9056,-8.5796,4.5473,-6.4468,1.9254,-3.7486,-3.6928,2.0909,2.5318,3.0697,-9.5439,-0.4165,5.4746,-7.2828,0.304,8.2641,4.6503,2.2442,7.3958,5.8484,5.4013,-6.2676,-7.6954,1.3807,-9.2297,-9.6801,8.7045,4.9577,-1.0066,-0.4787,2.4062,4.8556,4.6743,6.6852,3.0487,-4.9163,0.7391,7.4302,-0.7943,-2.4415,8.1147,-9.2,-8.1533,-8.5961,4.2121,9.1257,-8.0482,2.0591,0.2974,0.0178,-2.2806,-1.0607,2.2672,-7.7875,-1.8198,-7.1704,7.6139,4.6087,-5.8094,-9.9018,-0.8582,-8.9296,-9.7824,-9.0105,-3.1895,7.2181,1.3452,-8.0113,-0.5063,-2.5107,3.0998,5.592,1.8215,-7.8287,4.3639,4.8179,8.3179,1.1967,-4.7972,2.8971,-6.5532,-6.2599,7.3684,9.7213,-2.9193,-6.8676,5.5771,-7.9044,-7.1725,-3.7373,7.6917,-3.2848,1.3677,4.4532,6.0271,7.8383,-3.2605,3.7132,3.6359,-2.7255,3.3138,-5.9606,-5.3699,-0.93,-8.1914,4.9142,5.6563,-8.6948,7.6604,-8.0453,6.7548,-2.9159,-6.853,8.9084,0.3252,-7.293,1.0287,-2.6213,0.8979,0.8402,-9.3418,-7.4893,-7.0911,8.6147,-9.0168,-0.0379,2.4903,-4.302,0.2098,3.317,6.5181,-4.8743,4.1904,9.6803,-8.3553,6.0287,6.1964,-3.696,5.6655,-8.6901
-8.1002,5.0763,-2.1941,3.0927,-1.2225,-5.2959,8.0947,-0.6567,-0.4816,9.0805,3.1534,-9.2715,-5.2986,-2.9123,-0.7853,5.6285,0.0208,-6.2984,7.3882,-9.0642,-5.6233,7.1743,5.8446,-8.5516,-7.5152,-6.7774,2.4782,-8.1911,-1.2762,4.436,6.7101,3.1229,-3.8118,1.3213,8.696,4.7705,7.9019,1.0331,-5.7252,7.1998,-5.8191,9.3579,5.5582,6.8885,4.0302,5.2327,-0.6897,-2.8071,8.533,7.5666,8.8522,-0.8667,4.063,2.6584,0.8254,2.3257,2.2774,-3.5672,8.7793,1.9211,-4.9022,-3.3114,2.7977,-8.9132,-3.8031,-7.7816,8.455,6.332,3.3554,3.9912,-1.0885,-5.581,0.6942,-1.9294,2.5808,5.2484,3.5131,-9.2238,5.5456,2.8044,-3.9954,-7.1127,8.7818,-2.2074,6.5697,-2.8828,-1.5926,6.4407,-4.2335,-7.2113,4.7089,-0.8823,-9.3781,-1.9703,0.8921,4.2141,9.9928,5.271,-9.6471,8.9564,-7.7809,0.3829,3.3867,4.3414,1.6506,-8.9217,-7.5139,3.6336,-7.3169,-9.1006,-1.9075,8.55,6.2171,-9.6797,-9.7363,2.0884,-1.2234,-7.0859,2.6102,4.8635,-3.6482,-6.8537,-1.1356,-4.3633,1.7487,-4.3289,-1.1556,1.7248,-5.1723,-7.2407,-8.3455,3.0773,7.033,-9.1629,-2.0179,-4.3502,8.5743,-0.6157,-9.2678,5.5178,-2.7219,8.4699,-3.9393,9.7745,3.6404,0.1898,-5.7005,4.8311,-0.5169,5.4302,-8.1307,7.1566,2.7615,9.7844,9.1801,5.5668,0.7831,-2.2435,5.4167,6.1284,6.5088,0.0908,8.0067,-0.3023,7.3012,-8.9003,-8.8789,4.492,0.3963,5.6777,-0.1842,-1.8866,-3.869,5.6872,-6.7702,1.2604,-8.8962,3.4041,6.9165,-6.3696,0.5014,5.1051,3.7377,-3.0294,8.9757,9.7631,2.8489,-7.2032,7.4568,8.8902,4.0779,1.525,1.6963,0.1067,-4.3934,-1.3644,9.1221,-9.7742,6.9874,1.6171
3.5153,0.0628,1.495,-9.1697,1.9324,0.5637,2.0372,-8.308,8.2942,8.5262,9.9646,-6.3219,-7.5615,9.8263,8.2254,9.0961,0.2492,-7.7734,2.2731,7.9647,6.3853,-0.8202,-1.7813,3.1852,-3.687,-7.7619,0.1457,-0.1178,1.3935,-2.6081,1.9448,6.6556,-7.6966,-3.8493,-9.9069,0.3505,-2.7557,-3.9464,-1.8936,2.0381,-5.7265,-9.782,-4.9272,0.8799,-6.3337,0.643,-3.7814,-0.8744,9.1569,1.0104,-6.2281,3.6892,9.9869,7.2891,9.5329,-3.5174,-1.621,2.0406,9.0684,1.4568,-6.8549,-1.8313,7.4547,-5.9664,-8.6948,-5.7234,4.761,1.4347,-6.7792,0.5831,-6.844,0.1459,7.251,-6.7263,-7.6297,-9.9563,2.7284,-6.803,-2.8788,7.9129,-7.4637,-6.2167,3.094,-3.6567,-2.2413,-6.9328,3.182,3.1843,2.9674,6.4572,6.1157,-5.936,-1.8155,-5.6275,-4.5119,-1.3692,-9.1784,-8.3367,-8.6816,4.4814,8.1152,-3.206,-7.5765,-1.6976,-7.4416,6.6841,-7.6975,9.4307,-0.7653,2.8155,4.3105,8.0224,4.6286,-1.157,9.6703,2.474,-3.4748,7.4597,0.2638,8.9187,-6.77,-8.2414,-2.947,-8.586,8.4187,8.1179,-1.5241,-8.0614,-1.4668,5.7878,-3.9625,-8.7483,6.1263,-1.7832,1.5668,5.4697,-5.4242,-5.924,-5.9492,4.7392,-3.7704,8.0666,8.6638,-3.8866,-2.3477,8.2897,7.3259,1.8935,6.546,-9.3319,9.7728,-3.1441,1.1674,5.6007,-8.6634,5.8555,8.7237,6.18,-3.2863,-7.1304,-7.4513,-4.2924,-1.4321,3.688,-3.8252,6.8984,-5.2396,-3.8501,-5.7858,-7.9146,8.774,-3.3837,-6.1681,-3.3553,3.4251,-6.2561,3.0523,-4.2678,-3.1705,7.1283,3.3477,-0.7137,9.8618,5.2267,6.5017,-4.3024,1.5434,8.3526,-9.7609,-5.3928,-9.8741,-5.8718,-9.6747,4.9334,5.6038,-3.1665,-0.0839,1.0178,7.2839,6.6164
0.086,8.3074,-9.6555,-6.771,5.9762,2.5058,8.2669,-9.2406,-6.3536,-1.5076,-2.0197,2.2554,-6.0467,1.0468,6.0844,3.4019,-1.6055,3.6067,-5.9697,-3.5943,-7.9217,8.6051,-9.2876,9.9135,3.5529,-1.4246,4.9198,0.3694,-4.5242,8.4144,6.0154,7.5671,5.694,5.4882,-3.3992,1.6166,-4.0339,3.935,-2.6964,2.9491,-8.96,5.0083,0.7761,4.9984,-1.4681,5.4678,-1.0713,-7.8629,4.5419,7.7202,1.1399,-6.8152,6.1829,-9.3878,-0.5238,0.1595,5.8354,-0.3245,7.5032,-8.1674,-7.0697,-7.9915,-7.0444,-1.7226,-1.4833,-8.6096,9.5639,9.5043,6.3968,9.459,-0.501,7.8025,-1.0829,-2.3432,-5.6974,4.1349,5.3021,4.1847,2.4401,-7.1742,2.9569,-5.7638,-7.9362,7.9922,6.1403,-6.8288,4.7581,-9.447,-8.3311,2.3741,3.3165,9.7641,-9.1806,-9.9477,5.3846,8.1736,-9.48,-7.0831,9.7239,9.1019,-4.5339,4.0633,-9.9859,9.1516,-8.2299,-9.0875,-5.3614,3.9548,0.0212,-0.0919,-9.9956,6.3457,-8.0251,9.4887,5.1856,-7.5002,0.9251,-8.3684,8.7002,-3.4279,-1.8522,-8.73,-0.4275,2.3714,5.7082,8.347,-8.9497,7.5295,-0.0922,-6.4229,8.4394,-9.0307,9.2973,-2.8667,-9.581,9.6095,-8.5049,1.6375,8.6353,-6.6695,6.6549,-0.6081,6.1538,7.5545,6.6438,-6.83,4.5753,-0.0307,-7.1187,-1.924,-9.0809,0.342,7.8353,-2.5975,-2.6662,-8.5405,8.6619,-0.4734,0.997,8.0896,7.1127,6.6437,9.3255,3.506,-4.9346,-5.5545,-3.5893,4.2211,-5.9292,2.0128,-1.8793,-4.6752,7.4887,4.6344,3.6978,-9.4689,-3.4958,5.7112,-5.1628,-8.6879,7.7346,7.1372,-8.7632,3.1602,-0.8639,6.6573,0.2248,1.4826,3.6204,-3.7781,0.9362,9.0148,9.7207,-1.8151,9.2032,-6.3199,-0.8612,-5.0209,3.4919,-5.2663
6.1592,-3.433,-9.6811,1.1659,-3.3245,-5.4936,6.8888,1.4385,2.1447,0.5894,-4.4501,-9.2335,-8.1508,-3.514,0.7131,-1.6967,3.4615,6.7574,5.8707,-9.577,7.1685,4.6991,-6.4808,-0.8512,1.1751,5.0465,-7.3215,-1.6248,-0.1243,8.4226,6.7166,-5.8442,-0.0243,2.1007,8.4556,2.3212,-4.794,7.4043,2.6784,-2.4418,1.0532,1.8437,5.6939,-5.0193,-5.6589,-5.871,9.8863,-7.1544,-9.5374,-8.0683,9.7675,3.4325,-5.5499,7.0887,-8.848,-2.1628,1.4558,-5.5338,3.1422,-9.319,4.11,0.5026,-7.8862,4.5146,1.673,5.2555,5.8739,-2.6698,-5.7729,9.0248,7.4689,2.4713,-8.7806,-4.7874,-0.5647,7.6877,-6.2837,-4.9104,-7.4033,1.9047,-8.187,-2.6777,-8.1823,0.3723,6.6936,0.9894,9.0426,-8.8512,-3.4821,6.2706,-5.9922,-2.3783,-4.848,6.9907,-8.3067,4.0443,-7.8491,7.861,1.7922,6.0548,8.9006,9.6628,1.1473,9.9711,-3.0899,-4.8554,-9.3513,5.6266,0.4646,-1.1806,-0.5389,2.4982,-8.5484,8.2222,-1.9096,7.5833,-3.7826,-4.1309,0.2319,-7.0929,6.0245,-4.4116,-6.6687,-3.84,5.3113,6.1525,-8.147,5.4745,-4.9463,3.1922,9.6506,-6.3735,-2.3482,8.9058,-8.2884,-1.4089,0.1998,3.61,6.3449,-7.0863,3.8464,6.9155,3.6536,2.5531,-7.947,-0.7341,0.1072,-6.8889,-1.7821,1.486,0.6521,-5.918,4.8937,4.3585,2.4048,-8.0318,-8.6746,6.0337,6.6103,-3.8353,-6.3713,4.8364,-3.2238,-7.8424,2.8951,8.1447,3.9972,-5.7717,-5.0146,7.2127,9.1616,2.2571,4.3305,-3.4456,-4.0855,-6.9463,-7.4195,2.7669,5.51,-4.8792,1.33,-8.5315,6.1199,-4.258,5.6983,7.9418,-3.4505,-0.6567,-6.2628,-7.789,-4.7142,1.9769,-8.1112,1.8158,4.0005,-2.703,5.6449,-9.7843,5.4317,-4.0966
4.6095,-2.8265,-7.6836,-4.7633,-7.1773,-0.4786,-2.0084,5.4368,3.2635,-4.3771,7.3767,1.2656,-1.8561,4.8054,9.7465,9.9392,-6.9341,1.3692,8.4579,-1.1609,-5.457,2.3594,0.1509,-6.3986,-9.22,3.7607,-0.8389,-3.2304,5.0893,-6.221,5.0384,2.4179,2.5712,4.7025,2.5674,7.0272,-2.0342,-9.9422,-8.1915,-0.0138,3.2499,2.9168,-5.0112,8.0951,-2.6487,6.701,-8.5887,-2.033,6.0845,-8.5484,-9.6569,2.2674,-7.8696,-7.9898,9.1913,6.8745,-0.2793,3.7022,1.3659,-1.7914,0.0544,8.9155,6.799,-9.8672,9.7383,4.9307,-7.878,-5.4267,1.9743,6.4042,-4.7643,3.5821,-6.7062,8.1164,-8.1852,-2.2176,9.9578,1.1897,-8.4012,-0.9673,-1.9116,4.0618,-1.2119,8.0129,-8.2294,-2.9318,-1.753,6.3724,-6.7368,-2.8344,-8.1363,0.2686,-7.5525,-0.6512,1.181,3.1128,2.2572,-9.3568,-8.0035,-3.0752,3.2389,4.5946,-7.2561,3.2076,-5.3022,-9.0155,9.6586,2.2415,8.6757,-1.2975,-5.8205,4.0804,3.1118,-0.2692,-0.3488,1.2436,-0.813,7.4187,4.2556,-1.5294,-2.885,-0.2259,1.3145,-8.9456,0.2428,3.1368,8.9075,0.2725,-2.5681,8.5942,8.1399,-4.3625,-8.378,-2.6693,-5.2845,-9.7434,6.8154,2.7422,2.1739,-3.0254,-5.0129,5.3131,3.0681,6.8993,-7.2147,0.991,-9.7584,-4.6991,-7.3282,-9.1621,6.0025,-4.34,9.4072,1.8411,0.6273,6.2801,0.1434,-9.7689,7.1876,-0.759,-0.5886,-4.9738,0.5342,3.4343,3.2148,-4.6379,5.7195,-0.1991,-5.6801,-2.2678,-2.4095,-3.6945,-3.3121,2.3127,1.0746,-2.7384,9.5268,-1.5154,4.7279,-9.802,-6.1787,1.1528,1.6675,-8.3101,6.9799,5.5906,-0.1495,-2.4803,2.4732,7.669,1.8938,-1.7754,9.5042,-4.397,5.6372,-9.6986,2.6969,-6.1624,6.6701,1.0679
6.9779,-0.1776,-0.4264,0.2602,-7.7501,-3.6434,-8.4434,-6.5059,0.5572,-4.6068,-8.4608,-2.8419,-5.3004,4.5705,3.7514,4.7348,9.2787,5.9634,8.065,3.221,4.3531,-1.2593,0.0842,9.4351,-9.7955,2.2425,8.0562,-5.6785,-4.5039,0.2966,5.5177,1.6848,1.6172,-7.0444,-6.2657,4.0538,-5.9865,-2.7718,-2.7765,-6.5291,7.4881,5.915,-5.2197,-7.8696,8.8845,9.1684,-9.8051,-4.8493,-3.5945,0.6025,9.3462,-6.4967,4.1566,2.7741,-0.9008,-2.0993,4.8463,9.4071,-8.108,6.4554,0.2234,-9.593,6.5108,-4.8479,1.7768,-6.2936,-7.1525,9.2084,0.8626,4.08,4.668,8.3339,4.6038,5.3409,3.0895,8.9061,9.4465,-1.3063,5.0755,0.8916,-5.4559,8.381,7.0038,-8.2115,-3.7571,-6.8213,-9.8373,2.0485,-1.2961,-3.1747,-5.9819,2.8204,-1.2766,6.2206,-2.7489,-3.0281,4.5771,6.5394,5.8795,-5.4001,-2.4552,3.2434,5.1889,-1.1177,-1.8043,-7.5673,9.5784,-1.4689,-2.7846,2.8057,2.9463,-8.0582,2.7368,1.4853,2.2435,-4.1577,-2.4583,-8.3601,8.2864,0.3326,-1.7342,3.4595,-4.3602,-7.7905,-7.0918,6.276,6.5158,5.3954,3.7964,1.3106,8.4565,-4.108,-5.1926,-4.1471,6.4979,-7.4266,8.9491,1.1734,-6.6389,0.449,5.1321,-3.6297,1.0868,8.3579,-8.7465,0.483,6.1927,6.5281,-5.7918,6.108,-2.6262,-2.2805,-5.6346,7.8959,-3.3216,2.5983,-5.1125,8.6894,1.9803,-6.8904,8.1815,6.7179,8.6458,1.1335,3.2387,-0.5692,-0.3846,3.019,4.7956,9.6587,8.6227,7.9081,8.543,3.644,-2.3255,-6.1018,-4.2104,9.1245,-1.1208,7.2825,-1.3316,-9.5619,-6.0481,-9.4939,-0.4975,-4.6953,-7.5976,-6.4594,6.7588,-6.6379,-1.6956,2.0188,-7.8033,6.3138,-3.2508,-3.9478,8.9378,-7.6734,-4.2635,-0.603
-9.6642,-3.0,8.9855,4.1265,6.7394,5.1067,-9.9357,-0.4867,-5.4357,-1.0762,-5.3432,4.5742,-1.0818,9.9371,-0.9713,3.5827,9.2858,-4.6893,-7.4181,8.3292,-5.0044,-7.739,-9.957,-1.9496,-2.6629,4.9762,-2.5256,-5.0798,8.663,0.1939,-3.3152,-2.1229,2.2588,4.793,-5.5597,2.0189,-5.8551,-8.4086,4.7662,-2.4206,-1.8518,-3.0789,-6.0321,-8.9258,-8.1764,0.0912,-2.4439,8.4805,9.6716,-0.1492,1.7887,-8.5991,-0.8025,6.3545,2.3303,-4.0278,4.48,-9.376,2.9675,-4.1755,2.977,-9.4974,6.0946,-2.5867,-6.6954,-9.4116,8.9475,2.4032,-0.5065,3.776,3.2125,-3.8257,-4.9736,-5.0114,-1.026,-8.2289,-9.7577,4.8503,-6.5889,9.8285,5.7227,-8.898,-2.6275,-9.8325,-8.837,-3.3682,-3.8447,0.7736,7.867,-6.2346,-6.4927,6.1523,9.0206,7.6136,-7.1605,2.8767,9.59,-5.9526,-8.9965,7.5591,8.8262,-0.2894,-8.7571,-2.7831,3.1545,9.9418,-0.3607,1.9245,6.4316,-1.4188,-1.6707,-6.53,3.3939,1.7331,-1.9439,-8.1216,1.568,4.5856,-0.2872,7.6911,-0.3418,-2.9228,5.4701,7.4753,3.5419,-3.2056,-8.2483,-9.5334,7.0641,-7.5021,9.3969,-2.3092,-0.3919,7.4623,-3.5911,-7.8816,-8.9246,8.3396,-9.5944,-1.8847,-7.1146,-4.2132,5.806,-0.5882,7.1522,2.3466,-8.2475,-3.0811,-5.8817,0.1395,-6.7541,0.3973,-0.9348,-0.6457,-9.1361,4.3376,-9.2249,-2.7641,7.9343,-2.2001,7.2257,7.6201,6.7799,-1.8987,-0.0158,8.5729,-9.0251,-2.1629,7.5681,-7.2866,-4.1292,-7.1695,-0.1964,3.4214,-5.271,1.4105,-4.7643,3.4994,4.0367,5.3816,8.6236,1.2035,-9.3807,-8.5312,6.2132,-1.5265,-8.2506,-9.3053,-5.5583,-6.3298,6.1883,6.3544,4.4386,7.7303,-0.0904,5.1596,5.5856,7.9699,-9.8408,7.9755
9.3498,-2.0552,-6.4304,-7.2916,9.7417,-2.5214,-8.7913,1.8188,7.2155,-3.0353,-0.5182,2.2706,6.7014,-1.6565,-0.2751,3.6507,-1.0283,3.9563,-2.1676,-1.9306,3.0716,-6.303,5.6079,-6.4322,9.1595,-5.5541,3.4183,-6.6686,-1.8727,-6.3357,-6.549,0.2405,2.3477,2.1315,-7.75,6.0504,2.4671,-5.8907,-7.9494,-1.7866,-1.1395,-7.8855,-3.1964,-6.2257,-5.4871,-6.4268,-0.0962,0.5667,-2.675,-9.2731,4.014,-1.4351,6.3066,-2.3769,-3.681,5.618,1.8166,-7.9509,0.3412,-3.7625,2.913,4.3689,-8.9618,9.2564,-4.0447,1.4171,6.4719,6.2152,-9.3845,-5.7379,4.886,-5.6224,9.5285,-5.6937,-0.9387,-8.5849,-7.3594,2.3059,3.5512,-8.7707,-1.5927,-0.7324,9.8071,1.5087,-9.3467,5.999,2.7818,-8.2216,-5.2616,-5.9185,-0.4018,3.9737,-8.928,-4.8509,7.0214,9.4695,3.5112,-8.1824,-9.3079,0.1777,9.0452,-7.218,1.8533,1.4867,8.4309,4.7639,1.9416,-9.3065,3.0303,-6.0576,5.8296,-0.071,-7.1081,-6.2218,0.6591,-0.4936,0.0408,-1.9252,8.1576,-4.379,5.8409,-0.132,-2.5742,6.3912,0.2913,-3.3229,9.2748,5.8671,7.6159,3.3377,-6.7536,-2.274,-4.1912,7.6956,6.2392,-1.0997,-0.1031,2.3838,1.5392,-4.2659,5.063,-6.7136,-3.7164,4.9632,3.5963,-9.0056,-1.1834,5.3012,-4.0578,-0.6351,2.7707,-6.7818,5.5302,9.8536,5.1433,-0.281,-9.1061,-6.5665,-4.6988,6.4497,-1.3293,0.2645,-4.0367,-7.3804,6.1681,-8.7605,3.1617,-2.6647,3.6413,-7.9009,-8.0104,-1.1478,4.5716,-9.6275,8.4185,-4.0051,4.5081,5.7243,-4.2848,5.9267,-2.2311,-9.5615,6.7668,-0.9548,-7.6493,-7.1946,8.2013,-8.4904,2.8422,5.4504,-9.5602,-3.0799,-8.9232,-1.4247,1.2658,9.2264,5.3408,-1.0171,3.3719,-7.7133
-9.9471,-7.934,-6.8306,0.3304,5.5555,7.6386,-5.9133,-2.9055,-9.1185,3.4214,-0.2114,-5.7257,4.6807,-2.1143,-9.5297,7.4131,7.2344,6.1777,2.9666,-1.0298,-9.9792,1.508,4.4287,0.3101,-7.724,-9.3769,-2.0613,-5.1956,1.9448,9.2013,-1.1338,-9.9785,-9.4719,-3.6797,-4.8827,-5.4938,5.0138,4.4745,-9.458,-4.7887,3.8839,-4.6985,-0.0159,-8.0419,9.8557,5.3333,-2.2581,-9.3439,-5.5779,-1.3253,6.7031,-7.994,-9.4477,-8.963,1.5971,-0.9585,5.5702,0.3551,-0.0596,-9.6081,-8.3542,-5.2138,4.0581,-7.9345,7.3966,0.3512,-2.5246,-8.6161,-8.4186,8.114,-5.3648,-9.1761,-1.5742,0.315,-2.8504,6.4492,7.3687,9.8771,4.8982,-9.9566,-6.2474,5.6632,9.0375,-2.2452,-0.1954,0.045,7.3822,-9.9674,-6.1745,0.965,-1.6915,-9.6262,-2.1197,-2.0381,-0.0605,-5.0573,5.9834,2.2349,-3.7504,-2.7522,-5.9275,3.789,7.8807,5.4391,-4.9176,8.5897,7.3999,2.4562,-6.8213,-1.7437,-7.3237,3.9623,-3.3048,-4.0966,9.8973,-5.9538,7.1204,-9.598,8.4292,2.908,0.7805,-1.4294,5.1329,1.9925,0.2525,-9.1115,-4.3528,-9.964,6.1356,2.6405,-5.8804,-7.5081,6.314,-8.5492,4.1601,6.184,9.4758,-8.097,9.4906,-2.4905,4.7216,5.4435,-6.1161,0.978,-3.7537,-2.2196,2.4816,4.5494,-4.7181,6.6069,4.4601,0.8199,9.3877,4.646,0.2553,-2.3988,-0.5995,-4.3649,8.7141,-7.4159,-8.8593,9.3527,-5.751,-8.1448,2.3636,0.9713,-2.9697,1.86,-6.9483,-3.4946,-0.812,4.5897,-7.2807,-6.47,-6.9875,6.0401,0.6316,5.9033,-4.225,8.3407,-2.9143,5.8028,0.12,-8.0548,-5.5906,7.0366,5.8373,-1.2792,-5.1164,-7.6917,-5.6875,4.1005,-7.4155,-4.3993,-9.2889,0.4261,-0.0753,-2.5753,-5.0831,-1.1059
-6.5781,8.5046,9.1942,-2.9091,-3.647,1.4365,7.6489,-1.4499,-9.5143,-6.0582,-0.504,0.6606,3.8142,3.4715,-3.8154,-8.0105,-1.4065,-1.2396,-9.6656,-8.603,-1.3274,-2.9547,5.1583,-1.5511,-6.2653,-3.3366,-2.0794,5.5611,3.2474,8.483,6.1421,-9.1355,-0.4076,-5.9285,-6.1201,-6.0507,-5.2471,-1.3485,-4.053,-6.1614,3.7285,-8.7688,-3.7527,2.5557,-7.0193,0.0373,8.5349,-6.3888,-5.1446,7.2258,-5.9143,-6.6533,-3.321,-1.1474,-6.5026,-8.8965,-6.0784,-4.3479,9.4607,-6.8985,5.6627,-8.8431,-4.8325,1.0683,3.3985,3.4661,-5.9,-8.4306,-7.6723,-9.746,1.6673,7.488,7.462,4.253,-6.5683,-7.3548,9.361,5.8871,6.5818,7.9506,-9.748,-2.5498,-0.8896,-5.4057,-3.6583,-6.6535,-0.3242,7.9309,8.1775,5.8747,-3.9476,1.8369,3.6482,-8.9472,-0.6967,6.5392,3.7637,0.426,7.168,9.4626,5.5039,-8.1701,-0.0957,2.6211,-3.7235,-1.1379,8.9962,9.2125,9.4104,4.7259,-8.398,0.0641,3.8394,5.0863,-4.2907,3.0116,9.662,0.1934,0.097,-2.6178,9.1583,9.0644,-0.0318,8.6629,6.5603,-3.2508,-2.9581,-3.8043,2.5407,-6.9704,-0.2208,1.0891,3.5841,2.5076,-3.7947,3.7277,1.5969,4.2842,8.2561,-6.3846,-4.4738,9.6289,9.7767,-9.1029,1.8407,4.0618,9.7861,8.4022,2.0277,-0.3501,-2.7496,-6.763,-4.5976,2.5493,7.3798,3.7359,-1.6132,7.9363,2.0049,-3.3122,9.29,3.6075,-4.0528,-3.4822,6.4166,-1.253,-6.7797,-7.3264,2.3508,-8.1257,5.0834,-8.6533,-9.7206,-9.6166,-9.1138,2.8544,2.5629,5.2587,-6.4023,-4.797,-7.3694,4.0507,-9.4253,9.9094,6.4382,-6.8311,-3.5114,-2.0436,-1.9025,-8.1708,4.269,2.9431,4.646,3.6513,-3.2451,4.4244,0.0737,2.7292,-3.7366,-3.7083
1.3786,-5.416,3.2973,-7.2175,4.6696,-3.2326,-1.2037,-7.9324,6.5459,-7.6885,-9.9813,5.7441,0.8042,-0.5203,-1.9766,-1.1385,0.6328,5.2867,7.7796,1.3525,2.0882,-2.5997,8.8709,-8.3938,-5.9725,2.911,-1.8484,-1.2457,-0.4125,4.233,-2.2279,9.787,4.6242,-1.8967,-7.8517,-0.3971,-9.6175,-7.989,-6.5391,3.6801,-3.2681,8.6914,-5.667,-6.5902,5.0957,6.0791,-7.9167,6.9213,0.8647,-3.1273,-7.2318,-1.0429,-2.033,5.7155,-7.3907,-3.9945,2.5807,6.6531,9.6362,8.7033,8.8314,-6.3488,-6.578,0.3691,-4.5956,-1.8092,1.6562,-6.0859,6.7009,-2.3154,0.6299,2.0095,0.4777,-2.5369,-4.8342,-0.678,-9.0898,0.9272,3.8381,3.1372,2.0807,8.5845,0.8803,-7.0001,4.7565,-5.2671,-2.0093,-1.9118,6.4731,-0.8472,-2.4451,-2.0549,-0.4067,-9.5211,3.5419,-6.0732,-7.9381,3.0991,6.0829,8.9596,6.3632,0.6333,2.9182,-6.1478,7.8407,7.1164,-5.4418,-8.3434,-1.9102,3.5437,-6.2409,4.2079,-1.784,-2.8974,-3.3023,5.5535,-4.5878,-7.2848,-7.4124,4.0998,-6.3288,2.1398,8.3913,1.2241,-5.8778,-8.2245,-3.3747,8.9293,3.3739,-0.7467,4.8586,-2.8852,-0.1041,2.5395,1.6458,-1.8119,-7.5157,1.8094,-6.91,4.9017,-2.5394,-2.2973,0.7983,-0.0367,-8.9473,0.8314,-1.91,8.0031,-2.4402,6.7729,4.2379,6.839,-4.8167,-4.8906,-5.9748,4.5963,-7.9483,3.0518,-1.4119,-1.6454,-2.0337,-4.9622,-1.3684,-9.1685,3.3953,-6.1748,-0.9918,7.0464,-9.4797,-2.4315,1.5654,-8.6423,7.106,8.3,-1.9392,1.3578,4.7556,-1.8529,-6.149,6.5055,-4.1789,-6.1408,-1.5847,6.9474,2.4615,-9.652,-0.3424,-9.6045,-0.0173,0.8595,-3.4731,8.508,9.9315,7.0971,-1.1612,-5.0755,3.9213,6.2826,-3.5396,-5.3041
-9.7625,9.9875,-8.5735,8.7649,1.635,-5.8789,-1.5054,-6.7127,-1.3719,-2.243,-9.53,2.4156,4.1868,6.1423,-9.3409,1.1025,-8.5097,7.7098,-0.2031,-6.921,-7.3759,6.0992,3.478,-7.1805,8.9954,9.8836,2.3513,5.9554,6.9419,-5.2441,7.7597,-7.5257,-0.3258,-1.95,-6.6199,2.8308,7.3163,7.4817,-4.3774,-3.8467,-2.746,7.031,-7.3847,-9.3575,2.8747,-0.1583,1.8618,-8.8124,2.3435,-9.9463,1.3748,3.9209,-7.495,-2.0643,7.2918,-4.2808,-7.824,-9.5835,-1.2716,5.5959,-5.2486,-6.3791,0.4674,-8.8752,4.6773,1.4187,5.9243,9.7206,-7.8231,5.5408,-8.1219,-5.4696,1.8155,-9.3156,6.2402,-9.4992,7.9555,4.1704,5.2698,6.0301,0.2982,-4.8537,-9.9216,-9.1741,3.4131,-2.0742,-3.3405,8.5125,9.0831,-6.8737,0.1067,-5.5587,-2.435,2.212,8.8832,-6.2963,-3.3237,3.2325,5.4397,4.1182,-3.5527,-7.8267,3.7968,4.8224,3.5937,-8.5468,4.676,-5.0118,-9.0993,-4.4955,3.9283,8.8288,-3.1706,3.282,8.3654,-9.4122,6.2952,-8.8295,-3.496,0.9281,-3.6603,-5.9744,-8.2421,-6.8101,-0.0155,-9.6114,-6.4576,-4.1756,-0.1635,-0.0262,1.312,2.7674,-1.8418,-5.1756,-6.9397,-4.1039,-2.0688,8.6517,0.5187,2.3556,-4.1678,-3.261,8.1691,6.662,2.8791,-5.1042,8.0616,-3.3842,8.8263,2.4069,-7.191,-8.3186,3.4548,-1.0846,-2.4766,2.1316,-9.3136,-9.0716,-8.6015,-1.3797,-3.4439,-3.9966,-4.6338,-3.3259,-1.4207,1.5004,-2.4676,0.5766,7.353,-3.6085,-0.9047,-7.1768,4.1301,2.8888,-0.0285,4.4543,0.3147,-7.4906,4.3972,6.2487,-5.618,3.4227,0.4763,-8.0059,8.348,-4.5797,-3.6508,-7.0449,5.6354,4.8326,-8.9602,-2.0644,-7.2483,7.1705,-9.3973,6.9826,-2.0424,-3.8234,5.383,-1.6333
-9.4581,2.5331,-2.7519,5.424,-8.6835,-0.9454,9.6838,-8.4062,9.1914,9.8038,-3.3952,-1.3007,2.7223,-0.9788,3.6558,3.5122,5.3112,-3.5054,-0.7058,2.939,-1.2102,4.7174,2.9521,-6.4757,-2.1414,4.1637,5.5979,-9.8716,-3.6286,-3.4483,5.3914,5.6324,2.815,3.2443,9.8395,6.6593,-8.5193,6.9015,-2.5348,-3.4529,1.8318,3.8652,-2.3321,9.1636,4.8498,-1.3666,7.7427,-7.8338,-1.4557,9.047,9.5431,-2.8591,8.7167,8.621,-6.0048,-9.5426,7.9325,3.2866,-2.5112,9.3609,7.368,-0.0065,8.697,-9.908,1.4429,-7.5678,-9.7803,8.6044,6.6135,5.9569,3.8438,4.6792,-3.8691,4.498,-4.4276,-5.3444,-0.4243,2.4089,-9.9605,1.1295,-4.3739,-5.3275,9.3636,-5.3955,9.5127,1.5041,4.4887,-7.9466,4.1104,-0.4828,-2.9095,7.8033,9.8195,9.7332,7.2175,-3.8099,-6.9965,9.184,1.2871,-6.1874,-9.9711,-5.2182,-9.5927,8.6746,-9.2975,-8.6873,-7.2256,-8.0539,1.0029,-0.3779,6.6662,1.1187,1.7666,3.5397,-7.5403,-9.1168,2.3475,5.2564,7.9521,-3.4632,4.6283,7.8099,-1.4753,-9.6722,5.054,9.5712,-9.811,-3.3491,8.8531,5.9543,3.2913,-7.3285,7.4801,-1.416,-4.4033,6.818,-2.0937,-7.8345,-7.5058,-0.6275,-6.9752,-8.308,-8.0314,-4.1021,1.4223,6.9669,5.1306,-3.1693,-8.7802,9.725,-5.878,0.9749,1.9031,6.9436,1.2123,3.2691,7.9926,-5.1406,-7.9586,-2.5871,8.8205,-9.6402,-6.6774,6.0928,-9.2829,6.4442,-6.6295,-4.8254,-8.4902,-6.0886,7.8474,5.2108,3.3382,-2.9548,3.9349,6.2648,-3.2991,-9.6512,3.5372,0.0169,2.3407,-4.327,-9.8281,-0.6437,-5.5188,-2.468,6.8283,-6.6638,-0.1159,1.3346,-2.4066,6.408,8.3701,-1.3798,2.2444,1.5241,-5.2452,-1.2604,1.8225,0.4301
-1.853,-7.6111,-7.5844,-3.1576,-1.5659,-4.3761,-7.0051,5.8156,2.5015,1.8892,-8.4038,2.528,-4.4592,-3.8939,1.7694,-9.657,-4.3416,-1.5578,-3.3368,5.9007,-2.8563,9.7702,-6.748,6.1458,-1.606,0.1046,-9.9128,3.9831,-8.9482,7.7084,-1.3894,-0.5929,8.4563,-2.3721,4.8007,5.4925,1.2311,1.1377,-9.9545,-8.3503,9.4563,2.5523,8.9971,7.593,5.254,7.1957,3.062,-3.1978,-9.8016,9.593,6.231,4.6271,-7.1984,2.4051,1.0159,7.8881,0.395,0.3431,-3.5886,1.1511,-7.8688,-0.9591,-9.9798,6.4928,2.5773,-8.5351,-1.0958,4.2057,5.6215,1.0427,4.0169,9.2421,5.4944,-3.251,-2.2395,-3.4703,6.1298,-3.2569,-5.6037,-1.8136,8.0875,-4.485,-5.1981,0.9896,6.6187,-5.7074,-8.3423,-4.238,9.123,-5.5022,0.7643,-9.265,-6.5569,-3.1154,-2.6162,-0.3746,7.8321,6.1372,-3.5227,-9.044,-5.7904,-0.3058,7.3275,-8.1821,0.2732,7.2138,-5.3002,-3.8594,6.8265,1.9601,-5.2517,2.494,-9.3738,4.9223,9.8712,2.0571,2.1759,-7.6094,-3.5451,0.502,-9.5844,8.252,5.6135,5.6356,-6.2398,0.4321,7.945,-3.6385,1.1491,1.0216,-0.5034,-0.4255,-8.9309,1.4801,-4.8102,5.7167,3.9746,-1.9189,8.5241,8.3896,7.4279,-3.0055,-8.5608,-8.9577,5.6619,1.678,1.004,-7.0807,5.8411,-9.8725,-6.6993,-6.0026,-5.5799,8.6951,-9.1146,-8.5128,-5.5945,8.0813,1.801,-5.0726,7.9986,3.617,3.845,8.4986,-4.7853,4.1947,-3.534,2.9157,0.7768,3.1379,2.7915,6.054,5.9507,-3.4181,9.7709,-7.6414,3.5019,9.6432,7.0549,6.9921,0.4528,9.3592,0.5358,-8.148,-8.5602,-8.9777,-0.8707,-4.5438,-1.8698,6.9491,9.8489,3.6456,7.5896,-7.5462,-1.127,3.0144,-1.3003,-1.1809,-1.7755,6.0961
-8.7938,-6.4389,-4.3049,-1.2169,8.7083,2.1872,9.9169,-3.8709,7.7853,-0.5989,-0.8072,0.911,-9.3899,6.8825,1.1566,-9.9078,-0.2039,-4.114,-5.0174,4.2384,7.9922,9.1355,-7.5941,-9.5303,5.9993,-7.6133,-4.2539,-0.6104,5.7055,4.3168,-8.687,-7.82,5.3628,3.1489,6.5146,-1.845,-2.4949,-3.8903,-2.4741,3.5205,-5.4912,-4.9422,-6.2235,8.91,-4.8368,3.5088,5.7692,-4.5057,-9.3115,-6.3624,4.1471,8.6902,-6.2601,4.7851,-0.0682,3.2429,-3.5883,-6.1346,6.2832,-1.4574,-3.718,-0.662,-5.0727,8.3439,1.0783,0.9569,4.06,7.8817,-2.2091,4.5001,-1.6371,-4.1622,-0.6541,9.6236,3.3589,-5.2125,8.0483,-2.1607,4.9302,7.6615,-3.0138,-5.836,-1.1452,0.5836,4.0988,-6.0167,7.5706,3.2126,9.5414,3.6192,8.0381,0.8033,2.2731,-1.9534,3.3982,1.7827,9.6171,-3.7601,-4.3693,-7.9137,-7.0742,4.5744,-9.5908,4.3287,9.5188,-3.3633,-3.6561,4.6315,-4.3068,-9.9777,-9.2429,-5.4219,6.2205,8.8434,-5.0999,-7.3862,4.8633,8.9268,7.1266,-0.2837,-2.2959,4.0017,8.3433,7.5137,-0.4774,0.8209,6.862,-2.6436,-4.9684,-9.2816,6.4932,-7.656,4.2703,1.0907,-7.4236,-1.1882,-1.7473,1.8799,1.3839,2.6136,8.432,8.3079,-9.0549,-3.0491,1.385,4.6501,-4.6923,0.7514,-0.0865,-5.5908,-8.8922,2.1808,6.3652,-9.0031,7.4427,-2.2867,3.8258,8.199,-1.3928,-5.2677,1.1997,-7.7767,-6.7158,3.2931,6.8709,-8.0369,-6.1741,-7.5538,1.4455,7.8997,9.859,0.5637,-8.7414,9.8271,-0.6777,6.9623,0.686,2.9196,4.1034,2.6586,2.2973,8.7625,-4.2823,-5.3283,-4.3744,4.751,-9.4522,1.0394,2.6757,8.5155,9.426,-4.6721,-7.7998,-6.4226,6.6232,-5.5149,-0.4706,6.1673,4.6713,4.3626
-8.8211,0.5644,-4.5382,1.8039,-1.6241,-4.2478,6.0531,6.0473,7.1968,9.365,-3.7499,-7.4091,7.2494,-6.6946,5.8362,8.4209,8.4263,-9.468,-8.1358,-8.8566,6.9081,-4.798,-8.4139,-6.9511,9.8284,2.2681,-4.292,-1.4063,-1.7169,-5.2977,5.7966,-5.6587,-9.3863,-0.3974,8.6938,-1.2751,-2.4232,1.3464,0.6435,9.6769,-2.4294,-4.8021,-7.5668,-5.9632,-5.078,-0.661,-1.6375,-0.2891,1.0983,-9.799,-6.6252,9.1277,-2.1686,3.9901,-9.5711,-9.4299,-3.1032,-6.5612,2.9661,-3.2501,0.3803,-7.9009,-0.5149,8.8934,-3.5373,-0.985,5.8725,-5.1839,-8.6292,-2.933,-1.1787,7.6121,-2.3407,-9.8965,8.0077,-6.5514,1.0306,-7.98,-7.8748,3.6362,2.6253,8.8659,6.3986,-6.2774,7.5885,-8.6721,-3.3202,-1.5064,2.7574,1.846,6.4084,1.2048,-0.0405,4.4779,0.064,-3.1757,0.467,-8.2759,6.0357,4.7672,0.7927,-6.7997,-7.4554,5.5887,-8.1338,-0.9379,-0.963,-4.3937,6.0046,-6.1084,-7.9081,-8.134,-5.2276,-4.7611,-4.5218,-2.6781,-6.0671,-2.3586,-1.2768,-5.9772,4.2422,2.6954,-6.4677,-6.5182,-5.6682,-0.0326,0.0093,-0.6963,1.2655,-9.712,8.7454,-1.0527,2.5598,1.5612,-5.0947,-2.6005,-5.593,5.0433,6.3192,1.0428,-3.1364,5.1151,9.1867,0.5434,7.9487,5.9795,5.9753,-3.1948,5.5118,-7.5773,-1.8557,0.6168,6.8512,-9.2128,-2.9105,8.8488,3.9916,2.6435,-1.2248,8.1754,-4.7059,2.613,4.0775,2.5989,-6.6229,0.4353,-4.5433,6.4341,6.6932,-1.7209,-2.314,6.0862,1.0441,9.0377,4.5388,4.3874,8.7501,-3.1351,-0.9654,-0.061,0.8067,2.1039,0.9227,-6.573,3.6886,-8.5807,-3.1695,-2.9891,8.141,1.4965,6.9365,1.8024,7.2146,3.0285,0.2102,6.2329,4.1084,-8.3889,5.1741,-0.2696
-9.1065,1.1326,-6.2258,-6.3831,5.2108,-1.07,6.5013,7.0992,-4.2744,4.3062,3.7082,3.0277,3.0198,7.5194,-5.5127,-8.5523,4.9052,9.1108,-0.446,2.8831,2.1073,-3.3558,-2.2082,-0.6661,-3.8195,-7.6641,9.3038,5.0147,9.9635,5.5531,-5.899,3.4712,-3.683,-0.4299,3.0479,-8.9665,3.8178,-6.2926,-6.9236,3.2449,-5.5314,-2.3022,4.6,6.3815,8.0051,-4.2885,6.9542,1.8375,7.1324,-8.7498,-9.2187,-1.9284,-9.7913,-7.0196,-5.9296,-6.1914,3.2266,0.2686,-1.6653,4.5318,-9.6125,-7.3275,1.2118,3.6612,0.6176,3.9514,3.2063,-0.2972,5.1016,-7.0866,6.5757,-3.3527,7.9839,-0.0735,-6.3125,-0.4233,-3.6145,-0.5789,4.2137,-6.7921,-2.5442,2.8987,-3.0668,-1.9773,-5.453,-3.2635,7.1572,6.8586,3.318,3.8002,-7.0008,1.0262,2.457,7.4788,-1.7407,-3.6578,8.8976,-5.4061,8.3072,0.0396,4.691,-0.1677,0.3646,-5.468,0.7977,-7.5462,5.8141,8.3903,-1.1997,6.6511,-6.5098,-1.2046,-2.4901,-2.3982,-6.5843,1.9051,4.0751,5.111,1.5565,0.8115,7.5038,-9.0381,-2.762,4.7264,-2.0691,-9.6486,-2.1591,-5.9097,2.4488,9.9115,-3.2785,-8.1812,-4.0133,-6.747,-3.0987,-0.1982,2.7689,-3.2311,-1.3511,6.9973,-8.5711,2.2985,-7.7557,-0.8516,-0.0283,-8.7035,-0.4382,-8.2447,4.6344,4.0523,7.8812,-3.1554,-9.1127,9.2877,8.4232,-8.1488,3.8287,1.2284,9.6183,-1.7831,5.9276,-8.1608,-3.7343,0.21,6.3598,-8.3781,-4.3842,-1.4217,6.2039,5.6477,4.1028,-7.1236,9.671,-2.4825,3.8014,4.9062,-9.869,7.9992,-5.5514,9.9104,6.1667,3.8618,9.4631,-5.3255,4.2402,8.162,1.7615,7.6865,5.2575,-1.277,-4.2558,-2.6183,1.9592,5.7775,-8.4223,-7.7456,0.4115,8.7117,-8.9814,1.8234
-1.47,-7.6856,8.275,-2.7087,-5.0013,-1.7203,1.5725,-5.0396,3.4778,-3.5601,-8.2084,8.598,-9.3007,-6.1278,9.3952,-7.123,-5.6823,1.3812,-4.262,-8.0835,4.8441,-3.7011,4.3341,2.5167,5.1384,-8.2141,2.0857,6.9687,-0.3171,-7.596,7.0553,-5.4696,-6.0376,-1.4881,9.9194,0.8717,-1.7381,-2.5702,4.3282,1.6463,2.8874,-8.9064,5.5258,-4.4101,7.7083,-4.324,-6.8179,7.3131,7.6611,-1.4335,6.9622,1.9708,3.3775,5.2714,9.4264,6.9358,-0.5578,0.8725,2.0576,-6.5249,-1.7815,-5.0876,-3.5492,-0.5764,-0.2783,-7.7687,-4.6166,5.0225,3.5461,-0.5055,0.2837,-0.9973,4.9452,-6.9978,3.498,-0.4113,3.7327,1.4751,2.3017,-7.3694,-6.8244,-6.3078,-9.0891,-1.4505,-8.8777,2.9316,9.1922,-9.1558,-1.441,-9.1318,5.7172,-5.1163,-0.9179,1.6626,8.511,3.6945,-9.0779,-7.6157,4.0343,-4.2511,6.1323,-9.9148,-8.323,0.8304,5.2503,-3.9412,6.0592,4.2619,1.9398,1.9843,-4.9275,-9.2282,-3.9162,-4.2262,7.4704,-6.1213,-4.3435,4.9266,-9.8875,-1.1655,0.9241,6.1101,8.0505,-9.935,-4.5312,7.6579,2.6457,2.9902,1.868,-9.3466,-1.2498,-3.2107,8.8729,3.1979,-6.8504,-4.441,-3.7029,9.2907,-5.1316,-1.897,-7.8975,7.3299,1.8601,0.9601,-4.4548,-2.0443,2.5528,-7.8892,5.9774,-4.9158,-8.8023,-1.8176,8.7119,5.0447,4.5432,8.41,-9.665,-0.694,-9.649,-2.049,-0.5271,8.9591,9.5508,-2.6891,9.1103,-2.1179,-4.4191,8.3866,5.0809,-8.9182,-2.4946,-8.0407,5.4916,0.8542,-8.9328,-4.2903,-6.0361,-6.7193,9.6266,3.4518,-3.7784,-3.6173,9.2026,-5.9542,-4.0842,9.3254,2.1053,4.1218,-8.4914,7.02,3.3047,5.8663,-2.6937,-6.8033,1.2781,5.4668,-0.1565,3.034,1.6966,8.3725
6.4464,-2.9491,1.848,1.0134,9.0801,-2.9225,-6.0675,3.6646,3.147,0.4186,1.7787,3.5555,0.3786,0.611,-5.7894,-0.413,8.9676,6.7834,5.0759,-9.9068,3.7537,-5.052,5.6024,-6.575,-8.663,-5.3502,8.9506,5.6513,6.4961,6.2419,8.0891,-3.3094,-8.1762,-9.0659,-0.2801,4.6725,3.9133,4.1724,1.8075,3.1762,-3.6241,-1.1077,2.0809,5.1672,-1.7791,2.2147,-3.6106,6.771,2.9504,-6.2403,-1.3517,6.289,7.489,-8.8719,-0.7636,7.4086,1.8669,3.1798,9.7665,-3.8602,6.3673,6.6442,-6.4584,6.3402,-9.4196,-7.0215,-6.3023,-9.5662,-1.213,5.6058,4.009,-7.2512,2.8081,5.078,7.124,-2.8488,8.4935,-1.7094,8.811,6.857,-4.1057,5.3627,-5.5342,5.2345,5.8824,4.9239,-9.6324,-5.0791,-9.5588,0.3003,-9.5347,9.7539,0.4674,6.1442,9.2531,5.2477,-3.1463,-5.566,9.3103,-1.0197,1.6357,0.5627,-3.5771,-2.134,-6.678,6.7485,-8.1448,4.1124,-1.3332,0.1852,-3.6811,9.4169,6.2165,-0.5902,-7.7414,-9.7841,3.1946,-9.2654,-5.8641,-2.9705,2.8224,7.5025,-9.8627,-7.4827,-8.6002,4.2542,6.7899,3.3947,-5.9665,2.7573,2.6641,-3.0154,-7.0667,-3.8466,2.9525,-2.5663,1.0882,7.4279,-8.9918,-3.2261,5.4403,-9.1089,8.449,-0.2477,-9.8981,7.3338,0.4419,2.1038,-0.8927,4.2225,-7.0568,-0.0003,0.4996,-7.4286,8.9725,5.3904,-0.8964,0.6104,1.1299,4.7518,-6.2051,5.5975,3.9679,0.281,6.7032,6.4232,1.5317,7.6313,5.8292,-1.3114,2.9451,-9.3037,8.3988,-2.2671,7.0738,-8.3134,-3.3146,-9.5575,0.4,-6.7802,-4.1434,-7.8828,9.3295,-0.7203,8.3267,5.9036,3.8251,-0.1397,-2.4371,4.4046,-3.0117,0.8499,8.6336,7.2987,2.7853,-4.1053,5.2509,6.1578,4.3703,-7.9392
4.3415,-8.9982,-2.3244,-9.5535,5.9564,6.8483,4.3103,0.3615,-5.9401,-9.0737,7.1936,-8.1135,-9.6806,-2.6377,-0.0305,7.0406,-7.289,9.2086,-2.5414,-6.6936,-7.3755,-7.1434,6.5573,9.8298,4.5334,8.9181,-8.8409,-1.351,3.7635,2.1747,-9.3998,4.7889,2.1008,-5.2959,4.7339,5.9524,1.0709,4.5639,-6.3147,-6.921,2.0699,2.0622,-6.7926,-6.3522,-0.4877,-3.9,9.0149,2.7079,9.4301,-3.5609,0.5386,1.9799,-7.1122,-6.6615,3.7404,5.5508,-2.4085,-9.4174,1.6994,0.6417,9.1586,-0.5192,-1.1212,-1.1888,-2.7992,3.9113,-2.464,-3.9356,0.2615,-7.8567,-0.2839,-5.6605,7.1553,6.6931,-7.2509,-1.8657,-3.5827,8.3419,8.1911,-5.048,2.2218,1.2109,-0.328,8.678,9.6597,-3.353,0.4198,-5.1604,5.8633,8.4184,7.7902,-4.8116,6.0957,8.248,8.8214,1.6226,-7.7143,-5.0305,-8.4979,9.9655,-9.8616,4.9212,-3.9691,7.1969,2.5244,2.4758,-4.0216,0.3667,-0.5299,8.9507,0.836,-6.4273,7.1085,9.2722,2.8446,-8.3885,7.4025,5.0884,9.9086,-2.3907,-6.0816,-0.0026,-5.2373,1.291,-3.1057,3.3069,8.897,-0.3933,-0.4182,6.1444,3.1388,-4.6843,6.951,4.1726,-2.4624,0.8488,1.1182,-3.2373,-8.1023,-3.8153,2.7472,2.4911,1.3677,-7.0078,4.6523,0.6848,7.5749,-2.6431,-5.5492,4.4381,8.4461,9.1727,7.8344,-6.2087,-8.4644,7.6282,-0.5737,-0.7349,3.2803,-9.9243,3.9041,2.7014,-4.188,0.9782,-5.3835,-7.2181,-0.2485,-1.2424,-1.4737,-3.2683,-3.5311,8.3022,9.816,6.3847,-5.7742,3.122,-7.4352,-8.5194,4.8598,-1.5223,6.7212,3.2978,-0.6914,-9.1996,6.9556,4.1736,5.3746,3.1252,-3.4426,2.6567,-9.4785,-5.0204,9.7213,-7.5688,-2.1918,0.7546,-8.9836,6.2186,9.9486,3.9159
-2.6465,-0.0731,9.7227,-6.7452,9.8367,-0.3226,-9.0677,6.1141,8.1273,2.4956,-3.3027,-3.8204,9.8366,6.0868,1.7903,4.1644,2.2874,-3.7466,-6.5719,5.1335,6.3999,-6.5728,-3.2287,0.8372,4.539,-0.9136,-0.4557,6.3285,-3.1278,-9.4833,2.4176,-7.1302,9.1533,7.1839,5.3891,-5.446,5.9776,-1.8146,-6.84,7.3617,9.0436,0.8758,-0.2087,-6.9609,2.0834,4.7291,-9.2849,7.0049,4.4736,4.9275,3.2182,-2.667,0.3727,0.8964,-6.9052,-2.9165,-9.2282,6.405,1.0063,8.4454,-4.9601,2.9658,0.1972,0.7532,-4.621,0.5723,-2.5791,8.0843,-7.2484,-0.0005,-9.5852,2.2164,-0.5745,-4.5491,5.5181,-8.1489,-9.6342,-1.3436,-9.2517,-7.7857,1.605,-3.165,-1.7084,9.9057,5.0515,9.9775,-7.7499,-6.3123,-1.1022,-2.6122,1.1382,-5.2768,8.5526,-8.8753,0.8425,-0.9847,-8.793,8.4796,-2.7397,-5.9321,-6.9414,-8.5668,-2.9462,-6.336,4.5693,5.5199,2.489,3.8329,-9.7575,3.5139,4.3938,0.2946,-6.6497,-6.7072,-5.2734,7.6107,4.3848,-5.0799,9.4962,-3.6069,-5.275,-0.8922,4.8032,3.2139,0.9915,-9.3148,8.9144,9.9982,-5.6169,6.6743,-3.5397,6.6472,4.8623,-5.2621,9.8149,4.8333,5.5726,-1.4478,2.0822,-5.964,-6.016,-9.2617,3.4186,-5.2789,9.2203,6.0451,5.7305,0.4436,0.5856,1.451,-1.8331,1.9524,-2.9632,-2.4532,-4.3658,9.0174,0.0492,8.1933,7.8559,-8.4047,-5.6575,-0.2974,6.268,-4.4591,9.8731,-2.4326,-2.6157,1.4871,-0.5682,8.6072,-1.9885,-3.4803,-8.6639,-5.2138,-5.4115,-0.5722,-5.6266,-2.2888,-2.9936,2.1563,-6.1171,-7.58,-7.4326,7.2052,-2.1631,4.7786,4.934,-0.8764,7.1164,9.4869,-4.2302,-4.2028,0.5758,5.881,3.5203,0.2493,-1.0328,-5.2563,8.8922,-5.8839
-3.0121,2.2534,-1.1579,9.7862,-8.9532,-9.8777,7.9695,-0.5668,1.0592,5.3033,-6.2054,-9.8438,3.5515,7.7501,-6.6692,-6.8923,6.2769,-9.7936,9.356,-5.001,5.6205,-0.7033,1.8103,7.9843,-1.3391,-8.0603,9.3861,5.2691,7.7181,-1.5976,4.8896,2.6761,-0.5995,-8.8342,6.7121,5.7933,-4.7936,-8.7272,7.7733,1.5656,5.7821,-3.9693,2.9793,3.8015,-0.4663,2.4328,-3.8516,-3.687,9.9516,-7.4222,5.9835,-1.4661,0.7398,9.3923,-7.2147,8.47,2.8578,9.1372,2.6794,4.7483,-7.8275,0.1435,7.4473,-1.0465,9.5187,5.1392,6.5933,-2.6417,9.2236,1.0349,3.7273,8.7906,-5.1,2.8338,-7.876,7.2563,9.4319,-3.555,-9.9406,8.0769,-2.9946,-0.7476,-2.4624,-0.2999,-2.1518,-8.7545,-2.0194,0.8884,-7.2527,-4.9652,-5.3906,6.6744,9.4368,-8.4093,-4.2889,6.2081,9.9118,-0.1674,-9.9999,0.0505,-7.0709,5.7231,-2.4046,1.2525,-4.4955,6.898,2.1558,-6.7397,-7.372,5.8526,1.6542,-2.6398,0.6163,-9.7585,-3.1671,5.4734,2.8456,5.9708,-1.1887,-3.4436,-7.7652,-3.3197,-8.6143,-7.3705,-8.3027,-9.6515,5.7474,-6.8749,2.5552,0.7829,-1.583,-3.836,1.3585,-5.3555,6.8739,-7.0902,-3.5751,0.4923,-8.7645,-8.3588,-0.0554,9.881,9.1814,-4.8721,4.7875,2.5863,-8.1193,2.814,6.2605,4.7904,-9.687,-6.4842,3.2809,-9.0168,2.2137,-1.8707,-4.0634,5.7699,8.892,3.4854,0.7553,-6.6285,-3.5153,1.6985,6.1188,-9.1355,9.7009,5.5857,9.7446,-7.2082,0.428,6.9856,-0.8671,-4.0014,-0.3378,1.4643,-7.2907,-0.7612,8.748,4.4382,-7.9491,-4.9375,8.1372,9.385,-4.1828,6.4211,4.7334,-7.7723,4.518,-8.5302,4.4148,-6.7082,7.2542,-0.9727,-9.9899,-9.9336,-8.3781,-8.718,3.6817,0.9686
-3.2172,-2.6871,-7.5137,-0.636,8.2139,-5.6102,-5.4755,5.366,0.8464,5.9137,4.5813,-6.855,3.002,8.5477,-5.1281,3.853,4.5831,6.7838,-7.6296,7.2971,-5.583,9.4504,-8.3405,5.1456,8.9983,2.5614,-2.0578,-1.3715,-9.6182,-0.1642,-4.8363,2.4185,6.2881,4.6927,9.0659,4.0781,-6.4556,1.7422,-1.1644,-4.6096,7.9045,0.4749,-2.6152,5.0783,1.0175,5.4144,-0.5646,-3.0501,2.5983,4.1636,2.8155,0.0658,8.4046,-2.8703,1.9107,9.5375,7.2127,8.3637,4.067,-7.3893,-5.2093,-4.0589,-5.7884,-0.2284,-8.3267,-8.2873,0.2916,3.3058,-6.9582,0.6956,7.5862,0.2473,2.9187,3.0315,6.4685,-1.3482,-6.3515,-5.3602,-9.2504,-1.1529,-4.9198,7.3986,7.7406,1.8588,-7.4876,-7.5936,8.3277,-3.2826,-9.3191,3.1381,7.8379,-9.3289,8.9862,8.0638,7.1146,1.9973,7.4963,-0.5727,0.427,-9.3502,3.6371,2.7783,1.3307,0.9039,-6.8738,-0.7825,6.6598,8.5839,8.2281,-9.1003,-0.9931,3.4708,-4.5512,6.5319,-9.3372,-6.2193,0.6194,-1.8671,9.2229,0.0736,-5.1103,9.0965,3.2173,-8.9586,-1.9463,2.419,7.7567,8.8291,8.2246,0.5851,-9.9013,7.1189,-2.0578,2.5995,-0.7826,-7.7375,-7.7562,-9.1982,0.3432,2.1073,0.2019,4.6952,-2.6358,8.166,8.5534,-7.5658,7.0863,-6.8076,-0.1432,-7.5629,2.2279,-6.8497,-3.3696,-5.3579,-8.1775,0.9794,-8.2789,5.6874,-1.8795,9.7636,-5.4636,2.7626,6.984,-5.8065,0.7305,-6.2729,-5.4739,-6.123,-7.8234,-0.8702,0.9265,-8.3359,1.7999,-1.8848,-4.5609,-6.1644,0.4258,8.8103,0.791,-1.9142,7.682,2.723,-5.4757,-4.2057,9.1663,-6.1817,-6.4861,2.2551,-0.0145,-5.3384,-1.4979,-4.2656,-7.5302,-6.0301,-2.3143,-9.0904,-8.0339,-1.7582,3.7616,-2.5348
-4.5238,7.7175,2.3993,-1.2362,2.7531,-2.4827,-0.899,-5.1943,-1.8635,5.3386,2.0078,-9.5402,-0.186,-4.281,8.1984,-5.7428,4.9072,5.3841,5.4979,3.831,-5.6834,-4.3876,3.8199,8.5715,6.2661,5.7682,1.1198,9.2094,2.4443,-7.4399,-7.2111,2.353,3.9748,6.2324,5.9433,-1.2748,-1.575,5.025,-1.2825,6.4978,-3.1134,-9.3261,-8.006,2.73,2.9397,-0.8865,4.7396,4.4716,9.9152,-1.8088,-1.8719,0.7081,-9.9018,1.8999,-4.1983,-1.7631,-4.9752,9.3448,1.4617,1.4422,-4.0395,3.1293,-7.4044,-2.0139,-4.9197,-2.9607,3.6678,5.3069,8.7811,-5.017,3.4524,-0.5377,2.2664,8.7927,-4.5753,8.9672,1.2731,-9.6974,1.5622,-8.9013,7.9962,0.3946,-5.7819,3.5921,-4.1037,0.5708,-8.5315,0.1693,-6.6263,7.1826,-8.6955,5.0168,-5.6246,-9.2767,0.2261,7.9061,-6.6876,-9.5628,-8.3948,-0.9313,2.792,8.3377,8.2008,-9.272,-2.5484,3.2328,4.8887,6.2159,-3.3636,3.2065,8.4399,-0.3474,-3.8626,-9.2019,-2.145,-3.817,9.2657,6.5309,7.1598,-9.17,7.0566,8.9455,3.1566,-0.0872,0.3701,7.8386,2.7226,2.0004,-5.3231,3.9096,5.3872,-0.5152,-5.672,-0.2347,4.8612,-3.1871,-6.6024,-5.1919,-5.3057,3.6024,-3.5926,6.8963,-0.3262,-7.2788,1.0073,-6.5772,-1.7783,-4.8201,4.271,1.9588,3.7442,-9.8598,-0.5207,5.3954,-2.0274,-0.45,2.4209,8.3425,0.1156,-9.648,7.8786,-4.9947,1.1823,4.4353,1.4721,-8.0032,0.6446,-2.0872,0.2859,4.0209,2.6351,1.9977,-1.5984,-7.2668,-9.7553,5.0446,-8.5578,1.3266,-8.7874,-4.953,-2.6084,1.6514,-0.0371,-0.6133,-3.5155,-4.9849,8.2865,6.3655,-2.1459,-8.4783,9.2677,1.5506,4.533,-3.9668,-0.7679,-3.238,4.9376,-9.7407,-8.3324,-7.6734
-2.853,-0.6567,-2.568,-2.2025,4.8814,7.4429,-3.559,-3.3184,-8.7274,1.388,4.1717,8.1357,-8.7736,-3.7263,-9.8693,3.3482,-9.5412,0.2219,-7.4429,6.8335,6.1678,7.7921,3.1169,-2.1904,3.5632,-9.4957,-8.5836,7.2703,0.1402,6.4308,0.6245,4.4637,9.6508,-0.5894,4.3351,1.0334,-1.5928,-3.8656,-8.6739,-7.999,1.2292,5.774,3.7388,9.4671,-4.8556,-1.4409,6.4239,6.9062,6.7183,-1.66,6.4559,7.7375,8.6039,7.4614,-6.5522,9.6047,-6.1116,6.0161,-9.0765,4.2899,1.7945,0.1819,2.1489,-0.8387,-3.253,-7.8684,-7.7325,7.4291,1.0588,-2.5735,7.9958,2.0228,5.4572,-8.3411,-2.6953,-1.9246,-9.5222,5.4335,-5.5138,7.065,8.9699,-2.8945,-4.3562,-7.802,-8.34,-4.0586,9.2384,-3.7365,-0.6042,-2.9181,-9.5258,-4.74,9.3674,-3.2356,-4.6228,5.776,-8.9106,1.751,-0.2099,-6.5733,9.6547,5.4623,8.624,2.262,6.7286,-9.5207,-4.9164,6.4477,-3.1518,-2.011,0.8495,-2.9191,-1.0011,3.3999,7.1472,4.2817,-9.6857,-5.635,6.6789,9.784,-8.7091,-2.7156,-9.2944,0.5971,-4.5427,-5.0956,-1.0687,-2.1695,1.4359,8.4357,-2.3759,3.4456,-4.098,2.5998,-4.2511,0.0368,3.2815,-8.4676,9.9136,-6.3483,4.8015,8.2326,-3.8442,-3.1668,-2.7141,9.7877,-6.9572,8.0697,1.2299,7.0947,-7.0094,-0.1793,4.8551,4.1997,2.1554,-7.3103,6.6665,8.6858,9.1804,3.2196,8.2808,-6.0223,-1.2855,7.0909,0.7986,0.1836,9.0829,2.918,6.2718,5.7083,5.9454,-3.9154,-2.5714,2.8633,-8.9343,4.9415,-3.3177,5.4581,6.0261,-3.0393,-1.8596,4.8349,-7.1133,5.7878,0.6987,6.8543,-6.2453,-0.0966,5.1527,-7.8909,9.9716,7.6689,-2.7167,-6.7475,-9.1996,-4.4656,-6.8761,-8.4051,0.2151,0.9169
-8.8296,2.6032,-5.6902,-7.5444,-8.3816,-4.1454,-8.0695,-5.1214,-1.3124,2.6705,6.6979,0.9325,-6.3142,-9.8386,-4.6635,6.7524,-6.4571,2.2517,-9.9546,-7.5838,6.8092,-4.3537,-8.8672,-6.0731,-9.6877,-3.3523,8.5215,2.2388,8.5351,8.4068,-7.9315,6.5055,-2.8385,5.9175,3.702,7.1392,-7.9964,8.2542,2.9797,-7.0349,-5.3641,3.5025,6.0245,3.3182,2.5433,-3.0167,0.2199,7.6654,3.5502,-6.8242,0.7472,3.0286,-7.47,-8.6777,-0.9097,-4.8114,6.0537,-4.9286,7.6576,7.0671,-0.6799,1.95,1.593,-9.6631,4.8357,2.5735,6.358,-3.1626,4.7119,-2.2881,1.1165,-2.893,7.7638,-1.2275,4.9152,-5.0042,5.4933,4.1319,3.9729,-3.7773,-6.2097,-5.769,-6.4721,9.5822,6.5223,-6.1428,-9.4573,-3.8153,9.0014,4.4375,-2.6242,5.1779,-4.4346,1.1131,3.2907,4.423,-3.2878,5.3981,4.0955,-5.947,8.4144,4.4475,-9.7333,1.2585,-0.955,-9.7615,-3.3609,-9.0168,7.7673,0.4952,9.8276,-8.4219,2.2334,-0.6355,1.7236,9.4978,-1.5333,4.4639,-4.8964,-3.4637,8.0879,-8.9538,-5.318,-7.0537,4.7755,-7.1056,-5.4792,5.1339,9.0969,3.9923,-1.5328,8.1972,-6.9422,-5.1665,-0.1445,8.5635,-1.4167,2.0967,1.6154,-4.8303,-4.2689,-7.7808,6.476,4.3988,-4.0735,-3.1079,-2.1636,-9.682,6.2995,-3.0085,-1.1846,2.5041,-7.9059,-0.8733,-0.2122,-1.0178,8.1203,-6.051,-1.7882,-0.1814,6.407,3.6499,4.8263,2.5854,4.2403,-7.4066,-5.067,-0.8042,-9.9829,5.6757,2.6895,9.0829,-5.6372,-3.2733,-1.0878,-2.6895,7.4006,-4.6946,4.232,6.8609,6.7986,4.3539,2.2495,-2.1562,4.8807,-1.093,5.4858,6.8595,-7.4143,-5.8584,0.5712,7.2548,-6.3314,5.43,9.0427,5.3637,-5.1342,0.5679,-1.7612,-1.0631
-9.7001,-4.6294,0.1079,-6.805,-6.5828,-6.7982,9.192,7.7296,-0.6001,-6.9396,-4.3818,-1.5493,5.9457,4.6603,5.0744,5.622,-2.2204,2.608,-8.5812,1.1379,-1.5373,7.306,-7.0157,6.9844,5.7171,3.4264,-3.5061,9.5319,-7.4693,4.9122,-9.4023,7.7845,-3.9495,-9.4498,-3.7461,-0.6237,-7.8248,8.6812,-8.782,7.5902,-0.7938,-2.1169,1.5006,-6.4416,-8.4078,7.924,1.7206,3.9074,5.5951,3.4148,-4.2078,-9.0326,-2.7669,-6.3368,2.5193,-3.2062,1.263,-1.9876,0.2911,-9.812,9.6387,-9.0364,0.8035,5.4564,-1.1948,-3.5501,-3.8499,2.1529,1.955,-7.4833,2.4838,1.4726,3.3856,-8.5543,-6.4019,3.0671,3.477,7.6594,-3.2627,-4.1121,8.8752,-1.9963,-6.7601,-4.9316,5.3601,2.3448,-2.5866,-6.4009,-2.0007,-2.0358,9.4753,-3.6969,-9.9563,5.3568,-5.7958,9.8342,9.7448,-8.4993,3.4014,5.2382,-3.9079,3.8447,-6.831,-4.5789,-6.0252,-0.2374,8.6317,2.9888,-7.9728,4.0295,0.9214,-3.7087,8.4323,-0.3587,4.2561,-1.3189,7.6047,0.6291,1.9549,0.6904,-2.1048,6.7103,-2.0254,7.5958,-4.0346,-7.7441,-7.8352,-7.9411,-0.4501,-2.2007,0.9599,5.0729,-6.8521,9.1999,-0.0768,-5.1872,7.0916,-5.7311,1.298,1.5885,-7.6264,4.6385,-8.9868,-9.3673,-1.9311,-7.0699,3.1141,5.3832,-2.7872,-4.7035,7.7532,-7.511,0.2728,8.5911,-6.4859,4.863,-9.6834,2.4197,7.3761,5.7359,-3.7422,3.6018,-9.2648,1.3032,-5.2384,-9.4067,-7.6247,-6.9118,-1.0617,-3.3215,9.2735,-8.4993,9.726,9.818,-9.195,-6.1046,5.5973,3.9488,-3.0175,-2.0241,6.6423,0.7048,1.0874,7.6094,-9.6346,3.4275,-5.3756,-0.9264,1.4364,-8.0151,4.6379,8.0402,-8.0993,-8.9952,-0.9285,-7.2257,9.3388,4.2094,8.454,4.4182
-2.3932,-3.5557,-5.5411,-5.5676,-3.9361,1.5686,-8.1317,-3.0298,-6.3646,-1.7503,-2.9436,5.0676,-1.209,7.5892,-1.6512,-4.4201,2.3912,-0.4776,-9.8617,-5.5926,-4.1937,7.6343,8.5816,4.8761,4.4637,7.2025,-7.8478,7.8237,-7.7415,-7.2652,-6.8949,-6.8373,4.7051,6.4915,0.196,1.8096,-0.3836,-0.6177,4.328,6.9099,-6.7142,-8.4848,-2.1238,6.6176,5.1134,2.6552,3.6064,4.7686,4.3646,-4.7674,-9.6203,-0.5519,-8.5813,2.3475,-0.8196,5.1443,-2.2911,-7.9488,-4.1632,-5.8231,-9.7321,9.8605,4.798,-4.4422,-6.4178,9.3118,-3.9046,-3.5168,-2.3473,-0.3688,-9.9645,-8.5796,8.6558,0.9833,-0.2127,9.8194,5.6525,6.1488,-9.4329,-7.7507,-5.5361,5.6152,-2.056,-5.3745,-1.1814,9.4966,-8.1038,-2.4289,-8.0678,9.2533,7.7144,-3.9211,-3.3363,5.601,6.0547,-4.3756,-1.8417,6.8543,3.9951,4.0166,9.6772,-1.8477,7.3592,9.725,-1.5449,-2.6235,0.943,-9.0093,7.0545,1.3649,-3.8709,-8.6112,-4.6424,-6.02,7.7267,-6.2419,5.1825,2.9288,5.8954,4.6483,4.6521,-6.0622,3.9844,-6.8048,2.4723,8.2601,8.7167,6.6532,-8.1225,4.7806,-6.4564,4.9706,8.5947,8.5027,3.7455,-3.8358,4.2303,9.5164,-6.344,4.8152,5.6186,0.2698,-7.7312,8.5451,2.354,-2.3867,-8.3458,-4.4911,-3.6279,-7.0793,-9.2511,6.1715,5.9762,4.6824,-1.5008,0.7116,-4.9173,1.9743,5.1004,-7.756,2.8637,-3.0601,-3.0334,-6.7118,1.4801,-3.765,2.2113,-3.9541,-0.8542,7.5167,-1.5205,-2.6504,-2.5697,-7.4077,0.3894,-7.7626,-3.4899,-9.5631,-0.0162,-7.977,4.4272,4.4968,3.3727,6.7668,-7.9484,-2.0669,-3.549,-3.3603,5.5215,-3.1169,6.6865,4.9888,-7.0262,5.6678,-0.0501,5.7569,8.1499,-7.6552,3.119,-0.4012
0.1339,-0.9597,3.4904,8.428,-2.908,1.1126,-0.0838,8.349,-4.9721,-1.8017,-3.7853,7.2349,-4.9018,-9.7013,0.0159,-9.3088,-1.8839,-0.8467,-2.3986,6.2578,4.308,2.3752,4.4792,-4.9413,6.4924,-2.1503,-1.8866,-8.8557,7.1884,-9.4291,0.8791,4.9917,-8.2794,5.9143,6.0622,-8.5137,-7.7089,8.8121,7.6715,4.5526,-8.3375,-1.633,-5.2192,4.1037,6.9163,-9.5975,-2.8138,5.2279,3.6351,1.4253,-5.4777,8.0308,-2.0612,8.0659,-3.5607,-8.804,1.8594,-8.6805,1.7987,-5.7776,9.7261,5.1842,6.2947,2.6246,2.3643,-6.7615,5.3,-9.8984,-9.3401,-3.0353,-8.662,5.1679,-0.4226,1.2594,-8.8785,-6.6441,4.8191,-7.5402,-4.6619,-5.0197,-0.7335,4.061,4.3228,8.4792,-3.6817,-6.4372,-3.5161,2.8972,4.3065,1.3352,5.1864,-6.9767,2.243,3.643,-4.388,0.3523,-5.3029,5.8552,8.567,5.396,-7.5383,-6.0326,6.2258,5.4679,-7.4258,1.8508,5.9624,-2.6532,9.2207,9.5757,8.3978,8.016,6.731,-4.2633,-6.3902,-3.6592,-3.2642,0.47,-0.9452,-8.7061,1.3945,-9.1146,-3.2412,-2.6793,2.8053,-0.5406,-3.2905,-0.8036,-6.4567,-6.3698,5.1273,-0.8238,-7.6642,-4.0586,9.7667,4.6888,6.5762,-0.9452,6.8352,2.8661,-7.9417,-8.5442,7.3069,-1.3777,4.0615,-8.2911,8.9433,0.9051,-2.5969,6.6199,6.308,-1.525,0.5161,7.4933,-4.1292,9.6677,-6.2318,-5.0746,3.2467,3.4257,-2.4185,-9.231,1.6401,0.7411,-8.3423,-3.0324,7.8924,-5.9058,0.6236,1.9897,-1.5976,-4.7272,-4.3856,-0.2049,9.867,8.4684,-5.2025,-1.3049,-8.383,6.184,2.0767,8.0314,9.748,-2.392,8.3587,3.9213,-3.3616,-7.0822,-8.0829,-2.9606,9.3793,-2.4135,-8.4092,1.683,0.6407,-7.0497,4.8864,-3.1444,5.0492,4.5558
2.2061,6.5151,3.4496,6.484,9.5793,-3.9225,3.0374,5.8578,1.6437,4.7593,2.7997,-9.714,-2.0238,-0.9302,0.8985,-3.8959,2.6584,-5.672,-4.0154,5.547,-4.5551,4.048,-1.3744,-5.5179,-7.8791,-7.7386,0.1561,-5.0208,-7.1581,7.272,0.7207,5.7692,-9.9331,-1.2885,9.6713,-1.5521,-0.98,2.2967,-1.178,9.2254,-7.0481,-7.1614,5.7294,-3.0458,6.8588,5.7861,-3.7968,1.902,1.8306,8.6303,4.7398,-3.8912,-9.8535,-0.6271,-7.1355,5.527,2.0489,5.9691,3.8817,2.2417,-8.1217,-6.9692,-3.6328,4.2468,5.5248,9.4085,-1.1117,9.9279,-3.4222,-5.897,4.9636,5.1751,-6.2677,-9.6155,-2.7646,7.2196,3.5314,0.0212,4.9704,9.3433,9.0147,8.5694,-3.883,-8.4671,8.2019,-8.4145,-1.4879,-3.5755,4.2443,7.6265,-1.6974,-8.3544,-4.4727,3.0918,0.7397,-5.5924,4.8359,7.1408,2.0646,-0.4856,9.9689,5.4905,8.1693,-8.1061,2.597,6.1009,-9.1022,4.2657,6.7864,-7.695,-0.5284,8.0188,-0.658,1.9139,-3.6571,3.1128,-1.3474,5.928,-7.9121,2.2081,8.4677,3.4452,6.3293,8.4067,9.3739,6.3969,-5.9392,-0.0895,2.4913,-0.5917,-4.3478,-1.8525,-6.3218,-9.1054,-8.8267,2.8389,-4.571,-6.3546,6.5248,0.9902,5.8144,1.6062,2.8135,0.5482,-6.3779,1.0394,6.3845,-7.4624,-9.3581,9.7447,-4.2001,-3.1871,-9.3615,3.2125,4.9133,-3.1379,-0.3214,-9.9828,4.9504,-0.7642,7.5242,1.3265,-3.2566,2.6495,3.6933,-1.9455,-1.5335,8.5864,-6.6976,8.2581,-9.4974,9.5451,3.7861,7.1753,3.2091,4.7768,-4.3017,-0.9134,3.5277,0.3574,-4.8771,-7.871,-0.1109,5.3601,5.3812,0.8499,6.0021,-7.0441,-0.6517,3.2651,4.505,8.9575,3.705,5.795,-0.4312,3.4229,8.2638,5.0192,-4.832,3.9542
-1.7617,2.9158,2.6883,9.6311,8.6337,4.2641,-3.8223,8.494,9.2837,-3.5141,-6.2563,5.1772,-9.6596,0.0333,-0.6199,8.1749,7.7251,7.5491,-2.5204,8.6287,6.0488,6.3178,-6.4224,-3.2407,-1.5175,9.6719,7.2114,8.6495,-6.281,0.1073,0.1234,7.0122,-4.9571,-6.4084,0.9253,-5.1238,3.3954,-7.2902,-2.6508,-3.2247,-2.5412,6.3918,6.6943,6.0924,-1.126,-1.5699,-8.6729,-0.6926,1.5616,8.9621,6.5413,5.6651,3.6467,-9.5297,-9.6001,-9.1269,-9.1336,-6.2622,-6.0533,0.6517,7.5029,4.212,-7.0225,-9.5114,1.0364,-5.695,-2.7819,5.7184,-2.9722,6.2966,2.8154,6.8895,2.7015,9.1283,3.7242,-5.0822,7.3492,0.1276,-6.5177,7.9548,9.6232,5.4703,7.7183,-4.7322,-1.8586,-0.2994,1.3523,-7.4771,-6.4827,-8.6668,-2.1118,-3.687,4.6166,-3.899,-2.0602,-4.1338,-6.1786,-3.9752,-0.2976,-3.4019,-0.6426,9.0648,6.8257,-9.0599,-6.0445,3.4124,1.109,2.0447,7.9359,-2.3937,6.4103,5.7225,0.8342,-8.2621,8.2132,-1.8895,1.8511,4.5232,-9.8581,5.7309,3.6926,1.4346,-2.2146,-7.0166,4.4708,-0.9295,4.2614,-4.515,-3.6701,-8.0991,-0.4205,-2.1682,4.8708,7.6198,-3.0142,2.6933,9.0074,-1.8969,7.7043,-0.2798,1.1048,2.8866,-9.472,-9.9002,-8.3973,-9.2448,-4.9099,-9.2944,0.8917,4.8278,2.047,5.8114,-5.4659,9.5475,6.5675,-9.1629,-6.3902,8.3636,0.3865,-3.4599,7.7102,-1.0052,-5.7879,1.0365,-3.575,0.5214,1.891,1.1362,6.1271,9.6084,-5.8939,9.7315,-6.3501,6.8757,2.3187,-6.261,1.9066,-5.1531,2.5482,1.0004,-1.8374,-0.1035,-4.9361,-3.483,-8.3347,0.4132,4.3656,2.2339,-9.4675,8.4102,3.9477,6.6931,6.3515,-1.7381,7.6732,-1.4031,-0.5754,-4.0837,-5.6589,-0.8606
8.6968,5.6686,7.0352,-6.1341,-5.6959,0.0825,2.6614,-3.1656,-0.1382,0.7294,2.6063,3.4034,6.4118,-5.0993,0.4828,8.8535,0.9581,3.8989,-4.2604,5.9919,3.5096,2.3055,-1.6564,-8.509,8.0003,2.7611,-2.4106,-8.3382,-9.7008,4.4274,-5.7198,-8.1272,-4.4041,-6.0507,-1.3775,2.0257,-8.2666,9.0323,3.1898,-2.2714,-9.5316,9.0401,0.2145,-0.6241,1.2485,-7.9554,6.69,-4.4567,-1.0996,1.7404,-2.8028,5.4607,6.2953,0.4091,0.0187,-5.6507,-0.823,-7.6561,0.6234,-4.8297,-6.0577,2.1488,7.9496,1.8381,-6.224,-7.7623,-6.8668,6.2201,-7.2312,5.3166,-5.7205,-6.6449,-3.5938,3.4253,-4.874,-9.0044,-7.5242,9.1502,0.1532,-3.1842,-7.9501,-3.3411,5.0037,-0.823,-9.1138,-6.1401,9.4937,-3.7641,-0.5436,-0.3686,0.597,-8.9737,-9.0313,3.9636,-3.7454,2.9877,4.0519,8.3295,3.3195,-9.5873,-9.3632,-9.5742,3.3721,-9.7881,3.2162,1.9543,9.7949,-4.7661,-1.6586,-0.975,-1.8229,-4.7081,-1.3336,-4.3935,0.7428,-7.0905,8.4154,-6.5316,-6.3621,-2.4323,-1.1496,-7.0723,5.0989,-7.421,2.6829,-7.3797,2.1336,-0.3306,6.6321,7.2463,2.9945,6.8334,0.4407,6.0083,-3.1989,-0.1453,-2.8799,-1.2961,6.4675,7.7402,5.8998,9.0545,-1.824,8.2038,-8.3715,-0.474,-4.7445,4.1744,-6.8582,-7.5826,1.0691,-6.0189,6.9983,7.9922,-4.2016,-6.1385,-8.7264,3.6949,-8.406,9.1443,6.6096,9.6506,8.098,-8.01,8.4222,1.65,-8.5836,5.7002,5.5251,5.6547,-9.319,-0.8876,2.217,9.6844,4.2487,5.0877,5.9482,-0.6314,-7.3612,-0.0115,-4.5527,-1.3817,7.8984,-6.6372,3.5874,-0.6781,7.7715,6.8607,2.9916,-4.6495,5.609,2.9878,-0.9741,6.3455,-0.6838,-0.3182,-7.6541,-9.6324,-9.1074,-9.2364
-8.5526,-7.6059,-6.0512,9.4633,8.1813,7.4664,1.1682,-8.9128,-9.1812,-0.8502,-0.8791,-2.3656,-8.1496,8.866,-3.0246,6.8618,-1.6889,2.5725,-2.2964,-3.6083,8.4114,5.2592,1.8203,8.9339,9.8104,-5.0341,4.3953,3.0238,-3.0433,-2.9315,-6.0668,1.0483,8.675,-2.4596,-7.5471,1.9153,3.3809,2.6639,7.954,-3.3679,-3.003,-3.7357,-9.0502,8.5844,8.2174,-0.9389,-3.8834,1.1266,-0.1631,-4.7181,-4.2684,8.7133,-7.1894,-7.7085,-8.7492,5.3079,1.5836,-6.7538,1.6928,-2.1035,9.8515,-0.5131,-4.6145,-7.7516,1.3679,9.4097,-9.7142,2.2796,-8.7774,-5.1909,6.6086,4.1937,-8.8391,8.5391,-6.0352,-8.7823,-1.0679,3.999,-4.9479,-9.5128,-7.3471,0.9146,3.119,3.5959,5.0884,0.4348,-8.4321,4.1186,3.8017,-2.7494,-5.5533,-9.5337,0.521,-8.9236,-7.4866,7.4284,0.8583,4.2627,3.3769,3.8427,1.1394,2.1385,1.3528,4.4573,8.5733,0.3287,1.706,-0.2786,-8.5857,-7.5456,-3.6916,0.0963,2.1307,0.3631,7.5708,0.3508,6.91,-0.9135,-8.9684,9.291,-1.0862,-1.0211,-0.3133,-9.4312,-5.1709,-7.3566,9.8684,-2.4216,3.2722,8.0361,2.8129,7.8702,-5.5132,-5.067,5.4729,8.5921,7.9636,-6.9851,-5.2469,-5.7588,2.6281,-8.0154,6.6198,2.1984,4.9286,5.1578,3.8501,-5.9968,0.938,0.1533,5.4257,8.8434,-2.5366,-8.4871,8.6486,-2.8023,-0.486,3.6455,4.5297,5.9646,6.543,-4.5579,4.4546,5.9087,-8.3543,-3.1369,2.4943,4.4524,-2.5708,-1.9253,-5.1875,2.7497,2.5498,-1.9701,-7.1738,5.4434,-3.7681,-4.4322,-3.6922,-5.1712,-4.5672,-9.3346,-5.3027,5.0176,-8.5475,-9.2011,-3.4702,9.7742,-2.4783,-6.5117,5.8414,-0.0417,8.0123,5.5481,1.9769,4.3698,-3.0634,6.8535,5.7641,-7.0237
-0.4973,-2.8773,-9.0198,-0.7627,-2.1577,9.0017,2.0365,-2.2186,7.0404,6.2428,8.0469,0.64,5.4824,5.2935,9.724,5.9578,2.2397,-0.0184,-2.7348,8.0745,-0.6871,-7.6625,0.0601,4.1053,2.2804,5.6609,-9.5665,6.7356,1.3215,1.3482,3.2182,-3.0922,-7.2333,-9.294,-7.0239,7.2533,-6.5698,1.4189,7.1146,1.4355,9.4719,-7.7707,-5.7,-4.9254,-6.9587,-5.7802,-6.3462,-3.0305,5.1869,-7.9701,2.41,-7.1719,2.1652,3.5864,-3.5685,-6.7635,-0.2218,8.5071,-7.8331,-0.3548,-7.9846,-9.072,4.409,8.8536,1.9161,-9.9867,-5.6999,6.9504,1.3866,-6.7272,2.6988,1.9437,-1.5277,2.7636,4.0694,7.6397,3.7977,7.0577,5.5341,6.7641,4.1964,0.1915,-3.0357,-4.257,-7.7877,-8.1229,-2.8982,-8.209,5.6788,8.5618,6.845,-9.0347,5.1509,-0.34,3.7333,-8.4955,7.5704,-8.2867,-8.4588,9.1735,2.7893,-4.5307,0.7331,6.0729,-2.1584,8.2731,9.343,-7.0475,-7.6811,-0.8688,2.4112,-2.406,-6.1262,0.277,-0.5263,0.555,-8.7866,9.6078,-6.6203,5.3284,5.0577,-3.6533,-7.7196,-6.6665,-2.061,1.5852,7.8823,-9.6316,-3.8039,-5.5465,0.8435,-4.8152,0.7018,-8.9934,-5.7752,-6.9739,0.425,9.3909,-8.6294,-3.7768,8.3335,-3.2788,8.7882,-6.166,-7.1375,4.1404,-5.2034,-5.1998,1.4725,-3.324,-4.7726,-5.3944,4.0522,-9.5458,-3.9115,9.578,4.348,-5.6411,8.8086,7.4186,1.1521,-5.1522,3.9352,9.6436,-4.2103,-2.3413,7.6215,-3.4746,-1.2148,2.5156,-9.2554,7.6472,6.9736,4.5108,-4.2654,9.0862,7.9344,-9.8853,-6.1037,6.398,-0.6982,7.3304,-5.025,-8.7534,-3.7913,-8.9439,-7.3435,6.9132,1.6602,3.084,1.9435,7.2391,8.5139,-9.3908,1.8223,-6.757,9.6883,6.6833,-2.0968,-6.3814
9.5447,2.4362,-4.609,-8.8189,3.0231,9.7486,-3.2275,6.5073,8.8279,6.5339,-1.0778,6.3533,3.3615,-8.3664,9.2428,6.8567,8.7182,-6.014,2.7127,-3.5467,4.31,3.8776,2.0705,-3.8909,9.1889,9.8964,7.8453,-3.542,8.9524,9.8805,7.3556,7.2284,5.321,-7.5934,-0.7011,2.1353,1.8072,-4.7903,-2.9578,4.0363,-3.0743,4.1911,-4.4045,-4.586,-3.4901,-3.0663,6.2049,-7.8621,6.0812,-5.7747,7.0013,-3.69,9.8661,8.3032,-8.8949,-9.9765,-8.3228,1.5696,-5.4479,-6.0409,3.7801,-3.5152,4.1378,-8.6445,-8.2364,-0.7418,-7.9209,2.4307,0.4843,8.1422,-0.0054,-4.9166,9.0648,-6.4345,2.3489,7.6797,-5.1775,2.2349,-8.047,5.9088,9.3522,-8.0839,4.8677,-3.5045,-6.3255,-5.8021,-1.2207,-6.7387,-1.4937,-5.9369,9.5256,-9.1339,0.5011,-1.4324,-4.9061,-9.0611,0.2768,-4.0551,7.3077,-0.4231,3.5235,7.8802,-9.1933,4.4851,-3.1524,8.072,-7.3797,7.4821,-7.2054,-5.4981,1.899,-0.2622,6.9785,-2.9153,-2.6113,-4.99,-0.9093,-2.8305,-4.1574,-7.9277,7.0008,-7.5198,-9.9192,5.3165,3.4368,3.6884,-2.6671,-3.1305,8.3882,0.933,8.9172,-4.8098,-1.7988,0.9443,-9.1637,8.1166,3.4036,3.5991,8.348,-9.0078,-8.2735,-0.3028,4.0844,4.5657,-0.2413,-8.1569,-1.0154,3.2779,-0.4115,-5.0984,-3.2087,3.7677,6.0326,1.0188,-0.9408,-0.5643,-0.5713,-1.5589,-1.4671,0.1958,-3.3376,6.5912,1.0156,-0.3316,-0.6666,1.1264,0.9033,2.2198,-3.5003,1.9651,-4.4193,-6.5314,0.7058,9.2143,-4.7581,-5.143,-1.8575,-1.0813,8.1455,-9.7898,8.936,-5.6783,-7.8008,2.1286,6.7767,6.2212,6.7716,-2.6338,7.9003,9.6435,-3.899,7.6115,0.9468,1.2937,7.2876,0.9278,-3.209,1.0809,-1.1589,7.7634
4.8758,-2.0872,-0.7038,-9.4124,-9.5559,6.5669,6.7947,-8.3314,-9.2963,6.702,0.4138,5.2104,-1.5786,3.6297,9.9424,-5.8153,1.5695,0.2372,-5.8059,-2.9148,-1.0503,-7.0247,-6.734,9.1688,-6.6699,-4.3326,5.6578,7.8652,-3.4675,-7.3997,-3.5796,1.9156,-6.9986,-8.3571,-8.4283,0.096,-3.1767,-9.6508,-1.7936,9.006,5.7851,5.5433,8.5918,3.4227,9.0259,-1.0187,-5.8885,5.5551,-2.2306,-1.9197,-1.0884,-1.6774,-4.5613,-1.454,-4.7412,-2.0791,-1.5999,-2.3457,-2.6326,-3.6422,8.2867,-6.8314,5.5208,8.4932,1.9414,2.1216,4.7178,-8.9785,-5.6214,7.7732,-6.5953,5.1673,-9.1653,-3.9504,-8.6847,8.6922,6.6582,-2.5627,-2.3809,-8.3822,-6.635,7.2386,3.7027,-7.9239,-9.7325,-4.2958,-4.0764,4.4523,-4.9548,2.6041,1.2335,9.8537,8.9349,3.8188,-7.9481,7.9953,4.3754,-9.697,-2.1139,6.7046,-7.2552,-6.0338,8.6773,3.8573,-8.7285,-2.6925,3.4266,-9.4567,-6.8954,-3.227,-3.6241,-4.3205,6.9061,5.7732,-9.1044,-7.1011,-8.4373,2.4972,-8.4267,-2.9892,-4.8325,-5.3149,-3.0774,-1.021,7.3036,-1.2421,3.5101,-0.6849,-9.4635,3.0674,6.9707,3.4949,-9.1601,4.2901,-8.2568,5.4214,8.6306,6.2825,9.0912,-8.4341,9.2401,-0.0902,-1.7282,1.9903,0.9164,5.7519,-5.601,-4.4275,3.027,4.7304,-3.3544,2.4428,-8.3222,9.7283,-4.8958,8.1644,4.9061,5.5701,7.9648,-3.7586,-3.1764,8.2956,-3.1281,-8.9144,2.4473,9.243,9.654,1.7107,-4.3568,8.1243,7.6336,4.5041,9.0014,-7.8921,-5.8829,7.627,6.2526,4.013,2.0216,6.9152,1.534,-2.7739,-4.178,6.5101,-1.5493,4.7887,3.3008,5.7969,-2.4228,-2.2347,2.619,1.2419,-4.3091,-6.7728,0.6434,-6.5966,-0.1769,-9.5915,3.962,4.4443
4.8932,8.7561,-1.7318,-8.5057,8.623,-4.7261,-9.3329,1.4653,-7.9777,-4.1085,0.2889,-8.9966,-0.1983,7.2746,0.0102,-7.5317,-3.5189,-7.7359,-4.5322,2.982,4.7256,-0.3308,-7.8046,8.3632,6.7422,-5.4126,-2.4795,1.1984,5.0485,7.1999,5.8029,3.088,5.886,-1.0904,3.962,7.1303,5.4599,-3.2331,1.8521,4.3983,1.8436,8.8843,-1.6815,-9.8424,-8.3079,7.2029,-8.9346,-4.5117,6.6753,-3.6332,6.5909,1.808,2.5745,3.2293,9.3189,-6.2734,1.9912,6.9279,-6.3373,-6.9272,1.5079,0.0373,-6.6871,7.9318,-1.9434,-4.5857,8.8394,-7.4899,-4.2969,8.1563,6.185,-5.4219,-1.7336,-9.3926,-6.0539,-9.8862,6.548,-6.6787,-6.3794,4.4726,5.6886,1.931,1.2031,4.5436,8.4506,8.2766,-2.567,-2.1082,-5.9683,-5.6838,-2.0288,9.8696,-0.3344,9.8799,7.154,6.5164,-9.2409,-6.5706,8.2365,8.5707,-4.3791,-5.9969,-0.6355,-2.3406,-5.0993,1.6646,5.425,-8.4815,-0.6256,-3.5494,1.7129,3.3946,-1.652,5.2868,-7.1554,-2.8115,5.0595,0.5015,-1.4036,-3.7492,-8.4172,-5.6748,5.1007,5.2647,1.4361,-5.0769,-0.6972,0.6884,5.318,-4.5728,-4.2979,8.456,-7.6407,-1.1989,4.5385,4.9188,-8.1119,0.9336,5.9243,6.4333,7.6501,-9.5314,-9.4087,7.5316,6.0928,-7.8171,-6.1663,-1.0884,9.8318,4.8266,-8.8403,-5.4899,6.9725,1.1055,8.5295,-1.2647,6.3033,3.7853,-9.9036,9.2536,0.8247,0.9575,-1.052,-6.0945,-2.6664,-4.83,1.7858,9.9835,-4.6293,4.5683,-5.9812,9.0042,-3.2977,6.4925,9.3843,-1.3394,-2.3093,5.814,-1.2304,-8.4728,-6.2162,5.8104,-9.3958,-8.0137,-8.0725,-5.1685,5.7197,-6.6686,1.6942,4.3099,-6.1651,-3.9937,-4.254,-8.9684,3.7846,-2.709,4.2334,-7.0226,-4.0062,-6.0614
-1.536,-9.3465,6.2281,7.6913,7.3263,4.7942,3.4094,6.4263,-2.6312,9.8508,-7.7019,-8.2256,5.3928,0.0121,6.694,9.1837,-6.9236,-3.7472,-1.2187,-8.5755,1.6988,3.0228,7.6448,-4.7115,-5.0565,-1.0986,9.7798,-7.3622,5.6086,1.5159,4.5306,-0.5552,-8.3961,1.7687,0.7812,1.9325,6.1134,9.6566,8.54,-0.5229,-0.3387,3.147,-1.8376,-4.1831,8.5862,-0.3796,-2.6971,0.5559,5.0897,-8.1388,2.8082,-9.602,-9.6727,1.7894,3.8586,-6.7838,0.602,-4.531,7.6084,5.112,-6.7815,-8.4389,4.7142,-6.4785,-7.9726,-4.3027,-0.9415,-8.7218,-4.3348,-9.1252,6.7524,3.0895,-4.9519,-3.7589,-3.7697,9.2892,-3.3457,-4.9452,5.2171,-3.2946,2.0497,-3.7434,7.3438,-0.4558,-9.9649,-4.2213,4.9911,-7.0005,6.2164,-5.2235,4.404,7.3567,-6.0355,0.0147,5.004,-1.5808,-8.9273,3.3926,-0.7138,-5.4725,-4.2791,0.6799,7.5959,8.7168,4.6136,-5.615,-6.2618,-7.368,-0.8815,-6.7873,4.8045,9.9763,-9.6501,1.7585,7.5601,9.6392,6.1584,-2.9514,-5.6099,2.5019,-1.4559,9.7747,6.5511,0.6137,4.4092,-8.0737,-2.2196,-9.477,4.7042,-0.0144,-9.0529,3.723,-3.245,6.6567,-6.0271,6.4159,1.3044,0.1003,-6.9514,-3.4304,9.102,1.4558,-8.2332,-2.5424,0.2578,0.605,2.6486,-8.2145,-6.5539,7.2624,9.7707,-3.735,-2.461,8.0297,0.058,2.5105,-7.9835,8.1895,-5.0957,2.9065,8.7025,6.668,-9.4193,3.2845,-8.1941,-6.7531,-0.7971,3.7116,7.1808,-3.3938,-2.8092,3.7134,8.1053,1.522,2.1054,-1.9094,-6.2569,-9.4084,-3.205,-5.678,-8.6771,-3.6793,8.4515,8.3777,5.734,-7.1422,-5.1017,3.2498,5.1171,-0.4638,9.594,-0.3234,3.8788,4.9611,-1.5281,7.2168,4.3316,-4.5253,2.2185,-9.1656
-1.9816,-4.2633,-5.0698,0.6692,-0.8384,6.0122,-5.5797,-1.5366,0.137,2.2466,4.9456,-8.2992,2.3743,6.9297,0.9464,2.7577,-0.8381,9.5551,8.4607,3.3038,7.0078,4.2984,-8.6558,-6.5002,-2.9034,7.8982,-3.9263,1.1409,-1.2826,4.0239,-9.8871,-9.6113,-6.8675,-5.1128,4.2101,1.9664,7.5669,7.5043,5.2488,3.3453,0.9054,4.5841,-9.1812,0.9123,6.1157,-9.7465,-5.5017,-8.0384,8.1379,-1.8125,-3.4465,4.4158,-4.9778,-1.8246,8.297,-9.1681,-7.7087,3.5117,1.9063,-1.2906,-2.8067,-7.3079,-9.1099,-7.5562,-1.6707,-6.7725,0.8088,-7.1631,5.2292,8.4498,-8.7082,3.8987,6.14,-9.7566,-5.3236,-4.1713,8.6414,0.3208,-7.1733,-5.42,-5.8022,-7.1634,-2.8696,-0.2832,-8.2269,-1.4468,0.357,-9.6474,-3.5498,4.4346,-5.3744,3.5157,6.2259,-4.004,0.2328,1.3254,2.9531,6.4368,-0.9283,-8.6528,9.5144,6.7644,-8.7821,-9.5915,-1.6491,0.5037,9.4456,5.887,1.9044,-3.585,-2.618,-4.1847,4.6001,2.9944,2.8287,1.6766,8.7726,-0.7776,9.0467,-5.652,4.4374,-4.1687,-9.6119,9.7269,7.4466,0.2853,3.024,7.1962,-8.4255,8.6903,4.1819,0.4429,2.615,-5.3133,-6.5676,9.2359,-8.3475,-7.7574,3.0946,-7.0056,-2.5814,-3.7711,-6.5909,9.2112,6.9374,-8.8492,-7.1519,-4.6146,-6.8049,5.2177,-0.1416,-6.319,-1.6354,3.5393,-7.864,-2.7582,9.6488,-6.2096,8.276,-9.6867,1.8061,-7.785,4.0126,6.4387,9.198,2.1879,-7.3275,-3.8715,5.4112,-4.8008,3.0188,-0.7929,-2.3411,-1.0991,5.7939,-2.2042,-1.4992,2.5587,1.7791,-0.3362,7.382,4.9008,-3.4043,-3.4607,8.814,-6.048,4.1279,4.2274,-0.7666,-2.3367,-2.7434,5.9867,2.3423,1.3561,4.3169,5.6535,4.9995,0.6691,-0.6075,1.3252
7.6765,-3.523,-3.117,-8.0714,-8.7043,-8.8451,1.5035,-0.4355,5.3011,-5.1605,-4.0436,-5.9563,-4.9094,6.9671,-4.279,6.1068,6.0192,1.1172,0.4561,-9.5231,8.2732,0.4448,7.0873,7.0479,4.6869,-7.9436,-0.2433,3.5094,-4.6306,-6.7776,9.1318,9.9583,-8.6406,6.0144,-7.8438,-7.306,-4.399,-3.1863,-4.2609,9.2142,2.1924,-9.5697,-7.4456,9.9433,4.442,-4.9227,-0.6612,8.4232,1.4412,-2.5019,4.8765,4.3104,-9.4659,6.4275,4.0134,8.0778,-9.3221,9.9564,5.7551,-8.3279,6.9642,-7.3408,0.499,-3.2157,-5.9198,-2.2979,-3.7285,4.1924,-1.1161,9.7736,-0.8252,4.7768,6.4415,-6.8109,-8.2026,-2.9011,-5.1887,-7.256,-0.8557,2.2359,4.7861,-7.1815,0.4223,5.8648,-4.4997,7.2716,9.7107,-4.5057,5.6643,-8.631,-3.8985,8.221,-2.5013,-0.6804,5.9507,-9.6107,4.8187,-9.5032,4.0147,2.9307,1.7976,0.6955,9.0697,9.8328,6.067,-4.6267,-1.3259,3.2503,-9.5536,-6.9434,-7.8687,-8.6425,4.768,-6.8937,8.2912,-4.9572,-6.7193,9.9272,3.9531,-1.1591,-5.0929,-1.9602,3.622,-7.4311,7.9847,5.6827,5.5498,-5.3265,-4.1195,2.9519,-7.946,7.631,3.4584,-8.5574,9.5218,-0.2665,5.3401,-0.2246,-9.5452,-3.3905,-3.2176,-0.4214,-5.183,4.3359,8.9799,-1.2276,-7.6193,-0.5055,-6.3479,-4.9115,-5.5064,-8.1341,7.0754,-8.666,-1.1331,0.5878,8.1768,0.0156,4.2674,6.8648,-7.0673,6.9969,7.2964,0.2599,-6.5746,3.5979,6.0824,4.1937,2.9039,-2.6797,6.5694,3.4752,4.9512,8.8828,2.1325,-1.4233,3.8396,-9.3223,-4.8651,0.9718,9.2104,-9.6929,6.6383,3.4008,2.5921,6.2062,-4.8673,0.95,5.6535,9.7859,-0.6974,-3.9705,-0.1297,-3.2812,-6.5117,-5.2488,3.7547,7.9678,6.6637,-2.0645
-7.0484,-0.634,-9.3668,-3.3776,-8.6117,-6.8666,-9.5661,4.8902,-4.9626,-6.1195,-4.5213,9.6315,6.9117,4.1319,7.0324,7.9884,-8.4097,-9.7733,-5.1947,1.3237,1.2549,-5.9169,-6.7043,-2.3171,4.3178,0.3225,3.0301,-6.1897,0.7133,5.594,-3.4903,0.4576,-2.8832,-1.9337,-2.18,-3.0145,-7.2223,-9.0663,1.2673,0.565,-7.8123,-7.8663,-4.0602,-6.9867,-4.6871,-0.7218,-5.0379,8.2687,-3.3487,-2.1822,-5.4861,-1.3228,-0.9745,-9.4313,8.4055,9.9632,7.7174,9.4403,5.2755,-9.0763,4.3871,-8.3734,-7.541,5.1876,1.0799,7.9769,5.4878,-3.1679,-4.4949,2.2671,-4.4958,-5.7299,7.8406,-3.043,7.4475,-5.4174,-6.8907,0.6984,3.5352,6.9239,6.4868,-6.8404,-9.5192,-7.4963,6.1707,1.0225,-4.6691,-1.8238,0.2369,-9.5341,1.3044,-1.9922,-0.3286,-5.0007,4.345,-9.1652,-8.2082,-0.1063,-4.6085,-3.2449,-6.1509,0.4045,-8.9959,-5.2483,7.0841,5.1867,-3.4804,3.0055,-8.6044,3.1748,0.5847,-0.1592,-4.4069,-6.0048,0.1128,3.2668,3.2698,-6.6246,-1.265,-4.3563,4.4569,-9.6933,-5.6496,-8.0034,-7.9078,2.3844,8.6142,-7.7304,6.7878,2.3042,-4.7195,-9.2113,-0.0183,9.2205,-7.4044,8.1839,4.195,-6.0902,-0.8905,0.6577,6.4478,-8.5926,4.9903,7.414,-8.7155,6.2226,3.6115,-4.6564,-8.7272,-0.3601,6.3302,-0.5402,9.8469,-2.8561,1.1265,3.1152,-5.3616,9.035,6.0536,6.6178,-6.2774,-8.6121,-6.78,9.0275,-1.3275,9.7697,-1.3348,-2.7593,7.7848,1.5478,-3.8674,-1.9493,-6.1317,4.552,4.9709,-8.421,1.6593,1.0378,8.3506,4.3405,-6.0505,2.9894,5.0743,2.2064,5.3482,-8.5587,-5.759,7.9616,-1.6132,4.9511,-0.5777,2.1448,3.3717,-7.8947,-9.2432,5.5232,6.8303,5.5064,9.1954,-7.4412
9.6227,-0.6447,-9.1258,2.2233,2.7131,2.4689,-9.1848,-8.0516,-8.7758,5.8962,6.7898,8.1516,2.5954,-6.2279,8.8414,-4.5651,-5.9455,-9.7252,3.3333,0.7842,-4.1602,-6.4618,3.4939,-6.3864,1.9083,2.7034,-6.7172,4.9142,-4.6064,5.8344,4.4374,-4.0858,3.5827,0.1349,7.9625,2.172,-9.8397,1.7706,-7.7258,7.8116,-4.5034,0.5482,-2.0615,5.7336,7.7137,-5.0066,-0.4619,-9.055,-8.0335,0.0049,1.7862,-5.9395,7.8896,9.3677,8.6282,-7.8951,9.0554,-9.48,9.0318,-4.8466,-3.9676,3.2433,-1.5753,-2.2519,-6.8126,3.4614,-7.8955,-9.1966,6.8786,-9.9378,8.4682,-1.2123,0.7263,0.1852,-1.6972,5.3631,-5.1009,-7.41,-5.1799,2.5297,-6.0557,0.7472,-7.3496,-1.9813,-7.8217,-5.0005,3.0777,6.2008,0.8866,3.9773,-8.9541,2.4485,8.4246,4.248,-2.8326,-7.556,4.8738,-6.4676,5.2742,-5.4541,6.1065,0.7367,-2.4171,-4.5828,-1.8785,7.3582,0.147,9.6751,9.2675,9.1538,-1.9315,2.3828,-3.846,5.1302,4.0066,-6.7595,0.0165,-0.1056,-6.7566,-2.7367,8.8405,7.8234,9.2656,-7.1291,3.7211,-7.069,-4.0904,9.4143,3.9394,7.4325,-0.8299,8.7233,-1.3508,2.6924,-2.4842,6.012,-3.5234,8.2582,4.401,-0.1271,2.587,-1.6413,3.7042,-8.0435,-0.1472,-1.7553,-0.7553,-3.6751,3.4959,0.6881,2.1921,9.981,6.3398,8.7262,1.3843,7.605,-3.5775,3.2509,-3.538,4.9711,9.2705,8.9888,-8.8777,5.4053,-6.4964,-5.033,5.5193,5.8863,-1.181,9.4219,6.144,-9.1134,0.5549,-0.5535,0.9812,5.6218,-9.704,-7.4289,-9.3943,3.9946,5.379,-8.8704,0.7562,-7.6506,-6.5919,-2.6723,-2.5845,-2.2824,8.7174,-8.5356,7.1552,5.3784,5.9519,-3.7496,8.5412,-8.0541,2.8762,7.3709,-9.2147,-2.802
5.0427,-9.7375,-3.5152,6.8413,9.7546,-4.4755,7.4703,5.2199,-3.9991,9.8803,-9.1872,8.6573,9.8194,-5.9238,-4.5179,-8.3477,-8.1166,-9.5746,-9.9988,9.2306,2.93,2.94,5.4561,5.019,-4.071,8.7573,5.6316,9.3358,-2.5778,-6.2719,4.7093,1.4058,8.6822,-2.452,3.7873,2.2588,-7.6593,-1.9028,0.3135,-4.7304,-4.4101,-5.974,8.5693,2.8108,2.4472,-4.6331,6.494,6.7455,4.7778,-6.6954,8.1829,4.2661,4.1511,-9.4015,-5.9261,5.6083,-6.8745,1.5294,4.6126,1.9621,4.5523,-7.9538,5.0437,-1.2354,1.7424,9.5338,-3.7619,-9.1052,6.1516,-8.3566,-3.0966,5.4954,6.871,2.8882,9.3607,-9.917,2.9781,3.3194,5.5892,-9.8381,7.6129,-8.8091,0.9175,4.1998,-7.1703,3.0034,4.363,2.422,2.0686,6.8569,-7.0345,0.4604,-5.09,8.6003,5.366,-7.5863,-9.9231,-8.7027,0.0755,-9.2488,-8.0289,1.0227,-2.1091,-8.805,-5.2319,-6.1613,2.7761,-1.5108,3.8483,8.9318,-5.578,1.5616,2.9243,9.3295,8.264,9.3286,-4.02,-1.3151,6.9395,9.9323,2.4823,-2.0538,5.7604,3.3998,-4.8802,6.9648,6.9451,-9.3732,3.1487,6.9664,-2.5042,-1.64,-1.0808,4.4103,0.1213,3.3362,-2.0717,-2.9646,6.9038,-2.903,-7.3651,2.0745,-9.8834,8.553,0.6889,4.5387,9.8074,8.6164,3.0666,2.4735,6.5339,6.7538,-6.6185,0.9009,-1.457,-2.0347,-8.9347,9.8636,-4.347,9.1431,-2.8734,7.9273,7.3416,-0.642,5.5549,4.0999,9.3988,-0.5023,9.7684,8.8925,-3.0801,7.3558,-7.4451,8.6194,3.0442,-4.115,-2.1528,5.3055,-8.2451,5.1053,9.5264,0.0408,-6.7639,-7.3908,-1.4559,-2.8489,7.8412,9.2338,-4.4545,6.9881,1.859,0.0369,-4.0336,5.1177,9.751,9.5744,-4.8671,9.6916,-2.2078,-4.2313
-0.0878,-1.8046,8.6949,-0.6029,-8.3082,8.2514,0.4479,7.3119,-4.3662,6.2752,2.3307,-8.6609,4.2819,9.9371,-6.0313,5.025,3.1259,9.6903,2.2902,-8.7493,1.8544,5.3634,2.9308,9.889,5.5073,-8.5678,-6.0483,-4.7516,-1.2541,4.7444,0.7472,-6.9212,8.513,8.2105,1.8379,-9.15,-8.1129,-0.0975,-1.2575,2.2427,-9.6074,0.1935,5.0987,7.3423,5.7794,8.8243,-0.9093,6.0882,-4.6633,6.4677,2.0567,3.6861,-1.3072,-5.5111,5.3215,-3.1837,-9.7997,3.603,8.2844,-6.5156,4.8638,-5.2784,7.9368,4.9007,-0.0115,-1.2384,4.4604,6.7776,-5.105,0.0121,-3.8893,9.7609,-1.0539,0.1379,-8.5504,8.4167,9.1589,9.2372,8.887,8.3131,8.6654,1.9776,-9.8623,-5.4805,1.256,2.8497,-8.5732,-4.9453,9.9439,8.2673,-7.5713,-9.9963,0.805,9.2809,6.2961,4.0415,-2.3014,-1.4481,6.1193,4.5302,-6.463,-3.001,8.4319,-8.8349,7.693,6.8999,-5.3623,3.3594,9.8213,3.928,3.4964,3.3019,6.9462,0.1248,-1.2275,-0.3761,-5.7643,3.9454,4.32,5.7775,-3.5484,-4.3943,8.7226,-6.208,5.6869,8.372,-7.7129,8.5322,-0.8877,-3.2699,7.343,-6.9537,-2.88,-4.8993,5.0429,-6.2513,-4.0572,3.5305,8.9066,5.6647,9.0976,2.3109,5.306,-3.5312,4.6097,1.9869,0.2049,-8.2259,1.8319,-1.1944,6.0778,-5.7401,8.0174,9.8257,-8.5287,3.8214,-8.9384,8.7687,3.4268,8.584,-9.1567,0.7542,-5.4307,-9.8974,1.9669,1.1139,6.4185,-3.0461,-7.2883,4.9889,-9.0476,-6.6022,0.9208,-8.3621,0.6082,-6.8606,0.5424,4.0137,-3.3087,8.8013,9.7039,0.6097,-5.615,-8.3854,8.6445,9.1165,5.981,-3.8363,0.7861,-2.4239,-6.7601,-9.4916,-4.4664,-2.5279,-2.7215,-4.1063,6.7135,2.7527,8.3816,-6.2157
-8.7458,-5.3423,1.9074,-1.5139,2.5684,-6.9067,3.3241,2.8223,5.8763,1.2361,-9.8386,-1.8971,-0.7799,-2.6308,9.8552,-3.1599,-2.4984,0.3539,9.0295,7.4468,3.5797,9.5993,7.0196,-9.0083,-8.5544,-1.9174,-5.663,5.7593,3.053,-4.0581,-6.4612,7.174,-8.0874,-9.2339,-2.5098,7.2276,-1.2614,-6.7274,6.0246,5.6575,-6.5742,-9.6785,6.4405,9.2847,7.6976,2.7427,7.2384,6.6583,6.0844,-9.728,-5.4004,3.8154,-3.5549,-6.2498,4.7753,-5.1034,-7.4197,-2.13,-0.7105,-6.8931,0.0998,-4.4904,-9.7535,0.6135,4.5524,-6.272,3.7399,4.6615,-7.7969,3.438,-7.7251,7.8653,-7.2194,4.2284,3.8894,4.5804,9.8362,2.6525,0.7078,-0.5958,-7.3311,-7.8055,6.9188,-6.2775,-8.4813,4.2718,-8.1492,5.2646,-5.6169,3.8082,0.4514,2.7742,9.2892,6.491,-1.2987,-2.2586,2.186,5.7957,-2.7356,-2.3657,-3.5357,-8.3817,8.3596,-2.5402,-5.4653,9.3342,-9.8326,-9.1699,7.2881,8.4788,6.5047,-3.6572,4.6385,-9.2882,-5.0184,-0.8263,-1.7471,-8.8123,5.9644,6.2891,2.7201,-0.9284,8.7084,-8.641,3.5014,6.9826,-5.4329,5.7382,5.4897,9.4952,6.5251,2.2908,-9.691,-2.3742,-3.8038,4.9874,-3.7468,-4.4136,-4.6841,4.4969,-8.3076,2.0634,-3.8042,-9.7259,4.9911,2.5455,-8.2078,-1.1784,-2.6336,-7.7422,-0.0764,1.7872,5.6786,-1.418,-8.2913,3.3251,-9.0968,-1.482,2.249,7.2666,-1.4032,1.6005,-3.4106,4.247,8.8729,-0.677,7.9287,5.1577,4.8876,8.3799,4.0369,7.5202,-0.425,-3.5374,0.3557,9.7484,-6.9977,-9.5811,4.0404,-2.0225,7.6499,-2.5169,5.6119,5.6356,-7.9898,-3.08,6.898,7.6598,9.6447,-6.6714,-9.5134,5.7687,6.5084,0.8754,3.8558,-9.2443,-8.7951,7.2041,0.9536,7.9965
7.8651,4.3574,-8.0993,-5.2214,7.2712,7.8933,-1.6033,-1.8719,-6.6643,9.2147,-6.415,-2.8659,6.6862,-3.3713,-7.4931,2.4881,3.5289,-6.8224,-3.0308,-1.7226,7.2954,-8.8334,9.3676,4.8224,6.5404,-6.6463,7.9357,-4.5554,-7.0681,6.3333,-5.9923,4.0114,-3.2514,-3.175,-3.1648,5.7724,2.9741,-4.6976,9.0811,-0.7084,7.8155,4.3225,6.9286,-6.627,1.6389,-7.121,-9.8912,0.7012,2.6725,-8.4174,8.4279,-5.7789,-7.7094,9.9157,-2.541,-4.6176,6.921,-1.18,4.9291,-8.2285,-2.9713,6.639,9.5118,-5.7025,3.2887,0.853,-8.3741,7.8052,0.5852,5.6348,5.1619,7.9778,-3.8308,-5.1899,1.2919,6.9794,-0.6018,-3.78,-3.7254,-4.2977,-6.6062,-3.2072,-3.3838,7.7516,7.2978,-8.0775,-6.1927,4.8604,-7.0021,9.7621,1.1553,1.8891,6.978,3.3184,-0.289,2.631,3.9356,1.5603,-3.6986,4.4529,7.1735,-5.6797,-4.7878,5.4903,2.586,-6.8536,-8.6743,-9.0403,-2.7612,6.616,4.6033,-2.0712,6.4752,4.3802,0.4219,1.6894,9.6269,-1.8014,2.7195,2.9434,5.6031,-0.6137,-3.8916,-7.5341,3.3908,-2.9573,-3.6568,-6.9909,-0.6701,-9.9706,4.7664,-0.1367,-9.4515,-9.13,-5.3478,7.6121,-3.4465,-8.8047,9.8098,7.3292,-7.5638,3.1876,-1.7543,-3.8933,1.5488,6.891,3.6431,-6.8437,4.9335,6.7226,6.5822,-8.0446,-3.7751,-6.5664,-0.0071,1.4146,4.8901,-2.4213,-5.0086,8.4231,-9.8732,8.0622,4.2716,1.4999,-2.0013,7.3904,-3.4849,-7.5098,-1.5937,3.2699,-1.3341,5.5393,3.8152,-7.6366,8.9088,4.6273,-9.079,7.9406,-9.9141,0.4551,-7.5646,4.1794,-4.8888,4.6529,-0.7702,-0.1323,-5.148,-3.8918,-7.1083,-2.4701,-1.082,-7.4023,-3.6495,5.9124,6.3799,-0.8563,-3.848,2.7592,4.3594,-9.1138
0.8831,-6.4757,-8.8763,-4.3411,1.876,3.8395,-1.4568,-2.8279,5.9587,-3.4235,-0.4606,8.7061,-0.2564,6.8744,-5.709,-3.8985,1.9611,0.0823,-6.1136,-9.2881,-8.0529,5.9654,5.9571,-4.7136,2.4229,-7.2291,-7.2544,3.9578,-0.0343,-6.9706,4.238,7.2539,7.2555,0.9727,1.4312,-1.9181,4.7157,-5.391,-4.5076,-0.3857,-7.3894,5.8026,9.2025,8.4506,-6.7256,-9.4656,8.9131,1.5427,8.604,0.7852,-7.7868,8.1826,8.5629,-1.8983,-1.1484,-7.6913,-4.402,3.0224,9.2935,-0.4909,1.4177,3.7495,0.1361,-6.5987,-3.5495,-2.2868,-1.6521,0.6002,0.3631,5.1878,-4.3745,-4.1697,-2.7418,2.9803,3.1687,4.2198,-1.8357,5.2413,-1.1121,-4.037,6.7201,3.5184,4.9431,-2.7984,-2.0847,-8.0825,-0.9001,6.0789,5.9725,-8.8618,-4.0938,9.9153,5.1433,-7.2257,9.3718,2.5823,2.4244,-4.72,8.7062,9.0301,3.379,-3.2946,-3.0441,-6.1131,-9.3474,3.113,0.7643,-8.2482,3.8309,-4.5719,2.0425,-7.5898,4.293,7.0329,-4.1546,-0.5548,-8.5365,0.5423,-1.6635,-3.2363,5.2591,8.0168,7.4348,7.7719,-7.1924,-6.0484,9.0076,6.1627,-1.5341,3.7279,7.0744,-0.9256,-7.378,2.9441,6.1014,-8.1029,2.6604,0.3071,3.7618,-9.4772,-7.5866,3.2538,-1.2132,3.697,-4.528,5.6248,-5.9781,5.0344,2.7094,-9.5728,-9.0895,-8.4656,7.443,1.0356,-6.3039,-6.7618,-9.9269,-3.5483,-4.2857,0.4703,-0.0919,-9.329,2.9623,3.8647,-3.0162,6.1423,-3.2314,-6.5238,6.7943,3.4505,4.6914,-0.9506,-4.0517,-8.7422,-2.9201,0.2259,-0.7715,-8.7909,6.8569,5.9521,-1.6859,9.3266,6.0838,6.6843,-9.5102,2.3238,-6.5144,-0.4275,8.4196,-9.47,9.049,-7.4636,-5.9211,-5.1381,8.043,0.9054,-3.1699,3.3205,8.9247,-6.108
1.3681,-2.9033,-0.6674,7.4981,-7.4602,4.3941,-7.0217,-5.3256,3.9669,7.5693,-7.0938,-3.4081,-7.4218,-3.2524,-5.2607,-8.5438,3.1085,6.1587,-2.4493,-5.7488,-2.6109,4.0584,6.8954,-8.9588,-6.044,5.1272,1.245,2.0196,-2.1321,-0.5406,5.1297,1.5025,-8.0781,4.6052,-7.2326,-9.8504,8.2607,-3.9916,8.9687,-6.3828,-2.5838,8.7561,0.6788,6.172,-4.633,-7.5469,5.5191,2.3068,-6.2852,-3.5505,-8.179,-5.0726,-4.5225,-0.0635,-7.8349,6.0367,-4.0634,3.4309,-6.9399,-2.6236,7.2015,-8.0832,0.008,-8.6466,0.5372,-9.0239,0.5461,-0.5262,-2.3242,-4.5601,-1.5704,-7.7608,-9.2671,-3.7896,-6.2183,8.4503,-5.9358,3.4198,1.3831,-9.6139,-6.6235,-9.9545,0.424,2.7271,1.191,0.7464,2.1772,7.7408,4.5717,-9.1844,6.2299,2.3658,3.7359,-9.9186,9.5917,7.1315,-4.8366,-6.8825,7.2357,9.2481,-2.356,-2.0068,-6.2884,4.9396,5.3384,7.8349,9.799,5.9546,-4.549,5.318,-3.6367,-6.6606,5.0612,-8.4323,-6.2633,-5.0546,-6.5746,-4.8736,-1.2991,-1.8454,-6.6917,-2.8895,-6.6369,1.9141,5.0972,7.1991,5.989,-8.8998,-3.1724,-5.4357,-0.4122,7.7972,3.4665,8.1122,-8.2869,-2.0254,-6.7473,-9.3104,-8.6926,3.6092,-7.2005,-5.9819,0.1656,-4.2015,-9.289,-1.2562,8.8768,-0.3825,-8.7586,8.803,-4.8161,-3.8332,-7.1933,-6.5058,6.1275,3.368,2.861,1.4212,-1.5035,-3.0963,-7.0982,-6.2737,3.6509,6.8597,2.3594,6.2796,7.5572,0.0513,-4.8814,-9.7777,-8.8953,9.2188,-1.6387,-3.1819,-2.346,8.0005,-7.421,-2.2468,-1.9141,8.5379,1.3491,-4.4085,-4.6484,-9.8146,1.1542,7.2176,-4.6993,-7.8411,1.3726,-5.1819,1.8787,-9.6833,8.043,-5.3486,-5.0748,-8.6876,-1.5128,-9.5443,5.0996,6.4469
-1.1267,0.659,-3.0751,9.9298,3.9301,2.8333,6.2856,-6.2229,-8.6691,4.7653,-6.4904,-4.5998,2.7888,7.5001,-9.1779,2.9358,-3.8097,-6.2601,8.3815,-1.1949,-8.9371,0.0937,-6.364,1.0947,2.4297,6.8983,4.7024,-9.8316,-7.8318,0.8574,-4.8249,3.4502,-2.5541,-4.5763,-1.2937,0.4712,-6.0612,-8.0765,7.1739,-9.2538,-8.6882,8.517,8.7328,-4.3899,5.5381,6.9074,-1.1942,-1.2172,-3.0497,-4.9581,9.537,-6.143,-0.1901,3.3005,3.122,8.4318,8.201,-8.5139,-1.2212,9.2742,0.3538,3.8851,-4.1892,-4.9267,0.4117,-0.3748,2.9224,7.0805,4.6941,8.1436,-9.3545,-5.2774,6.6874,-6.8869,8.8806,-9.6624,2.424,-8.3282,4.8908,1.1256,9.115,9.9072,-0.8424,-8.8698,-8.4127,-5.5848,0.4605,-6.7593,-0.4156,1.02,-7.9622,-2.9335,-8.7701,8.5459,8.232,1.6136,-7.9004,4.1875,6.2126,-5.7962,-4.5874,8.8197,-2.317,-2.3646,2.5678,-8.9338,3.0991,-0.3947,6.9441,9.7789,-8.2567,2.2693,9.3212,6.9895,-9.9627,-5.8932,5.6367,3.4376,-2.4989,6.9769,4.3572,3.043,-8.4759,3.712,-6.2549,-3.2795,-0.61,3.9369,-5.729,-7.2381,5.2865,-2.2772,-0.208,-2.9609,-3.3242,-5.2489,-7.8629,3.3497,9.8883,-2.406,3.2519,3.1758,-0.1796,2.48,1.1128,-0.0511,1.4031,3.428,7.8603,-4.1187,3.3788,3.1536,-4.8276,-2.5241,-9.5532,-7.5702,-3.963,-8.0648,5.6463,4.5662,0.2627,-6.8551,9.4473,0.2229,-5.6247,-5.9429,0.1384,0.635,-3.7289,-6.5929,1.638,-8.0145,3.3332,9.4178,0.9448,-9.0325,-3.8947,-3.3646,-2.143,1.7055,6.6872,-9.3666,8.8841,4.4273,4.6065,6.4979,-3.5536,5.9614,-4.4703,7.8811,-7.0407,-8.9122,-0.4649,7.1855,0.0228,5.0193,-4.477,9.8689,-4.6996,4.9914
9.5447,4.1112,4.3562,-7.0957,9.2905,-8.3207,8.2572,7.2392,4.2593,-5.2417,-4.3346,6.867,-2.843,2.077,-8.2776,-3.4795,-2.091,3.4586,-9.5058,-3.1871,6.6997,-0.4702,9.9021,6.0771,-4.3012,-6.3877,-7.6563,1.6183,-4.9409,-0.0789,-9.636,-5.8188,3.8115,6.6704,4.9074,0.864,6.7123,-4.0249,-9.5225,-8.4977,3.8126,-6.6539,9.9258,-6.2516,-9.9707,-0.4541,-4.2575,-9.1114,7.0882,-0.1111,5.5795,9.3423,-4.9604,-0.6485,9.6454,2.9949,-0.8168,-8.9117,4.3662,-9.91,-1.9378,1.1887,4.3253,-0.3991,-2.9901,8.7038,-0.9937,8.1115,3.2953,-9.8308,-1.2269,-0.8152,1.9553,8.2654,-0.4865,-9.0898,-3.1937,-8.6238,-8.1025,2.1251,4.8259,-2.725,5.8571,-4.6667,-4.9221,-2.1611,6.138,2.904,8.691,2.844,6.2338,4.9003,-7.3924,0.0038,3.9254,-6.9229,-6.7278,-5.9955,-1.9343,1.1002,-4.5335,-8.0559,6.7082,4.9339,-4.9558,8.8142,-5.0781,6.3377,7.7532,-9.9095,-5.888,6.2334,1.0102,-8.7697,9.7467,5.1551,0.8468,4.217,-0.6036,-4.948,2.0847,-4.3418,9.6103,-3.0104,-1.8741,5.5449,3.8921,5.2638,-0.625,9.4855,-6.8717,8.1712,1.4122,-1.9019,7.5396,-6.3026,0.6243,5.1349,1.387,-5.8587,3.9362,6.4005,6.8045,-5.1059,-5.8294,5.0536,6.7304,-5.6472,9.3661,-2.5285,-9.8962,0.9277,-0.6045,7.6794,7.6813,4.0001,7.7267,-1.5667,-4.7464,-1.108,-1.3189,-9.7412,6.3689,8.8503,-6.1409,3.1743,5.6612,2.4901,-5.5152,0.5825,-7.8062,9.6392,-3.6105,6.599,5.7248,3.2436,-9.9027,3.7143,9.9935,3.7126,9.3556,8.4488,3.2179,-6.2484,-6.5785,2.3032,4.4844,-1.5791,-9.8867,-3.1744,-8.212,2.8175,-9.6295,-8.836,8.4942,-8.9065,-8.8302,0.0743,4.8347,-6.7782
-1.64,-4.683,-5.0155,-1.7708,-8.757,-6.143,5.9317,8.4907,-8.2906,2.4368,7.7836,-6.8966,7.3609,-2.2504,8.4431,-2.8207,-8.1492,0.3871,-9.7761,-9.8735,-4.5217,-2.4919,4.8321,-8.3242,-5.286,-7.9532,-4.2938,-5.6524,3.7294,-5.7369,5.7619,-0.1223,7.1067,7.7338,-0.0476,8.5289,-5.0181,4.608,-4.8117,0.4865,1.7294,-2.8761,-3.4539,3.7328,6.593,-0.4742,5.1639,2.587,-0.307,8.2966,-3.1973,-0.5042,-1.3634,-4.3112,-1.6762,-4.9686,3.7856,-3.3446,-9.9589,-1.6385,3.219,1.1067,9.8414,-0.434,0.6588,-0.8615,-9.5711,-4.2621,0.3166,5.9685,5.8456,-3.8637,0.1712,-6.6193,-9.9714,-0.1277,-1.7574,-4.1648,-0.2691,-8.3862,-4.2913,5.7052,-9.7181,4.9804,1.3544,4.8132,4.7814,9.01,-5.8478,8.0563,-2.0473,-2.188,-7.586,0.6372,9.7758,1.1435,-5.5871,1.7939,-3.6306,-9.5755,3.0011,-7.5161,-2.0326,-9.9958,4.7585,1.3166,5.7335,3.2919,4.2706,-5.0011,-0.2219,-9.2286,1.1946,-8.229,7.9506,-2.5677,-3.2789,-9.0282,5.2458,3.92,9.0201,5.3774,2.6139,1.6937,3.6055,-4.665,-1.6485,7.3848,2.3228,-4.4682,5.546,8.798,-4.2247,6.413,8.3949,-9.8561,-1.4277,-3.225,-7.3501,4.9506,4.6274,2.2829,-7.1168,3.7951,-1.4329,-9.4893,-7.5011,-5.3804,1.4742,5.3483,8.3478,-8.4768,-5.9623,4.1032,7.2073,0.845,8.3772,4.9458,3.9416,4.9698,-8.4847,-3.8109,8.2049,3.4454,-0.7311,2.2547,5.2555,-3.4266,1.5777,9.1024,2.533,-6.3598,-7.6543,-6.84,5.9477,-9.3871,3.3978,-1.7151,-1.6082,0.1805,-7.5036,0.9329,-8.3347,6.8315,-0.602,6.0815,2.6712,-8.7182,2.9819,9.1856,3.1539,4.0648,-0.5629,0.7403,5.2424,2.8735,-3.037,8.5177,4.4292,-8.5068
-0.9853,6.9583,-9.3937,5.1939,9.984,5.3113,0.657,1.0446,6.9154,-7.6955,-8.9377,3.734,4.7181,6.1261,1.1531,8.3398,-2.4471,9.2142,-1.2153,-5.8378,-8.4687,-1.6046,6.2266,-8.6541,1.7153,6.861,-3.252,9.1161,0.1919,1.3073,-5.1333,-9.435,-7.1656,5.6083,0.9707,6.347,1.8877,7.3108,9.8141,-7.6106,2.1762,9.1064,-7.1345,-3.2527,5.4385,-6.21,-1.4148,-1.8989,-1.6371,6.3725,-5.125,-5.3531,8.455,-1.5095,3.7219,-2.119,-0.2882,-7.3293,-6.1261,-7.5263,6.6585,8.876,3.1212,7.5244,9.6681,-2.1517,5.027,0.74,-3.6179,8.3822,-1.2933,-0.866,-4.9326,9.4686,6.8016,4.4467,-0.1535,-8.1919,-5.3347,-7.4779,3.4464,-1.1912,3.2352,6.7436,-5.0984,-7.6791,-8.3534,3.4631,-7.1256,-8.2252,-7.3797,-0.0623,8.819,-7.073,-6.0883,-6.1202,3.0666,4.1093,2.7704,-9.2261,-3.4197,4.3574,-6.08,9.6159,2.1914,-3.718,8.2496,-6.6542,-7.9591,6.0068,-8.8764,-4.3462,-2.312,-0.9063,0.0842,-8.7481,-4.6745,7.939,6.6575,-8.3325,6.3415,-6.327,1.9515,-9.2606,-0.9736,1.8859,4.2741,8.4204,0.7269,1.0628,-5.3487,-0.1052,0.0205,2.1192,-5.1324,4.2737,-3.8411,4.8279,-8.2135,-1.5609,-5.1057,1.3057,-7.8318,4.9547,-4.6428,-9.104,-1.3958,5.3342,-6.5007,0.2258,-8.8767,7.2747,7.3873,-8.1569,6.45,2.7602,8.3871,-3.7684,-6.8688,-8.0354,-9.5684,-5.7261,-5.3339,-1.724,7.5342,2.9071,-6.1403,-8.3078,3.6855,4.1351,-8.7083,4.3472,-4.7151,0.9413,-7.1455,6.8214,-5.21,9.8611,-6.6111,3.3395,1.7192,-0.1715,-9.7761,-5.3529,-7.5216,6.1868,-8.4077,9.9429,-6.8456,-8.9124,2.3224,-2.4697,2.4615,-6.7893,7.3984,3.958,-4.6896,7.4283,9.9273,0.4656
-9.2418,7.412,0.036,-1.0801,8.8262,-4.7127,-9.6135,7.906,6.2173,0.2895,-2.0039,-5.9014,-8.8448,0.2363,2.0586,3.3602,3.1459,5.689,-9.8978,-4.701,-9.7781,6.7944,8.6179,7.9814,0.5511,1.3757,-4.683,0.0169,4.597,8.6337,2.1004,6.1879,-4.2624,-1.4904,-7.0475,5.3124,0.2874,-3.9076,-6.6196,6.2278,-6.6118,8.8837,-9.6162,-2.9117,-9.9121,9.4681,0.8875,-8.6362,-5.6849,4.6669,-1.1951,-6.6167,-8.0019,4.9941,-2.6048,4.8784,1.4233,5.2638,9.2636,9.6438,-2.5423,4.682,5.5331,-8.9282,0.1356,-1.9154,-9.2841,4.6739,-6.9194,1.5248,-8.5962,-4.1281,1.4798,1.7662,7.4385,7.8506,-6.4463,-7.7289,-2.5849,4.8763,0.0739,-1.4389,5.7673,-0.7411,-4.9173,6.2632,8.2107,-3.8742,9.8426,-0.777,-4.7262,1.0793,-3.5075,-9.0063,-5.969,0.7624,9.6484,5.8802,4.1415,9.9522,3.8596,1.8503,3.4991,7.0292,-3.248,7.6084,-6.2629,-1.0639,7.2606,7.0331,0.3932,-3.8942,6.2871,-5.4373,0.6573,1.256,1.0688,-8.9412,5.1849,-7.3874,9.1547,4.1348,5.3911,6.2731,9.8566,-8.2559,0.5378,2.2295,-5.4678,-3.6532,6.1212,-7.8074,3.8311,-1.9739,-9.3208,0.3246,0.84,2.4291,4.4213,-8.7207,-0.7733,0.5096,-4.696,-7.1084,-6.61,-7.2252,5.0562,1.5988,-8.9704,-2.268,6.5268,5.2733,-3.0477,6.2536,-3.281,8.6923,-3.8917,7.4369,3.9574,-8.6787,4.9917,8.9212,-1.1192,2.8277,4.4774,-9.8366,-5.1871,-4.5758,6.8714,0.5237,5.4039,6.339,-6.0996,-3.5785,-3.3877,-8.9977,5.0754,-3.3492,8.9548,9.7343,4.3824,-3.6595,0.9061,-4.1365,4.079,-2.0763,-8.0383,1.0256,5.1408,1.0112,-5.7465,-7.0059,-5.9705,-7.4955,-9.915,-8.0439,6.1084,4.0462,2.8702,-7.2536
9.8619,9.758,3.1613,-2.8344,6.8158,7.8257,-2.7049,0.506,-4.6325,-9.2974,-4.6815,-4.4109,-8.2868,0.2952,4.6055,6.568,-5.94,7.407,3.0221,-5.515,4.2193,-4.563,-9.4738,6.2486,-1.2305,-7.7103,-3.9492,2.0186,5.2328,-6.5302,-0.5538,-1.6498,-3.6707,5.1992,1.6243,2.2847,-0.1704,-1.7134,6.2692,-4.7886,-7.5632,-4.9582,1.1271,3.0043,6.6783,3.452,3.0942,8.337,8.1685,8.0925,2.5578,-2.7523,-3.6591,9.4788,-3.0769,-6.3215,7.6202,4.9369,-5.1929,0.2983,0.7807,5.7489,-3.2033,-2.5808,-2.8536,4.0292,-5.6847,8.1348,2.7946,1.9234,-9.2074,1.5598,0.0274,-8.9185,6.6807,0.3157,6.7287,-1.0817,3.8261,-7.3093,1.6573,-3.452,-6.7049,0.7682,8.5229,2.272,-3.614,-5.4232,7.4861,1.4235,6.8572,5.3279,-5.6381,3.3825,-3.5639,-2.1856,-1.1557,-7.4152,-9.9017,1.2199,-9.3151,-2.1205,7.5874,-3.8973,-9.3476,7.2853,-9.7317,3.4215,7.9167,4.9362,3.54,-1.7363,-6.7238,-4.9716,-2.222,5.1869,-3.1178,4.0817,5.1186,-9.4999,4.0661,4.287,4.2564,-0.91,-1.8893,-5.3083,-5.2038,-7.8406,2.3808,-6.7831,4.2257,-7.7295,1.125,1.7471,-9.2418,-2.7513,1.2981,8.1376,0.8836,-5.1822,7.9762,5.4654,2.125,1.7706,-5.5462,-5.1708,6.2888,-6.0458,4.7815,-9.4144,-1.1282,0.6372,1.4417,-5.1304,1.2906,-0.6663,-1.2449,-2.5931,8.6706,6.2022,7.4911,-9.3519,-7.6336,-9.9199,8.289,5.1241,-6.2584,4.0536,-7.4305,2.3291,-0.5226,8.1486,-6.7217,-7.775,0.3905,3.8196,-5.9641,-5.8647,2.516,3.9513,-2.475,7.4948,7.2625,3.6347,7.0017,-4.2849,8.6566,1.457,-1.8063,-0.2051,-5.9603,2.1524,0.0218,-6.2339,0.4173,1.8852,-7.6883,-7.4505,4.1161,6.8249
-2.222,-0.204,3.7696,0.2699,8.2098,-8.5791,7.3682,4.6312,-9.3491,-1.0167,-1.9481,1.0423,-6.5101,-1.9733,7.3389,-9.6319,1.4461,-5.2342,-4.1412,-3.6064,0.535,6.2199,3.5859,0.504,-2.8137,3.4705,-9.7708,-8.2937,-1.1841,-8.9261,-0.0804,-8.1783,-4.4426,4.1278,-3.3485,6.9034,0.1868,3.6071,-4.8568,-2.1213,-8.135,6.0077,-7.0115,-7.3762,-2.4804,3.4077,5.7854,1.6336,-9.6409,-1.8411,-4.1673,6.5164,-3.4779,-5.9285,-2.4296,-6.9327,-8.6077,-6.6469,0.8734,0.9621,8.8188,-1.4351,0.2677,-0.5959,4.2651,7.1181,-2.5653,-0.1958,5.3312,5.7766,2.019,9.4295,-4.1102,-3.1633,2.3473,-6.5745,-1.0445,3.6507,8.2201,-5.7531,0.5761,8.8858,2.1745,-4.8391,4.8077,4.1348,4.3926,3.6233,-6.066,3.1227,9.9701,-0.122,9.833,6.2934,0.6381,7.6192,-1.0071,9.0972,7.4121,-1.1791,5.6698,4.6423,6.2035,-2.004,7.7622,-1.9326,8.3127,5.7789,-7.0156,-8.7762,7.4126,-8.1494,-2.0388,-8.9094,-1.4113,6.726,-7.0665,6.897,-3.728,-6.7605,3.987,9.6419,1.5723,2.7404,-6.941,6.3756,-8.6638,7.4065,8.7582,-7.1446,2.8997,5.4799,4.6302,5.5607,-0.9573,-5.5681,-4.1228,-0.7537,8.3834,-6.4545,2.068,6.8077,1.8289,-3.6321,-5.64,-2.4854,3.1917,-8.8854,-8.8745,6.9813,-8.3847,-0.5908,-8.9354,-7.7487,8.3551,2.5819,-0.2143,9.3473,9.1114,7.2312,2.9108,5.0233,-1.3602,1.7583,-6.9654,-7.9568,-5.711,-2.5848,-0.1226,5.1165,-5.973,-4.6954,-1.369,-9.7388,-0.805,-6.3903,2.6837,-1.7125,5.8774,-4.977,0.5205,0.1458,-6.3044,6.5887,9.0754,-6.126,7.076,-5.8103,-7.0669,-2.3599,3.3844,3.4188,-3.4819,5.524,6.5112,-1.7515,4.7727,-1.1091,6.8454,-1.2862
-0.6137,-8.0783,-5.8714,1.043,7.287,6.1233,-9.1241,1.5193,-7.2399,2.5994,-4.8819,3.3017,0.2434,1.0107,1.1135,4.4262,6.6666,-1.6307,9.3562,-6.9623,1.4429,-1.0139,-8.955,-4.2716,8.7817,0.4708,0.7676,0.5353,6.4827,9.1804,-6.9201,2.4472,6.0595,-7.2969,9.9976,-4.6279,-9.4538,-3.1958,0.4097,-8.7165,7.8897,-6.6513,0.1558,1.4362,-3.5179,-6.2253,7.2032,4.1393,4.6081,6.5028,-4.4079,-8.5184,5.9333,-7.4315,8.4784,-3.5938,4.1587,0.3476,6.1152,-4.8213,3.9992,-6.8235,-0.2587,6.5198,9.3108,-2.626,-6.1659,3.2825,-8.1182,7.5013,-4.1887,5.627,-8.0133,-4.4617,-6.1051,-5.667,5.7105,-3.0848,-7.6818,7.4833,6.4051,-0.1431,0.8518,-3.961,2.6003,2.6031,0.9563,-3.4955,6.9098,-2.1063,-0.5715,7.3116,2.3522,-2.9683,-4.6938,-8.4966,3.6478,0.1314,-5.1451,6.2369,-7.9147,7.6631,2.383,-4.2625,-0.1832,7.3308,-0.5691,-1.0886,-2.3553,-7.2509,1.4395,-5.6302,-1.3559,9.3595,-0.2618,3.2925,1.1645,3.1028,-2.7753,-8.6065,-7.0469,0.0018,9.0723,-4.3925,-5.3589,-2.7119,8.1533,7.3978,-6.1577,-2.4,-0.3324,-6.2759,-6.1694,0.7052,-0.6832,-2.5179,6.0522,-3.1689,2.2491,-9.6943,-8.0681,-7.2297,-5.313,0.6027,0.3816,-5.0198,-2.4269,5.0257,-8.1115,5.3851,-5.0464,2.537,-0.804,-3.9117,-9.3896,3.1828,0.7162,-3.0036,-1.1875,3.6832,-2.7935,9.1815,-4.9875,-8.8638,-6.5515,-0.3397,9.7753,-7.985,-8.3795,8.4159,-8.5206,-1.1505,2.3161,-5.3445,-5.3096,-9.1759,1.6448,-1.3032,7.1267,7.2169,5.5769,-5.3102,9.9279,-8.7997,5.9503,-5.0443,-6.7811,6.5188,-2.8852,7.7999,-3.4561,8.3234,-6.5781,-5.0526,0.7274,-7.3504,-6.6477,-8.8228,5.4813,1.1031
1.747,-8.7524,-3.0626,-9.6448,9.3303,3.6575,3.3084,2.18,1.892,3.042,-2.4231,-8.5443,3.4898,-6.1278,3.4966,-3.2058,-1.7945,2.6687,7.8603,-5.3138,-6.9685,-6.3703,6.5791,-9.2069,9.7268,1.092,7.5845,9.77,1.1757,-4.5046,9.8985,-1.2871,1.744,8.9464,-1.7967,-7.1584,-9.5109,-7.7007,-8.9425,-2.7175,-4.7876,-4.6964,-3.0193,4.9787,-2.7589,-8.6407,4.5303,-2.7187,-5.0426,1.3859,-9.0261,-3.1523,-7.2097,-8.2648,3.0692,4.9328,-1.4082,-4.3193,2.3332,3.1985,-0.5674,9.8408,2.835,5.9032,2.1218,8.3422,-0.6642,-9.6722,-3.3693,1.0218,-4.6199,0.2584,0.2285,-3.8244,-8.3021,-4.1549,-9.6874,6.6651,7.5727,9.8352,1.9279,-9.5071,9.1796,8.5099,-9.0892,0.0967,-4.2519,-8.7651,3.4372,-5.762,4.37,0.3889,-8.3118,8.7747,-3.6247,-9.6924,-1.8274,8.1394,-7.9669,-2.5087,-5.1522,-6.0249,-6.8943,6.5159,-8.9052,2.0765,8.7567,1.3601,8.2931,5.0843,7.627,8.4936,8.1043,-3.0208,9.4685,5.4744,0.8333,-0.3862,9.3709,-3.6351,8.5238,-7.4958,4.0981,6.0621,-6.973,1.6329,-3.7636,-4.7219,-3.5492,5.5266,7.4851,8.152,3.053,2.4324,-5.0602,-8.3872,-0.0161,-0.7259,1.5544,8.6955,-2.3157,3.7551,2.7981,1.5445,2.7546,3.847,-6.8369,2.8281,-9.218,-8.7996,-7.5122,-3.7228,-0.2082,-3.157,5.3646,4.2525,-3.0971,-9.1738,-2.8376,7.5505,-9.432,7.2258,5.1219,2.5485,2.6736,3.8726,-6.2003,-4.8438,-2.7457,7.5881,3.369,-7.9954,-4.1046,7.6721,5.3765,-5.6863,-9.689,9.6337,6.6254,4.2405,4.3548,5.4626,-0.1186,-5.8834,3.3055,-5.1476,-9.9148,-0.0451,4.7218,2.9097,-7.468,0.897,-0.7459,1.0263,-1.6619,9.7436,-0.8005,-9.2483,-4.0392,-5.9372
0.0269,-5.8684,0.4115,2.8571,-0.9749,8.5991,-8.5613,1.4752,0.3992,-9.1692,7.0187,-2.3795,-3.1001,-9.7266,-0.0974,6.7802,-7.4021,7.3325,-7.6821,1.1847,3.3441,9.5213,7.0372,-4.618,-0.9122,3.0911,5.3031,9.2802,-1.9698,2.142,-3.5197,7.5589,9.1089,0.9687,-8.2356,7.8111,-1.7488,9.8273,-2.4277,8.8165,-8.5814,3.8837,4.8182,2.1995,-2.3977,5.7887,-4.115,3.6717,5.7824,5.3589,1.1957,-3.416,9.4796,0.7406,-0.093,9.8948,3.522,-4.5878,-5.6227,-7.0509,-6.7633,-2.949,7.3682,7.6888,-7.4717,8.2184,-7.0347,-5.894,-2.9665,-1.5743,-3.349,3.5858,4.4965,6.9782,-2.0476,-3.7262,5.738,8.8636,9.7374,9.2179,-5.7012,5.8885,-3.6719,2.3876,-0.6109,0.0791,-0.9678,-3.2461,3.4456,-3.8889,1.2256,7.2689,-4.7471,-2.6132,-9.7319,2.8798,-5.8942,4.3313,-6.1435,-6.3745,7.514,1.4284,2.9448,-2.5712,-8.4919,-1.0935,-6.8026,-3.9386,-0.6876,8.0093,-2.6311,2.8419,-1.4375,-3.1481,8.0979,-9.681,9.4284,9.8513,-0.6494,3.3962,-4.0741,6.0843,-8.2348,-0.2374,-5.4246,-3.5667,0.6802,-0.0625,-4.7852,5.813,8.7457,-8.6406,9.3204,-9.7597,8.2302,5.8874,-8.1202,9.1596,6.1995,1.1903,7.778,-0.275,5.7106,-1.7914,-8.6705,2.6333,9.6049,-0.7852,-7.5107,1.7555,-7.2336,-8.9208,0.6241,5.0932,-0.0885,-9.7732,4.2141,-6.3508,-5.4753,-5.9615,5.9366,-6.7726,7.8416,-7.5844,-4.6896,7.0605,-1.3543,0.9553,1.584,4.1519,-5.6405,-1.8802,3.3805,-0.2448,6.6715,-5.3113,-9.2703,5.085,-4.3569,-3.5552,-3.1177,5.6486,-5.1302,-7.8692,-4.9113,-4.7067,6.0817,-5.4181,-6.1188,-9.0789,-1.5618,6.4069,4.6914,7.5271,-7.0351,4.1696,0.5712,7.8905,-9.5588,-9.3354
3.9496,6.4728,-9.9534,-2.6339,2.2116,2.9381,3.8025,1.3309,8.1261,-0.5298,-7.3901,1.702,3.5745,7.6766,-9.0241,-2.2344,-2.296,-3.813,-6.3062,-0.072,-0.4602,0.4786,4.905,3.1653,8.7913,-2.2646,6.9803,-1.1644,3.1192,-4.511,9.416,-3.2038,0.2016,-6.8069,-0.8616,-1.6501,-1.5124,-5.7308,-0.0279,-8.4948,7.921,7.0385,7.6735,6.4379,0.9713,8.3821,-4.4057,-7.047,3.3495,-1.4177,-5.8549,4.6014,2.6019,-0.7172,8.1526,-9.6776,-1.3523,-7.2811,-5.6494,3.0952,4.4355,-7.741,-5.9203,1.0172,-1.7006,-5.4611,5.6784,-3.3858,5.5289,-5.9086,0.8949,4.9826,8.0079,-7.1672,-9.1126,1.3335,9.2894,-4.7655,6.3509,-5.0776,7.4499,7.492,-4.1388,-5.2689,0.6882,2.263,-2.4128,-8.7177,-8.8842,-8.6632,-7.0344,-7.2292,4.4744,7.1898,-1.7993,-7.0445,7.5022,-6.9923,4.6572,8.9606,4.3374,6.407,-6.3133,-7.7933,-6.1475,-2.7625,-0.3863,-9.7304,-1.9647,-0.5823,2.7003,3.5854,-5.5946,0.0608,-6.8954,4.7619,-7.6964,7.9014,-4.741,1.0611,-9.1954,7.3071,5.9385,3.6678,3.3588,-7.3291,-7.0541,-2.8378,-1.0716,-5.265,3.5674,-5.2908,-7.2876,0.6556,5.7368,-1.5638,-4.3521,-9.7761,1.1743,8.7385,-8.6797,-4.8885,-5.337,8.4169,5.9661,-6.213,9.6761,-7.1313,9.4265,8.8487,1.6162,-8.3795,-6.5536,-4.0777,-8.0258,-6.5258,-1.7268,5.7933,0.372,-4.0266,-9.8536,-4.3171,1.514,3.8448,9.2327,-2.3048,-4.6966,5.5967,4.8764,6.9775,-7.0117,-3.5205,8.5555,-5.6149,-8.8595,-5.0193,0.5651,-4.9888,4.6892,-4.3448,-5.5939,7.2483,-5.0558,-8.0522,-3.2367,8.4708,8.6058,-3.2043,6.5043,8.0194,-6.3833,-8.1293,2.0849,-0.8349,1.3263,-0.9538,8.9537,1.8332,6.2897,1.945
-3.6369,-0.4998,-0.6747,2.1545,3.068,-4.1674,-7.8961,-6.3707,-3.9276,1.56,0.6014,-4.4519,0.9302,4.0964,0.1708,-7.5292,-4.4593,-6.9373,-3.2443,-7.3116,7.0313,-6.1429,0.93,-4.6274,5.2434,7.3421,1.4637,-8.7977,-8.5033,3.3652,3.814,-1.7251,-4.2579,-3.7131,-3.4763,2.668,1.7674,-0.7166,-1.8391,3.4723,-3.2757,-6.224,7.3166,-5.4889,3.091,-5.8821,5.7109,6.2761,-0.4505,-0.8872,-0.3637,-0.5964,6.1971,5.6857,2.226,-1.6744,6.3349,7.7155,-7.2323,7.6651,9.6734,6.4813,-2.4157,-3.4303,-4.707,3.8929,7.9545,-8.8704,7.9501,-3.2215,-8.5047,-9.3922,-9.2066,-9.7292,-8.5622,4.5023,-5.1021,-4.2087,2.7191,2.9367,-0.918,7.6968,-9.4467,6.2243,-3.0455,-3.509,1.1147,9.6715,-1.1484,2.4801,-8.5594,-6.1476,-2.894,-0.3113,2.7666,4.0266,6.4212,-7.0892,0.3514,-7.8056,-2.9324,6.5123,5.16,0.3652,2.2154,9.7472,-8.4759,-0.061,7.2683,-5.3094,-9.5846,6.9623,5.1808,4.4212,3.823,-9.6232,-6.9236,-9.8273,-5.9967,-5.7198,3.0415,-8.8915,5.7736,7.5357,3.141,-0.7625,-4.1945,5.6347,-4.152,1.0963,9.8332,-0.2922,-5.3793,-8.6424,-2.3893,-6.1676,7.9576,7.5788,-2.0166,-2.0224,1.0583,1.0253,-3.9872,2.3458,4.9458,9.1913,2.7839,2.979,-0.2437,7.5657,3.4628,-8.1909,-2.8699,-7.1582,-5.0022,-6.5717,-7.2456,5.8687,-8.7578,-0.5007,4.259,1.8635,8.4899,0.1878,-8.1346,-2.8249,6.7033,6.1167,-5.4475,-6.5544,3.9614,0.943,-1.9055,5.7201,-6.1444,-6.5435,-2.1927,-9.5584,-3.2998,-7.563,-2.6821,4.7271,-7.2216,4.8347,-9.477,5.4801,-4.6326,-0.8848,1.5686,1.6499,9.1851,5.7317,0.3353,7.9155,0.7771,8.2959,-0.1796,-1.7912,0.6455,5.5622
-4.5562,-5.4328,-1.6819,0.9042,-3.0879,-8.2794,2.6005,-0.5602,-2.8466,1.9266,9.9464,0.9949,-4.1116,9.7644,9.7012,-5.7851,-8.1621,-5.2736,2.0859,-4.2974,-2.4936,9.8061,-9.039,1.7066,-3.9402,-0.1992,-7.5697,4.7068,-2.4741,4.69,-6.1768,6.2006,4.4263,-6.3538,-1.6091,6.3477,9.1177,1.3605,-0.5594,1.9507,-5.295,2.4758,4.0105,0.6023,-0.1877,7.4712,0.9078,1.2264,-5.1804,-6.5799,2.1397,-0.5079,-0.2261,-3.906,-6.2258,2.3185,1.719,-4.8372,3.0605,-1.7184,7.6409,6.4235,0.1325,6.4257,7.2225,0.5057,-4.2522,4.0461,-7.5168,5.048,5.7552,2.4141,-1.7478,3.4427,4.8156,-4.4929,6.8503,-9.1965,-7.7979,4.6614,-5.7643,-3.1288,-6.886,-6.6701,-7.6369,9.9876,4.6666,-8.5192,4.3932,-5.2448,7.4867,-3.1159,4.8437,-7.8489,-8.9234,4.3233,7.5597,8.4006,-0.6542,-3.0838,-9.1019,3.1127,-1.8374,8.7849,-7.168,-1.1999,-0.4974,3.1533,5.4904,3.5734,-9.0483,-8.9013,9.2932,2.1222,-7.1903,-1.7703,9.3658,-0.164,6.4646,-6.0257,9.3697,-6.4534,6.7147,0.3829,-2.8713,2.138,0.5872,-2.511,-5.1662,-9.5828,5.857,4.5329,7.7359,-1.2394,-7.5259,1.7013,4.8637,-7.9822,-9.0146,-5.9166,-8.9027,-6.5974,-9.3183,7.7782,-3.7781,-9.591,-6.0183,7.6813,4.7035,3.2824,-8.8701,-5.0196,2.4322,3.0764,6.9721,3.1387,8.4893,-2.5374,3.1764,-4.14,4.8968,0.4299,-2.6482,-8.6768,-6.9336,7.9293,7.6299,-2.7307,4.454,-5.8735,-5.5788,8.7691,-6.4661,6.7844,3.2709,7.7133,2.6426,-8.1968,7.9402,9.6069,1.3192,-0.8719,-1.9876,2.7776,-3.2546,-7.8446,8.4648,-6.5663,-6.3566,3.9276,-3.2119,-6.2938,8.0718,2.5285,-2.334,0.8554,-3.8545,-6.0772,9.7376,-1.6689
6.2733,7.3576,7.3686,-2.2949,-1.7409,6.2338,-6.6627,1.8152,9.1796,-7.8391,-7.8148,3.0792,-5.8267,1.5629,-7.2909,2.2055,0.8947,9.8821,5.0375,-8.7376,7.1535,-8.8996,7.9083,9.218,8.096,1.9539,-8.3631,-8.7354,4.1675,0.6458,3.6805,-0.9281,-1.8789,7.5178,6.7034,-5.4374,1.4304,1.7396,7.9678,9.8373,5.5297,-3.9746,-5.5082,-7.4745,5.8955,-0.9289,5.5639,5.9647,3.3061,-6.1623,-9.4626,4.8552,-8.1815,3.9515,2.3134,-5.0932,-2.5829,0.8501,-2.6061,-7.9532,2.4379,6.6444,-9.232,9.5497,2.4702,-5.5445,-1.3413,-8.5309,-6.6476,-6.7052,-4.6191,-4.8956,-0.2457,-1.3549,-5.9597,-3.0072,9.0854,2.9226,8.3871,2.7628,6.9999,-5.5859,-7.281,7.6834,2.6908,-6.5715,-6.7651,9.1102,7.7374,-3.8056,-6.7646,1.5049,-6.8081,-0.1975,-7.2095,-1.8287,-0.2863,9.3226,1.7369,-5.411,4.4387,-9.6529,8.1723,-3.747,3.941,-4.353,8.0989,8.2638,2.9677,6.1408,-6.7498,4.2821,-9.5893,-5.8629,-7.3924,-5.6881,-1.5467,4.759,6.1257,-8.6448,-7.037,1.2289,0.7096,-7.0026,8.0638,3.1369,0.7954,7.4056,1.8545,0.4092,8.9632,-1.6626,-0.3193,5.5017,4.0389,9.0035,-0.5707,-4.0944,4.5145,7.4535,-6.6714,3.3809,-7.7001,-3.0687,-7.4711,3.8562,0.7008,1.5227,-0.8581,-4.0166,9.9278,-2.5074,9.6975,5.5054,-1.1266,-6.0683,7.9673,-1.081,-3.0478,-5.3226,-1.3387,-5.7231,-1.6788,-3.1465,8.6285,-1.8762,-8.5167,6.3462,1.5148,-4.9357,-5.0852,-8.009,-2.9007,-2.1724,1.864,-8.4225,0.0468,2.2942,9.9906,-6.3704,-5.3075,-2.9983,-2.5448,-2.7129,-4.128,-4.9458,3.3491,0.0986,9.7561,3.2669,2.9618,-2.0957,8.3339,3.8554,1.0855,-5.0523,2.6575,-5.8193,4.4901,0.4897
-9.7018,-4.834,9.0489,8.7068,-5.2628,6.6691,-5.4429,-0.323,1.3679,-4.5417,-4.1739,1.685,-0.5813,-6.6493,-7.1662,8.6359,-3.5868,-3.3102,-7.6918,-4.87,-6.6076,8.4363,4.9583,-1.8761,-5.7298,7.0664,-4.8669,2.4415,-7.5448,-1.1617,-9.0596,-6.8398,1.6497,6.622,0.3318,4.4248,-4.1709,1.4762,5.1296,-8.7907,-8.8947,-5.6832,-4.3856,6.9583,8.8854,5.1147,7.2726,-7.349,4.5866,-8.9745,5.9502,5.0137,0.403,-0.9232,-3.5879,7.8781,1.0279,-4.7063,-2.1768,-7.4337,2.459,7.2307,7.7487,-0.9818,-0.3881,4.7666,-0.5021,8.5975,4.1387,-0.2564,-3.027,5.6147,-6.8808,3.9183,0.2416,-8.1805,7.1807,-2.3016,-9.6571,4.1255,1.7298,2.4633,-8.2768,-8.015,5.7059,-4.0533,-0.1979,1.8273,0.094,-7.4649,-1.8491,2.8013,-2.3562,-9.0372,7.0582,6.4416,4.9228,4.0651,-0.0313,-1.629,-2.7325,5.6308,-1.6546,4.0124,7.7401,3.0387,0.2517,-4.8512,0.7044,3.0604,9.0348,-7.2315,-9.198,-6.6202,-8.554,2.6877,-9.8688,9.9387,3.4104,4.125,4.4554,1.6104,-7.2319,0.4598,-5.38,4.1405,-5.0489,-5.4312,8.0016,1.5553,-3.1658,-2.4737,-8.3593,2.5217,7.9363,5.6749,6.335,-2.9363,3.8775,7.13,4.6215,4.6695,-8.5925,5.0484,-4.621,1.0185,9.6477,1.2842,1.2656,-3.2961,-2.9087,-6.3862,5.5158,3.3491,9.7258,1.1771,9.2672,-0.8755,4.1189,9.7454,-1.1741,0.4221,-1.1582,5.0885,5.4732,8.0443,5.2905,-7.9964,-3.179,4.4657,4.3256,6.4463,4.6074,2.8283,-0.4097,-7.8852,1.3829,-0.4356,3.6293,-4.674,3.847,-2.4263,5.6003,-5.701,6.8912,-3.7688,-9.3839,-8.7095,2.7235,-0.2615,-2.4903,8.5945,1.2895,-4.219,-1.8716,-6.9844,0.8329,-6.9026,5.2708,-0.2983
0.9089,0.5424,-9.5239,0.5263,-1.9745,5.1511,-9.1697,-9.4012,-1.3814,-3.0438,-8.6016,-4.6883,1.8428,-5.6109,2.5405,-2.4742,-1.7353,6.0998,6.5604,-3.8577,-3.9564,-3.9242,-3.2382,0.8876,5.786,1.9831,9.0549,-9.7268,4.6031,-3.0603,-8.2652,-2.8218,8.7409,-0.4173,4.3291,-1.4289,1.6629,-5.6298,9.9018,1.5604,8.3552,7.3714,4.0016,7.2937,-2.5643,4.2767,5.3947,1.7831,-7.9261,-9.1338,5.6803,-7.0914,-7.8021,-6.94,-7.4648,-3.0695,-0.6284,5.6189,-0.4984,-7.2726,-2.2327,-1.249,0.2105,0.0156,5.4515,-7.2863,-4.1121,-4.3486,-4.319,0.074,-4.1544,-0.7187,6.9002,8.0179,-5.0172,-7.3675,-8.7556,5.8593,-5.0492,7.9734,-4.5384,2.7084,-6.2509,7.6198,8.6186,5.9271,-6.6985,6.1612,-1.8323,-4.4034,-5.8635,8.7417,3.7843,3.8002,-2.9749,8.7738,2.0725,-4.5008,-1.5501,-4.568,-0.0327,-8.2271,0.1923,2.1675,6.9786,-1.7955,-9.3782,3.2988,7.389,6.4122,6.4114,7.6289,-1.2665,0.9638,-3.4928,1.7128,-8.5655,-3.4647,4.7906,5.0125,8.9802,6.0362,-3.3123,-0.3698,7.3374,-2.8666,-3.7362,7.0307,3.5865,-2.3282,6.9032,-6.2588,9.363,2.5558,-6.6439,7.7566,8.0278,6.0659,-9.7011,6.8081,1.8686,1.6041,7.6062,-1.1668,3.6556,9.0121,-2.9922,-5.1364,6.4916,-2.7954,7.1641,6.9389,0.1643,-0.7794,4.4149,3.1942,-4.0679,7.9668,5.735,-1.5233,3.9357,7.5663,-9.0726,-9.088,8.7385,4.686,1.197,-5.9413,-5.1752,7.85,-1.0417,-3.3946,1.5648,2.0268,9.2886,-2.7615,4.5063,8.587,-2.4191,-4.0248,-4.2906,5.6356,1.1391,8.2419,5.6715,-3.8456,-2.5991,9.7053,-1.8222,-8.3934,-6.8904,5.9615,-1.4767,-2.3533,0.6321,2.9295,7.2858,7.2448,-9.4189,-7.2198
8.6332,-8.5433,0.457,4.4967,-1.3717,0.2131,6.7084,-8.6962,-2.7717,-4.0975,6.8757,-0.9406,-9.4036,-5.7891,-6.2975,3.8192,6.8208,7.9127,-1.1058,3.6292,8.6641,9.873,1.043,-9.741,-5.7694,-6.7845,-4.28,-1.7595,-7.0549,-2.371,7.2979,-1.969,-1.0914,-8.8331,-1.9252,7.3642,-0.3678,1.5424,8.9329,-6.8054,-2.1065,6.5343,-2.4853,-2.3971,2.7483,2.9929,8.5287,4.6204,-5.4082,-6.5356,8.0864,4.4103,-4.7378,-0.9193,-7.0979,-5.4336,-4.2452,-4.9658,4.7733,-6.8319,-0.3783,8.3216,3.34,-2.4172,8.7138,-6.373,3.7473,-3.9171,-3.6159,8.8841,4.1845,-5.3132,4.879,5.7308,-9.5995,-6.9157,7.0315,6.1696,9.0665,-3.4205,-2.0797,-8.3514,-1.1514,0.0754,3.8891,2.1549,6.6766,-0.3948,-0.0481,-6.299,7.9094,-4.3615,-8.0319,8.91,-8.968,0.1365,0.2677,1.106,3.9107,4.9349,-9.0137,-3.9782,-3.356,-3.9152,8.122,-7.4749,6.2856,1.8343,1.8524,6.2766,-7.5769,-3.7658,2.1286,-7.755,8.3845,-3.9874,-1.4627,1.6259,-2.2225,-5.5609,-6.8138,-2.9561,-4.1555,-0.7115,5.8684,7.3898,-8.2094,-8.5357,0.1923,3.9985,-8.626,5.4351,9.2263,5.9428,8.4691,-5.2762,-5.3937,6.1702,9.3796,-1.5085,9.8379,2.486,1.4878,6.0135,-7.688,-9.1228,1.945,-9.8398,5.2457,3.9247,4.503,2.3469,4.0114,-9.0211,-1.0163,-0.1895,4.3253,-2.0165,-8.9766,-9.1256,2.3074,-4.377,9.4305,7.2891,0.8258,-6.785,4.2593,-0.6961,-2.295,-1.916,4.5451,-3.4761,-7.635,8.9447,3.2629,-8.8972,4.6743,8.1855,-6.0865,2.542,8.4607,-2.5356,0.7896,9.2816,-0.2446,-2.2037,-0.5162,5.7846,-5.6721,-9.4812,-6.6304,-3.7373,-9.2513,0.7433,2.8892,2.354,-2.969,-9.0863,-9.5691,4.5183
-2.6879,-0.7938,7.4202,-3.8584,2.0513,3.2788,-8.2807,-7.1093,-2.2475,-7.4253,-2.7861,5.7332,-5.0599,-7.481,7.4554,-2.8048,-2.3518,-7.7294,-9.2974,9.3035,-4.1884,4.1678,-4.8744,8.5077,9.704,-1.6525,5.1394,-8.3646,-2.1557,-6.7991,6.3404,6.4847,9.0721,1.2116,-9.8089,-8.956,-8.3381,-4.2806,-7.5811,-3.4156,-5.216,2.1218,-3.8089,-4.6921,3.6662,3.7933,0.1936,-8.5022,-5.2937,1.179,4.7674,0.6809,-4.8899,-3.7907,-5.388,-4.6791,-4.0237,-1.1334,-7.6145,6.6054,5.9911,-4.0408,3.7866,-7.1825,3.8478,4.5714,9.8935,-0.7079,2.9419,-3.2351,2.3695,1.4605,-3.899,-8.7846,-9.9443,6.5812,-1.8756,-8.8217,2.4532,6.6786,-7.7215,6.5773,7.7827,-2.4263,-8.0542,1.4741,-4.1045,3.3651,-6.884,8.4176,-2.7014,1.9318,2.1273,-2.6272,0.9453,-7.8749,-9.3921,-1.9715,3.0114,1.1228,-4.0624,-0.6441,-0.6186,-8.7312,7.2914,6.1212,-3.9156,-7.4985,-0.9905,3.351,0.0746,-3.2309,-9.0324,-7.0116,-6.1072,5.9744,6.9684,-0.7837,4.9266,0.3905,2.985,3.2057,-8.3493,-6.2906,3.3813,-4.3549,5.434,9.3201,-6.2344,-4.0837,-8.2556,6.3349,-0.5085,-0.5292,-4.9889,-7.5569,-6.2178,2.6352,-2.0019,5.6102,-1.9667,-2.8665,7.3681,-9.547,-2.9787,-1.9656,8.8394,8.869,2.2628,0.9052,3.954,-8.4968,8.5237,-1.5951,7.4393,0.6956,-7.508,4.3565,-5.7261,7.1142,-7.4082,-4.7716,7.7952,0.5925,8.672,-1.9383,-2.6591,-6.4341,7.8052,-9.1267,-3.9696,1.0318,2.5313,9.5804,5.0273,-1.6604,-9.5976,-1.6053,9.266,-1.9976,0.0885,3.0499,-3.1251,-4.4506,-4.4637,6.3446,5.3132,2.4552,-0.4395,-5.9038,-6.8033,-6.8367,1.6146,-3.7846,-9.5221,-4.9,4.2605,-0.9453,4.9895,6.3442
4.0547,5.5403,6.5274,-2.8371,-9.7528,3.0359,7.5351,9.7405,6.049,9.6855,6.4959,7.19,-5.0245,-0.5186,6.4678,-0.7705,-2.3506,1.2202,8.2763,-5.0037,-1.2204,7.9357,9.1627,-1.4501,-2.5428,-3.1512,-0.6722,5.4083,3.0724,0.6072,9.3277,4.685,7.2418,2.6959,0.7202,-9.8469,0.996,-7.7015,9.239,-1.8325,1.2765,7.1878,8.6087,9.3176,-7.3411,8.0491,1.4339,3.0556,9.8365,1.4365,-9.8651,-7.2288,0.2949,-6.1682,0.3068,-1.5029,-0.2979,1.0265,-9.6319,-1.8018,-1.5434,-0.0814,-2.6472,2.8789,-8.116,-4.2252,3.002,-7.8321,-1.5368,8.3371,-4.6005,-6.5816,-6.9726,-9.6425,3.7427,1.3498,9.3624,3.6034,-0.2188,-5.4086,1.1183,3.0025,8.8503,-3.2918,-4.9491,-4.68,-1.378,-9.3973,-6.7292,-1.738,1.4326,7.784,6.8058,0.494,0.9137,1.3312,-4.0254,-0.5565,-0.662,1.0334,-2.3926,9.5198,-6.5569,8.4792,2.1013,2.7474,-0.7184,-7.2647,-8.2171,-0.982,-4.3981,0.3035,-9.0408,3.8137,-7.6435,-0.2315,-7.4619,-7.7496,-5.9475,-6.5646,-9.5298,-7.8188,7.5302,5.6117,2.5825,7.0279,-6.5954,-0.1073,-9.7674,-2.9982,-1.6115,-0.1875,-8.1166,1.699,-0.5949,-9.9793,9.9943,-7.8474,-1.93,-3.6465,-6.0803,-5.5317,-1.0935,-7.0512,-0.0682,-8.8235,8.0493,5.6136,9.5843,6.4092,0.1567,-6.237,-0.4313,-5.7389,0.3375,-9.9108,3.3988,7.5337,9.1704,-8.3032,-2.466,0.9851,-1.6564,3.5928,-1.4991,4.9621,-2.936,5.2361,-8.7008,8.3599,-0.3125,-6.2474,7.4331,-9.6454,-2.2745,-6.0343,2.8121,-0.7599,-8.1343,0.7202,-7.8178,-2.1437,1.1028,5.0611,-4.2358,-4.828,-9.7949,0.8905,5.6944,-2.0961,3.5925,9.1321,-4.6357,-8.4191,-3.3503,-0.5672,-4.7678,-7.7119,9.0671,-5.6555
1.3493,9.5373,-5.6095,-4.1618,7.6289,4.6043,-0.1464,-6.1379,-0.8648,-5.028,0.7648,-8.1086,5.2004,-4.3045,8.682,-9.6892,-4.6611,-3.2269,3.5848,4.17,7.8205,-9.3709,8.7041,-4.6705,5.4214,-7.2253,9.288,2.4615,-9.7346,-9.9467,-5.351,-2.6381,5.851,8.4027,-9.7807,0.5848,-3.8743,-9.5157,-4.6534,-0.0647,-3.4616,1.3042,7.1896,3.0359,8.8763,-6.7563,-3.9107,-1.4821,-1.7485,3.4559,8.0227,-4.3538,-7.8197,-6.9877,-7.197,8.0875,1.9809,-2.9156,9.7813,5.714,2.9734,-0.0068,2.459,0.1656,-2.266,1.3246,3.209,9.3012,3.3363,-5.3093,-2.6558,-6.1757,-7.278,1.9525,-3.2515,-7.1002,-7.7408,7.5728,-8.8405,2.1539,5.2161,-4.2825,-5.9064,-6.4587,4.0938,7.4954,0.6076,7.9257,-7.7705,-6.4648,-8.4866,-7.3005,-7.8256,2.8793,-5.8217,1.4906,1.0246,-6.7337,-0.1961,-7.5113,3.1137,-8.0112,7.4468,-2.3131,2.9017,-6.9836,-9.3529,-8.0031,-8.3098,-9.7351,5.7222,-9.6606,-9.1135,-6.8235,4.6435,-4.8701,5.6345,-8.3315,-6.1281,-7.4647,2.4039,7.5055,-8.5583,1.5571,-2.0333,-2.883,2.2167,3.2474,4.8644,9.4395,1.9265,-3.245,-0.021,-0.5205,-8.6796,-7.3771,-1.2539,0.6604,1.1876,-7.5492,8.2136,-6.4767,-1.5863,-7.9144,2.2115,2.7688,1.1467,6.4954,-8.5176,-1.2629,-7.2106,2.7072,4.6302,6.1978,8.1943,0.6532,9.6465,-7.849,-3.2338,0.8416,-1.3042,-0.9553,6.8963,0.1488,0.4164,-6.7701,-5.4359,0.1962,2.4483,8.5127,-6.876,5.2024,5.0302,0.4471,-9.3158,6.3291,-0.8376,-3.0149,6.2675,-9.5128,5.9899,0.2421,7.5044,6.0771,-1.6732,1.1663,9.068,-9.6848,-5.9811,9.7511,2.5537,-7.2143,8.8328,-1.635,3.8591,8.1408,8.0007,2.894,-7.3632,-6.2464
-2.151,-4.9416,9.6429,2.3428,4.6261,1.4757,-1.5801,9.8329,-2.9751,-9.4641,1.8568,-3.7539,-8.7318,-7.9715,7.623,-8.034,-0.2083,-2.7813,-3.4347,9.5178,8.0555,-0.6151,-4.1661,-4.4185,-8.2374,2.7965,2.168,4.4427,-0.93,1.6724,0.6584,5.4377,1.372,5.0648,-3.727,-8.2433,9.9707,6.9761,9.8002,-1.5862,6.6553,-3.656,9.9861,-0.7133,5.4204,4.8355,-7.1392,1.3582,4.8307,-6.963,9.6485,-0.0176,8.0918,9.683,5.5362,-3.6648,-4.6363,4.8086,7.3604,8.5366,-9.2652,5.2055,1.8793,7.1166,2.5276,7.813,-1.3281,-3.454,2.562,-3.6429,8.6236,-9.9789,-8.8353,6.1557,4.7772,9.0162,-8.0374,1.1671,4.1875,-2.1389,5.0459,6.2458,4.9803,-0.3241,3.2357,-7.6329,-7.7577,8.5657,-6.2368,-8.8055,-4.5966,6.7308,6.1552,0.2383,-6.0312,-2.0178,-0.8301,3.2535,-4.6094,8.0985,-0.5011,2.4684,4.2177,-3.2628,-6.5055,-4.6136,-1.2581,8.2489,2.5486,-3.3363,-4.1404,-9.2529,-6.6577,-7.3203,1.4437,-1.3254,-6.2034,6.7168,-3.1628,3.4463,9.6151,7.9697,0.9515,7.8647,-5.9077,-2.0717,6.2282,-1.5784,4.4703,-7.1861,-9.5743,8.7865,-6.8085,3.1269,-3.8731,-1.6735,-7.8021,-3.3401,-8.1041,2.5921,7.1874,8.3562,9.2101,8.4511,-6.1398,6.9428,6.9816,-0.1008,-0.6653,-4.0812,4.6519,-9.9953,6.1514,-1.2811,9.2105,2.0788,0.0837,2.0629,9.5617,8.3932,2.7503,-7.1029,-6.2244,-8.8155,-5.6624,6.3709,-7.4762,5.6232,9.756,-9.8342,9.0803,-1.9728,9.9427,2.8934,-4.537,8.8707,-9.7093,-1.3932,-8.5529,9.315,9.5318,-4.6268,1.426,2.7132,7.703,-7.4674,-3.9629,5.8186,6.182,7.6139,7.3175,0.8645,-7.4387,-0.0585,-3.5012,8.0728,-0.8813,6.2756,3.398,3.2801
6.4357,6.768,7.4236,8.8974,6.2396,7.4424,3.5765,1.659,-1.6203,-9.155,4.6779,0.437,-0.9537,0.0029,-0.6588,-9.3153,-8.4147,3.8847,3.6498,-3.1572,-4.424,-4.8471,-4.7812,-0.7941,0.3463,-8.5806,2.3923,-3.7012,-2.0769,-7.2457,4.0996,-1.0432,-9.8947,8.478,5.2449,-9.4796,-8.5815,7.8647,-6.7965,-7.0487,7.5208,9.3308,0.0296,8.0263,0.4625,9.6399,-0.132,-7.2206,-2.5468,-9.1254,-7.9752,9.7406,-5.2282,-7.5209,2.664,4.4569,0.3686,7.9642,8.8443,-5.1378,-5.2135,-4.6821,-3.4239,3.4527,-6.8734,3.3917,2.3941,-2.3499,-4.8703,8.2392,7.8809,-3.9344,-4.186,-3.284,-9.4281,-0.6154,-6.9878,1.9642,1.1891,-0.7301,-6.0631,3.3636,5.1685,-4.8373,-2.8752,8.5409,-0.9467,-0.1625,-8.8232,-1.9588,4.0633,-4.8523,-0.8109,-6.2762,-7.0117,3.3813,3.9527,-6.7811,-7.5315,4.7133,1.3505,-9.9376,-1.853,7.7381,-6.5912,4.2406,-4.67,-5.4097,-2.0794,-5.2244,-3.4559,0.8661,-3.366,6.1893,8.5308,4.4617,1.3723,8.4459,-2.7966,-1.1039,0.7349,-2.7517,3.3355,3.2876,-8.8617,4.8817,-7.773,2.735,1.8974,4.8208,-8.4717,-9.2679,-6.3193,-9.128,0.2192,3.4285,5.8596,-6.7358,6.5851,8.7906,-0.7402,-7.6765,4.5752,-3.7753,-1.8164,5.7956,7.44,0.95,-6.6234,-7.7057,8.0619,0.4046,-1.1532,-0.038,2.6977,-7.7091,-0.6196,-2.8823,-1.3941,3.3833,7.6418,-0.2191,6.3317,-9.9018,7.9786,2.6299,-2.5282,-4.2254,6.9522,2.6363,1.8217,6.2593,8.3287,-3.8974,-9.7495,4.8994,6.3402,-6.0972,-4.9678,7.8095,5.2506,4.552,-5.9234,5.7182,-9.2848,-5.0435,5.2564,0.1874,8.1737,-6.3274,-0.708,9.9113,6.4996,-8.5479,2.2723,8.2041,2.1996,-1.6058,-7.1167,9.1216
-3.6345,-1.11,-7.1462,-0.1259,-9.531,3.3094,-3.9215,-7.4944,-5.8354,-4.3373,7.1986,7.8417,-8.5073,-9.6084,-1.3535,-0.484,-9.6507,-1.3726,8.4315,6.6836,-9.7211,6.1073,8.8995,8.7569,-0.3849,6.167,-2.3715,-6.8618,8.4892,-1.9521,-2.6822,-0.6681,8.0799,-9.0209,7.0135,5.0659,1.8099,3.3184,-0.746,1.263,-1.2536,4.7917,0.8274,2.1032,7.1901,8.2628,-0.4349,0.7532,-1.701,-7.808,5.3875,8.4459,-2.4218,3.6548,2.416,-0.491,-7.3551,-5.2014,1.2635,1.1079,-0.3108,-4.4707,8.9527,-6.8904,8.2613,8.175,4.2658,5.2805,-2.4644,7.4394,-8.1415,-8.7573,7.7176,3.1318,-1.0272,-9.001,7.528,-5.0926,6.6909,-0.1977,-4.7328,-4.064,6.9949,-9.5379,-5.7086,0.2791,-2.1871,0.8592,-6.1254,3.4421,2.4451,-6.6527,-3.299,2.9198,-6.5895,-9.1553,-8.4662,-1.0992,9.1039,-3.7559,1.7696,6.275,-9.6736,6.0236,6.6554,-4.4048,6.7548,-6.8865,4.0309,-8.6993,7.4872,0.5862,-2.3162,6.4102,-3.4626,0.2268,-6.6554,-5.9701,-2.158,8.1482,6.3477,2.7372,-7.2584,-8.1824,-4.441,0.196,8.7859,8.3436,0.8045,-3.8661,-3.1193,4.7862,5.9731,-5.3006,-0.6379,0.2068,2.4315,-5.8824,-4.7626,-1.8208,4.4781,-3.411,-1.1348,0.6567,-8.0723,-9.9175,3.4224,-1.9789,-7.091,1.4282,4.8068,2.2382,8.9925,-1.8445,5.0229,-3.7205,-8.9243,-6.2991,2.819,0.9697,9.5608,3.2667,-2.3847,8.28,-9.1417,-9.602,0.5373,-6.8112,-3.5971,-8.7902,-3.2171,-1.6867,-8.7918,0.0681,4.0943,2.9297,7.4468,8.3082,-9.8923,-2.2933,-8.2247,-2.2422,-5.9456,9.0991,-1.7846,5.9882,-0.4969,-2.4426,-7.1043,-2.141,1.9115,1.4962,1.3948,2.4666,-2.9197,-3.3673,-6.3367,-5.6472,3.4206,6.8514
-2.0781,-9.9353,-2.2357,3.0574,8.2044,3.4502,5.6048,-2.2807,-8.6953,8.2828,-2.0179,-9.5779,-8.1786,-3.4118,-2.5287,5.3567,2.2412,1.1866,9.875,-1.4182,-8.2219,-7.4344,9.42,-8.3756,8.5831,-8.1298,-1.0218,-2.0599,4.6273,-6.028,1.2915,1.1025,-0.4717,8.037,0.006,-7.3896,2.8342,-3.4138,-9.555,2.7971,8.5108,7.918,4.2128,8.5806,-2.875,9.758,2.3292,5.6123,-7.9345,0.5704,-2.0284,4.1103,-7.1811,-4.2898,3.7851,-0.7629,-5.7196,-7.4242,-9.3328,9.827,1.3853,9.5593,-9.034,4.6964,7.8954,4.6924,7.3942,-3.8481,2.5539,6.9666,7.8565,9.3385,-9.5958,-4.2031,-8.3749,-4.7075,-5.2655,7.4127,-1.9528,-6.6996,-4.4589,5.0739,-5.5936,2.133,-2.0649,-8.7931,-1.126,0.4315,5.3894,-2.7059,1.2455,-8.2063,-5.5647,-8.3476,-2.8408,5.3861,8.182,9.2042,-4.0763,-6.0708,1.2626,-2.6856,-0.2848,-5.2792,-1.9522,-2.5567,6.6876,1.8969,-4.8492,-2.604,9.8645,-0.8335,3.5361,-8.2471,-3.1411,-8.5958,6.0594,-3.9075,3.8564,7.7786,-8.9502,-5.687,-7.5003,1.3942,-2.963,-2.2754,6.5122,2.298,-9.7472,-7.4071,-1.4605,1.1812,-7.1901,-2.072,8.3893,-1.7901,-5.0866,8.6185,1.9177,6.3689,-8.229,5.0703,-5.0469,7.7179,1.5238,7.2345,-3.408,2.5745,9.6513,6.7673,-3.2253,-2.2656,-3.0451,-0.8053,8.3265,2.1483,3.6217,9.6732,4.5276,8.0969,-2.3538,9.3888,-5.3683,4.2786,9.8113,-7.4027,6.124,4.9944,4.3051,-0.3588,-0.8765,-8.0971,-3.9772,-8.0783,9.9021,-7.4942,-9.4353,0.8075,-8.7341,-3.1243,-2.6339,9.7213,-5.7853,4.4211,1.7466,-0.6436,-1.9827,-0.1867,5.0047,9.5388,0.3907,9.0907,-7.4146,-9.8678,4.8661,-9.8817,-5.195,6.0975,5.1703,7.5901
-2.9018,5.0983,-6.8485,6.9445,4.2236,-7.2824,-4.8481,-5.7472,7.4035,2.3418,-4.2752,4.8088,8.3356,8.4577,-4.273,2.4184,-6.2008,7.7759,-6.4533,2.4002,4.2493,8.0697,7.1912,-5.7656,-1.3662,-4.0002,1.1687,-8.9869,-2.2782,-4.5932,-7.5199,4.8409,-0.33,-5.2273,8.986,-2.9912,8.4902,0.3774,-9.9289,7.7025,-5.6155,3.3871,-4.5137,-8.5987,-6.9116,4.2851,5.4576,5.8297,9.9852,6.458,0.9844,3.6952,6.7326,-7.1414,4.6898,-7.3407,-4.1619,8.6004,2.5125,3.1885,5.8468,0.671,-8.9143,-1.9744,-1.3243,2.1603,7.3267,-1.6909,5.4599,8.4702,-3.4989,6.437,9.4657,9.8895,-8.4233,-4.2641,4.0457,-9.6911,3.9078,-4.2166,-9.6498,-2.8036,0.6411,-4.4955,-7.0146,-5.6836,-9.1717,7.0587,6.3942,-3.4764,-4.62,-4.0063,8.9899,2.843,-4.1745,9.2242,-8.2645,1.2765,6.7179,6.5411,-9.4984,8.8307,8.4955,7.3769,-6.2901,-4.383,-2.98,-2.9402,6.1683,-5.5511,5.947,-4.7662,4.2142,-5.9829,1.3619,-6.3286,3.4298,-5.6563,-8.6618,-6.4963,8.1938,-2.354,5.1901,4.7349,-1.4799,0.3905,-3.0729,9.8462,-4.2663,2.5202,-7.4579,0.1166,-9.7363,5.5546,2.529,8.2667,2.2007,3.0081,7.2648,8.8162,-4.3023,-2.9493,-2.4016,-6.8317,8.0789,8.1303,-7.4196,-5.1706,2.6113,6.8067,7.1844,1.932,4.6065,-0.6675,7.2383,-9.3406,7.968,7.7596,-5.9488,-5.9574,1.2529,-4.6319,-1.5518,3.0505,9.969,3.3354,6.1621,9.7588,9.9976,8.0356,0.6916,-5.7364,8.3293,-3.7353,3.8859,5.5185,-1.8601,6.1106,3.945,-2.3312,6.5713,1.2653,-9.2447,8.2749,8.4877,3.83,0.2573,1.2508,-7.1155,7.4708,6.6246,-2.8141,8.4627,-3.604,-5.8441,4.9801,-1.6072,-8.9585,-5.9703,-3.2289
5.8043,-8.8795,7.6104,5.3497,-4.341,-4.2806,-4.6489,-0.8931,0.1903,6.6361,3.1088,2.498,2.6124,-7.2042,-2.5063,9.2627,2.4802,9.481,6.2186,4.3434,-1.8916,5.4708,7.1414,-4.836,9.4215,7.2283,-3.9227,-2.6275,-2.722,4.0065,3.748,-5.9116,-0.7581,8.264,7.0423,-7.8977,2.1158,0.8176,-9.6843,-2.3431,0.499,3.9364,-9.0378,-6.1608,3.5796,7.8523,0.6559,-7.6808,-5.8099,9.5586,0.1479,7.0692,-0.4303,6.2296,-8.3707,5.4735,-9.3431,9.0086,-1.4593,8.7327,-9.1789,-9.7175,8.6394,0.0489,2.5223,-4.9018,2.1137,6.5939,8.5881,2.7739,3.9966,9.5246,-5.7736,1.0462,4.4838,3.0707,9.0394,1.2635,-6.0228,-7.6243,9.2312,4.9838,0.4227,-7.8985,5.5099,-9.2869,2.555,-0.5746,-9.8779,0.8957,9.3048,-1.837,2.6834,-1.5425,-9.1743,7.2567,3.699,4.638,-6.6046,-0.5793,2.8901,1.3416,-5.4517,9.3799,1.9861,4.8496,3.6145,0.9621,-6.9505,5.9325,-6.6202,-5.8156,4.8978,-5.4796,6.2229,3.235,8.9725,-7.3511,9.0744,-9.9611,8.2266,-8.4208,2.3931,-6.1441,7.0429,-9.3777,-5.7816,-2.233,1.4374,3.0104,7.3225,-7.3568,-7.7856,-2.4781,-1.9615,3.7143,-6.2737,-7.8323,-9.516,-8.3867,3.7681,-7.5445,6.3935,-7.4425,-9.7335,-7.3543,2.8724,-4.8567,9.1556,-5.5912,7.5564,-4.3731,9.5256,3.7557,-3.9195,-7.8574,2.5084,4.395,3.1858,-0.8863,-7.1274,-3.7766,5.5542,4.8527,0.4302,4.0424,-9.9914,8.2142,6.3797,-1.8991,5.1972,-1.5975,0.0591,1.7377,-6.1588,-5.9983,-7.7119,-1.8291,-9.8986,-3.141,4.6175,8.2283,-3.9065,2.2049,-7.6309,-7.4494,-0.4234,3.3077,-4.9547,-8.1233,-5.584,6.807,4.1233,-3.1819,2.8558,-5.6187,-3.3829,6.4543,8.3972,5.0146
-6.7397,1.6113,0.7168,2.9328,-0.0578,-4.242,5.5821,-1.1379,-1.1456,4.1803,2.0692,-8.3675,-8.323,-5.7279,9.5274,9.527,2.6634,7.3632,-3.632,4.0495,-5.2851,-7.0854,-7.6764,-6.9717,-7.9516,-5.482,-3.431,4.5577,9.9146,7.9809,8.7297,8.4778,3.3123,-5.9861,-0.1344,0.6103,1.6261,6.5064,3.8293,3.0933,8.5305,4.9689,-5.2332,8.3368,-1.4633,-1.2845,-0.2818,-6.2563,-4.8395,8.9091,9.9576,1.2254,-4.231,-0.0569,3.3676,-2.9816,-8.7974,7.1464,-6.0707,-3.6074,-0.8507,-3.0066,-2.5727,-1.7834,-3.4027,5.4762,4.4574,-0.5371,3.7562,3.5437,5.5414,-7.0265,8.4139,6.4988,-0.0721,1.4821,5.7802,-6.7071,-5.6144,8.1248,2.7102,-0.7244,-9.622,7.2679,-0.9771,-2.8626,-6.1402,1.466,-3.1691,3.1169,3.9286,-8.4313,0.4419,2.3992,6.8218,-8.577,-5.3655,4.4884,7.9097,2.4086,9.613,-0.2644,-5.9317,-7.0036,7.9888,1.7163,-8.9148,1.5971,-2.2184,-6.1043,2.9154,-7.6893,-1.7042,-9.1191,2.0313,8.9669,-6.8681,-1.8327,-7.9229,2.1832,-1.9191,3.5139,-1.0142,8.8594,-8.3743,0.9378,-2.6027,-0.5869,7.5803,6.8663,6.7206,-9.0381,-6.2619,0.2182,7.9677,-4.0493,8.2643,6.2886,5.0821,3.0869,-2.5805,-6.5252,4.4597,-2.2976,1.5114,6.9042,4.4547,6.8457,8.72,8.7659,-2.4832,9.7487,4.4404,-0.2932,4.8891,-5.939,-3.508,1.8784,-4.8782,-2.7315,-3.214,-9.7847,-5.9992,-8.3081,-1.6154,-1.5281,-4.8374,4.9657,3.7121,-4.285,3.1091,1.3367,-1.6762,-0.9271,-0.1989,2.7326,4.6261,1.45,-1.8244,2.1164,6.3401,-8.2831,2.7966,5.6791,3.6769,3.9453,-1.337,8.0622,-7.2142,-0.4476,2.0556,7.3844,-2.9601,-8.0783,9.6236,-8.2202,-6.1652,-6.3179,5.712,9.3591
-7.1902,-2.0011,4.0391,4.9538,-3.1842,-1.4016,5.5362,1.1494,-9.3145,8.0845,-4.9027,-1.882,-1.328,8.1693,7.8189,5.8079,-6.0269,-7.8226,-7.1932,-1.6769,-0.7811,2.4584,-5.3773,8.0433,0.4196,8.6272,3.1929,4.3132,1.8933,-0.9183,0.5171,-7.7732,-1.4851,7.7923,-4.9933,6.4376,-1.7238,3.5402,-1.704,9.8411,7.1137,8.1752,1.4391,-0.1762,-2.6169,-1.6919,-9.8509,-3.4413,-0.5396,-9.8002,-7.4464,1.2967,-0.8766,6.1532,-8.0752,-0.0512,3.0745,-6.0468,7.8192,-0.4396,-7.03,-7.9259,4.1689,5.7695,1.2695,0.4011,-3.4387,-6.5891,-0.4477,1.7268,6.3805,-6.5078,6.4821,-0.9705,3.7701,-1.8272,9.6499,-7.033,-4.1037,6.6019,-5.9345,-3.4681,0.0834,0.6031,8.8189,-4.0375,-6.4394,9.9373,-6.4894,1.0152,4.2138,6.7238,-4.1156,8.876,5.9343,-0.6424,-6.3365,-7.0402,2.5824,-8.9711,-2.8629,4.8379,-6.9189,5.73,-5.5948,8.8841,-0.4186,1.2802,-4.9477,6.0103,-6.7921,4.0026,-0.8187,8.1346,-9.7034,-6.9352,9.2168,2.2456,-0.0609,9.5959,1.2735,2.6924,-8.7116,-4.0466,0.1167,-7.8856,-1.7778,-2.6956,0.4818,-8.9237,9.4471,-5.9357,-6.4848,8.2942,-7.3059,0.2152,3.5608,-8.896,7.674,-5.8581,7.638,8.5885,-1.6768,1.425,4.0952,-1.1292,3.7023,9.554,2.6119,-7.6391,-7.5779,3.0975,4.5085,-0.0312,6.5766,8.0206,-6.9192,1.1939,3.3575,-4.0165,9.238,0.5269,6.4264,0.6026,5.7466,0.9905,-7.0423,-1.2953,-0.6657,-9.4535,-8.9272,8.164,-2.8931,6.9828,1.8721,1.5693,2.7096,-5.5159,-5.3025,7.2011,5.3215,-2.4326,5.2444,4.6031,3.3532,-3.2135,4.2695,-3.908,9.1169,-3.4981,-2.4123,9.1966,4.5538,8.8146,-8.2095,4.3204,-5.8246,-8.2241,0.6488,-5.6346
-8.763,6.8041,3.6891,1.2081,-9.6972,-8.1232,7.2015,6.2143,2.9202,9.2691,-9.2117,7.3672,-1.3001,2.7492,1.2561,9.3133,7.6813,-8.9301,8.0024,-4.8642,3.2303,7.6878,4.9958,-2.3848,3.1778,5.8145,0.9741,4.424,1.4847,1.212,-5.1468,-2.6157,-6.6394,0.9566,-8.6112,1.1503,-6.3776,1.8027,8.9439,-8.6732,-7.2801,-1.6304,0.4756,8.8493,-4.9764,-8.0318,-3.1362,-8.0624,-4.308,-8.694,2.7629,6.5681,-2.038,-3.7324,4.9086,9.5744,7.7176,-7.407,-1.7546,-5.66,-9.1986,0.7073,-3.6942,2.228,5.5064,4.3267,-9.0889,5.5794,3.4642,6.9812,0.4509,-2.7544,-5.347,-2.2635,5.9083,-2.4512,9.6241,-3.9657,-0.0754,2.9989,-2.1564,-2.8323,-0.0554,-6.1344,6.3143,-4.5284,-8.0107,5.626,-7.5548,-2.161,5.8082,6.8933,2.7497,-0.7701,-6.5139,-5.1974,9.3056,-0.7733,4.0397,8.5704,8.8819,-5.5074,3.629,4.8308,2.369,-0.6004,-7.4701,9.957,2.7198,0.781,2.1285,2.4463,-1.6247,4.9513,-9.8634,1.2476,-4.7171,0.6921,1.8711,6.8743,0.5868,1.6102,5.5157,0.7492,2.817,-4.7587,-7.3321,0.2348,-5.8186,3.7275,-1.9406,-5.052,1.9068,-5.9042,-9.6198,0.2325,-5.9624,-9.4267,9.0039,-9.6723,-3.98,-8.4315,-8.1454,-5.2172,-1.883,5.1868,3.1558,1.2508,5.1242,6.3903,-2.938,-3.983,-6.1462,-9.5168,9.1011,5.1098,9.5573,-4.8632,-5.7077,-9.001,-7.1896,4.3794,4.0568,9.3125,-6.5612,-5.1637,-9.6486,9.4887,-9.1743,-4.2408,-7.9267,7.3567,-0.5272,-3.3157,-6.3825,-9.9649,-8.2859,7.642,7.3977,8.6372,7.6124,-2.0131,9.4832,-8.2258,-9.2049,1.2278,-2.495,-4.9523,5.482,-8.7539,2.2949,3.9319,-6.6329,-8.7852,9.8821,-7.2869,-3.2174,-7.8089,-6.1042,-2.5695
-8.4038,1.8408,0.7079,4.4737,-5.4031,-7.1586,1.5303,-5.792,-6.4167,8.1138,7.8922,4.9031,3.8238,5.3996,2.8257,-4.559,-4.3441,-6.3818,7.5494,-3.5187,-4.5132,1.598,1.4599,2.6368,3.8158,-9.886,-0.0653,9.5705,3.2433,-5.8384,1.3667,-8.7679,8.2575,3.5068,2.3055,-5.3831,0.5361,-2.1606,-5.4698,-9.4928,-8.6945,-1.648,-2.6287,5.04,3.5673,-2.8853,-2.3216,-5.1699,6.8786,3.4847,-4.9977,6.3791,0.316,-5.321,4.9386,-1.8951,-2.5434,6.7365,-4.2948,2.0848,5.2973,-3.4865,-0.6642,9.663,7.7346,-1.4096,-6.1202,-8.7713,-8.2964,-0.1092,-2.7901,2.9342,-9.6026,9.5283,3.4795,-3.9765,-1.2284,-1.7617,8.3154,-7.8941,5.4163,-4.8968,0.1434,1.3821,-3.7884,0.0873,1.7058,-1.5408,5.6948,2.3985,-9.4305,1.6328,-2.6855,-2.9252,-6.8636,3.7677,-3.4136,7.2559,1.7624,-6.5011,-9.2739,5.7295,7.5414,4.9359,0.457,0.5835,-3.4761,9.4383,-3.5036,3.7469,-6.8257,6.4991,2.8212,7.4811,2.228,6.5112,8.5772,6.6323,-3.9975,-4.3012,3.6635,-2.0453,8.267,-3.326,4.8305,7.5296,8.1141,-7.1678,-9.8954,7.3044,-6.1201,-5.968,-9.1211,5.1737,8.8478,-5.4926,1.5056,8.05,6.4353,-7.2082,8.7905,9.7996,-6.2285,7.5023,-5.841,-1.9704,-3.669,9.0273,-2.4734,9.8286,-5.912,7.0321,0.1051,-0.0311,5.7385,5.8904,2.027,0.9712,4.7242,-0.5991,6.2632,-7.2982,-8.9945,-7.2806,7.0952,6.0592,9.3164,-0.7848,-7.4234,-0.664,1.074,-4.2273,-4.8458,-0.7875,-4.4954,-3.6389,-4.6408,2.1146,8.3477,-4.9713,9.1523,9.4675,5.3545,-3.1309,-5.0809,4.6777,-6.513,-2.901,-1.1687,9.1922,3.8008,3.9009,-1.0476,8.5307,-8.1507,-2.9349,-4.3447,2.2944,3.4261,-0.4004
1.6124,-5.8783,-0.1153,-5.3418,8.6461,5.7645,-8.5372,8.0892,1.209,-2.0574,-1.3908,-9.9679,4.4854,-2.8498,4.1482,-2.9427,-2.2827,-5.0463,-8.7057,6.5394,2.1858,-1.1998,5.3844,-2.232,-9.5686,-4.6377,-7.9641,-5.2262,-9.912,4.8575,-8.8465,-1.4966,-5.256,-0.4352,-3.5218,-6.2051,5.0691,3.7775,2.0354,-6.8367,8.8565,1.9446,5.1834,3.1173,-4.2135,8.3993,1.8581,-4.2257,1.6604,-5.4094,3.538,-1.578,-3.1887,6.2968,7.1996,2.6806,-3.2944,3.1378,0.0175,-0.9992,-5.2739,9.1896,-2.4648,5.4276,-6.7604,7.1676,-3.0418,7.002,0.9727,-7.2837,6.5258,-1.6123,3.9594,6.9089,-8.7103,9.1316,-6.9325,-5.7409,4.5035,-0.6782,-7.9538,7.4548,1.2932,5.6568,9.1578,7.9418,-5.3188,7.5039,2.7422,6.6773,1.3289,2.1586,6.4011,-9.0381,-7.9938,-2.6014,-9.8464,8.8502,-1.9341,1.8396,7.1515,-4.3134,-7.2241,6.4351,-9.6243,-8.0617,-1.7678,4.6949,8.1241,3.7455,1.6253,-7.0602,-9.884,1.3706,-5.1639,5.3806,5.6971,9.1254,-3.6765,2.6371,-2.0982,-5.4524,-6.7644,-9.2525,4.5473,3.9222,3.0617,4.8431,1.3934,4.1105,5.665,-9.6236,4.3232,-8.1666,-0.16,-3.1463,1.6848,8.47,-9.8516,-1.2914,-8.4511,8.2872,-9.8215,-6.4155,3.5868,-1.5277,0.3641,5.834,-2.4833,7.6945,1.5656,-1.3509,-1.0701,0.3521,9.2269,-3.23,9.8282,2.4725,-1.5993,-5.847,-6.1759,-0.457,8.5273,4.0122,-9.8169,-2.1092,-7.2958,3.8039,6.4387,-1.5918,5.1833,-3.6326,1.2619,-7.775,-6.4699,-1.1205,-3.5826,-0.9378,0.9051,6.7685,-7.4076,-1.8129,2.547,6.955,-3.3238,0.1509,2.5309,6.4065,-5.7359,-6.7859,0.037,-8.2827,7.6936,5.8064,4.8882,-6.938,7.7157,1.2516,-9.5149,-4.0153
-6.1269,-7.6876,-1.2535,-7.7911,-0.9198,9.0455,-7.8134,-7.8887,2.3948,6.1754,2.9616,4.9433,4.8905,1.4583,3.9222,-2.0923,-1.276,7.6398,-2.043,-1.5257,-4.4784,1.3806,-4.9966,8.7027,3.1704,6.6676,-6.0023,-7.8723,-9.0455,-8.9915,-5.2437,4.4399,3.2586,-7.9472,-5.8367,7.1706,-8.448,-1.7297,-7.682,-1.5825,-8.7862,-8.3472,3.377,5.3499,-4.4904,7.5202,-7.5019,-9.266,-3.5794,1.5279,8.4086,6.129,2.0773,-0.0114,9.9273,0.0935,-5.911,1.9729,-9.6461,-4.1358,-6.8422,-9.5234,0.5727,1.3921,-7.4788,6.7069,4.4832,3.4311,-7.9784,3.3722,-1.7301,9.511,9.3513,-4.6588,-0.5031,-7.8583,-8.2075,4.0275,2.7747,-8.7648,8.0665,-6.1677,0.3966,-9.0189,-5.3404,0.99,4.6803,0.1607,-3.4325,8.6525,-4.8442,-7.2586,-1.4359,-3.162,1.7929,-3.0054,-5.6127,-2.2356,-4.8779,2.8175,-5.2143,4.5736,-6.1237,-1.7849,-4.8606,-6.1388,-2.3792,6.4679,7.0323,0.442,4.1868,-9.0397,-0.2519,-7.004,-5.2773,-5.4813,-7.0266,1.6396,7.9315,-1.1337,0.9615,1.2078,-2.1881,3.9976,-2.4156,-7.2628,9.1956,-1.7563,5.8294,-0.2413,5.2957,9.5749,-8.1384,3.1193,4.8337,-7.3604,-3.45,6.2731,-9.7527,-5.4161,2.0692,-8.3931,9.9339,-7.8994,2.4573,-0.91,-6.5666,-7.545,5.6323,-0.5027,4.1608,9.6197,1.7302,4.0084,1.7643,2.9164,-6.8461,-1.0667,0.4547,-9.9589,3.0659,-6.7379,2.9382,0.3976,-3.0444,-6.5166,-1.9371,-0.3534,-2.1472,-8.5391,-8.8264,-2.0846,-4.586,-3.7716,-1.0582,-3.5991,9.4645,-2.5659,-2.2648,6.7851,0.1662,3.7625,-0.2458,-7.7836,6.8457,5.5481,-5.466,5.1563,9.3397,0.337,-0.4802,-7.9751,-3.4635,-3.2074,-9.0514,7.2388,2.3549,-2.9341,-6.6736,5.7101
-5.7246,-3.7236,-8.9644,-7.7297,-8.3104,7.8022,-8.0402,6.7321,0.5146,-7.1545,3.34,-4.4453,-8.9853,2.1064,4.0391,-0.0022,4.6624,-9.0745,-2.0884,3.7984,4.2327,6.9372,-5.5628,-2.6501,6.8287,8.6357,-8.1839,-1.8185,-6.2986,3.0086,-7.0391,-6.0436,2.5058,6.7048,0.741,-2.2999,8.1972,-4.2732,8.5573,1.681,3.5561,-8.781,5.2521,3.5283,5.8943,6.7158,6.1337,7.3348,-3.7461,-2.5733,-9.0349,6.0674,-9.3581,-6.8388,5.6341,-4.2661,4.0633,1.9828,-4.8633,9.1905,5.3363,7.2567,-8.6653,-5.2205,4.786,7.6809,-0.1792,1.3308,8.7995,-4.7274,-3.829,-4.1939,7.6946,8.5535,7.5443,-0.3071,-8.5176,-1.7032,8.0357,4.7517,-8.6488,7.3596,4.8561,8.7116,9.7604,-9.3065,-2.145,-5.2942,-6.3195,-7.1081,9.7367,3.5445,4.2519,-3.0654,-0.4299,-8.1664,-4.7317,-3.755,2.2837,-2.0661,-9.9311,2.255,-2.4134,-9.2647,-3.8997,-5.7197,-2.3743,-4.8238,2.8661,-1.2417,-8.7496,4.4348,0.648,2.1517,8.6986,-4.8572,1.9255,-2.6302,4.0555,-8.5018,-1.7611,-7.6262,5.7603,6.345,0.3363,-6.0535,3.4953,-5.6652,-8.9234,-9.709,-7.1473,-5.0899,-6.4607,3.1644,-7.4296,-2.7463,-9.8338,5.0542,1.8616,7.1085,7.2466,-5.4314,-5.9459,-0.0539,-1.0604,6.5707,-4.7581,-1.7684,5.9015,-0.1708,5.9408,-6.0876,-9.4216,-0.6494,-4.4617,1.7511,0.5351,-7.0904,-1.8695,-5.5258,6.1264,5.277,3.6646,-4.9287,-8.0238,9.7005,-9.3942,3.3739,-0.4621,4.8553,-0.3064,-7.624,-1.9227,-4.1483,-6.4026,1.2927,7.3765,-8.201,6.2559,-4.1441,-8.0115,6.0805,7.4477,-7.8627,5.1289,5.9865,5.7636,5.6855,-6.6292,6.8073,5.0888,5.0143,-1.5384,-2.3277,-0.8869,0.1288,8.5139,7.3267,3.5965,0.352
1.6917,-5.0002,-0.2254,-4.7342,3.8002,1.3623,5.289,-1.0394,-7.406,-5.9783,-0.1002,-9.437,-8.7348,-6.8814,-7.5563,-0.7935,5.9336,-7.9302,-6.2228,-2.6577,0.0766,4.6552,0.3353,4.1,9.2367,3.325,3.9628,-0.4987,-5.4842,6.5687,4.0627,2.5729,-3.2315,7.1509,8.0411,-2.2939,-5.4049,-2.1169,4.7966,-9.1755,1.0464,9.9546,5.9662,-4.9434,7.7497,7.0196,9.0141,6.9975,8.5071,0.6449,-2.2393,-0.3737,-9.1799,-7.713,-3.2036,8.6509,8.8351,-2.1283,-5.4962,-1.5873,-5.2645,7.3624,-7.9161,9.1816,2.5641,-6.5197,4.5344,-7.8201,-6.8787,-5.8054,4.5743,-8.0193,3.1095,1.712,-6.3578,1.2455,-4.2823,-6.9707,2.9892,-7.5808,-6.8554,-6.7102,7.8613,7.7999,-6.198,1.723,-4.4682,5.3582,9.3889,4.1658,-4.5914,0.2138,8.0122,-4.6355,4.2444,-3.9644,3.9548,-0.3634,6.4994,8.8896,-2.1206,-2.0082,8.3516,-2.6812,-6.0926,5.2104,4.783,-6.115,4.1854,2.0007,5.9854,-5.9059,6.2441,7.1361,0.6306,2.0888,-4.9094,-5.9007,9.3919,-2.7262,1.5657,-8.3409,-9.7003,5.3559,3.8537,6.5891,9.6582,2.3227,-1.0993,4.3069,-2.2265,-0.1632,2.5183,-7.9748,7.5548,-4.9567,2.0429,6.9252,5.0752,-2.8795,-2.3101,2.6197,-6.6335,1.0432,-5.5923,-6.4732,-6.8491,-4.7967,-9.1616,3.3215,-1.671,6.5658,3.8058,-6.4692,-6.7955,-4.5589,4.1877,3.2748,-7.2617,5.6395,-2.3106,-8.8694,-0.677,2.6482,-5.1702,4.5911,2.8101,1.3885,-3.9638,-7.9009,-4.1405,8.8378,7.4109,-6.0266,-4.5039,-7.0391,8.4626,-1.2165,-2.1992,5.3696,2.6865,6.8547,-4.9625,6.3394,7.8357,-9.9551,1.6233,-2.3844,2.546,5.4608,3.695,4.0872,2.3884,-2.8255,6.985,9.4427,3.7669,7.4062,-6.6346,-6.3104
-2.931,-7.7032,-0.3747,4.3658,8.7865,-1.3678,-2.253,-7.0865,-6.8587,9.5934,4.5379,0.2125,-9.4629,-3.4602,4.0718,-8.8617,-0.8298,-8.389,5.4946,3.4266,5.1138,-5.2545,6.1877,-7.4135,3.0827,8.6605,-6.2505,-7.508,8.8073,-4.3484,3.3762,-9.7238,-8.0022,-8.4047,-1.4972,-8.6218,-6.4133,-4.4469,-7.1158,-2.8071,-0.8114,7.3142,0.0434,-3.8782,8.7356,8.1453,-3.7884,7.1753,8.5822,6.6601,5.9521,-0.231,-5.0955,1.8269,-6.9826,-2.1447,-0.1757,-6.7274,-8.1898,6.1606,-5.5491,1.3189,-3.2759,-7.4102,-6.0631,-8.0902,4.4653,-4.2949,-1.5849,2.3822,7.3481,1.5888,4.7811,0.1826,-9.9669,-8.1285,-6.0993,-8.426,7.8909,-7.605,-0.0658,7.0067,1.9403,0.8664,6.7395,-2.9664,0.6447,-6.9161,7.1662,4.0463,-5.3203,-0.9709,-5.9841,3.8097,4.3563,-2.2838,8.3346,-8.1193,6.1521,-8.6576,4.3779,-6.3556,-7.3241,5.2471,7.3745,0.5985,7.2323,1.8264,-5.1662,-5.4755,-3.8629,-2.8451,0.4958,-7.8837,-0.6997,-3.3647,-2.8789,-6.1565,-8.8248,-0.4391,2.1389,7.4851,-4.1923,-5.4041,7.1398,2.6706,3.4378,0.4365,-0.9023,-9.9114,-0.2703,-4.2998,7.6527,2.5577,0.0772,-5.9429,5.8713,9.728,-1.9771,5.3726,-3.3363,1.4228,1.8948,6.0917,1.9458,-9.3411,-3.0428,-3.4102,-9.8989,8.2899,-6.4116,0.8315,-8.533,8.9851,-1.5576,1.1883,8.1583,-2.432,7.3885,1.6892,-6.0473,9.6885,2.7692,9.3789,-8.4903,2.4106,6.2445,-6.5473,-2.568,-2.1725,5.9543,9.0298,6.1501,4.0097,-7.5991,-5.2086,2.4193,-8.2863,5.2012,4.9781,5.6207,1.425,3.4041,-8.793,-7.5036,-2.3473,-1.1639,-8.8484,-3.103,-3.5539,-4.4963,8.2443,0.8114,-0.1834,5.1064,-7.4253,-8.4921,-1.2466,-7.8468,-7.2486
6.3247,8.0223,8.4732,-5.8946,8.9513,-4.043,6.6261,-5.6421,-9.7686,0.9441,2.6368,2.0024,5.987,-0.4761,-8.1667,5.0465,-5.682,1.314,5.357,8.0496,-0.6618,9.6281,-2.1831,1.8388,4.0128,-0.3819,-0.0722,-6.1712,8.1317,-3.6388,3.8036,-6.4807,8.6353,-8.1674,6.6326,-0.0699,9.9142,-7.6259,0.9072,-1.3135,-6.955,9.8308,-0.8633,0.6774,8.2333,-4.539,-6.9689,5.8151,8.0452,-0.0992,2.1932,-7.2031,-6.3861,3.734,-1.2715,4.2411,7.9798,3.9296,-4.3531,-8.4692,-3.0281,-2.8289,3.8484,-0.2091,6.0645,0.3052,-3.3406,-8.5851,-5.1283,-2.0895,-6.9132,-4.0334,-9.6706,-2.1234,3.088,4.1414,4.5696,1.4639,0.4487,-2.0076,-2.3895,-3.0541,-5.4381,4.5999,-3.6167,-0.3846,4.8847,1.6163,-3.9257,-5.8743,1.331,5.8902,1.8388,-5.4577,9.8285,0.7856,9.0579,-3.8508,-5.5371,-7.3229,5.8555,-2.8769,9.2984,3.9395,-9.4202,0.5249,-1.5365,-7.2936,0.2433,4.955,-9.3955,4.1078,-0.7773,5.0336,-1.2841,-5.6939,3.3566,7.1188,2.8118,4.5301,-5.9363,0.0003,0.7135,-1.7828,8.5738,-1.7554,-5.6996,2.2482,3.5726,2.2755,-2.2752,7.449,-5.7443,7.4466,2.2779,9.9786,-3.5662,9.5373,3.7359,-8.3117,-4.8411,1.8729,5.0229,7.0366,-3.1484,-1.5999,8.5082,-2.7201,-0.1694,3.1116,-7.7028,-9.9752,6.5054,-8.2877,0.7584,4.8209,7.8394,1.5177,-8.8313,3.6162,3.8071,8.1291,9.568,-4.6039,9.2416,-2.5902,5.173,-6.3932,5.0353,-5.0757,1.6789,7.7882,-4.784,-5.3966,-6.5929,-3.659,-2.8121,-3.5371,-0.2606,-4.9389,2.0052,-2.3025,-9.1165,1.4992,-9.9833,4.8289,-8.892,9.197,9.5073,9.6515,-5.2864,-9.9213,-5.8119,7.0176,-0.5667,-8.1348,-1.4728,-5.7633,-7.0048,-4.5178
-6.8325,9.9473,-0.4638,6.8459,-5.693,-5.1817,-7.7485,8.5489,1.3048,3.6598,8.9478,-6.5016,5.8609,1.6301,-6.5856,-8.5115,-5.5063,9.5099,-0.537,-6.22,-4.0401,3.868,8.556,1.6723,-0.4586,4.7362,5.7368,-2.609,0.5013,1.27,-6.8159,-4.0339,-6.1375,9.667,-1.3876,0.6477,-6.7247,7.8534,-4.8039,-4.0007,0.4654,-0.0988,-4.6387,9.5182,1.5855,-7.7516,4.0234,-1.792,8.3446,2.4037,-6.0962,1.6234,-2.4004,-5.7241,-9.118,-8.8795,-8.5935,7.1094,-6.4401,4.8996,1.5838,-7.6827,-4.6354,-9.214,7.7266,6.6148,-7.2896,-0.1611,-8.8613,8.4461,6.2574,-3.5212,-2.8162,3.3992,2.2558,4.8761,5.1995,5.0813,-2.5164,5.9264,9.1912,-7.6835,7.8386,0.1445,8.2864,2.0907,-8.6977,-9.6699,-1.2102,8.4321,9.366,7.4986,-8.8754,-6.8914,3.7973,-2.5556,6.9506,8.4109,7.787,1.213,4.4816,0.3765,-8.2403,-2.3374,0.9666,-5.2357,2.8196,4.5032,2.9384,3.5877,-7.7439,5.0342,-8.4583,-0.1064,8.1246,7.35,1.7188,-2.5287,5.0846,1.9045,9.824,8.1388,2.4682,5.1671,-3.1647,-9.5028,0.7869,3.0928,-7.2497,-4.4645,-3.1742,-8.4199,-1.4532,9.7907,-3.0342,3.6665,3.0547,8.1288,-0.2889,8.7897,-8.3344,8.9233,-2.3083,9.7902,-7.7741,-9.1852,-3.1521,-0.4573,8.1164,-5.0229,-1.5413,1.4056,-7.9819,8.9405,2.7661,6.6165,-8.2258,-6.7267,-8.8488,0.1845,6.5368,4.3421,-7.4203,0.2277,-2.6617,-3.9994,-6.8032,-0.3998,-9.3476,6.1627,6.7226,0.4373,-1.4165,-4.3273,-2.3753,5.0872,-3.3686,-7.3043,-9.1788,-5.0853,-8.0164,3.4798,-7.5587,-6.5829,1.338,-5.064,-4.2109,-2.4182,0.8869,3.7345,5.5926,-9.9997,7.2515,-0.0931,9.5473,6.3925,-9.008,-6.2962,4.4922,-3.0639
9.2105,-5.0083,-5.3171,0.3445,1.3337,8.1547,4.0334,5.0633,-3.8596,8.1035,8.4458,0.787,-0.8124,-3.1713,2.4664,1.2631,-4.614,9.7617,0.2808,-6.6504,-5.4527,-8.4879,-3.6527,3.1864,-3.3216,0.7702,5.1162,0.5488,-0.2139,6.0864,9.3988,-3.1202,1.1987,0.8137,8.6644,5.1067,-7.7578,6.3855,9.6132,-3.3786,5.802,-7.5607,0.791,7.0165,-4.1269,4.7864,-2.4319,-4.8687,9.3117,5.7029,0.1416,3.909,0.9038,-0.0602,0.424,-6.7286,8.3487,3.1431,1.1218,-6.6318,2.4273,-4.0589,-2.6543,-0.0633,6.2639,1.3297,2.9382,1.2294,4.6009,-8.2547,4.1053,-4.4342,-3.1351,-9.354,1.7776,3.3477,0.8801,-7.253,2.7899,-5.0734,-5.2484,-9.8271,3.9493,2.0616,6.6085,-4.676,-9.8732,-7.2078,8.6665,1.0063,4.2075,-1.1662,3.0024,5.5461,5.7796,-8.1754,-6.0309,-6.6007,-5.8072,8.97,5.968,4.1198,-7.77,-2.2584,-3.3661,0.7742,-9.016,7.8537,-7.2886,-7.1294,-4.1052,-9.2902,-2.5977,2.1787,1.4572,-4.395,8.677,-1.2881,-0.1242,-4.833,2.7453,4.1181,2.1615,-9.8269,-0.1568,2.1903,9.2931,-8.3193,8.2658,-5.5393,3.3419,-2.7022,4.8666,-5.0944,-7.0621,-8.8064,8.8183,-7.3018,5.3562,-9.3234,8.4341,-8.9331,-2.4643,6.8363,-8.5192,-3.045,7.0572,2.8156,-3.4356,-8.5083,7.7973,6.5337,6.5188,1.5913,9.4275,-4.1895,8.887,-7.3346,-3.472,-4.3038,1.5969,7.0685,-0.0574,8.121,1.6675,7.0323,-0.0908,-9.7386,-6.5995,8.5103,9.6846,6.8495,5.2479,9.7114,-8.7984,-2.865,-5.4473,-5.8003,-8.825,9.6608,8.8889,-6.5832,7.7821,-5.4322,0.6628,7.0151,-9.8006,-8.5429,5.9777,-7.6505,7.8019,2.9667,4.6953,7.546,6.7127,8.4238,-1.1089,1.0708,6.2006,-4.7926
4.9022,8.8441,-8.9684,3.0483,5.4904,1.5949,-7.178,3.5198,-7.4115,-7.0323,1.1094,9.2501,-5.6546,2.3292,-8.3837,-5.1491,2.4177,-6.8415,-5.2237,3.6996,6.2496,-2.3423,0.579,9.2423,-3.8291,2.5479,-3.0486,-3.6436,6.7535,4.4388,3.5371,2.6341,4.0037,-5.1938,-4.4808,-8.1624,5.0982,-2.9213,-4.6181,-0.3169,-8.3467,0.5903,-0.4354,6.0929,-3.2049,8.0964,-4.507,-6.0266,-2.7161,-6.6021,2.3004,7.2159,-3.4654,-5.4925,9.6407,2.1259,6.4159,-5.144,7.4316,8.2836,-4.0717,0.1447,-4.6733,-4.4538,6.4186,5.6921,7.283,-6.5673,-1.7627,-2.951,8.2523,5.1773,-0.2489,-9.2767,-0.5913,4.2986,-2.2791,-5.6939,-6.1728,6.2344,7.9938,-2.4284,1.4267,-7.4767,1.1209,8.7575,7.7302,-5.2178,-6.3475,3.9035,-4.849,7.4165,-4.4175,-4.7263,-3.6815,-6.5705,0.6892,3.2935,-6.5177,-2.9435,-7.5662,-2.0112,5.6053,5.5805,-0.3845,-5.5603,1.4108,-0.237,8.1896,-4.1985,-3.1748,-6.8852,8.933,-4.8291,0.0563,-4.1974,-1.7818,-2.8535,7.9383,-0.4191,-0.4645,1.8155,7.4077,8.4636,7.3357,-5.4262,3.2906,-1.039,3.2231,7.2949,1.8589,2.2902,-8.9588,6.9878,-7.1485,3.9384,2.3163,-4.0093,-0.1556,5.7822,-4.9337,0.3902,-9.9785,9.6596,-1.872,5.713,-3.4809,-6.753,-2.5612,1.3184,1.0491,-1.5013,1.2419,-2.8617,-6.1894,-1.0232,-3.395,-7.8799,8.5223,2.6655,2.2054,3.0281,6.9565,5.094,9.0854,3.3851,5.2822,7.8545,3.5701,8.031,-6.4265,-2.9513,-1.6147,4.0865,-6.4789,4.2115,-5.9586,4.2882,-3.0724,-7.3134,9.8093,-8.4706,-4.2356,-8.8635,-9.9313,1.9636,-0.0246,-4.0576,2.1563,2.4927,-9.6069,4.8161,-9.4794,0.0399,7.3599,6.7825,2.2999,-0.8727,8.9092,-2.9616
-1.9951,-3.8611,-3.2281,-8.2663,0.455,-5.9797,-3.0642,8.6714,-6.6668,-2.5859,-8.9307,9.126,9.7941,-8.5059,-1.338,6.6627,6.3099,-4.1703,8.9741,-5.0747,5.1595,9.6487,-7.2744,-9.2577,2.354,-1.3742,-4.9574,-8.6729,9.648,8.6105,6.5984,3.9163,3.7155,7.9714,-2.0878,2.7936,7.9273,2.9556,6.1007,-1.4971,1.8787,5.2546,9.9724,3.5419,-0.4035,-9.5865,-9.8117,8.9134,-2.1294,-2.3036,-3.4926,7.4863,-9.3216,8.6044,-5.7843,1.5375,-7.9869,8.2497,8.9642,-6.0832,-1.8555,-3.1165,3.7067,-5.7694,-5.9687,-4.8603,-1.754,8.2571,-4.1212,-7.9136,-1.9276,4.066,4.4891,-8.0041,8.2434,-9.573,6.2951,-3.1341,-0.5712,-1.0599,-5.433,-8.6772,-6.8873,4.7192,-1.5809,7.0288,9.1164,-6.3716,-4.2573,-1.2236,-3.2092,-5.8288,4.4963,-6.3128,4.5184,7.6079,7.4036,5.093,8.5668,1.7406,-2.6816,3.1686,-6.829,3.1601,5.5264,5.324,2.3062,-9.9308,-2.8128,5.3236,0.0495,-7.5764,2.1851,0.4916,8.415,-3.826,-8.5987,7.308,8.3918,5.7449,4.7484,-3.1962,9.7855,3.8829,-4.9447,1.9813,-7.1488,-9.1462,-2.3971,2.4076,9.6979,-1.2033,-3.1973,6.3587,8.7503,0.1887,8.9581,8.719,4.3631,-4.4735,-7.5944,7.2217,8.778,2.7633,9.1496,-7.2118,-8.9256,-9.3018,-0.5446,-3.7711,8.2826,0.2355,-5.2301,2.6759,8.4519,5.4516,2.7927,-3.4835,8.5385,-9.6703,-5.4668,7.3426,8.6075,-5.7836,-0.4298,-6.6833,-0.3642,6.5616,7.9739,-2.609,-3.4075,3.7832,2.864,-6.884,3.6928,9.7251,-1.1267,-5.4495,-1.2671,-7.7786,-3.2166,2.8739,9.0938,9.3479,-4.3302,6.8778,9.7202,-9.1547,6.5734,2.3027,-4.0823,7.1561,-9.6971,2.5178,-4.8434,3.2176,4.9976,-3.9839,-1.4855,6.0328
-1.8225,-4.8314,-4.1298,9.0331,-7.2369,5.5459,-1.4041,-2.5839,9.7346,-3.2927,1.2101,-1.4881,3.0501,-0.6297,-6.6524,-8.9453,9.1451,9.9159,4.169,-6.9432,4.3526,1.7933,9.4658,-0.7914,-7.748,3.5371,-9.9173,-5.3416,-5.3705,7.4805,2.8217,-6.0268,-5.7693,2.5024,-3.465,6.7699,2.6714,9.0802,-8.6155,9.7022,-1.1003,5.003,8.3813,-0.0584,1.2003,7.7302,-9.9003,6.8462,-7.6644,-9.4583,-2.7902,8.9277,0.3198,7.0739,5.4457,7.8848,-4.1727,-6.6995,9.9193,-6.9535,-8.9401,0.4954,3.2196,0.0556,-8.8561,1.8492,-8.0012,-3.7026,-4.2631,-2.9505,-9.7325,8.5692,-2.7193,-1.9119,-1.8091,-9.6311,0.1448,6.8461,5.2232,-3.8981,-8.6412,-8.8442,7.6323,-1.0001,-4.873,3.6248,-9.6004,6.5047,6.7229,-0.0757,8.5132,5.9259,-7.7739,-1.1184,9.5459,9.9869,-0.6171,-3.6275,2.0941,-7.7866,2.5826,3.1637,0.7393,8.3162,1.971,2.3072,9.8601,5.5216,-9.036,-7.0708,2.9023,-1.8933,-4.4593,-1.8207,-1.916,3.1695,8.5294,-0.3537,-8.3679,-5.1758,-2.4722,2.6619,-6.6402,5.7958,2.2222,-3.0552,-3.176,3.5196,-4.5032,6.0124,-7.3386,-9.8706,6.8972,2.3057,-0.3922,-1.3586,6.7987,2.2923,-2.436,9.5653,-4.7794,-4.1289,7.9576,7.8702,6.2261,-1.403,-9.8459,5.4018,8.1477,-0.3633,6.4706,-1.5333,5.999,-1.0522,-6.0194,0.8745,-6.4322,-1.2162,8.4406,2.8819,-0.7444,-3.0096,-2.7284,7.5377,4.8328,4.8491,-2.8093,-5.0448,-7.6654,0.3208,-6.3673,0.6882,1.6364,5.1797,5.2491,-3.1268,-2.2025,-5.2191,-8.4754,9.9282,0.3479,7.436,0.894,1.7376,-1.0899,-4.6967,4.3102,-0.6012,7.8436,3.8887,1.9159,0.5263,-7.5093,0.9973,3.6075,0.4859,8.6563,3.3753,-2.8549,-1.8436
2.5749,3.1265,-5.5362,-9.8241,-3.9158,-1.8296,7.973,-3.0439,3.9366,3.0995,3.0412,-9.0558,-7.763,-6.4891,0.4267,7.0836,-0.8153,2.1541,8.1138,-5.1238,7.5451,-0.1387,3.4882,-1.4126,7.206,-7.353,-0.1938,7.1033,2.5716,-2.0476,-9.5971,2.6904,-6.4584,-6.2418,-1.9724,1.8761,8.282,-7.9146,-1.2143,-2.53,6.0611,-5.9792,-1.3752,-8.3262,3.8512,-5.5538,-1.3463,-0.6478,5.4145,-4.7801,-5.603,-7.4402,1.8478,-9.2271,5.4708,3.8809,3.0699,-1.4527,-4.8561,2.8353,9.4335,0.1086,-7.9167,-9.8379,6.7845,0.6327,4.0185,-7.1191,-0.1157,-2.7005,-9.9978,-3.8583,-6.9531,3.4469,-4.794,1.6977,-5.8504,5.6338,5.7198,-3.2423,-0.0607,8.2172,-7.2178,-5.0627,0.9347,-8.108,1.4432,2.8323,-4.2081,-3.6205,3.6506,2.7837,2.8058,5.0549,-8.759,-0.404,7.1448,0.5758,-8.6115,-5.3593,5.8154,3.4185,3.5862,-7.9411,-2.6433,4.2657,-5.7528,5.14,2.9811,-0.1786,2.2806,5.4648,2.6785,-9.1475,4.9765,0.9746,6.4148,1.2196,2.3353,4.7322,-1.8858,-8.6834,0.5484,-2.6795,4.0922,-2.1,-1.6452,-5.399,5.9907,-9.0358,1.9545,-4.563,-9.2854,-2.7763,2.9379,-1.5583,4.3223,-1.8164,4.794,-8.8234,-7.94,-1.2897,5.0965,3.3363,4.6377,7.0796,-6.6083,6.4231,7.7346,8.532,-8.0514,0.6394,5.784,5.0837,0.9769,9.4633,-7.8942,-8.0672,-7.0644,5.95,-0.1912,-4.2569,6.1886,-5.4396,3.288,8.3146,-6.8675,-9.888,-4.6193,-2.6156,9.5586,-5.0519,0.0664,-9.0427,-2.8895,-2.7695,5.1115,-7.8846,8.036,7.1236,-1.6797,6.9203,2.2768,-8.7753,-9.0416,9.4046,-4.2797,-3.1706,-2.2777,-6.5146,0.1977,5.8912,-7.4747,6.179,0.5956,-2.0507,3.2885,1.8608,-9.8723,2.7248
-3.382,-1.9146,6.5365,1.2788,8.9068,-9.87,2.6664,-2.3164,-3.9817,0.2008,0.9705,8.0807,-8.5988,6.1506,-4.3555,-9.8101,-7.5003,8.0161,-4.4671,-4.4474,-0.6166,-8.4854,-7.0807,-6.2625,9.9409,4.7632,-2.0905,-7.5762,-6.031,7.482,2.0331,8.3747,-3.2379,-1.7793,3.979,3.3602,6.9714,6.9481,-9.0647,-1.7547,9.558,5.2464,8.5219,-9.4471,9.669,-7.4184,7.9346,-4.8838,2.7506,6.0842,-3.7863,2.7042,-8.4213,9.236,-4.3068,-8.5945,-5.4075,7.2293,-5.4654,3.1961,-1.5334,4.7829,6.9396,-1.8786,2.1169,6.8108,4.913,-3.5466,-7.9932,-2.1797,-6.8613,1.7937,-6.4292,-9.9624,-0.9503,5.6794,-8.3081,7.1773,-0.2743,1.2484,3.9595,-9.6605,-4.4469,8.6044,2.8956,9.7829,-7.7818,6.8738,-4.4291,2.8125,9.3818,9.0193,-7.9786,0.8922,4.177,-3.9258,1.7249,1.8226,0.8471,3.5547,-7.0563,-8.1876,-8.7936,-1.128,1.6324,7.2211,3.3001,4.189,-6.3934,-8.7,-9.3635,8.4567,2.9172,6.4226,-7.5053,4.7253,-4.5739,-4.6322,1.8743,3.6194,7.8488,-6.0696,-4.4321,-0.1115,-1.1903,5.4583,-3.133,-5.8929,2.2181,-2.3461,-7.8418,6.2571,-1.9176,-7.0935,9.1414,9.3921,-7.4017,-6.0373,-5.1365,-2.3488,-2.8318,0.8805,-2.2159,0.8845,-8.8589,6.4012,-1.5125,6.4017,-7.6545,6.8764,-8.2026,-0.2104,4.6701,-3.2228,-4.0552,3.8737,8.5525,-8.4259,-3.2849,5.0626,3.2813,-4.9198,1.3956,0.2894,5.2683,-0.5068,-3.8301,5.8248,9.9732,-7.8594,0.031,-6.542,1.7986,4.0948,5.3515,-8.458,-3.7678,-3.8356,-4.3163,5.5803,2.4056,-7.3237,-2.8762,3.8363,-9.909,-9.898,9.2387,-2.7577,-2.3687,4.6595,3.1522,1.0661,7.926,-7.0009,6.4424,6.227,-0.8956,-9.1093,-4.0117,1.8484
-1.1402,-9.0765,-2.2978,5.4107,-6.8992,2.4216,1.6043,8.1815,7.7457,5.1197,-0.0384,9.729,7.6045,9.5862,-1.1324,-4.7988,6.2418,-7.0659,2.6801,0.8962,-1.7792,7.6016,-1.0432,7.936,8.4873,-9.0644,0.5552,9.1626,-7.6516,-8.1957,-9.235,-6.4994,6.2829,-2.1544,-6.2463,-6.8394,6.0987,-8.4047,5.1209,1.2752,-1.8518,-6.2221,-9.6991,-1.9086,-8.686,3.289,-2.9009,2.573,-7.366,6.6465,2.6043,-1.3254,3.7618,1.1477,-2.4409,5.6947,5.9176,-2.2695,-3.85,-8.0716,-1.0399,-0.7195,-1.449,-0.6645,-2.4623,-9.4369,-1.4484,-6.162,3.7654,-7.3301,9.8276,9.9454,9.6091,-4.4873,0.4607,-7.6132,-5.1751,-1.6079,-8.3559,3.3418,1.9038,2.2282,0.6173,9.0803,1.2133,8.9453,-3.578,-8.1413,3.9689,4.0469,-6.1431,7.2037,5.7513,0.2826,-8.6718,5.5263,-7.1738,-1.7601,-9.6318,-9.4003,-5.4853,-3.1648,5.759,0.236,6.8492,-2.6067,-7.2565,9.0181,-4.7251,-9.6496,-6.8213,-2.8407,7.937,-9.9369,9.1568,5.7709,2.4359,2.8275,-3.3783,3.1042,9.7095,-1.4143,9.4115,7.2847,-1.8369,8.939,-4.1986,7.2556,1.8353,-2.0322,8.2189,-9.0433,-6.0335,5.6843,-3.8129,-6.5781,3.4411,9.0949,-5.2116,-8.0795,1.0323,8.4669,-5.2895,-0.7211,9.9381,6.6018,-7.9802,6.7372,6.9028,-8.7475,4.8741,-3.0692,-0.7137,-3.5669,-3.4788,7.5574,3.7116,2.4236,9.7152,7.4556,-0.7235,-0.6348,-1.1917,2.9143,2.8696,-0.6699,4.3353,1.0355,1.6549,-2.3585,2.4012,7.3375,5.2004,3.6543,-5.3649,8.1009,-9.6751,-5.2129,-1.5505,-5.5495,-6.3106,-2.5282,0.7769,5.9614,5.4601,1.3765,-1.6979,5.4914,1.5621,-3.0061,0.779,1.2937,-0.7438,8.276,-5.0357,-9.4374,-4.4077,-1.4887,4.8279,-8.4314
-1.5905,-4.1384,-4.44,4.5132,-3.3019,6.5518,-3.812,-1.5751,8.239,-5.3358,-3.7371,8.6164,7.4645,-2.5222,-7.7858,9.7422,7.6418,1.0977,-6.6751,2.3896,8.3999,2.0231,-7.1425,7.3832,8.1062,7.5524,5.4608,2.2921,-0.8641,-6.3817,-9.6632,1.1914,8.0271,1.0872,1.5539,-5.0537,2.7893,-3.5673,-3.5094,4.7429,-6.2067,2.7111,8.6782,-8.337,9.136,9.2668,2.4819,-5.5763,7.8668,1.8991,-3.7349,-0.3912,7.9744,-4.4164,-7.5583,0.7778,3.0399,6.0124,5.4664,-7.1206,-7.2227,5.005,-6.4398,8.3451,-5.4194,2.0513,-5.7445,-8.5799,-0.7405,5.3638,-6.0217,-0.0371,-9.675,5.8129,2.73,0.6968,5.3999,3.5956,-2.9033,-7.5848,6.785,-3.8006,3.3956,1.6175,7.6643,-1.3096,-0.1321,-8.2354,-8.6778,6.2343,-4.1618,9.7906,-3.0956,-7.9037,-5.1378,5.6933,1.5036,-8.3312,-7.1516,6.5518,0.2417,7.5229,-7.1105,-3.7274,4.8891,4.0972,-8.2108,8.2878,3.8373,-4.1334,4.4194,8.0644,2.6767,-5.896,-5.8728,5.7365,-9.7332,-0.9972,-8.2034,8.0712,1.9925,0.661,-1.3302,-2.5144,5.92,-0.1081,-3.1397,-8.4894,2.9327,-7.1487,0.3359,5.7337,-2.4015,2.2603,-7.6601,8.9728,-0.605,-5.0393,-9.6799,6.6857,-8.3452,-6.6195,7.3973,7.2063,-0.0246,6.1425,3.6541,1.5639,-0.3228,4.3513,-3.4473,-9.3262,-3.2186,1.3075,4.9666,-9.1367,1.3574,9.3234,-1.2404,0.5724,0.5101,5.7522,0.8319,-5.5326,-0.4746,2.4069,-6.3839,1.402,-8.5766,2.6097,7.2654,-0.1417,6.8753,-1.4477,-0.1346,-9.57,-9.381,1.8785,0.5558,-4.8343,-2.8383,-1.3383,-8.6173,-7.5023,7.1793,9.2782,-0.7707,0.3933,0.5664,1.7612,-6.6446,6.3476,-5.0708,-1.7974,0.6166,-4.6663,-6.7309,-6.6939,5.6006,-9.5803
-1.0454,3.4971,-5.4778,6.3926,-7.2118,9.2645,2.409,-2.4887,0.3528,2.1777,3.3993,-5.1556,-5.9158,2.7235,2.7852,5.6095,7.4724,-3.6979,1.0277,3.1072,-5.5826,7.2681,8.6482,-3.7571,-4.4961,5.4751,8.9932,0.8283,-8.6839,5.9889,-2.9997,-6.716,-5.8789,-5.502,-0.4651,2.6186,2.2724,6.5954,-5.5271,-9.2435,4.4956,8.2683,-4.7341,-3.3385,-7.2573,5.915,7.6525,-1.6895,3.0509,-8.3282,1.396,-8.6371,-9.8006,-8.4648,0.5758,9.5336,-2.6328,-2.8118,-3.924,-9.7898,-1.6303,8.7261,-6.984,-9.5201,-2.0118,-2.2452,6.5084,3.2567,-9.938,6.8793,5.1175,3.0581,-6.3644,-5.2508,7.0233,3.2739,3.5211,-4.0284,-2.0271,3.9085,-0.6838,8.0293,7.7612,3.6352,-2.1699,-6.2406,-4.2915,-4.338,6.9649,9.1878,-9.5284,-7.0219,4.2211,-8.7908,-7.6093,-0.4763,-4.7261,-3.9127,-1.7633,-0.9052,-3.3406,-4.3465,2.7317,-7.2417,-3.9717,6.237,-9.2494,-0.808,-6.6893,3.2901,6.3335,3.4473,1.4729,-7.3395,4.1802,9.531,0.8034,-3.1958,-2.6998,2.5962,-9.4495,7.0183,-7.8099,3.7302,8.8832,9.7194,-0.5864,4.5068,-2.9493,-9.9697,9.7598,-8.6936,-4.4462,-1.1811,2.1315,-4.6643,2.7098,-0.0992,8.9466,9.6848,6.8094,2.9276,1.8376,-1.4829,-8.7504,-1.1545,-3.932,1.9421,-9.1356,-3.1076,6.688,-8.5666,-9.2148,-7.0666,2.2954,-0.6261,-4.5367,1.0374,-9.1514,5.4369,0.4312,-3.9716,-2.9625,-1.1239,-3.5419,5.9757,-7.7636,-0.2059,-8.3602,9.2223,-5.6806,-8.8925,0.6158,-7.2493,8.1559,-8.585,8.8343,-9.1484,5.7758,-3.9922,4.5742,5.768,-3.2528,-3.9298,4.3311,1.4796,3.1028,4.2804,-0.54,2.6827,-6.4914,-7.0372,0.635,-1.7452,4.861,-6.5685,4.7196,-5.701,3.587,8.418
1.8692,-8.9744,5.8759,7.9037,-3.4352,-2.4551,4.1625,-1.9061,-5.3625,-0.8557,7.9123,-8.0984,-1.3431,2.6545,-0.8558,-0.2506,1.6876,-6.1476,-2.4807,6.2315,9.8393,4.7168,2.5718,9.9321,5.2859,9.4134,-6.7176,6.7898,-7.9265,0.5615,-1.1394,5.4398,8.1224,-5.1844,1.8145,4.8751,8.2067,3.8892,-1.5203,2.4413,-1.4098,8.2647,-7.7679,6.2702,3.3928,4.5096,-7.7904,2.389,9.9632,-1.6246,7.6693,9.1109,9.2352,-4.4846,-5.7137,-8.873,-1.9019,-3.6937,-7.9132,9.9038,-8.9271,-0.6214,-2.2851,5.8895,6.3476,-7.6063,8.7502,-0.1637,-9.4057,-2.0463,0.922,-9.1336,5.4114,0.9652,9.7081,-4.7087,-1.1901,3.6693,5.9888,3.1539,7.034,5.0876,1.1636,8.4373,-0.9151,6.3015,8.9184,9.8235,-6.9195,-9.1157,7.7418,-9.9189,2.053,7.6348,4.1723,5.5647,6.5913,7.3625,1.7609,3.2586,-9.7724,-8.4716,4.7338,-6.6831,-4.544,8.938,8.9708,3.7123,6.2962,-4.2356,-2.9355,7.5992,8.0802,5.1336,0.9756,5.6764,-9.2249,-9.1724,7.0216,1.3664,5.8888,2.9523,7.3185,3.5084,-3.4596,-6.9244,-5.2567,-3.1474,-8.6502,-6.5236,-3.5353,7.6322,4.6373,3.2345,5.4626,-2.4561,4.2022,-3.2802,2.7731,5.4384,-6.423,0.7473,-6.02,-6.9326,-4.8724,4.6101,-2.3446,-1.6971,-9.8378,-8.745,6.1309,5.7328,-7.0284,-9.3991,0.5041,7.4749,0.7998,0.5533,-3.1834,6.6903,8.8561,2.0361,9.0745,0.9658,-5.5823,-7.9449,0.0344,-6.1469,6.4998,8.5027,-2.9979,7.7547,1.6075,3.7192,-2.048,-4.7486,4.4387,-6.2328,-5.3368,-2.272,0.411,5.6153,-1.1661,5.7842,-4.9198,-7.3567,9.1613,8.8924,-6.5554,1.9966,6.1444,9.4917,-3.3499,-0.9977,-4.7244,3.4416,0.4686,-0.9113,-5.1099,6.044
2.6783,-6.6228,-0.5879,5.0334,-6.3334,-3.2233,-2.877,-3.4196,6.2169,3.4954,-7.281,-2.5866,-3.1108,-9.2929,5.4408,-4.2256,7.1344,-5.1377,-3.415,-2.1,-8.5817,-5.5242,1.5999,-1.9999,-2.4983,0.5047,-0.3155,-9.5978,3.3723,9.2205,2.6034,-0.4376,-0.1897,-8.3369,0.4317,-6.9416,-7.4901,-5.2457,2.1975,8.9473,5.6746,2.1099,4.0119,4.4705,9.4303,7.7488,-9.593,-1.0742,-1.2435,-5.4437,7.5385,-6.8714,-2.4717,-7.1238,6.1785,9.6539,7.2307,5.1123,-4.7209,2.7878,9.6622,7.3549,-0.797,-5.6425,2.713,6.6408,8.7283,1.2413,0.7312,2.4181,-9.702,-9.2619,-6.7915,-9.0284,-1.6459,-5.0324,8.022,7.8913,-9.1207,2.9035,3.2271,-0.7431,8.359,-4.7104,9.8735,8.4304,2.9788,-6.2942,-0.4082,1.523,-9.3527,5.962,-2.2659,-9.6115,5.082,8.5883,8.7293,-5.0114,7.378,2.272,1.1651,-5.1047,-6.937,6.9823,6.3995,0.7766,4.9007,-9.6472,-7.4507,-6.0708,-7.5901,-0.9448,6.1865,-5.8683,0.9683,-8.4658,-6.2795,3.8,-7.7543,-3.5743,-8.8152,8.3794,-4.3354,-6.4799,-5.2699,-9.9219,-8.0418,1.2969,-6.4872,4.802,1.6186,-8.9396,1.1286,5.1288,-4.0267,0.412,3.5501,5.7906,2.6897,4.2794,2.1944,-2.7655,-4.6148,9.4064,-8.0693,-1.0624,7.77,-7.316,-9.1671,-1.9275,1.3956,9.6174,3.0095,-6.3201,-3.0741,8.9903,-1.1816,1.2761,5.0829,0.1446,-4.586,4.6048,-8.8017,9.8895,1.7824,-7.2889,8.4616,6.0312,-0.7096,4.3601,-8.4847,-8.7443,-8.0191,-3.1939,-6.2137,-9.5744,3.9718,-1.4998,-8.6434,8.1833,5.7012,-4.4487,-8.3416,-0.0232,8.1298,5.0225,3.5871,8.4546,5.4326,1.9634,5.0625,-4.0872,1.0805,5.9519,-3.9786,0.7732,-2.1787,-9.6151,3.7455,1.5599
0.6516,3.4357,-8.0266,-1.2912,-8.2993,7.7353,9.0088,-6.0635,-7.6808,4.9707,8.469,6.6232,-4.5633,-6.1144,5.6481,-6.5035,-5.6824,-4.3148,-8.7373,-0.02,-4.4323,-6.4759,-1.2967,-0.327,-6.6725,-7.0215,7.4563,-8.1459,8.391,0.4512,2.9874,3.3207,9.6211,-0.6184,-4.4017,-7.0059,8.2333,-4.6207,1.7834,-9.8052,-8.2455,-2.9321,7.2356,1.657,0.9528,8.633,-0.3481,-1.4947,-6.7437,0.4231,7.2035,1.7615,3.4187,7.2236,-4.9442,9.1938,2.6932,3.4426,-9.8016,-0.1283,1.0625,-9.1651,-3.2792,-3.3421,8.8736,-5.4559,-8.4344,1.0021,4.4834,-5.4033,1.6749,7.9847,-4.3474,9.5654,-2.2105,-9.254,7.0177,-9.9651,-6.9223,-7.2078,7.3362,9.0666,-1.448,-9.8534,0.6767,7.0212,-1.2381,8.8289,4.2295,-6.2637,-3.075,2.1403,6.6929,1.3125,-7.5689,-5.0952,8.5091,6.1759,2.9286,-2.4939,-1.5208,3.9278,7.1988,-9.5222,9.3972,-5.3711,-3.1472,-7.438,5.0402,-4.1218,-2.3947,1.9535,-6.7817,8.3453,-9.7752,-2.7571,-5.8907,6.1648,9.9514,3.5075,3.4518,7.1694,3.9091,5.1314,5.6313,8.4693,6.7844,-0.5048,8.4991,-1.9384,2.9482,9.2538,-9.7214,-0.748,3.3245,1.5477,7.8786,7.518,1.8989,2.4379,-5.7414,6.3058,-0.9495,2.3604,2.7667,-6.9216,-7.7783,3.1325,9.4193,8.8975,5.4342,-7.5644,0.2416,2.3486,-9.4086,-3.0797,-3.6474,1.3061,6.1094,7.7588,2.7604,0.4673,-8.971,-1.0124,2.8181,7.1539,-6.6206,-5.8256,-6.2874,1.4195,-2.7815,6.9917,-4.4429,-3.6176,-3.1049,4.4344,-5.6087,6.2776,9.3516,-8.2407,4.7241,-1.0079,6.6651,8.8001,0.0289,-7.8717,6.8934,-3.7192,-6.4493,-2.8524,3.3596,-3.0648,8.1,3.9204,5.0782,7.5685,5.6776,9.287,2.0548,8.0858
-6.0662,-3.5874,8.3908,8.1163,-0.3587,0.0574,-6.8694,-2.606,-7.2819,7.758,-9.7295,1.6329,-4.1794,-3.6694,-3.2858,-8.4361,-1.1003,6.5404,1.6132,5.6589,2.5316,-8.2465,-8.3283,3.7654,2.3486,-7.427,-3.0127,4.8715,2.8797,-1.5636,2.9278,2.161,2.218,-1.4444,0.6618,2.4582,7.3375,-9.8429,0.8617,-7.3052,-5.4032,3.3886,2.1106,3.3115,1.9901,2.8665,-0.987,2.2617,-8.1129,-4.2893,3.7744,4.0847,9.7106,3.7985,-0.823,8.3965,7.5873,-7.6224,-9.6939,4.9791,-6.6271,-6.3634,9.7951,5.5974,0.9461,-4.4762,-3.1151,8.1156,-4.1566,5.1692,-7.0804,-0.7651,3.7999,7.0863,-6.1042,9.1509,6.7132,0.928,-5.5977,-7.8829,5.4809,-7.1726,4.7084,-5.2531,1.9438,-2.2374,7.2807,-8.5333,-4.7503,0.6645,-0.6335,3.9726,9.3658,-3.4454,-5.6998,7.2795,1.7236,-1.1284,-4.2245,3.2626,-1.7599,-0.0553,-8.989,7.3623,5.8028,5.7667,-8.9694,-1.5736,-9.6069,6.4324,-1.5299,-8.7911,9.8008,2.6937,-5.1784,0.8555,-1.4842,-0.0418,9.139,9.6843,-2.5436,1.1896,-9.7928,5.5353,-0.0868,4.4907,7.3134,1.287,-9.8386,4.0054,-2.6117,-5.6554,-6.2639,-9.363,9.8063,-0.0647,-7.2519,0.8417,6.4133,-8.3767,1.187,-6.2825,-3.7621,5.6151,8.83,3.7155,2.3827,-6.9654,-4.8707,-2.78,4.9898,-2.8927,-6.0239,5.0448,-6.151,-7.6567,-0.2564,-5.5034,-1.5177,-5.6192,-7.0471,-4.686,6.1902,9.6436,8.5773,-6.2924,-3.4997,2.0478,-0.0698,-3.0974,-3.6152,9.8589,-8.3561,9.8135,4.4594,-0.9206,-6.5268,0.9667,-4.7575,6.6363,3.8661,-8.1233,1.6218,-1.8262,2.9188,-7.2197,1.4023,-2.7758,-5.5658,-6.6777,8.026,2.093,3.3112,7.6643,-6.8065,4.4361,-6.5587,6.0935,-6.0119,-0.9873
4.5383,9.3369,-6.38,8.3156,-5.1922,-1.1797,-0.1506,1.201,9.9954,7.6191,-7.3572,1.7705,-1.3678,6.6845,-9.071,7.3524,-6.8058,9.3946,7.0302,-5.2067,-0.8544,-1.8789,7.2717,-0.6158,-0.2169,-2.1063,9.552,-2.341,-9.0872,9.7692,-6.0141,5.961,-4.2325,-6.5001,-8.5366,-9.2707,9.7222,-6.4995,-4.5071,-4.7575,-0.2884,-5.804,5.6465,8.2596,8.7632,-6.9722,-0.4894,-1.2115,6.2043,4.1588,3.4476,5.0348,4.767,2.2105,-5.3904,7.056,-9.3114,-7.6153,-4.3489,-7.8561,4.0068,0.187,2.4254,-7.615,5.0108,9.8107,-6.3509,-9.629,-6.8615,-3.0562,-3.9969,-7.0242,-4.6053,-4.0366,3.932,-8.3283,-3.0225,7.4858,-1.7475,4.4853,-0.3882,3.312,9.3336,-2.42,3.3303,2.0359,0.0074,1.1985,3.8925,6.4457,-8.531,6.4078,-7.7705,5.6863,-7.1836,-2.5316,-2.8429,7.9792,-5.1194,-2.4448,3.3039,4.4532,-3.5302,-5.1327,8.6093,4.6027,9.1122,2.8088,4.7624,3.1635,7.06,-8.9477,-8.302,-8.3258,9.0665,8.1193,-5.9407,-3.9593,-2.2414,7.1609,-3.7943,-5.0413,3.7677,-8.6701,7.8122,-7.1154,8.1386,-7.659,4.1181,-9.6413,-9.481,-3.9876,-0.7054,4.2135,-2.6331,-7.5225,9.114,-1.7241,5.671,-5.2909,1.2604,2.451,-7.1249,-2.4732,6.8711,-4.8063,-9.5742,9.1669,1.197,-3.241,-1.2333,-9.8124,2.6242,-5.9049,-5.4178,-7.1036,5.8478,6.0709,-5.8732,-1.8453,-4.3871,-7.3708,6.1188,-1.489,-8.2245,7.9946,-9.2827,-3.8786,7.9755,-1.0686,-8.2702,-7.2718,8.1821,-1.4963,-3.7924,-4.4956,-5.2176,-7.0402,5.3206,-8.971,9.0714,-1.8661,-4.4588,9.56,-1.7779,4.0647,-6.8344,7.6288,-7.1289,1.4426,0.5473,-2.4685,-6.6959,-3.2857,6.2488,-4.7251,-9.5889,9.9595,-0.5477,-2.3564
6.4701,-0.2641,5.327,-2.941,2.1755,0.612,1.673,-8.394,7.7107,8.9512,9.7117,8.6231,-2.1612,-8.0552,3.8892,-6.9673,-9.1165,4.8577,-1.1467,3.9307,-8.0242,-5.4894,-8.4619,-8.0043,-4.0988,-9.3941,-8.2291,4.3097,-7.3368,-8.9923,-5.6285,-9.1765,7.7314,-4.275,-3.0198,-2.9208,4.7213,6.1726,9.1167,0.4552,-6.9296,-7.9936,5.8012,1.5022,9.1135,-5.5132,4.1586,7.962,2.3417,-6.1131,4.008,1.2044,8.4334,-1.4302,-6.4622,-9.7315,0.1195,-1.0108,9.7362,-4.7956,1.5234,0.2495,-4.7522,-7.9794,9.3043,-6.7289,7.7118,6.8948,3.6086,-2.0081,-9.731,-9.4761,-2.726,-1.7112,3.7748,0.169,-7.7395,-2.1685,8.5796,9.3198,6.1384,6.2142,1.3146,-4.7317,-0.5915,8.2504,-0.1883,0.1036,-0.3406,-5.3596,-7.7696,-6.2594,8.342,7.7678,-1.5758,7.8291,0.119,-7.918,1.0939,-2.0286,9.1319,9.7439,-3.0265,-7.0937,2.9639,-0.6984,2.6243,-3.3922,-7.6148,5.0879,-9.2144,-8.7485,-4.2516,-7.0733,-0.5089,-3.2077,7.9329,0.4128,-6.6171,0.0305,-8.8332,-6.5392,0.6755,-5.5739,-9.1653,-7.6773,5.408,-8.268,6.2918,5.5228,-4.0345,3.852,8.8043,-5.2129,-3.5273,-4.7569,5.5533,7.6018,-6.712,5.9145,-1.625,-6.3661,2.2759,-6.3489,2.6274,6.0593,7.8807,-6.3859,3.536,-7.269,8.3444,-1.615,-5.8406,7.0666,6.948,-7.6254,7.4783,2.8495,-7.9898,-1.6144,-5.7641,-3.2551,8.0674,8.6956,-7.2987,1.1562,8.3039,5.1945,7.8282,-3.9574,9.9764,5.9068,-0.3842,2.2761,-7.1699,7.4273,1.7519,0.1263,9.2516,7.9099,-4.1351,-1.7827,0.5208,-0.801,5.0904,6.4519,6.8909,5.6529,7.1944,0.4744,2.593,-5.196,9.214,-7.0612,-7.2998,8.9839,-1.1075,-2.2717,-2.4123,2.723
9.8487,-7.1604,9.2652,5.3414,5.2214,-4.9819,2.9135,-6.098,-4.7321,5.2261,1.7291,-6.3759,-3.5043,3.2088,-7.9916,-6.2612,-4.2597,-0.9651,-6.8148,-6.8141,1.1312,7.2147,-2.2182,3.9635,-1.2394,-3.9701,-0.3224,-0.2562,-2.1355,-6.6503,7.2631,3.5191,1.0501,-4.2208,9.5107,5.3801,-1.7256,0.056,0.9223,0.9164,-4.8644,3.348,-9.5429,-4.7936,-3.4032,9.1986,-5.3795,5.8597,1.0782,-1.4024,6.6347,8.5517,-9.2968,-1.7341,-2.5598,7.8891,4.1061,-8.8948,-4.3151,-5.9961,-5.9307,-3.7935,2.8297,2.1359,-2.8265,-9.9361,0.8882,-3.3364,0.7205,-1.961,-7.123,3.2681,9.1397,-7.1663,5.9707,-4.2353,-3.0716,-3.4699,4.9762,-3.617,7.7639,-4.9138,2.2307,-5.5344,-8.6819,-6.5899,4.8252,-1.7159,-2.3833,2.7755,-7.0537,4.0017,4.3211,-1.6034,5.9941,8.951,2.2127,-8.3269,3.5243,1.0432,4.4515,9.9295,0.2345,-9.1956,-4.6352,-2.4624,-1.2055,-2.6112,-7.2036,9.4379,6.9897,8.951,-6.2357,2.8212,6.7307,-1.3792,0.8642,6.4574,9.3851,8.1262,-3.1137,-7.5811,1.3192,-3.0049,6.4577,-6.8132,4.0947,9.9402,-7.7878,-4.3045,-5.3749,-8.7444,9.0173,-9.194,9.3543,-2.8055,6.4803,6.5473,9.0862,-8.6072,7.973,-3.7971,5.7587,-5.5186,-4.93,1.7376,-0.3523,-0.0604,-4.88,9.8367,-7.8478,6.9775,-8.2326,7.8599,-8.8465,5.9489,-0.0068,-8.3332,-0.224,5.1774,3.3802,8.637,-1.7462,-8.3815,-2.3382,-6.9496,6.3872,-5.676,-6.1894,2.2078,-1.2856,6.4286,2.268,-6.4573,0.41,5.8475,-9.1569,4.9101,8.3387,3.2011,3.4798,8.5597,-6.9619,-6.3371,9.9711,-7.225,-6.5678,-5.6737,-7.8834,6.4947,5.4767,-2.5495,-4.5943,-7.4244,7.4864,-9.1884,-0.938,-1.7345,-9.3161,5.3509
0.3801,2.1719,2.5339,-3.1223,-1.815,-0.807,3.6126,-3.1591,9.9888,-3.0319,-6.1363,4.4961,8.3168,9.3328,-2.1451,3.354,2.6691,7.0278,6.2775,6.2375,8.5397,-0.3981,-9.7522,-8.9694,9.5626,-1.7702,-6.5085,-2.092,4.2092,-2.5308,-0.4359,-2.9497,-1.5473,-9.6099,4.0099,9.9253,8.0793,-0.0339,0.812,6.8963,3.7682,-4.901,3.0031,-0.2103,6.404,-8.2813,9.1511,4.6427,5.2723,0.654,0.7099,4.6655,8.1605,4.7476,-1.9793,8.7729,-9.5208,-8.5912,-9.8353,6.7731,4.3063,-7.7585,6.8769,-6.2264,6.5441,5.9681,-9.6336,5.266,2.5079,-2.3327,4.4531,5.2221,-1.838,4.8295,-4.8963,-3.92,6.4032,-3.3598,-5.2746,5.6026,-0.3801,0.1957,0.8035,-5.1526,-4.9817,2.3739,1.5504,-5.881,2.4351,0.8684,6.2097,-7.1698,-6.5427,2.971,-8.585,4.4527,8.7743,-2.4957,-4.3367,-9.8048,-1.4976,2.6589,6.605,1.3602,8.5811,-6.354,-6.7582,-6.2957,-8.1216,0.1333,-2.0848,4.2394,1.2119,-1.8885,8.0249,-6.4125,-5.4695,0.4132,-2.1722,2.2153,-2.7396,-2.4842,1.7707,8.9842,-7.3937,-6.0114,1.5289,9.8578,1.5295,-9.8253,5.7107,-6.4534,3.8005,2.3938,4.431,-6.1224,-1.7861,8.185,-2.1046,-4.6521,1.8724,-7.9059,7.2145,-7.6063,-4.2184,2.0375,4.6529,7.0107,-8.2941,6.2141,-7.2853,5.7274,-6.6185,8.1921,6.6711,-5.6125,-9.0842,-6.4676,0.2215,-2.4454,8.3791,4.9714,8.1845,2.7217,-7.7546,-1.3082,-9.084,1.5058,1.7469,-3.0382,-1.3951,-4.7615,-5.8049,-8.0918,-7.5144,-7.1917,-0.0324,-9.6087,4.1938,-5.2726,3.0443,-4.4323,-5.8463,-3.3518,-1.9319,3.847,-8.8545,-8.9444,6.2481,2.5934,8.1782,5.2653,3.8242,-8.8396,7.4888,-1.7934,7.6508,4.8251,9.5009,1.6129
-2.5549,7.6361,3.4149,-0.0787,6.669,-2.9895,-5.7634,-7.8843,6.0665,4.9726,-7.7063,4.5668,1.1386,-2.5276,-4.4667,-9.1668,-4.7922,5.0769,9.7939,-5.0568,9.9075,7.0063,-5.0926,1.9447,3.4552,1.0556,-6.1067,-6.1243,6.1153,0.5686,-2.1003,2.5017,4.396,8.1262,-2.6869,-2.4943,-1.2105,2.3706,-7.2141,-7.0485,-3.2967,-1.8546,-3.8205,-4.7643,-6.9184,-1.2946,5.7588,-2.325,8.3605,1.9387,-5.3472,3.29,1.1678,7.9288,2.9256,0.7816,0.8747,-1.9677,-8.2696,-2.0716,-4.3711,-3.4159,-0.0252,-9.1956,-4.9993,-6.728,4.0129,-4.5077,1.756,8.356,8.5441,3.529,7.4393,2.5667,-2.1685,5.3158,3.4492,9.6596,9.2521,-5.8179,-5.4708,2.4154,8.4464,1.8279,-7.0785,7.6628,-2.7024,-7.4212,-5.3573,9.4419,0.3832,4.4361,9.2422,-9.3855,-9.3906,4.2666,1.0962,4.7063,-7.5858,7.5407,0.656,-1.1493,-1.3847,9.1113,0.5467,-1.4694,-7.8004,9.1724,-7.0317,-9.8589,4.7493,0.0424,4.3295,3.0948,-8.375,9.5504,1.4531,9.3545,0.1388,4.4939,-2.4887,-1.1255,4.3435,0.044,-1.3639,-9.5307,-0.9828,-4.6503,3.4962,1.0547,5.4638,-2.6673,-1.2307,-7.0657,4.1089,2.4735,-7.4697,1.1121,6.0337,-9.1448,-5.5361,8.5922,-8.3234,8.8488,-4.6508,-0.0472,5.9419,0.8819,-3.8753,-0.9627,-0.655,0.8732,-0.944,6.3742,-0.1015,-5.3142,-3.8902,-7.321,8.7408,6.3495,7.1855,0.6977,2.5902,-1.1494,-1.4401,-2.3492,4.8603,-7.9205,-2.0636,7.3556,-6.5829,9.0557,-2.6136,-1.3885,-4.5141,6.5167,-8.9341,2.7591,-7.2603,-4.3122,5.2522,-7.3999,7.7452,6.5388,8.0497,3.5112,-6.9903,-4.095,5.0871,6.7618,0.231,3.3215,8.7849,0.5732,-0.2739,8.3271,-9.5305,-6.0424,5.4795,9.7678
-5.1143,-7.5683,-1.9998,-6.0057,8.2268,8.4139,9.5786,1.2669,-7.9344,-8.6779,-3.8177,-3.4051,4.5261,-1.8469,6.0125,-7.544,-8.4037,-3.3786,-8.3721,-8.4833,-9.0,2.0732,0.8496,8.0422,-9.7453,2.4847,-5.9837,-2.6719,7.5975,-5.347,-2.8382,-5.3586,0.6907,7.8504,5.1066,-1.3472,4.038,8.7639,5.117,8.05,-0.9915,2.2725,-5.758,-1.6918,6.4799,0.3381,-3.9667,3.8556,8.5651,-0.656,6.7916,6.8877,4.8117,-5.6682,6.3902,9.0319,8.1514,-1.2374,6.3133,2.8838,6.9866,-4.8999,-2.1425,6.3501,-1.6683,-0.3225,6.5355,8.6515,-5.5888,-9.1273,-9.6073,-3.9629,0.3421,-3.1705,0.4692,-7.8764,3.9023,-3.2153,-5.5245,-2.9932,-1.7747,-1.4635,0.2263,4.0479,-7.8578,8.777,1.5308,4.8355,5.8553,7.9846,-7.3355,-5.4623,-4.1897,-7.9605,-9.3457,-3.0098,-3.6265,7.549,2.5192,-7.6508,8.7766,6.4964,-1.0799,-1.8401,-0.0388,2.0006,0.3275,-6.8005,5.62,-1.4429,-4.6486,8.4895,1.7518,-3.6294,0.6679,-2.8461,5.0072,2.9025,-2.1871,-9.4236,6.2949,8.4888,-7.0834,-7.0409,6.648,4.6818,-9.4321,-1.6691,8.7027,1.6426,-5.5849,1.369,-9.6705,8.4976,-0.3777,-4.4782,-2.3757,-5.0287,-2.4719,6.1688,0.3984,-5.036,0.5444,1.8751,-0.3792,9.7906,-9.1196,-5.3726,-7.2051,0.1795,5.7298,4.1871,-1.4682,-9.6822,-1.2018,-7.5241,6.3542,8.1958,-7.134,7.0929,-9.9384,-3.2689,-8.393,-3.758,0.5979,-8.6105,6.3161,4.6505,3.4057,1.1709,2.4819,-7.8213,-9.5175,-2.995,1.0302,7.9661,-7.9085,-0.7141,-9.8359,-3.3914,9.6394,-8.3888,1.8307,-1.9922,-9.9555,-4.81,9.0653,4.5723,-3.3256,-5.9816,-7.2893,-8.477,8.474,-5.881,-1.9696,-7.8498,-4.4313,7.9829,-9.017,1.5106
7.3656,-8.7488,-4.9853,-1.583,3.4357,-5.6178,-2.4216,0.1603,-0.2718,9.0486,3.1912,-9.4607,7.2024,9.4784,4.1611,-5.3416,9.7896,-2.3345,3.3225,4.1049,5.898,-2.1437,0.2083,7.7281,0.063,-5.7845,-9.9149,6.2521,6.6238,-6.9846,-3.5034,-2.391,-5.8275,5.9098,7.324,-1.8883,-8.845,0.4146,0.2011,-6.3385,-6.9295,-1.2817,-6.7471,-8.2171,9.1104,6.9538,-4.0825,9.7139,-0.6734,4.2088,-7.0855,7.3084,-8.8745,-7.2895,0.9293,6.6633,8.2726,9.9782,-5.5218,3.4889,9.9761,-1.5121,3.2528,5.2897,-4.307,3.6382,-7.0839,5.7011,7.3616,3.9503,-9.4081,7.3538,0.5919,-7.7876,5.3541,5.1672,-1.8565,2.6953,5.4593,8.4525,1.4805,1.635,1.4612,4.6974,5.2875,3.0001,8.7218,5.1429,-4.8415,2.8601,-1.2605,-1.8596,-0.1247,2.5157,3.9092,1.6182,-5.3629,-9.0659,7.1609,-6.5169,6.3584,8.5843,-1.1551,-9.3926,5.5741,1.2985,1.8599,3.9619,-7.8591,5.7382,9.8493,3.7239,8.5945,-5.9316,1.6832,-9.0221,5.9154,-7.9353,5.1138,0.1073,2.2372,-8.8628,-8.2202,3.9306,-0.0266,-8.8171,-6.6904,-0.9037,-2.2371,-5.9302,3.8376,-9.7761,5.5712,-2.522,-8.0044,1.2518,-4.3006,-3.5328,-3.9471,-2.9659,1.0517,6.9198,-7.4195,-2.5647,-0.5826,-7.2227,-3.8051,7.2948,5.7886,-6.5407,7.6743,-9.8841,1.5881,-8.3852,1.8589,-9.888,2.0559,5.4721,-5.8225,-5.7311,4.1531,7.4595,6.9025,-9.7314,8.2227,-3.0917,3.6007,-5.3107,5.4551,-0.4414,7.3451,-5.1852,-9.9996,0.2149,6.8938,5.1428,6.6399,-1.5059,7.3435,-2.9112,-4.667,3.5076,-4.4661,3.3383,8.2019,2.2372,-4.664,8.8226,3.3815,3.1044,-1.3732,-0.4012,-6.5633,6.4871,9.2949,-7.1024,-8.1707,8.2139,9.6575,-1.0692
-6.1133,-7.3702,8.2897,-7.245,6.6168,5.9359,-3.854,0.16,-3.531,-8.8,-1.8605,-4.0894,6.7938,6.9847,-2.3256,-6.3177,7.8516,8.0055,-8.8513,8.4583,4.4219,8.7146,-7.8216,-4.1542,8.1956,-5.9589,0.0691,-6.2789,-6.1482,-9.6735,8.1422,-8.3594,-7.4743,7.6899,9.4647,8.516,7.4612,9.2785,-9.5692,3.8111,6.303,8.684,9.0433,-1.0411,9.5413,-8.1321,-9.94,-1.0286,2.6273,-2.8002,4.9136,3.108,-4.8377,1.4272,-4.215,-1.0973,-3.8715,1.0838,-3.5687,7.4148,5.6839,-3.3012,-1.0141,-8.2813,6.876,0.3686,-5.3714,9.571,8.2816,5.4479,-9.5864,-2.0563,2.8697,-9.4635,5.8431,7.4886,-5.1406,-7.8405,-3.6668,-2.828,4.635,5.7129,5.0871,-0.4845,-5.1014,-0.7751,-7.9966,2.3529,-8.8093,4.9575,-5.1419,-1.0636,3.9701,5.4335,-4.8636,2.0859,-2.0952,6.6507,4.4941,-7.3323,9.0214,0.2634,9.7095,-0.3276,1.4436,4.4458,9.2232,-6.8471,-0.5526,-9.4284,-4.8809,-1.2557,-0.3899,-9.9923,-6.9198,-2.6556,-1.4016,-9.3498,-5.6135,3.8649,8.8508,-8.133,2.4313,-9.3822,9.1687,1.2505,9.0416,-3.3387,8.3583,7.5278,-9.0893,0.5025,4.2532,3.0835,3.8927,-7.1476,-2.0361,-6.3979,7.3804,-5.9198,-8.783,-5.2685,9.3371,-8.9531,8.5695,-8.3267,7.5845,-6.9898,-9.4175,0.5349,-5.4819,-6.9721,8.5659,8.2399,-6.4572,3.2987,-0.4525,-4.1024,2.1682,2.2781,9.1632,0.0573,-4.3933,8.8269,-0.7637,-2.2419,-1.1112,0.1203,-6.213,3.9162,-5.477,1.8048,-2.4531,-8.1607,-3.2026,6.1625,-8.8262,-5.6201,-1.5371,-5.0255,7.7308,9.2642,-0.8482,0.0732,5.8391,-8.2593,0.1654,-5.3314,8.9837,1.8334,-3.6154,1.3212,-5.9601,3.4574,7.5989,6.2418,7.3745,-6.155,-6.1668,-6.7779
5.1134,-5.5856,2.1923,4.9132,-5.0277,0.5917,-3.5918,2.2967,0.1856,-7.8747,8.6183,-5.5282,6.3243,-8.1693,8.9524,3.1729,-1.4047,5.8776,3.5267,8.2477,2.1126,-3.314,-1.0914,0.5262,-5.2624,5.8049,5.5782,-8.4342,-7.4141,5.3786,-1.8385,5.7629,7.4859,0.106,2.6487,-9.0898,-9.524,-9.8486,2.7616,-9.1984,-8.0756,-3.379,-1.666,-4.764,-7.7989,-0.4494,0.877,-3.6974,-1.0358,-4.557,-2.3311,-8.8002,6.3888,-0.8859,-9.6154,-7.8662,-4.3352,-6.809,5.0779,1.6142,0.5249,1.8322,0.4529,-2.0767,4.862,0.0548,-8.479,8.5803,-7.6822,-8.9495,8.2434,-2.8823,6.356,9.8826,4.6426,3.864,-9.4819,-0.2788,-4.1376,-3.5441,1.7649,1.0186,-6.2722,-9.368,-9.2028,8.2512,-0.6378,4.1135,6.3217,-5.7225,-6.9684,-2.2806,-8.9719,7.0296,-5.0643,2.518,8.4907,-9.1716,-6.951,2.057,-0.5938,4.6051,-4.5178,-6.2415,6.1906,-0.055,0.7406,9.9794,3.8907,-1.2783,-9.5868,-7.4382,4.8333,-7.7264,-3.34,-3.17,-3.5535,7.3665,1.6938,2.8272,-4.2746,6.4686,-9.3818,3.4687,-8.0591,9.6843,2.2602,1.0211,5.0478,2.4153,7.66,-4.1277,-8.2218,-6.9292,1.9945,6.6196,9.2663,-4.9176,2.4708,-0.0478,5.4302,1.9263,6.8637,-8.9433,8.1121,-5.8091,5.5415,1.0231,1.6879,9.7264,8.8667,-9.7908,0.1215,0.9158,0.5706,-4.4411,-2.3041,-3.9163,7.8435,9.5006,3.4844,-7.1087,-5.7197,2.0158,-8.3137,-2.9123,0.7445,-8.8245,-6.3952,6.9227,-5.071,1.108,-8.8207,7.672,1.268,-5.0134,-9.177,1.1244,6.6329,8.7552,9.776,5.735,9.2881,9.7738,-6.3599,-8.0948,-9.854,-4.5181,0.9488,4.4306,6.3515,-9.6864,-1.1092,8.9964,6.507,6.8053,-3.9758,-5.0755,-6.4973,6.2318
-2.2085,-7.4573,-5.409,3.0115,0.0811,-8.9398,-2.3902,0.5833,-6.7265,8.6744,0.4164,-0.3338,7.0634,-9.6857,-9.6895,-2.5997,9.4012,1.1298,-1.6118,9.6107,-8.3979,-0.089,7.2982,2.2667,2.6068,5.0858,9.8383,3.1311,7.6206,-4.5675,7.2004,-6.9315,-7.8533,7.103,-6.3251,4.9992,7.2561,-6.0078,-4.1963,5.7128,9.456,-8.0688,3.8248,1.0168,9.8866,-2.6266,-0.5255,0.6871,9.8014,-5.1888,-7.8198,2.5667,9.4413,-1.9878,8.6754,8.8521,-1.6082,4.7033,-9.6868,-3.6512,-4.4832,6.894,5.2266,5.7389,-6.4164,-2.8524,4.4181,2.0698,1.5102,5.5659,4.0897,-0.8273,-6.0783,-7.9882,4.7557,0.4642,-1.4819,-1.5945,4.5395,-5.8797,-3.9039,8.9157,6.1181,-3.4953,1.0985,-8.3188,4.6675,-0.8132,-2.2637,5.7923,-6.5654,-2.011,-5.392,-9.1376,5.9143,-8.8962,9.1509,8.9923,-9.1625,-9.0662,-8.0445,0.0583,-6.4859,-5.8174,-0.9288,8.1746,-0.834,8.1478,-0.6524,-2.7138,-6.9488,-6.1016,-1.3071,-3.8608,-8.855,-1.6369,-3.1207,-8.4016,-0.7194,-5.75,-4.5755,6.6002,-8.9,7.1097,-9.9261,6.0756,4.2112,-8.1776,9.5495,4.4307,-8.1066,-2.4005,-1.0099,-0.1642,3.6923,6.0396,5.5387,-7.8523,-5.5274,0.3918,-7.5394,-0.9404,-5.4425,-8.0011,3.2058,-5.8396,-4.9969,-6.1884,-2.7175,-8.2366,-0.9928,8.122,6.3082,0.5667,-6.6638,1.6103,8.2648,-7.3213,4.7695,-0.4911,4.4,-3.333,-8.6934,4.9456,9.0355,8.5731,2.918,2.986,-1.7117,4.7194,-1.7463,-8.7653,0.6241,9.8757,-9.5376,5.6238,-0.1013,-4.6786,3.5832,-4.5105,-7.1092,3.2758,-5.3665,2.9464,3.3182,-7.6898,-9.4685,-0.7457,4.2895,-9.3324,0.5483,3.286,-9.1857,-4.9846,7.9319,-6.5204,-0.1511,-9.4331,-2.4829,3.5427
8.3782,-6.8617,5.7584,9.2635,-8.6008,-6.0697,9.4219,0.2098,-4.3412,-7.1173,2.9479,2.4063,-2.2932,7.6796,0.3106,0.4718,1.1775,-6.7068,0.8337,-3.8818,-5.4576,3.506,-2.2157,7.2679,-1.7391,2.8104,9.0765,4.4048,-1.0991,-0.9711,7.6368,-7.6494,7.3788,-7.9975,6.897,4.9327,8.0352,-1.8464,0.6359,5.3257,-2.4245,-6.7637,0.429,5.7835,-2.1522,-2.9107,2.3276,0.4571,5.1639,6.5304,5.1494,-4.3462,-3.7221,4.1737,-6.1969,-6.4426,-0.7064,9.1807,7.4242,0.7508,8.3353,2.5351,-7.2981,-9.0419,-1.6606,0.4118,2.3776,-8.5633,5.3351,-4.9461,1.4683,-4.9507,-1.1262,4.5213,9.2227,-9.5493,6.5459,-2.8764,-4.999,1.1793,1.4876,5.7337,-2.1252,-7.7592,8.6296,-1.2046,1.2393,-2.3151,7.8932,9.3544,3.6255,-7.8662,4.9679,-5.3879,0.3592,1.6917,-6.6373,8.7421,1.8819,-5.2364,-6.9556,-7.0604,-3.3709,9.9314,4.0462,-4.451,-8.8299,6.3118,-6.4399,9.3043,3.7935,8.2076,-8.1943,4.2768,-6.7813,4.7084,0.7921,5.6154,-0.3735,-3.6056,7.6034,-9.0513,2.5017,-0.446,4.8363,-5.6204,-8.5357,-1.4628,6.7891,2.6548,0.3473,1.3124,-0.952,2.0923,-6.3489,1.6869,1.0573,-9.2159,6.9882,1.4591,6.3707,-9.7429,-8.6398,7.078,2.6354,-4.8809,7.4101,3.7116,8.3238,6.9952,6.8145,-0.288,6.3506,-5.5705,6.56,6.8612,-1.9737,-0.8431,2.5758,-4.8607,1.7718,9.0022,-0.3261,-8.456,-1.8417,-2.1017,-0.0994,-1.6201,-9.372,8.8751,1.3278,1.8043,-0.528,-4.4273,7.8687,-8.8072,-2.5981,-4.6213,5.8082,7.923,-5.8578,7.2938,4.5032,-7.0368,3.7804,-5.3592,-7.3481,9.4477,3.9683,-1.3122,4.8383,-5.4373,-7.8576,5.2545,-9.8829,0.9321,1.0199,-1.5998,-8.1655,5.1455
-5.1197,5.4157,-7.3325,-9.6598,-1.6057,-4.711,6.6229,6.1514,7.0546,-2.3368,1.8185,-0.6552,1.0016,7.1376,-9.3954,-0.5467,6.8469,-3.6751,3.7966,6.1532,-0.424,0.1045,-5.0223,0.2971,-8.3025,0.2021,5.1266,-8.481,0.0088,7.9829,-3.0628,-3.6306,1.6529,3.2537,-0.5933,8.6859,-6.2731,-7.1865,-9.6281,4.364,4.7556,5.3271,7.0245,-4.4503,-7.8178,9.7517,-6.0325,-0.1304,-3.8963,-8.1424,-2.7245,-0.0774,8.4224,0.5059,-0.224,-9.927,8.7866,2.8883,-3.9989,-9.822,-9.5845,-7.8229,0.2208,-4.6291,-1.1991,-4.2026,0.5319,-2.328,-0.5318,-5.5357,-0.9971,-5.6183,-1.7584,-8.3296,-8.6858,4.5531,0.8475,5.092,7.5919,-2.9665,-3.7025,-8.367,-5.399,-2.2095,2.5795,4.4661,-0.1252,-4.3949,3.5361,-0.6106,-3.5924,0.7575,4.1226,3.7277,5.9248,-1.7977,7.4602,-5.8532,-6.8041,1.8615,-8.2929,-8.8673,4.7244,2.2741,2.8101,3.7748,-4.0959,-5.7991,-6.3778,7.3165,-0.0391,3.6681,-2.6385,-4.0609,8.6106,8.5914,0.9893,-1.1584,5.8398,-8.7151,7.2185,-7.3393,6.8677,-2.0087,6.9328,6.2825,2.1919,-2.0149,-0.6264,4.691,6.5326,-3.5103,6.1843,5.9729,8.1051,-2.335,3.2857,-4.5885,3.0338,6.8508,3.1767,-3.7907,5.3833,-3.2451,-4.2207,-6.4181,-5.463,4.8163,6.2379,-3.8603,-6.8231,-3.6536,6.5487,9.1549,3.2241,-6.3298,4.1545,-5.0934,5.956,1.9021,-3.4596,-0.4106,-3.5634,8.7747,-9.7011,2.7649,9.8223,-2.3734,-7.3641,0.8203,-8.2604,-6.9242,7.1211,-2.1704,5.1732,2.0911,3.1047,-9.3039,5.3716,-8.1216,-7.2633,2.2045,2.661,-1.9895,-0.6321,-0.1103,-2.5608,8.0803,-4.041,1.9874,-1.9808,-6.6126,-2.6457,7.9556,7.9584,-1.4137,8.1504,0.3182,-5.7576,-5.2386
8.7157,-2.9974,-1.2391,0.8808,9.9712,2.6434,3.8268,-6.4521,-7.9886,7.2087,4.0258,7.786,4.6077,-4.7597,-1.4215,-3.2949,-7.1826,5.8735,-3.2957,-3.865,9.6608,-0.5282,3.6652,9.0186,-6.0026,5.0706,-3.1816,4.3199,0.6244,1.571,-9.798,5.1728,3.1624,-1.3896,-8.8834,-7.2799,2.4258,3.4939,5.2242,7.0839,-1.2492,4.2515,5.6307,7.6587,-8.3651,8.6041,-8.8173,-3.7945,-1.0745,0.1822,-8.5564,3.4524,-0.3673,8.567,-7.2656,5.5832,-9.9967,-1.8203,-7.5931,0.3551,-4.2386,-1.757,-3.8348,-0.2333,8.9208,0.6777,6.9862,3.2924,0.6166,9.279,8.4143,-1.9791,3.5754,1.6355,1.833,1.9699,0.6655,-9.6573,7.0212,-5.128,-9.9682,2.0643,6.2519,-9.3702,1.2856,-3.4467,3.5313,2.156,-9.0735,-2.8062,6.6456,-4.3296,6.7315,1.3834,-0.9524,-0.4263,-3.5091,-5.4305,9.8619,-2.6429,-9.7293,6.1017,8.8414,-0.04,-1.086,6.6023,1.3632,0.967,3.2324,3.5825,-6.9694,-8.373,1.8123,-9.4195,1.8997,-9.432,-5.4248,-4.8039,9.5693,9.8859,1.2846,2.4472,1.3416,-4.5387,-9.2351,9.8328,-0.5022,-8.0766,-8.1034,-6.5971,5.6555,6.169,6.6776,4.7479,1.9176,0.37,9.5513,5.0305,-7.3946,-2.0964,2.0723,7.7024,-2.6651,7.8684,-8.3645,-2.0851,-9.2659,-3.3413,-7.1875,6.6503,5.13,-8.0936,-9.1988,5.646,-8.2897,-7.9804,-0.7691,-2.4102,-3.0543,-4.3871,-4.4041,5.0723,-3.1739,-9.6323,2.208,7.7065,1.1345,-0.5407,-2.939,2.2357,0.3555,1.5246,-0.819,-1.1146,2.0011,-9.1626,-3.2597,-8.6603,-0.1514,0.3058,-5.0486,7.5793,3.9023,-2.2692,-0.4099,8.8802,-1.1931,-1.4579,7.851,5.3276,4.1798,-0.3621,-3.5095,-5.6036,-4.9512,5.6958,-1.9656,8.7794,2.0246,-6.1029
-1.8322,-0.1679,7.8386,-9.7337,-6.2295,2.2594,-8.9573,-7.4726,8.0221,9.7232,-0.6226,-8.8838,2.8638,-1.9906,8.5875,-5.9402,-0.013,0.1422,4.2086,5.9562,-5.1914,9.2787,7.5411,8.4406,-3.6799,1.4794,-9.7964,8.8944,-6.0318,-0.5365,3.5691,8.8077,0.632,8.2903,5.2612,8.9995,5.9719,-8.3095,-4.2013,1.9296,1.9682,7.2771,-5.8152,-0.5674,-8.2414,7.5826,7.5961,7.2651,0.5632,2.4183,5.047,-0.9885,-8.9743,1.1069,5.454,-4.2079,6.8116,5.7562,-5.3453,0.613,-3.8443,5.5953,-2.6728,-9.7731,8.5199,5.3581,-7.2579,-6.7283,-6.2174,4.4713,4.7155,8.9268,2.8798,8.0154,-9.8941,8.8933,8.3477,4.8416,-3.755,7.6481,-5.11,-8.7605,1.2313,2.8413,7.5269,2.0561,-7.3594,-9.8862,-2.2593,-0.6211,8.3053,-6.9126,8.5163,2.6634,1.6953,7.2951,-1.9636,8.0754,-5.7296,3.6624,-8.5695,-0.635,8.1802,-6.6567,9.8608,0.9899,-4.6078,-5.4951,-3.9363,-6.2265,-4.8097,-3.4075,8.836,-9.1358,8.7537,-6.9657,-7.5557,5.9323,3.8989,0.2327,-3.3256,-8.5742,3.2014,7.6381,6.1069,-3.6893,-7.1257,-7.3531,-0.3243,7.5338,-0.0113,4.8531,-3.4806,0.1092,2.6466,9.5002,9.312,-1.4915,-9.3291,-7.7043,-5.1188,1.7962,-6.9487,-8.9945,8.7177,-5.9976,9.4621,0.3527,5.5331,-1.1705,-1.5196,-8.9635,1.6301,5.3045,-1.227,-5.1861,-6.8044,9.0365,-9.9788,7.906,4.1298,1.4996,5.6851,-4.7099,-6.1125,3.3791,-1.5731,-1.1197,1.2219,-8.8252,-5.9663,6.8713,-2.5811,-8.7584,-1.6125,3.3083,0.0438,8.3393,-4.6199,-5.972,-6.968,9.926,5.2661,2.4979,2.692,1.2087,-4.5321,1.6073,-1.3246,2.3708,-3.9357,-7.2017,7.0137,-1.0591,-9.4204,8.521,-8.0899,4.1872,-2.275,-0.71
-6.6391,2.4595,6.4526,7.3342,-4.5364,6.2107,-4.4557,6.1027,6.7727,-4.0048,-7.4171,4.3292,3.1576,-7.2823,6.7738,-7.0548,3.3629,-2.0598,7.3033,-5.7545,-1.9624,7.6447,-3.5654,-5.3656,6.0988,-0.1201,1.8169,-9.9602,-9.2913,2.6053,8.8805,-4.402,-2.8937,-1.8677,-7.5202,7.8908,4.9493,-4.3443,-9.112,9.4514,-5.3264,4.5494,-4.6327,-4.2741,9.4651,3.7839,-6.6129,-5.6382,-4.8907,7.7087,-1.2041,-3.6004,0.8726,-0.3778,1.373,-2.9791,-1.4655,-5.2371,-9.6067,-3.4695,5.1461,0.2885,1.2726,-8.934,7.5395,-0.8685,1.2931,6.3521,4.8491,4.7255,0.4461,0.2569,2.5138,8.47,1.324,1.9227,-0.1016,-8.0682,-4.6597,5.1571,-6.2005,-1.7812,2.9574,1.0096,5.2816,-1.6918,2.6727,9.6357,9.6099,-7.2286,2.3269,-4.8616,-2.2321,-7.686,-2.9597,4.6791,1.387,7.2726,1.2667,-4.2927,-1.0473,-0.5889,-1.8886,-5.8668,-9.7716,2.1439,6.64,1.039,-5.464,6.6619,7.2679,-6.0706,7.1028,-4.6576,1.1428,3.6022,1.5155,-0.6019,6.4608,1.9661,0.6341,-6.7517,4.4363,-3.4282,1.1723,6.7548,3.4008,-6.2437,-6.3506,-6.653,5.4798,-9.8674,-0.261,5.0161,9.7457,7.8537,-0.2566,-3.6343,1.1241,2.5765,5.0045,0.7397,-5.7558,-9.7778,-7.3303,0.9552,9.627,-1.4586,-9.8785,1.7811,7.6355,3.9005,3.4309,0.0497,8.2592,-9.327,-3.5825,7.6925,-7.6813,6.4692,1.2834,8.459,-3.6614,4.5671,-0.2626,-7.3208,-4.1655,-8.5817,-2.5012,-9.7787,6.8993,-2.4677,6.6211,4.448,-0.2576,5.785,-3.5743,0.2151,1.8498,5.8573,-1.186,5.5087,-1.248,-2.2376,-7.3536,-5.8764,-4.0728,-9.9728,-2.5142,-3.2417,9.6092,0.5152,6.5318,-2.1562,-8.8144,-8.9134,4.8682,0.334,2.617,3.4183
-2.9768,1.07,-6.1088,5.8928,9.92,-3.447,-4.516,3.0071,-5.2375,-0.1475,-3.246,-3.3524,-8.3557,6.0235,-2.0469,-3.7125,8.7569,-7.5968,-8.6421,3.5921,-6.6757,-8.8431,-4.3551,2.7513,-3.8574,-4.2452,-5.0602,2.9727,-9.2664,-2.7376,9.8793,4.4104,-9.862,0.3758,-6.2319,-8.5542,-6.4063,0.6021,9.9486,2.3233,0.1692,6.7634,-4.334,-7.1355,8.6922,3.4413,-4.9393,5.0049,-4.399,-7.6807,-7.1879,5.5106,-9.2191,7.2412,-7.6785,3.5357,0.492,-7.9299,-0.6859,6.4872,-3.8174,-6.3611,9.5288,8.7868,-3.716,2.0762,-4.6043,9.8919,-0.1739,-0.2199,-7.256,0.8083,-5.0503,8.0678,-0.7964,-7.5353,-5.3108,-6.9484,7.6575,7.4834,4.5075,3.315,-9.095,2.7477,4.8828,-0.2845,-3.5827,8.9285,-1.1442,6.7605,-4.7637,5.6525,-9.5649,-2.4544,0.3802,5.4781,6.761,2.2403,-1.2926,-0.7591,4.8277,-9.9951,6.5026,8.6968,5.856,1.7146,-5.2268,8.2786,5.3036,-7.0867,-3.0921,-0.1461,-3.5817,-5.8331,0.5471,-8.933,5.3393,-3.9695,2.0645,-4.5308,9.3958,-5.9802,5.8703,8.0698,3.2962,-5.9375,-4.2385,-8.6091,2.4078,-8.0056,0.6738,-9.6705,-0.7625,-9.4134,-2.1587,-6.0867,-4.3803,0.1345,5.5861,-7.8246,2.5114,8.6991,4.9951,-6.1716,-4.3711,4.7208,8.9405,-2.4195,3.0925,-5.1186,8.9443,5.1731,-5.4319,-2.8375,-1.0202,-9.2814,-3.2818,5.0322,-5.6129,4.7533,-7.2302,-0.3804,-0.8822,2.8127,5.3334,8.0551,6.9625,-6.36,8.9839,1.1958,1.5198,-8.9525,4.706,-3.5909,3.029,-8.1343,-3.8601,-8.1393,9.2019,-0.7998,0.9713,4.9291,1.3324,-3.0766,0.2316,-7.0437,-8.2003,-0.5691,-8.8135,1.6528,6.8326,-4.9716,2.3134,-2.7321,-0.9173,4.3134,-3.7008,-2.8278,-1.9028,6.2214
-9.4749,3.042,1.1548,-1.0228,-5.5644,-6.1861,7.6364,0.5299,9.9612,2.1498,9.1819,3.6977,-5.1791,4.0381,-7.6408,-0.3151,3.9904,8.0282,-7.4932,6.5759,-5.0832,4.4661,0.0229,-4.495,5.9315,5.5609,-1.0,-3.1401,-0.3626,-2.688,-4.8305,6.5691,-9.2738,-1.2715,3.7237,-5.5357,2.4621,-4.7819,8.1423,8.863,6.6162,-6.9762,4.9907,-6.33,-0.1761,3.4901,0.6548,1.0855,9.6726,-0.5226,-5.4714,-7.0691,-6.7785,-5.0288,-6.6268,4.0883,4.0204,-1.1208,9.1187,-4.3502,-8.6998,-2.9956,8.0086,8.6217,8.9127,-9.1,-9.522,8.2105,-9.8686,1.9306,-5.4342,-1.6681,-2.2105,1.7198,4.4331,-5.084,0.1261,-1.6555,-5.6155,-3.1728,-8.4863,-6.5915,-3.5687,-6.0518,4.5988,-3.1457,7.3405,4.9,-4.8918,3.934,3.0122,8.1547,-8.2658,-3.6788,-2.695,9.7643,-6.329,0.8248,-7.2288,7.5932,9.5255,-6.0128,1.22,1.5648,-8.91,8.7268,0.9455,-3.1677,-1.8778,9.0123,0.8872,-6.3685,1.5091,-5.5053,6.215,-3.3983,-1.2946,-9.5782,6.1697,4.7222,2.8331,-3.7812,1.8923,0.4801,8.7075,7.0819,-3.7679,2.2129,-7.4324,7.2566,-6.4722,-4.7145,-0.5403,2.8852,-7.3631,-7.5547,-6.2547,7.8144,-9.3489,-9.7347,1.8607,-8.2861,-3.1772,3.5647,-5.0495,-0.681,6.6855,-0.1909,-2.1223,-4.2331,-5.9091,5.8319,-8.963,-1.3257,-5.2899,7.2258,-8.0145,1.0842,-5.023,-8.8014,4.3963,-0.6954,-4.8385,2.9267,8.3248,-1.5874,-9.5793,3.8141,0.8911,-7.7175,1.7234,2.4555,-0.6832,-1.4265,-6.3133,5.0954,-8.9493,-6.3022,6.7125,-2.424,-1.0511,6.3836,-6.4929,7.4666,9.6952,1.8791,-1.0529,8.4833,5.8181,1.8276,0.4199,-4.5462,0.9691,-2.3366,-3.4825,6.185,4.5613,-7.6181,8.2877,-8.998
-2.7135,-0.9641,-6.1457,3.7026,-9.9365,-3.7107,1.6028,7.3717,-3.8974,-6.2812,-5.2085,3.4246,-9.7607,5.4519,-0.6028,3.4569,-1.5025,-9.6531,-5.5966,0.127,-1.8932,-5.204,-4.6572,-7.3866,-2.906,-0.3435,-6.4698,-7.4546,5.844,4.2249,9.104,-4.3745,9.2239,-0.4613,1.2125,3.4757,-9.4042,-4.8996,4.5423,2.6562,8.8915,-7.4405,-5.1849,-5.865,-1.5398,0.7636,5.8029,-9.5838,9.9504,8.3291,8.3627,0.7555,0.1039,8.7638,-4.9076,8.6131,-4.4272,-0.8203,-2.9139,-4.4018,-1.0108,5.7362,-5.7479,-0.1866,-5.1643,1.274,5.2024,-5.3786,-2.6588,8.5816,9.0318,-6.0507,-3.6017,0.1107,5.4358,1.4722,5.1204,-3.019,4.3459,8.5872,-5.6735,-0.3468,-7.5669,1.3351,-0.2156,1.8982,-0.5181,-9.5136,0.9737,9.7455,-0.4928,0.8769,8.6319,-7.2887,-1.0415,-2.1889,9.2634,4.163,5.7231,0.9725,-6.6141,6.457,1.2438,3.4535,-0.4981,-1.7139,8.0667,-2.7076,-6.3619,-0.5806,9.953,7.2885,1.9308,9.21,-4.3476,9.5726,2.7035,1.9425,-3.0096,-4.5517,-6.6159,0.4834,-5.7902,-7.0926,-2.5312,6.3996,-1.284,-7.3188,0.845,-8.2296,3.05,-0.9788,2.7564,-6.4194,3.4135,4.7779,-9.6303,2.9342,-3.2566,-5.5456,-0.1759,-7.0743,-0.856,-8.6958,6.0691,-2.7324,7.3401,-8.7458,-8.0904,1.2692,6.9063,0.8115,-6.9484,8.4809,-5.1961,-0.4312,-7.1908,9.9865,1.5595,7.8994,3.4566,2.3501,3.5994,-7.9324,3.7169,-5.2321,-3.551,-1.3884,5.9581,-9.0358,0.9137,-5.6082,4.9969,-6.9099,-8.6988,-8.3959,-3.4375,-0.5888,9.0298,9.8928,-0.0601,-7.1877,2.5911,0.0964,-1.857,-4.745,-3.8753,-8.0206,9.2406,7.6933,-4.1692,4.6819,7.133,-0.5904,1.465,-3.7581,5.0566,-4.12,-1.7676,8.9005
-0.2489,8.4668,8.5553,-6.5605,-7.5979,-0.3379,9.4433,-8.7233,-8.1803,-2.9054,-7.93,1.752,4.7467,6.7445,-3.2193,3.7186,-8.9427,-5.6571,4.356,-5.5611,0.4867,3.7343,0.0977,-4.2559,-5.2376,-4.4828,0.2154,2.4661,-7.2434,-7.3066,-1.1673,5.0841,2.2171,-2.6874,0.5385,2.5883,0.5706,-4.7773,-9.3691,-8.2682,6.7008,-0.6244,9.6791,-9.2233,-4.399,-1.7979,1.9166,-4.1444,-5.9314,-3.1882,-2.5042,-0.3692,-8.3191,3.7456,6.3012,6.2033,-8.5553,7.0802,-5.4068,0.867,9.5874,6.6842,3.8682,5.7689,-2.4486,-9.9726,1.6435,9.8971,-0.8329,-2.6057,0.9365,-4.829,-9.0799,4.9783,5.3174,2.9827,-8.0182,2.2687,-3.9562,-8.1221,7.4561,-7.3654,6.9488,1.7532,-6.5894,-8.3999,5.9023,6.4474,4.748,0.6518,1.9145,-0.6187,-3.3301,-8.032,3.2243,-2.1412,8.7859,9.714,4.5294,-2.6837,-1.1665,7.3519,-8.5474,0.2824,-5.6262,6.6605,-2.735,-3.2347,-3.5637,0.3502,6.1088,-2.5064,-2.0163,2.8044,-1.6854,2.2459,7.1991,8.5341,0.1881,5.8477,1.0691,4.5217,-2.6496,7.5928,3.8325,-1.4507,5.4977,-0.0994,6.9819,-6.7585,-2.0348,2.8907,-1.1189,4.1942,-8.2234,-6.1991,7.1788,-3.6361,3.7875,6.3007,-6.7106,7.0392,-6.0955,2.5908,6.7283,-9.6157,2.0854,-6.1923,-7.5004,6.4657,-7.4732,-7.6505,8.1323,-1.5861,-0.9022,1.1642,4.0246,6.7758,-8.4918,4.8591,-7.6897,8.9467,3.6746,-5.9939,3.4785,3.3286,9.9466,-1.4865,-2.1762,-0.2045,-6.8813,3.6671,5.1681,1.2248,9.6436,-5.075,-1.2136,0.2082,8.9015,-2.5214,-6.9253,5.1046,-6.1665,-2.1533,9.1488,2.952,7.7279,-9.0963,-9.3218,-0.7406,-6.1277,-3.6953,6.0856,-8.0589,8.9172,-6.2464,-4.791,-5.813,-1.4377,2.5336
-4.5499,-4.0873,-0.7444,-9.3275,7.5681,-4.2857,-3.7567,-1.7974,9.9398,5.4107,6.6225,-1.4281,-4.4238,-7.3173,5.9455,0.5126,-4.091,-8.1887,-1.8806,9.5745,-7.5588,9.7687,6.0205,-8.4981,5.7484,7.9187,-8.656,-7.8667,-0.9014,-2.401,4.1789,9.7481,-8.1128,-0.8125,-2.7477,4.923,6.3773,4.2032,2.1101,8.2193,-3.9475,9.943,-5.362,-3.1732,-8.0183,0.9529,-5.779,6.0788,-8.867,5.2635,5.6677,-8.5079,8.1562,3.7097,-6.3809,-1.7508,5.5671,-9.6135,-3.9,-3.9444,-8.59,8.8735,-8.3238,-8.6991,4.1341,4.0392,-1.1036,-1.1857,-1.4179,-7.9275,7.1646,2.7269,7.29,-7.5713,-6.7474,1.8016,-2.7055,6.4996,-4.1017,2.0547,-1.202,6.8232,7.5664,1.2954,2.9835,3.4566,0.1908,-1.1554,-9.6864,-2.7753,5.0071,7.0476,6.6858,-8.0465,5.2154,-3.427,-9.1374,3.1256,-6.7103,5.942,-3.343,-6.4195,1.7116,8.8815,-8.6706,0.2153,-9.9093,-9.3331,9.0621,7.4196,5.7322,-5.8245,5.1012,-7.343,-4.1299,-1.8796,-6.1866,9.7958,5.2009,0.2388,-6.7222,-0.2078,-9.4402,-1.3815,-8.9941,-8.4913,8.7769,-8.9148,-1.8136,-0.7829,-8.3026,-3.466,-4.6124,7.2611,-1.4368,-0.4594,1.6425,1.4266,3.1589,-5.149,6.3871,-7.5161,-1.6285,-7.5882,3.5425,2.0078,-0.9145,6.8101,-6.4923,9.9676,-1.3125,4.2668,-2.1112,8.5829,-8.1529,-3.1115,-8.3243,7.5883,-6.6927,1.0772,3.3612,-5.8036,-4.104,9.3439,3.5592,-4.602,2.0039,-7.0831,-1.0779,1.6676,-0.2008,-4.4126,0.3716,8.6054,7.7033,-6.8815,-5.6872,2.9406,9.1235,2.1846,-2.7957,-7.197,3.673,3.4113,1.4299,-0.6169,-2.6811,8.4185,-5.938,7.0431,3.2825,-6.4322,-9.3089,-7.9982,-5.9264,0.4296,-7.7281,-8.6231,1.8308,3.3068
2.2345,0.083,-4.0045,-2.175,3.7269,-8.0087,-1.12,7.1351,0.1047,-8.1987,-6.6008,7.3289,-4.8205,-2.7638,-6.1491,0.4166,2.0802,-1.1635,-9.9231,1.5859,6.272,2.8409,-8.2809,4.8983,-4.3842,-4.5446,-1.7966,6.5074,-5.1238,-0.3669,-9.6055,-7.2657,-3.9364,-6.8919,0.2314,-5.4233,-2.2739,7.6454,8.654,-3.7774,9.1369,-7.0546,-9.5863,7.1743,-8.9257,-1.0504,8.7546,0.8967,9.095,-1.604,-1.0507,9.8887,0.7701,-4.3392,5.4961,-8.7825,0.9783,-9.3039,-7.0888,-4.7004,5.0072,-7.484,3.249,-2.8685,-5.6241,-0.4139,7.1915,-9.6915,-4.405,-2.0307,-4.5107,1.1278,-2.7926,6.6678,-6.1436,-4.4188,-8.5304,6.4916,7.5404,-4.5166,-6.1278,3.455,0.7518,2.3639,-7.848,-9.651,8.4364,-0.5756,-4.6823,-0.2127,8.4018,-0.3141,0.6411,9.0726,4.8336,-0.9627,4.8458,1.7625,7.1288,-8.2554,6.9796,3.3554,-0.4488,3.655,4.8912,4.9757,4.0385,-9.5097,4.0315,6.4857,-4.1863,-0.0055,-4.9251,6.5936,5.8024,4.4358,7.3646,9.6651,1.6977,6.123,-7.1276,-0.1956,-6.4079,7.363,1.3646,0.4908,8.7302,-2.0502,9.1195,6.3176,1.8684,6.8029,-5.0579,7.7022,5.6751,-2.9559,-6.6485,-6.9977,-1.2896,-7.4167,8.6286,-0.1051,3.9796,-0.9305,-9.5535,-0.1275,8.6078,0.7101,5.7378,-5.4868,5.026,-2.9272,-8.8207,4.2721,5.5868,-2.4187,-4.9792,1.0806,-7.7033,6.5226,-9.5747,-8.8695,-0.1044,1.1762,8.914,9.7925,8.9588,5.5988,3.1551,4.6795,8.6409,3.1005,-0.5498,2.1245,-6.4969,4.1917,2.8307,1.8332,2.9103,0.539,-1.4627,-5.4205,-5.6892,3.2199,1.8361,-4.0777,-5.7146,-1.3008,-4.6188,5.3555,-2.3629,8.7586,-4.2762,9.6916,7.1242,-6.1007,7.2265,-3.8727,9.1934,7.8753
-8.6513,-0.3258,-1.7947,4.7134,-5.9111,-5.4852,-6.8912,-5.7458,6.7226,9.9123,-4.3512,3.605,9.2727,4.1575,7.0,1.3858,-3.93,-3.0249,-2.9348,-2.4801,4.1722,0.8708,2.2719,-1.3651,3.8086,-4.5137,1.3257,-9.6082,9.4434,8.7973,4.7343,8.2681,-0.6087,6.4484,-1.7483,-5.0136,2.4593,4.2043,9.4009,-4.5304,-4.2186,1.3362,1.7601,7.3566,-8.3968,2.7636,-9.3581,6.3066,7.0906,0.9049,3.0678,7.4612,-0.7185,-1.488,4.6735,7.6057,2.3176,8.8498,9.1357,-7.0406,8.4958,-0.8401,6.7896,0.0719,4.3184,-6.3584,7.2694,-7.9947,-4.3591,-9.6459,-4.4027,9.192,3.5927,-7.5979,-4.3786,1.7135,-2.3074,6.3584,-8.4172,2.5322,-9.7629,8.8791,3.6184,-5.4616,-6.464,4.2545,-7.1316,1.2841,-3.3823,3.4736,-9.598,9.4883,8.5244,3.4201,-7.1823,-2.094,0.007,3.6676,-0.5111,1.6969,-8.7415,-6.4629,-6.8966,-3.0013,-5.5598,0.1775,0.5726,4.3069,-6.6354,2.205,-8.8377,-4.4799,6.5588,3.6215,-5.8948,2.6435,-1.3061,-3.3983,3.283,0.6223,3.8528,-7.6841,-4.861,-1.8838,-5.3541,-5.7602,-8.4415,3.41,-3.3089,4.169,5.7336,1.9893,-1.8073,-5.2619,4.3835,9.3824,0.9773,7.4378,-9.4482,7.0926,-9.1201,9.8777,4.7393,6.8892,7.1396,-3.3915,6.3628,1.3335,-7.1821,3.9287,1.6857,-3.6239,3.4227,-2.7539,-0.0356,-7.5438,0.3336,7.2707,-8.8381,3.0523,-6.6561,-3.6616,3.9715,3.9499,-0.0296,9.7115,-1.1592,5.3546,-8.9938,2.7732,3.0475,-5.8146,-3.0983,3.9497,-3.9874,-2.967,8.192,5.0516,1.0759,4.4273,-5.9722,9.7436,-0.376,-8.8214,1.308,5.5215,6.9604,-8.1715,-8.1649,8.8584,-3.7807,4.6265,-2.9935,-3.0917,5.6849,-9.0799,-8.1588,-8.895,7.82,-0.8114
2.0308,-5.1042,9.9099,3.4135,-5.3766,5.7954,-8.0272,6.003,-1.1342,-2.8772,6.0438,1.0341,-3.5917,9.6563,7.1639,-5.2859,-5.0814,-5.0772,8.2114,-7.3378,-9.0822,-4.3883,-4.9066,7.4659,-2.7335,0.6213,9.6052,0.0443,3.7066,3.972,-8.886,-0.0293,-9.0783,-3.1181,-4.0954,1.171,-2.726,7.3637,6.5495,-5.5819,7.2801,8.4009,7.4757,-9.4512,6.3902,-9.5544,3.5798,4.7942,0.4328,2.3307,8.8077,-8.2752,-0.1596,-6.7917,7.808,-6.8964,0.9443,5.4135,3.2644,6.8113,2.5769,5.2678,9.6825,-1.0996,7.9131,2.8027,-7.5219,-3.4668,0.8804,-1.3462,6.4143,-8.0996,-8.3515,-8.5309,-4.1563,-1.042,-7.1619,2.7036,-8.406,-8.0772,2.9132,8.7525,-8.2275,-3.6042,-1.5196,4.7158,-4.5499,6.1748,-5.0715,-4.6782,7.5757,8.9059,-9.2387,2.8195,6.7296,-1.9785,3.8992,2.9249,9.9577,2.0014,-1.1305,-4.1359,9.3911,3.7356,0.6308,-3.1267,-1.6607,1.4061,-9.5127,3.5319,-3.0254,-3.2077,-4.8258,7.8403,-8.8303,2.5076,0.9632,9.4718,5.6915,0.4009,7.512,-3.2313,1.0171,5.0386,2.78,7.3882,-2.6571,0.1561,-5.9713,2.8973,0.6,-1.6479,-2.9202,-3.0629,7.0933,-4.0538,-7.4655,1.706,-3.2946,5.4248,7.121,6.3404,-9.1206,-7.3888,2.1992,-7.1794,-2.7384,7.3738,-5.5653,3.1935,-6.8473,2.7023,-6.1539,-2.1333,7.0842,4.1928,-9.1695,6.9213,5.4785,-3.7611,-9.2642,0.91,5.4096,-5.7441,-7.1077,-7.4592,0.3409,4.7608,-3.6136,-8.583,6.7045,3.0809,-1.5439,-3.2096,-2.4604,5.5867,-1.185,-2.2385,-4.9027,-7.536,-8.7383,4.1436,-0.3247,-3.4683,8.3147,4.3835,2.5815,-3.4466,1.2536,-2.9262,-4.1682,-9.2365,7.1233,-7.6151,9.7424,6.1237,6.6913,-9.8768,2.1067,-7.7928
-6.0459,0.8244,-5.6281,0.6421,6.8353,4.2581,7.8432,-8.4944,-9.4079,4.4248,1.8883,5.1974,1.9389,5.1425,3.1837,6.0655,-8.9966,9.8183,-5.6154,8.7777,2.2857,2.8196,-7.7351,-7.3735,-4.438,-7.8496,-8.5042,1.669,-9.6097,-3.7875,1.8904,-8.4574,1.066,-3.9951,7.1363,1.7858,-4.7968,-5.5919,-4.8715,8.7393,7.4414,-1.9118,0.3174,-3.5926,-1.9194,1.5144,4.7418,-1.7708,-1.2863,-2.8436,-7.4018,3.2219,7.3806,0.1766,-9.6753,1.547,-4.45,7.1507,-2.3258,8.8795,4.779,-4.3525,-9.1452,-5.1427,1.6526,1.4643,-8.8137,-9.7875,-3.117,-0.7852,9.3272,-7.7333,4.4801,-3.9448,6.7862,-1.9812,0.7024,9.2843,0.0758,9.9697,2.9636,1.3898,-2.9458,-3.4057,-8.5,-1.4387,-8.5058,-3.2397,-6.1538,-4.001,-2.3917,6.0436,2.0871,-7.561,4.8259,8.8165,-9.0421,-9.0954,0.7706,1.7642,5.7187,-7.2745,-5.1874,9.7536,6.7786,-9.6542,-8.3762,3.3178,2.9828,6.2507,-0.6816,3.5593,6.2984,-4.5619,-7.5114,0.6708,7.3617,-6.4397,-2.8562,-0.31,-7.652,-5.619,0.6304,-5.3914,-4.5311,4.9743,-6.3474,0.2636,-0.6091,-0.4466,1.5444,4.776,4.5823,-0.1677,3.7178,9.6491,-0.5698,6.685,-7.7844,-8.9514,5.169,7.855,-4.4838,6.7362,-4.7203,-7.1005,-0.8745,-7.8548,-7.7457,-9.3476,9.9377,0.7002,-2.068,-3.9685,7.3553,1.7969,2.9925,4.3262,-7.3932,6.5696,6.3587,5.5873,9.324,-3.6592,-0.18,-7.4777,3.7026,-9.9249,-0.3803,-9.8886,-2.7975,-9.1873,-9.4597,-7.813,-0.4774,0.4294,5.6612,-0.1789,9.2696,2.1728,4.9522,-7.6617,8.2294,9.8762,-4.1413,5.3443,4.4213,4.83,-0.1107,-6.2465,5.146,-6.834,-3.2333,6.6447,4.2241,7.618,-2.5531,4.2781,-9.3159,-1.647
-9.7022,6.5702,2.866,6.0721,0.6308,2.3215,-5.9255,1.11,7.4002,9.2825,-2.9826,-2.1197,8.0389,-1.039,9.0288,-0.0304,8.4634,8.1377,-4.308,8.41,-1.9048,-6.7363,-7.8852,-5.4909,-6.7497,-0.7368,-9.6656,-9.9089,-3.2475,-9.6847,9.6206,8.6054,-9.3535,-6.573,-3.9804,-3.0958,8.3768,7.4932,5.9827,-0.1794,1.4529,-4.9548,3.358,9.1292,8.3025,8.6997,8.0803,-9.6171,-9.0623,8.7399,-4.3322,2.2243,-9.5376,-5.2531,-8.91,5.1503,-7.1038,-0.3703,-7.5116,-6.5513,-0.2103,-3.2743,-2.0724,-0.4293,8.225,8.8602,-1.9431,-9.4371,-0.9479,-5.5489,-5.8479,1.4303,5.3521,-0.9892,-2.7944,6.5546,-2.347,6.9352,-9.2843,-5.217,-8.6639,4.4743,1.1338,9.3645,9.5203,4.0103,4.785,-5.5586,-7.1749,0.034,8.1121,3.2278,-9.0509,0.7521,6.1791,-5.125,8.4286,-8.3087,-3.7872,-3.6923,0.7468,-5.4166,7.0737,-2.4892,-1.7298,-4.4202,-6.9769,-7.5858,5.5532,7.1386,-3.2711,-0.5469,-8.7681,2.8424,-6.1743,7.0768,-2.42,0.3213,9.9626,0.7889,-9.9747,-1.0339,9.1269,2.1523,-9.0422,-1.4902,2.7425,8.7669,4.2997,-0.963,-3.1382,0.8793,-7.9819,-9.368,-8.8687,-1.9109,7.2099,5.5038,4.0237,-2.8136,4.5531,-4.9146,0.2195,7.7301,2.107,-4.4123,-7.3587,-4.2888,8.6438,7.9991,-7.2461,6.2172,-3.7359,0.4746,-9.8276,9.9755,-1.3901,-5.523,6.0244,-7.6946,0.3951,0.8659,6.5429,-3.086,1.7288,3.8056,0.1544,5.8872,-6.9203,2.5761,0.6787,-2.3007,6.3777,-3.5328,-1.4588,4.0414,5.6304,-1.7923,-5.8671,-2.3823,7.3004,6.4026,-4.1893,6.0068,-4.0046,-9.1334,-5.9826,5.3092,-8.1759,1.1578,-8.3484,0.5574,8.8558,-2.1158,-6.0206,2.0023,-8.6352,-7.2357,8.1882,-6.6775
6.0333,9.3416,-0.1878,-6.2252,-8.8137,-2.4449,2.4248,-8.3829,8.1362,-3.4619,2.9446,5.6402,-4.972,0.8361,7.7925,-9.9186,4.1611,3.311,0.605,7.1525,-3.4528,6.7431,-4.77,-4.7358,9.4166,-4.1549,3.6016,-5.0859,9.1879,-7.8625,-3.689,1.0682,-3.3474,-5.8558,6.9296,4.7836,5.1076,9.7066,1.6934,3.0652,9.2676,-0.4109,-1.521,6.1709,-8.6831,-9.51,-4.0002,-7.4533,4.9026,9.9161,-8.1708,9.8154,0.778,-5.2683,-5.5458,8.9691,7.3535,-8.6133,-2.2019,5.1733,-5.9148,-1.6463,0.5325,7.4768,-4.6946,3.7386,1.3901,-3.9347,-7.0411,1.3827,-4.98,0.7662,-3.2206,-8.6738,9.3073,-5.4333,-7.6636,-2.5215,3.8376,5.9842,3.4122,-9.448,-9.771,-1.6253,-4.7575,2.3276,1.4494,-6.0421,-5.8968,1.9557,3.2051,-8.0519,-1.6457,3.7108,-0.4482,6.8028,6.3036,-7.6609,0.4872,2.5769,5.442,-7.118,5.7315,-3.2115,8.7011,-4.373,7.7878,1.1983,-4.0467,1.7175,-5.2795,-5.1254,0.9216,-6.2549,7.358,-2.5818,-1.3475,-9.9228,-1.4413,-8.7102,8.3288,-7.9481,8.6249,-5.7679,-9.8295,5.1986,-3.0084,9.0592,7.2595,-5.9858,-7.6302,0.9034,-7.1495,3.5356,-5.3307,-5.2401,0.7931,-1.217,1.4011,-8.3993,-5.3905,-2.9372,-9.2585,0.2299,-6.8339,-8.7041,-9.7443,-9.5306,6.5846,5.7565,-7.2196,6.5955,-5.1016,-6.9187,9.9485,-5.9937,0.2561,3.2438,-7.7728,0.4558,-6.7918,7.8748,-7.9305,5.9593,-4.6718,3.6221,6.4336,-5.2796,6.2296,-2.8052,-3.3319,6.2683,5.4164,9.7299,-0.3476,6.3115,-8.2755,8.4795,-7.1508,-0.79,4.8442,7.734,-0.1169,4.9761,3.4006,0.7863,4.0548,9.265,9.3319,-8.4421,7.8013,8.631,2.1502,-1.0007,-4.6985,-5.5457,-6.5494,-0.4029,-9.6468,-6.3538
8.4705,-9.2117,0.542,7.5823,7.803,-1.6166,4.0469,7.7896,2.2819,3.0989,1.0669,1.1795,0.5203,-8.2411,-3.8239,-2.8882,-0.0998,-8.0939,7.4955,-3.3051,-1.8088,6.4085,5.7036,8.3057,6.5964,9.3308,-9.572,-9.9571,-6.0635,-0.5468,4.4535,-9.3118,5.8857,5.6553,-7.9469,6.6564,-9.311,4.5598,8.6384,2.5096,6.4126,5.0327,3.0942,3.9961,-6.9592,-9.3552,8.8914,-3.0587,4.4026,6.9365,-6.6908,-4.7197,8.4837,-0.7285,8.8826,-1.1733,3.9172,-2.0692,9.0886,-1.9033,4.3244,4.1943,2.1799,8.5512,8.6462,-7.6394,-4.5742,-3.8729,-5.6404,-5.632,1.716,5.8261,-0.0597,-9.0348,6.8171,-2.8312,-5.1349,9.5865,2.4639,8.3752,4.0965,3.4344,-1.6285,-9.4834,5.3114,0.9998,7.7836,5.777,-9.5129,2.975,-4.3818,2.7639,9.7686,-5.9206,8.8163,7.1677,-4.8734,-0.0304,5.5283,6.3405,-5.0898,5.9848,-7.6653,-2.8326,-3.4528,-6.4829,3.3096,9.3859,-5.76,0.7685,-6.5651,8.6098,-8.7032,-5.0747,7.7549,-9.6945,2.1712,8.2391,8.6891,8.7235,-1.5947,3.7238,9.3444,3.3008,-8.1768,-5.8277,5.1672,-2.3044,5.197,-0.4121,6.6991,-5.9609,-4.2238,-0.4761,-4.2657,9.0935,9.4959,7.9579,-4.0415,3.2939,-7.3224,-2.1493,-5.0866,1.088,-6.1717,-2.0154,3.2229,-9.4204,7.1444,2.8527,-6.4066,0.7717,9.12,-4.9878,-6.1707,2.3597,-5.949,7.9294,1.9268,1.8481,-2.9249,5.5922,-0.4167,-2.8903,6.9244,-6.4109,-6.6973,9.0031,6.2617,-1.9151,-4.5748,-8.6724,-6.8116,9.4187,4.6059,4.6981,9.4739,-4.4953,-9.7132,9.425,-5.9459,0.4972,-4.0345,-3.6677,6.6795,-9.5384,6.2015,-5.8935,-2.4633,2.9355,-4.573,3.7194,7.4172,-9.887,6.8893,-2.0312,-7.697,-3.4169,7.0749,4.8542
-2.1737,8.3188,5.3035,-7.4114,-3.3423,-8.3569,-2.7423,6.4733,-1.036,-7.5919,6.4619,1.1094,-7.7029,-3.1415,1.3098,-2.9366,-2.5076,4.528,2.6723,3.6525,-2.8837,6.2421,-8.2395,-5.4083,6.7013,-4.73,-6.1165,-0.9804,-9.4027,-1.3711,5.965,1.7488,-0.9135,4.0856,-1.4943,-8.0265,4.244,-7.8648,5.3284,5.7325,1.8038,-1.996,6.4355,-9.0694,-3.7399,5.6992,0.3338,1.0767,0.9416,8.3792,-6.6895,6.3877,-0.5276,4.6543,2.6428,1.972,4.8689,4.2672,7.4235,0.194,-8.5986,5.1729,-4.7445,7.6308,-7.7976,-5.6366,-9.44,-8.6813,-1.0653,-8.6482,-5.4119,-8.5402,1.8173,1.3515,0.2381,4.2893,-5.188,-9.1254,-3.3108,-2.9485,-0.6953,-4.8475,5.74,-1.6988,4.3806,-7.2256,-2.9157,-2.8951,-4.4047,3.05,-7.3117,-9.9092,3.5884,1.943,-5.3307,1.1378,2.0715,1.887,-6.87,-1.3569,-1.0501,-0.4716,3.6777,-2.1137,-4.3333,5.1054,-2.8283,-2.1214,-3.275,9.7917,3.869,-3.0312,-8.4112,6.9568,-2.4453,-7.4335,6.0944,-5.8566,0.5046,-0.3326,-9.3529,8.4381,4.888,7.642,4.8244,-4.165,4.3783,-7.1713,1.4583,8.2185,-9.6359,3.2411,-3.9124,-9.697,7.7467,6.6699,-8.8147,-5.9908,8.2615,5.4332,-2.6713,1.561,-4.8292,-4.1405,5.136,5.1724,-7.6819,-8.483,-4.7535,8.0496,-5.8703,-1.1609,7.1513,-0.1704,3.8294,-5.7187,8.6794,-7.3862,2.2644,-9.177,7.0121,2.07,1.4763,-7.0305,-8.9244,7.1434,7.2142,7.9987,5.5356,-9.9798,6.318,4.848,-2.6208,-9.194,-5.1962,8.6989,-5.0408,4.1033,8.0587,-8.0895,4.9636,-7.1739,9.1802,-6.9266,-6.1572,7.3074,5.0689,-1.0495,-1.351,-4.59,1.6195,-4.8491,-6.9544,5.2499,3.833,4.9596,-1.9478,-7.0786,-1.0994,6.2127
-3.7199,2.366,-0.6735,-2.4808,2.8078,-9.2091,0.4094,8.8776,2.289,0.7237,-7.5111,-3.983,-0.0011,1.6992,-0.9776,-1.1219,-7.1062,3.01,-2.5912,1.9025,6.3995,-3.5904,9.0095,3.8125,-0.3566,7.6486,-4.4031,0.2841,8.9617,1.1491,7.0166,-5.5592,-4.1529,5.8171,7.2978,-4.0099,4.8598,9.7037,2.9014,-9.5853,7.6034,-7.0978,-1.8549,2.623,-6.5274,6.5694,-6.598,9.1567,9.1689,4.0021,-4.2718,8.6952,-0.8803,-0.9295,-4.7669,-2.7064,3.0552,-3.3291,8.1857,-2.8329,-1.7157,5.8673,9.269,-1.4458,5.8911,5.3933,-8.8942,-7.3771,-1.7577,-1.6035,2.5896,-0.8802,2.6654,5.0339,-2.1763,4.5547,-5.4524,-3.853,-6.649,-0.7908,-4.5296,-0.4425,-3.1097,-7.8221,4.4919,-8.5786,3.4978,7.0158,9.8114,0.4888,-4.4999,7.1419,2.6648,-1.7315,-2.7571,6.9845,7.6314,-9.3019,1.6986,-7.9616,3.9579,9.9317,-4.595,3.8538,2.9116,-8.4711,-3.5512,-9.6303,8.2245,-6.5958,-1.5639,-2.162,2.0854,3.484,2.2055,1.7091,1.9463,-2.9275,-2.372,-4.7795,2.4877,0.1163,0.2327,-3.4005,-3.7389,-5.2656,6.1853,-2.5773,7.2421,4.3799,3.5066,2.9255,3.8557,-9.5692,-7.5898,-3.8564,-7.2881,-8.1813,-6.0898,6.1609,-7.5636,6.0835,9.6809,4.6271,-0.2171,-3.2701,-2.4143,6.7831,-5.903,-7.9407,-0.9719,1.8633,5.0744,-9.2083,1.7643,-9.5218,-4.0982,-0.8831,-7.8216,0.3985,8.2034,-4.2591,-1.839,9.751,0.9486,-0.0882,-6.398,4.5393,8.7854,0.6061,7.9748,2.6554,-7.6645,-9.4971,7.2451,8.4397,-8.3698,8.2992,3.5378,4.6982,-1.8549,-6.652,7.255,-6.4623,3.9854,-6.506,4.1494,-0.8114,5.2211,-4.3375,4.5649,-2.7626,5.4552,-6.1,8.4918,4.7213,4.266,-4.2304,-2.769,-6.1615
6.6458,-0.2687,7.3556,4.1072,9.7185,6.9143,6.056,2.7164,9.2501,0.6287,1.5939,-1.6703,-6.5196,-4.385,4.2209,4.1524,-8.9098,1.1648,-2.7226,0.8881,-4.7937,9.6831,2.2183,3.8299,6.9294,5.5673,6.3231,-3.7774,-8.774,-2.2764,6.4669,-6.2433,-6.1729,5.695,-5.5578,9.1294,-9.3538,-1.3891,-4.6427,7.2281,0.3393,-4.4074,8.4037,-1.3629,-2.1145,9.3275,9.8171,6.3817,-3.1557,9.7786,-4.4413,-7.6012,6.0191,-7.4708,3.9764,2.7618,2.8442,1.7203,-2.203,7.2728,4.884,-5.5393,-6.3383,9.2195,0.7319,-1.5694,2.5676,-5.2645,-0.2854,-2.5034,-8.618,-0.3221,-9.61,3.7834,-9.2263,-6.2896,-6.5851,8.6538,-5.7224,2.4503,0.7128,-6.0309,-4.4279,-4.9297,-7.3935,4.563,9.2432,-2.5916,-1.4972,5.7711,-7.6103,-9.6144,0.5826,5.9589,-3.2533,-1.2497,0.8074,-6.5047,1.6458,6.7126,-6.5886,-6.3397,4.2983,-4.01,1.605,5.3527,-7.097,1.751,7.0019,7.492,7.1808,-0.0802,-9.3934,-3.5593,4.7455,-2.8119,-2.7125,4.1793,1.5408,-8.7577,-9.1854,-8.6201,-1.7929,-6.3863,-9.7084,9.1204,4.2915,-5.8071,0.7804,9.0229,-5.4305,-0.5075,-3.9246,-5.6371,1.5144,8.5565,-7.1613,9.4925,-7.4836,5.8449,3.4323,-7.8679,-4.3757,-5.4014,-1.9618,-7.84,-0.1415,-3.4934,6.758,-7.7509,9.8905,2.5994,6.6663,4.5846,-6.4088,-1.4989,-9.4796,4.1186,-2.2322,2.8536,-8.684,9.7441,7.7284,-0.5586,-5.7467,6.8355,-8.8614,1.4081,4.0521,6.6217,5.0041,-6.848,1.8439,7.068,-4.3536,8.9765,-9.4626,-7.6942,1.6788,-4.1033,9.5285,7.7539,6.2223,-6.2225,7.2764,7.9922,5.3973,-5.8517,-3.1958,-6.5309,0.3601,-2.9653,2.2792,-8.0121,9.2525,7.9633,1.5015,3.7934,-1.0695,-0.6598
-2.499,8.754,-4.2981,-6.5769,7.9704,1.1459,7.9462,-9.6626,-8.8695,-6.7899,2.7452,-2.4337,9.4255,8.8064,4.359,7.3091,-7.4378,-4.8081,4.8715,0.2144,-0.6311,-4.4979,-4.9703,3.3488,-3.0552,-3.6752,5.2804,-3.8438,1.6651,-1.3177,-2.1198,-3.3952,9.2164,8.5788,6.273,1.6134,6.8356,-7.8364,7.2934,-3.3415,8.9776,-0.1947,2.8877,6.2644,2.3286,1.2578,-7.0715,6.3897,-3.2178,-2.1056,5.0376,-2.4201,5.4382,2.399,4.5061,7.9187,4.3385,6.3941,-9.4274,6.6137,9.078,2.6696,-9.7075,-4.4667,-0.2784,9.1598,4.4464,1.4716,4.8943,7.2519,-0.3103,1.8499,-6.8237,4.0858,8.3471,-2.6579,-9.4591,9.2242,8.5155,6.4384,-1.5246,6.4866,8.6638,-1.6118,-5.8057,-9.9192,-1.1439,9.2745,8.3338,4.8126,-9.1349,-4.7169,-8.0657,-8.5538,-6.5235,2.0406,0.1292,5.0931,-0.0726,7.2329,8.9288,9.5829,0.0887,4.3788,-0.6485,-0.5902,-8.3223,1.4736,2.7046,3.2628,3.9675,1.2654,-1.2731,-4.8036,0.4432,-6.815,-5.9819,-1.5225,1.0596,-0.3315,7.4337,-8.1437,3.4205,-2.112,-4.6021,7.9395,-0.8594,-9.631,5.8002,-6.9819,-5.561,3.0297,4.7601,9.3413,-8.9651,-5.3128,-5.696,8.6996,1.4119,-9.8426,7.5308,5.8066,2.1365,2.4716,-7.7261,-2.1174,8.8104,8.3789,-5.4205,3.3082,3.3165,-2.6367,-8.4563,-5.5192,-8.7422,-4.3697,-4.6139,8.1105,0.9,9.6626,-8.0109,-7.4156,7.1912,3.9025,8.1026,-1.3462,9.2406,-1.0488,6.0001,-2.8009,-9.2385,4.1837,8.4723,-5.9699,-9.4287,8.3758,7.3114,6.0369,-5.9773,4.9586,6.6031,-0.2,5.856,2.6766,0.4098,3.0011,-2.4355,-3.083,-4.5176,5.0419,-5.6785,4.5215,3.7788,-2.6179,2.4904,-7.9383,-0.4716,-7.7803,-2.955,-4.5191
-9.9154,-8.9558,3.2708,-1.0882,-2.8551,-3.2881,-7.3778,-5.4463,-5.5256,4.418,-9.743,9.132,-7.5013,-3.604,7.0608,-3.7496,-5.425,-9.4726,-5.0393,9.8107,8.4384,8.3826,5.6914,-1.4039,-5.6503,-4.5436,4.4964,-6.9571,2.0504,-6.3878,1.7767,-3.8994,-5.0749,-4.4247,-9.6292,9.0992,2.8812,7.8881,-1.4463,-9.9199,6.8197,-4.0167,3.2854,-0.1992,-0.1939,9.3986,2.3196,-9.477,-9.944,-2.7649,-2.3595,5.9468,8.4377,-6.2556,-1.2185,-3.0461,-2.8983,-6.1332,-3.8009,-8.6704,3.3671,-1.0858,-3.5253,3.6291,1.8955,-7.0049,0.3637,-0.3602,5.7457,-4.9593,-8.5867,-1.9983,1.8799,4.3788,8.1654,1.7433,1.6651,-0.4388,-5.6085,-4.6272,-8.7991,-5.3343,-0.6387,-2.2787,-3.3019,2.359,-9.7274,9.1982,2.3718,-8.3435,-7.6611,-0.1368,3.6292,-9.9774,9.3588,-9.7134,-8.3279,8.8198,-3.5184,-6.7108,-6.4454,2.3357,-6.8447,-9.7826,7.9611,0.3035,1.2928,0.1721,0.1856,-5.8358,6.8586,1.8858,1.9014,4.2841,-8.5181,1.0303,0.5262,-6.6158,2.4737,-9.4293,-5.0506,-5.1698,-4.3571,-4.6596,-7.4681,-4.5781,-0.7349,-0.0264,4.2344,-2.8035,-8.4285,7.7452,-1.2596,8.793,7.5144,-3.1682,-7.7154,-2.8851,3.7033,7.9426,9.8201,1.5225,-1.7186,0.829,3.8828,3.6515,-0.4482,5.0766,-9.9718,1.822,-2.9296,4.807,-7.2693,-9.6176,-0.1118,-2.5347,-4.4037,-7.1344,5.4513,4.1799,-0.3611,5.1464,6.4001,-4.623,3.7276,-2.8851,-5.2204,1.6476,-7.4203,-7.6335,8.1782,7.1689,-8.6324,2.9469,-0.3076,-9.7064,-5.9744,-6.229,-7.217,9.871,8.0364,1.1248,-4.745,7.6091,1.2112,1.9432,-8.3957,-0.0978,5.6596,-6.1106,-9.2035,-8.1348,-8.0859,6.8238,1.4845,-6.1552,4.535,2.0087,1.453,5.4996
5.9149,0.7909,-8.1557,0.7133,8.601,5.8635,2.2177,2.0244,1.3546,3.3706,7.5186,-6.8777,-2.7555,-7.2067,-4.1291,1.8377,3.4484,2.0984,-3.5124,-3.6315,4.116,2.1489,4.94,-8.5807,3.9867,-4.0293,-9.1011,2.9817,-6.1201,3.8619,1.827,3.4011,-7.7675,-1.1654,9.3279,9.3067,-3.9214,9.9257,-3.9532,-4.4483,8.227,3.3111,1.9696,-3.3142,2.2605,-6.4486,4.4925,-4.9655,5.6978,7.9707,5.0935,6.6617,-3.5129,-0.7232,-3.9575,-0.3899,7.0976,-8.1832,9.9827,1.3073,7.0081,6.3157,-9.9942,-3.0669,6.9669,5.302,1.8517,-9.6693,3.5845,-1.4573,1.0596,-1.8635,-1.8011,2.715,-7.5173,-8.7209,-7.2379,2.3165,8.9444,1.7397,-0.018,-2.2021,-1.3052,-1.7039,-9.0152,2.7813,4.992,-0.5707,-2.2555,6.2223,6.2344,-7.5225,-2.7532,-4.3586,1.5955,-7.0718,8.6948,-0.1154,-0.635,9.769,-2.4001,-9.2134,6.9647,1.9857,7.7773,3.1171,6.1578,-7.0907,-9.0507,6.4078,-9.6309,-7.943,0.2091,-3.1461,0.6231,2.1283,9.1404,7.8827,4.5054,-7.4199,0.7825,-8.8873,-9.1534,-4.1086,7.2084,-0.1685,-1.1967,2.0882,4.5649,7.4863,-8.8974,-6.1028,3.8405,-4.5292,4.3183,-1.4575,-9.7439,-2.3457,-9.0577,-0.0694,6.3912,-9.2468,8.2475,9.159,-7.1952,1.6902,6.597,5.0911,-7.1397,-2.2694,-2.3228,-1.0443,4.5334,7.8258,6.2731,-7.3744,3.5789,-9.3992,4.7214,2.0293,-4.799,7.9563,8.1043,-0.7349,3.8775,-9.8577,3.6074,-7.3264,8.2069,5.4633,-7.7553,-7.5651,5.6788,-7.243,8.4727,-6.4217,3.6018,-7.7748,-9.7833,1.3864,0.716,-1.6477,-7.1067,-9.174,8.4891,-3.9355,-9.8541,-2.7851,3.9257,8.6976,-6.7342,3.9729,-4.9685,4.4966,-3.2904,3.8786,3.509,-4.6103,1.6255,-6.2994
-4.4733,7.7062,0.9338,-3.1682,6.8036,-5.1162,3.5374,-7.7988,-9.3828,3.4055,-5.2717,3.3528,8.9353,9.1938,2.343,-5.4307,-5.0038,-5.0352,-8.6721,8.8177,4.7315,-0.4392,-7.0395,2.5615,-7.6042,-5.7943,0.8019,-9.2578,9.5691,-2.0266,3.0853,-1.759,-8.8585,-3.5736,1.6717,-2.979,4.8984,-5.7186,-0.27,-1.8551,5.8484,4.4519,-6.9412,-7.7276,-9.7533,5.4711,5.9293,-9.5788,-9.8159,9.5686,-5.1759,-5.4405,-7.489,-6.9232,8.8194,1.1239,8.2172,3.2495,-6.5312,-5.8675,4.0603,9.2417,2.5202,6.4782,7.8463,-4.634,4.4512,9.0691,-9.9908,-5.5166,7.1593,1.0383,-0.5952,8.5355,7.7543,3.8069,9.151,4.3675,2.5944,-1.6456,-7.6443,0.9472,-6.5186,-8.7762,7.0915,9.2733,-0.9398,1.3366,-1.1308,2.9713,2.6793,-4.4596,5.0364,5.0128,-1.7145,-7.3206,-8.5102,-2.0031,-7.2886,5.0336,-4.2736,-0.3822,5.3885,-8.6391,-5.2309,3.7361,-7.0517,4.1829,2.1134,6.1499,3.715,-1.6103,1.6543,1.008,0.4126,-4.3843,1.107,-5.9342,-1.3885,-5.9691,-9.252,-8.4693,0.7744,4.7643,3.179,9.3728,-2.372,-3.2447,-3.4386,-0.3195,-6.9923,-1.7432,6.9276,7.8966,9.6607,-2.3515,6.1381,-4.0213,3.5066,-7.9091,9.9775,0.4355,3.9634,5.1367,5.9742,0.8192,7.6026,-6.1745,-7.9473,-1.2887,6.1724,-6.5421,1.7456,3.1359,-9.1982,6.7394,6.0261,-6.8369,5.9033,-5.4686,-6.647,-2.0758,1.752,6.0089,1.1658,-6.7246,-6.439,-4.9089,-9.7551,-2.5076,-9.3465,7.0225,7.3248,1.4475,5.2263,6.956,7.9434,8.4855,6.1696,2.9252,8.1562,7.6982,2.4869,3.1651,6.0224,-4.3515,-1.6876,-5.2768,3.0799,-6.3119,-6.0439,-7.2251,-2.887,0.0776,0.0603,4.1603,-4.5642,-0.1805,7.8073,-2.4483
6.4007,8.0558,-5.3437,3.4234,-8.2329,-3.2003,0.8089,-8.2159,2.4114,5.99,-2.6693,7.2282,5.1918,-6.6216,7.0708,8.8292,4.7949,6.1534,2.3249,2.3744,-5.4188,1.3116,4.1711,1.9868,2.6451,4.4183,9.0609,2.1498,7.8712,9.8847,-4.754,9.8728,-4.7165,2.0352,0.6408,5.2757,4.6244,8.6334,7.1512,7.8134,7.0975,-8.331,4.1083,-5.5043,-6.001,-7.3679,1.5737,1.657,-6.3841,1.1446,0.0771,-1.7237,-8.0313,1.4046,-6.5523,-0.4065,-2.9788,-5.6034,-2.8875,4.0508,0.6245,8.4705,5.7506,8.671,2.4678,2.7345,-4.1245,-7.5483,-4.3793,9.0056,-4.8633,7.0581,5.8369,0.5119,6.5867,7.4889,6.4925,-3.8669,-2.3402,4.1039,-3.0133,9.9956,-8.2052,2.0474,0.7072,-1.8756,5.6553,-0.2436,5.4774,-1.8668,9.4764,7.2712,-4.9784,0.8089,8.6211,-4.7695,-5.1211,-0.8592,-9.2446,-3.5001,3.2478,4.8577,-3.6956,5.1379,-7.4439,8.2375,-4.5277,9.7954,1.1672,3.8666,7.0213,9.6794,3.1391,9.2865,7.5927,-6.9339,-7.2909,-8.9453,-9.4222,9.7961,-7.073,5.5047,-6.0775,3.2294,9.0485,3.9469,-2.0594,0.06,-4.6161,-1.6188,1.6016,-9.7961,-3.4008,2.3377,-7.1175,-2.6656,-8.8164,-5.0964,-7.3287,-1.8089,-1.339,4.2223,7.3715,-2.5606,-4.6301,-9.3839,-6.718,0.2888,1.7737,-1.2705,1.6208,9.205,7.6728,-7.9217,-1.0232,9.3574,-8.172,4.5303,8.7029,-7.644,9.206,-6.9497,2.4123,2.1302,-9.1376,-4.9397,7.2469,-7.4524,6.8653,4.0754,-4.1786,-2.6759,-3.6881,-9.2166,4.0333,-8.7811,8.1489,5.8272,-8.6756,-8.2665,-4.0844,-6.8448,-7.0056,-1.9901,9.0183,6.885,-6.1047,5.9079,3.3176,-2.2195,4.1653,-7.9038,-6.2243,-3.135,-1.8096,0.3638,2.5234,4.4362,-5.9602,-6.6127
3.5077,2.3663,-2.3687,4.5065,0.5992,-0.5413,6.913,-4.2552,0.3544,-4.38,-2.864,7.0011,-9.1708,-8.8627,8.0991,9.7126,-0.7672,4.0543,-8.185,8.5742,1.4805,-8.31,-9.3204,-7.7997,-9.5578,-5.9738,-2.6213,-3.3698,-6.6006,-1.4581,9.421,7.7337,-9.7294,-6.7931,-1.8464,4.7157,3.182,4.7445,3.7776,-6.0703,-5.8976,1.6751,1.5374,6.0655,-8.2271,-5.034,-3.6039,8.3659,3.4246,5.264,8.6899,-6.5165,4.1449,8.9621,-1.6535,-8.6988,3.4231,-1.4936,3.826,7.7444,-6.1621,-4.3368,-0.6825,8.9051,4.9974,5.8129,-4.4227,-0.9532,7.5204,-8.9082,-6.8766,-1.3916,7.8715,3.8988,6.6406,3.0329,-8.7989,4.0398,1.7974,8.5638,2.0046,3.6302,-4.7602,-5.2153,0.4184,-9.0612,-7.7732,8.6548,-9.5443,6.07,-7.6886,-9.0227,-7.6627,-4.2908,6.9002,0.9064,8.9405,-5.9839,-9.6833,-2.1625,-1.5083,2.6717,8.3253,6.6428,8.5026,-2.2084,-2.8596,8.373,9.041,6.3422,-1.3446,8.9278,-8.1109,7.3766,3.3901,6.205,3.8719,2.0453,-6.666,0.6212,-9.7396,-9.6499,7.2819,8.8941,-6.2376,-7.471,-7.73,8.5486,-5.7283,-7.0451,6.1157,4.9915,8.9068,-7.2328,-8.9448,-8.1924,7.3644,-9.9383,-5.84,-0.5396,-8.3854,-2.0132,-6.9019,1.27,-0.2713,2.0895,-4.1764,-6.9567,4.8519,9.7523,-4.4429,-6.2734,-2.5103,6.0443,-3.0535,-7.9869,-6.542,5.7853,-9.4509,-5.0976,-9.4433,-2.4008,-5.868,4.0325,1.8785,-1.0539,-1.9533,9.6215,1.4003,8.4725,-4.5012,3.6712,-2.2278,6.0207,7.0859,-8.8808,0.005,-9.8961,-1.9902,-6.0992,4.2984,7.024,9.6441,0.6331,-9.6487,-1.3291,-8.2804,-7.6214,4.4597,-4.2222,-8.6788,5.2675,-9.008,-8.7149,9.9941,-9.3588,6.3239,7.1049,8.383,-1.3148
-3.9638,3.8489,-0.1583,-7.1584,4.6619,-8.3355,6.2955,5.6963,1.3664,-1.8977,6.0522,8.3831,-1.8822,-2.3786,-8.4976,-7.0086,2.215,4.7178,9.9949,2.4492,9.2964,5.7298,-6.9549,-6.2387,3.0025,-4.8547,-7.9693,-2.2687,2.8836,-3.2445,8.2441,2.5401,4.1679,6.0576,0.3627,-4.4251,1.2028,-1.9235,1.9282,0.726,-5.1214,4.0921,7.7535,-2.6131,-4.9924,-5.7495,0.1734,-0.1826,0.9614,-7.8915,0.8999,-3.5158,8.655,-8.7979,0.2978,-0.6464,9.7532,-9.6835,-6.5677,-3.947,-2.6567,4.7992,1.298,9.6447,-9.0288,-8.1903,-3.4537,-2.9813,-1.3746,9.98,0.7716,-5.4755,-0.5168,-3.4453,6.7864,-8.4183,-4.3238,-4.4651,5.3725,-1.6,-1.0989,5.1823,-8.1105,9.4931,-5.0525,-5.5705,-6.7394,-1.7139,-3.9368,-1.2033,9.0461,-4.4775,8.2109,-5.3172,8.7917,-6.3849,1.7536,-1.7609,6.9267,-1.6851,2.0933,-9.0333,-6.4065,1.2273,-3.264,-9.7004,4.7359,-7.8112,-3.6375,9.0543,1.3885,-6.7993,-8.7929,-2.5335,4.7782,8.4294,-0.2089,9.1948,-8.3746,-2.8797,3.4202,-5.5151,-4.686,7.3167,0.5925,2.06,5.1845,-4.1382,-5.1902,-5.7355,-7.8775,0.0899,-8.8243,2.1075,1.5055,4.3252,-4.3906,8.6528,4.3296,-6.1628,1.7616,-5.1506,4.7813,5.6899,-6.4351,-7.1883,-1.8309,-3.1904,9.6343,-6.8047,3.217,-9.4115,0.091,5.3915,5.4427,8.6495,6.338,7.3729,4.6453,-7.92,-6.6605,-4.037,-5.6897,1.1104,-1.6411,1.1997,6.9607,-9.5109,7.671,-8.9803,2.837,5.7728,-4.477,3.0132,-4.7143,5.0103,7.6842,-7.7261,-5.2167,4.547,6.3542,-4.0515,-2.8049,7.9531,9.7435,1.3231,-9.6321,0.9861,3.1675,0.4941,8.1778,-5.2707,7.1562,-8.2331,-3.1564,-4.9463,-4.9701,8.2617,9.2228,2.2148
0.4086,1.7898,4.4848,1.4364,-8.6672,-9.2793,4.7795,8.621,6.1647,-0.8819,-3.8829,4.541,4.7589,-0.3886,4.3358,-8.4956,6.5554,-3.1299,3.0133,3.2792,-1.6153,-9.3939,-8.5382,-4.14,6.0663,-3.1435,6.525,-6.4059,1.4581,2.4213,0.5623,-4.6618,-0.5204,5.1422,-7.1327,-2.5761,8.0316,-0.9257,2.0172,-3.2172,-4.4392,5.0567,-2.8729,-8.2835,-3.9122,-2.4684,-4.1626,-2.6276,5.9707,2.2145,-7.2842,8.34,-5.3339,9.8716,5.896,-0.7492,-7.9346,2.8512,3.7927,5.2056,-7.419,7.6977,7.0264,3.6533,-4.0763,9.4492,8.1083,-5.8706,5.2788,5.5629,-5.6463,9.2227,-9.4102,4.7601,-8.7361,-3.7551,-7.8639,8.4237,-2.3602,-1.0683,6.7116,-5.6059,8.6014,-3.7166,-1.4835,9.7021,-0.9707,-9.8805,8.7904,9.3716,-1.4194,9.1004,0.3692,0.5198,-6.3799,8.1467,8.7512,7.9191,-3.5691,-6.3239,-5.4593,6.6312,1.5661,-3.6071,-8.0195,0.934,-6.9086,3.4276,-6.8373,-6.3448,-7.2537,3.8799,-1.3958,-2.6728,-4.8568,6.7189,-8.7844,-4.895,0.1198,5.9693,8.5867,-9.9081,-5.3956,7.2024,5.4846,-8.983,3.8377,6.7322,9.5062,-4.3093,-6.0292,6.2347,7.748,-7.8816,7.1735,2.2434,2.5063,-4.2863,-8.305,8.1745,-4.6191,4.7868,2.9988,5.8906,-2.1723,-1.0388,-3.0584,-1.0223,2.0564,5.6875,-1.3938,-3.2051,1.196,9.8674,4.6527,7.3507,8.6345,6.4673,2.2055,4.2141,8.4519,-4.0684,1.606,-2.0837,-5.4133,2.7349,2.7401,-9.2683,4.0477,8.4187,9.5885,6.6095,-9.1739,6.119,5.5322,3.3134,-2.0412,-1.9416,-6.2885,-5.983,7.2878,6.2772,6.4177,-6.4416,7.5153,-6.7917,-9.8308,-2.3435,-3.0389,5.0394,-7.1913,-3.0204,-7.1425,-4.0342,1.2301,2.0164,-1.6475,-1.5833,-0.9673,-8.444
-5.2709,-5.0633,-6.3611,-7.2084,-2.5181,3.725,5.0947,6.809,-2.3669,-2.9866,3.1304,-7.2175,-1.6858,-3.7599,-2.0185,-0.0883,4.4373,-3.5827,-0.6251,2.536,7.7166,8.9855,9.7371,9.8757,3.2603,1.5512,-3.0541,3.9999,4.0994,5.1525,8.9696,0.5877,-4.8584,0.4357,5.845,-4.4934,4.926,5.4031,2.9954,2.4758,-3.2314,4.6235,-5.3997,4.2314,-3.1398,4.8272,-3.4239,8.8288,5.9475,-8.4304,-8.1223,-3.069,8.4502,-3.1482,2.1756,-9.35,4.6417,-4.9118,0.9253,-8.2042,-0.4502,-5.1512,-2.2251,2.2668,-3.8782,7.4308,6.4339,5.4405,2.0282,3.871,-3.3755,5.0419,-5.0524,1.5496,5.7058,4.0964,-9.6496,6.2674,8.8148,-0.1951,8.2454,-4.5222,3.6231,-1.4563,-2.6726,3.3639,-2.9741,7.783,0.0509,-3.1316,4.9277,-2.484,-1.3123,-6.7455,7.2147,2.1563,0.1277,-2.2289,3.5887,5.681,4.7219,-1.4597,-4.2505,8.2986,5.9228,-9.0058,5.2079,-8.1808,-9.7441,-3.2491,-1.937,4.6819,4.5834,-1.7349,1.0504,-1.0713,-2.9348,-2.8925,1.7183,-8.257,0.3592,-7.0981,-9.0263,9.8774,-4.5384,1.6703,-0.6394,-9.0384,7.9464,-9.773,1.7677,-1.6582,3.5212,2.6174,6.5588,6.1093,6.3172,-4.7098,-9.9667,-2.6676,6.1919,-0.5675,9.6271,-4.2546,-3.6074,-4.5481,1.4066,-3.4662,0.107,5.1756,4.1864,-2.3992,2.8033,-9.8445,-0.4068,-4.8207,-4.2532,-4.0789,0.0841,-7.9801,1.8668,-7.723,6.8052,2.7322,-6.7489,6.7529,-6.7661,-8.411,5.5456,4.6075,-9.8626,-5.088,-6.5455,8.7735,8.5678,0.3326,-3.8262,3.2337,-0.2827,-3.6973,5.6251,4.0299,9.0327,2.9463,9.2726,-3.1251,3.0578,2.346,5.8492,-9.6516,5.1873,-2.9787,-0.1327,-1.3652,7.5273,-4.8471,0.9785,-6.1606,-0.2125,9.9116
7.3098,0.0295,-2.7574,2.1738,-2.1632,1.8294,-0.5707,-3.6346,6.5257,6.3021,1.844,-4.6732,4.4204,3.5243,6.7898,8.9187,-6.0305,4.2526,-1.0344,7.4617,-6.82,-4.2455,0.099,-6.9839,9.7183,1.6715,5.5636,-7.9496,3.2016,4.2791,1.1083,-0.999,-9.8696,-6.2409,5.2726,-5.4626,-5.8556,-7.4866,2.8738,7.2796,4.6231,4.8634,-8.4526,9.9488,5.6419,-0.681,-0.1596,6.3378,-3.6805,-1.726,-0.6421,-6.4515,2.484,-3.3982,-9.9293,5.9855,5.0743,3.2607,-5.6929,2.7489,3.2027,8.736,7.4164,-5.791,0.4847,-0.5694,-5.9038,-6.4098,5.5613,-6.6274,4.8778,-7.7649,-8.6072,-6.7988,6.0047,7.52,-2.547,-3.0264,-0.4676,-5.61,9.1752,0.8339,-3.8192,7.124,7.8469,-6.1802,-8.6124,3.1423,2.9609,-5.0622,-4.1873,7.1109,3.3924,-1.2436,5.0582,-4.2926,-9.7252,8.5336,-7.9038,2.43,-0.6952,-3.6852,-0.2219,8.0883,9.7673,-6.155,-7.4177,4.219,8.5994,1.0541,2.6744,1.2867,-4.8504,-4.8632,2.5152,2.2567,-8.0369,-0.8996,-7.5302,5.8486,-2.5819,-2.4999,-3.7418,-7.8523,-6.5382,-6.3418,-0.3327,8.3855,-4.5207,-3.7437,-8.2112,5.2439,7.666,-1.703,4.4469,2.6496,-5.0511,9.5069,2.9133,-4.57,9.229,6.8393,3.7494,3.9762,-3.7968,-6.9667,8.5728,1.7641,3.6117,-7.2921,1.7827,-5.7336,-8.0528,0.92,-6.02,2.6621,1.0112,2.4691,-6.9197,0.8104,7.5275,3.8813,-7.5093,-3.3306,-2.6499,-7.2071,4.4891,-6.7802,4.8538,-2.1711,9.4263,-0.6338,1.8343,-8.6333,-4.6655,3.0813,-0.351,2.7309,-9.475,2.9131,8.6171,4.9694,3.3156,9.8097,-2.6453,3.0503,2.2522,5.3663,2.1321,6.7638,4.445,-2.0422,-8.1887,-0.6631,-7.4622,-6.3633,-2.4437,2.0376,-7.6387,1.3537
2.0663,-3.1532,-1.1357,0.2127,4.8774,8.6948,-4.3119,-2.185,4.8566,-2.0547,5.9686,-9.9561,-0.0573,7.2596,7.9613,-4.7514,-2.7219,-3.5034,1.0605,7.8086,-8.9082,-2.943,9.2469,-7.328,1.0515,-4.5699,-6.1112,0.5997,1.3107,-0.292,4.0482,-9.2626,0.6239,0.1699,2.488,-6.5624,4.0409,9.2138,4.9493,5.0438,4.4609,3.9614,-2.2973,-3.7016,-3.5434,5.7023,-1.2139,7.2656,1.0674,9.8003,-5.7313,-5.458,3.021,3.5366,7.3116,6.1546,7.6303,-8.6314,0.1909,2.5175,3.9872,-1.9055,-6.8582,7.3429,-8.6203,2.8742,-3.3032,7.0903,-5.2551,0.5986,5.9361,7.1284,6.4165,-1.431,3.6216,5.5522,9.3268,-1.6803,-9.7929,-3.5956,-8.7955,-5.4663,1.2401,-0.4907,8.964,-0.5298,2.3835,-3.2498,-2.2381,6.7021,1.7549,-5.8802,9.9585,-7.1885,-2.7322,9.1213,-2.618,-9.4846,-1.9585,-5.2404,-8.9147,6.1351,4.7399,3.1016,2.2912,7.9699,-9.2795,-6.6829,0.1023,-8.111,2.9076,-9.5111,3.0947,8.6728,-1.7559,7.3691,-4.2872,-4.9114,3.8329,-1.7106,-8.1696,-3.5579,5.3829,2.3928,9.8522,-1.8503,0.3924,-3.7421,1.1139,-9.3842,2.8213,3.1526,0.597,-8.0721,-3.5364,3.7661,4.8107,-0.6045,-6.3761,-7.194,-2.0951,3.7348,-8.9056,-0.2358,8.7561,0.076,-3.9792,0.9642,8.7083,3.368,-5.0211,7.3787,0.7492,-6.7748,5.6323,5.9001,5.0735,-7.05,-5.3602,-7.9923,-4.5772,-9.9429,5.4745,1.5158,9.4466,0.4739,-4.8036,-6.0679,-4.5135,-1.8307,-6.9149,1.1335,6.1624,-1.0494,9.2167,5.1893,1.5812,1.0315,1.8233,5.6158,4.8654,-4.2257,7.9204,-5.8339,-3.7806,5.0719,6.0274,-5.4212,-8.0069,1.0056,2.7419,-2.7887,9.8224,-7.0328,-9.8609,-3.458,-3.951,0.5367,-7.5557,1.2477
-8.5419,-9.806,5.1565,-6.4506,1.1962,-3.0073,-1.7283,4.996,8.4289,3.6391,-1.7959,-3.9504,2.1066,3.8168,8.9723,-7.5823,-7.3177,-1.9346,-9.1075,-4.2088,6.1334,0.7315,0.2301,6.5272,-4.8364,-3.1967,-9.9606,-5.6195,3.3137,-7.3869,8.644,-0.7886,0.0071,9.469,4.8157,-3.8299,9.2962,-9.2501,3.5293,7.4773,5.485,-5.659,-0.0082,-0.001,-0.6273,9.973,-0.9456,1.6568,8.911,6.9963,7.827,-7.2588,-7.7673,0.8608,7.9224,4.9857,5.4262,-1.5037,-5.4027,-6.9692,7.599,-1.7085,5.5914,0.9574,6.0946,7.1017,9.3759,4.4682,-7.8444,-7.1028,-6.7119,4.8199,4.4814,6.9157,0.1602,-5.6519,-8.8299,4.163,9.9031,6.7085,4.8945,-9.0667,-2.1115,1.2223,8.6329,-3.6712,6.2556,9.1309,-0.4191,9.2332,-2.2224,-7.1442,-0.6673,-0.3777,-3.3922,-9.2951,-5.69,0.8,6.2116,-2.8744,6.888,0.0367,-3.4163,3.0621,5.9925,-7.4034,2.9142,0.8703,-8.1408,-6.9622,-8.1054,-8.4309,-6.2082,-2.6278,3.4794,-7.4589,-8.1288,-3.4279,3.2857,3.6796,-7.3819,-6.0117,-3.9397,-7.1512,-8.3545,-9.5776,9.0147,7.2981,3.5679,-5.1837,3.2748,-4.7028,-1.9222,4.5042,-4.1487,-5.0966,-0.6997,7.7794,-0.8797,7.6716,5.3681,-9.8438,4.5281,7.6409,-7.3747,-5.3326,7.4644,-5.4618,2.0802,-9.835,7.2957,-7.2304,3.8975,6.1968,-3.6718,-1.6929,6.3352,5.7237,9.413,-5.6423,9.6118,-8.5182,6.6784,-8.524,-2.7855,7.1771,0.2347,-6.3973,0.1337,-5.5648,5.431,4.1768,9.4835,0.3991,-3.0956,-0.7625,-3.4036,5.4947,-0.7871,0.1988,3.3342,-8.6594,4.0878,-4.3852,6.5344,2.9445,2.7928,4.3446,5.2123,5.5002,4.1529,-6.2559,-2.3922,-5.5785,6.9104,5.5702,-6.4539,5.1587,4.1261,-2.6346
8.1421,9.6741,3.687,0.8014,-1.7771,6.3193,-9.0404,-0.4019,8.4091,-3.5571,6.0747,-2.4983,-5.2647,-1.1234,4.8487,6.9679,-4.1971,2.1969,3.227,7.4781,-1.6899,7.0742,-3.5329,7.8882,-8.8859,2.0033,0.8176,-5.5357,2.201,-1.9274,-9.0495,4.9267,-1.3957,-0.6114,-2.6802,-9.5081,6.609,-7.1599,-4.403,-8.8644,0.4708,-2.6708,-7.4768,-8.0669,-6.0284,4.486,5.5119,-4.7717,-0.9764,-5.705,0.8455,-6.9705,-5.4338,5.9034,-4.505,-6.7377,6.3421,7.6464,0.2423,3.7487,6.8966,-8.6778,4.6759,-3.2968,-5.4546,7.8762,-8.6064,-2.8102,-2.6992,-2.904,6.1697,-5.4585,6.42,-8.9232,6.9984,-1.4285,0.2701,-7.5799,-8.3125,1.0823,-1.7527,2.5655,2.3862,7.6286,-5.2374,6.673,-1.4826,1.0544,8.4244,-0.1887,9.7265,-8.4504,-3.4235,3.9457,4.1902,2.4198,-3.5897,0.7767,-6.7061,4.1707,-6.4237,5.291,1.2309,-5.2725,-1.1987,-3.372,0.4197,-0.8652,8.1472,3.43,0.3736,7.1535,9.0111,7.9196,3.4835,2.5904,-4.8466,-9.2721,-0.5493,5.8532,9.7643,-1.1347,9.2375,1.7551,8.1155,-4.0255,4.6502,-7.6384,-5.4128,-3.2724,4.297,2.8024,-1.7577,-6.0468,0.997,1.1784,3.7805,-9.743,-1.3055,6.7205,9.087,-8.1233,-7.3981,-1.6493,1.2191,3.3307,-3.0125,5.4954,0.4773,9.3045,-6.5073,-4.3272,5.059,-2.9232,4.247,-9.2905,3.2979,6.8826,-4.7281,0.3099,-3.8397,-0.0224,7.3954,-1.8443,-4.6594,7.0469,-6.6507,-2.4656,9.0628,-4.136,1.9913,3.7618,3.8154,-3.9936,7.3243,1.4451,-6.4133,-6.5457,2.7842,-1.4592,9.4006,1.0577,-6.004,1.9902,7.0006,3.141,1.6644,-1.9868,-9.459,5.8685,-3.1589,-9.5826,9.8077,9.4765,6.5285,-2.2954,0.1226,-8.6506,1.3134,4.038
5.3369,3.4618,1.5453,-7.3352,2.7152,3.0815,-6.9151,-0.2981,6.2212,4.7294,-4.6226,-9.9117,-0.7159,-4.6732,-8.6007,9.4266,-6.7728,-0.3306,6.4571,9.257,3.437,4.5459,6.5073,-0.4588,-6.8299,-5.6196,2.0315,-1.5219,-4.3949,5.0306,-0.1709,-5.963,-6.8766,1.2306,0.9914,1.7227,6.8128,7.3302,-8.2909,2.2319,5.0855,8.8577,-6.4837,1.3079,0.7292,1.3494,-7.3951,-0.6623,-8.9442,-9.3514,-9.2149,3.1354,-6.7501,9.3022,3.1052,-9.0004,3.4108,-6.5211,-1.4953,2.1481,4.0539,6.4519,-1.9887,5.8,5.8181,-1.5615,-2.1999,-6.4287,-9.2395,-3.1587,-9.5871,2.6835,-9.5367,1.4634,3.5658,8.4881,1.7003,-3.4468,-4.775,0.4454,5.4619,-8.3022,5.169,-2.7412,-3.8708,-4.4713,3.534,6.9731,-9.3424,-9.8014,9.8491,2.1256,-3.732,9.267,8.5104,4.3079,8.1144,6.8125,-3.185,-0.4561,-4.4335,8.1183,5.4344,6.4315,-8.0359,2.2205,9.0872,-1.4607,-0.7499,1.4999,-7.2356,-2.7508,-5.6183,1.1352,-4.0201,1.7244,7.1914,-5.1994,1.6427,3.0961,-9.7066,-2.5973,-1.3355,-5.0591,3.7904,5.6899,-9.5946,-3.0272,-9.8105,6.6374,-6.2833,-2.2748,0.6962,5.089,3.9299,3.6704,1.2457,-1.026,5.2444,-3.647,1.3471,0.6469,-9.4549,-2.4043,5.3463,3.642,-9.9049,-1.8649,-0.4692,3.8669,-8.9329,-0.5213,-5.6404,-6.5067,-7.6635,-6.1984,-7.929,0.905,-9.0632,-1.722,4.4798,3.9685,-8.6526,-8.7156,4.3523,2.7017,8.5269,9.5305,0.6352,-5.2371,-7.276,7.2787,1.1812,-2.1618,5.7724,3.4804,7.9227,-9.201,7.97,1.7872,-2.763,0.7097,0.4903,-0.8261,7.6076,8.2537,4.0498,1.6575,-6.9134,-3.734,0.2189,-6.066,-5.5923,0.8519,9.2756,-3.7269,4.5394,-6.6856,-1.5162,6.4053
2.8197,6.2861,-5.6361,4.3467,7.0214,-9.5919,-0.8236,2.6478,0.3671,-3.4157,5.29,-2.8739,-2.0393,7.2791,-6.1367,-0.6677,-8.5194,7.6747,-0.1463,-6.6387,-8.3146,7.9169,4.6803,-5.9473,-4.8315,-6.0422,-0.2331,6.361,1.0497,-9.4165,8.1186,-7.2487,-4.9299,-4.3365,-0.2731,-8.8166,0.3536,-1.2534,-7.4963,-8.6382,-9.6985,-8.0224,1.079,2.2854,-7.1712,5.3425,0.3473,9.5986,3.0313,-3.1794,-5.5862,-2.8978,-6.0651,3.6324,-5.791,9.9557,-8.4971,3.2927,-1.1391,-9.1115,1.2969,-9.0424,-3.9869,4.1455,-0.7424,-9.3956,-3.8568,8.3857,4.6492,-8.8885,7.7787,7.0746,-7.2257,6.661,2.1894,-9.7875,5.7621,5.8186,8.2314,-2.6982,3.4147,-8.287,-7.5432,-0.3716,5.0132,-3.7477,1.7787,-4.2903,-8.3136,-2.9865,-7.5549,-2.4378,1.5574,-5.1609,3.3028,7.5477,7.0527,9.8728,-4.8234,-6.9024,-7.2728,7.2945,9.6886,6.1843,-2.2921,1.834,6.5674,-8.8763,-7.8378,-7.9438,-6.9111,9.6789,-9.7859,-3.39,-9.4488,8.7188,3.0618,0.8972,1.1709,5.7219,0.1918,4.4836,8.6022,-8.1466,5.0474,-5.4076,-5.1092,6.1215,-1.5231,-5.5833,-9.3641,-2.7614,-0.2463,6.3446,-3.0652,1.0749,-1.2438,2.7244,-7.3437,4.4881,6.0297,-0.3069,-2.3905,4.0932,2.051,3.6694,3.1284,9.0866,-3.6958,-4.7348,-4.6554,-9.7669,6.203,7.1839,1.3644,-3.3132,-8.9968,-9.8682,2.4805,6.1204,9.4939,-5.504,-8.7771,7.6213,-5.6885,8.7221,3.3662,2.2352,-8.9971,0.2804,1.9209,-2.2531,5.1274,-4.5236,9.4878,5.5813,-4.013,3.4279,-8.1953,-2.2141,7.246,6.1502,3.2258,-1.4289,7.4578,-4.3262,-6.5052,-7.8355,9.1925,9.1601,-5.578,3.1644,-9.0238,2.8188,-9.3518,4.2905,-7.1574,0.6548,3.7519,5.9658
6.6305,-5.9851,-3.7753,3.9722,-4.3664,6.9369,4.1419,-9.6622,1.8018,-5.0451,-9.6392,1.34,-0.2538,-4.6443,-7.7381,1.8244,6.1974,3.4433,-4.6221,-3.5408,-2.5938,0.3857,8.4638,2.5092,-4.7821,-0.554,6.5526,-6.3579,8.4194,7.8706,2.4336,-2.1691,-5.4463,5.9317,-4.3951,-0.8008,-1.5495,1.1509,5.4219,-3.908,1.2783,-7.0192,3.282,2.6991,-7.8106,7.6259,-4.4388,-5.156,-2.8601,-7.5875,0.7082,-9.9699,3.4773,7.9286,0.5856,-4.957,-3.8967,5.7594,-6.6171,-0.4918,-7.6631,1.7356,-2.0743,6.2539,-9.7611,-6.9371,-0.8482,-8.1345,7.472,3.7237,-5.8822,8.8387,-5.5237,4.7971,-3.5002,-4.5257,1.5835,7.9403,-3.4764,5.0293,0.3609,-5.8546,7.6586,-7.2994,0.27,5.677,4.9471,6.9033,0.8376,-7.2448,8.1206,-4.5733,1.0102,-0.448,5.6204,9.7485,6.5564,-5.8026,-9.9486,2.6009,7.7761,-4.0321,-1.0683,-9.3822,3.4092,-5.0532,8.1378,-8.4508,9.1843,0.4346,0.9145,8.9803,-4.5146,-2.7806,0.0314,-3.5369,-1.466,4.1715,2.9991,8.5432,-1.1601,-9.9895,7.1385,6.0915,-6.1282,5.3628,-6.6091,6.9063,3.9759,-4.4833,-8.2297,-9.1664,1.181,-8.8648,-1.597,0.1511,5.3383,-4.385,-9.5571,-0.0245,8.2665,-2.7014,-2.0168,-8.3181,-7.325,0.7562,-9.1154,-4.1639,-8.7751,-3.5299,9.2072,7.5001,-2.2488,-4.166,8.4966,-8.6499,9.6086,1.2222,9.3249,-3.4705,-5.6134,9.0576,-4.6022,-0.2159,-4.0029,-3.2149,-2.5956,-4.5811,7.259,3.8683,1.9302,-9.9429,-4.65,-8.8408,-8.0281,5.9116,9.0853,0.971,7.3351,2.9714,-0.3152,1.4626,0.6261,5.9077,2.3928,-3.654,5.3979,-1.3344,-1.8318,-7.4561,2.1019,-4.6085,5.1941,8.6403,-4.3706,9.3965,9.5611,-3.2802,1.0891,7.6614
-5.7383,2.8176,0.1119,1.8583,-4.0791,-0.4991,-8.4431,3.8413,-1.0179,5.1452,-4.4258,-1.9039,3.8875,-4.2592,-1.3101,3.2034,8.7637,-5.1493,2.1874,4.0853,2.6941,1.9252,8.4013,-9.4513,5.6495,3.946,0.7149,-7.7076,-0.1847,8.7714,-0.5403,-5.0714,-7.9435,-1.9318,-0.1935,-5.4795,3.8672,-3.409,2.1681,0.7103,-3.303,-2.4309,-1.0899,5.5175,7.4516,-7.3466,1.3074,5.0205,-4.4631,-3.7262,4.1639,-9.0378,1.1234,-5.8381,-6.085,-8.414,1.6308,9.1272,-1.018,6.104,-3.1237,2.7124,5.7685,-3.4376,5.8606,-2.8,-8.0672,-4.6318,-3.2807,1.5069,3.6661,8.586,-7.4128,-7.3222,3.1889,4.4594,4.0147,-5.7842,-7.9207,-2.1644,2.3921,6.0694,-1.4011,2.8383,-6.4593,-3.8493,-5.0425,-0.4151,-3.2101,6.1599,-0.9992,-3.4541,5.9385,2.5016,-2.5566,-1.7544,6.0293,8.9196,-4.7188,-3.5846,0.2731,2.2477,-9.5248,-5.8296,-2.1055,-8.1919,-9.7119,7.6247,5.7593,8.656,1.0189,-1.8767,3.6374,9.5544,-5.2647,7.728,-6.3441,-7.619,-2.6876,-5.2284,2.2986,3.312,-2.4177,0.3729,9.2495,4.3905,-6.5866,-2.5105,-5.6785,0.0331,-9.9033,-9.8004,3.7702,1.0839,-8.7649,-2.7427,-6.1366,-4.918,-6.5801,7.4423,-2.3309,-6.0113,-1.0129,-6.5052,4.3653,5.086,2.2087,8.2957,7.2743,-8.2493,-3.7794,1.7236,-2.1364,0.6442,-3.3589,-5.3165,6.5411,1.2317,-0.9264,3.1929,-3.5829,0.733,0.7419,-6.0003,6.175,7.6506,-1.3683,-1.7834,8.9106,1.6639,5.2893,-6.9781,3.0377,7.066,-6.4925,-5.7191,-3.9985,6.9564,3.4788,9.7887,9.0234,4.6238,-7.7708,9.1297,-6.3689,-8.6155,5.4482,-2.4378,3.9442,7.7584,7.9393,7.5262,-0.542,-0.9237,9.7476,4.1474,9.4142,8.7615,-4.5495,-7.5325
3.6874,-8.1866,0.6972,-6.7312,-0.9809,-0.0165,6.9844,7.0164,7.0677,8.7811,-1.0836,3.3458,8.1838,0.7162,-9.3558,-4.1037,2.8648,-3.3561,-7.4971,-1.515,7.8281,-4.9403,7.5166,4.204,9.3462,7.251,4.2222,2.3717,-3.5203,-4.497,3.3426,-6.0962,-1.8809,5.6331,9.9176,3.975,-0.7646,-4.0071,-7.347,4.3584,-3.1007,7.5852,-0.3753,2.3103,5.9479,5.8203,-8.6657,1.7451,-2.943,8.0685,-6.5041,7.7879,1.3793,5.0919,-9.9707,-0.1168,3.1592,-9.2343,8.929,9.8505,3.4421,4.2299,-1.6508,-4.0578,-2.357,-7.8313,-0.5665,-6.9882,-0.6596,-3.8812,0.3265,1.4861,-3.0042,4.7946,6.6142,-6.9922,8.4087,-7.8988,-3.5884,3.5067,8.9045,-7.477,-8.6906,3.3988,-7.299,-2.2563,9.3587,8.3855,-3.0662,-2.3702,-8.2101,9.0552,8.9628,9.6627,0.6265,-7.6167,-7.1968,2.9351,8.9742,4.0521,9.7811,9.846,5.7213,0.5346,9.6512,7.7853,-9.0902,7.8043,1.6042,-3.8614,-4.8572,3.5641,-9.8625,5.7214,7.915,8.9398,-2.2203,8.2484,0.1249,-6.7963,5.5351,-3.0348,-1.7627,9.3009,-3.6976,-1.9824,-2.6172,-5.275,3.2251,4.4545,-7.1743,5.0724,8.356,-4.0536,-7.1574,-2.8437,4.3888,-0.396,-7.5404,9.902,3.0345,1.9417,-0.6156,3.2231,-2.5442,-2.7521,-0.3073,4.835,-7.923,-7.9087,2.8657,-6.3636,5.2296,0.9553,-2.8919,-4.9466,1.5167,7.847,4.9095,-0.8241,-6.2021,7.8844,-1.0716,0.4572,-9.2065,-5.4217,7.7851,3.7185,-1.423,7.626,-5.2983,8.9958,0.0453,0.2301,1.927,3.9566,1.7104,7.4386,-7.9514,-1.5828,2.7856,2.2911,-0.2078,7.6857,-4.5953,-9.7357,5.0847,9.2929,1.368,-5.8908,4.4829,-4.983,-0.2677,9.242,8.5896,-9.743,-0.9623,-7.9433,2.3492,3.8507
6.2059,-5.7145,-9.2444,1.14,4.8675,-0.9754,-7.6983,6.9956,0.8413,4.3094,-3.3913,-9.6234,3.0884,-4.289,9.7181,4.4648,-4.9541,-1.7554,8.039,1.3571,-7.3999,-1.2825,9.0816,-3.3802,-8.5483,-0.8881,-8.4319,8.1696,-5.2504,7.9149,-1.9295,8.4387,1.5921,9.7101,-2.3181,3.4122,3.6579,-0.5695,-8.6225,-0.0953,5.8162,4.4024,-4.1158,-0.8545,-5.2763,-3.5283,-7.5948,7.2668,-7.3439,8.1251,3.2662,4.2536,9.9308,-3.4045,2.1415,-2.6272,-3.7879,2.2105,2.9703,-8.4401,2.6679,-1.0804,3.7506,-7.0024,1.2871,1.8555,-2.1505,-5.5353,3.3657,-4.1249,-1.6282,-4.7881,-4.3147,-8.6764,-7.2658,4.7377,-2.9349,9.3826,3.5644,5.0433,2.3201,8.9965,9.5698,4.4413,-8.8153,6.0101,-6.271,-2.6656,-9.7965,5.5845,3.6135,-2.5364,-4.7617,-9.7861,-5.8209,1.6501,2.9586,-3.5311,-9.2505,-9.2573,-8.5582,-6.8484,9.0237,8.3238,8.257,7.0766,-0.128,1.6294,-8.5517,-2.1236,-9.2172,4.7118,-9.9592,6.6173,1.6023,5.8217,4.4287,-4.9075,-1.7156,7.4141,6.7817,8.4033,-2.3317,-4.1108,-5.5461,-9.618,0.41,5.3781,-7.6185,-0.8343,-6.0073,-3.9753,5.8579,-8.7876,3.6657,7.6782,-9.269,2.7394,-3.525,4.8946,-2.357,-2.6236,-1.5527,-6.161,-3.1169,-2.9947,-5.5247,8.4062,-8.452,-9.4072,-5.6529,5.911,8.0214,-3.9335,2.3694,-0.628,5.6052,3.8453,4.6557,-6.4864,-0.5379,-1.9486,0.2823,8.1299,-8.742,1.8549,-7.3901,-5.1665,7.0878,1.5844,-4.6235,7.6242,1.9274,-4.0978,7.1828,4.5839,-2.3972,-8.0741,7.5057,2.4294,-2.7763,2.5546,-8.8107,-8.8442,2.2824,-4.9089,4.6662,-3.9921,-6.8459,9.0966,7.2686,9.8349,-3.8067,-7.9821,9.5768,-2.4324,-1.7373,-0.8317,-5.4626,5.2739
-8.1949,-8.875,-2.3678,-4.6498,1.5145,-9.2774,0.4892,3.9306,9.3459,8.7273,1.1051,9.0791,0.429,-3.3931,7.3264,2.8738,-9.9874,1.5322,8.6216,8.1104,9.0924,-2.7079,-8.8153,-4.4188,-1.8631,-9.7413,3.968,-2.515,-8.4052,4.5537,-8.2848,-2.2458,-6.0502,-0.3648,-5.6727,-2.8653,-7.7587,-6.39,8.3563,-8.082,8.8086,-4.1967,9.6148,9.4973,-9.5831,-2.2483,1.6986,4.3492,0.1546,-2.4159,1.1179,0.3129,9.4473,6.0309,-7.7886,-8.195,-5.8036,2.9066,1.8168,-2.267,5.6689,-1.336,-8.136,8.0372,-4.8649,7.9847,1.4405,-4.4818,-3.0528,-2.8421,6.4163,6.752,-4.4045,-5.3728,-2.3363,3.379,-2.6598,5.1982,-6.6973,-9.9218,-5.3383,7.3803,-6.8081,-6.6005,6.655,2.0301,-3.9124,-2.5132,-2.8442,-7.2246,1.9067,1.6689,2.1143,-2.7449,-9.0636,-2.6613,2.2494,3.8088,7.1828,-9.4408,9.4237,-9.5438,3.1541,3.4009,3.2019,-4.2647,9.4144,-7.9569,9.1413,1.5995,4.2281,-3.922,1.1343,0.8151,-3.2568,-4.7009,-1.9302,7.0929,-4.6143,-4.3167,-6.8494,1.0272,4.7772,-0.2633,-2.0701,9.4027,6.9327,8.3057,-1.6322,7.6699,-1.4283,-8.7604,8.7664,-4.096,-3.7641,4.2464,-1.5248,6.1122,-4.7904,3.8081,0.1649,7.8448,6.514,-2.721,6.3929,4.9186,-2.7106,5.3969,-8.1898,1.9152,0.5948,4.2879,4.3672,-9.8265,2.1614,3.0057,-5.2221,-8.3818,7.2446,-6.6869,-7.801,-1.5755,-9.6561,-0.5147,-4.4192,8.5189,8.4365,-7.3586,6.2686,3.7322,-4.7757,-3.5238,-9.8471,-0.3218,8.6681,-6.3119,8.3425,-1.3516,-4.7058,6.534,3.113,9.3618,5.5905,-7.4549,-6.3369,-6.515,2.7015,7.8335,6.6078,-6.7492,5.8709,-3.6705,-1.5712,-2.8735,8.4113,-5.8608,5.0609,-5.3729,-7.5626,-5.4069
8.9325,-4.9357,-8.9687,3.9574,-3.4455,4.3849,7.229,-9.3328,-2.9471,1.28,5.3362,6.068,5.8008,-2.8415,-3.8979,-0.1624,2.0517,6.8284,-0.8065,-4.7946,4.9126,-8.3065,4.3153,-6.2487,9.7183,-1.7301,5.3963,6.6133,-4.979,6.6668,-6.8447,-0.1668,9.379,2.8103,4.304,0.4485,8.3766,-8.9226,-1.2056,9.6054,1.0386,4.4139,9.7865,-6.6014,-1.5103,-0.6273,-8.5814,9.2347,1.5925,-9.2912,8.0957,0.3375,3.8327,-3.6241,-0.5695,-1.7924,5.659,-4.2037,9.3748,8.1298,5.2052,-1.4901,2.4132,-7.8617,-3.1395,-0.0973,0.0765,-7.9375,-1.7554,-5.6817,-4.8618,-1.4447,8.8818,5.0142,4.6785,4.477,-2.5468,7.3343,8.3498,9.3932,-3.0867,8.7536,-7.8066,1.1879,-6.449,8.9439,6.7443,2.5321,-8.5158,5.6345,-7.0439,-9.531,5.0485,-2.7327,5.4134,-8.4478,-1.175,9.7938,-5.4752,-3.3294,-5.2978,9.2343,-6.2086,-8.5267,-5.1329,-7.596,6.0067,0.5875,-6.2413,-1.7571,-2.94,7.2926,-1.1457,3.9141,9.8151,2.8211,4.1949,-3.4376,-8.9144,9.0695,-5.2516,4.7106,0.1892,0.2652,-3.8428,1.7684,-1.4685,2.9768,7.3329,2.4997,1.3788,3.877,-2.0336,-2.013,5.738,-6.7204,3.4787,-9.9086,-8.0081,3.8091,-9.8236,6.2246,0.394,-4.3927,-1.2058,6.4806,9.4764,-3.8599,-4.6971,-3.3535,-1.6119,-8.7139,1.6274,6.8714,-0.8862,-9.9557,9.3674,6.1663,4.4034,6.2598,-9.0807,8.4541,-7.5516,-4.0032,-2.3826,-5.3188,3.7534,-2.8101,0.9426,9.629,9.063,1.0395,6.2468,4.7807,-9.3684,6.9237,-9.3993,-9.0193,3.455,6.3018,7.6075,-0.8861,-4.1631,-2.3028,-3.5033,-0.7847,7.1895,-0.5943,-6.2243,-3.1465,6.5832,-5.7334,-9.6756,-2.2387,-0.0168,3.8375,-7.2689,-8.2934,-9.8775,7.6171
-5.2319,-5.9257,-3.1546,3.6505,5.7907,1.2787,-3.7984,-3.7692,-2.6849,-8.0219,6.8362,-4.6599,-5.9087,7.9043,2.4176,-7.4694,-5.5434,-9.2602,4.5402,-4.6776,-6.2604,-9.623,5.6308,5.8457,-1.1669,-8.8405,4.6331,6.5473,-9.2781,-7.5302,-1.372,-8.0472,5.4204,1.7666,-1.5495,5.395,-1.9702,0.4841,-1.7526,-4.8281,5.6735,-8.9341,9.0595,2.0465,-0.1923,7.2571,5.2965,7.8675,-1.0771,1.9733,-1.0771,-7.1846,-1.2663,-6.3877,-3.8438,2.5316,4.359,-2.2421,-3.5477,-0.944,-1.5264,-8.188,-7.8818,0.5503,-3.1923,8.4222,-8.9741,-4.6073,-9.7249,-8.3902,0.8322,-0.996,8.8605,5.6843,4.2229,1.8857,9.7148,-8.7981,-3.5689,8.8303,4.9451,1.697,-4.9722,-8.3092,-1.6109,-2.7157,5.3235,9.5473,3.9804,-1.0207,-6.5399,-1.74,-3.0636,9.4905,6.8639,-6.8248,7.5519,-1.9239,-2.4373,-0.6706,-9.4285,-6.4195,9.9847,2.9641,-4.6443,3.7899,1.2404,-3.7734,-8.3574,-2.819,-0.073,9.5759,-1.905,3.5156,8.5735,-9.5647,-9.3377,-0.3908,1.9995,8.1326,4.1366,-9.7835,-9.0308,5.3391,7.0825,0.5697,2.4559,2.986,-3.6363,6.1338,-7.0937,-5.4183,1.7582,1.0449,0.2207,-6.9251,5.6654,2.9994,3.9377,6.535,9.4847,-0.7016,3.6175,5.7932,-9.0841,3.2479,-0.5826,-0.4909,-3.2344,0.4241,0.8645,-5.6745,0.2508,-2.4335,-1.0205,9.3691,3.1445,-8.2833,-6.8135,-0.5266,-7.9903,-7.7767,-4.5154,4.3574,8.544,-1.3744,0.332,-8.4264,-0.1636,-4.0214,9.5533,-1.8245,6.678,-8.4741,9.6173,-3.4619,2.8802,-9.0465,0.3628,9.0226,5.6909,0.8994,-1.292,-5.9497,5.4632,-2.352,1.5711,-0.2004,-4.0852,-4.1857,-4.3694,-9.321,-8.5474,2.3417,-6.6641,8.3749,-7.9194,-1.6839,5.5575,4.3128
4.2326,-2.11,-6.9034,-4.6403,-1.2925,4.4329,-3.3187,6.2089,-9.9662,-2.3741,6.6437,-1.8629,-5.9926,-3.2926,-1.5827,5.2125,4.5746,-5.4652,-9.81,-3.4202,-3.1638,7.3993,-2.3641,4.5917,2.1231,0.3261,-1.204,-9.1477,-7.9437,-4.1106,1.9478,-0.9572,-2.795,-2.7013,-3.8816,-8.5368,0.6323,8.6791,-6.39,-1.0071,4.1743,-5.6772,-9.9646,-1.9516,-4.92,-9.3662,0.4139,2.3843,0.2035,-4.1261,1.1868,4.5616,2.917,-2.9573,-9.0775,2.3343,5.1334,4.4561,-8.1527,-3.2212,4.0077,-3.9575,-5.9343,6.2766,6.7467,-1.6395,8.3565,8.7543,2.3886,6.8432,5.3677,9.2541,4.7717,-8.4538,-9.4263,-7.9808,4.1275,-1.8416,2.4671,8.3159,8.0658,-1.1556,9.4751,-4.1903,9.758,7.7785,6.938,2.5823,-0.0046,-8.7623,1.5561,-9.0173,-4.1982,-5.9392,1.9598,-2.5986,-3.3873,1.2825,-5.045,0.6325,0.911,-5.6036,-7.3271,-3.6542,0.5145,-0.0519,9.6689,9.3609,-9.0677,3.7775,5.5378,-3.1121,-5.7653,-1.3026,-5.1082,-2.2403,8.1825,-1.8331,3.8582,-4.6013,-2.7897,0.123,4.4243,0.5325,1.7763,-5.2832,-5.7073,8.0124,-5.6192,-4.17,4.2571,-0.1535,-3.7997,-0.0315,2.4968,9.2994,0.697,-9.675,0.7313,-4.3502,1.7197,2.8066,1.8955,-1.1751,-5.286,-7.1908,7.2094,2.8843,5.2884,2.3974,-9.6633,-9.8138,3.0561,-6.5634,9.668,8.9859,-8.3418,3.8917,6.0403,3.9812,-0.2213,1.233,-0.9853,-2.13,-5.0668,6.1387,0.0048,1.8215,-8.334,7.9288,0.4197,-7.4985,5.0401,-8.6159,1.8701,3.5121,7.4278,-1.7124,-0.5093,0.3466,-0.0468,-3.2371,-7.3456,-8.0119,1.1385,5.055,-2.196,-3.7698,-3.9513,4.5882,-1.118,-4.8827,-7.0478,7.9558,-9.7811,1.7479,-3.8607,-8.6024,2.4489,-8.1192
-7.6628,4.6938,7.0053,-3.0607,4.8051,2.7293,9.3917,-9.159,-4.8488,0.8738,7.3017,-0.5769,7.1218,-0.5546,-5.6765,9.3315,-3.373,2.2776,-0.1752,-8.3499,-6.9189,-9.7147,5.6959,-0.6165,-8.9068,-4.8318,3.4648,-9.4331,-5.3841,5.7771,2.1492,-5.995,5.2185,2.7053,9.9485,9.064,-2.5972,-5.3418,-8.2769,-0.6416,-3.7965,-7.4516,-8.6277,-7.4984,7.9375,0.2594,-5.5708,9.1661,3.776,-0.6959,-4.6486,-1.8153,7.486,2.9498,-7.1386,-0.6549,0.6619,5.2062,-0.8342,4.7602,3.1455,-8.1858,9.6345,9.2305,-0.6464,5.038,-6.2896,-5.0258,9.3012,3.0041,9.8665,-6.6051,2.5501,1.8153,-5.3706,0.9959,-2.1113,9.2857,1.8266,-9.0998,1.4996,-2.4484,-3.011,-9.7799,-6.8091,-2.6317,7.8826,8.8773,4.2764,6.5158,-4.424,-4.9784,0.738,0.9079,-0.5327,-5.5161,2.7716,-3.6021,-2.3237,-1.1379,-7.8171,-3.309,1.3527,6.9055,-6.9907,5.8861,3.3264,-6.4974,4.6962,-6.235,6.5018,-5.1133,-6.9266,-0.4425,8.7603,8.6612,-0.6159,4.6452,2.4571,1.3421,3.4646,-3.5061,5.2253,2.9284,-6.6283,-2.9215,2.5322,-3.7549,6.8358,5.1237,-8.0933,1.7316,3.2563,7.237,2.8664,4.7052,7.8907,-4.7214,3.541,7.817,8.2515,-0.7396,-5.4597,6.3051,-5.1506,-2.5721,-7.6949,-0.9199,1.0759,-3.5825,4.5265,1.699,6.8161,3.3722,7.1778,6.862,-5.0153,7.2487,5.9919,-5.9711,-5.4316,-1.98,-1.3367,7.2091,8.0867,0.7603,6.8001,1.7377,3.2379,-6.1117,8.1858,-8.9491,0.3787,-9.9576,2.4073,2.2681,3.0133,7.2668,1.7094,2.669,-4.723,6.9417,8.7733,-0.844,6.2545,-5.1285,-9.7777,-8.6017,-6.089,-0.4252,7.5678,4.3413,-4.2764,-0.9812,-0.9864,4.6805,-3.4847,0.6477,9.3202,-2.5724
4.15,-9.7436,8.3096,7.0067,-8.4107,1.8399,3.6766,9.4366,-9.2033,-6.6009,7.0907,-2.568,-7.0231,8.3851,5.1519,6.5719,8.459,2.8161,8.2267,2.1404,-9.3961,2.2518,7.195,-3.3346,-0.8901,-4.5383,4.088,-5.8529,-6.9804,-8.2152,3.7082,1.7337,1.3505,-4.2136,1.2865,-4.9532,-0.2158,1.8086,4.9225,8.2081,-7.7222,2.264,8.7351,-4.9199,0.9508,3.7875,-9.1567,-7.5217,-1.5762,-4.8397,-3.809,-0.1404,-8.5229,4.9447,4.2209,6.7038,-8.8902,0.0134,4.2188,-5.4251,-8.7904,4.1555,-5.0324,4.0291,-6.7704,-2.2685,8.2192,6.9025,0.0565,0.2225,-9.9051,-8.9848,1.7273,4.8746,-4.8525,9.0946,6.102,-2.5546,8.7474,3.044,6.803,9.6945,0.0815,7.5293,-0.7285,2.6832,-5.8114,-8.8161,4.4119,6.3035,6.5647,-5.4751,-0.8129,-7.6878,-2.7192,9.5259,-5.2309,5.0293,4.1815,-2.0255,6.3181,4.756,4.2769,0.7686,-3.5462,1.2392,-8.2426,-6.8081,7.7955,-8.9763,-0.9153,-8.2754,-4.3608,4.6195,-2.3254,-6.2015,-1.3644,-2.828,-7.0223,-8.5279,-2.18,0.6535,3.1334,-8.4031,-6.531,-5.3494,9.3746,-0.3925,-2.484,-1.7539,-2.8188,8.0194,1.368,4.9741,5.9601,3.4905,-5.2387,-3.8982,2.5547,-9.2448,2.338,-5.4608,9.6916,-7.8997,7.0008,2.6196,-2.3208,-1.9124,2.623,-7.213,7.3988,6.7932,-8.9855,0.9692,0.655,7.9272,8.3211,5.4545,2.5949,-1.087,-9.393,3.5901,9.4135,-4.0488,-4.2902,-9.234,0.5907,9.8296,9.7389,6.3839,5.8839,-5.5026,0.9748,-0.6851,-2.6006,9.5646,-3.1373,-1.4037,9.5798,6.4568,5.0054,0.8853,-4.4215,4.5542,2.2194,-3.5028,9.0184,4.3317,8.5674,7.987,-0.0179,-0.3381,-1.9975,-5.8315,-9.898,-2.8521,-0.3539,1.2009,7.3585,8.9672
4.1039,-1.4454,1.0927,0.2329,2.132,4.9149,0.9391,1.7679,-7.3855,-6.3102,5.3269,8.7719,-5.061,-3.293,1.5431,-1.5564,-7.9932,5.4612,2.8645,3.1048,-2.1729,2.3163,-8.7643,8.9916,6.4574,4.1473,9.7154,5.2149,7.5487,8.1077,2.5842,5.2801,-8.4322,6.6014,2.8161,-3.5085,4.081,-2.9808,5.3699,-4.9389,6.6884,-2.4626,6.8121,9.737,2.7487,1.5145,5.177,-8.7889,-7.2911,-8.3247,-4.7116,1.1154,-7.7345,-3.5188,8.7904,-1.45,-3.8168,-7.2511,-6.0163,-0.1605,-3.8752,3.9989,6.0128,-5.2408,5.1827,6.6015,3.488,-6.1862,0.1513,6.8546,-7.1536,-4.2655,-2.5746,-3.8072,-0.2692,-1.3142,7.9144,4.8817,-4.2192,7.1536,3.4463,4.2689,-0.1891,0.7658,8.0865,-9.8643,-7.9576,4.6058,-0.2539,7.4838,4.647,-1.4472,-5.6349,-0.9274,7.8899,0.6922,8.321,-3.9919,8.6983,7.787,8.2519,-8.5441,2.9366,-0.0839,7.3035,9.2279,8.558,-3.4242,-7.4245,-5.689,2.2812,0.7718,-2.3473,-1.0464,-8.2945,4.1721,1.1334,3.2306,5.3286,8.2754,-8.524,7.2575,-2.4727,-9.9219,-6.0979,-5.0484,6.6465,-4.8365,3.5523,1.7622,0.6024,0.4944,-0.7651,6.1651,-7.2129,-5.0095,6.1829,3.2169,7.3335,-5.7804,6.1791,-6.1421,9.6391,-2.2661,5.9084,-8.3105,-7.5555,2.0156,-9.3252,-1.6491,-9.1516,-1.0344,2.3265,6.9315,-1.6985,-5.1622,-9.6935,7.1214,7.2381,4.6451,-2.6028,-5.8528,-4.5135,-5.7573,-8.6529,5.8336,-6.8286,-1.6344,0.2729,-6.5914,-3.3653,7.37,5.4607,-2.1841,-1.8368,-9.2904,6.66,-2.7598,9.3845,9.6574,8.7516,-2.0614,5.059,-4.6855,-3.4616,0.4226,4.58,-0.9971,-7.7476,3.6599,-9.2574,5.8298,7.6116,2.1059,1.511,2.3387,-2.6159,2.2711,1.6366,2.3007
-9.5077,-3.0834,-5.1811,5.2175,-8.9731,-6.2964,6.4945,2.3189,1.6647,-3.6048,3.3438,-6.0478,-5.0187,3.9131,-2.1108,-7.7763,0.5023,-4.9339,-3.3619,-0.7185,-3.3032,-6.941,4.1801,4.0477,2.5249,-2.961,-2.5308,-6.4352,-6.0956,5.5817,-2.0358,7.624,2.2503,1.0669,-1.2759,-2.3367,-2.4042,5.5141,-1.9455,-6.2167,5.3774,-5.2344,-3.048,8.7709,-7.1158,3.9695,-5.3951,-7.6956,6.6692,5.9796,1.581,-7.1784,1.3042,-0.2675,-1.6403,-9.4274,6.0065,6.2611,0.2552,7.5155,-9.8126,8.5317,-9.0959,5.8613,9.0296,0.5048,9.1789,3.1804,-8.8554,5.0323,-0.3942,-8.1362,-1.3565,2.213,-0.4011,-8.3155,3.6302,-7.7266,-0.5506,7.0798,0.2199,-6.6383,-3.3737,-5.0891,-4.9375,2.6176,0.0876,8.7539,-8.4637,1.8712,-2.1086,-9.751,6.8822,4.8598,-6.07,0.2225,3.9425,3.6455,-6.0653,-6.2304,-4.2328,-0.7525,1.4601,3.169,-4.2553,-3.2979,-2.1376,-3.6831,-5.8949,-3.3625,-5.0515,6.3254,2.1909,5.9394,0.9765,-2.3426,-9.2663,1.1078,-8.6741,-5.4211,1.8995,-1.2396,3.1582,6.7573,4.5746,-4.6645,3.0197,-0.4941,6.1324,7.9339,-5.5807,7.188,-0.6343,-1.9347,-5.1237,9.7036,-0.9014,-8.9707,-7.4794,-0.68,1.7801,1.0201,1.8595,-6.2837,6.2106,-5.4967,-4.5953,-5.5051,5.6546,-6.0635,-9.2472,-4.4539,0.0673,-8.5172,-4.0606,-7.0899,-2.1842,4.1451,-0.7379,-3.8715,-9.158,6.0383,4.1728,8.6803,-0.1973,2.832,3.097,0.2142,4.5668,-2.1711,-6.4774,-0.2137,1.5455,3.047,1.551,-0.0195,3.8004,5.3553,-3.9569,8.5142,0.738,-5.4759,3.8789,4.4765,-0.5568,-1.7008,5.1594,-9.6777,6.8021,-4.8957,8.7612,9.2895,-2.0499,-9.8671,8.9575,-0.8236,-1.2678,9.6826,-3.4717,-2.2476
4.7536,0.7216,-9.5531,-8.555,-7.3443,-6.2429,-8.9223,-8.3954,-0.6541,2.4506,-2.0282,1.9916,5.7056,-3.2344,0.8479,-6.5454,9.1279,-6.1306,-3.7774,8.1528,5.0396,9.3011,3.9221,-5.5881,1.6155,4.2296,-7.5909,1.1574,5.688,-0.5413,-8.6239,-7.5164,9.5384,6.8165,-3.1223,1.4118,9.6474,9.0518,6.234,1.0012,0.411,-6.5625,-2.4563,-6.4075,2.4537,8.673,7.7756,-0.0698,5.2479,6.5022,-1.5382,4.0042,5.6198,9.8578,2.5847,9.0096,-9.2931,-8.1685,-4.8287,5.2565,7.143,2.2904,-0.2187,8.4378,-1.6666,-1.4782,4.0834,-8.5193,1.0524,-4.2228,-3.5929,2.1023,-1.0338,6.8212,5.1754,-6.7955,8.3585,1.5354,0.4879,0.5151,1.5962,-3.1406,-5.7096,-6.9178,-5.8526,8.8267,-5.2263,0.4098,-2.4323,-3.5955,4.2531,-9.2555,-2.975,4.4751,1.417,9.6104,-7.6924,-7.3332,-4.5505,4.1014,0.3658,8.5366,9.2087,-9.1064,8.6767,2.2226,-0.8415,8.2319,-1.6804,-9.2808,-7.3222,2.1219,0.6996,3.5368,-0.0486,4.2665,3.1672,5.352,1.561,2.8014,-7.9706,-7.4163,-1.1284,-0.3776,-6.9489,4.336,-5.0601,4.5762,2.0935,8.3237,-9.5802,-1.9328,9.5473,8.8839,2.5059,0.2368,-9.4586,3.5268,6.2292,5.1318,9.9343,5.9015,-6.9138,-4.3802,2.6073,-9.4013,-3.62,-9.386,6.0666,-8.1161,1.1607,9.7737,6.9149,-0.3227,-6.5625,-3.4954,-3.0539,-2.1145,-2.1547,0.5152,-5.3181,5.2952,0.8072,2.5863,7.2636,8.3996,-0.7483,-6.9724,-8.5901,0.7836,3.8448,9.4961,1.7721,1.4478,-9.1307,-4.4441,-5.1668,6.5122,7.1931,-4.4334,-3.2332,-0.5985,-8.2276,-6.0305,3.6942,-4.2755,8.0766,8.1654,-0.7912,7.0784,-5.0344,7.2489,5.6553,-9.0182,-6.1198,-5.641,1.3615,3.5628,2.4578,-6.8497
-1.6555,-7.0298,5.4858,9.754,-2.6958,7.1357,2.1009,2.9331,-0.4589,-6.8648,-5.9428,0.3892,-8.0169,-0.98,8.8183,-1.8595,7.0695,-5.3262,7.2647,1.7534,-7.5457,4.2974,6.3427,7.4178,-2.5362,-2.1372,-2.8982,8.6876,2.2009,-8.062,-4.8736,4.7908,-6.2811,-4.868,-4.885,-8.2231,-5.606,-7.7193,-2.5068,3.6746,2.9383,0.7035,-6.6894,1.8209,-7.9318,3.3209,8.6451,-9.2305,-7.9942,9.781,3.0497,8.6667,-7.8703,-3.7665,2.6112,-4.699,-8.6806,1.8198,-0.9976,2.4657,-1.5966,-8.7117,-1.3137,-6.9718,6.2635,4.8353,5.8401,-6.2657,-5.4982,1.1676,-9.4017,9.5479,-9.7771,8.2187,5.3728,-2.127,7.3964,-7.4185,7.6842,-3.6313,-5.8463,-6.5236,3.8026,-5.7437,-0.3139,2.2474,4.1951,-4.5223,-1.9997,7.7909,-8.917,8.4714,-0.7587,-1.088,-8.5979,-8.6786,4.7927,9.72,-9.6161,-4.8477,2.2174,8.1476,0.4662,1.6557,5.2405,2.3015,-7.1687,-7.4647,8.813,-0.1891,6.9701,7.4565,-2.0727,-1.0595,-1.8832,6.5277,-4.0528,-9.822,0.2037,5.4604,-6.0746,-8.195,-2.0781,7.2443,-9.5776,4.3451,9.5972,-2.2851,1.4072,5.6618,-9.595,8.3566,-5.9393,-7.4454,-2.3617,-2.1717,3.48,1.9028,-6.5761,7.8161,-2.496,2.344,4.1827,0.9695,3.2685,-0.2077,4.5119,2.1327,0.1883,6.9005,-3.4115,1.9861,-1.0521,-6.6636,1.7331,8.0386,-2.2972,-5.588,-2.7204,2.4195,-9.9666,-7.3649,7.578,-8.3264,-7.1377,4.3538,-8.8851,-6.1051,1.0575,7.1171,2.3528,5.3763,1.7768,3.0105,-9.6047,-6.454,-1.9986,8.8635,-1.1434,-4.1894,-1.6043,1.7521,-7.7136,1.4916,-3.4222,-4.4497,-7.8944,6.118,-7.5493,6.7473,-3.289,-9.0086,0.866,-1.3809,-9.7847,-4.1807,-5.2095,-3.2681,9.4251,3.9853
-0.5483,-6.4189,-4.979,3.692,5.3258,-4.4319,8.5225,0.9999,-8.8014,-0.2134,8.9022,-5.6049,-3.4347,-6.0707,-6.8218,0.8082,3.1156,9.4847,-5.6772,-7.7427,6.9916,7.167,-1.8926,-8.4449,-2.7563,-7.5375,9.8103,3.1013,6.1824,-5.3214,4.2994,-5.0206,-7.1186,-9.833,4.0203,8.4718,-4.6484,6.225,-7.7701,-7.2957,-8.7861,7.7692,-2.5562,-6.7613,-2.5151,8.9606,2.7365,-9.7231,-9.5203,-1.791,4.4379,-5.0985,-8.8801,7.5419,-7.4231,7.3188,0.6142,6.7702,-7.0228,3.6723,-0.6971,7.4876,6.3397,-2.3623,4.9737,5.9292,5.9456,7.0269,2.3326,5.0228,6.459,-2.9045,-4.2439,5.9997,1.6359,2.8693,3.9436,-8.6652,1.4326,2.1406,-8.1371,8.668,9.1624,1.8397,0.8538,-8.0348,-6.9286,3.253,5.4098,4.3672,9.4634,-7.4679,7.5645,-3.386,-4.9931,5.9789,2.9824,3.6368,-9.0945,-6.9388,-2.3205,-6.5774,7.0185,-6.9436,-8.4497,5.1325,-5.9291,5.1008,-4.3412,-5.7319,3.0788,4.617,-4.2068,-5.8176,5.7956,6.4886,2.6987,-4.4371,5.8933,8.0074,-1.6244,5.3258,0.495,-0.1903,2.281,-3.613,6.9723,-6.7829,-2.8397,-5.4604,-7.544,-1.5633,-1.5823,-0.6533,-7.7305,-3.949,-3.5547,-6.7909,4.9054,8.2921,-1.3142,3.07,-5.107,-7.0272,6.7278,-3.7289,-1.9131,3.0964,-6.5722,1.49,5.1914,-5.4132,-4.8586,3.5092,3.0118,-0.6944,6.8413,-6.4529,1.7167,4.8408,1.4125,-3.9529,9.0086,-3.2719,2.1177,1.6138,9.0908,6.3575,7.4894,0.9145,-3.7902,-4.1143,1.1821,-1.9371,-0.0865,6.1497,-6.7591,-6.5588,-9.4133,6.657,5.1953,6.2986,9.0552,0.0838,-1.9039,-4.6844,-2.2285,1.3161,6.8275,1.6838,-5.2679,-0.5838,-9.184,1.2803,0.0782,-0.6869,9.1753,8.5515,-0.1012,-3.048
7.6577,-1.236,7.8811,-0.7197,7.7154,2.961,-4.6635,3.8357,4.5911,1.8519,-1.4527,-4.6194,0.0297,-3.5289,8.5917,-6.6882,-5.7431,0.2105,1.4027,-6.2551,-0.7735,1.1776,-3.6173,0.9682,-6.3602,8.3536,1.8479,-0.5815,-6.0861,8.918,-1.9932,5.8925,-9.1613,7.1017,-8.2737,2.5714,1.9452,-1.5581,-1.2079,7.8284,-7.2291,3.1266,-7.9953,-6.6722,-2.8425,0.1774,-9.017,-6.6329,-9.1991,8.0674,-9.8315,-8.8125,9.0353,2.3722,-3.4206,-5.5177,-3.7582,6.5434,8.5533,4.4675,-1.4344,-8.4582,9.1217,8.2226,2.4113,3.2868,-1.0929,7.2982,6.3605,4.8519,-0.435,-7.7507,-4.7785,-9.6508,-5.1919,-4.4722,-5.0453,2.699,-3.7872,1.6039,0.3729,-5.0344,9.5034,6.4834,3.9106,8.5342,-2.51,-6.4175,-7.8769,4.2737,7.467,7.0808,-5.6041,1.1203,-4.6455,-1.0981,-2.2258,-2.0382,-5.9025,0.0989,-5.094,5.1818,1.1245,-9.3128,-7.3635,0.5187,-4.37,-4.7513,-3.015,3.6059,-0.5786,3.0778,3.194,6.0026,1.1938,6.163,8.2923,-6.2592,1.9767,-7.4933,9.8289,3.4202,4.2096,4.6545,-1.4972,-3.4897,-1.7321,1.3165,0.029,-6.4805,6.7226,5.7874,-5.7144,6.7405,-0.5984,3.5566,3.4688,-9.6919,-1.5984,6.1298,-9.6836,-4.8563,-6.0162,-1.3218,7.0109,7.4305,8.2026,0.4742,-8.1592,-6.4684,-3.0855,9.9787,1.7474,-1.1582,0.1687,8.6197,-3.5747,-7.0108,-4.9104,5.5316,3.2826,0.6669,-0.9242,-3.567,-7.6298,-1.7398,-6.5012,-0.1571,-8.1421,3.6351,-8.5519,-1.4542,4.173,-4.3821,-2.7306,9.5439,7.5531,9.9406,3.7197,-3.6697,-3.3756,-8.1201,-7.6045,6.866,2.7305,2.6744,-0.8999,-8.9354,-5.3247,2.8015,5.0319,8.2764,8.9564,-9.1531,-2.3871,-7.6781,0.0216,-7.4074,4.4313,-2.8447
