-5.5805,3.2149,3.4494,-3.2361,6.3797,-3.622,-7.4038,-9.734,-1.2611,-8.4954,2.1222,-4.694,9.7924,9.4268,3.2616,-0.6804,-6.6944,4.2317,-3.5204,-6.0438,9.7543,1.7188,-3.1342,3.1492,7.3259,9.2602,-3.8716,-7.8548,-0.4798,-9.107,-8.6752,7.8647,3.4552,2.9313,-0.4797,3.2367,-2.8305,-4.2325,8.4557,-3.1524,3.1714,-7.4622,4.7701,-0.3345,-7.695,-6.6935,7.1659,9.4869,-0.466,-7.2063,-5.9168,-6.2008,-1.6878,-3.9438,-3.3414,-2.6975,-3.1394,6.6454,8.0207,-7.8107,2.2872,8.2506,-8.8786,3.0756,-3.5542,-9.8534,5.6019,5.0431,7.5696,-2.8686,3.5653,-3.9752,-5.4349,-5.9046,-0.3123,-0.43,-2.3143,7.8688,3.5628,-2.7987,-5.4627,-8.4624,2.6035,5.7934,-9.1595,-3.5704,2.6383,-6.9032,-5.9866,-7.584,7.8444,-8.6998,2.28,-9.5397,4.4633,2.8083,-3.7856,0.4474,-8.6921,7.9863,5.1615,-0.3844,3.5283,3.8463,-4.79,-0.7442,-3.2628,-5.5143,-0.2122,7.0879,7.475,6.0674,-8.5776,-7.332,9.962,1.2889,-6.8372,2.0221,-9.0295,0.7951,-6.1841,-7.3394,5.0055,0.1208,6.2701,-2.5262,-6.3655,4.3275,5.0992,8.4312,-5.5712,-1.3404,-6.4663,-9.8675,-4.2026,9.4661,3.4259,-5.9498,-5.665,-0.5347,3.0015,-8.9856,-4.9745,1.6059,0.5629,-1.9528,-3.5053,-7.3392,4.2645,-0.948,-9.6348,-0.2979,-5.7935,-3.4004,-7.1474,-8.8463,-4.1532,-9.908,9.9016,9.0842,-5.8502,-7.0508,5.5913,-8.0944,3.5298,-3.4627,-7.0919,0.0219,0.3572,-0.7732,7.5557,3.5861,2.5875,0.2754,-8.3941,-1.466,-7.6955,7.4502,6.5147,5.0802,7.1864,5.6556,2.1757,-9.4947,-1.8969,4.1073,-4.5853,-1.0032,6.4752,2.0135,-4.8585,5.6206,8.1127,7.4318,-9.0676,3.9976,-1.3655,2.52,-1.6075,6.0061
6.8958,-0.2361,0.9848,6.9156,-1.8162,-7.0048,-8.7363,-6.5515,1.1236,-3.7606,-0.1115,-8.2029,5.7443,1.2226,9.6827,-4.5894,0.9979,6.8141,0.4894,8.6256,4.5945,-6.4872,-8.6137,2.513,9.0437,7.5283,-2.3064,0.9778,5.8265,-4.6648,-9.1872,-9.3334,-9.6416,9.0678,1.0842,-6.6063,3.5889,8.0452,-3.2105,-3.0893,8.3953,-3.8387,-7.3598,6.131,5.4986,1.7702,2.1553,5.3369,-2.7478,4.748,-1.8656,-8.6897,2.937,2.8283,7.7848,8.2082,-5.5291,9.775,-4.8819,-3.5874,2.9729,-0.2817,8.1783,-0.4408,2.8385,-8.5384,1.0006,-5.2582,-5.2189,8.2016,2.6024,-2.8094,-2.5898,-7.4122,-5.8512,-7.2159,-9.4819,8.9884,4.6032,-5.5541,-4.3041,-3.6032,-2.7724,-5.6098,3.0833,-5.2314,7.3034,4.6389,-9.2467,-3.6215,-3.3404,6.636,-5.7667,-8.9037,4.7579,4.8696,7.505,-6.251,-9.2059,-9.3301,-3.9002,7.9851,4.5858,-5.7739,-7.639,1.5618,-3.5708,-0.7655,-3.4077,1.4167,1.3129,3.46,9.7922,-1.6467,8.0888,0.6244,-1.2537,-4.6019,7.0618,3.9917,-2.0813,5.2228,2.6445,0.8983,-0.1111,-5.2208,7.9159,9.3175,-8.986,6.4199,-4.9961,9.0607,0.7368,-6.3342,1.9895,-8.0822,3.2927,-9.7937,7.7923,5.507,5.7544,-9.787,-9.076,-4.2573,-1.6632,-1.1737,2.001,9.1998,6.7338,9.1435,-5.1209,-5.2256,-5.5473,-1.3933,6.4775,7.1236,-4.7418,-4.7867,9.3773,0.1168,-9.8458,-8.6232,7.6525,9.677,6.9063,-3.4004,-5.0131,6.3927,-7.7574,-8.8701,-5.7532,-5.6898,-8.6001,-6.6773,9.6623,-5.6963,6.4118,5.0098,0.8839,-1.8108,-3.5316,0.1683,-0.3752,-1.8883,-0.3407,5.2318,6.3568,3.6439,-2.2791,9.3844,7.5956,6.4646,2.9245,0.9339,0.2069,-2.7312,-4.9387,-4.7047,-2.92,-1.5087
-6.093,-6.3618,4.9362,-1.241,-3.9979,4.8457,2.3276,-5.2704,7.4735,4.3686,-0.6239,2.1988,-4.1701,-8.4448,-3.7114,-2.2216,6.1867,1.0744,-9.1309,1.6957,-3.7783,6.1439,0.3977,7.1337,6.1751,5.4168,-2.6515,-7.054,-0.4039,0.4172,-9.1725,-3.653,-0.7655,2.9559,-8.3678,-8.8302,2.2889,-2.4221,-5.1285,-6.4927,-2.9609,5.6083,0.2956,-0.7855,-7.0138,-5.6005,-2.3426,-2.0932,2.9833,-6.596,1.5998,9.4948,-0.2385,2.2727,-0.45,-1.1772,9.7624,-7.1976,-1.5869,4.2626,-5.6517,5.6584,-6.0343,6.6142,-0.4308,3.9984,0.4872,-4.7317,2.0425,-1.7003,-5.6348,-7.3777,-3.2631,-4.0754,5.9429,4.3678,9.6323,0.4142,-9.1057,-7.1977,-3.1173,2.4235,4.8572,-9.906,-4.2383,2.6172,7.5699,-7.975,-4.3006,-6.9431,-6.5226,1.615,9.74,5.3112,-2.4599,-2.4458,7.467,-6.1898,3.6427,4.7938,-9.2895,-7.2863,1.2739,8.6883,-2.0305,-1.6331,8.3031,-9.6352,-9.817,-2.5715,9.0858,7.3713,3.6141,4.9819,-1.3789,-0.9161,-6.6593,-8.4791,-9.7581,6.1638,-3.7943,0.691,4.1668,6.0087,-8.7676,6.3744,8.6866,-8.8606,-4.9901,1.8278,-5.3089,-4.4414,-5.5192,3.9104,-3.7208,-1.4262,-4.9043,1.6843,6.009,-1.3944,9.917,-1.8089,-4.2851,-5.1306,0.3349,-4.5133,7.9207,7.798,-0.1008,-2.8721,2.5425,-3.691,4.843,9.7858,8.0402,-9.8096,5.1079,-5.9278,-8.9788,8.1995,4.7686,8.7204,9.1775,-0.9895,9.2816,6.3506,-4.302,1.3113,9.1583,6.1309,5.772,-3.2742,9.8033,1.5524,2.3321,-5.0184,8.182,-0.4672,1.865,-2.4892,2.6304,5.1951,-0.2587,-4.2774,-9.825,-8.2676,-1.9789,-0.6159,9.9276,6.8938,-0.2783,1.9139,3.7358,-2.7246,-2.6251,2.1116,3.4824,3.8939,6.8625,-9.6574
-0.7357,-1.6871,7.1724,-4.9745,-0.8077,5.6562,-2.5261,-4.8368,-3.9507,-1.5842,-2.6472,2.1746,-6.1059,-1.2177,3.231,0.0534,-6.4528,-1.2454,8.7172,1.995,-9.0514,-5.8986,5.676,-6.9865,-9.6496,5.4952,4.7329,9.3175,-1.7294,-8.7369,9.2064,5.6354,-7.0416,0.3307,4.1665,6.7583,-3.9029,-3.4359,-4.2199,2.4821,-2.0728,-1.3765,-7.2035,-7.6265,-8.274,4.3397,-6.9038,-5.793,-0.2858,9.7282,7.8602,8.9079,-9.2435,8.1493,-1.3317,-4.3709,0.3364,7.7636,-5.653,3.6252,7.1097,-9.9337,4.2919,-6.6919,-2.3997,-9.6132,-4.7452,-1.9616,-6.3864,-9.5672,6.3506,-0.6817,4.0486,-4.4258,9.0824,-4.7109,4.9384,9.6002,-9.2252,-4.8918,-6.4665,-1.1359,-7.3811,3.4328,9.2002,5.9049,5.8205,2.4413,-1.8123,0.1563,0.9237,-1.1941,-2.4017,-5.6537,6.3221,-6.1422,-4.6612,8.5997,8.2303,-0.8845,-3.3926,9.906,5.012,3.5534,1.1412,-3.4016,9.6521,5.5512,-7.5554,-3.0958,9.9289,-8.3667,3.2987,-8.0436,9.3773,-0.0924,0.2577,1.4688,-3.8166,5.7818,-3.0621,-6.0212,9.8522,-4.8004,7.9481,-8.7635,-0.3984,6.0435,6.7302,5.9845,3.9611,2.0037,-0.8947,-2.5681,-4.3561,-3.3406,2.6941,2.7626,0.9076,-1.7196,3.5843,3.9363,-8.2884,6.7787,-0.7303,-2.9265,-5.3859,-0.3577,-5.8451,-3.0683,5.2256,-2.2306,0.0625,5.9709,5.4364,-9.9416,-7.1665,-1.5903,-9.6521,-5.8506,1.4641,0.1686,-0.2789,-2.4282,-9.2416,-3.741,0.5726,-8.7006,0.4764,-6.9241,8.2062,2.9081,-8.505,-4.2972,5.8396,-2.7531,-5.0326,-9.4647,8.8506,-0.6307,-0.1243,-1.3157,9.1005,9.3343,2.5232,9.4876,5.4119,-6.1105,6.7604,2.2025,-1.9953,-7.5015,4.5031,-9.5678,8.5965,-4.0738,0.9738,-1.3568,-6.4395,3.3761
7.4836,2.9987,7.595,5.1295,-6.8967,1.5904,3.5247,-8.255,8.0512,-7.7663,2.7998,-7.7827,4.4197,-0.8293,6.7622,8.5958,7.3789,9.9446,-5.8602,-6.9941,5.8841,6.2933,9.1009,-8.5037,5.3171,-8.0032,7.3893,2.2219,-6.1208,-8.3636,7.0592,-7.7661,-0.9502,-8.8296,-0.9979,-8.379,-5.6201,7.605,2.6577,0.8823,2.1055,-2.8525,8.6141,5.4916,-7.2275,-5.1769,1.0915,-6.8272,-1.6448,-9.0954,9.3349,9.2462,-3.0466,5.0923,-7.9799,-6.4294,-3.6927,4.7181,2.6675,-9.116,-0.6904,6.2428,-6.6525,7.5506,5.9916,-3.1209,-8.6859,-0.5069,7.5738,0.0406,-0.1455,3.304,2.6723,-2.042,6.878,-5.1138,8.6795,-6.7909,-3.3043,-2.1646,0.966,7.5134,5.6256,-1.9479,-5.5398,-7.0922,-1.4106,-2.7291,2.5168,7.5529,6.3728,4.1487,-7.5426,2.0453,-3.386,-0.8719,4.633,-5.7528,-2.6532,-9.079,-0.6736,-9.2238,-0.7098,-2.696,9.663,2.4929,-1.3154,6.4837,8.1423,-4.4525,6.1147,-0.3563,8.687,2.9654,-3.2096,5.8186,1.3515,2.2371,4.5287,-8.4775,4.6098,-0.4594,-9.0049,7.239,7.5364,0.698,6.9766,5.4174,-1.1652,3.297,-6.3248,-2.5606,-9.4533,-9.1475,2.527,-7.5439,7.9286,-5.1652,-1.9787,9.8944,2.6622,-5.7853,-3.9343,-7.9869,-6.0108,3.4069,-5.8814,2.9108,8.0638,-1.4121,5.0855,-2.3083,3.4554,-5.1914,1.6073,-6.6257,8.528,5.9595,8.5277,-5.6015,8.9639,2.3849,0.0069,-2.8807,7.5546,0.3944,-7.3611,6.8079,0.1463,-5.9431,5.1839,-8.0589,-3.1408,4.9593,2.3888,5.4,9.4747,-7.5921,9.9625,-9.7035,9.426,-8.8328,-6.8961,0.1875,-2.0153,2.9631,6.0423,-0.4364,5.8977,-7.3399,0.7294,-8.2997,-6.065,-7.5234,-6.9169,8.076,-2.1061,-8.8002,-7.1057,-4.6344
0.9168,-7.8727,7.0284,-3.503,-1.5022,6.0771,8.1008,-5.7799,-9.011,3.3044,-4.392,7.9196,1.1761,-1.4512,-9.7354,-9.6231,-3.4063,-4.5748,-0.4043,-0.7369,-8.7529,3.0526,9.2359,-7.8292,-1.8671,-7.8002,-5.9969,8.5584,-5.5733,-7.2206,-4.817,6.0866,2.8854,-9.9068,6.4443,-0.7765,1.7995,-5.1525,-2.3135,5.8356,-8.9571,-5.1202,-3.6272,-9.7353,-0.0846,0.1743,9.4146,-9.4037,-7.696,-2.2985,-6.2341,3.5657,-3.6272,-5.7977,-6.0729,8.074,5.0783,8.0516,-4.1313,1.4129,8.121,2.2129,-6.5042,1.377,-6.2585,1.3904,-4.1521,-9.1269,0.7433,-8.4534,4.2728,-0.7407,8.8157,5.4912,-7.0254,-0.3898,2.7099,-4.5584,-8.5209,7.2239,0.8642,4.3334,5.7342,-9.2192,-4.1103,4.3778,-4.2512,2.9275,5.8968,-0.994,-8.3462,-7.1357,-6.4093,-6.219,7.5714,-5.2115,0.4215,1.6773,-8.14,-3.7178,8.0065,9.2255,-3.6192,6.8181,6.6624,-1.38,-9.9119,-2.2259,2.3452,3.0896,6.1636,3.6886,0.9951,-3.7124,7.2452,8.3751,3.447,9.5197,0.9048,-3.2617,2.4174,6.8646,-1.8689,-4.592,0.7613,2.5248,9.4813,-2.0226,-6.8574,-1.9578,-0.7008,6.6188,-0.0464,4.56,-8.8856,4.1759,-2.6242,7.0409,-6.1471,-0.1252,-2.1389,-1.4766,-2.1353,-6.2511,-7.0633,3.2924,-6.9931,1.8024,-1.3812,2.575,-4.4858,9.5525,5.0246,-5.0046,-5.7727,-2.6878,-6.3827,-4.1761,-5.3281,8.6837,-0.7364,-2.9571,-3.2141,9.3203,-1.6845,-4.7824,-7.6214,-6.7172,-4.7792,-0.7769,2.9114,-0.8447,-1.6017,-2.041,-6.4271,1.2835,-0.6442,6.0326,7.9162,5.1104,5.729,0.5932,7.4334,0.5894,-1.0305,8.9865,5.9632,-1.5566,-9.6821,-3.9699,2.3872,5.1798,7.6306,-3.1807,-7.3705,-6.6539,-0.8365,-7.4044,-0.0845,5.221
4.3613,5.1494,1.5575,5.0293,8.447,3.9685,4.8222,1.9837,-2.9797,5.2094,2.6908,4.4887,1.2718,7.6361,5.3566,-6.1451,0.9146,-1.1611,-9.6168,-8.79,1.6107,-0.2419,4.7093,-4.2569,-9.3862,-9.4689,-1.7973,-0.6977,-1.2619,-9.4116,-0.8,1.9185,-8.4076,2.544,-5.1673,-5.2385,1.3895,3.7757,-4.5917,-8.4061,1.1101,-6.668,-1.863,9.5588,1.4194,-1.1098,-1.6319,-4.6269,-1.1852,7.8345,-5.6598,5.3886,-3.9712,3.92,-7.006,4.6542,-0.5747,-4.6157,0.5923,1.1478,2.0849,4.5459,5.7091,-5.5173,-6.1617,-9.0216,-8.2128,-2.0755,-9.0319,-2.0868,8.7126,0.4021,8.3463,-7.8563,0.0753,3.8501,7.6191,7.5496,-0.8994,-1.0456,9.3358,1.5427,-6.6934,-0.508,-6.3417,-5.4648,1.2488,7.9698,-7.3119,-1.1689,-0.2881,-8.7895,-8.4061,7.5233,1.7509,8.9854,5.0786,-8.7838,-6.8672,4.0448,-4.6616,3.8353,4.397,8.6433,-4.4766,0.7133,-8.7432,6.4186,9.3053,4.876,7.4199,3.6966,-4.3636,8.1818,-9.4724,-0.3026,-0.1048,7.2849,-8.6076,-4.4823,4.797,3.6642,-0.7879,9.5172,-6.8185,1.8095,0.3392,-4.1477,-4.2083,2.062,-8.0417,-3.7906,-8.7458,7.8905,2.5133,7.5519,2.4689,9.762,-5.2209,7.7466,6.2782,6.6417,-8.7723,3.2414,-0.6125,4.9236,9.3008,6.6182,1.126,9.5039,-5.6574,-6.4775,2.4948,7.8077,3.993,7.1688,-2.9938,-9.1242,8.8842,7.7179,6.0488,-9.2828,4.7513,-1.3698,9.9327,-5.2303,-2.142,-6.0711,1.6823,4.1851,4.8965,4.0059,5.4957,5.5857,4.3905,9.0377,7.091,5.9792,2.9972,2.4688,5.5047,-1.3948,-5.0172,-6.6477,8.4418,-8.7827,7.6988,-7.3558,-2.2959,-3.0326,-8.6692,-5.7515,1.9068,-7.319,2.1275,3.1841,9.4782,6.9315,-3.845,-7.3638
9.1818,6.8253,-3.6546,-2.9489,-3.2036,-3.3299,-7.861,9.506,1.6442,4.8439,0.7348,9.6767,5.9749,-3.4203,-3.0012,9.5789,-8.34,1.1482,-3.3751,6.2904,-1.6958,-8.129,-2.9459,-1.2811,9.5178,7.5,9.354,7.4407,-2.1836,-0.1169,-8.2199,-7.9677,-7.3025,-8.2945,-5.8347,9.1383,-1.6987,0.0553,-3.2952,-3.4749,-0.3629,-1.5667,0.7972,6.2923,4.4008,9.0197,-3.366,-0.5757,0.556,-9.8282,-4.3716,-7.8919,-5.9831,3.9289,0.7435,-1.1083,0.5596,3.2824,-7.3274,-6.5776,-2.9725,3.3017,-8.5608,-6.4886,3.2631,9.5796,9.3004,9.0813,-3.4043,7.799,-3.9625,8.0031,9.0933,-4.0694,7.9934,9.1882,0.4201,-0.2851,0.2283,1.9761,-4.4856,-4.0465,6.1384,-2.5927,-6.4184,-1.7976,2.356,-3.4103,6.6946,-7.0183,4.6466,8.2327,-9.285,-8.5857,3.7232,2.6574,1.3851,-5.1462,3.2154,4.0205,-7.0733,6.0587,-7.2284,-2.349,-5.8934,-8.8456,3.6099,6.0224,-5.1492,-7.201,4.5671,-7.1117,7.8352,-9.1518,-2.2205,-6.7611,-8.1189,-7.6139,-2.1994,-5.8904,-5.3868,1.4009,2.408,2.8482,-3.6816,-1.355,-1.3122,6.8168,-6.405,2.085,-6.4209,4.3464,-8.5491,8.538,-0.667,-5.7314,-0.63,2.0274,-4.9599,5.6855,-0.5104,3.2038,-9.5644,6.4489,8.7338,-7.0227,-2.8628,4.5371,-5.5078,-4.4112,7.9607,9.9642,6.4048,-4.6157,-6.1572,1.137,-6.0944,-9.68,8.8404,1.5594,9.1532,8.7864,3.1047,0.5227,-5.9611,6.4123,-8.8487,8.631,9.2148,-4.1269,-4.7693,4.1319,-2.9524,-5.0717,-0.73,-2.5012,-0.9732,-4.4073,6.6502,5.2672,-8.6837,-8.7283,-5.7376,-7.9034,3.0389,-3.2258,-7.2536,1.8599,5.2789,5.5836,-5.4523,-7.2394,-7.9993,-3.6863,-1.3585,-7.598,-2.089,8.8541,6.2393,9.7905
5.95,-5.8131,-0.041,-0.4496,-9.2184,0.1292,7.6859,-0.9626,-6.1489,7.8669,-9.5965,-2.3749,-6.8445,-8.5897,2.9749,7.3987,-2.6907,-2.7201,8.0468,-2.5037,-6.7451,-6.6951,4.4542,3.4069,-4.7817,-2.1622,0.6947,-9.1662,3.2842,6.3677,8.812,9.0804,-0.0966,5.6115,0.8294,3.9385,-7.1254,-1.521,-1.5843,-1.252,-2.4941,0.6544,7.1194,-7.6057,-7.1986,-6.3443,1.3704,-9.2529,0.8509,0.2055,-6.7273,-2.623,7.3643,2.5166,2.2634,-2.063,3.8459,8.812,-8.6672,-6.0422,0.692,-7.223,8.4681,-8.3447,4.0832,-9.0402,-3.2476,1.3352,8.1707,-9.405,3.4339,-9.1038,3.5322,0.2616,2.618,-0.6044,-8.3657,-3.4546,5.0776,7.2632,8.9449,0.2494,7.2275,-7.9188,-4.5711,8.7715,1.7149,-0.4841,1.5508,-6.3682,4.6749,-5.2515,-3.5148,-8.0811,1.88,-9.021,1.2344,-1.254,-4.2513,-2.8861,-0.2689,-4.5902,0.2336,7.3428,6.5005,2.3043,8.6267,9.6992,4.5827,3.9301,-4.1082,9.8134,3.1652,-7.811,-8.8206,9.1901,1.7046,-8.4668,-3.6113,-3.1642,2.4539,-9.1792,-0.789,4.6164,6.9115,7.5464,-0.7832,0.4186,7.922,1.0065,9.5225,-4.2343,-1.847,-5.528,0.9212,-9.0844,-0.9399,7.2146,-3.3671,4.7015,-0.1463,7.5676,4.8487,6.1686,-3.6845,1.3134,-6.5221,5.8154,1.0286,-4.3356,4.8107,1.8513,-8.1899,-1.8639,-8.1524,-9.7832,-4.9168,4.1875,-6.8517,2.201,1.8356,3.3082,5.9026,6.8994,-9.7072,-7.4945,1.7318,-1.4532,6.3019,8.049,-4.2969,-4.8042,-5.2678,-5.0098,-8.255,5.92,6.6962,1.0761,-5.1847,3.21,7.5604,-1.8575,-7.7261,-1.0334,2.8123,-9.1797,5.1179,-3.8934,9.334,-2.3946,4.9695,-4.019,-6.7818,4.9065,3.983,5.5318,6.3695,-0.4927,5.0602,4.6033
-2.1855,-8.7018,5.6346,-2.0895,-2.4903,7.9767,5.1705,3.1415,-6.7968,-2.8527,-5.4492,0.3426,0.1352,5.2195,3.2595,7.8716,7.8665,-3.7128,4.5968,-4.3446,-4.6377,2.121,2.7847,7.7108,-2.6754,2.0088,8.3297,-7.1241,9.9108,1.9472,-4.5192,-8.7854,7.5612,6.6472,3.7429,-3.317,6.2,-8.4855,5.4203,-7.9275,9.2632,4.1863,-3.038,5.5943,3.4655,5.8687,8.5836,8.3419,-9.5845,-3.6392,-6.7338,-2.0123,9.3219,-9.7458,-3.5841,-6.964,8.744,-2.9859,0.4503,1.0496,-1.0539,-7.8052,8.638,-7.3692,1.3208,3.3693,5.28,-0.7371,6.2166,-3.6487,4.6495,-2.9312,-0.0421,4.4943,-6.2928,5.3089,1.1759,-7.7442,-6.3305,2.2516,3.815,3.2323,2.7981,5.2706,-2.4232,-2.1048,5.9997,7.6343,-6.0211,-2.3256,5.1318,-5.1504,2.2437,-7.472,7.2784,6.0966,5.9592,-2.4309,9.1378,-1.5799,7.3992,4.4472,8.6029,2.7627,-3.4859,-4.3371,-5.4543,4.2892,3.6013,4.9333,-4.0257,-9.1162,8.9633,-1.5143,5.988,6.0299,-2.0542,-7.9901,-8.0307,3.1422,-1.6167,7.3666,1.9608,-4.9127,-8.2042,8.5852,-2.1852,-5.8832,5.0766,-0.911,7.2441,-4.7247,-4.5165,-2.8005,-2.2931,-4.6126,-6.3076,3.6534,-9.9621,3.2572,1.9758,6.7811,-7.5687,-4.4293,-7.1467,0.2997,-5.8073,-6.0027,2.7338,-5.1179,-0.131,6.3707,2.6625,-2.516,-9.0008,0.2001,-1.349,-4.2512,2.5501,7.3587,-1.257,-5.5188,8.2163,4.7871,9.5755,3.4542,6.4769,4.4128,-9.4815,7.3538,9.7435,0.9988,-2.8391,-2.9314,-2.8321,-9.4843,0.08,-6.6092,-1.315,-9.7807,7.9276,9.1591,3.1033,6.6379,-6.173,8.4267,1.5452,5.1484,8.7875,-7.6574,-6.7495,5.9781,-7.2069,1.0978,-1.8465,-1.3427,-8.9093,7.7899,6.6095,-4.4783
-5.1204,8.0667,8.758,-8.7668,3.5131,-0.4135,1.6479,4.6486,1.3877,-9.7202,-3.5765,-7.7856,3.2996,-2.8363,4.8925,8.9214,-1.9207,7.5138,0.9358,-9.6794,6.3463,4.9438,-6.3572,8.7132,-1.8459,3.8977,-6.4029,3.7931,-2.5469,7.6191,1.539,4.2946,1.4186,-0.5112,7.8284,7.1231,2.3914,-7.0144,0.0956,4.7769,-0.8591,4.0238,6.1092,3.5838,9.1765,-4.2913,0.7289,-1.5486,3.7257,5.6382,-5.8709,-6.5184,8.174,-9.5487,-3.1818,0.4773,7.9564,-4.0698,8.6612,-3.2272,-8.4125,7.6551,-2.6882,6.4643,4.7201,-1.8069,5.7039,3.5209,7.3208,4.433,1.6444,-4.0532,-7.9987,-2.5107,2.9182,-7.5631,9.6292,-0.3677,-3.9464,-8.7883,-2.0422,5.992,-6.4986,-1.7551,-4.4719,-7.5818,-8.4926,-3.2648,-0.0582,-7.7691,-1.529,7.774,9.6169,-7.2083,-6.4858,-3.3913,5.5882,7.2448,-4.0421,5.6079,-5.8657,-3.8088,5.4953,5.8349,5.8548,-4.2978,6.2738,9.9512,9.0314,-2.8176,-2.9367,-2.8785,1.2588,-6.2599,-6.5451,-9.0665,-5.6842,-9.5999,0.9417,-8.6318,-4.0146,8.4524,0.0331,0.0214,1.6642,7.1928,-1.4964,9.2185,-8.47,6.4129,-3.6542,5.7539,5.5563,-4.9679,-4.8563,3.1976,7.7307,-3.4896,5.6137,-0.1931,-5.9251,2.9798,-1.6722,-8.4063,-8.9874,0.5884,2.317,7.1627,4.1239,-9.8063,7.2984,-7.2621,-8.9147,-7.3053,-7.1864,-4.3706,-6.1699,-4.7963,8.3238,5.5473,8.0041,5.721,-1.2432,-3.6301,1.0543,-1.1934,1.5373,-0.7081,8.9316,-2.1258,-6.3645,4.614,5.6958,-8.3889,-1.6855,-5.5633,5.0817,5.2406,1.7896,-8.502,-0.8834,-9.1925,-5.5675,-0.425,3.49,-0.8038,6.5553,1.4082,-2.3131,8.4033,-0.4309,8.4877,-0.1895,6.8403,5.5566,4.8802,8.2886,-5.9513,-8.4408,-9.8726
0.7708,-0.0998,-1.5423,9.8433,-2.053,-1.5458,8.9868,-6.6156,-7.7633,-0.278,5.4447,-1.3343,7.8452,1.8778,-6.4334,7.7731,2.7678,9.0101,1.4058,-9.0406,0.1017,6.2109,3.0431,-5.9935,-2.9988,9.9379,8.5367,-0.5796,-8.2088,-0.3945,2.7844,3.3326,-0.6574,-7.7021,-9.8338,-2.9249,-9.3322,-4.1418,-2.9711,6.4063,3.6996,-0.7443,4.5259,-0.5143,-9.5902,-6.6075,8.2108,6.7637,0.4122,-0.271,-0.1155,7.558,-4.3907,1.0318,0.4388,-2.5725,-8.7997,7.81,0.4319,6.4336,-4.4063,-8.9098,8.1707,8.8346,9.1005,-2.6654,2.2194,-3.4808,-3.4125,0.1581,8.7521,5.4376,-6.6606,7.2796,9.0307,1.1591,-8.0572,-6.0971,1.5584,-7.0979,4.8679,0.7418,0.4049,-8.8145,3.1888,-9.7177,9.8955,-6.9132,1.3038,-1.7385,8.8664,-1.8495,9.4588,-1.7908,6.9221,-0.2333,-6.0428,-3.5092,5.9493,-5.1968,9.8327,-4.2359,-8.7929,-8.8288,-4.2048,-7.3812,-6.4147,3.4602,2.7024,5.9048,5.5318,-9.3653,4.3516,-3.2252,-9.5797,1.2251,-8.4799,-9.5916,-2.0269,-9.1124,-4.2481,6.5735,-3.015,6.7071,-7.5501,9.2347,1.5467,7.2823,9.2137,5.0021,-6.3389,-3.3715,-8.1258,3.5713,-8.2264,8.8093,4.3952,3.7207,4.7432,-0.8221,-2.284,8.0482,-9.0866,-8.1365,-7.7236,-7.747,-3.2736,1.0512,-5.2509,-6.2872,-0.6345,0.5944,-8.0496,-3.5386,-8.5274,-8.0887,1.6814,8.2326,-1.4611,0.8456,9.491,7.7527,-4.4918,5.1018,-3.1711,-9.0165,6.5611,4.7167,-0.7863,5.6452,5.9158,7.1636,-6.5444,-9.6636,-3.4279,-3.4533,-8.5041,-9.8289,6.0633,0.8142,-8.6585,2.5175,-2.8577,-3.6481,1.6704,5.9776,9.3279,4.6223,-9.7108,6.6987,0.4079,7.6282,-9.9396,-7.2809,5.4341,4.5985,3.3905,-8.1108,5.2397,5.6668
-9.0777,5.3363,8.8216,-3.2438,5.1505,2.0878,-8.7745,1.7891,-0.2442,0.6402,3.245,7.3303,7.9414,3.6658,4.0282,-8.8653,-3.8906,8.5073,6.5579,9.824,5.7038,-3.1228,-0.0442,-1.522,-3.498,-8.8536,6.924,-0.3306,-5.2892,-8.4991,8.3314,7.3877,5.4245,-4.3621,6.1027,3.6569,-3.0279,7.6502,3.3277,-8.4107,5.4285,-0.3242,1.3835,6.0797,-8.745,3.7451,-6.3004,7.3606,-8.2506,-8.5637,-5.928,2.7989,-1.044,5.3417,5.9175,3.3824,3.3964,5.9322,-6.3336,1.0299,-1.502,-0.7516,2.6063,4.431,-5.2101,1.3135,-0.0621,3.8637,4.731,3.5412,2.9992,5.1928,0.1625,7.9739,-0.8156,-6.5795,-0.5835,-6.4717,-0.0422,-2.9843,-4.3661,9.9224,4.6762,-4.7477,-0.2511,-2.9067,-0.4713,1.5109,6.443,2.1365,7.0004,8.2722,-8.789,-9.824,-4.4761,-7.8829,5.106,3.4008,9.807,7.729,-3.942,4.5772,9.5594,-9.4249,8.0023,-6.0243,-1.8192,-2.0266,-9.8149,-3.7517,-9.4195,-5.8524,4.045,-5.9992,-6.5903,-0.6786,0.1256,-5.7827,-0.8967,-8.4457,-1.6301,1.241,9.0437,4.349,0.2861,3.2207,-9.8179,1.9407,2.1203,6.6665,8.7211,2.4288,6.0273,8.1295,3.9016,-1.5351,9.495,-8.753,-6.94,-9.7068,6.4906,-1.3424,-5.8676,0.8175,4.8153,-6.388,4.3305,4.0631,2.9283,2.3805,-0.2188,-4.37,-0.0706,-9.2525,2.2158,-3.1184,-5.6928,8.0371,6.8711,4.9601,-8.5007,2.6843,-8.8935,-0.6764,-0.4966,5.5286,8.1456,-6.2158,1.2359,0.058,3.8496,3.0119,-2.7602,8.8111,-8.9388,6.2994,-9.447,0.5996,4.2548,-7.2782,8.8821,-9.7915,1.9124,-8.0273,-9.8324,-1.5639,-1.5687,-8.7952,3.7062,2.3884,5.706,-0.0145,5.984,-8.4834,-5.1859,7.468,7.4828,-0.7609,4.751,0.6805
4.5328,4.6961,1.112,0.0781,-7.9114,-2.3548,9.2924,-1.5118,8.8107,-7.3274,8.7508,-6.153,7.2102,3.5882,-3.8641,-4.3903,0.9228,3.0482,9.9434,7.5503,0.6369,6.2073,-2.3528,1.9399,5.6082,7.2552,0.2147,-7.6374,0.5431,-0.3343,1.6424,-8.8406,5.0314,1.9752,-8.4945,8.1853,-0.354,0.661,-5.4161,-9.2829,0.7488,3.7521,2.4734,-5.1415,-4.2216,-7.5496,0.1914,8.0889,5.1985,-1.8077,-1.4387,-2.6548,4.9489,-4.9126,2.3221,8.1267,1.9315,0.401,7.1448,-8.3159,-5.5181,8.4261,-6.2708,-3.6661,-5.3988,8.9598,-1.7996,1.7036,-1.5456,-6.1355,-8.4691,-3.7455,9.4892,-6.3082,-4.9264,0.0057,-0.196,4.9429,4.7475,4.3141,-2.9295,2.0703,-8.7949,-7.0266,7.4014,-2.935,-0.2103,-3.1072,-6.0278,-6.6363,2.1317,-5.1846,9.3236,-6.5158,-0.9421,-6.5126,3.949,-2.6911,-9.5916,-3.1187,-3.783,-5.2579,-3.7126,0.2952,-7.0643,6.383,-3.0101,4.004,-6.0779,2.1732,5.5429,-8.3057,7.5936,8.8762,-0.5709,-9.9953,-4.4852,6.2134,-0.3694,6.133,1.4857,-2.859,-9.0451,-2.8629,-3.9608,-4.2532,-0.7399,8.646,8.2208,-0.3146,6.6434,-4.534,7.803,6.2197,7.5829,2.453,7.9067,-6.2432,5.7251,8.0268,3.962,-9.2254,1.7073,9.091,0.6201,7.9213,-6.4291,-5.2986,8.0448,-6.1244,7.0254,-4.9855,-5.6178,7.0835,2.2553,4.7875,4.604,-2.6159,7.3647,6.6415,-0.7839,4.2475,-7.6056,2.3592,2.2791,-8.3536,-4.0665,9.5261,6.9392,2.913,-1.0338,3.7893,-0.6622,4.3277,-0.0855,2.4851,5.8632,-4.5135,-8.1724,-6.0689,-4.2693,-9.0684,0.9523,-6.8751,8.7111,-8.1333,-5.9355,-7.7145,-0.4697,6.2845,7.7663,3.1705,3.6429,1.9229,8.2692,1.2723,-5.4956,-9.5157,3.7965,-8.3636
1.1324,-9.9855,9.5488,4.7849,-5.5481,5.4887,8.2025,1.3712,-1.2043,-9.4483,9.5243,6.598,-7.7416,-9.2396,-6.5445,9.8656,-3.4745,5.1147,9.3648,-0.6371,-5.037,-7.6899,8.7624,1.8332,4.4552,0.7148,5.301,-1.6019,-4.5243,-7.995,9.3185,-2.1833,-2.7548,-4.0691,1.653,-6.4311,6.8743,-3.9254,-1.129,-8.9979,-9.0655,-1.3263,-5.4621,8.4504,-6.6817,4.1313,-0.6861,-5.3678,7.6057,1.9081,-5.437,-8.1411,3.3115,-3.0122,-8.6828,-6.5829,-9.0352,-7.1277,0.5807,-2.7067,9.2273,8.8805,7.8022,-0.9205,-9.5251,0.4102,-7.411,-4.3292,-8.0341,4.5177,3.4346,-9.3096,-8.5685,-0.7007,0.2119,-1.6258,7.5338,6.74,-6.2881,-7.8429,-6.2293,4.1506,-5.1624,2.224,2.4178,-2.6039,1.7466,3.2542,9.9408,-0.3144,8.6335,-7.7219,8.271,-7.508,-5.9741,0.726,-7.9845,4.3557,6.041,1.8003,5.0231,3.2731,-2.6988,-4.3213,2.2115,-8.0564,-6.0175,1.1123,-4.2343,-8.6405,-2.2296,4.1703,-3.7358,6.7685,-0.9122,9.4111,-5.5204,3.8143,-9.7631,7.7355,-1.79,-5.271,-4.6565,4.7185,-8.8071,5.2999,-4.2018,2.2639,4.2046,4.2035,-9.5147,1.5074,-5.5841,8.3838,9.8888,-4.8618,-3.9202,7.8568,-7.4777,-0.1915,-1.995,9.2177,-5.2749,1.5889,7.7239,6.3643,-4.5454,-0.9757,0.6718,9.6957,-7.3291,-1.949,6.9839,9.5638,9.1599,-6.586,-4.5902,-6.5667,3.3937,8.6733,0.2526,5.3412,-3.3371,-4.1606,-8.0502,-8.9339,-8.4032,2.2198,-9.5336,6.7073,4.9165,-9.3338,-1.8053,-9.0286,-3.0351,-2.3447,7.7143,-5.7342,-7.5005,-2.5607,-2.7478,-6.1352,2.5256,8.9749,5.2098,0.0472,4.9315,8.7592,9.4375,-7.181,0.201,-6.3125,-0.5749,6.6038,-6.147,5.5265,7.2919,7.2449,-4.2295,5.6428
5.9961,1.0778,-1.9842,-4.9071,-6.8557,-8.9653,2.5253,4.7609,4.4864,-1.8219,4.4289,-5.635,7.6594,-7.9398,-5.1109,0.6425,-4.4903,5.7021,1.5917,-4.8427,2.4757,-0.7612,9.6444,6.8121,-5.2146,-3.2103,-0.4652,-8.3387,-7.0179,-2.4483,6.7802,-2.7036,-4.4298,8.3887,0.3844,-0.8266,-5.4486,9.2799,1.3371,5.0389,3.1957,2.1182,9.7718,-7.1959,7.7028,-3.1324,3.2666,9.7293,-0.965,-5.0925,7.7456,9.6339,-0.9968,3.4341,1.7486,-8.798,-5.978,-1.4959,-3.3714,-6.5653,-2.8529,1.2119,-3.8554,0.5246,6.712,5.7023,-5.5084,-1.248,-5.5402,-8.9836,-3.6651,5.7596,-2.3037,4.9765,-3.7173,7.7844,-4.1894,-1.4023,-4.343,-9.2414,-0.2357,-3.6806,6.9197,4.1374,-0.1169,8.7236,7.6034,0.6728,7.2363,6.1217,-5.8749,-7.9114,-3.0954,-6.5576,-3.4563,-5.9583,-2.1134,1.0749,-9.5996,5.5608,-8.0357,4.4315,3.1058,-7.0799,-3.2066,0.9659,-1.7918,2.566,-2.9492,5.2832,9.402,-4.4023,-7.3832,0.6116,-0.8581,-1.6707,-3.9108,5.1356,-1.8443,6.8913,5.7504,-7.1708,0.5301,0.1169,-1.2315,-4.0791,-6.358,8.2466,5.4341,-2.0232,-9.6363,6.814,-9.9743,-0.4643,-8.6553,3.4244,1.04,-7.8951,-5.9287,-5.8188,8.6761,-1.2287,5.3815,-3.0249,-9.7175,1.2675,2.1405,3.0472,-9.0966,5.4722,-1.008,6.6688,-0.1945,5.4179,2.1083,2.2676,4.0003,6.8301,-9.9926,3.9873,0.6738,-9.3508,-4.8886,9.7913,3.9775,3.7984,0.4091,1.6745,-5.3075,-9.4053,5.6406,-8.7073,3.2554,5.8578,1.6644,-5.3761,8.1911,-2.0307,-4.4099,-4.1644,-3.1593,-4.1749,-5.068,-9.0498,9.1014,-8.4628,-9.2985,-6.9822,-7.9349,-5.4544,8.527,-1.0598,8.9741,-4.8625,1.6798,9.1887,7.0898,-0.1905,-4.6591,8.0634
-5.6764,2.4195,-6.4679,7.8252,8.3347,0.3614,-0.7864,4.0921,5.297,5.2449,6.218,-9.6398,0.25,-6.6436,-7.6501,8.9248,5.763,6.9108,-4.9301,6.2953,7.3278,7.7259,0.4934,0.0083,5.9401,-1.5373,5.4427,-9.7542,-0.9062,5.757,6.8566,2.2576,4.9539,-0.651,2.4255,6.8156,2.9496,-0.6735,8.0757,2.1094,7.1324,3.7857,3.8443,3.3562,0.0315,6.1617,5.0028,9.9889,-6.538,-6.4185,9.7987,9.1294,-2.2672,3.8279,-6.1018,7.901,7.2832,-6.0039,-1.1389,-2.2978,9.3136,3.5888,6.5337,-9.9026,8.4692,-7.1503,1.0926,-4.1209,-6.4092,-5.4301,6.1136,9.7892,2.7394,3.7559,-0.3007,1.9739,0.4416,1.8566,-4.3857,7.6128,-0.4619,-4.4026,-3.2067,-4.492,1.7536,-4.0356,3.0376,0.35,-4.9567,4.2299,8.8844,-6.7356,-6.8036,-8.1735,-2.2909,-3.7425,6.5075,2.2087,9.5389,2.044,7.6053,5.793,-8.6536,6.6491,4.9925,-3.9058,7.1595,-9.0824,8.3575,3.3141,8.8639,0.1674,-5.5221,-2.8197,9.5059,8.7851,-6.5978,7.8673,-4.1784,9.7613,-0.1427,-4.6054,9.3638,8.1879,6.0742,9.6879,1.0598,5.4925,-1.0425,-0.8549,5.5468,8.8002,9.0158,3.4044,0.016,-3.6629,-4.2084,-4.9265,0.1274,-4.8759,4.0676,3.441,-0.8378,-9.6846,8.9546,7.1898,9.4605,-3.8134,8.4669,0.8051,-7.9611,6.2534,7.8552,8.6976,-9.4555,-7.472,-7.4149,-8.0268,-3.7962,7.4772,-1.3402,-8.8145,2.0243,-7.3498,-0.0048,6.775,6.8433,5.8806,-1.2669,1.2153,-8.3472,-7.706,-9.0441,7.8806,1.3283,-0.8153,2.0369,-5.5724,-2.3993,-8.9279,-1.9087,-4.3007,5.2594,3.8783,-3.7578,4.7862,-9.2791,1.283,-7.1605,0.0431,-2.28,0.8975,-2.0077,-5.1283,2.7128,6.9767,1.9299,8.6156,-5.5208,-9.4078
-4.7433,-1.4099,8.3672,3.8913,0.3254,-1.3599,-1.1834,-9.2934,-2.3094,3.9946,1.2214,-2.9431,3.7837,-5.7554,-5.116,5.8284,-9.9725,-2.6187,-7.8951,7.0387,-7.0594,0.2343,4.6398,-2.7248,2.5748,-1.8908,3.5596,-6.3003,-5.2089,-5.666,-1.9628,-3.4933,-1.35,0.5832,7.4804,2.4963,-3.9649,-9.6609,0.6308,0.9494,-9.1334,6.7661,-9.7642,-5.5298,-4.4099,-6.0173,-0.9783,-3.4453,2.0293,-1.6686,-3.2382,-1.0681,4.1702,-8.2043,-1.3453,7.5504,9.851,-7.5393,-0.0718,-7.2003,3.0314,-7.6115,6.948,0.3657,-1.8741,-8.8598,-8.5883,1.6062,0.9931,-9.1642,-8.2158,6.6792,9.9991,-0.3678,7.4696,7.8089,0.4336,1.8867,7.5323,8.824,1.273,5.255,-9.9289,7.7211,7.8903,6.395,0.7323,4.5937,1.7871,-5.5445,9.1784,-2.3178,9.5969,-2.8198,-9.0494,4.4208,2.988,8.5548,7.8526,7.3002,-5.1732,5.0318,8.3309,-9.5938,7.1193,8.0392,-1.3866,-7.9405,8.9788,4.5919,8.3637,6.3313,3.6277,6.9246,9.7666,-8.8941,8.5903,-0.1789,4.4469,-6.1737,-3.0524,-4.7543,8.5277,2.8836,4.2606,2.5125,-1.8712,-9.2644,-9.1487,-8.5698,8.5783,-4.7987,-7.8709,0.0525,-9.7864,-8.7461,-7.7889,-2.2998,4.8952,3.6849,6.9041,1.9743,2.7346,-5.3742,-3.7201,0.2805,0.4455,6.115,-6.1881,8.597,-2.1898,8.4671,-8.1184,-4.0946,-0.6082,4.1379,-6.1135,-5.4912,-3.5039,9.0458,3.8177,-4.8337,-1.892,9.9885,-8.3071,6.4934,8.7971,1.5659,-3.034,3.6416,-7.6724,-2.2468,6.8272,-0.142,8.826,-7.539,-3.8408,6.1249,-4.3222,8.6801,-2.1194,6.9686,-1.5642,-8.3331,-2.7437,-7.2111,2.1468,3.6866,6.8062,4.9805,3.8386,-4.5666,1.8967,4.4503,-3.4396,-7.1093,4.5241,-0.3546,-9.5263,8.4709
-3.2192,-3.1402,3.129,-3.7399,-9.5465,5.6018,-8.4589,-1.6667,-3.3182,-0.9332,3.4576,-6.1598,-8.1516,4.3274,4.5153,5.218,-1.8691,1.4168,-5.6312,-8.2696,-4.8041,-7.6741,6.7735,2.991,-3.8746,6.2589,-6.8117,6.8057,3.5829,-2.9075,6.7842,-7.1822,0.6052,6.4173,3.7388,-4.9113,8.8896,3.1087,-5.9143,1.5745,3.1455,-0.165,-5.0327,-5.861,0.504,1.2317,3.0283,-0.0287,3.7426,8.8295,-5.3538,6.7207,7.4431,-6.2809,7.0172,-7.0467,0.4888,-0.829,-6.7863,5.5636,-3.1404,-7.1457,-9.4001,-2.546,-6.724,8.6757,-6.2807,0.7051,8.284,-2.1132,5.1455,4.1097,-9.9188,-2.1563,-0.0538,9.1399,7.1864,-5.2059,2.0747,-4.2836,-6.8804,-6.3254,-5.889,6.4794,-8.8295,-6.2547,0.7436,-5.4994,2.5325,-7.144,1.8245,-4.8632,-5.0428,-2.3663,0.6495,3.4279,6.9377,-7.2202,-3.1335,-9.2195,4.9976,-4.9976,-0.7456,-8.2339,2.4712,2.2628,7.421,-0.9908,-9.7789,-6.2674,-6.6686,-1.2131,8.4992,5.0969,8.5074,9.0911,0.9556,-7.0649,-8.4941,-2.4834,-8.3304,6.2563,-1.0617,7.4258,0.0323,-8.1772,4.446,-9.3414,-1.5177,7.0076,9.781,4.1193,8.75,-5.8172,-0.3056,8.8351,-2.129,5.3334,-7.483,1.7258,7.8297,-8.29,-5.8529,3.267,-6.4159,-0.7642,8.5774,-0.947,4.0049,2.0977,-6.8518,-1.2527,3.6919,1.4502,6.2234,-4.5641,-1.8062,-3.9239,6.9299,9.9709,-2.9408,-3.699,4.0911,7.5537,3.1457,-3.0468,8.0913,3.9179,-6.2236,3.3691,1.617,-3.1727,8.7873,-2.7247,-7.2198,3.7962,9.9251,-0.4153,-3.3908,1.1426,-6.6222,-6.4458,-4.674,-0.7463,-8.4058,6.9015,-2.9553,8.6204,1.2214,-2.076,0.5395,-6.267,3.1282,-2.0935,9.5498,-1.1084,-4.92,5.6742,7.236,-3.0353
-1.72,-7.6132,-6.3462,4.6338,4.5043,2.5,-8.2194,-7.1281,2.6967,-2.3393,-7.9115,7.7329,-2.2142,-8.6441,-1.777,4.7811,-8.5273,7.1451,4.9809,0.8911,-1.156,7.3739,0.0464,-7.154,5.138,-2.1254,2.6991,-7.8384,6.1911,0.4213,-4.6014,4.3582,-1.1468,-7.5157,-1.1473,-6.8461,9.4381,7.1136,9.4273,2.0193,-8.628,6.3946,8.3774,7.7253,0.2043,-3.3843,9.2104,7.1658,4.655,2.781,-7.0886,-1.7712,-9.4166,0.0484,-3.6665,-1.2695,-8.9176,-8.9317,-9.6297,8.3165,-1.7662,5.1559,9.929,2.8152,-0.7924,-6.8977,-4.7471,0.3507,-8.9624,-7.3038,-0.0904,0.0331,2.3311,-8.5484,-4.3695,-9.0755,4.4574,-0.1423,9.4836,-5.9196,-1.3672,-6.5211,9.1296,2.1491,-5.1643,3.8562,-3.5468,-8.2828,6.4643,-6.4685,-6.4133,6.2008,-7.943,9.2792,-9.714,3.6386,-7.9712,9.1635,5.3903,2.5608,-4.1624,-0.6053,0.791,-1.9153,6.781,8.451,3.7564,9.6066,-2.4428,-0.5378,7.7678,6.3383,-7.4748,8.4157,1.9352,4.6009,-2.56,0.3131,5.703,2.1637,-3.7571,-7.9195,1.0174,-1.3879,-8.5971,-3.9267,7.6889,7.1314,5.9139,-0.913,0.9994,6.3585,8.3404,-9.1558,8.0624,-2.4212,-4.5649,3.0888,-5.9529,-3.0705,-6.1398,0.8137,-7.7351,-1.443,-1.5222,-1.7544,8.7539,-9.6909,-1.5535,3.2882,5.3572,-1.7474,-2.2842,3.8354,9.9572,-1.1832,-7.7893,7.4701,-4.8249,0.6498,-1.3597,5.8681,7.1987,5.529,0.475,-8.7902,2.5742,1.6999,-1.2896,-9.4043,0.0601,3.9183,-1.2046,-1.3065,5.7318,-0.8505,-7.6254,-9.5432,4.3144,-3.57,8.0649,-9.029,7.228,-2.6397,3.5677,8.4557,-2.0574,2.2676,-6.8802,3.176,-1.6357,-2.1552,-5.5827,5.7633,4.6946,8.5183,5.9108,9.6627,-5.9788,-9.679
-1.6961,3.5307,-2.6053,-9.5491,0.5038,-9.9325,-1.9008,-5.6804,-3.932,-0.2637,5.0486,-9.8084,-7.8933,-2.6013,4.4407,9.3406,-8.8338,-9.248,-8.0344,-1.7926,2.5796,6.5622,4.45,-0.1415,3.3365,9.3334,-8.9381,-5.3271,-0.4519,-2.7073,7.4595,5.8094,6.1364,8.9942,-9.7945,-4.768,0.5425,-1.2585,-7.5733,5.2684,-9.1568,6.1061,0.0241,-2.3291,-9.4688,-7.9619,8.5107,-3.6997,-5.4212,8.9862,3.8533,-5.7361,7.8862,7.5073,-9.2449,6.067,5.383,8.0244,2.3121,4.0689,7.1506,-1.6554,9.0479,-1.1755,-3.5088,-3.0139,1.2876,0.2149,2.6199,-7.6837,1.5938,-1.3948,4.9526,8.2115,-2.7422,-7.2373,8.886,5.4471,-4.4849,-2.4968,3.2463,3.8398,2.9598,0.7438,-4.0298,-7.798,6.4392,7.6114,3.8858,-3.1087,-3.0299,-8.1028,9.9448,8.1774,-9.1163,3.6129,-4.4277,-2.2818,-7.2678,5.8354,8.0331,1.3171,9.6706,0.5137,2.6062,8.7251,-0.757,-6.4457,8.8252,8.0638,-6.5651,1.1454,3.8121,-7.4593,-1.6453,-0.2964,3.3762,9.4354,-6.6665,-6.7342,-4.818,-7.4614,6.3396,1.3152,-4.2137,-5.5295,-4.2778,-8.4052,-6.3119,4.883,-7.8011,-7.7424,-5.2471,5.8192,-6.6052,2.5899,3.7452,-5.7731,-2.8554,9.7646,9.4872,3.2286,-0.3125,0.1792,1.273,-9.2871,-2.2193,-9.7835,2.8042,-5.8559,3.3172,9.0908,-1.7131,4.6692,6.055,-9.1227,7.2975,-7.9967,5.8194,-4.3976,-6.8908,1.3902,7.3254,-1.134,8.9779,-3.6916,-1.7639,-0.3557,8.732,4.5763,4.4375,-9.8785,-2.2625,5.0383,-3.65,-3.4341,6.7692,-8.3486,-8.5703,-6.8249,0.5771,9.9867,-6.2392,9.2885,8.679,-0.0099,1.0787,-6.7391,9.1725,4.4584,-9.7707,-2.6908,3.8925,-6.8708,-0.1909,8.1901,-9.1561,-9.7487,-6.6819,-3.8862
7.6807,6.0225,0.07,9.8196,-1.7823,-6.2696,7.5195,-0.2012,9.6273,0.9094,-7.5364,4.8845,1.7261,-1.8535,9.4647,-6.6621,-1.0032,8.9372,-8.8931,-7.4215,6.1323,-0.4126,-4.0366,9.0019,-7.8016,1.5146,3.0715,-1.8413,4.6482,-0.5922,-4.6496,7.3066,-2.6709,4.6798,-5.4952,5.409,0.1646,-3.7205,-7.0315,-4.6312,8.0377,2.2561,9.4007,6.9762,-7.8601,3.0918,-8.5404,3.2408,-6.5323,-5.0347,-5.866,-0.6052,-4.3627,-2.4101,5.2033,0.7683,1.982,6.6792,4.1918,-9.106,6.305,-9.2176,-3.6436,-9.2997,-5.2445,6.9197,5.7067,6.416,-5.2988,5.9899,-4.425,-3.4605,5.0484,-1.6547,6.2505,-7.6199,8.1485,-0.3567,7.8428,-2.675,9.6347,2.0883,-5.0939,-2.8724,-6.4955,1.3868,-6.5997,-8.1804,-0.5677,-4.395,-5.7915,-9.7806,6.0316,-2.9076,-4.8664,-8.3492,-2.3983,1.0468,1.5375,-3.1752,-6.2868,-2.9082,2.3966,7.0181,9.4879,-5.4916,7.0874,-2.946,-5.9895,-5.2639,3.4863,-9.1717,8.6899,-7.8952,3.7904,8.5144,1.5917,2.581,2.4989,-7.9281,4.8524,1.2687,9.5102,7.5708,6.0331,-3.0872,-2.8725,3.8729,-0.9981,6.1544,-3.4044,9.874,-7.5512,8.4402,-5.0566,-1.5753,7.2584,-5.9985,-7.1349,5.5895,-4.0777,-9.7363,-2.0058,-1.1708,-2.171,-5.7992,-1.8532,9.7297,2.3733,4.8169,0.4959,-3.598,-1.6323,-8.5471,2.5272,6.6286,6.4456,-0.3231,4.2196,-0.2224,-7.3997,-0.9871,8.6898,-8.2925,-4.8643,0.0484,-2.2777,2.571,6.0084,6.9189,2.8388,-9.7381,1.344,3.4049,2.8897,-7.8869,0.3033,4.2109,9.2284,-1.2152,9.6906,8.1689,-5.4191,6.9068,0.4268,3.5462,-4.8125,6.3926,6.5652,-7.3393,-0.3465,3.1296,5.0627,-1.4826,-6.4096,9.7946,7.0277,-8.8196,9.6506,6.2423
-9.8199,4.2005,-9.6968,-1.0776,-5.1256,-9.8136,-7.8438,2.7186,5.7309,-1.7788,-8.3021,2.0116,2.5147,-8.147,-5.5951,5.2614,-1.3643,8.8918,-2.6201,-9.5715,-6.2035,0.1636,3.0023,-6.082,-3.565,9.5645,2.4094,-0.3039,4.5368,6.2912,-0.7638,4.726,5.5353,3.8818,5.3625,1.3858,4.0987,-3.0201,-1.5928,3.5356,-6.4621,0.9034,8.1708,2.6243,-7.5233,7.2382,-9.3325,-9.7812,-6.8213,4.0794,-5.8324,1.4254,-5.1973,4.6396,-4.5887,-8.715,-9.6615,-4.519,-9.2879,-7.1877,3.9548,7.3529,6.607,4.1371,1.1967,8.8879,0.1219,8.0691,8.9504,4.6308,3.8067,5.1984,-4.5874,4.1669,4.7952,6.9051,8.1878,0.0221,1.8656,-1.3159,9.4104,-9.1186,-0.2604,0.0646,7.1331,0.8704,-1.6575,0.3559,6.44,-1.519,-8.1311,8.3257,1.9825,-4.9855,-6.7725,-3.8651,-7.9664,5.2886,8.4995,-1.111,8.0048,-3.4378,3.1482,-5.2466,1.2806,5.7958,-2.1685,7.7623,-5.3489,2.9188,6.1398,-4.452,-2.5183,-7.285,-5.4033,3.3557,-9.0729,-9.3349,-8.8654,2.9222,8.6195,7.026,8.7755,2.1668,6.6044,-9.6263,-3.4359,1.286,-4.7452,-1.8847,-8.8257,5.6284,-0.8442,3.2557,-9.512,1.0894,8.9054,-1.4275,-0.3003,-9.2136,-4.81,-5.1014,-6.4658,6.3739,7.9316,-2.7977,-6.6318,7.9527,3.4905,-9.6296,9.2785,-2.717,4.2265,5.8747,1.2021,-6.2267,-8.2626,5.7061,-5.0916,-6.8819,-2.8324,-8.0109,-3.329,-1.9502,6.5894,-5.0911,-2.3851,7.0783,0.89,6.2474,2.4175,-0.3816,8.8651,7.1982,-3.3962,-5.8762,-7.5239,2.5307,-9.7039,-0.9076,7.2214,-6.3254,-9.9912,5.6939,-5.2253,-9.6187,-6.6561,5.8556,-8.6829,-7.1405,-6.3948,4.3556,-4.6098,2.1518,-0.6013,3.3942,-8.9687,3.6155,1.3486,2.5066
-1.6052,0.0983,-0.9473,-4.6025,-3.7624,5.1731,0.4473,-5.8389,7.4567,4.2207,-0.5233,-6.9293,-0.751,-2.528,0.2196,3.2551,-4.5666,2.6651,7.6777,-9.0162,-0.4014,-7.9088,9.3593,7.4355,-7.3949,5.9419,2.0162,7.4472,4.6664,0.2133,3.2386,4.3521,-2.7205,5.6709,-8.6028,-1.2606,-6.0607,7.3107,2.7707,-1.6005,3.828,-1.8859,-5.9458,5.1581,6.6068,7.5756,3.4566,4.3168,7.824,5.1967,-1.7374,-9.2603,1.6494,2.1344,-9.5593,-5.1661,7.9369,0.6108,4.8324,5.3117,-6.059,-1.3195,-0.1616,-1.4255,-2.2724,9.2214,-7.8952,-4.8651,6.2621,2.9853,-4.6721,2.9641,-1.1972,-5.8283,-3.3128,0.383,1.8085,-4.1984,-8.2752,-5.779,-5.581,7.9633,-2.749,-4.7779,-4.7273,3.509,5.7401,-4.0906,3.6578,3.0445,3.2234,9.091,-2.7454,-6.0231,-5.7161,-5.0224,5.5286,-5.8635,1.9835,-9.5054,-4.9924,-2.0515,-2.6108,0.7118,8.7055,5.655,6.4936,-8.2961,-0.1947,-7.9281,-9.491,-5.0785,-5.8932,-1.1233,-3.0203,0.6647,1.4651,-1.6054,7.1133,0.3702,-2.9293,9.9978,0.8615,0.3041,-4.1666,-1.9496,-4.1615,6.959,0.5316,-1.3392,2.7526,3.9353,9.5594,-1.8916,-3.8338,1.3398,3.6676,0.8829,2.063,-2.5513,-6.7752,-8.5693,0.4572,-5.3267,-7.9322,-9.195,-4.3397,4.0352,-5.9179,-9.5137,-4.3469,-5.8814,0.9226,4.1055,3.0067,-2.4633,4.2884,6.3674,-1.3792,-6.643,5.6201,-1.5312,6.1162,-2.8462,1.2438,-1.527,1.2173,8.8718,1.0036,2.925,0.6936,-8.2152,9.2735,-6.8553,8.3615,-7.3102,6.4482,-0.4029,-8.8871,3.0849,2.5304,5.2809,-7.9238,4.0178,-6.1067,0.5982,-0.5432,-7.1432,-7.6592,-3.2455,-0.5925,-6.4791,7.525,-4.2138,5.405,7.2414,-1.7408,6.2283,-9.2504,-3.4186
0.0084,-9.4701,6.6209,0.0303,-4.4079,-3.3016,2.3658,-4.6938,-8.8131,-0.4096,-9.5474,8.1487,-9.3896,-4.1476,9.9581,-7.834,8.5349,-9.9021,-7.8871,-2.1885,4.876,-4.8526,1.7203,-9.9139,8.6248,0.7888,-4.7649,4.4367,2.4339,-8.7799,-6.0806,-2.0428,2.3073,7.4514,-6.174,2.4173,1.8988,8.0176,4.9252,5.6209,-3.8974,0.7218,1.9804,-5.3459,-6.3115,-3.3353,-6.907,6.3709,-9.3882,1.7927,9.7556,-5.8593,-7.5807,-5.3309,-5.2258,-2.8159,1.0721,4.415,0.7762,-5.0772,-4.4028,1.744,-1.4578,-7.877,4.1722,-2.9998,1.4918,0.4849,4.5891,-0.0819,5.4966,-5.8679,9.4702,-6.2129,-0.8426,-6.1115,6.997,-0.6851,1.586,5.1519,5.5595,-0.054,-0.9657,9.4146,3.1936,-6.6721,5.9016,2.5118,-6.1674,7.2991,0.2508,-2.3065,0.5879,-9.7454,0.3114,0.2656,7.9317,0.2118,6.714,-0.3871,-7.984,-8.6205,6.7881,-5.0576,0.8029,-7.729,-5.9929,6.4135,-5.7966,-1.5413,8.3325,2.4979,3.973,5.6744,-5.5914,-6.5563,3.2658,2.1531,-8.38,-7.3839,8.6204,-2.2386,-7.8931,0.8441,-8.0357,-8.2642,9.8746,-1.4751,-9.0659,9.3505,7.7672,7.0697,6.4848,-0.9949,-1.2301,-8.6125,2.6324,-5.9281,3.8271,-5.2923,-4.3931,9.9664,-5.1555,1.7177,-7.9527,4.5687,-2.4792,5.3478,-5.5214,0.3864,-7.3179,4.4907,4.6943,6.9715,-6.7927,-0.2261,6.1376,5.4039,-3.259,9.3288,-1.8794,3.7178,-7.4173,3.0298,2.7718,4.9006,4.6403,-8.73,-4.2678,-2.4599,3.053,6.9116,0.5783,-0.826,-2.1737,7.1327,4.7484,-6.6591,-0.223,2.5574,-5.2104,8.9749,9.299,-2.4168,5.0157,0.2217,7.0397,-4.1544,-5.318,-8.9277,6.0868,0.783,-9.0142,-3.1212,-6.9237,-7.8048,0.1398,-9.3395,5.2313,-5.7325
8.7064,-5.3907,7.7693,-3.6079,8.7437,-3.4199,1.1049,2.9886,-0.6916,7.0107,8.6284,-5.174,-3.9629,4.2919,-9.4981,-3.0789,1.6708,-4.6087,9.5611,-1.2787,6.2201,4.4531,3.8391,0.3662,-8.0139,4.1552,-0.9447,0.9559,-6.3587,8.9322,-0.3882,3.5575,1.3902,0.5339,8.524,1.2586,-7.0318,-8.084,2.3778,-8.7992,8.0486,-8.5805,-8.8394,-1.1047,8.8812,3.7537,-4.5473,-9.4573,9.8935,7.2329,5.4631,-0.7121,-0.6416,3.2954,-7.5634,-0.9992,7.4728,-0.2662,-2.7437,-7.8246,8.4966,-5.4008,-3.6463,7.9512,-0.9052,-3.2987,-6.882,-0.9466,-4.1935,2.9211,8.5703,6.2884,-0.4171,-2.5044,-1.7389,-0.413,3.2612,5.5083,8.0958,2.1651,4.0118,4.4531,-6.2973,8.4423,3.6542,-4.2335,3.1835,-1.0349,-0.3948,2.1554,-1.3494,-6.9957,4.5263,7.1264,-8.4702,-0.0701,-8.0172,-4.3369,-0.0211,-2.6261,7.1484,2.2801,3.7308,-2.7174,-8.8556,3.2268,6.5496,-8.1709,-5.9603,-3.4405,-9.9144,-5.1634,-5.0368,-5.2027,0.9705,-6.6701,6.3365,1.758,-4.023,2.0486,9.2018,-9.6479,9.8955,-4.0508,-3.7785,-4.5695,-6.7486,-5.6105,-5.923,-8.402,-0.0107,-9.7915,2.9955,4.5766,-4.6605,9.6772,8.7401,-2.2421,6.118,2.3275,7.9481,-1.5612,9.5804,-8.8092,-7.4141,-9.2524,0.9376,-6.6131,5.5749,1.1601,6.1527,6.6163,4.7848,-1.5808,4.0164,2.8009,-5.4646,4.0724,2.8447,1.1333,2.5183,0.1458,9.6191,-8.3405,-2.4298,5.8092,-5.8514,-6.5115,-3.098,3.5528,-9.1903,-3.2566,2.5436,-4.1165,9.5068,-5.8138,-7.9943,-3.4003,2.6821,-3.0393,0.7484,-6.0227,-5.5759,-6.4713,-2.6283,1.3994,7.5762,6.8432,-2.8777,-1.9242,-9.4214,2.3955,0.3626,2.5265,-6.6196,-7.7798,-7.5714,-4.6199,9.9071,-9.841
9.956,-6.8571,-6.731,9.7984,-8.002,0.534,-3.5279,3.1438,0.8672,-2.5636,-4.9924,-8.8467,6.352,-7.8977,-5.0573,-7.7611,9.4816,-4.8107,-5.0782,-7.4073,-7.2821,1.6228,5.3993,-5.7328,3.3675,8.5834,-0.2611,2.185,0.9351,4.737,2.5599,-0.6263,4.9006,-2.0851,-8.6142,2.1726,-9.833,-7.0069,-8.9782,3.704,2.7689,1.5883,0.915,-7.7143,-7.0585,7.9441,-2.309,6.0482,8.391,4.4686,5.3544,-4.6059,3.6213,-3.9934,-8.876,-6.8498,4.9453,8.6767,5.557,1.4844,-2.7329,-9.8148,2.8423,3.5697,-9.1224,4.7362,8.8008,0.7865,3.7149,-9.8938,4.4906,7.4638,-3.0419,2.5481,-9.1268,0.7443,6.9097,-1.3582,8.3711,-8.1679,-4.4851,-5.5853,5.0951,0.4631,-0.1056,6.7789,4.3784,4.8879,-2.5569,8.4695,6.9306,-3.9879,-4.4861,-7.602,-5.3474,-8.5061,-6.1748,-6.8012,-6.3363,-1.8874,-6.7203,-0.8659,-5.8035,2.4243,-5.3709,9.1614,-0.335,0.928,-6.936,2.2976,-9.3981,-4.4209,-8.9977,9.6223,-5.6956,-4.1531,-3.7671,-3.2425,5.7681,-7.2695,1.4637,-6.3747,7.2441,5.9217,1.8858,9.6658,-2.858,-5.1179,3.3541,-6.2966,3.9492,-2.8251,4.9554,-2.9387,-5.4855,-5.9548,-0.7393,6.8508,2.4051,6.1356,0.0294,4.8466,7.8061,7.3481,7.6548,7.0749,-4.3096,2.7578,-2.8471,1.0256,-4.8877,-7.2314,-0.86,-9.0,-8.1509,8.0038,0.1172,-7.0698,1.6729,1.1208,8.5134,-1.5814,9.055,-5.4253,-5.7324,-3.7029,-4.4018,-1.2111,-2.2672,-5.9767,8.9895,-0.6727,2.7647,1.6692,-2.9553,-3.8841,-1.5873,4.1144,-2.9613,-1.1924,-8.7332,5.2521,-7.98,-2.1611,-9.9239,-2.6078,9.8093,0.4769,-5.3742,-0.3537,-6.2387,-6.4184,0.0092,-5.1441,5.077,-7.0361,2.3832,7.7438,8.5893,-5.5493
6.3424,-9.7897,-9.0649,-6.623,-3.8065,-1.6166,-6.0072,-9.8347,2.1472,-1.3001,1.5549,-8.8818,7.7448,-6.7041,-5.847,-2.4962,2.3735,8.5331,-1.3861,0.1815,-3.3429,-1.5215,-5.0267,0.7182,1.7648,4.8732,-5.5282,-1.3662,1.4579,-9.0552,-8.5868,-6.6235,4.8725,9.3251,9.4563,0.9239,9.4859,0.7986,7.0807,-1.9284,-0.1642,-5.792,3.4655,-4.5928,5.8587,6.4481,-8.4339,6.4646,-4.7843,-5.6032,-3.0474,-1.1221,2.3625,-3.678,7.9492,7.2037,-8.3345,-6.2147,2.4148,-3.2001,5.1528,1.7,-6.2763,-1.9012,-3.8887,0.8965,6.3185,-0.6803,5.9966,-1.8529,-5.5064,-8.366,4.0855,-0.2447,-4.878,8.1393,-5.6293,5.1734,-2.3321,-3.8404,-3.3972,1.2043,-5.4285,-6.7169,-6.879,0.0363,-3.1478,-5.7027,8.5766,3.5518,9.0248,4.4664,6.5121,2.3531,8.9994,-7.5828,8.2607,2.9759,-7.8258,-4.2597,5.059,6.9831,8.2655,9.025,-9.4464,5.0702,-2.0012,8.858,-3.2023,-4.0615,9.9748,6.3908,7.9421,-1.3258,2.8471,-4.5255,0.6207,-1.3227,-5.837,-0.2751,-7.03,6.4141,9.6761,-4.8931,9.9295,-2.3933,-5.9347,0.8662,5.9468,-5.215,-3.3106,3.9304,-8.9146,-7.7107,-8.9348,-3.5805,-8.4407,9.4037,8.4511,2.0716,3.3317,6.2208,6.0961,-7.7969,1.7386,6.624,8.7021,5.6571,3.6857,2.8791,-4.8228,7.3849,0.9319,4.5198,7.2737,-8.7211,0.5573,3.2357,-2.551,3.4233,-1.8676,7.2831,-2.6715,-4.9691,0.0521,-3.8684,-5.8989,-8.0319,-6.7138,6.658,-9.9926,-4.9305,8.4284,-2.8005,7.6156,2.4889,1.8214,6.1992,6.2293,9.256,5.9684,1.2076,-0.8486,-9.0311,-1.8512,-8.2432,-8.2846,2.045,-3.9091,5.5847,8.734,-0.8565,-6.8206,6.4255,-4.7208,0.9187,-6.8673,-3.0301,-8.3854,-4.7407
-8.9749,7.719,-6.3878,1.9399,-3.7653,0.0053,7.97,-2.1232,0.2032,-1.6801,-7.444,-0.8201,-2.9437,4.7801,4.1107,1.5355,-1.0792,9.8926,2.9823,2.7809,-9.3732,1.7143,3.385,-6.1903,-4.8906,6.5777,9.8112,-5.4355,1.1431,-0.4436,2.7126,5.3914,5.3218,-0.6735,-4.1334,0.3335,0.9511,-6.7621,-8.541,6.4572,9.0246,4.3745,5.735,-7.6928,-7.3092,-4.7224,-9.3851,-1.1373,-4.4227,4.2882,4.5856,5.1776,7.2145,-7.3647,-3.6892,8.9374,0.7674,0.2085,-7.3427,-2.4035,2.8112,0.1738,7.0879,5.0598,5.6631,-3.6376,-4.9103,-4.684,-0.1102,7.5011,-9.1477,3.5486,-7.7877,-0.0596,6.4291,-7.6429,-9.3011,-5.5391,-6.0358,9.6182,-9.6895,6.3546,0.5684,2.487,-7.9138,-3.0445,7.2408,-3.4369,2.9243,0.9832,4.273,5.7591,-1.8422,2.9932,-6.2395,-8.0093,-0.8615,9.4009,3.3923,-2.2877,-3.6087,9.1376,8.2818,0.2863,1.3508,-4.205,7.9962,-2.1879,4.7791,9.7915,-0.8881,6.0139,6.0355,2.3002,-1.233,-1.7006,-7.2706,-2.5492,6.8201,8.3031,-0.0125,0.7998,4.9304,1.0431,7.0806,-7.4711,-3.1595,6.062,8.709,-5.3509,-5.0531,6.1706,-8.3769,5.3036,7.7698,-7.032,-2.5491,6.9142,-9.8376,-7.1254,9.4179,-1.5777,8.9329,2.768,6.719,-4.5737,-4.8804,9.5755,-7.82,1.5515,5.2268,0.8508,6.1067,-3.0811,-7.0861,-9.0792,9.9434,4.3041,4.1574,4.8024,-4.4324,-4.8449,6.2722,-6.7324,-5.854,4.5504,2.3355,-2.8338,1.8641,7.507,9.8056,8.5016,-1.001,6.244,-3.4322,-8.6476,4.7414,-7.9073,-7.6369,-8.4737,4.756,-1.9741,5.0152,-9.798,8.8549,-6.8157,-5.0336,-8.2948,9.8592,-7.6695,-6.3548,-8.8616,-0.5175,0.6664,1.37,6.5409,-0.4455,2.6857,0.2813,-6.6481
-5.5941,-4.4297,6.9332,9.5042,-3.9232,8.056,-1.6719,6.7968,0.9239,5.2215,-9.385,3.1202,-8.8995,0.4378,5.9977,-0.2442,8.5921,-2.8845,6.001,-8.7737,5.8218,-2.3504,1.0776,-1.9474,-7.9387,-0.6106,-1.5156,1.1523,5.2656,-7.9817,2.9284,1.2865,3.3048,3.6879,1.6192,-6.2409,-0.3039,-0.345,7.9523,-0.4663,8.633,6.5457,-1.0587,6.7168,-4.943,2.1935,4.2197,-7.8035,-6.3795,4.8071,9.5197,-7.934,-0.7779,-3.9506,-8.3494,-4.8529,2.1614,6.5788,-8.7201,-3.2243,9.5751,-6.4365,-4.0309,-8.7163,9.3379,-3.1172,1.7778,-2.5371,-9.2223,-7.7556,2.7819,0.8869,-8.2539,4.0296,-0.8446,-4.3876,2.0575,4.9899,-0.9423,-5.1441,8.9987,5.0311,-0.1967,-2.0703,-1.5345,-7.7333,4.0551,-7.0529,-4.9401,9.5423,1.6518,4.0229,-0.7946,-1.2577,-3.9768,4.873,3.1358,7.1328,-0.754,-7.6298,4.0987,-1.813,-6.7922,-1.1812,-1.3183,-1.4131,-5.8451,-5.5274,-9.2731,6.114,-5.2417,-9.5675,0.4608,8.5668,5.728,-6.8676,4.9681,-0.3831,0.147,-0.2669,6.8819,-8.7746,3.5265,0.4206,4.7013,-2.417,-2.4812,6.0865,-2.8641,1.1691,-2.4119,-3.6665,9.304,-3.5192,-8.7334,-5.3078,4.1274,-1.9286,5.2251,3.6533,1.1479,5.2416,4.0395,9.8215,-2.5558,-8.2197,8.391,-5.0783,9.7704,1.227,-3.8149,-5.1372,5.7084,-8.5559,-3.8309,-7.9782,-1.4503,-0.9488,-5.0382,9.6532,5.9863,7.7396,-2.9978,-3.2107,-8.2508,0.8749,5.041,0.6509,1.3071,5.6973,9.1272,-8.0309,2.604,-0.9427,-4.729,-6.7815,5.8825,-9.7426,9.3199,4.9742,9.3666,4.096,8.9941,6.3987,-1.123,-8.3762,0.7074,3.767,9.4048,-5.8176,-7.9587,8.841,-0.9814,1.1597,-7.7596,4.1315,9.4471,2.7493,-2.0467,-6.0586
5.5886,5.3681,2.5057,-9.6083,3.664,2.0285,-7.7219,-4.9462,3.0229,0.2963,2.2977,0.0015,9.7035,-6.705,-3.4072,-8.7731,1.0288,-4.9921,-8.2163,2.0551,-7.3309,0.3299,2.0663,3.2837,-1.7034,1.1638,-5.2977,0.593,7.4541,2.6073,9.0214,2.4558,0.1698,-2.5308,-5.5858,-4.1686,-3.7722,-1.0719,2.1339,-0.1904,8.3156,-7.6706,0.679,-9.802,2.8777,-4.3514,-3.7793,-3.2634,-6.4407,-0.6309,-4.89,-8.1106,1.6384,7.4473,-2.7304,8.8177,7.6551,4.5895,5.5077,8.9674,-6.5575,-2.8769,-0.6434,6.7757,4.1576,-0.5911,3.283,7.3471,-8.4938,2.4447,4.0509,0.9019,6.6078,1.1579,-7.8573,-2.8166,1.3539,-1.6466,-9.5291,4.9198,-8.3287,-7.881,1.8381,-5.4191,-1.9154,9.0122,1.9874,-1.0083,3.0483,-3.9125,6.7375,-8.3452,-9.936,-8.3444,-6.4144,4.8769,6.1254,1.2766,-2.8769,-9.4718,-7.0532,-1.5545,-1.0375,-6.8304,1.6897,-8.1827,6.9394,9.0297,-4.4681,1.7115,-9.7966,4.7788,-9.2697,-1.0071,7.0856,2.0071,-6.9832,7.7207,-1.6854,4.3802,-6.8307,2.0265,7.2434,-3.1113,-6.5032,-0.1587,7.4521,8.6855,3.0545,-4.006,-0.8519,4.2948,-9.5545,-9.159,5.1297,-0.3365,-1.4069,4.2612,-7.2908,-2.7648,-7.9105,8.3406,9.74,1.3157,-6.3598,6.7338,8.5447,3.3338,2.0298,-0.3356,-1.1909,-8.835,-0.2808,7.9091,6.8095,-6.6313,-5.1672,-2.0564,7.6026,2.4838,8.3377,-4.8795,3.2543,-0.6178,-8.934,-6.5764,-5.9379,-0.4594,5.5069,-6.5064,-0.6828,-0.2747,6.3549,-5.9284,-1.0225,-9.1698,-6.7847,2.8962,8.5716,-1.9496,-4.4412,8.1428,-5.9841,-3.0963,9.6722,4.9336,-3.9427,0.0211,3.2246,-3.25,-0.8097,-3.8347,1.1407,-8.6224,2.6995,4.0845,-9.6615,-7.1843,-2.8263,0.3389
-3.573,-0.6242,2.4426,1.8149,-4.1833,5.8932,-2.0163,-7.0057,8.7171,-6.3845,-4.1724,-9.8115,1.5936,5.208,-1.1491,-3.5498,7.709,1.3084,3.1633,5.9331,0.6728,-9.3642,4.0167,9.4045,-6.322,1.5698,-0.4777,4.8977,-4.4934,0.8471,-3.2551,-4.8928,-9.2959,-8.0887,-8.5343,-1.9186,-1.2941,-2.8253,-1.4767,0.9882,-8.9398,-2.4448,5.4953,-1.3428,4.8669,-1.5478,-3.8972,8.4624,0.8987,-2.8867,9.4224,3.5439,-6.7296,9.4657,2.995,0.271,-5.2744,9.5024,6.639,2.8451,-9.2271,4.7302,1.6655,-5.3797,4.6307,8.9499,-9.7817,3.8468,5.711,8.9942,2.0229,-7.1397,-8.1093,-4.6125,-7.3965,-7.3859,-5.9489,-7.6866,-6.8073,-9.9512,1.2995,-0.264,-7.8731,-2.067,3.2491,1.5891,8.7166,2.0278,-3.0647,-3.2771,4.593,8.819,6.9987,-7.2884,-1.9588,-1.0442,2.4595,-4.0518,-8.5764,-8.4672,-1.842,5.1609,9.5223,0.4946,6.6261,1.3507,-3.4752,-7.164,-3.4058,2.2518,7.9184,0.7997,3.3509,4.7853,2.7983,0.7721,3.9192,-0.2384,-9.6184,6.74,5.228,-0.6797,-4.4099,-1.8866,2.1151,-5.7981,1.7792,5.2787,-5.1805,9.7065,-3.5689,-4.2647,-5.1755,7.2886,-2.6855,0.9748,-5.2957,3.9111,-4.9576,-4.257,4.9515,8.5834,-1.7258,3.2376,-3.0545,8.7908,6.4979,-6.8293,9.6414,9.6465,6.2407,-4.1046,1.4052,-5.1391,-3.1225,5.2122,-3.0608,2.3011,1.3623,0.8694,1.5289,0.3342,-7.5956,4.5338,5.33,-3.037,3.9042,4.5955,-8.0227,9.0596,7.7,-4.2098,8.8083,-0.6404,4.0895,-4.0738,5.8768,5.1909,-1.0844,9.1443,0.9934,5.0248,-1.146,1.7211,9.7941,-7.789,1.0596,4.5548,-8.1875,-3.9341,5.6058,9.4563,-1.4726,-1.7905,-7.268,6.5471,5.8068,7.9513,-7.3592,9.9185
1.8617,8.0684,-9.1273,9.3481,-0.0726,7.0289,8.8482,-2.8884,3.2165,4.6709,7.1666,-7.5337,-4.777,7.5517,-1.6723,-5.2362,-7.2533,-2.9022,4.542,3.2567,-4.5929,-9.2424,-2.5063,9.141,0.4632,1.5364,2.3623,-6.643,-0.2446,3.171,6.6876,-6.0033,9.8483,-8.6059,-7.778,-9.9887,8.4972,0.9362,-2.4146,-9.6778,-7.7071,-5.6066,-9.6449,-9.0666,-3.9393,-4.6927,5.4861,-7.0874,9.8893,6.9152,-0.4961,7.5318,4.0972,4.8004,-1.8207,1.9406,-4.699,-4.7002,-0.9645,-0.8299,-8.3531,-8.0047,3.0206,7.7867,3.2892,0.5038,-5.1831,-4.1341,6.2564,-6.053,8.7048,-6.0703,4.3411,4.4761,-7.4877,-9.6744,-5.7079,7.3606,0.4526,-4.338,3.9246,0.5129,9.275,6.0768,-1.8006,-5.1638,7.9521,-4.5491,-8.9251,-6.4251,-2.0332,-1.3449,-5.2054,0.9006,-0.9196,-0.003,-3.3342,5.6903,-2.1823,7.1875,-1.7505,2.2331,-9.8431,-9.3095,-1.0431,7.3558,3.1912,-8.4962,-8.8891,-0.4677,7.8511,9.6253,5.6918,1.6336,1.7829,-1.7707,1.7829,6.4912,-7.1042,8.9545,-2.6125,9.9435,5.8489,3.2627,7.881,9.5588,-1.1601,-1.4578,4.8973,2.2654,9.5382,-0.3673,-2.1861,7.6832,8.6985,1.7879,-1.9536,-2.0848,-9.214,6.2374,1.8406,0.2305,4.1315,-1.4983,-4.9662,0.0152,8.9259,-4.5526,-9.7598,6.8768,5.0065,-2.6119,6.5967,3.8269,0.0665,7.7494,-2.6412,2.0929,-0.1002,-5.3657,-5.5885,-3.285,1.337,2.2622,-6.6452,1.1721,5.1998,5.7831,-2.2441,3.9759,-1.6478,-7.6791,-4.9887,-5.4692,-9.5918,-8.8336,-0.2267,-8.1557,-6.9222,5.8779,-5.8933,7.2352,2.6875,2.5497,2.192,2.313,6.1331,3.3017,-8.0283,6.5297,4.0412,-2.5461,4.5556,-2.4215,-6.6714,-0.2876,-9.7722,-8.189,0.3375,-2.9355
7.8147,-4.6545,4.9231,0.6952,3.8617,7.9724,2.8361,1.9258,-9.9449,9.3791,0.6374,-0.1435,-4.5469,6.2924,-5.64,-8.4254,-1.0754,0.0696,7.4392,-8.6021,3.0715,4.5206,3.9418,-5.4606,5.6886,-6.601,-5.0604,6.7679,-5.5602,-4.8086,-9.0558,8.3925,-6.6149,1.9106,1.578,9.3307,-7.271,7.0109,-9.1239,-5.5944,-8.2081,-5.6194,-5.0784,-1.4344,-9.2908,-7.9842,2.5713,5.8871,-4.4209,9.8201,3.9304,-4.6152,-4.6612,-2.6621,4.0735,-0.8387,0.0141,2.9705,-7.8256,8.8045,-3.8389,-5.2685,6.6289,7.0498,-9.1224,-4.9922,7.2771,-7.9455,-9.6363,-6.807,0.9342,-7.615,-6.5981,-1.435,-0.405,-4.6564,8.605,4.6206,3.8558,-2.3107,0.0931,-3.0179,7.3163,-9.8123,-5.6396,-2.838,2.8537,3.8796,-8.4061,-7.5459,8.1341,-3.3495,0.4675,-6.0225,1.5444,-4.6792,-4.1431,-5.7429,0.3946,-8.4191,9.5464,0.608,3.5554,-9.225,-1.4795,-0.4697,-9.8049,5.8947,-6.7784,7.1797,9.8215,-8.1253,2.633,-8.9377,0.2483,4.2828,-6.0744,9.9506,-9.647,-3.6913,-5.0956,-0.2223,2.3891,2.3404,-9.1487,4.0941,-1.0003,-4.713,-0.1882,-4.1835,-3.6432,-7.371,-3.2131,6.5731,-9.1912,-9.4681,8.573,-3.3894,9.9995,-4.5911,-5.7149,-1.401,9.8073,1.8906,-6.5871,5.9989,-5.3398,-4.0041,-0.9854,-5.3753,-3.7188,-3.175,3.7925,6.1858,7.0822,-0.7925,8.0608,1.5643,8.8795,6.001,-1.6236,2.8885,-9.951,-9.602,-4.4878,3.5438,-0.8566,-8.8146,6.5521,3.7789,-5.9521,1.2266,4.0534,9.1012,-0.1158,7.9719,3.0005,-7.7532,2.2576,-9.148,-4.8104,-0.7572,5.5915,7.7993,-0.7543,-1.5718,5.844,0.9524,-8.0385,9.4882,-6.7925,-4.9797,-2.9399,-6.1446,-9.9312,-6.919,6.2661,-6.9041,-5.5871,3.3417
-3.6843,4.8886,-5.8754,2.7643,5.0885,-5.7234,-8.1928,-1.0916,0.9799,-3.1537,-3.1806,0.053,2.4082,0.4627,8.9216,7.3339,-0.5555,-4.5498,6.2269,-4.2929,-2.8764,-0.0536,8.9753,2.7758,-4.9151,-5.2037,-9.4547,4.6063,-3.0295,3.7272,-3.4331,-9.936,3.7138,-8.9793,-1.0297,8.7957,2.5468,3.7361,-9.1955,-0.9487,5.9559,-1.7436,-6.86,-1.5211,-7.4696,-4.5333,6.6401,9.0049,0.7127,2.0094,-2.208,7.6567,3.8931,6.5062,4.1745,-5.8937,-1.1469,8.0967,1.8589,7.474,-3.3297,-3.0413,7.5686,3.6288,-0.2982,5.7389,-8.7272,-4.1297,-0.9424,7.3531,-0.2453,-2.2022,5.2002,-4.4083,3.3218,5.8414,-8.1949,7.7412,-6.8361,-3.8109,-5.3427,1.9123,-9.9815,-0.5507,-8.1469,7.087,-0.511,9.4749,-4.6019,-0.5539,8.4966,-4.3594,8.717,7.081,-4.9179,-1.9506,0.4305,2.3583,-0.1291,-9.1994,-0.9108,-0.4251,-9.2491,9.6885,-4.2529,0.2612,-1.2342,7.4012,7.3585,4.9184,-8.3192,6.9936,-0.1526,-8.6926,-3.615,-4.4517,-5.3748,-4.3244,4.4463,3.3109,-4.5598,-7.2233,-5.4976,-3.7863,-4.341,-1.3963,-2.3633,-8.0901,2.6112,2.2393,-6.4302,2.1191,5.217,-2.2055,9.7916,9.4459,2.2055,1.4996,-4.3607,8.8523,-3.3328,-6.5047,-8.1136,-7.9861,3.984,6.5626,-1.8329,7.1296,-5.0309,-6.9982,-0.0822,-6.0119,-8.0068,-2.2008,4.9092,8.4394,9.6662,-9.9727,7.0073,-1.6996,-4.7472,-2.7757,-8.2585,0.1265,-0.9265,0.9506,5.9048,9.2772,3.6935,-9.1987,0.6572,0.1665,-8.369,-6.8034,7.903,-7.3588,8.4,3.9965,0.9995,6.9121,-9.3158,-9.5223,2.8191,8.8512,2.255,5.9662,8.2777,-9.4106,1.9833,3.7864,6.7327,-7.3687,0.057,-0.9781,0.4286,4.4042,4.0471,-8.4834,5.837,7.7972
3.1467,8.1415,-1.1451,-0.0422,-1.5796,2.4759,6.8239,6.8992,-4.8603,-4.4841,3.9111,0.8137,3.4486,-9.1852,-2.769,-9.7484,-6.9538,1.831,-5.0119,8.5409,6.2744,-7.1491,-9.7091,7.9366,-4.679,-2.591,-2.0196,-5.7482,-3.2593,0.3762,-0.072,-1.558,-2.9026,-7.5713,-1.9886,-1.027,5.6756,-9.7867,3.3422,1.5416,1.553,9.898,-6.393,-7.4529,-2.4302,-0.4794,-9.2712,5.6741,2.0602,-3.2488,1.3343,-2.3887,9.1738,-2.4933,1.9149,5.6575,4.5974,-9.2035,0.2526,2.5029,-2.8757,-6.0927,-2.617,-4.3229,-1.1266,9.904,-8.9347,9.3264,-0.3677,1.3505,8.3198,8.6757,-8.2567,-0.3836,-9.1973,3.0137,8.565,-0.8456,6.5246,1.1176,-2.7295,4.323,4.4267,-2.7437,-1.5944,7.3837,-3.7279,-8.507,1.179,1.5307,0.5692,3.3534,9.474,-6.396,-8.1611,7.551,-5.7954,-4.424,8.1913,-8.4354,8.5964,-1.7435,0.8512,-8.8585,8.0563,-9.1263,-1.5171,-7.5061,-3.467,-8.4044,2.5439,-9.2478,-4.1964,4.7191,3.3488,-8.1533,-0.2806,-2.0969,-4.1979,-5.3955,-0.8408,-4.9329,5.7811,6.6293,2.6549,2.8042,-5.3556,7.8914,-9.5627,-4.2576,9.1584,-6.3975,-1.38,-3.0322,9.9528,-6.1107,2.3717,-1.5758,-2.4791,-7.9163,8.7318,-1.2503,-0.496,6.3477,-8.0498,9.7792,4.165,2.9865,-6.2852,-3.1165,6.7413,-4.7351,-4.3649,-1.7383,-5.8793,1.7453,2.892,-8.7029,6.8181,5.5167,5.4778,-9.755,1.3964,-9.8231,9.6995,-0.0034,8.6144,-8.9645,3.5727,7.855,1.1763,3.0244,9.2803,-0.6228,-0.0648,-5.2488,3.6953,-5.6103,-3.2344,6.9078,4.275,0.7726,4.2619,-6.1831,-5.1065,9.6678,-7.3407,6.3499,7.4795,-5.662,-3.428,-8.4312,-0.5103,7.4708,8.5974,0.6234,-2.2421,9.9534,7.8633,6.3141
-7.4062,-6.8349,-8.1812,-5.6158,1.3195,4.0668,8.9439,2.0917,7.5381,-7.4521,8.0449,2.9616,-1.3973,6.2316,5.6636,-1.3121,-4.832,7.0914,5.9199,4.6005,9.2143,-7.435,0.5592,1.3476,7.4381,2.7598,-4.6941,6.6038,-5.7943,4.3168,-7.7553,5.746,-9.3132,-5.5629,1.3309,-5.3429,3.982,3.4799,-3.4479,7.1956,5.677,-4.7977,8.8084,-7.8239,0.6224,-0.1343,-1.7667,-9.5493,8.8479,-9.6764,-8.3703,-8.7626,1.5181,5.4928,-7.2704,7.6361,2.9445,-0.8783,-2.2708,-9.7285,0.1786,1.2637,3.2995,7.2018,-4.0866,5.702,3.7008,3.523,-4.1249,-1.6146,-7.0724,-0.3125,-4.2851,-0.4751,-2.7527,5.2361,7.7863,5.4619,-6.4226,3.4066,5.789,8.1748,-5.4005,-7.487,7.8575,8.9331,-1.3778,0.3745,6.5163,9.9361,-9.3606,-8.184,-1.5753,-8.0455,8.8988,-6.4853,4.3022,-7.6634,-8.5586,-3.531,-7.3366,-8.2673,-5.0695,-7.7893,1.8581,5.4833,9.8458,4.7957,0.8445,-0.5958,5.0423,-4.6467,-8.6857,9.05,7.87,-1.3389,-9.2008,-1.9678,3.2761,3.0625,-5.3535,2.0104,7.2242,9.5698,9.5906,0.645,3.5639,9.6635,3.4827,1.4311,-3.3075,-9.4193,7.7319,-9.9816,8.885,-9.2696,-2.5424,-2.2441,0.1313,0.0238,3.5221,-3.1186,-8.4176,-9.2805,2.032,-0.1613,-8.4134,3.0566,-2.7947,-3.8182,-5.1325,-1.2107,-8.774,3.8132,-0.448,7.2568,-2.153,4.7585,-3.6184,-9.5024,2.2725,-4.5376,3.2395,3.0433,-2.3942,7.6841,-4.514,-0.2266,-3.1998,-9.2293,-4.3195,8.9325,1.3895,3.7928,4.9522,2.1566,-6.083,-1.5646,6.318,-1.5343,-7.7961,3.8186,-8.5083,-2.3643,-6.7494,-4.8338,-1.0199,-3.5289,7.3936,7.1177,1.264,2.2182,-6.4444,5.9334,4.62,-5.5171,1.0981,-8.8518,2.9339,9.838
5.2242,-1.104,1.0025,1.4628,-2.8274,2.8704,-1.6606,3.2284,9.7905,-8.4441,7.1697,9.1755,9.4082,-4.7674,9.8827,-8.9109,8.2845,-5.6491,5.6715,4.7645,-0.9436,9.5773,7.2906,-1.1871,5.0789,7.1613,-8.8104,9.9226,-9.3678,-5.5867,7.5778,-2.983,2.1076,-4.08,-0.2245,2.7498,-0.2102,4.1357,0.6598,8.5085,-9.5424,7.4689,-9.676,9.917,2.3908,-7.5309,5.1279,-2.2878,7.1545,7.4109,-1.2189,6.0337,-0.1123,8.6769,-7.5308,1.8929,7.0674,-3.7143,5.8165,0.4797,4.2209,-8.8703,-7.7416,-8.053,-9.2506,9.142,4.0815,-6.5746,0.6141,-0.2982,-6.2445,8.6063,-1.6208,-6.0826,-2.9551,9.3511,9.4195,-3.6189,-4.276,-3.3545,-8.4979,5.4771,9.8278,3.4381,3.7278,-8.0733,-9.1702,-4.256,9.9583,5.0126,-6.1143,6.3449,0.9135,-2.4546,4.799,8.0385,6.4757,1.8927,-9.9301,-2.3073,-6.9531,-7.9833,-4.4699,-5.6138,6.6723,1.9762,2.6842,-0.5593,-4.952,-8.1112,6.9481,-7.4656,8.1914,-8.4376,0.7679,9.9141,-4.4751,3.2838,8.0773,4.2621,8.7683,6.8514,-8.2085,1.0531,-7.6868,-3.8247,-4.3893,-6.5225,-3.2586,4.9645,-2.4149,9.1319,4.1072,-4.9844,0.8533,-6.5845,-1.1307,-3.6228,5.0123,5.9823,5.3178,6.8926,6.9838,7.9499,-8.703,1.8599,4.4838,4.8001,4.4341,9.1208,-4.3459,2.0369,2.4152,2.1334,4.7903,1.5371,-8.8606,-5.107,-9.3755,0.2918,-1.3339,7.9476,-1.1332,5.5885,7.6715,8.2478,7.2523,-5.0565,-0.541,4.5446,-2.5891,-7.69,4.781,1.8346,6.0038,4.3402,-6.9886,0.7682,-5.6228,3.8928,7.6701,-7.8585,6.555,-2.7326,-3.3606,-5.849,9.0593,-2.2089,6.141,4.9463,-5.1382,3.9557,-1.3137,0.9086,-4.9984,-1.2466,-9.4967,9.5828,-9.2211,-8.3927
-7.2288,0.1947,7.0072,9.8221,6.4583,9.3927,-0.1755,2.0952,-6.299,1.0987,-8.5978,5.5183,-9.5812,-7.9544,1.1768,-0.5564,-5.9223,-5.2957,7.6003,-2.9601,-9.4702,0.8798,9.3825,4.1332,-3.2152,2.86,1.1096,6.594,-0.9512,-5.9236,1.4338,-4.5539,4.1174,-8.4616,-4.0171,-6.1721,-3.9178,-8.0449,5.1235,3.1433,7.1107,-0.584,6.8346,9.041,-4.1829,5.9075,-5.3768,7.4178,-8.4264,9.534,-5.0187,5.8007,0.0932,-8.526,-3.7708,9.9593,-5.7407,-8.0119,-9.4379,9.6284,5.2598,-1.5283,6.6363,6.8216,-2.6618,7.9675,0.6399,7.6004,0.0776,-5.6307,0.5306,5.2464,-1.0801,7.1842,-8.8711,-7.4454,0.464,0.532,7.1153,0.5249,8.5937,9.4029,2.7894,6.6117,7.8942,-4.9312,6.8917,-6.6,-1.143,7.5663,7.7191,3.2052,-2.3318,-0.3757,-2.0641,9.0505,-1.1101,6.8322,-5.5413,-1.7882,-4.4836,3.301,7.1798,-7.7675,-8.7766,3.2399,0.5137,5.5297,-2.2892,5.7432,0.5646,1.7706,5.6963,-5.2863,-0.2365,-4.8247,-0.115,0.7857,2.6181,-2.4167,1.2331,4.036,5.6922,9.2956,6.2596,4.7998,0.9794,-2.5956,5.2667,-5.7815,-9.6138,2.9895,2.9164,2.6883,0.2348,-5.6657,-5.4396,4.28,9.3552,0.9503,6.3691,2.4482,9.7347,-6.1228,-7.26,1.199,-0.7507,-3.739,2.9894,8.8826,-4.175,5.0721,-8.614,2.4192,-8.445,1.0787,8.5944,-3.4161,3.6179,-9.7565,2.2333,2.4288,-7.4372,-0.6459,-6.3182,3.9436,-6.4685,-5.9587,-2.6525,8.2186,1.7073,-4.6538,3.335,2.0231,-8.6977,-3.9728,9.783,0.3027,7.6977,-3.0671,5.677,-7.6586,-9.0635,6.2709,-2.8206,-4.0612,-7.7732,-2.4861,-9.6773,3.3468,-3.9076,2.6281,7.5457,-9.4876,9.8016,0.4174,5.2879,8.3806,4.0906,-0.6867
0.679,-0.8852,2.3615,-5.9319,-3.6682,7.872,9.2677,-0.9973,9.8609,-3.9029,7.9474,-5.4938,1.4334,1.0393,-5.9672,0.7621,2.6672,6.0394,-4.5571,1.0694,1.9819,-5.624,-5.7909,6.5733,-7.0009,9.6446,8.2285,5.4973,-1.139,-6.5095,-3.8885,0.0193,-7.5377,-5.1369,-0.0453,-8.0173,7.1066,-9.8183,4.2545,-4.0803,-9.5338,-7.4183,3.355,2.8939,-1.7237,2.8941,-7.4386,3.4147,2.6702,3.1637,6.6807,2.4189,1.5645,4.6048,-9.1058,-5.8223,-1.2775,-4.4089,5.1375,-8.0181,2.4781,3.3258,9.0606,6.3681,-6.8704,7.754,-1.5953,1.1729,-5.7514,-3.7107,-3.5476,-7.5081,-5.8665,4.1765,-3.7066,-1.112,-3.5192,7.1264,8.0457,-5.5208,-6.6426,-1.9258,6.6033,-6.1016,4.0944,-0.3751,-6.3618,-4.8661,-9.2881,-9.6581,-1.6738,-7.9687,4.0148,9.3871,-5.9199,0.7331,-6.1648,-3.0667,9.4302,-6.6293,-7.0778,4.8378,8.0606,1.1172,-8.3808,2.2117,1.5257,-3.4395,6.3547,7.659,9.6563,2.0078,-9.8655,1.4691,-2.5781,-1.093,1.4743,-5.4002,1.2545,-8.7859,5.9427,-7.8396,7.3674,0.5647,1.0389,-9.0017,0.8659,3.2757,6.4536,-1.2463,-2.7509,-2.2969,-9.8835,-6.2311,-2.3817,-9.0678,-9.7332,-9.8893,5.8925,0.6254,5.2611,-0.0279,-8.0082,9.3087,-0.5257,-3.5347,2.51,-2.3045,5.7793,-0.8726,-0.1764,3.8389,6.7688,5.0159,-1.421,8.4206,-8.2911,-4.0368,-7.7948,3.8248,-3.7024,-7.4565,-1.0067,-5.1628,-4.8124,-1.0691,-7.3053,-3.4348,-3.903,-4.5888,-8.7127,-5.6228,-0.8397,-4.1861,-5.0293,1.2185,-5.4899,-3.1409,3.3475,-8.2987,-5.7815,-3.6283,1.5983,2.5084,-8.5811,7.786,-7.961,4.9353,-0.1237,9.4225,4.0632,5.5531,-7.7238,-5.9648,-0.5184,-3.8332,-2.9256,-8.4429,4.1808,-4.371
7.2424,5.06,1.3708,8.3279,3.0004,-5.6332,9.4552,-8.8679,-0.876,-0.5056,-8.9749,1.1441,8.5686,3.4793,9.4888,-7.3261,-8.8197,-3.7954,-9.4157,-0.3961,-7.6407,-7.1992,-2.5799,0.4303,-5.4226,5.0569,9.956,0.9656,-1.0547,2.181,5.8278,9.1565,-9.6652,-5.8866,-4.7155,2.3451,-2.3073,-2.5826,2.7123,9.9205,4.4778,-2.4926,3.1789,-0.5451,5.5886,-9.49,4.2089,8.3939,1.0684,1.5254,-0.4089,-1.0933,-5.1532,3.3343,-5.5437,-9.9387,-9.1405,7.7618,0.2474,-2.5519,9.5912,6.5908,-1.2483,-6.2837,-3.4002,7.7431,-3.6416,-6.2316,1.236,-2.6291,3.4306,2.8401,4.6953,2.6725,3.7489,9.8342,0.9798,-2.1064,-7.0074,-7.4391,2.5888,-3.2218,3.4691,0.1394,1.7631,7.7839,1.1516,3.5805,0.873,4.1741,7.3246,2.8102,-3.8751,-6.7379,9.8529,-8.4516,1.6794,-5.9007,-1.1319,7.1808,-0.2801,9.2687,3.7471,1.5695,0.8275,3.4913,-5.9226,4.5631,2.9182,2.5687,-1.6619,-8.5367,-5.5383,-3.6242,3.3032,4.7354,9.5235,-4.9842,8.9306,-0.5959,6.7965,0.9113,0.5575,7.8843,4.3682,-8.476,6.7627,1.6047,3.2666,-0.7351,-6.6902,8.7576,5.1628,-5.002,-4.5887,-2.7156,-3.6677,9.6463,0.0448,7.4251,9.9241,-0.3351,-3.3343,9.1896,-3.7039,0.9432,-9.0511,3.4837,4.4837,-1.3957,-9.7536,-4.8163,0.3655,-4.2554,-3.3357,0.1397,5.0986,7.2671,2.5028,-4.7751,3.9916,9.0066,-7.1391,8.1513,7.9996,-4.9559,0.0928,2.3271,5.2203,-2.3666,3.1219,-7.3316,6.6786,-7.8436,-9.5116,4.8816,-2.7999,-0.3104,0.3915,-6.3867,6.9915,-1.8753,-8.0256,-3.9007,9.4083,-3.9254,-6.104,-4.0535,-7.2174,2.8215,-9.9378,-1.2026,1.3882,-6.4057,1.3985,-8.6979,-1.0248,-4.169,-0.7611,-9.7399
-3.5356,-0.7479,0.1058,-6.7348,-5.9231,3.9072,3.3255,5.6144,-0.4188,-2.0072,0.5111,-8.7926,-9.8757,8.7408,-8.2082,-1.6225,-9.8201,8.9552,-4.3174,-7.7716,-4.3351,5.6302,-5.8014,0.2763,6.1793,6.3103,-3.619,-0.2472,-8.6066,-0.2013,-7.589,-1.0465,-5.9945,-6.4229,-1.9298,9.9577,2.2187,-4.1505,-3.0014,6.868,4.0737,2.5576,-1.6866,-6.6452,-1.8859,-6.4498,4.4227,-5.0987,5.1964,0.6999,-6.0038,-0.2121,-8.4745,-0.1953,-0.0983,8.7813,8.2331,-6.4589,9.0731,-3.8484,8.8014,-4.4128,3.1702,1.5714,8.0527,-7.2959,4.3793,-2.8349,-8.2741,-5.842,-4.5253,-5.9638,5.8708,2.8368,-0.7181,-6.2447,-5.0139,9.6014,4.8057,9.0162,0.037,6.2056,7.3456,1.0689,-1.858,-5.1665,6.4662,-8.9025,-9.6376,5.0519,7.9966,9.5828,9.9403,1.2063,-2.5864,-2.2966,-4.4814,7.8203,3.9378,-4.7824,6.8619,-4.8215,0.1741,-7.4577,1.8721,3.625,2.0796,6.2409,-0.1006,4.2452,-2.8575,8.2416,-8.806,-5.1834,6.1626,-8.2589,-1.5325,-3.8903,-0.54,-4.8684,-4.7386,-1.5898,3.9296,-6.2029,-2.5136,-2.4403,-7.5954,6.2677,-4.2921,0.1095,0.7529,-9.4258,-4.5201,1.1261,-7.8607,-5.1526,4.7396,0.4771,-2.5382,5.3858,8.8279,-9.2133,3.1463,-6.9284,1.8373,8.6497,8.3902,1.1668,-6.2162,3.9663,6.9312,0.3735,9.2645,0.1371,-3.558,1.3125,-1.5243,7.5035,8.4176,-1.352,-7.1219,-9.5847,2.4408,-2.389,-2.1956,-8.2603,-3.6326,5.7614,-9.5564,-7.3034,7.7961,4.6639,4.9935,-6.415,-1.7306,-9.3339,-3.1781,-7.6699,8.0518,-3.0262,-6.1918,-9.9161,-8.1338,5.9854,6.3249,4.2351,2.3466,9.6753,3.6745,-1.4386,8.2528,-5.4328,8.4835,-2.2121,2.926,2.2708,-2.0244,4.8535,-9.3825,-7.0495
-2.0201,-9.8946,-5.6732,0.7356,5.4362,8.7925,1.0446,7.253,-5.1071,5.9974,6.9479,0.2704,2.7775,-8.6041,8.0058,-8.0992,-2.4228,9.6413,6.689,-1.7587,4.6154,-5.018,-2.4818,6.3803,-9.499,-7.9595,4.5469,7.5355,6.7632,-1.0251,7.1571,-9.9152,8.4273,6.8781,7.6512,-5.0661,7.0004,-3.4868,6.4783,-1.6222,5.7838,-2.5207,-7.6496,-6.417,9.6619,-5.3592,3.2555,3.3559,5.0376,-8.2679,8.9886,-1.3639,-5.1838,-2.2916,7.0986,-5.3197,3.7514,-7.5755,-1.8865,7.6761,-6.1366,-3.6532,0.7616,-2.2887,4.3527,-8.7852,-8.7421,5.0272,-6.1325,-0.2935,-6.1265,-0.5183,7.4069,-3.7074,0.4429,4.5409,-3.6375,-0.4039,-7.8821,6.4341,-1.7864,1.0156,-8.3069,-2.5682,-3.6947,-2.5383,7.5032,8.5664,9.5039,-4.6593,4.4833,2.6202,-5.0571,5.6249,6.5628,-7.8074,0.8683,8.3929,-7.0628,5.1934,7.0273,-6.076,-4.9675,8.4777,8.8892,-6.1448,7.985,9.045,-5.1313,-9.1998,4.2185,-5.3942,9.6752,6.0101,-4.158,-0.1807,4.5748,-9.5757,-4.0502,1.4339,2.0596,9.4222,0.1498,-8.9837,-8.4246,-7.587,3.1086,-0.1624,-4.8997,-4.5644,0.4132,1.5424,-6.1487,-2.6424,7.5546,9.6187,3.8049,-3.2042,8.6847,2.7924,-3.6591,2.6436,5.6711,6.6281,6.9519,1.0608,-8.9888,8.1667,-7.2589,7.1534,2.954,7.8169,8.0848,-7.6073,-5.8394,8.2146,-2.1909,8.1056,4.2071,6.7192,-5.2689,0.1617,7.743,-9.8382,9.0048,-7.5481,-4.0142,4.5479,2.2839,-0.7701,9.5008,-7.4464,1.7239,7.9142,9.9797,0.4911,1.0617,9.7389,-5.0672,9.5926,3.3259,8.225,-4.372,6.447,-8.7695,3.2229,6.7269,9.5715,-5.9035,6.2053,8.4925,-7.4288,-7.8355,6.1513,0.507,-3.8726,-8.0988,-9.6622,7.2845,-9.1509
-1.4422,1.096,-2.6367,4.5389,7.2354,2.426,-2.1088,-0.9603,7.826,-5.1078,-5.2914,-9.269,7.7268,-5.7299,6.041,6.6289,-2.6254,-6.0896,9.0086,-4.6565,2.2056,2.0202,8.9667,1.1952,7.5776,3.6482,7.5379,-6.4645,1.2193,5.8544,-0.9579,-7.1284,6.7141,9.8696,1.0429,5.0599,3.7276,-2.6297,-0.3924,-8.2798,-6.1136,7.7909,7.5164,-9.7309,0.7017,-2.6713,-9.8818,-5.5943,-8.3992,2.4104,9.9369,5.1451,-3.3255,7.9536,-3.6484,-9.4351,-7.966,9.0061,6.065,8.1019,6.9936,4.9541,2.8849,-8.5658,6.7891,7.8411,0.6394,-5.7817,-7.7874,-8.1106,6.8525,3.0267,-1.2764,-9.814,-7.9084,8.1084,-9.2242,2.8774,-8.2948,7.4228,0.7557,1.9525,7.2565,-6.8612,-4.8244,-1.41,-2.8577,-6.3037,-2.9311,-7.4564,-2.9731,3.0158,6.7745,8.5112,-1.1303,-8.3607,8.4222,-2.4468,-2.7927,7.2109,1.104,5.2429,-0.0948,-2.7777,9.6837,-0.7371,1.4518,-1.8623,2.9179,-3.7605,-7.1288,-8.5956,-2.6018,1.4871,-7.9206,-7.8415,3.9081,-2.4215,8.7374,1.3865,-8.4958,0.7137,0.2968,-7.1107,-2.4764,-2.8732,-3.4899,9.7438,4.0248,-8.2051,-4.5007,-7.7032,4.9491,6.4589,-9.9018,7.0736,-1.3398,7.4074,8.704,-1.4138,4.2961,-0.6886,0.8299,0.8032,3.872,6.4603,0.6076,3.023,1.8086,-5.1969,-3.7651,4.0291,-5.9236,-7.1522,-8.8597,-0.2385,2.7738,-9.7158,-6.9343,-8.3467,6.1812,0.1325,3.7257,-2.9902,2.9306,2.6146,3.7611,1.5254,-4.121,3.0706,2.2926,6.6879,-9.6587,4.7362,-7.3147,-0.486,3.8299,4.2206,0.9268,9.9041,-3.9516,-8.647,-2.4437,2.36,-3.4617,-9.6661,6.3461,-1.5454,9.7071,-6.1919,-2.6535,-0.5891,-5.9926,2.4716,3.4887,4.878,-0.8961,-5.1211,5.8594,-0.466
3.4704,-5.7222,4.9745,0.1503,4.6085,-3.0368,-6.4994,6.9633,3.5654,3.4817,-4.0956,3.0902,-8.6006,5.2435,5.5288,8.9671,1.2499,-3.7095,5.1704,0.2219,8.0216,7.0204,3.5273,5.4521,-5.4439,-8.9283,-9.4936,6.0048,4.9214,1.4789,4.9702,-9.6727,6.4784,4.3594,0.0679,-4.5197,-1.9743,5.3594,4.2454,-4.6764,6.7452,-5.8162,-9.2144,9.8759,-0.6409,1.6656,-4.0832,9.3998,-2.8461,-0.7215,-2.5983,4.8776,-0.2832,2.7015,-4.2026,1.8023,0.5291,8.1905,9.0894,-0.4778,1.1085,-9.8797,1.5141,-3.1761,-7.0915,-2.8417,-0.9126,4.2588,0.274,-4.8882,7.3524,8.2783,-4.3452,8.5855,3.9676,0.3316,3.3816,-4.4169,5.5179,8.5201,2.0836,-2.8402,-8.8732,2.2521,-7.7447,-1.9783,3.2339,7.6595,-2.8755,-3.3427,3.7433,1.9297,2.6289,5.5137,-7.5422,3.0383,2.7062,-9.1154,0.5871,-8.5905,9.9546,-5.7292,7.2184,-0.259,4.5997,-0.96,3.9434,5.8981,-1.9054,1.2651,-3.1036,-6.02,-2.2511,5.1022,-7.8231,-9.0008,0.2442,5.835,-9.2222,7.7988,1.0298,-5.4579,-0.2134,-0.6035,-6.5086,6.3938,6.6523,-4.5261,-9.6446,-9.2243,0.2273,7.6851,-0.7784,-7.1811,-7.9511,7.7327,6.1744,-9.4195,9.379,-3.6638,-0.6825,-5.533,-8.9318,9.18,2.6055,5.8634,-5.6887,-5.9528,9.4323,-0.8859,3.8654,-7.9298,2.8261,-2.9934,1.6337,8.9697,-2.9268,3.6203,-7.6794,-2.8383,-5.6614,0.8351,6.7652,-9.4674,-5.3225,-8.4819,-4.0543,4.3984,1.0985,-1.8797,-0.7534,8.5947,-2.5231,-5.7416,-4.7408,-2.7608,5.3849,-6.5504,8.7789,-6.0186,-0.6514,0.7036,-7.5387,8.744,-0.1092,4.4853,-0.2343,-3.7687,-1.8312,-5.4916,-8.6319,5.8475,-2.3225,6.9853,7.0435,-2.3521,0.6741,9.897,8.4988,8.3705
1.6813,4.8986,3.0426,1.2887,4.5184,7.8129,-1.5114,-2.7002,3.5895,3.5473,8.2163,-3.773,-9.6026,-1.4786,4.3354,-4.9561,-2.0689,2.5509,-2.9793,5.8602,3.8498,-6.9954,2.2074,-4.2835,-9.9671,-1.0602,7.0811,-3.795,3.4385,-7.7302,-5.5692,4.905,-2.3565,2.6329,-7.377,6.0051,-9.433,-8.2919,-2.6591,7.996,5.1298,-1.0513,2.8024,-9.3239,8.3737,-2.3258,-8.3217,7.5587,3.2499,-6.6733,1.8432,7.884,1.3067,-2.3158,6.22,-8.3053,8.057,8.743,-4.9387,5.5103,-3.6316,-1.4912,-9.8179,7.0801,-7.9854,-4.7596,-0.4935,-2.0291,1.3265,-5.886,-9.1632,2.4584,-5.3319,-9.4838,-3.6257,9.6233,0.7531,-4.5986,8.7923,1.3403,-1.1664,2.9878,-2.8564,-7.357,-0.5872,0.717,7.6665,-1.805,-0.8587,2.6578,8.0715,-8.7103,1.0341,8.6305,3.7015,4.4603,-0.6721,4.45,-9.6495,-5.2318,0.119,5.9633,5.0365,4.6346,7.7624,1.5627,1.9274,3.9057,9.0612,-0.1217,5.4162,-3.4008,-4.239,-7.4674,-3.1036,-3.412,1.7442,-6.4254,1.1299,-5.5508,-8.3171,-6.5708,-2.9233,-2.0106,2.2207,-4.0271,9.0425,4.2818,6.7335,-2.963,3.9473,6.5249,0.3376,-7.1148,-1.7728,-2.7774,-3.0659,5.2595,-0.0996,6.3076,5.3146,0.7292,1.354,5.8843,-2.0512,-9.9478,-9.7286,-6.6879,-3.0919,-4.065,-9.4905,8.0204,-7.548,-4.7249,2.3363,1.1846,-6.6653,4.3893,2.4601,1.715,3.0154,-1.2347,-4.5764,-1.7059,-2.5254,7.8984,-5.1444,5.0807,6.7639,-4.9829,-3.0434,7.0008,7.9738,-7.8286,-2.2958,-1.2053,6.4687,-1.4473,6.7968,-2.7997,-3.5131,3.2141,-7.1851,-8.6602,-1.2394,-7.4447,0.3193,-8.2426,1.0916,-6.3737,8.3285,-6.919,2.1785,-7.1893,3.2784,-9.179,-5.6819,-8.1512,-2.8272,0.4611
4.9231,8.1443,0.8658,-7.5375,5.1888,-3.539,-1.4635,6.7499,1.4375,-9.5222,0.7602,7.5467,-1.8029,-5.0309,-5.7873,-3.845,-1.8698,-2.4017,-2.7864,-5.7018,-8.8135,-6.9752,-0.7092,1.7114,8.7579,-0.7657,5.1578,-7.3987,6.3894,3.6088,3.4624,7.6842,9.6387,0.78,-8.4969,-5.301,-1.339,-5.7444,7.9308,-2.5843,-9.0587,4.1817,7.5801,1.2904,6.3992,1.0062,1.954,-4.1761,4.4778,-1.7598,-7.5529,7.2043,-8.701,4.3379,5.2847,-6.5682,-1.4868,2.6378,4.5136,8.4056,5.7913,-9.2114,5.1508,-1.8744,6.0835,-7.5859,3.9114,5.0335,8.2088,-3.2746,8.512,-4.8174,2.9383,2.611,4.3801,-6.6256,9.523,6.8742,-5.8194,-3.9797,2.0461,5.7782,-9.1641,7.2839,-8.9266,-4.1699,8.6093,4.675,4.2998,-9.9459,7.7879,-0.5828,-4.2175,6.4249,4.5612,5.2383,-9.3383,5.3563,-5.1151,7.4815,-2.1649,3.8149,1.8121,-9.6879,-2.0884,6.4559,-4.2532,5.6656,4.421,3.386,1.5081,-8.9551,-6.2466,1.6627,6.261,-8.18,7.0931,2.144,-1.9594,-5.6862,4.5923,-1.2971,-3.2205,-8.3766,-5.6698,-7.8918,-6.5986,2.4364,1.7153,-4.5535,0.2926,-0.983,-5.8299,-0.3826,6.1743,2.6533,-5.6339,6.9565,6.2683,9.6214,-9.4378,-7.3334,-6.8534,-8.3233,-6.0064,-5.1687,2.9745,9.9266,5.3306,6.6548,-9.1502,9.9002,-2.6181,6.0573,4.7414,4.0571,8.9258,-8.0869,3.7702,-6.2188,6.6217,7.7671,8.3891,-5.9042,-1.7912,5.4524,-6.7658,0.1071,1.3589,4.7599,7.8083,-6.2122,0.5148,-6.3043,9.8725,-4.567,1.5522,-9.3571,9.2354,-0.2176,-1.0041,-0.2775,-6.5979,1.6671,-5.5137,-8.4032,6.7072,-1.799,-5.9738,0.2918,-0.9778,0.6844,-7.3701,9.9556,-9.7903,-7.9769,-0.2473,-2.8717,-5.7325,-6.3779
-5.7476,-4.255,-1.7024,3.1986,9.7164,7.9111,3.9607,-8.6395,0.8011,-0.0126,6.6468,-1.5018,-8.7632,-8.9639,-7.2843,6.9755,-1.1931,-5.6749,-2.8902,2.8912,-2.4965,8.8792,5.1295,7.8468,2.268,-2.8332,-4.8004,-5.5965,1.3195,-8.1469,-0.6253,-6.6948,-0.2776,5.7951,-1.9378,-4.4802,-2.8573,8.6124,-1.2459,-1.1039,8.4861,4.1312,-2.5734,7.7622,4.1548,-3.282,3.0602,6.4077,6.7843,5.5589,-5.6906,-1.4065,-1.3922,-0.9325,-6.5659,-1.7882,-6.9662,-5.5959,1.6598,-3.574,8.4177,7.9248,8.0718,-8.6523,-7.0974,-0.2,6.7584,5.3332,7.3715,6.6511,1.6001,7.5133,-2.2053,-0.8035,9.6559,2.6045,9.082,-0.8664,4.7608,-2.3203,7.4637,0.0751,-8.3587,-0.6806,-1.3513,8.0264,1.4882,-0.9048,-3.1713,7.326,6.8914,2.0085,7.4341,6.4059,-8.6761,-9.658,4.2092,-9.9054,-9.887,-2.4121,-3.0303,2.9216,2.6038,2.2374,0.8314,6.923,6.4214,-5.303,5.752,-2.8788,7.7624,0.5792,1.3766,-8.4295,-9.9413,-8.1943,-0.2109,-4.0555,-3.0699,1.1101,-0.3195,-9.8859,-1.9504,-2.6853,-9.8639,7.2286,-4.724,7.6926,-5.9554,1.3205,-4.9456,3.1107,7.5536,7.9667,2.4896,-7.0725,-7.193,-9.5173,6.8166,3.6999,-9.7646,-8.7504,-5.3503,4.8178,-1.365,1.5894,2.0879,9.1453,-0.4962,2.0173,-3.2693,2.1157,-8.6475,0.0578,0.0522,5.5886,-4.8784,9.8973,7.297,8.7461,-0.4609,2.709,6.8312,-7.2772,4.0162,-4.8185,7.2166,-9.9395,2.7847,6.0831,8.8321,-6.2744,0.7533,9.2303,6.8346,3.4735,-9.7805,-5.038,-9.2529,3.5518,-3.107,-3.9088,-8.0479,5.6858,7.9301,2.1931,4.5081,4.4575,-0.0717,-5.6743,-6.727,-8.581,2.4253,-0.8945,8.408,3.0873,-4.5883,2.0421,-0.3574,-4.9348
-7.6194,0.2239,3.9236,5.4317,8.9185,-6.8257,3.7786,7.6853,5.3801,1.8667,4.4959,4.4237,-4.2698,6.3062,-8.6895,-9.0287,6.3275,0.487,3.0957,1.7693,-2.4412,-9.2167,-8.4038,-5.5275,-2.7986,-2.8131,-4.0172,2.6453,-8.6709,-1.3743,0.4886,-9.4081,-9.0915,7.8649,1.3503,8.2825,-5.6445,3.8622,1.5101,9.3532,-2.6103,-4.1549,2.9962,-3.4566,2.8163,-2.2784,2.6481,5.5273,-5.584,5.2965,1.582,4.8401,-2.1264,1.2138,-6.4414,-7.2487,6.0148,2.0203,8.8824,6.9427,-9.5156,-4.5454,7.1529,-1.5489,4.5228,-3.915,1.2349,-7.6333,6.877,3.1272,2.5785,-9.0613,-9.9861,-5.3813,-8.9425,3.7746,-2.4541,1.518,-5.5396,-4.6472,-6.6064,-4.3919,0.9762,-8.5264,2.4522,9.9845,-2.991,-8.8513,1.5559,7.8168,-8.3235,-8.2775,-3.4961,-0.8274,1.5541,6.4441,-2.5895,-6.7059,9.5829,-9.7455,-5.8893,-5.8124,-3.6651,-5.6612,3.6664,0.5313,-3.6767,-4.045,1.453,-0.8613,-5.0472,1.1739,1.4456,-6.6652,-1.1222,-3.406,1.5347,-1.8447,-5.3669,5.8183,-1.9037,-9.0027,2.2182,6.332,6.0197,-5.8719,-5.2102,-9.7108,-4.676,8.7565,9.3177,-0.7191,-8.381,8.9351,-3.3866,-4.6591,2.6668,-5.4664,0.8382,-3.4596,-5.0402,3.8609,0.0991,9.6209,2.9068,1.5751,-8.5568,-8.9035,4.6235,-5.2722,-8.8011,2.4722,-5.5156,-4.4351,-0.4585,2.8639,-0.6982,-1.9725,-8.8821,6.4658,-6.2793,-9.3882,-5.4852,2.1646,6.0219,-9.5297,2.3531,-1.3653,-6.397,-1.8065,-1.2383,-5.5071,1.6405,-5.3173,7.6461,6.1655,8.4725,-4.0064,-1.7216,-6.2593,-2.06,-1.0499,0.7197,-7.4903,-4.8503,4.7283,-6.4251,5.1663,7.772,-7.0396,1.0165,-2.7946,6.6695,8.0497,0.8075,7.0325,1.417,7.2277,-4.5904,-3.905
6.5976,-1.4923,8.2022,-7.5692,-4.2708,-3.366,6.7709,5.5167,2.2387,6.5849,-3.1486,-1.7016,-3.8573,-6.3933,-6.969,7.9535,1.0213,7.5903,-9.7646,-9.1245,2.4955,1.9877,-0.0218,7.6357,-8.9085,8.9551,7.7798,-5.0607,-5.6741,-0.7908,-0.1394,3.0207,-8.5969,5.5352,5.7304,-2.5434,0.4641,-9.6832,3.2087,5.4582,9.5959,-1.8198,7.049,-9.9537,-9.2107,-1.0091,0.1666,7.9191,-6.7607,9.3082,-1.5093,-4.0983,-2.6146,-5.3665,4.8019,-0.7245,-9.2858,-9.414,3.4254,7.6405,6.6271,9.6017,9.4351,7.0337,-8.625,-0.3335,-3.9431,9.4627,6.6258,-0.4647,8.4052,-1.1363,-1.0418,-9.4332,9.4488,-5.2815,4.7085,6.1763,-3.7558,-8.3309,-1.1315,-8.5931,-1.1815,3.1178,-0.3133,1.7748,-9.2351,-6.5296,-5.6141,-8.9562,-8.3905,-7.3981,-5.7371,-4.4293,-1.4418,-1.768,2.1935,-9.7074,7.3004,2.6809,-2.3812,5.0993,9.6797,-9.961,9.3403,-8.3945,-6.4765,7.4987,-8.4456,7.5837,-7.0601,8.3856,2.617,1.8115,9.4455,4.4585,-1.9822,-5.0012,7.2256,0.3178,5.6702,-8.9924,-7.4239,-0.4177,8.9368,1.367,-4.5594,3.3942,1.6466,-0.4857,-9.3185,8.1172,3.882,3.4685,-1.4297,5.4221,-2.7995,-7.0349,4.7384,-3.6985,8.0761,-0.9596,6.6688,-7.9271,-3.7179,-2.1317,3.3003,4.1685,7.309,8.0763,1.6709,-5.2311,-5.7164,9.9914,-7.8738,5.9865,-6.1213,4.9667,5.525,9.1022,-2.0728,4.687,1.1575,-4.5562,9.3367,-6.8551,0.6551,7.6647,8.8961,3.3026,-7.0702,0.39,4.6534,-5.8641,5.7795,4.7954,-7.5357,-0.736,-0.9636,8.1931,-2.129,5.9276,7.6345,-7.257,0.7618,9.9773,-9.6586,-3.966,-3.6351,5.7476,1.0332,2.4195,8.2956,9.2835,5.1203,-3.8704,7.7291,5.0065,-1.5708,0.6205
0.866,-0.0919,3.5597,-7.9174,-4.6686,3.7136,-3.8649,1.7277,-0.6086,-4.658,-6.4953,8.1239,9.4927,2.1576,-7.4688,-1.7503,8.1017,-5.7268,8.424,-8.6589,9.833,-7.6171,-1.9309,1.7538,1.2113,5.0392,5.6795,9.8402,3.1087,-8.8341,2.0078,-9.7648,-7.2398,-4.5172,4.7558,-5.9605,-5.9066,-6.4064,-5.8779,-3.1804,-8.8099,-1.7013,9.1187,-9.5549,-0.4759,-7.7168,2.3246,-3.5314,5.0326,-7.8364,-8.6322,-7.2713,-9.0968,4.7231,8.4473,-7.0463,-2.7265,8.9139,0.5415,9.365,4.775,-5.2607,-5.389,-7.7261,-4.1687,5.4044,-9.6053,-4.7965,-0.3907,9.6126,-0.0285,6.5945,4.1077,8.1482,-7.9406,-1.8884,-4.9161,-1.7405,-9.8986,8.3743,4.1228,-2.6099,9.5627,-0.5602,-9.7287,3.6351,7.2529,-3.7304,5.6637,3.1054,2.7245,5.3804,1.3416,-7.6335,1.3545,-4.8863,8.9847,7.0042,9.6478,-5.4685,-6.6173,6.4802,4.4217,-4.3343,-4.1486,5.8731,6.5856,-8.045,-3.9606,3.8107,8.4591,8.908,7.5928,0.9792,-2.6659,1.917,-3.4567,1.0591,6.4578,6.1521,3.1986,-4.7687,-5.1331,9.4393,0.3624,4.6236,-9.7178,-6.1688,8.5347,2.4062,-3.5913,9.6538,2.9415,-1.1349,-5.8743,0.1122,5.4391,0.9544,8.6027,9.5009,7.5155,-5.0152,-1.0734,0.5365,7.4586,-0.2201,-8.788,6.9487,-9.643,5.2136,-0.7199,-0.1334,-2.7901,-4.1933,4.2278,-5.6004,-3.2491,6.3581,5.339,9.7534,-3.1477,-3.0372,-8.4031,-3.9018,-7.9069,-7.2739,-3.9135,2.9035,2.6841,3.0328,-2.6205,6.5284,-8.4089,8.7362,-4.1761,-3.684,-6.1591,8.496,-3.7405,1.2858,5.4899,6.209,5.1704,-1.6456,-6.2347,3.1977,-6.7865,5.2345,8.9468,-9.4796,3.7079,5.2793,-3.7322,-6.3318,-4.2197,0.7044,0.3724,-5.8388,1.1224,5.9169
3.8497,3.3275,9.453,-9.2283,0.913,-2.1344,2.4407,-7.6008,6.6621,-8.7938,-9.057,-1.712,-8.2071,5.8376,7.2414,-4.1592,3.4221,2.8896,1.9367,1.3566,-5.3089,4.3239,2.2335,2.3496,-9.8084,9.0727,-1.6876,-1.2866,5.9704,3.2464,-2.1153,-2.4147,2.8078,-0.5295,5.8351,0.4717,6.1615,3.4533,-4.1686,-6.7771,6.2698,1.9451,2.9442,7.411,4.7504,-7.4768,-9.4928,6.9035,5.039,-1.3913,-7.6304,6.5386,0.8444,-4.2511,-3.1059,-8.8029,0.701,3.0023,8.4222,-9.8038,2.0803,8.9077,-6.5071,-7.5898,-0.4025,4.2927,-3.9471,-9.3116,1.4248,6.1091,-3.8956,-3.7737,-2.1451,8.215,6.1039,2.5095,-3.0475,-7.5471,-3.2661,2.1593,1.8482,9.84,-8.5339,9.3934,6.0768,-5.2155,-4.498,-7.2697,9.3727,-6.0002,2.5708,8.5172,1.4607,6.4896,-7.0324,4.7526,-0.5765,2.5952,-7.3558,4.8239,-9.9752,-3.7771,6.1243,-1.979,-3.8886,5.4713,5.3909,5.7215,0.9278,0.6022,2.7838,-7.682,4.9367,-5.8385,0.6704,0.2164,5.2285,1.1949,2.2972,5.6171,-7.3627,-0.7117,4.0385,0.7918,-5.7592,-6.2644,0.1014,-9.2396,-7.7203,7.59,-4.0324,-5.3694,-5.1766,-4.2755,-8.8854,-7.4656,1.1741,2.3107,2.5913,-0.2791,6.7715,-5.7379,-9.2748,3.5074,-9.6502,8.3163,-3.4927,6.5867,9.4617,-9.459,-7.2722,-5.5372,5.3044,2.6198,1.6095,-3.5614,9.6548,4.8495,-3.1836,8.7141,-0.5376,-2.5133,8.751,-3.5323,-4.207,4.0039,4.5722,-0.2483,7.4067,8.3955,9.3895,-2.3542,-8.0989,7.6358,0.5314,4.9208,8.5751,-1.7067,-5.7893,7.1457,-3.3603,-0.3765,5.5279,6.1455,-6.7596,-0.3751,-2.7155,-2.6732,5.4922,-6.5015,0.9757,-0.2672,8.3206,-4.2324,-6.2241,7.5767,1.9581,-1.2679,-3.1112,-5.1274
1.6251,-3.6009,9.6637,2.495,-4.1677,2.3638,6.8371,-2.4097,8.5772,1.7646,9.1964,-7.0787,6.3974,4.9922,-0.2453,-5.5187,1.5402,1.2519,-2.7101,5.7539,9.5561,-1.1895,-7.2118,-4.707,-7.0346,-9.7682,5.1375,7.2066,-9.0666,-0.2544,6.2685,5.3015,2.4003,3.728,7.1727,-6.8932,9.3425,2.3569,-4.3646,4.6023,-5.2298,-6.2094,4.9222,-6.7944,-1.9151,4.7634,-7.6188,7.7916,5.2463,6.0939,0.5467,1.6897,6.8054,4.88,-7.4006,-5.7067,-4.1001,5.8584,4.4286,-2.0412,9.2286,-6.3745,-4.3661,-7.9842,-2.3352,3.4983,-7.4325,4.704,-1.3886,-8.7629,-8.321,-8.6616,0.8906,-5.982,-5.7084,-5.0074,4.101,-1.6479,6.9484,-3.4117,-8.8406,-2.9471,-1.9843,-9.9854,0.047,-3.8597,2.3616,2.1918,9.1278,6.7195,-8.7691,1.3893,-5.4827,-8.3535,1.3419,-9.9794,9.667,-7.242,2.655,2.3934,2.8217,2.947,9.305,-1.3942,-0.1162,-9.3283,-7.1355,-4.4637,3.8609,2.1836,-0.3684,-1.1008,2.699,2.3589,-5.2151,1.2915,5.3694,9.7569,0.2261,-9.1796,-4.4345,-9.5641,4.5739,9.7594,2.8217,2.7348,8.5619,-2.1576,-1.333,5.2461,5.954,3.4717,-3.4976,1.2581,9.6223,3.5642,1.4927,1.0587,3.2802,-2.3282,-6.7277,-0.7973,5.4022,-4.8918,5.8505,5.0614,1.2331,-6.1181,-5.5877,-6.6958,-7.7767,7.5625,-0.3571,4.7914,-8.1577,4.4986,0.6688,5.1965,-3.8951,2.4367,8.2415,6.7514,4.3857,0.5788,-4.7681,8.8121,2.4821,7.2629,9.1771,8.2477,-4.3929,6.8789,-7.8891,2.1341,-7.576,-1.7954,7.8773,-6.3789,-9.2385,1.5812,4.1003,-3.8751,-9.8545,-8.2534,7.5054,7.794,8.4196,-8.9537,-2.5458,5.3345,1.501,-6.3094,-9.0911,-5.5313,7.1479,-7.0312,5.9611,-7.8125,-1.3999,-3.7797
4.5005,7.3068,7.9179,2.4018,-7.7593,1.0398,7.6539,2.1419,-9.6829,1.779,5.0773,8.3683,-7.5723,-0.758,-3.9647,3.8671,-4.1817,-4.5176,-6.7821,-0.6442,1.2638,6.5356,-1.0875,9.8908,-7.204,-4.5281,7.02,8.5988,1.6201,-7.7863,8.7597,-5.757,-6.334,-1.6008,0.4941,-7.8444,-4.9829,4.2234,3.4786,2.0809,-5.1677,7.2466,-5.4216,4.6174,-2.2459,-8.7644,-6.6956,0.4613,-4.1511,2.8806,-2.4716,-7.224,-3.6354,9.1701,3.1733,-2.2204,9.0374,-8.573,5.9914,-0.7623,4.818,-7.7074,-1.7211,3.7647,-0.1571,-3.1999,-7.9556,-8.2203,-1.4185,-9.5615,-9.9745,9.4376,3.2792,4.6733,5.0911,-9.7229,0.7128,-6.2509,2.7414,6.2122,2.4552,-1.4261,4.3096,-6.0433,7.8316,-8.3684,3.7659,-8.9693,-2.6528,1.7591,6.5681,-5.7517,0.2285,7.9817,5.1117,-0.261,2.8605,-4.4942,-9.8777,9.5639,-1.5219,3.5537,-0.0614,-5.139,0.9716,0.056,-3.4761,-2.4769,-8.534,8.1054,3.3587,-3.9328,-2.288,5.3181,7.5085,4.3981,-4.2817,3.3508,8.3278,-0.872,9.1556,5.8736,-9.3029,-0.6837,-3.5719,9.8299,9.2955,-5.9023,-7.8387,1.6375,2.4434,-0.3514,-7.6158,8.1681,6.2704,0.047,-1.7418,8.9527,7.4367,-6.9039,3.1987,-5.7515,8.0321,-9.0361,4.9424,5.9489,2.3013,4.2182,0.9151,0.9488,8.3572,-4.7843,-7.8548,-9.3575,2.7712,8.9952,8.588,1.165,2.745,1.6767,-1.9537,5.7192,8.0918,1.6896,8.2093,5.0365,-5.1449,-8.5784,-1.6865,6.4989,-2.3977,-1.0789,6.1113,-6.1813,-3.7634,6.0218,-2.1485,-4.1858,2.4067,5.2925,7.0572,-0.842,-5.2227,-0.4783,9.3669,-9.177,1.4891,8.9572,6.1153,0.6782,6.3447,4.6748,8.5077,-4.4188,4.1354,-7.4031,5.882,-1.0936,4.0001,-2.291
-5.2299,-7.8222,7.6755,5.4559,2.0978,9.6472,-3.7626,-0.2171,7.7551,8.1523,-0.4277,-4.9506,9.1213,-0.1085,-0.3487,-9.7187,-4.5843,6.4641,9.8011,-0.9889,-9.372,-6.5354,-8.95,7.2512,0.7797,3.733,7.4113,-8.7393,3.719,0.1362,9.006,4.4152,7.6522,-8.4876,-0.6593,4.2525,-7.6605,9.9547,-5.1487,1.2679,-6.314,3.0539,-0.0945,-3.9993,-5.6356,-2.3632,-0.6198,3.6107,-6.8761,-7.9496,4.9151,-8.69,-2.4715,2.4656,-9.0403,0.2944,3.0913,1.2988,-5.5901,-7.4513,5.2255,-0.0448,3.046,5.4266,0.7705,7.2524,-0.2015,-4.2859,-1.2824,5.4333,-2.2806,0.6812,-6.2962,5.6215,-3.8689,6.9972,-4.1887,-9.7682,3.8086,-7.3267,-1.6369,3.5061,2.9455,9.6066,9.5823,6.834,2.1902,-2.8725,9.1269,0.2585,-2.2079,4.2095,6.3188,-7.7408,6.7599,5.8208,-6.3204,9.4083,2.8134,9.6656,-8.0601,0.0224,-9.2137,-0.5703,1.5711,-8.7652,0.6899,-5.9191,6.3249,-1.292,8.1654,-6.0597,6.5989,-7.6115,-1.7534,-6.5028,6.2736,-2.963,-4.4774,-6.6308,1.2948,-5.5429,-7.9707,-5.717,-1.0746,-1.2418,-7.6187,-3.9544,-6.0123,-9.6052,-0.4722,-5.4581,-8.7411,-6.134,-3.949,-5.1416,3.5616,-4.3299,8.2915,-4.1204,-4.3733,-4.0623,-6.3643,5.312,-4.9501,8.5759,-5.535,-0.9131,-5.1797,-7.0629,-8.2747,1.3394,6.1181,-1.6857,7.3337,2.7948,1.6371,4.9618,2.5795,9.4163,-2.8022,3.685,2.9614,6.5184,-4.8225,7.9114,-9.1164,-5.3517,-9.3455,-9.597,-7.7863,-6.8559,6.7343,3.3243,-2.6963,-5.4238,-5.1182,6.0824,-4.9959,2.9489,-8.9709,7.8476,3.6933,5.4033,1.3437,5.7441,1.2754,7.6849,-0.0291,0.9254,4.5515,-1.1126,7.9046,5.9833,2.7751,-0.6872,-7.5655,-1.4673,8.6299,-9.8969
-5.9204,-3.6444,-4.4393,3.7987,8.5524,-7.9367,-1.6764,-8.7323,6.8198,8.8082,-2.5542,8.2096,-1.9491,0.5867,0.1223,-1.0136,6.6884,-6.5828,8.4964,0.8205,-4.6536,-0.7191,-6.3777,6.853,-6.5839,-0.1219,-7.2449,-9.6607,1.8128,9.2968,-5.4503,-6.618,-1.3409,-1.8554,9.0232,3.26,0.2207,8.5898,-6.7354,-4.2686,5.1117,3.2248,-4.5317,-5.9557,4.6166,7.299,1.8063,-9.6544,8.2392,9.5098,1.1225,-0.4303,-6.8945,7.5984,-5.0589,-9.6451,-7.9396,2.5924,1.1325,4.3577,-3.0625,0.1803,-5.7758,-2.5879,-8.4148,-3.8257,-9.4512,8.3859,-0.5494,-8.7879,-6.9883,1.9284,8.1529,2.0009,-9.1251,-4.2057,-7.4416,1.624,-1.4133,3.1547,-5.1243,-7.0172,-2.5682,-7.5044,-9.0432,-1.0903,4.3425,0.6256,-1.4289,-1.8013,-4.7905,8.6458,5.4524,-7.8023,2.4317,-8.9969,-8.0077,-1.268,-7.5482,7.5404,-1.2386,5.1771,9.36,9.3607,-9.7507,0.4577,-8.7764,-0.4067,-3.1009,9.9653,-3.4338,7.5404,2.8972,0.5077,-6.8306,-7.687,-8.9669,-0.9908,-8.8782,0.6372,-5.7098,1.1047,8.7353,-1.7476,3.5426,3.4714,-6.9158,3.5864,-5.0419,-3.4394,1.5057,9.4296,-2.7801,6.7675,-8.8774,-0.3041,4.3386,-6.3506,-2.5605,8.8361,1.2444,0.1033,3.3735,-8.3088,-7.8561,8.7083,-8.0112,8.8771,3.1072,9.1073,-2.5807,4.3467,-0.5951,-4.392,-3.9289,7.0575,-3.6894,1.6105,1.6731,3.0541,-1.2153,2.1515,-9.7222,-7.5762,-5.0864,-7.9848,8.3019,-5.4281,-7.387,-9.3032,-5.8777,0.8811,-8.7894,-4.6818,3.2566,-0.5838,7.3493,8.9631,-4.9153,-9.0483,-8.3049,-0.9267,0.6912,6.0829,-3.8167,1.0969,4.9056,-9.7377,-2.9411,3.4959,-7.6104,-7.6945,-5.2418,8.7843,7.206,8.3015,4.7318,9.7035,-7.7607,7.953
-8.1724,-2.9113,-4.6644,-1.5114,1.9007,-9.5973,7.6711,-5.0209,9.3279,5.7498,9.2497,6.7655,0.4972,-3.4281,7.5517,-5.4454,-5.1541,-0.5947,-9.3788,9.7416,2.2317,2.5749,-9.4071,-3.929,-3.9402,-6.2144,6.1164,-0.241,-3.5861,7.0817,1.7828,-3.7491,2.8482,-1.9667,6.868,0.0999,5.7871,-3.1661,-7.964,-2.0299,-1.3997,-4.8687,-6.8754,-3.0523,2.7543,8.8909,-5.3527,0.6657,1.1011,4.4518,9.1929,-8.0197,9.1248,-6.6394,-9.3384,-0.8753,-1.544,-6.9978,-4.7502,-3.0307,2.7858,-6.7872,5.77,-4.3084,-5.6158,-0.0238,-4.5242,-5.0473,6.2431,-7.6567,-4.869,3.032,-5.4707,-0.4918,-0.6299,8.9282,8.6176,7.25,2.6557,5.0472,0.6057,-2.2732,7.036,-0.8518,-2.6016,-6.2558,-9.1768,4.9217,9.5177,9.7383,2.4844,4.1978,5.9311,-3.0374,6.3936,4.8647,6.6624,-3.3767,-3.2033,3.2905,-6.2319,-8.2274,-5.1337,7.4439,4.5155,4.7121,-5.7772,-2.9797,9.2622,-1.8901,2.2337,9.5482,-8.9111,4.9037,8.5607,9.2601,7.9875,3.6706,-4.1141,6.9667,-3.7552,2.2474,0.0182,6.6627,-4.2296,-1.3005,-0.3883,0.0807,9.6734,9.2324,4.8412,-9.5438,2.0094,-1.6445,1.4826,3.0088,4.3148,2.6527,-5.6936,7.0536,-4.9209,0.8349,9.5544,0.2207,-4.0915,-3.3272,-0.6615,-5.7474,-3.8691,5.1968,9.2017,1.847,5.3489,1.7651,-6.3592,-6.0226,-9.1817,4.8521,7.1163,9.673,2.9539,-9.3573,5.3702,-8.4126,-1.6793,4.1277,-0.494,-0.579,-2.0238,-0.9601,-1.8948,-6.7813,6.5744,-0.1925,8.6681,-9.2526,-8.8238,2.5383,1.9569,3.018,1.5639,-9.7377,4.5563,9.3958,8.7423,4.1075,-8.4389,-0.5017,0.4358,-0.4859,-0.0094,2.4581,-7.3079,-2.0891,-8.9764,2.052,8.2899,5.3649,-6.6166,-7.2671
0.576,-8.9916,-0.7352,-8.9477,-9.8299,2.6765,9.23,-5.2955,-0.3233,1.5832,6.7853,-2.2192,7.4553,6.658,-4.5655,3.1964,3.1524,6.4346,-9.4202,7.986,4.87,-4.8932,-5.381,0.4686,7.2456,-7.8927,-7.057,3.0764,3.6558,-9.23,-9.8532,-0.3979,6.0296,4.8135,0.7773,-5.6591,4.4926,5.1338,1.7341,-2.6363,-4.0597,-4.3705,9.8695,5.9223,-8.0415,-8.1449,6.2728,8.5339,-0.3559,-0.5349,0.9342,1.04,7.1909,-3.6619,-5.2681,1.5866,-4.592,-8.7836,-0.8519,-6.777,-4.9955,1.3736,0.3946,-0.3214,8.8795,1.3718,5.1607,-0.0838,-9.2372,5.3232,0.7984,-2.3244,7.521,-0.3768,8.304,3.3715,-9.3082,3.261,-2.9117,-1.975,-7.2303,1.6184,-9.5721,-2.6675,-4.5902,6.1385,-8.2374,-1.5843,-6.6632,7.4938,6.263,-5.6456,-5.4238,0.0502,6.5196,7.6589,-4.5373,-5.1509,-6.9009,0.0122,-4.9757,6.0531,6.7187,-5.6989,-6.9521,-2.8814,6.3129,5.2889,0.9235,-3.8573,0.8009,-0.4174,-1.9473,2.865,-5.2202,2.7353,-6.9939,-2.7397,-9.0389,-8.8398,7.3945,-7.8646,2.9531,-3.8385,4.4902,9.9623,3.3696,-9.1593,1.9172,-4.2237,5.8268,-2.2214,-3.8361,-0.1355,5.4383,-7.5223,-9.7522,5.6859,-4.1875,-7.2412,-4.942,-1.5821,0.456,8.3913,9.6301,4.3937,-3.098,-7.6217,-3.5924,3.073,-3.0208,8.8548,6.9802,9.2979,-1.2845,-6.654,4.069,-1.8925,1.6546,6.6494,-6.1975,8.0673,-1.4293,-0.4084,7.3756,-9.6671,-2.8021,-3.9481,-4.9566,-0.9148,1.4578,2.1268,-9.0775,-1.9419,3.811,-0.0294,-0.2929,7.8639,0.192,2.6461,1.662,6.6178,1.2035,1.1621,8.7952,-5.1617,-4.2527,-5.81,0.6975,7.6732,5.8384,3.8277,-4.176,0.6126,-5.8699,7.3378,4.21,-6.414,-7.7886,2.4634
-8.1885,7.2543,-5.6268,-4.5138,8.533,9.6833,-3.8481,-9.5205,2.8881,-9.9695,-0.651,-5.0809,8.5663,9.7841,-2.8797,9.4719,-1.4699,3.368,-0.0464,-3.5953,9.3414,7.1031,0.3094,6.7933,3.4329,-8.9246,0.8671,-3.8411,0.1825,-1.4174,6.5455,1.4177,5.5462,7.0373,3.0542,7.0531,-1.3213,-5.6247,-2.8737,7.5876,0.088,-6.5199,5.5661,-8.6684,-8.5643,2.9554,-7.3454,1.4143,1.3504,8.1647,0.4378,6.9191,-1.2678,3.2856,3.1569,6.4888,2.7729,5.1248,9.8993,-3.7688,-7.1694,-6.2403,-1.4813,2.1886,-3.5422,-6.7868,-8.9393,-8.0605,-3.0854,8.583,0.3218,-4.9256,-3.5312,9.683,-1.7631,8.2462,3.6295,-9.9049,0.8793,-9.5805,3.8359,2.9605,3.837,-8.7942,8.5046,6.9034,-7.9572,5.1667,-7.8695,-0.0101,8.3982,-3.4813,3.8889,-1.6666,2.1016,-2.7684,-9.527,-5.7519,7.9862,2.7531,0.9,9.8908,0.5706,8.3319,7.7015,-5.6716,-9.2846,2.723,-5.9265,2.0194,9.5284,-7.8554,2.4243,-6.5262,3.3708,2.5622,6.2123,-5.2471,-2.1521,-9.8195,-4.4366,-2.0456,-4.0505,-8.8465,-2.1546,-6.295,1.7661,-5.5712,5.7711,-7.7113,-1.1939,4.233,5.437,3.6388,-0.0002,-2.2658,-1.0655,-2.5112,-9.4441,4.2443,-5.3077,-5.9201,8.7199,2.3703,-8.2942,6.4082,-5.2123,3.0796,8.5465,5.5051,8.1209,5.4156,-6.6007,6.0363,-5.8385,3.8151,1.373,-4.4681,-2.4412,-1.8407,2.1046,9.3786,-2.376,-0.7497,9.6919,3.1796,2.7671,-2.5068,5.8895,8.6745,2.7652,-0.3742,-1.9147,4.1639,3.517,-0.1927,-6.4244,0.2655,-0.5438,-2.0872,-2.3496,-8.7868,6.5525,-5.2188,-6.9209,3.652,-8.6161,2.8021,7.1048,-9.3639,0.3141,-4.0468,2.707,1.7418,4.0859,-3.9761,4.2783,4.9454,4.6427,-0.6382
-1.9639,3.8497,9.9181,3.2237,0.6242,6.6978,0.417,-9.1152,-5.3783,7.4313,7.3217,9.8462,6.021,1.2932,4.1515,-5.069,6.847,6.1865,-6.197,7.4573,9.125,8.8078,-9.2802,5.8167,4.447,7.2075,-7.4208,-1.6106,-6.6026,-6.1032,6.7029,7.9564,-3.3167,2.9784,9.882,-8.2933,5.6092,-4.487,1.6763,-2.9228,-2.8503,8.3802,0.3594,5.7072,-0.3886,5.3958,-4.0714,7.1785,4.3175,-8.6529,-9.7434,1.507,7.1226,-8.977,-7.6176,-5.2281,-7.2563,3.603,9.9599,-3.7253,2.2912,5.4853,-2.9333,-7.2094,7.6431,-3.3429,-3.3808,-5.8796,2.1168,5.4128,-3.5046,-6.9008,3.4835,3.0509,4.6195,7.0431,-9.6747,9.7075,8.1579,3.7199,-7.0954,-3.9117,1.7106,8.9748,6.1595,-1.2386,-0.2324,-6.9686,-3.2116,7.2777,-0.6515,-2.2421,-9.08,9.242,3.6728,-4.5113,-6.3183,7.7462,6.2095,-3.4678,4.1918,-4.5666,-8.916,-1.0742,-4.7748,2.471,9.7058,2.5459,6.5506,-5.9092,-0.1103,-2.3151,6.5198,6.0872,-6.8154,-3.4967,2.6085,3.6425,8.25,-1.1596,0.9594,3.7145,4.2045,-3.4189,6.5241,-0.8277,-0.329,7.6401,-2.2481,6.0007,-6.048,0.473,-8.0032,-4.2155,-0.512,-9.0174,5.4686,2.5349,6.7478,-9.7633,6.1449,7.5877,4.7348,-3.9226,-8.8484,1.569,5.3729,2.3093,-3.0199,8.8379,6.9771,-3.0729,5.4702,-0.9058,6.8687,2.7672,-3.1826,-6.2153,4.0098,-2.835,0.5647,-9.7089,-2.4627,-4.3259,-2.8031,-6.544,9.3311,8.9029,4.8442,0.8128,-8.2268,6.0947,-2.3117,-0.9047,-3.5421,6.4732,-7.1808,4.5774,0.0996,-8.7969,9.6089,8.4142,-6.2494,9.0639,9.5506,3.9191,4.8992,-0.8324,0.6518,6.0635,6.4056,8.6281,9.8747,-7.6366,8.3758,5.0573,8.2179,-6.6847,4.8821,3.4126
-7.3246,-5.5535,-9.3805,-4.5931,8.1083,3.6196,-9.5067,7.6718,-5.3066,2.9558,-9.3767,1.0341,-8.4004,-7.7862,6.9769,9.1385,2.0599,1.1881,3.0004,8.3908,-9.6161,4.4862,5.8715,-6.4569,-9.227,8.1898,-3.585,-2.5259,-8.6638,-0.736,-3.4428,-8.2508,9.7179,-6.1435,-7.9753,-4.6707,0.7309,0.2771,1.3795,-0.8814,-0.4713,0.8467,-2.0242,5.086,-9.7228,-4.3618,7.9691,6.1785,-6.7659,6.9267,2.4714,-9.6829,6.5678,-0.0409,6.9909,-8.0802,7.5741,3.5908,2.3217,-2.7829,8.4285,4.6275,4.563,6.2911,-3.3427,-2.1146,-6.6062,-8.6233,-8.6331,5.7747,9.7626,7.2353,-6.0119,-7.9667,7.8668,2.7447,2.5094,-7.7917,1.8683,6.8777,-1.6745,-6.3174,-5.3313,-2.1798,5.6103,7.6182,-5.7693,-3.1453,-0.4376,9.1256,-8.0177,8.8927,-6.7861,-4.7009,-7.7154,-4.0485,-3.9151,-4.1969,-7.9944,5.904,-3.9146,-3.3806,-1.4765,3.2948,4.3709,-9.4573,-7.6408,-1.9694,0.5468,-2.5432,7.9766,1.7363,0.2875,-5.3766,-4.8274,2.7008,-6.5702,4.2316,-9.7305,1.4542,5.4558,2.922,-6.5178,-2.309,4.4983,-9.628,-9.4313,-4.9169,-3.677,9.7495,4.7946,-2.3511,-8.8945,4.4613,4.6678,1.0921,3.4149,-3.2639,-7.8634,-4.2299,-6.1915,3.4604,4.826,-8.9196,2.4498,-2.9473,6.9786,-1.271,8.858,-6.653,7.8956,-6.7131,2.5982,6.9847,-9.7663,-9.1965,1.1689,-6.7541,9.258,-6.0165,-8.0633,-7.9043,4.6333,-5.7369,2.5431,7.5584,-2.8786,-4.853,-3.8426,-9.2311,-7.1038,-2.9412,0.8385,4.8493,-6.5858,4.004,8.0447,-4.9102,-9.5972,1.3234,-2.2192,-1.9821,1.8458,6.094,8.3574,2.9989,0.311,-5.7559,-0.7036,-1.9831,-0.1032,-3.0596,1.7064,8.3821,9.159,-3.6837,2.9719,-5.0718,-9.7429,-3.3053
1.2409,8.4932,4.8528,-5.4369,6.0716,9.3294,-6.6201,-2.2176,7.6234,-1.0025,4.0402,3.85,-5.8991,5.479,3.5248,4.8618,-1.7394,7.5212,2.1734,0.7605,-8.2195,-9.261,-0.776,-7.4666,-4.2141,8.2826,-3.8261,-0.3239,-2.5408,9.2194,1.1533,5.8834,-6.3789,5.8761,9.5491,-3.0367,-9.3662,9.3256,-5.9714,-9.6181,6.1658,-7.3239,8.9338,9.602,-4.9203,-3.298,-1.0465,9.265,5.9797,0.1716,-8.6996,9.0619,8.789,-3.2958,2.6735,-9.7213,8.2822,-4.4254,8.2995,2.5699,-7.1739,-5.8433,-1.9891,2.3098,-8.3399,-4.5565,5.1628,-6.2288,-6.3747,7.2254,2.104,4.2911,-9.8628,-6.4068,0.3141,-9.431,7.5333,7.512,9.2596,-5.8092,-8.8013,1.463,-5.2567,-9.1535,-5.2115,-3.9644,-1.1665,9.3741,-6.4644,-2.9678,1.1389,9.9537,-0.7132,-6.6632,-1.7141,1.7436,6.0597,8.3128,7.0944,-9.218,9.8674,5.902,0.8875,-8.3857,-8.5701,-3.6445,5.4762,4.0782,9.3162,-4.1001,-4.4447,0.9749,-7.2969,-8.4607,-1.0778,-2.3028,0.1843,-2.6699,-4.0906,4.1468,3.2103,-4.8182,5.6698,7.7025,-7.4314,8.5461,-2.0626,8.2419,-7.1368,5.1294,-9.0363,-3.462,-5.6047,-2.395,9.1604,1.5701,6.484,8.2209,7.3409,-1.8098,2.9244,5.0826,5.5165,8.6366,9.1749,9.5653,-6.9942,-4.183,9.6717,6.426,1.5737,4.2092,1.3325,3.2524,5.9846,-7.4298,2.9431,1.3166,-6.0757,3.7732,-6.0117,-7.9604,-4.7001,-0.2419,7.3435,2.5388,-5.7179,4.6921,1.6163,-9.4019,-6.2248,6.0861,-6.0876,-2.7632,7.9719,-7.4716,3.7836,9.9889,0.8107,-8.4828,-3.4011,-8.1806,-3.8225,-1.4851,-0.385,-2.9357,-8.8884,5.4981,-9.8736,-1.1099,-9.4049,1.2828,-5.0048,8.277,-2.2982,-8.6557,2.2268,4.4512,-0.6861,-9.6318
-2.0476,4.9719,2.6247,3.8004,6.3525,-7.4116,4.9104,-2.0094,-8.0641,3.5616,-7.3993,4.22,2.7149,8.4769,-2.1328,-6.4198,8.2425,1.4685,-5.1981,-6.5264,-3.6014,-1.8363,5.8944,-3.2719,1.8316,-3.8045,-1.5472,-3.0927,-7.8262,-7.1256,9.1765,1.8536,-5.3226,-1.224,6.743,-1.8063,-1.2709,5.4134,9.1196,-2.7689,1.8279,-6.4355,-4.6168,7.4221,-2.84,5.6508,8.6872,4.4659,5.7,-9.4191,-2.5345,4.6166,4.5296,-1.0185,-6.4726,-8.7198,8.4279,1.4396,-7.6141,-5.7121,-8.1065,8.5248,7.841,-8.9889,6.2799,7.9248,-3.7484,-4.1257,9.1056,4.4663,-0.5264,1.1359,-6.9885,-9.984,2.6717,3.9233,1.5896,1.9786,1.9325,-9.441,6.4571,-4.9862,1.8062,-7.3871,-3.676,-9.5771,0.7131,-0.0184,-8.6628,-6.2078,9.1268,-1.794,-8.2099,-1.4242,-3.5282,3.4525,-4.6004,-0.3634,-9.1797,0.1988,6.9157,0.0845,3.9546,4.9338,-7.4899,3.3846,-4.0709,-5.596,5.6912,5.0958,-2.2776,-4.3887,1.4228,2.3309,3.4738,-5.3905,-4.6578,1.1329,-0.8019,8.5314,9.6887,9.2764,-8.5761,9.9905,-8.4414,5.5041,7.03,2.3072,-8.6257,5.9978,-9.6718,-0.3069,2.4702,3.9866,-3.0491,7.043,8.4015,8.7272,6.6242,1.4879,-1.9626,-0.3255,-7.0056,-2.4043,-8.3445,-5.6987,7.9645,-1.5463,-1.2393,5.1741,-0.0138,-4.6398,-7.3577,2.9434,-2.7847,3.8779,-7.4665,0.2412,-3.8034,5.6277,-9.9074,-4.3462,-5.8825,7.0649,-9.9711,-3.5564,0.1771,2.7674,-3.2971,-9.5347,-5.1921,1.8969,5.9461,-3.7347,-0.5011,-5.7463,-1.7672,5.3651,8.4878,6.0232,3.9874,-8.6175,8.9261,0.2475,-6.6471,5.2665,-3.2691,-7.8711,0.0185,4.8908,0.1317,-5.7079,6.435,-7.2329,-8.5302,-0.858,-3.4708,-1.2784,2.0412,-0.7889
-5.0896,-7.2911,5.879,3.2724,6.1049,8.4472,6.9378,3.0866,2.3657,-3.3699,9.376,-7.3391,-2.9469,6.4599,2.6745,5.9157,7.2616,-0.8292,9.4407,8.3301,-2.1305,1.3184,8.9586,9.1609,-4.2089,-0.2038,-2.9258,1.1753,1.0421,-4.727,7.1104,3.6649,7.3255,5.8263,-5.266,-2.9753,2.1564,-0.1005,9.5156,3.0774,-9.2936,1.5046,0.9014,0.4666,9.1588,-7.5432,-1.366,0.6897,0.9802,5.8659,6.4916,3.7788,5.3039,7.2336,-6.7252,-2.0259,4.0482,-0.5147,-9.5421,-2.963,-2.7897,3.3951,-5.0033,6.7838,7.2559,7.03,2.2605,9.7656,0.5263,-0.397,0.3314,6.3607,-8.7085,-7.1354,2.8988,-9.93,0.0252,7.3478,6.7711,-2.7302,7.6698,-9.0132,-8.4644,3.4928,7.0841,-9.4487,6.4692,1.3683,-8.9042,-2.4098,-4.5464,-5.5503,4.7858,-1.7261,-5.1898,5.2693,2.9289,-6.4693,-7.0101,0.2801,4.5239,5.34,7.2393,4.8421,-0.26,-3.644,-8.7437,-1.4305,8.9152,8.0671,-9.9329,-2.8463,-0.2199,-4.6722,-3.968,1.7323,-3.388,7.1213,-6.1945,8.2295,7.2382,-6.445,2.0869,0.7821,-7.6076,-4.1573,1.9261,-9.4008,6.4116,-4.8849,-6.092,9.3603,0.9525,9.3689,4.2996,5.0395,-8.5135,-8.4792,-8.5625,-1.6745,-1.5195,4.2793,-8.9128,-7.5434,-5.0633,9.9761,-1.0847,9.4485,-7.529,-0.9421,1.1042,2.7794,-6.1226,8.1567,9.5672,9.457,9.635,-2.4189,7.589,5.5458,-2.0702,-4.6751,9.9431,2.9212,7.6813,7.4914,-5.1989,9.8126,-4.2224,8.2269,9.7731,1.1904,-0.5432,-5.8765,-0.9206,2.7913,-2.8503,-1.82,7.3856,-8.854,-9.5837,2.1116,-8.894,-2.4115,0.5534,-8.2442,-5.9545,-7.2759,-6.0777,-9.7206,-3.235,0.7441,8.6932,-0.8411,-9.328,-7.5294,6.3685,-1.8191,4.469,8.8642
3.8854,5.7421,3.2258,-0.2098,6.656,5.9284,-2.7284,8.9429,4.4005,8.7103,1.5507,-9.3563,2.1198,-0.4675,-2.9409,2.1592,4.4933,0.7365,-7.7535,7.1757,-4.4091,-7.3562,-7.7175,8.794,6.1501,-5.8375,-7.0822,6.4758,-0.1558,6.3229,-7.9626,2.6761,-0.0552,5.3722,-6.9577,-0.7192,0.4876,-4.4977,-7.8405,-4.5697,2.2309,5.4353,1.7099,0.4401,0.2938,-2.2389,-6.9811,-2.2187,-6.4512,-4.1841,8.5883,0.2034,-9.2596,8.4795,6.1441,9.7107,7.653,-8.9891,-2.2898,9.9556,-0.0769,-1.8244,-8.321,-9.6256,-8.8363,-7.9924,-7.0652,-2.4744,5.7094,7.1053,-1.9724,8.4496,0.4817,-5.698,-2.0731,2.7685,7.115,-5.0597,3.0432,3.4787,8.1931,1.1101,-1.5161,0.9849,-9.2012,-4.0362,-2.0168,3.5548,-3.6119,-0.7209,1.2382,3.7223,-0.5504,-7.432,-9.9723,-9.8862,-1.014,3.5591,4.3184,5.494,-6.6766,-6.2892,-7.4357,-9.8669,6.153,3.1757,5.6139,6.1081,9.5643,9.5023,9.4873,0.9857,1.16,9.6262,-8.8561,-1.3506,-2.2275,-6.4351,8.0582,-5.2242,-1.8671,0.9271,-3.2436,1.0237,-8.5244,-3.3085,6.7254,-5.9201,4.4058,8.8743,8.6722,1.0012,-9.9128,1.5901,-5.7965,4.6732,-7.2135,4.2131,-0.6272,-3.4898,-7.0545,-7.7969,-6.8732,-9.9153,5.3401,-3.3248,9.7216,-3.2589,-3.8189,0.2227,1.9317,6.5037,-4.253,-6.6194,7.6664,-7.6513,2.0694,-3.1269,9.1505,6.972,-1.6774,5.2836,-8.2851,-0.6462,6.7075,-4.8226,-9.9745,0.5306,-2.6921,8.0094,7.5494,6.7666,-7.4287,9.3895,-0.166,4.0483,3.7727,6.5415,-3.5434,8.1244,6.2652,-8.7782,6.6611,6.956,0.5601,-6.6136,-4.5296,8.7462,-4.4367,-6.98,-6.8529,4.5125,-6.4642,7.3191,1.593,2.8865,4.6117,-2.403,4.3649,-0.0914
-3.0139,-3.0526,-1.6291,2.0253,-4.8534,7.2955,6.2511,7.8442,5.1754,-6.6083,-0.5593,-6.9544,-5.3269,2.34,3.0432,-8.1621,2.9442,0.3814,-2.3927,6.8426,-9.24,-9.6707,-9.4713,-9.4275,3.7793,-0.6223,8.5619,-9.3646,-5.6579,-5.8582,8.2334,0.5825,-7.3006,-0.7274,-5.2392,-8.8043,-2.3768,1.7592,1.4058,2.1965,-7.3837,-2.3861,0.4637,-0.1451,-5.0404,-9.7678,-2.3998,-3.0923,-1.5809,-4.1973,8.7423,4.2797,-2.9967,-1.1389,-2.5889,6.0042,1.7765,-9.0632,-3.6864,9.2988,4.7618,-2.914,-1.3198,8.2058,-6.1637,1.9631,7.9818,0.4463,1.1818,-4.4557,9.6218,-6.0546,1.9185,4.7531,-6.4383,-8.4937,-8.1266,9.9372,7.3373,3.5859,-1.0945,-0.4962,3.1932,-1.3462,-3.9809,-9.7161,2.6128,3.7973,-3.2484,-9.5641,-3.2797,-2.8618,0.831,1.1127,8.4299,-3.7433,-9.9078,-3.1249,-1.7818,-6.643,-2.6553,-2.2856,6.9814,7.0211,-7.5022,-8.3987,6.1803,7.3526,0.1208,-7.2844,-9.8383,-3.3552,-7.6362,-3.4711,6.7303,3.5509,-6.5091,-9.9673,2.4474,-6.1618,4.0081,-7.1895,-7.2774,-3.7165,-0.2106,-3.8526,0.3616,2.1087,-6.6973,-5.6935,4.4131,-5.5955,1.2677,-2.3996,-6.1923,2.9181,1.3043,8.212,-8.6524,4.202,-9.4591,-0.9836,0.2589,8.3771,-9.2816,-7.9924,9.4527,9.3482,-1.0352,-0.3577,0.9729,8.2005,9.7223,1.8454,-0.7982,6.3647,-1.7405,2.8298,0.9947,7.0074,1.1195,3.0296,-4.0456,2.8771,7.5947,1.77,2.5018,-8.7872,1.5114,9.7934,-2.5926,-3.6968,-5.5626,-3.1923,-0.5877,-7.0627,-3.1824,3.2973,-5.1978,9.1128,-6.5603,2.176,7.8811,9.7434,-2.1302,-8.3414,-0.0242,-4.0519,2.8365,7.3853,-7.4803,0.8349,0.8064,7.8737,-0.7489,3.2653,-0.5118,-3.2132,3.238,7.2213
-4.0505,6.7114,0.9582,-8.7954,9.5325,2.3867,-7.4941,4.8728,8.5262,8.5326,-4.9921,2.4402,-9.1455,-3.9869,-5.8507,-0.5846,-3.8255,7.9055,-8.3763,1.019,0.8748,-4.696,-7.1279,-1.1002,-0.0431,4.2852,-1.9933,5.6354,7.9305,5.2423,1.6042,-4.9768,4.3411,-6.5296,7.446,-5.6278,-4.9124,-2.1303,3.9743,2.5212,-5.4867,2.5782,-4.3516,-3.7766,3.6594,-9.707,-6.6022,-1.0909,-2.9202,-6.9293,-3.51,-1.3861,5.2924,3.7631,-7.261,-6.2034,3.7915,-9.6757,6.9362,-3.4641,-3.8032,0.3467,6.3403,-9.9513,0.3368,-1.5996,-1.4968,8.3,6.1567,4.0806,-9.5413,2.3209,-0.7959,-7.1739,4.5193,3.0132,3.1848,-8.2221,6.6689,9.1644,8.1383,4.5499,-9.2778,-8.9813,5.1169,-1.8497,-0.0215,7.0798,-4.8785,5.3125,8.5216,8.6367,-4.618,5.2766,-9.5336,3.9733,-3.2988,-8.3843,4.8628,-0.3097,1.1812,8.4747,5.7125,8.9075,-0.0395,-3.4969,-4.3484,-5.0453,0.1753,-0.3618,-4.2763,-8.955,7.2884,-0.9496,2.0658,8.8243,-8.7915,-7.6649,1.8826,-2.6009,7.5344,-4.4703,-7.0524,-6.9568,1.8155,-9.233,0.613,1.4876,0.5526,5.9034,0.4961,-3.0261,-9.2716,9.0563,-6.2805,6.1669,9.1044,-2.3773,3.4374,8.0653,0.5541,2.2203,8.6257,9.6611,2.0608,-8.3388,9.8917,2.1859,4.1697,-8.963,-1.4178,-7.2692,6.6766,8.7335,-6.9837,-2.0928,3.7739,3.3225,-1.513,7.2295,6.1099,3.9411,-5.0815,9.7649,3.3106,-6.3468,2.1356,4.7473,-1.6301,-2.0373,-9.473,-4.2817,-3.2227,5.4518,-9.1009,-6.1758,2.1664,-3.4114,-8.1395,5.3882,-6.0604,1.9969,9.6806,4.2348,1.5499,2.6946,-1.2686,8.3809,6.4768,-5.0284,-2.1188,3.2735,0.7739,9.5455,7.929,-9.7925,9.1958,9.777,-3.0619,2.179
0.5453,-1.3517,7.7034,-2.0756,9.3094,-5.0331,-3.7116,-2.1518,5.0411,-4.3354,-3.3411,-6.8679,-3.6343,-4.8124,0.2393,6.8514,-8.0699,5.7983,-4.2345,-2.7065,-0.407,5.3376,-9.19,8.0323,-7.1713,-1.6596,7.817,0.7662,3.4148,-6.5699,-9.4418,-9.4098,5.7611,-3.8164,-0.681,-6.9448,9.5226,7.3939,0.1091,-6.5368,9.4912,8.6568,-1.0869,3.458,3.2292,5.0421,-9.7849,9.5865,-4.7679,0.1952,-7.1146,-9.1667,-0.6585,1.1453,0.2735,9.9351,5.397,6.3444,8.6925,-1.8246,5.0679,9.9122,-9.6691,8.6243,3.6154,-0.3009,9.4688,3.9424,0.2032,-1.2732,-9.6656,-7.2111,-2.2851,2.0352,4.3577,1.7419,6.0862,9.1578,0.1687,0.3348,-0.3445,8.5574,-6.4455,6.6759,-9.3633,-1.8622,3.2606,-6.9409,5.9776,0.7326,8.1991,2.3291,6.3277,-5.5747,9.2546,1.6271,4.3583,1.7208,-1.9756,-1.0196,-1.223,-6.9451,2.4802,-1.769,7.3785,4.921,0.1579,2.7237,1.3305,-7.6517,3.4622,9.7683,-0.7365,-4.2034,9.1585,9.1175,4.7278,1.1985,-2.7522,2.0946,-4.1362,-0.1311,-8.9612,-5.5936,0.1253,-6.9936,9.4079,-5.568,5.2822,4.5195,1.9131,-0.7434,2.1341,5.8901,-4.6602,-7.2566,-8.2154,6.0362,-7.1076,3.9271,0.9855,-0.8115,0.3652,8.7653,7.3926,5.3047,6.1914,-3.5675,1.2491,6.5708,-9.1435,-5.2193,8.9407,5.1591,9.0249,-2.3669,6.2474,-0.0008,-9.5655,-5.8519,-8.9518,9.1476,4.1863,5.1167,1.396,-9.0518,1.66,-1.8981,5.5546,7.3013,0.1246,-4.9318,2.6116,8.1188,-0.1764,-6.6105,3.4151,2.851,0.3,3.37,-1.6671,1.3011,0.8317,-9.807,-4.9447,6.6098,0.4031,-4.6177,7.7323,9.9295,-1.2717,0.3669,9.1612,-5.5813,4.551,3.9673,-6.4255,-0.2347,1.9661,4.1536
9.9677,-8.1782,-2.1348,8.8719,-7.4813,-1.483,8.5179,-4.8729,2.0892,6.62,1.5668,9.897,-7.5434,-6.6432,-4.824,4.325,-9.6329,-7.5222,-1.43,-8.142,-0.3364,-9.6747,6.0179,6.7952,-9.3326,-9.2988,1.6105,-5.4295,5.5516,0.1525,4.6123,0.1965,-0.0768,3.4057,2.4194,-7.0046,-4.9548,-1.2893,-2.4894,3.5805,2.1731,-3.6087,4.9903,6.0994,-6.8266,-6.502,-5.9251,5.3758,9.6567,7.9852,-0.0972,-8.0199,7.1867,9.5531,7.6754,0.1537,-2.6121,6.6484,-0.1593,-0.0049,6.2041,9.947,1.6473,-3.7805,-0.7294,3.6328,2.3184,-1.1271,-4.7205,-1.8201,-7.0611,-6.6695,9.2998,-6.6692,6.6768,-1.2574,-9.0628,-6.0634,-3.412,-4.8871,-2.9945,-6.933,1.4187,-6.4786,6.4995,-4.2878,7.4857,7.9008,1.3728,-9.6153,-9.167,6.1539,-3.7966,0.9883,4.7168,0.427,3.373,7.4169,-6.7143,-8.7539,2.6877,-2.0,-7.604,9.8624,-5.3051,-0.1918,8.8825,5.7226,8.7763,1.7255,8.1539,-8.8833,-3.8819,-0.6441,6.17,9.1479,2.6649,3.9433,4.1647,-2.4714,7.5156,5.5785,5.8093,3.0598,-7.3654,6.1146,-2.4515,-7.8192,-1.9241,1.939,-9.1909,7.8067,-5.8326,-0.4301,-2.0912,7.6172,-2.5149,-7.0693,-8.2966,5.973,-0.0295,-9.426,0.6718,-2.5993,-9.7981,-4.6261,9.6727,0.4698,7.6023,1.3371,-8.9512,-9.0457,-7.7562,-7.5528,-1.085,-7.9875,4.2144,-7.1596,7.5423,9.439,1.5061,-5.21,7.8028,0.2101,1.4198,7.0702,9.2344,2.9344,-8.0522,0.9992,-2.1384,-8.5997,-3.1273,2.5328,0.8842,-5.5519,4.0029,-1.8731,7.2324,6.6418,6.3281,3.6616,2.9095,-3.8477,-3.1877,8.7108,-9.8827,-6.1115,8.6833,0.4317,-8.9425,3.8163,-3.1718,-2.1021,-8.5781,1.0609,-1.7881,-8.3483,-9.7417,5.1603
8.7018,-1.7183,8.1793,-0.8735,-8.5667,-3.2616,-5.4043,-4.7227,-2.8423,-7.379,9.1066,1.507,4.3946,2.2963,8.0798,-2.6169,-6.0652,9.0384,2.4855,-4.0099,-2.6244,6.9487,-0.9843,-5.1644,-1.846,0.583,-8.2866,-1.4029,-9.1382,-0.8819,-4.9427,-2.8464,7.9413,6.0679,1.2808,1.032,-9.3447,5.7642,9.6548,9.5694,-8.5784,3.8109,-4.6095,-9.5138,8.6813,2.9975,5.0053,-5.9809,-5.4971,6.3299,5.2106,-4.7257,-5.4688,0.7069,-5.9019,-9.7679,3.7939,3.8161,-8.6836,2.5154,-4.1588,5.7259,4.6279,-8.9484,-4.3632,1.4873,4.6449,-6.6366,2.9319,-0.5205,7.869,-6.8167,-5.1585,3.2118,-7.2474,1.1013,-5.9431,-8.3253,-9.7193,-6.3063,0.7837,-1.0645,9.8567,-7.8365,-0.0539,4.8336,-4.3733,7.1587,5.1237,6.8587,0.9193,-7.8154,7.7607,-7.3561,-7.5461,-8.3749,4.438,2.1453,7.2237,-3.8168,2.3253,9.6821,-7.5808,-6.0651,-6.7079,-0.8029,5.4564,5.3575,6.7477,-8.9214,4.3398,-9.7604,0.6164,-9.8355,-0.3569,4.9242,3.9288,5.3174,-1.6739,-6.5211,-0.6378,7.634,-5.9055,5.8114,-1.5559,-2.1322,-9.5706,0.9599,-8.1995,9.0989,-8.8931,-1.7906,2.9108,9.2751,9.6447,-8.6652,-8.4329,6.1011,1.1226,-2.7599,7.3312,3.6017,9.9541,0.9534,8.3239,-6.6863,0.157,1.8157,2.9242,-5.5397,8.4747,3.1765,-1.4058,-2.5245,-0.8055,-6.4319,-1.1665,6.0689,-9.3211,-1.4566,-2.7692,-4.5303,6.7348,-7.7118,-4.1354,3.1861,1.4119,2.2343,-7.2185,9.2374,-9.6049,6.8806,5.6001,-1.0333,9.446,-4.4291,8.0209,-7.7559,-4.2063,-9.9429,1.9277,0.0906,-9.6904,-2.3169,-8.1817,-6.9076,-0.4378,-6.8637,5.5109,2.282,-7.8334,-8.4778,7.1418,-9.7689,3.9855,-1.289,-8.8163,-3.5802,-2.3573,3.1045
9.5296,-4.468,-9.6502,-3.5341,-9.7202,9.7072,5.0269,-0.5918,5.204,7.6857,0.9966,-1.1171,-2.7496,-9.254,-2.9461,-0.7339,0.2603,8.0796,7.7918,5.3864,9.6856,-2.101,9.0277,-6.7698,3.5594,-2.0042,-3.0527,-2.5537,7.7172,7.4785,-0.1412,-9.1008,-6.0633,-5.5216,-8.0815,3.6033,4.8781,1.8358,9.1154,-8.8361,4.1958,-0.0098,-6.4641,1.031,-0.3101,3.2986,4.6256,1.8164,-1.6972,9.8576,1.5518,-8.5388,-1.2548,-3.2809,-4.2454,-4.7702,1.6957,-5.6311,3.9931,-9.8552,-0.8337,-0.0704,-8.49,8.9369,3.7185,-8.033,-8.275,2.8624,-7.6859,-1.4225,-7.4965,7.5405,1.1175,-6.8368,5.6294,-1.4989,3.8419,-9.7097,7.4519,-8.4629,-7.2083,2.197,-9.7321,8.3582,-5.0307,-3.3008,-2.8355,-4.726,5.1186,-4.2758,-0.8694,8.982,-5.3771,-9.763,-3.08,6.2433,2.5138,0.643,0.5314,7.1657,8.3302,-5.8635,4.3668,9.7088,1.9635,-2.8267,-0.3991,3.149,-0.4983,-7.2726,5.8509,3.9433,6.2073,2.5505,5.1821,-6.0391,7.7007,-5.8261,-8.72,0.1694,-6.9631,-1.7699,1.1368,-5.208,6.529,-3.7737,-2.6667,-9.3028,-9.521,0.4735,-6.7197,8.0533,-7.5676,-9.8235,5.1603,6.0599,-0.6847,-3.9441,-4.5592,-3.8365,2.5194,8.4387,9.9441,3.3092,-7.2436,0.6408,-6.3796,7.988,9.6069,4.7508,6.6451,3.5016,6.187,3.52,8.4846,-5.5892,-9.7279,0.9324,2.9393,2.4869,-3.8857,3.4296,-9.882,6.2994,6.7948,3.0986,2.4871,6.1322,1.1514,7.5359,9.5893,-4.5705,-7.2403,2.5497,2.1441,3.9057,5.9624,-8.4582,1.5148,0.9473,3.2516,5.4854,2.148,1.6688,6.8584,-9.2339,-3.63,4.9041,4.459,-3.8071,5.4828,9.6632,6.8338,-9.3312,-8.6092,0.6077,0.8473,-9.1288,3.137,-8.1046
-4.6597,7.0627,-7.0351,6.5682,7.1546,-9.4372,-4.6509,-2.8125,-3.3072,-9.0292,-1.0201,1.2784,0.4714,-9.151,-1.9931,-2.1294,-4.9714,-9.0687,2.8062,1.7777,7.5013,3.5214,-2.2719,-5.0699,-3.2784,-0.8647,-9.2878,0.5926,-6.3766,9.4782,-5.6791,9.7088,3.3891,7.7143,5.7408,7.289,-7.5753,3.1946,-0.031,6.9638,0.5468,1.207,5.035,6.457,2.1088,-8.2946,0.2311,-4.6468,1.7149,-3.1163,-6.4236,3.2762,-5.6572,-7.5324,-1.6943,9.8964,-1.4541,-9.9413,-2.6403,0.6333,-7.3737,5.2364,0.0366,-7.3626,-4.6297,6.9088,1.2316,-1.4378,9.1676,-4.6738,5.6828,-5.6188,-0.9716,-7.832,5.3357,-7.3471,-3.4763,5.0234,3.8722,-1.0241,-8.4372,9.7219,7.3135,1.4908,-0.7053,-0.9989,-3.4106,-4.008,-9.6603,-4.8179,2.4052,9.3941,7.4681,3.1509,-1.8991,-5.9813,-7.2153,6.8838,-2.2601,6.8333,9.3624,8.2537,-2.4199,-5.7515,-1.8811,-0.1919,4.6902,-1.3629,-0.1003,5.9449,1.1627,-9.6076,3.7979,2.2654,-6.458,4.0158,4.8486,8.9267,9.0426,-8.7068,-7.0585,-7.4942,0.3198,9.2475,3.4185,-0.3932,1.8619,-8.0963,-8.011,-2.0139,9.225,-0.4703,-5.9633,-6.2508,3.3544,6.5636,-4.6524,-6.9831,4.8503,3.9721,-4.6233,2.1679,2.4467,-4.8096,6.8586,3.3658,3.9059,-3.356,7.5132,-1.3492,-8.1895,-9.7358,6.9329,4.4221,-3.3299,4.3778,-5.0171,2.9371,6.1419,-6.2948,-4.8679,-6.4795,6.961,-4.1899,-2.8774,-8.394,-8.9831,-2.249,-8.1587,-4.5504,1.5336,6.1563,-0.1185,5.1006,-9.9935,-8.4955,2.9647,4.5643,2.314,-0.3768,7.9203,6.7957,4.0618,5.1853,5.431,3.77,1.0038,-8.2716,-7.2889,8.8374,-6.0296,8.0459,9.4587,-4.1284,-1.1911,-6.7325,-9.4411,-2.7657,5.0629,6.6907
6.6783,-5.4032,-1.4443,8.6389,5.9273,-3.1675,-3.7594,-9.2896,8.1734,2.3213,1.3035,-9.0999,9.1953,-1.1975,-3.0413,9.7051,8.0889,8.2698,-9.2883,-2.7961,-4.6599,5.0795,-1.9695,-7.2559,0.119,-9.9702,-1.9417,-1.1926,-1.0852,-1.9721,-4.5629,-5.3139,8.1424,-8.4724,4.7287,-0.3309,-2.8709,2.9594,7.7043,5.3504,-6.3155,4.4446,4.4362,1.4745,-6.7945,9.7505,-1.421,6.0875,-0.8477,2.5106,1.8429,-4.4626,1.3542,8.4172,-3.3727,-2.2812,-1.0797,-4.0368,2.2284,-2.0841,-6.3828,9.3419,-3.7724,-6.6758,-5.3447,2.1371,-1.6888,7.0017,-7.178,-3.2924,7.5278,2.5852,0.0841,6.8749,0.8299,-7.8753,-4.2995,-2.4768,-5.3482,-1.5769,-0.8624,-3.6577,-8.862,-2.2474,0.3809,-1.9462,-5.9753,-5.4185,2.9335,9.5883,-5.2989,-6.4653,-9.0086,-2.6396,-3.7866,-1.37,8.6745,6.0786,8.0869,6.2925,8.3698,-9.5891,-0.0205,-7.6195,-4.2666,-5.9254,1.988,-6.9556,-1.3255,5.8294,-0.5345,-4.2438,-0.4087,0.1515,-4.1149,5.2754,4.5183,5.5536,-5.9258,3.3612,4.2197,5.8238,-2.597,-6.33,0.3591,5.5653,8.8317,7.3904,4.7166,6.8807,-8.7303,-8.6797,-7.0313,-7.8643,0.8835,1.4766,4.7233,-8.761,9.7305,-6.8111,6.4187,0.8598,3.3605,6.4695,-7.7632,3.4078,-9.539,-3.0713,5.2966,9.2943,9.9266,-2.7632,0.0568,5.3705,-0.6276,5.4652,2.9219,-4.3098,1.041,-8.832,5.1025,8.0737,-0.5094,8.5255,-2.8045,-7.1033,6.6576,-6.2472,-1.876,-9.2106,-1.2931,0.1637,-5.5849,-8.21,6.7738,8.1047,1.9593,4.6428,-6.9632,-1.4405,6.7294,6.3398,-4.891,3.9539,4.9341,-0.395,3.2821,4.5911,7.9058,-6.6746,-8.8711,3.7103,-6.0967,-1.9359,-8.4903,1.6491,-0.5556,-6.5036,5.7262,-1.075
-8.7177,5.601,1.9121,8.4122,-3.1958,-7.9598,7.581,-0.0439,-5.2841,-9.8797,-0.5377,-3.3101,0.501,-2.294,0.3998,4.8639,-8.8374,9.7546,-1.5541,-0.4312,1.9373,7.8593,4.8974,-8.1576,-7.7452,1.1325,3.1835,-5.8732,7.9356,6.095,-8.4581,2.6092,-7.6204,-1.481,7.8179,7.2933,-6.1476,9.6241,1.6244,4.3791,-3.5982,-6.3245,-1.6258,-6.6396,8.7949,8.6439,-7.8467,1.8699,0.7749,-4.3389,-4.062,2.9184,-1.1304,3.5756,-8.3222,-2.885,-4.3541,1.5012,1.6187,1.8738,3.3651,7.687,9.4371,1.6727,-1.343,-5.5216,-7.7318,-9.7651,8.1722,6.8087,-8.2817,-6.7216,1.3104,-2.6357,-5.8888,-6.3333,-2.0091,0.9112,-3.9294,-9.396,7.6151,-3.8782,8.8412,4.235,9.8858,7.2683,7.8741,-0.2556,-6.4717,-3.118,-6.4097,2.893,-2.9478,5.0233,-7.966,-2.2112,7.1534,7.3081,-0.0118,4.6731,5.3579,0.6504,8.1061,1.6988,3.8404,5.6464,9.5332,5.1406,-1.1698,5.8169,-0.8496,-8.7009,1.6074,6.8947,-9.4309,0.2436,8.8425,-7.4036,7.68,8.9815,2.3807,-2.4559,8.3007,1.5068,-4.1942,-7.1499,-1.6977,3.3926,5.7283,-6.7669,-7.6136,9.0641,-8.4885,-5.8852,3.3291,3.9522,-6.2128,2.6722,3.3856,-2.4292,2.1252,5.3169,4.9373,5.9804,-1.2532,-3.4959,0.6069,9.7653,3.6564,2.141,0.0216,-4.8637,-2.3262,-1.107,-7.4247,-9.5407,3.5723,1.3101,5.0688,0.4438,-2.7768,-5.9988,1.9213,-8.0443,3.4779,-8.7924,9.9535,1.9761,-8.7764,8.8504,-7.4829,-4.4014,-1.0279,4.2609,-8.8699,-7.0987,1.8582,-7.6696,8.5503,0.2201,-5.0834,9.4287,3.3423,-5.4801,9.8562,4.2236,6.2823,-6.9584,7.0505,1.9508,1.1377,-8.2195,7.8641,0.8679,-4.9787,-3.7451,8.1104,5.6543,3.3972,4.829
-2.3621,-8.1139,9.2084,-4.8251,7.3969,1.8036,-8.4084,8.6799,4.5269,-6.5851,5.9818,1.0607,0.3563,0.7947,-0.6525,-1.4314,5.5859,-4.298,7.1759,-1.2434,-2.1995,-7.1971,-2.8398,-1.7648,-5.7038,-0.7408,7.1708,-1.7595,-4.6489,4.9684,-0.801,-8.6254,-3.8381,-1.8622,3.1167,-9.6094,3.6493,-0.9786,7.6824,-1.2996,-9.8334,-7.3418,7.1333,9.268,6.9669,-6.1249,3.8363,-6.4514,-7.2317,-2.3081,-4.2357,-3.1214,4.4369,0.2419,4.2397,9.5695,1.4375,4.1681,3.3081,-4.8922,-7.9213,3.7358,2.3783,-0.293,7.98,2.5336,3.2373,-8.7154,-5.4154,3.5226,-9.6785,4.5832,-9.6809,5.0044,5.2629,6.9492,4.1449,-2.95,-1.5955,-7.1727,4.7566,9.864,1.2901,1.0936,-6.2846,-1.067,-4.9691,-9.2117,4.0168,5.3672,6.3731,-2.4305,-4.3658,-6.6672,9.1083,-7.9078,6.7291,-5.7728,8.9898,5.904,9.6305,1.7688,5.7598,-5.3651,-8.6893,9.8138,-3.412,3.7009,-4.6906,1.2716,7.4835,-9.2056,1.4354,-9.5105,4.2342,-4.5351,8.2034,9.3879,-2.5867,-9.3001,0.5797,7.6583,-5.6478,-0.7541,-5.7908,7.1398,-4.844,-1.3314,-2.6267,0.5035,-6.3018,-1.6697,9.1264,-3.4866,1.1293,-1.0094,-6.9485,6.0046,1.0983,8.8221,-9.1149,0.3176,-1.7171,1.3744,-4.6935,5.8943,5.1369,-6.8549,-5.5477,-7.0674,9.1336,5.6538,6.6046,6.4679,-5.9341,4.7118,-2.843,-1.6514,4.5106,9.7101,-7.6628,8.0363,4.6171,-7.475,6.0257,0.2667,6.641,1.4869,-2.6134,-6.7726,9.6017,5.9102,-8.9223,-0.9755,3.1715,-9.1669,2.5505,-2.531,-8.5326,-7.1443,7.4589,-6.0168,-6.3149,-7.1149,3.5651,-8.1162,-2.195,-6.0431,6.7661,9.9197,5.1376,5.4839,-0.1802,0.6945,4.3341,-5.0717,-9.3598,3.1275,9.0657,-9.7518
8.855,3.5722,2.3248,-8.0543,-3.6099,6.9772,6.9549,4.2672,-3.5856,-2.6257,-1.9784,6.642,0.9874,0.6471,-8.4596,-0.3193,7.7948,-7.9327,6.9047,4.7707,-2.3204,-7.9203,3.8897,-8.1671,9.1568,2.0641,-9.6379,-3.3263,-0.4971,-8.0059,-7.6047,5.9249,1.2982,-6.2946,2.9422,-7.3543,8.8852,5.2363,-6.4043,-3.214,-1.0515,4.9888,-9.4932,-5.7492,7.4104,-2.0457,5.8379,3.9022,-4.0759,5.0214,-4.3592,-0.7706,8.0445,4.3216,-7.6549,-4.8695,-1.2275,2.1776,7.2818,-3.5605,3.4063,-9.4865,9.3476,-5.871,4.2494,-4.3573,5.2938,-4.8193,4.7586,-2.4295,-9.6351,9.0475,-8.4449,-8.4784,1.5605,-9.0157,-4.0755,-0.8498,-0.1859,-0.8751,-0.2515,7.3327,-0.0279,-5.2914,7.9421,-4.6554,9.8464,-5.8736,-8.5618,5.4151,-5.5669,7.8281,-3.2986,-0.9546,-6.1022,1.8161,7.9403,9.0033,-0.3197,-9.2373,-2.1788,6.7909,-7.6543,9.6304,-6.7616,3.8008,-7.2161,0.9491,-5.1778,-1.0689,3.3413,-5.771,8.0485,-6.9567,2.8312,7.6219,-5.3473,7.0909,-6.6404,2.1888,-8.0927,0.6926,-0.2035,-9.3713,5.5946,0.6811,4.625,-5.0645,-1.108,7.3006,3.805,0.4739,2.1168,-6.585,-6.86,5.2847,-7.8057,-8.1759,6.6286,8.2204,-5.7376,2.9828,6.0729,5.7476,9.8863,-1.0656,-3.1758,-4.2385,-4.569,2.7877,6.6652,8.3331,9.2659,-1.9842,-8.832,-6.1219,-5.7954,9.697,-3.7575,-4.4215,3.8938,5.999,-1.1203,-3.9386,-6.4886,-3.0887,7.5503,-1.0219,-1.8076,-1.0779,1.9632,0.3643,2.2072,0.3569,1.172,3.7509,2.2735,0.92,-8.0484,-9.0392,2.7782,1.2287,-3.0857,4.4311,0.2603,4.5543,-9.0572,2.453,-8.009,5.878,3.7166,-5.5195,7.05,-3.0638,-2.0471,-8.8802,-2.8872,-1.9053,-0.3165,8.7404
-1.7051,3.449,5.2846,4.8005,-0.3057,-0.3947,-0.504,-8.6842,8.8712,-7.9633,5.0947,2.3879,8.7769,-8.8493,7.9765,4.6944,5.9016,5.7207,5.1733,2.4443,-8.8316,-0.9578,-7.2892,8.2996,-1.2788,8.3776,6.3735,5.5073,-6.8397,-9.6164,-6.8099,0.0867,-6.1555,-9.5459,-2.5053,2.7298,-0.0727,3.7706,-9.6315,7.416,3.977,-6.3306,-4.4614,-2.0405,6.0868,4.6827,5.121,-7.552,-0.9939,4.6418,-8.2031,-9.4037,-4.4069,-2.8327,6.1474,6.3635,-3.4237,6.8095,6.5173,0.294,-0.4103,6.4751,-8.22,1.6108,-1.0482,-8.3859,-3.9748,7.7325,8.0933,-4.8181,-6.7482,0.5883,-9.3146,7.2843,0.0988,3.1273,2.1898,5.586,-7.3795,2.24,-7.3159,-3.0348,-3.1336,0.3674,0.9789,-5.5745,-0.8958,-1.9953,9.8233,8.4853,9.6694,6.3542,-6.6151,1.6255,0.2972,-5.623,0.9469,2.6822,6.157,-6.1949,4.2173,-4.6324,-3.3171,5.2232,-3.1874,3.6152,3.0134,-4.4996,-1.0726,-0.3366,9.4623,-5.7147,-6.8805,-1.4461,-5.835,-0.4315,0.5164,4.1739,6.5469,-0.8659,9.618,-4.1473,6.2063,2.1067,9.4155,-6.8913,-5.831,-7.3593,-4.5375,-2.9825,-0.5438,0.1752,-7.2929,-4.4175,-1.6593,8.9455,-0.7152,-8.4995,1.0247,-9.324,-2.9922,7.8359,0.9019,9.3769,-3.0889,6.6713,-1.7743,1.2949,7.9271,-9.6849,-5.7122,-1.3944,-0.9415,5.1799,0.6796,7.8207,-6.1534,7.4676,7.4209,-7.023,-3.5678,-0.7619,-1.8037,6.2158,-2.1817,3.1498,-1.2543,-4.315,0.9052,-2.4381,-9.7312,-2.1672,-6.4428,-6.5219,-3.4459,6.2408,-9.2568,-9.2094,-4.8364,-5.4518,-3.5962,2.3495,-5.8104,8.824,2.1723,6.5997,-6.4483,6.091,5.4937,-2.3835,1.4084,1.8177,1.0841,-7.8806,-8.261,9.8252,5.0595,5.9615,2.8874,-3.692
-6.8866,6.5378,4.6246,-6.6774,3.9294,-1.5387,-6.8104,-4.3757,-9.7866,-0.3677,-1.9054,4.0971,-7.7511,-2.63,3.0549,4.0616,-0.5785,7.7935,-4.1645,9.6608,6.9365,7.3749,-9.9154,7.7855,2.9101,-3.6822,3.9822,7.2489,3.8175,-9.3565,8.7427,-1.443,3.6736,9.3341,-5.6376,5.8577,-3.7707,-7.1733,-9.5647,6.5504,7.2041,0.0766,-7.4641,9.0438,1.4416,-8.2755,-7.6212,-9.8662,1.2638,-9.4074,7.1882,-7.4324,5.3876,3.8907,-2.9348,6.6911,5.4647,-9.7211,7.4154,1.8193,3.3054,-9.7707,5.4894,1.7811,7.1238,5.2397,3.7643,9.8215,-2.2008,-8.9707,-6.4628,-3.8405,5.153,5.4913,-5.1588,0.7652,-1.1956,-1.2037,-1.0087,2.4845,-9.5255,-9.8515,-8.2641,-5.8492,-8.8252,-3.5129,-8.3228,1.5687,8.7691,-5.5917,0.2787,3.8623,-9.8544,-3.1597,5.0977,-1.7552,1.8746,0.3057,-9.4013,-5.4509,-9.7147,9.5807,2.5499,-9.2011,7.0621,-8.0223,-3.4971,4.4626,4.9186,8.7402,-5.9315,0.9158,-4.6391,9.0828,-3.6583,-1.8405,-5.1132,5.7674,0.271,1.0814,-7.7206,5.9198,-2.9543,-5.7132,9.7601,-4.3228,1.1998,-1.9753,-1.29,3.748,6.7038,-7.9197,1.5482,-9.069,-9.4698,5.2451,-3.7287,0.6755,-7.849,-2.652,9.1459,7.2054,-6.2905,4.8959,-2.084,-2.0415,-6.2847,5.6262,3.8858,-3.8613,-8.6254,-0.8141,-8.6191,4.8218,7.7622,-2.977,4.7042,3.9212,-1.1517,-0.0943,2.7512,0.555,7.3576,-7.9347,8.8378,-1.2658,-1.4243,1.5244,-2.3006,-2.78,4.507,7.2674,-4.7958,-9.5467,-6.2685,-0.9998,5.6933,-9.7093,-8.1929,-8.0234,1.4239,-4.7493,1.9098,-1.5329,-6.079,3.5956,-7.3216,5.1831,9.2379,-2.7979,-9.4522,-6.4737,5.2515,-6.4538,8.8053,1.5181,-1.568,4.9781,9.9901,0.9079
-3.6831,-5.6918,2.7842,5.8046,4.4081,-1.5951,6.8133,4.5888,9.7318,-9.826,-3.8877,6.9176,-8.8978,-9.243,2.4969,8.9655,4.3138,1.5789,0.347,-6.8519,3.162,-2.7515,-6.6198,-9.3261,-7.2557,-6.3442,0.0385,-6.3538,-7.184,-0.061,-3.948,-9.094,5.727,4.1966,-9.4247,-0.0368,-0.0657,6.8646,-8.4036,-7.4311,-5.994,-3.8042,-2.4408,9.8555,9.9585,7.3371,2.617,-8.0487,1.4741,0.535,-3.1797,-9.8018,-7.123,-4.0888,-1.4412,1.2689,6.8747,2.0783,-4.9881,-5.4792,2.1211,8.0275,4.7359,-9.5625,-3.0423,-7.4322,-0.2365,-7.05,-4.3801,0.2702,-4.8379,7.1012,9.7603,-9.7813,6.5371,-4.6105,5.7806,0.6584,1.4328,-2.3694,4.9113,-9.2052,-1.5369,-6.5446,-7.309,6.3306,5.5357,-7.1386,-9.9662,0.8386,-9.6855,-5.8381,-0.5583,5.4921,-3.3634,-2.4055,-9.3727,-5.447,4.5479,6.2424,-6.6768,3.4009,4.5405,-8.6093,9.5314,-6.3132,-5.0984,2.6488,-8.5729,9.6578,6.6398,-7.6922,5.8672,-2.8739,4.4029,1.2446,9.0954,1.2529,-7.2144,0.169,5.4853,9.3606,8.5748,0.9834,-5.5572,-4.938,3.3804,-7.4753,2.2218,-0.7263,-7.4893,-2.5296,-4.2658,6.7813,7.0945,8.8353,8.9432,-6.3806,-9.592,-4.7925,5.2859,4.06,-0.7393,-0.4674,-9.5116,-5.098,-0.3131,-0.9323,-7.2478,2.8424,-3.3294,0.6598,-0.3586,-7.7816,-4.5722,1.692,-1.2226,-0.9883,6.0389,3.2523,8.4989,-8.793,-6.9677,4.2364,2.5917,7.1209,6.8025,3.2301,-9.4647,-1.1605,1.2665,-0.5355,-4.1445,2.527,0.0706,-2.8028,6.056,5.6135,8.3771,-9.8736,6.3949,5.6969,6.5297,-5.3211,9.6724,-7.5571,7.6326,7.2227,-8.3723,-4.4911,3.7604,-7.521,-3.9199,4.633,1.2818,9.4098,1.2788,1.8911,4.0239,-4.9038
-4.2311,5.7441,-3.382,-0.0674,-6.9282,9.5278,-0.9362,8.6343,3.3261,-0.082,-6.3039,1.0288,3.3037,5.9793,1.332,-6.0938,6.5097,5.5074,2.6459,-5.9999,-7.2725,-5.8469,-9.7862,4.204,-0.2703,-4.2133,-0.0761,-2.8544,-4.9347,-9.2376,8.9704,4.6547,8.3873,5.056,-6.565,-0.6877,-3.645,7.1713,2.9406,-5.4037,-6.3983,3.2992,-1.2527,5.1712,-5.9437,7.2336,-7.0959,-6.1374,-7.8056,3.3334,0.2922,-6.2987,7.383,-6.0912,8.491,1.2786,-1.6115,-4.4608,7.3243,0.9443,1.1195,-3.0064,2.2602,9.1226,-1.8293,-1.0738,-7.4534,5.6072,2.1731,6.9808,-3.8927,7.0138,5.4342,-9.3853,7.6671,-3.506,-7.1982,-7.7464,-9.2387,8.1458,6.3732,5.0967,2.2589,-6.2354,-6.625,3.7009,-1.1781,6.9405,-1.2742,-3.7721,9.1031,9.6864,9.1455,7.723,-8.1812,-1.9012,5.9905,5.39,-6.4283,-2.0921,-0.2932,-3.111,-8.509,-2.8899,-9.2364,-6.6284,0.9928,-8.6713,-4.7319,-8.0465,-1.9834,9.2508,-2.4435,1.5947,7.6681,-1.9947,-8.2877,7.1939,0.2429,1.5473,8.654,-3.5073,7.2034,5.6529,-6.7141,3.976,5.9101,9.8462,0.9464,4.0292,-2.9607,-7.758,-1.2767,-6.9459,-2.4812,-9.7392,7.6906,7.5028,-5.1202,-4.9804,7.6426,8.9987,-3.3062,-0.786,-5.7576,-9.1518,9.7331,2.8953,9.8811,-6.7587,1.6107,-5.0984,-5.6329,8.5417,-0.9304,0.1542,-8.7249,3.0073,-7.6056,6.7998,3.1347,5.0778,-3.0847,-3.1979,7.0235,-0.496,-6.9464,7.7973,-6.764,1.0588,-3.5081,-9.7768,0.9167,3.5748,2.9335,2.4501,0.6324,-2.7567,-8.9909,6.2355,-9.5047,0.8718,-6.0864,3.1209,-6.8593,-3.398,0.4548,3.4427,-5.37,-3.9596,-6.965,-7.5813,-2.892,-3.1029,-9.6903,-5.3051,-5.3605,-2.8798,1.9369,-3.4264
-8.0854,3.0904,-3.744,-8.0364,3.2843,-2.5249,-5.0001,4.944,9.5749,-7.5418,6.8121,-1.2692,-5.6413,2.8981,-3.6391,-5.6677,-8.0517,-2.1172,7.694,3.7066,-4.1167,9.6412,-4.7416,3.3295,-3.8211,7.9293,6.69,-6.597,3.4246,-5.83,-1.5969,0.9011,9.2047,4.1662,-5.9373,-3.1309,-5.6635,-5.6057,6.0992,8.2999,-3.2375,9.1718,4.2596,-4.3768,7.6929,-5.9321,-1.1999,4.9035,9.2814,2.6501,8.8387,-1.5343,0.4104,-2.8713,9.4555,-9.8007,8.7696,-2.3229,2.4561,-7.4999,-1.2462,-5.3065,7.247,-2.0345,3.9547,-3.2424,4.7693,7.5995,3.4729,-4.4037,1.4729,-3.6197,-3.6598,-6.5924,0.6175,3.2995,0.2285,-7.6523,-1.1863,8.7878,8.9179,-4.7106,4.0296,-7.2663,-5.7117,-1.7654,7.3491,-6.7495,-3.8758,-9.0271,4.3141,-8.6748,-3.1923,-6.8102,-6.2473,1.9486,7.5011,-9.8198,6.3462,-3.3348,-8.9774,-3.5265,4.2952,9.5221,2.1559,-0.6194,8.8881,5.0388,-6.0883,-5.379,7.2833,0.4161,-4.7802,1.3876,-2.8087,3.2992,9.2389,-4.4811,-0.659,-1.2035,9.3735,0.4884,-8.2925,1.9929,-7.7768,7.338,2.6266,8.8323,-1.0948,4.2665,-7.7954,-3.0686,-4.4092,-6.5039,3.4446,-0.963,-7.9704,0.6237,3.9743,4.1057,-0.9569,9.4603,8.6044,9.9694,0.9146,6.3924,4.2772,-5.4997,-6.8231,-2.6874,5.6746,6.8677,2.8957,8.3248,-3.4417,1.0734,-1.6952,5.3348,8.709,-9.6797,6.288,-7.7805,2.9262,2.5524,-5.7401,-1.6868,-8.8141,-9.7829,1.3849,-2.5148,7.4365,6.2338,4.4099,-6.9425,4.1662,-5.5474,-0.0456,-9.9076,5.4416,-8.9407,0.918,-8.0008,6.1964,5.7516,8.4993,3.331,1.3803,5.3295,-6.1682,2.1375,4.2859,9.1929,3.2068,6.1588,-0.2172,3.6818,-0.5956,8.3773,3.7819,7.6962
3.4694,-4.3083,5.4618,-6.0427,0.0801,-7.2666,-5.6201,2.756,-0.3648,0.1512,-9.5149,-6.4018,-7.9981,9.3962,3.5763,3.1028,-5.1908,8.2711,9.1313,0.882,4.1159,-8.6205,-7.8252,5.8121,3.0287,-7.2631,-0.3847,0.209,-2.3093,-3.1363,-4.9889,7.6476,-3.246,8.2773,4.6007,8.7239,-2.8233,-2.7135,-8.1633,7.241,-1.6769,4.0753,8.6503,0.1743,-5.6414,4.3283,0.6165,7.39,8.2408,-5.3426,5.6229,6.2573,3.726,3.7813,-1.3369,-1.9417,-4.4078,8.9158,-7.8328,-8.5145,9.446,9.9478,-5.8638,1.4625,2.6565,-5.1251,4.0392,-4.5237,-2.5532,-9.945,-8.7308,-9.1396,-9.6518,-0.385,-2.6562,-9.4639,-9.5949,-6.6953,-6.68,-2.8628,0.6602,-9.6496,-9.1966,5.9764,-0.5631,-2.1629,3.1064,-3.5533,-3.5453,5.2879,-6.1672,-3.237,6.5186,9.4736,-0.385,-0.8135,5.4917,-6.8552,6.7983,7.8139,6.2546,-7.4306,-1.7939,0.8705,1.7264,9.8596,3.2081,-4.4462,4.1099,5.9519,0.9435,9.6272,-7.3388,8.2782,-5.932,6.516,-2.4681,8.9227,1.2605,9.4118,5.4957,9.1992,8.335,1.0487,7.1312,2.1342,6.6069,3.0148,9.791,-3.0216,8.9475,1.2072,5.9811,-9.2977,1.7246,2.3386,-2.0635,7.9259,0.4574,6.9316,9.9696,4.4203,-6.5945,9.9792,8.4,-0.8077,-0.0776,-4.5194,3.5839,1.8109,-9.9094,1.811,-8.7505,5.3428,-1.7103,-9.8457,-2.605,-2.0557,5.3014,9.2658,6.1118,-8.9091,-1.3777,-7.9113,6.8843,-1.9004,5.4472,0.5974,9.8257,8.4549,4.6694,-1.3723,-5.3039,-5.4486,-1.4372,6.2707,1.8653,7.3188,-4.096,2.1474,4.637,6.1149,2.1621,3.3181,-8.5217,5.873,-0.8199,-6.3893,8.9055,-9.3537,-6.6494,9.348,-0.3745,7.8103,-5.516,-7.6423,8.5141,7.1315,9.4264,0.2058
0.0692,-2.7459,0.3912,-8.0535,-0.327,5.0222,6.3422,-7.609,8.4955,-6.9286,0.6826,-2.5277,-9.3159,-0.9708,6.3352,2.8241,7.0154,8.5949,9.7586,2.646,-2.1847,-1.5712,-3.9529,-0.8837,7.4192,-3.89,-5.3188,-7.3708,-9.903,-7.5062,-4.0773,-1.288,-7.4992,0.8197,-1.4068,6.8413,6.2207,-4.4639,-8.6798,6.7492,9.2634,8.9876,-8.0308,-8.2681,3.2059,5.1084,1.2078,-3.4392,-4.8899,3.4599,2.2477,7.611,-8.2772,-9.6512,-0.4553,9.3074,-7.4317,6.343,2.5353,-2.5467,9.0085,-7.2835,-5.0404,-6.9445,-7.5225,-8.4127,8.1276,-5.3924,-4.7059,3.7755,-4.1453,-1.0738,7.6031,8.6299,-7.0626,3.5697,-8.8547,0.413,-3.8543,-1.2564,8.5737,-5.7743,-5.5477,0.2912,-3.8251,0.868,-9.0502,4.7909,-9.1005,5.6899,5.0371,-1.4092,-0.0864,4.9723,-2.8982,8.3201,8.5076,6.781,-4.6724,-1.332,6.932,-5.4267,-3.0002,5.5218,-2.0343,8.7518,1.8726,-3.4218,-6.5438,0.8562,2.7285,6.3012,-1.7754,-6.3747,9.8358,5.2644,-1.7532,5.4215,4.6937,-3.1841,-0.4453,-0.9596,6.6619,1.8139,-7.8276,6.3478,-9.3284,-4.2316,8.2061,2.9264,1.5497,-8.934,0.7714,3.9018,2.0273,-8.959,4.0286,5.5346,9.5459,-9.3334,-9.0834,-4.903,-3.2089,-7.1198,9.8439,-4.824,-6.0838,-3.4839,-2.1363,-3.5509,3.1515,9.553,-6.8798,7.5452,1.6554,-7.7594,-2.22,1.2567,-5.1798,7.2518,-5.048,-6.3577,-8.4894,3.4555,-7.6965,-2.0162,6.9635,7.3384,8.8885,-2.7893,-1.9245,-8.2986,2.7913,-5.6361,-0.0476,-8.2066,3.7684,-2.6639,-1.7821,4.4295,6.4135,-7.2155,-4.7082,8.5012,-2.5885,9.3144,3.091,6.2398,3.6152,-2.6062,-8.3889,-9.2542,-1.2008,7.8998,-7.638,5.8225,-8.3814,1.7693,2.3663,-4.115
-0.9423,7.4989,2.4369,-1.6841,8.9408,9.8747,4.1463,1.1065,1.4829,-2.0353,9.1082,0.8999,8.3151,2.5672,1.4974,0.39,7.2705,-1.7143,-2.809,-4.1504,1.045,-2.3378,8.2444,-1.0816,-5.9329,-9.3221,5.1381,-5.5911,5.5401,5.349,0.0623,-3.5974,2.0383,4.1332,-2.0338,-1.0859,8.4151,-0.0706,8.5145,2.2595,6.8565,7.9012,6.5873,-9.0782,0.0028,-9.9937,3.8394,7.5324,-7.521,6.2046,-6.8107,-1.8984,3.4476,-3.9475,-5.4502,6.6333,-4.6854,0.1513,2.4806,1.9063,-8.0451,1.7906,-2.3235,-4.5117,2.9146,-3.8634,-6.6052,-4.2118,9.3431,1.4431,-0.4964,-8.6516,2.0912,-9.808,-7.7833,8.5634,8.1138,-4.3698,-6.6521,-9.3244,2.3608,1.3755,-6.8418,9.2095,-4.5755,3.0168,1.198,-9.9807,-8.6714,-1.8129,-1.0344,-8.2827,-0.9902,7.9282,9.3566,-6.1802,-9.3303,-6.5539,5.783,4.5318,-4.5563,5.1094,-6.9845,-8.73,-8.5221,-1.8925,-6.3029,-8.7033,-2.6706,-4.459,-3.6321,-1.6976,6.9913,-1.9035,-3.5912,-8.3422,1.3943,-2.3499,4.6954,-5.7311,1.4745,-1.4703,-0.9921,-0.8211,-7.8834,-9.8101,-2.1877,-8.603,-7.63,-5.8642,-2.0991,2.7843,4.1177,-4.2462,1.1958,5.7972,1.7812,1.9687,8.2911,-1.5954,-7.5682,4.8524,-5.5914,-5.1685,4.1815,3.8604,3.6051,0.9889,7.5775,9.9448,1.3009,-3.8906,-0.7229,-4.6286,-0.4927,6.6554,-0.6925,-9.0753,9.8884,-6.3795,8.45,3.9918,8.4031,-9.5002,2.5323,9.8042,-3.2791,6.3322,-5.2902,2.9196,7.0086,-4.556,-8.8199,5.7401,6.1816,7.2592,5.4374,-9.3203,-1.2986,-2.4379,-5.526,2.0288,-5.4747,5.4002,-7.9553,8.0555,4.7571,7.4886,5.9895,-0.0363,0.0305,2.7959,-9.0292,-9.0713,3.8079,-3.5859,6.771,4.481,4.5152,2.0699
-1.1738,-8.9717,4.2535,7.8974,-5.4773,-9.3599,-6.3388,-3.8598,-7.5555,-4.7402,4.8104,7.2677,0.2829,-5.7771,-0.3679,-7.4981,2.897,-0.8586,-8.6496,-7.5556,3.9766,6.7929,0.1105,-0.11,2.7444,-0.5349,-0.6366,6.2691,8.3305,0.1541,-1.0001,-8.6326,-5.4686,-0.8015,-6.1185,0.2593,1.6146,-6.3906,6.1785,3.7999,9.8789,-9.6628,8.4676,-3.1186,-6.9082,-5.4179,-3.6259,2.6474,-7.8135,4.7323,-9.4689,3.8533,-0.4264,1.5928,-5.1217,0.5388,5.9629,-8.233,9.2388,9.4881,-6.0428,-8.176,-1.3767,1.864,8.1281,5.0092,3.9921,-2.935,7.1135,-4.2174,-1.0183,8.5007,-3.1596,2.207,4.3278,5.991,-2.9786,3.5764,-9.1552,-4.9041,-2.0443,5.9262,4.8096,5.1165,4.1989,9.528,6.0665,9.0469,0.241,0.3663,7.285,0.4789,-2.3829,4.4515,-9.0651,3.4131,6.311,8.3601,-6.1399,-5.1037,-4.5269,-4.5225,3.6316,3.4106,1.0233,3.3166,0.3474,-8.6822,2.8361,4.7119,-6.7192,3.0907,4.3326,-2.5091,-7.9662,8.4823,8.0989,-8.7674,2.4862,9.3991,3.532,-9.7067,4.7684,0.1108,9.4957,7.5705,-1.9632,-5.935,3.7679,9.0636,6.4747,-7.2074,3.8804,-7.9344,2.0365,-7.7311,-9.709,-9.2641,5.5328,3.6766,9.3793,-4.1644,8.6477,1.0743,-8.5452,-3.4486,4.0863,-3.0368,8.0555,3.6487,6.4174,-8.7851,0.0238,0.749,9.1814,8.521,-9.6723,-0.6704,-3.8384,2.9814,-5.9937,-1.1051,4.5188,7.848,6.7639,6.0525,1.1364,0.382,3.0045,4.0536,3.3936,-2.0231,9.0471,9.293,0.8033,2.2855,9.2546,-2.7817,5.6173,-5.0763,4.9918,9.2484,-4.6663,1.883,8.2125,6.3233,-4.9097,-0.0372,7.8061,9.3037,8.9455,-4.767,4.6291,0.8634,-0.5834,-5.5197,5.0397,3.1265,6.2387,-6.2635
2.8146,1.2287,-2.6438,5.4728,0.4324,3.8956,3.372,-7.772,-6.4652,4.0839,-1.2258,-9.7634,-7.6833,-2.0099,-9.8848,-0.4242,2.4087,-6.5224,4.8883,4.988,2.7708,2.9494,-2.594,-6.8837,-5.1674,7.8293,-2.3236,2.2928,9.3553,6.0958,-1.4992,-7.0272,-1.7167,3.2708,3.9109,0.1327,-9.2027,-3.7064,-9.6073,2.7918,-3.8638,-1.6247,-8.0846,-3.2909,-9.5819,5.8559,-5.5219,-6.9687,-5.6462,-4.0285,-6.9455,3.9006,4.6004,8.1233,8.2976,-2.2635,-7.2105,2.787,5.7975,3.1871,-6.6011,-7.3981,7.0249,-8.7683,2.0254,5.8259,-3.098,9.1077,-8.5388,3.3898,-8.3586,9.4532,9.8499,-7.0064,-2.3943,8.9493,7.3814,0.4853,-2.2752,-1.9509,-6.9099,5.6938,1.3013,-3.5459,1.0307,-4.0397,-7.1429,1.1102,4.8381,-7.2229,-1.2996,-2.1907,5.3244,9.2261,6.0019,4.1322,-3.6493,4.7609,-5.1002,6.9815,-4.8097,7.8658,3.7277,9.678,6.4689,-3.1009,-6.5192,-1.7367,2.679,-9.6161,-5.7221,3.0909,-3.782,6.9935,4.2539,-6.3216,2.5523,8.1428,-1.4159,0.8275,6.6151,0.5213,-6.4282,-3.9066,-0.7283,2.3877,-4.3747,-9.4734,-5.1782,6.9313,-0.5242,-7.082,-8.0999,-9.6379,8.8559,8.1555,-8.8833,-1.1836,-9.8977,-2.3205,1.3376,-9.0923,-3.2197,3.3236,-7.441,9.7167,1.5414,1.7394,-3.0102,-0.9093,-7.7863,-4.9683,5.4666,7.6929,0.5379,4.9415,4.8483,9.7339,0.515,-3.1843,-7.93,-2.5636,-8.4589,7.9973,-3.7338,-2.1526,1.4477,-3.679,-7.9111,-4.7569,-6.3565,-5.2643,-9.3779,3.4031,9.0553,-2.9402,-6.182,-4.368,7.2182,-5.2733,-8.1077,7.4135,3.6208,-3.3586,-5.2718,1.3383,3.0843,3.5602,-8.5304,7.5293,-5.9395,3.9563,-9.89,-4.7821,2.4471,-3.472,-9.649,-0.9102,-3.3215,-4.1958
6.4442,4.5116,0.4539,0.2531,-1.4192,-6.9709,-9.4311,-7.4329,-3.3904,6.4032,9.1832,-2.6247,-7.7632,-2.6393,-6.4432,-4.052,-3.4333,1.1701,-2.6049,4.0595,-7.5929,5.3806,8.6035,-5.7057,4.2176,0.5111,-0.7551,1.1937,-9.995,-9.0278,-1.4773,-0.2849,0.2464,-9.5955,5.3219,-7.3383,0.3802,9.2484,8.8521,3.1473,6.6274,-2.5744,-0.6792,2.2067,-7.2652,5.3494,6.1347,-8.9395,-1.547,-5.0444,-3.5167,4.1543,-8.3802,8.6794,-3.2769,-2.4227,0.6083,2.2154,-4.8093,-8.5507,7.9175,-9.1295,-7.3193,-4.1898,-1.7066,-1.76,-0.9483,-5.3196,8.8125,-3.8673,0.5056,6.0297,-7.8725,-4.7559,-4.553,9.6241,-4.0518,4.2285,-5.3234,-8.7332,-2.4752,-6.692,-3.7371,-0.8988,0.2356,3.005,0.6591,4.8513,-5.0787,8.3855,0.5714,6.3101,2.3201,-3.4773,-5.6275,2.8682,-6.7239,-2.1053,7.4668,-1.7439,5.0184,-6.2195,4.0823,0.2346,9.6125,5.1326,3.3124,-9.29,6.9122,2.1066,8.4481,-4.7925,5.3268,9.6554,-6.4861,3.3778,-3.9899,-2.0648,-9.1825,-3.7278,-2.4773,-9.1255,-3.0547,-5.5895,8.9097,8.9517,5.49,0.955,-3.9902,2.8676,-7.0535,6.8915,9.4673,3.0048,3.4464,-8.8217,8.5191,9.3826,6.65,-3.5701,5.9346,-3.6023,-6.1561,-2.5234,7.0511,-2.7191,-5.2226,-3.5249,-0.7203,-8.1769,2.0279,-2.8324,7.249,-6.4982,0.9923,4.4281,0.8591,-8.598,-6.0161,-4.6765,-2.54,3.6105,-9.7041,-3.2368,-2.543,-8.6344,0.5246,-7.8323,-9.0712,-0.3667,0.9392,9.3984,9.9904,-5.7039,-4.7349,2.9081,9.0408,-8.1471,-4.3303,2.6074,-1.1818,-1.6002,5.5568,-2.5508,-1.4744,0.6508,-0.3901,3.8274,-8.7363,-1.049,-7.791,3.1076,-9.5177,7.8035,8.1421,3.0486,4.2149,-6.6579,-8.6812,-3.0818
-4.1187,8.5876,-4.5438,-9.4882,-2.1967,0.3252,4.7774,-2.7845,8.1641,4.7309,-2.9825,-4.9741,6.9436,-1.7752,-9.1012,-6.2368,-0.45,5.8291,5.0925,-4.56,5.3496,0.1333,-7.1084,4.3001,-5.717,8.3936,2.0886,3.5024,-4.3404,4.5832,-1.2409,0.4017,8.6715,-2.6923,-3.7238,7.2687,5.2747,5.2119,8.6687,2.4974,6.2788,-5.1163,-0.5355,0.764,4.2806,0.8711,-9.5362,5.6306,-2.8233,5.2601,8.8857,3.8513,8.6686,8.3268,-8.6846,1.8363,8.5452,4.4186,5.9834,8.2386,4.1775,-6.1356,-9.3086,-1.1484,2.2716,6.2244,8.1296,6.8462,3.6225,4.7422,-1.1267,0.8482,8.7364,-8.3993,-9.8459,7.1024,-4.0322,-3.0007,9.9118,-0.5932,1.8569,-4.7476,-5.8772,0.3801,0.8565,-3.7804,-4.4037,-2.3117,8.8928,1.5452,2.1846,-9.2335,-2.8227,-9.9268,-2.184,-6.2101,-9.8203,9.0264,2.9294,-4.5593,4.0822,-7.6028,-0.7672,-2.1644,-6.3708,-8.7221,-6.0657,-9.0137,-1.4148,0.9465,3.355,6.9135,6.3251,5.194,-8.0769,3.8834,3.2757,-8.9023,-4.1261,-7.0598,7.9503,2.7546,-3.9363,8.1856,9.6344,1.4231,6.8394,5.0451,-1.6007,-0.8758,1.5378,0.6439,4.4781,4.8782,-6.0006,1.4926,0.5476,6.4344,9.2088,-2.4047,7.0474,-2.961,9.1304,4.696,1.0571,-4.9749,-5.9349,-1.0191,-2.0148,2.3222,8.6859,1.1349,-2.2807,-5.4341,2.0845,0.3075,8.0641,5.1427,-2.5692,7.1888,-4.1656,7.2529,3.4984,-3.464,4.4317,-8.9882,2.0959,-2.9413,5.5791,1.643,0.3548,-4.9993,-3.97,3.7444,2.4283,1.8682,1.3148,-1.2251,7.208,-6.0876,-3.1469,1.0928,-8.6207,-2.152,5.1398,-2.321,6.5089,5.4825,-6.5261,-1.274,3.1764,9.6619,2.814,1.5835,-0.4256,3.6318,-5.9553,7.129,-6.3181,-5.1179
-7.2764,-0.4433,-4.6374,8.7807,6.8994,-2.3132,8.0512,5.7112,6.347,-5.031,-7.7124,1.7013,-7.9584,-2.6192,-3.2274,4.0615,7.0063,7.6472,6.9758,7.8249,5.0086,1.9118,-6.3377,0.459,-2.8406,0.9139,-8.3045,4.1858,8.7838,7.5727,1.0814,-8.274,-2.9473,0.0796,-8.1515,-7.6368,-9.491,8.0684,-0.3466,4.253,-5.7902,-3.6008,5.2021,-1.8048,3.7652,0.3328,0.9093,-5.3339,-7.2341,-6.4903,7.0484,4.3462,-1.391,3.1231,-6.3658,-0.9423,-6.7495,-7.5707,7.0081,8.7183,2.81,1.667,-8.2707,0.532,-7.0767,-3.4431,5.9273,8.856,1.1464,4.8029,3.5738,-2.8399,-5.1555,-6.7237,-2.6835,0.919,-4.4597,-0.5022,-9.4145,5.1042,3.7327,8.5465,-0.4872,0.6702,-2.9993,-9.3366,-2.0668,1.9965,4.0973,4.0271,-8.6825,-5.9052,1.881,-9.3766,2.5286,9.8965,-5.1149,-4.2188,6.877,-3.9748,1.7838,5.7028,9.202,3.1893,5.9816,-0.634,4.1959,1.8571,-9.5046,-5.2902,3.0623,-7.153,-6.7476,-6.549,5.5329,-1.5397,5.1226,-1.0441,8.2888,-1.0723,-8.4992,3.6549,-8.3849,-8.0711,-1.7276,3.2802,-5.2803,-9.3187,-4.7563,-2.6815,1.8876,9.2349,-7.3565,-1.5933,9.9032,7.7027,3.77,7.0939,3.4193,-7.0505,-5.3908,-3.1482,5.0744,-5.117,-7.7438,9.7323,4.6656,-8.6083,6.0018,6.4874,-5.8912,-0.1344,-6.9742,-0.195,5.4237,8.2157,-8.771,4.1785,1.0285,8.78,-2.9649,6.7354,-8.5508,-3.503,-7.2494,6.568,-6.2608,3.159,7.1308,7.181,-5.7179,7.6538,0.3937,5.3455,-1.8773,1.9451,2.3669,9.7701,0.1092,5.8725,-8.1385,7.3146,9.8887,-9.4181,-7.4362,6.5839,0.993,7.3639,5.9096,-3.7225,7.2617,-0.4893,9.1133,-2.6924,-9.8441,0.4045,-2.9284,-5.3804,-3.8188,4.9496
2.509,4.5697,0.1159,-4.2763,-3.137,2.1849,-4.9733,-1.4186,7.1859,1.8516,0.673,6.7311,6.8774,-8.4642,-8.0448,-4.7747,-7.6311,-5.5748,2.3974,-4.1119,9.7562,6.0074,-3.9481,8.4146,-4.927,2.0743,4.2124,4.5398,-8.1038,9.9121,-8.6465,-6.6343,-3.1694,2.7598,-6.2398,3.0251,5.1017,-6.6447,-1.2108,4.9147,-6.4761,-0.6482,2.3102,-2.7339,-2.5209,5.4397,-4.3153,5.5496,6.5083,9.0738,-9.2605,0.9006,-0.4536,3.1887,-6.751,-1.7799,4.8015,0.2643,8.9394,-8.9233,1.2576,-5.737,-7.6807,2.7248,5.5217,1.2844,-6.2036,6.9062,-5.9444,-4.5053,7.168,5.9536,-3.6865,-1.3537,7.2784,-8.8422,-3.5621,1.7413,-7.2884,4.0932,9.8874,3.223,-9.2845,-6.6573,7.1665,0.0778,-4.0822,-7.9209,9.0052,-9.0109,1.7757,5.4757,-1.3804,5.9358,3.2054,3.5271,0.8957,-6.0113,-0.9817,2.525,-6.5139,-2.6996,-8.6731,-0.0359,7.9676,-0.1448,5.0993,-7.4518,7.0009,4.7274,7.8199,4.9544,1.0465,9.0254,-6.2232,3.8082,0.5711,2.8161,-5.6148,-9.1393,9.8813,0.025,9.8218,2.6732,9.4272,1.2095,2.7757,-8.8019,-4.3801,4.6487,-4.096,9.966,-5.4595,6.8294,-7.7379,1.133,-1.9092,-4.1137,1.7097,-9.6193,-7.863,6.285,6.6474,-4.8885,0.2254,2.8714,5.4471,-1.6615,-4.7725,-2.1549,9.8517,3.4019,-7.6617,-0.6438,8.3748,-2.6987,-5.5711,-6.0435,2.5636,8.1069,-1.2447,-3.3814,5.2999,8.1398,8.0458,-7.1935,-0.343,-9.9769,1.4061,-6.0536,0.0065,-8.7451,1.7904,-3.2193,-2.9001,-2.3713,-3.2914,-6.3265,7.7646,1.6282,-6.157,0.8915,-8.9256,-4.9975,-0.1373,-0.085,4.6091,2.6849,2.6525,-8.9295,4.5014,3.2255,-5.9646,7.3507,2.2354,3.2578,4.9798,-6.3211,-8.5923,8.0362
6.4782,0.6362,-4.1625,-2.2817,-6.3193,-9.451,-8.2562,0.0986,-8.6929,-1.4414,-8.9297,7.7502,-9.5626,5.7414,6.5823,1.6987,-3.0026,-4.3736,-2.5473,1.3959,8.6418,2.2473,-8.4959,2.9767,-7.9691,-6.1012,9.2782,2.0598,-4.2024,-8.989,-2.7422,3.2275,9.3848,7.957,-1.7804,-9.9366,-8.0513,-2.9694,-8.7574,-0.6162,6.5837,2.3063,-4.8491,3.3673,-9.2372,-1.1598,1.9277,-9.7716,0.5597,0.7669,-0.3198,-7.7459,5.1958,-8.4599,-4.997,-4.9689,-6.7001,-7.8479,2.3497,-2.8156,3.3329,5.8026,-1.2956,4.8339,9.8486,-3.3236,-2.7025,9.1945,8.3014,-5.3549,7.0037,0.4885,-5.8948,-4.9762,-3.2444,9.048,9.8953,8.4051,-1.2951,4.923,4.8732,0.2946,-1.8783,-5.3209,-9.6306,-2.194,8.9664,-9.2061,-1.3336,-8.5011,-6.5245,-1.9838,-3.3397,9.7161,3.4709,4.5734,-2.8102,2.347,3.4154,2.7034,5.3882,9.6161,7.2085,1.4498,6.9002,-2.4592,9.1933,3.1659,-0.6651,8.1643,-8.0573,-3.7675,8.2861,-4.093,1.723,-1.2188,0.8515,-8.1725,-9.8141,-6.3903,3.7343,7.9024,5.5447,0.2134,-2.4465,2.1507,-9.5559,-7.4631,-1.8299,6.7229,9.3451,-6.4171,3.0035,0.4553,2.616,-5.0047,-1.2659,-5.136,0.0713,9.6756,1.2801,2.3477,-4.2698,-5.025,-5.1041,-5.9292,9.2821,0.6392,-2.723,-6.3007,5.0482,-0.7592,-4.4564,0.1373,4.3198,0.6563,-0.1278,7.0438,-6.3583,5.2867,-1.0641,0.9321,-1.4097,-4.8533,4.2318,6.5298,-6.4956,3.0568,2.0122,4.9285,3.0055,-1.4646,7.1063,2.0002,-5.6421,-0.6761,-8.1374,-5.8005,2.9867,8.1304,9.4906,-2.8645,-7.7934,-4.19,-1.7975,3.2399,1.9897,9.3595,-3.0642,1.3135,2.1643,-0.6882,-2.5803,8.9884,-9.1605,-2.5874,4.332,1.0755,7.2647,-9.401
-4.0714,-1.3431,8.9338,-7.3933,8.056,-3.2787,-8.3384,5.6487,3.143,5.4672,4.7228,8.9906,9.2678,3.7451,-2.3795,-5.3619,-1.4493,-3.2142,-1.7195,1.6786,6.2798,-0.7053,2.762,-8.1866,-3.705,2.6701,-6.26,-3.8619,-6.0704,8.2826,2.8659,-6.943,-4.8369,-3.5781,-7.6791,-9.2749,-3.5581,-1.0603,-6.0607,2.1227,-4.3747,5.9267,-2.4563,2.7648,-1.7453,8.0379,-0.3191,-1.9511,9.0591,1.8291,8.8699,5.1906,9.3259,-2.0559,-5.7378,8.0109,-5.5705,-5.0736,-8.9566,-6.2251,9.2595,-6.1329,-0.0544,-9.7498,9.9006,-4.5222,3.8841,-3.4296,7.286,5.4121,5.1029,0.0126,-2.4729,7.789,-3.4422,7.6739,-0.2696,-8.7301,-9.2269,-8.8174,-1.9941,-8.9569,-0.5747,5.0552,-7.5261,-7.6093,2.5427,-8.5798,-7.6645,-3.983,7.4052,1.3939,8.4357,-6.9822,6.157,0.9076,-2.3678,-2.4436,0.7008,7.5817,6.905,-1.6772,-6.3341,0.1895,-8.8264,3.6019,-5.795,2.4061,4.9198,4.558,3.5657,4.9493,-5.4588,9.3291,-1.485,-7.7399,8.8773,2.2686,2.8268,2.565,0.3727,2.4224,-1.8261,-1.4637,-6.8853,4.238,6.9875,0.3411,1.6959,-4.9286,-5.0101,-2.3994,-5.136,9.7111,-8.8099,9.4021,-4.9765,3.7935,9.2107,3.0858,2.5938,-7.0811,8.194,5.2589,-2.9842,-7.3033,0.6713,-0.0627,-6.4042,-8.2609,-1.7641,3.1921,-2.6231,-9.3564,-5.2367,0.9305,6.9746,3.612,-5.1755,-8.8501,8.8768,-5.3812,1.5227,-9.5487,6.6778,-2.3626,-6.965,-3.5991,9.3583,-3.6056,-6.7456,-8.7044,-1.3955,9.535,5.0704,-7.7773,-3.0233,0.622,4.7307,5.1225,8.3043,5.2855,1.5275,-1.4467,9.5527,9.5366,7.8619,5.4266,-7.6721,-8.6527,8.8769,3.7907,0.7056,5.4658,1.3942,1.6686,7.8544,9.1213,0.3097,7.7836
-2.5586,-7.1162,8.715,9.5824,9.8716,-5.518,-7.0761,-3.4609,9.5793,-4.1257,-4.7834,-7.4886,4.9379,0.3037,2.5952,-2.3999,6.4715,2.9728,-2.8089,3.6988,-8.3528,-4.1225,-9.2686,-2.4994,-7.9104,-4.9298,3.0896,-3.3925,2.5064,7.8889,-2.0976,-6.8226,7.5039,-1.5752,-6.133,-0.1407,-7.1002,6.0825,-3.315,1.8398,0.2174,3.2809,1.4882,-6.268,-0.1242,-1.2804,0.401,8.2194,-9.1558,2.9043,-3.2872,6.8953,-7.3844,-3.6307,8.4494,-7.0398,-6.4469,-4.9352,-8.9801,-3.8355,8.5447,-2.6157,8.7453,-9.762,3.0852,2.7941,-2.178,9.2835,-1.5281,-1.5236,1.5825,-1.1553,9.8677,-5.9516,7.1644,1.6912,6.8231,-0.6149,4.822,-2.1179,-9.3598,-1.174,-0.0604,-9.3283,-4.1217,7.8848,-1.2195,-9.1724,-7.7022,-5.6322,-9.1299,3.092,-7.8469,6.2595,1.0586,9.1001,7.712,-6.1849,3.0578,3.8259,-2.2776,3.0874,-1.2293,-2.0278,9.6515,3.7156,-6.1208,4.1289,1.4378,-4.8265,-2.3357,5.5773,-0.8788,5.692,7.9814,1.7205,6.2873,4.4921,2.8045,0.6619,-9.633,2.0077,8.6921,-5.8689,-6.0281,-1.1115,-0.1243,-8.3767,9.1257,-7.7622,9.9447,0.7368,-6.1746,-9.99,8.9786,9.1148,-3.1019,-0.4912,0.9412,4.3328,-9.9066,-7.1532,-5.4158,3.778,-9.5709,8.6751,-6.2511,-6.115,-6.0178,-1.419,6.9377,4.8265,0.9742,-1.7408,5.401,-9.6472,3.8031,0.2545,-0.8397,4.252,-1.5499,4.0643,6.2389,7.4886,1.3576,-4.452,-1.4609,8.0719,4.8108,-5.9117,8.1715,-6.5893,-5.8139,3.646,-5.3995,-0.5555,-2.4339,3.503,7.5215,2.631,9.2858,-8.0051,-2.0878,-0.9721,-2.0797,7.6074,1.0364,-0.6542,1.7169,1.7329,8.1005,7.2782,-6.9045,7.6038,6.2824,-1.3418,-3.4084,-0.7528,-9.7058,1.3335
6.7488,-4.6219,2.7539,-9.5008,6.2422,-3.2231,2.0432,1.8466,-0.555,-4.0715,-7.7109,-1.1805,-2.6703,7.6045,-7.6205,-2.311,0.3379,9.6319,-7.741,-2.2632,0.6616,-7.3093,-0.0437,0.4219,3.423,-2.732,2.8088,2.2941,-2.8439,1.9943,7.9859,2.7932,-0.9192,8.8208,3.8815,-2.1652,-2.0786,-5.2869,4.2598,1.322,-5.0612,6.3651,0.7381,2.63,-1.0235,4.8658,0.8016,4.6526,7.9589,2.9873,-2.758,2.6806,-4.2822,-9.3678,5.5196,6.5169,7.9712,9.2552,9.1401,-6.9427,-9.3666,-7.1128,8.5577,-4.4272,-5.0005,2.9761,4.7481,-5.8462,-7.2561,3.4164,5.5658,4.4253,8.1329,1.156,-4.7618,2.4446,8.7181,-2.187,5.6112,9.7816,-7.6401,3.7348,8.3006,-3.2756,-0.6943,-9.1318,8.9392,3.2665,7.4734,6.3966,-2.5654,7.0096,5.9415,-5.2426,6.1752,6.7339,5.3133,7.6117,-8.689,-5.947,-0.9554,-0.4093,-4.738,-6.5952,2.1398,8.6447,-5.3796,1.3398,9.8626,2.2015,-9.5392,-0.4841,8.0221,-8.5395,-0.1052,-0.7737,4.4448,-5.8553,-2.3694,-4.1269,0.1366,-7.4683,-5.1215,3.2364,3.0597,5.2463,2.0153,-0.7956,-0.4958,9.7089,-8.3052,-9.6243,6.2201,-5.8756,1.727,-0.2728,-8.1451,-8.5495,-5.9807,0.8776,0.3552,-9.1541,-9.932,0.8105,4.8058,-9.839,3.0384,6.5947,-0.5293,-2.2294,-1.9285,4.1898,5.0429,-4.81,-3.2939,-2.3178,1.9367,-4.774,7.7671,6.0614,-1.835,-8.2195,5.9398,2.2493,7.5203,-5.1361,4.1931,1.4096,-0.3033,4.7315,7.3192,2.2798,-0.2256,7.0989,2.1482,-9.1679,4.978,5.7496,8.3515,2.3854,-5.6707,3.8249,-7.5692,2.9449,4.2113,-2.9194,0.3257,6.7706,0.9329,-2.5843,-8.4105,6.7393,1.2591,-5.606,9.0638,3.6383,-6.1731,-6.6959,-5.1092,8.3209
8.0886,0.5003,-2.6272,3.6094,4.9799,-9.8335,-2.3993,-1.6225,-5.0731,-6.3813,-0.0271,-7.8517,8.9225,1.7638,7.674,2.8114,-1.3927,-0.3911,9.8936,7.2042,3.8553,-6.3198,9.5883,-9.9725,-8.3548,-0.2336,8.9063,3.1228,1.579,4.8896,-2.6803,-7.1259,3.3507,-3.6816,-7.1692,0.1377,-5.4217,8.1617,5.2706,9.1091,2.5257,-4.553,-7.1835,0.6646,-5.6728,-4.0862,-1.0924,-5.5575,-5.8783,-8.2835,9.5078,-5.2016,-6.7586,-2.5126,0.676,-1.7404,-6.9566,-8.5962,8.8028,2.5272,-4.0221,7.8594,4.5784,3.763,-0.2544,7.9568,-3.2357,7.335,-7.7967,6.4017,0.6224,4.8163,-3.6655,-1.9486,1.3729,-6.467,-7.3889,-6.8229,5.222,0.0543,-4.2669,-7.9831,8.6915,-6.9857,-7.5312,-6.5364,-7.4213,0.3094,-2.7311,6.1968,7.0936,-4.9606,-7.4719,-2.1723,4.5075,6.2295,-7.0028,-5.321,-9.2428,1.5112,-3.1389,-2.4565,-4.6389,-8.9021,7.7586,-2.3411,-3.6882,2.0566,5.7145,-2.8703,7.4748,4.236,1.6628,7.9715,2.3864,0.1791,-3.1847,-7.1203,-6.9414,2.1092,5.286,-1.885,8.476,-4.8819,-9.1664,2.7018,0.4926,-0.2442,-3.6695,-9.1059,6.8307,-7.0391,1.4189,9.0184,-2.455,4.1202,9.1241,8.2829,9.2547,-9.4257,-0.2399,-6.3991,0.0015,-4.8848,-0.3056,9.1202,-2.9688,-7.8463,8.6248,-2.3906,2.0428,-6.2454,7.8029,2.706,8.8503,7.1762,-0.738,4.7895,-6.9281,7.3427,-1.2134,8.2783,6.6998,9.5581,-0.5483,8.5234,8.212,-6.6727,9.0715,7.3928,0.9963,-5.6922,-0.3748,4.4178,6.7381,-0.6164,1.9145,-9.8813,6.7334,-5.1683,3.7038,6.1619,6.6891,3.9207,-1.5789,-7.7484,1.2907,7.8987,-9.3741,-7.2738,0.328,6.5994,7.0537,0.1809,-8.4917,-1.8149,5.3406,4.9453,4.5612,-0.5899
8.0282,4.3621,6.1852,-5.3872,-4.0374,-1.6084,6.0424,-3.9415,0.634,0.7556,-2.6832,-7.1452,1.2765,1.7159,-3.643,4.6929,-4.7853,-5.695,6.45,-2.6474,6.1249,-9.7132,-3.9823,-4.9526,-6.7799,-4.6974,-2.0397,-5.9283,7.7918,-9.5314,8.6614,4.1463,-6.3519,4.5008,-5.4546,-9.8146,-1.5057,6.1597,-0.6976,-7.7424,5.5671,3.0273,-9.7225,-4.7783,-6.1216,1.6206,5.5162,1.1556,-4.6074,0.4062,-8.6917,6.1352,0.7382,-8.4219,4.0174,6.5468,8.8238,3.6921,-7.8192,5.7118,2.1949,7.782,-0.2642,-3.2311,5.1735,9.8444,7.7063,2.3823,-7.8228,4.094,-6.8294,3.8086,-2.9056,-8.7639,-2.9706,6.3752,4.8343,7.8897,7.9116,4.5142,6.4298,8.1135,5.1581,-6.2726,-4.1169,-2.9055,-6.2948,-3.9097,7.7481,-2.1039,0.0384,5.4054,-6.5821,-9.0405,7.0558,-6.2871,3.4825,-4.2531,-0.4177,2.6038,-8.402,1.99,6.1352,7.8237,-1.831,7.999,-4.3704,9.4353,-5.3381,-3.4654,-6.6308,-8.5541,6.5417,9.2788,6.614,-7.9254,0.512,5.6451,6.3826,1.5859,-3.0679,5.7549,-8.9938,9.6087,-8.3848,-9.4577,2.2512,5.7085,-0.2536,-2.7083,-8.8118,9.2315,5.8452,-4.3325,0.3848,4.6547,-1.354,8.0879,-0.889,9.7839,-0.9408,6.0801,0.3843,8.7884,3.4029,9.4379,8.594,-9.5722,5.2154,-8.0815,4.1214,4.0543,-4.0124,-1.3236,-6.9711,-2.9747,5.7301,3.5355,5.5837,1.0509,-5.821,-9.6328,6.6718,2.029,-6.5173,-7.4182,0.1012,-4.7977,2.6125,-6.9671,1.3916,1.0371,2.1641,-9.1844,7.6643,7.6624,-3.2443,-9.864,-1.1226,-3.6137,-2.9999,-9.5938,2.7891,9.1562,-5.9272,1.3084,-5.5299,-0.5163,-0.8084,1.8613,5.9887,3.0941,7.1899,4.7597,0.8404,-4.3388,-2.9626,8.9657,-9.9516,7.1226
6.4277,-9.4984,-6.075,-5.6176,-8.133,-6.0067,2.1043,6.4003,1.431,-9.4565,3.8443,5.0381,-5.9856,2.1016,-4.9456,-6.2697,9.1277,-6.708,0.586,-7.6068,1.6059,5.9642,-2.8793,-4.8382,6.9835,-8.9277,2.3994,0.4618,-9.7562,-5.583,-6.4453,-7.6722,-2.8481,6.7108,5.0106,-4.4204,-0.4432,2.7999,8.903,-7.493,-3.4551,0.6151,-2.8026,-8.0145,0.4315,-8.9818,-5.5373,9.4622,8.6305,7.0473,-6.2139,-8.1528,-4.9815,4.914,2.5229,2.1166,7.5881,1.8706,3.0667,-3.1282,-8.7141,-8.3364,-0.4446,0.8723,5.5016,3.0266,-7.2804,1.695,-7.7472,8.4537,9.8792,5.4658,8.9011,9.956,-4.1711,2.9788,1.4153,-3.2658,-1.2665,-4.7785,1.1293,5.5265,-1.9865,-6.8119,-9.7361,8.1314,1.7887,9.5034,-5.6892,6.6289,7.4627,5.7898,4.2403,0.0918,1.5982,3.5466,-2.8131,-0.469,-4.8306,6.574,3.412,2.2228,1.0613,2.0838,-7.0957,6.6867,-1.8249,8.44,3.9736,-9.3062,-2.5955,-0.1528,-9.4276,9.8946,-2.9147,-1.0541,5.3148,-3.8744,6.2885,-0.5116,-7.1973,-0.6506,2.7962,0.8426,-8.9672,2.7688,1.7327,-7.8611,-0.9879,5.1984,-2.3304,-0.8627,7.0887,8.8249,-4.5494,4.2419,-1.9424,-8.3557,0.4875,-3.1604,1.7757,2.6461,9.2661,3.3267,0.974,-7.3397,-4.6501,8.9015,0.1058,-2.1997,9.1977,0.3099,-2.5923,-0.9819,1.988,7.1011,-7.9265,-7.9606,-8.9442,-6.7512,2.3252,-1.9748,-3.7488,-8.7572,9.849,7.8677,0.0509,4.6369,0.7988,8.6639,-7.723,-8.2773,7.0377,-1.5728,-8.8088,-4.8604,1.7448,2.8328,3.3598,5.1524,-3.6848,3.2957,-8.2329,1.4053,8.7156,7.8974,3.8209,3.3161,2.4287,-6.945,-7.4197,-5.998,1.895,7.6397,-2.1338,1.942,2.3956,-8.9553,-6.5102,-7.4032
-9.4693,6.3507,0.4168,1.9508,4.5014,0.3909,-4.4394,-2.5062,-6.4518,-2.5771,-8.0457,6.4181,1.4517,-5.7713,-0.0935,-1.3394,-1.7415,-4.9198,8.7814,8.4934,-0.8964,-9.2595,-4.1988,1.6763,-7.8723,-9.2454,9.2579,3.8142,-6.358,-3.0797,-2.1584,7.2491,-7.9217,8.6093,-9.1019,3.8523,0.3475,-6.9009,-2.0581,-2.6237,-1.1311,-6.8913,8.4933,6.0251,0.0013,3.1571,-8.3999,-1.4873,9.0701,-1.4262,-7.264,-2.2588,-9.536,6.0137,3.7947,-2.0573,-4.5845,9.86,6.5499,-7.3626,-1.9349,7.4284,-3.1232,4.1387,8.1972,4.4195,2.3253,-3.1681,3.9114,4.2601,-8.7394,0.2593,-7.9469,-5.8414,4.4453,3.7014,6.7626,7.2607,7.1889,8.7795,8.7953,0.6136,0.1157,2.5019,-7.2816,-9.1205,-9.5102,9.0352,-0.7751,-7.9278,8.2844,4.6762,1.3527,8.3184,-1.4069,9.2136,6.5114,0.9719,-0.7306,7.1302,4.8518,-7.9499,-7.5501,3.644,-0.8149,4.6183,-0.1508,0.81,5.9058,-1.869,-5.396,6.3317,5.2363,-0.2568,-4.2745,-4.4189,-1.2481,-4.2224,0.6424,9.8734,9.7957,-7.5275,-0.1719,-7.5127,-1.7957,-3.9192,4.0261,4.0927,3.2821,1.9031,1.9462,2.2553,6.9766,-3.6153,-0.8155,4.2451,8.4545,3.1568,5.3274,7.3635,5.5897,7.3938,-5.9667,1.4398,2.4684,0.336,1.1097,-2.3434,4.5524,-8.7201,-2.9493,-1.5364,4.3866,-6.6626,9.0936,-2.5089,-9.2432,5.7064,-6.711,8.4377,4.065,6.3254,-9.4141,7.9472,-9.9035,-6.1038,8.5498,-5.3259,-9.4236,-7.9274,9.7353,1.9177,-9.4579,-4.8245,-2.5898,-8.5116,-8.3967,9.499,0.4836,8.7245,-0.7147,-4.8673,-9.5242,9.2691,-5.6132,4.6427,9.2061,-0.8838,-3.2571,4.1777,7.0962,6.7267,3.1767,3.5912,-4.5712,9.6314,-9.7732,-4.6233,0.5272,-6.8101
-3.6102,-0.5864,5.3995,5.6527,-6.7994,5.6662,7.6411,-5.2957,-8.5766,-8.0629,-4.3488,2.808,-4.2026,-8.7717,-7.855,-2.9906,7.0146,-9.1344,1.972,-0.6117,0.7913,7.6493,-6.256,9.2408,7.998,-4.1475,-1.0742,-0.3825,3.9937,-7.6944,8.6481,9.0945,2.5309,-0.5777,-2.4973,3.5062,-5.3676,-7.3932,-4.1395,-3.1291,8.1484,-3.5385,-8.2961,-8.0687,6.3288,-5.4108,-9.7444,6.7669,-4.2792,-6.6353,-0.1273,-2.4339,9.5225,-1.2665,2.9117,-9.874,2.9946,-1.5176,4.5355,-0.7339,9.2591,1.1953,-6.4176,9.6417,-5.9424,-5.64,-1.2848,4.3774,3.9953,4.9005,8.7063,-4.36,-2.2,8.5363,2.8952,4.9815,4.2484,6.4648,2.509,1.7211,7.2213,-4.1104,2.3303,-9.934,8.7967,4.637,-7.3228,-8.7953,1.9836,3.737,2.6137,1.9076,-1.6105,8.1619,6.5956,-1.9145,1.4579,3.2196,-7.8709,-4.394,2.7449,8.4038,0.2267,3.2501,-2.0683,-9.1163,9.3418,-0.2331,9.4341,2.4597,5.7125,-2.1819,-1.427,1.301,-1.6551,4.588,-4.397,-4.6108,0.4649,6.1123,-5.8091,-5.3089,-5.7845,-4.7662,5.4734,-5.6153,2.7761,-2.4142,2.8995,-8.8478,6.5652,6.7972,-8.848,-9.865,7.7095,-1.9531,-6.2402,-0.3679,-2.9709,3.1416,3.997,4.3162,6.0785,4.4208,0.972,-9.9011,-0.6001,-1.5623,7.0142,3.353,1.546,5.0532,-2.2127,6.2174,4.4774,7.0343,-6.6645,-2.9474,-5.2907,-7.0291,2.3724,-6.0656,-6.0626,-0.1067,5.3001,9.0224,5.4402,7.527,6.7038,4.3975,-9.6244,4.8904,0.0434,4.4265,-0.1066,-3.9922,7.3732,-3.4326,1.1888,-6.7068,-1.6167,-9.1423,4.895,-6.122,-9.5555,8.7642,-5.5949,5.1461,-4.9378,0.5107,-8.2848,5.6827,3.85,-2.5518,-9.8723,-5.013,5.1944,-2.574,7.7681,2.656
3.7404,-2.7515,0.3268,4.7835,6.5838,-9.4006,-2.1729,8.9665,2.5076,1.9782,-2.6438,-8.7628,7.7041,9.3357,-0.9285,-4.4796,2.1936,1.4873,-0.1339,-4.0625,4.0875,-5.6395,-6.4406,-7.4117,-4.6707,-8.8579,2.1097,6.6747,1.3233,1.871,-7.5327,1.7024,9.2278,-1.6784,-2.3613,-2.2157,-7.6627,-8.7394,-3.4658,-5.3662,-9.6907,-9.6733,2.9308,-4.3117,5.0411,8.6709,3.5461,5.9321,6.2835,8.5958,6.7979,-5.967,0.0998,-7.674,-6.5269,-8.1139,5.9901,3.4567,-5.4991,-3.4214,3.0943,6.2569,2.6856,4.9344,2.4644,-8.7844,-5.9795,4.7888,-5.2887,-8.4884,-1.0662,-2.4431,-0.121,0.1149,6.9554,4.9961,-8.8445,5.8932,-3.7557,-0.4616,5.9595,5.8916,5.3201,-4.009,-8.5621,0.6518,-5.853,-8.6588,-3.6696,2.8191,5.0844,8.4791,-5.7056,-0.916,3.2754,-0.4849,9.2187,2.8167,-7.1422,-7.4167,-2.9577,4.8559,-7.3472,-1.199,3.705,-1.7497,4.2824,8.6842,4.5696,-8.6479,-2.5994,-1.6528,-2.8246,-6.0412,9.7661,-0.3824,-5.5577,2.8591,-5.9745,-4.6804,-1.9675,3.3787,-0.3199,9.4767,-2.177,-4.3411,-3.2223,-8.7556,5.2277,-7.4052,1.2959,7.5362,2.5577,-7.7688,0.8378,0.3887,-8.2131,1.7002,-2.0466,6.0908,-6.3089,-7.8758,7.6143,4.2319,8.3,-9.7451,-1.0834,-5.1085,-9.9592,-9.826,-3.2328,4.5335,-9.4972,-4.671,4.8631,3.4109,-6.2112,9.7425,-2.0159,5.0651,-4.874,1.0993,-5.5004,-9.1967,-0.2648,-9.3787,7.9838,5.7904,-2.5234,1.0072,3.1854,1.9228,-3.6432,-9.2072,6.6282,8.9709,-0.8103,9.2029,-8.1186,-5.1474,7.7454,8.223,-4.3559,6.2898,0.2361,1.5005,9.637,-2.575,3.9081,7.6293,-6.3129,5.2124,-4.5674,3.5537,-5.0289,4.8503,3.8314,-8.2003,-2.9029,-0.5765
-5.3126,-6.6931,2.3344,-5.0976,-6.7708,1.7715,4.2363,7.8054,5.4879,-5.3831,2.8689,9.0481,1.6387,-8.4057,-1.8813,-1.602,8.6466,2.077,-0.8778,2.7679,3.7072,1.5207,-9.6524,3.4996,-8.3598,-8.4551,-4.0702,8.9374,7.4363,-2.8659,-7.5202,-6.1254,0.0403,1.3224,3.6964,9.4447,-6.562,-7.647,-7.2405,-3.9677,-5.9999,-9.5299,3.3116,4.3982,-9.4399,-4.2854,7.8101,-0.6128,-8.7649,-8.6033,-5.4362,7.5509,4.9083,-6.0418,-1.4981,5.3097,8.3381,2.1378,5.3977,2.415,9.132,1.1927,3.669,7.0672,-2.1589,4.594,4.3148,-4.3863,-9.6121,-9.4791,-2.9315,-9.4059,-8.6058,9.1718,4.4981,-4.0151,-2.9264,-5.0456,0.5208,-1.0994,9.6372,-1.2393,5.4527,8.4531,0.1019,8.2293,2.5594,2.9014,9.6828,-9.4101,-0.4264,5.4534,3.6122,-3.3823,-4.2451,-9.613,6.2798,4.0545,-6.8407,4.7743,2.646,-7.1422,-9.1469,-7.3986,6.7955,-5.9286,-7.5648,6.8003,5.1951,7.2569,-4.3799,-8.2134,-5.7864,-8.2007,2.977,1.0033,8.3072,-0.9147,3.6503,1.5691,9.9789,3.8423,4.0296,6.0931,-9.647,-3.3994,-7.274,-5.7212,8.8868,-9.2722,6.8556,-6.7058,-2.5441,-3.8674,2.2678,0.7493,7.3485,-6.2077,-3.3477,-3.6353,-8.7532,-2.163,2.5645,-6.3556,2.0444,-1.6113,9.098,-4.882,5.111,-7.5315,9.9375,5.5918,2.0224,-3.8306,5.2611,1.6238,4.8556,-8.0119,-7.1732,8.7495,4.8291,6.0246,4.1276,4.5744,0.66,0.6944,4.1143,6.3902,8.6688,1.037,-1.2771,4.4164,9.262,-9.9085,-7.5748,2.8793,0.0424,0.0613,7.7334,2.9228,-4.3515,8.2156,1.9095,6.859,2.6784,-9.8871,-0.0592,3.1837,8.3513,-6.1622,3.4539,-0.7409,6.9159,-8.978,8.4548,-0.5779,-5.4191,-6.898,-3.162,5.9701
5.7119,-9.7867,-9.2981,1.5023,8.5412,-3.5912,9.6391,-6.9268,-1.2107,-8.8629,6.956,8.6201,-7.4778,-4.764,4.1947,-9.6626,7.153,2.7487,5.1962,-0.219,6.4666,-2.9557,7.1625,-3.1322,7.5066,0.972,-3.9374,6.8945,-3.0575,1.4372,-0.2452,5.3129,-1.37,-7.2082,-4.2044,-4.3448,-9.1717,3.6656,1.0754,4.9657,-5.9065,2.9627,-7.4936,9.7592,-0.2797,4.4049,-6.2424,4.8931,4.1556,9.6458,-0.3248,-7.245,7.1858,3.1519,-2.6149,0.2941,3.4979,9.0619,-0.9051,7.3946,1.8619,8.9083,-1.2982,5.7901,2.7161,-5.6254,-0.1996,4.3542,5.998,8.7552,-3.5202,-5.6987,-8.5114,0.3519,1.3789,6.7896,-4.3948,6.5356,6.9526,-9.425,8.1446,4.0702,-8.6386,-4.523,-0.9632,-8.4038,7.4669,5.7849,-2.745,-6.5803,-8.3613,4.3382,-0.3636,0.3758,-2.4634,-4.2978,-2.994,8.9408,-9.9504,-4.1615,-2.0207,-8.4118,-1.4591,6.4627,6.7343,-5.7019,3.7375,2.6033,4.7212,-6.6846,6.05,3.947,0.5456,1.8724,6.6139,-5.6558,0.5929,-3.8569,4.8876,9.5086,-4.2297,-5.2333,0.2128,-8.7986,4.2354,0.8687,-1.9163,4.3996,-1.4155,1.7813,-6.3457,0.1671,1.307,-5.688,-0.4762,-9.1701,6.5698,0.9126,-1.7231,-6.4007,0.4922,3.6958,1.3782,-0.2241,-5.1049,-2.9091,-8.6279,-8.5526,1.1655,-1.3114,4.1202,-5.0253,8.8853,8.2374,-5.7697,-9.0276,-5.0211,1.6677,-8.4532,-1.081,3.2144,7.3832,2.0555,4.0456,3.1224,5.1277,-1.7621,-2.6373,-7.3159,1.83,-6.3719,2.1994,-8.9664,-8.3904,7.4215,-6.0101,-3.4148,9.9226,7.0997,9.753,4.2226,-8.0582,1.64,-2.8379,-3.003,-7.0233,1.6576,-1.2181,1.6759,-8.3126,-5.6313,-9.7053,-1.004,-3.9064,1.7245,-8.0775,2.9513,-5.1309,-2.6811,-3.8186
0.7793,8.8476,-9.0666,3.223,7.8035,6.6052,9.8094,3.042,-6.4187,-9.3852,3.3064,9.6177,-0.8819,3.9207,-7.2952,0.2561,-0.0767,-8.2972,8.3641,7.7981,1.1912,9.9851,4.3426,-4.053,7.0802,-9.8909,-3.5021,-2.2816,7.5648,-7.153,4.7428,-3.6046,-4.4582,2.4713,-5.0276,3.2526,-0.3657,1.4473,9.8586,9.8236,8.4935,-5.4528,6.0204,5.6501,4.2266,-3.0168,4.5547,-8.0995,8.6133,2.8707,5.3809,-7.7691,7.9709,4.5873,0.1515,6.2043,-6.946,-8.3152,4.9229,-0.5781,-3.2338,-9.5523,9.2817,5.6638,0.1828,0.7098,-9.2842,-5.7179,-4.1373,6.0224,8.4506,1.5783,4.327,6.802,1.77,5.8229,7.9984,-5.5245,4.8108,8.2283,3.9731,-3.2511,0.1282,1.3592,5.8892,-8.9725,-4.822,-6.5126,7.6893,-6.7,-9.4937,-4.8455,-0.6291,-8.5969,8.7162,4.7443,1.2136,7.7522,5.2799,7.2723,7.8128,-8.3169,1.5895,2.0728,-1.5072,-2.3041,2.133,-2.8488,7.4639,2.9785,0.882,-0.2776,1.1548,6.6218,3.0512,-4.7959,-7.7349,-8.6972,-5.0768,3.4317,8.054,-5.0537,-1.6674,-0.4356,4.599,-6.5094,9.1481,3.0129,-4.4525,-8.0545,-2.7933,-9.2486,9.7124,-0.4804,5.7083,-5.0386,0.303,5.3123,-4.5527,-0.7121,1.7014,-8.187,9.3317,0.4312,3.7195,0.4035,5.2925,-2.0147,4.1693,2.664,4.5231,7.3848,-8.9539,-7.3481,2.1023,-4.6452,-2.6015,5.9986,9.5799,-1.7541,-0.3966,-8.9378,9.024,0.8082,9.088,-3.6166,-5.3476,-1.7067,-3.2751,-6.3658,4.7753,0.3576,1.0745,-4.3738,4.1394,2.7908,-9.3927,-9.0241,4.6474,5.5479,9.0677,-5.0276,9.3997,-0.1597,1.7272,9.4273,-7.1851,-8.93,-4.3038,4.4504,-1.1598,0.6754,-3.887,-7.3578,-5.4146,9.749,-4.3288,-3.6702,-4.4883,-3.8928
-0.4522,6.7416,2.165,9.1846,-4.5202,-0.8404,-1.062,2.6087,-9.0852,-6.6126,-3.2239,8.9388,1.8557,8.5897,-4.21,-9.7079,-3.979,-2.475,-1.5577,9.592,-4.469,9.3551,1.8353,-0.3107,2.1396,-1.1832,2.6159,7.9369,-3.8456,-3.1969,2.6955,8.7069,-6.7672,-9.5869,1.0215,7.6006,-2.6238,-0.979,-5.8126,-9.9094,3.0497,5.7596,3.4013,-7.1753,1.3416,-4.303,-5.9941,-4.3277,-0.3101,7.7101,-4.3507,5.6643,-9.4236,1.1222,3.5978,0.7371,6.205,-9.0684,-5.0496,9.766,-1.8259,3.4862,4.2179,2.0031,4.5583,2.9071,7.8194,-0.9549,6.819,-4.0754,-8.4413,-3.8172,5.0361,-5.1189,-8.4004,3.8316,3.1155,8.6838,9.3778,-5.1745,-1.2598,1.4353,8.7335,-2.1357,-0.9716,-2.5226,7.369,3.1171,-2.9531,4.9559,-6.8277,9.5925,4.4505,9.7005,2.0184,8.4021,-5.8801,0.8369,-6.412,-2.2529,6.2998,-5.6179,-1.9105,-5.6227,9.3092,0.8489,-7.4636,8.8537,-8.808,6.3847,5.9768,2.7465,-1.3748,5.5231,9.4481,9.0313,5.6088,-4.8733,-0.348,8.8935,5.2944,-9.0328,1.2143,5.6987,-6.2166,-7.557,-5.5634,-2.324,-2.7306,8.4379,-7.7297,-8.6502,7.806,7.3469,0.7526,-0.0043,8.1652,3.0219,-3.7194,3.3585,9.1367,-9.3545,-1.2154,7.4439,-6.3349,-8.8997,-4.4743,-4.7487,7.6785,-7.9222,-7.7449,8.0445,1.9089,3.2065,-7.4795,1.0907,-4.5159,-2.1572,-2.7246,-7.572,-6.8853,-4.3197,-4.1869,8.1331,5.3148,4.1723,-0.4976,6.2728,-1.0327,-6.5376,-0.1975,-8.3584,-4.3395,1.4295,1.2408,5.7422,-4.2046,-4.0622,-3.5102,6.1118,-0.416,1.8015,4.5921,-4.0878,-6.2347,0.7443,-0.8884,-5.4676,-4.9508,8.9058,-8.1336,5.4315,9.0208,-3.9947,-4.1707,-7.1261,-2.6355,-9.49,5.2862,-0.2722
-0.6453,2.7383,-6.9234,-2.881,-2.3359,5.5878,-6.0144,-1.2399,-3.7253,-6.3078,8.0942,-4.4921,6.2399,5.5737,-0.9107,-7.6426,5.381,-9.9937,-3.8686,-2.6433,9.0182,8.2604,-7.442,-4.2792,9.0627,1.7491,-6.9834,0.6853,-7.3826,3.7963,6.9139,7.1316,0.289,-2.1564,-0.5931,-7.3745,5.3562,2.3682,-2.3991,5.7978,1.5111,6.9524,7.2631,-4.7902,6.957,1.3539,8.5882,9.2186,-1.2232,-8.223,-0.7761,-3.5257,-0.7859,7.9032,-4.1111,-4.7807,-1.2718,2.6317,-8.3956,6.4924,-1.7088,-2.8852,3.5588,-9.2892,2.7781,8.9558,4.0398,-9.6588,6.4022,6.7405,-6.4334,-9.4969,-0.6445,1.5802,1.5388,3.4581,-3.3956,-9.3428,5.6029,4.3644,6.9751,-9.6448,8.4318,5.5847,-6.2468,7.6028,9.9639,9.7435,8.6729,5.8863,2.1546,8.0006,-1.9017,-5.2702,7.3934,4.7739,-7.254,-4.9805,-8.9424,-5.5042,-9.5888,4.8543,-5.5379,9.5241,4.8714,0.4179,3.8038,8.7052,6.7635,-0.6383,4.0246,3.4012,3.0252,-9.0439,4.2246,-4.9831,9.447,2.547,4.719,-3.0683,7.5317,4.39,2.6818,-9.0083,-0.2878,-4.4234,0.0685,-0.66,4.2565,-1.5089,-0.1185,-5.9601,1.659,-7.3383,2.4088,1.7282,-3.2917,1.6398,1.2756,-7.1223,-8.1446,7.6375,-3.0589,-1.228,9.1435,-3.5363,-7.2982,-9.602,-0.4865,-8.117,7.1203,-7.529,5.7724,-0.4123,-1.515,3.0033,-0.748,-9.8401,-5.2555,-9.4422,-4.4541,-7.3407,2.6837,4.8174,3.5484,-3.1925,8.7965,0.4535,-7.2474,2.2984,5.4162,2.8016,8.8434,7.9231,1.7822,9.9739,-5.1419,5.6052,7.6553,-9.6164,-6.0548,-7.8542,-5.4544,0.6728,-8.7618,8.8301,-1.9253,5.588,-7.1357,1.5277,-5.1121,0.9778,-4.1701,-7.5519,2.4994,-3.8672,-0.5222,-2.294,7.395,6.6436
-9.5145,1.7266,-8.3387,4.7913,4.4954,0.2049,7.3585,-3.8361,5.1052,-5.8129,-1.4102,-4.3242,2.8807,6.8053,2.8091,-5.3502,4.5335,2.2831,-2.8955,4.6565,-8.4279,0.6071,-0.3724,9.3236,-4.3701,-5.3353,1.6314,-7.9529,-0.3918,4.3622,4.5817,0.4995,0.9666,8.0031,0.0683,-4.4034,-9.4508,-7.6368,-6.1894,8.5061,-9.4444,-8.3877,8.2394,-8.5424,-2.9241,5.8319,7.6061,9.9663,-4.2722,3.4413,-9.7313,-1.3273,3.9406,5.918,8.7889,8.2709,5.635,3.5179,4.2188,-1.4365,-8.541,1.5944,8.7609,8.3642,-9.8481,-3.6696,7.6667,1.2273,4.6924,2.0136,1.7292,-4.2981,4.2602,-1.0884,4.7878,9.1613,1.6317,5.5648,-4.6419,4.3266,1.4871,-6.0697,-8.9037,-2.549,-8.0962,8.1208,9.3428,-9.7884,-3.495,2.3154,-9.4646,-7.7277,6.3398,2.904,-6.9166,3.1928,8.998,-2.9151,2.9255,1.8447,7.1447,-6.8825,1.3899,4.8829,6.078,-3.5563,-7.4821,-1.735,4.7415,4.777,8.5506,-7.6265,-3.3353,4.2474,-7.911,5.0106,4.3922,8.4673,5.1904,-1.1875,7.7353,8.3599,9.7238,4.6331,-4.571,-9.1877,-7.6725,0.1239,0.9639,-3.4721,-1.9669,5.7019,4.0936,-9.2041,-0.6998,1.6663,-3.0071,-0.4684,-0.4249,9.614,4.3178,-1.9796,1.1507,-4.5974,-7.3977,-2.399,8.2628,7.7883,1.3342,-6.6047,7.9869,-8.3457,-6.4664,-1.2895,-1.103,-1.227,8.33,-0.6506,7.58,-7.6341,-3.3129,4.4015,-0.6897,5.3991,5.3188,-1.5631,7.8008,0.8483,0.2562,-3.9749,-4.4825,-6.8648,8.9962,7.4384,6.8134,0.2889,-0.8114,8.9033,3.618,-5.7947,-8.859,5.3114,-6.6315,-4.904,5.287,0.3587,-8.2307,1.1322,-0.8255,-0.4923,3.463,-9.4382,-1.6096,8.2703,-6.7232,-5.9418,-5.2999,-6.518,7.7281,-8.3143
0.4009,7.3973,8.7431,8.1534,-9.7748,-8.7994,4.3621,7.4461,-7.5077,-3.0685,-7.9903,9.5487,-5.1621,9.5993,-1.3285,-4.1817,-0.9114,-3.2661,6.4267,-8.7823,-6.5538,6.5435,-8.8314,0.1837,-2.94,-3.8659,-9.9243,-2.6645,-3.4262,8.0362,6.4329,8.1657,-3.4254,-8.3572,1.9977,-0.0378,0.5085,-3.7072,-9.6923,-8.7308,2.3414,2.8556,2.7168,-8.7233,2.5556,2.1181,8.9144,9.3415,-4.1893,-6.2578,0.6999,9.4464,-3.887,-9.3715,4.3515,6.8708,0.8223,4.8581,-0.3711,-4.2317,-6.9222,-8.7496,3.752,-8.8645,4.4585,3.6352,8.0107,2.9185,9.881,1.5624,-9.9195,-6.4324,1.92,-3.4491,6.6636,-0.208,-0.6298,7.9135,-6.6967,-7.1298,-8.3202,-2.2555,1.5798,1.3718,2.7859,-6.835,-0.6897,-7.0944,6.925,-1.5787,2.0485,-6.0365,2.9985,9.0041,2.8148,-2.5404,-2.5714,-8.5929,-3.8059,0.126,-7.9231,0.7497,-5.1712,-5.843,-7.849,8.7458,-2.0068,2.5065,5.9062,-6.975,-3.4712,4.1054,2.3622,0.6066,3.1153,-8.6646,5.651,0.054,-7.4321,8.6135,-9.1217,1.1215,2.414,6.8996,7.8232,5.4107,5.0242,5.5037,-1.2735,6.3355,4.3597,4.5429,-7.9577,0.6754,5.3758,5.8705,8.7594,6.4603,-1.0715,6.3809,0.0567,-7.702,-7.8973,0.7201,7.424,-8.5274,6.1313,-8.9309,3.6852,3.9605,7.4093,0.3309,-5.2154,-6.1836,2.7011,2.7903,-7.7743,7.8377,9.9733,0.1063,3.5503,6.5672,0.002,-5.6061,1.9452,6.3914,-6.3167,9.3525,0.0302,-6.1478,4.6846,-8.6339,-4.8587,6.906,-0.0791,0.2819,8.3044,9.3092,-2.1862,-7.5015,1.7477,-5.5898,5.0311,6.5198,6.6437,4.7851,4.1231,6.7961,9.5038,0.0281,9.1875,-6.8396,7.6363,-0.5991,3.4342,5.7806,-2.2824,7.7411,1.8711,9.4096
-3.7011,-1.4241,-7.0323,3.3954,-6.8724,-2.8523,2.7038,5.5234,-8.2163,-5.7525,2.8426,-4.5407,0.8365,4.1328,5.0598,5.5127,3.3577,4.4621,9.403,9.6815,-3.0477,5.9334,-5.072,-2.7387,-2.8305,9.4568,0.3608,-8.5102,-6.445,2.1158,-7.7502,-4.7747,4.0304,-6.8996,-2.7808,0.5464,-6.0517,2.0836,-1.332,-8.7242,-3.6393,-2.2849,7.3306,3.4161,-5.7219,2.8598,5.7181,0.3763,-5.434,-8.7653,2.968,-1.8959,-7.3918,-0.5359,0.4932,-2.2338,-8.162,-2.5985,-6.2283,-8.9269,2.3415,5.1829,5.6268,-1.2382,8.8694,-2.1095,-9.2472,5.332,8.2181,-1.1734,3.7821,-9.8783,4.0961,-7.0465,-4.2247,-5.6897,-8.6228,-0.5682,3.9114,7.4922,0.8196,2.8124,6.7836,-8.7734,-8.8352,9.0359,1.7585,6.106,1.9578,-3.864,6.5591,4.0475,-6.2411,-0.6371,2.5682,-4.9459,-2.7224,-9.4429,-1.5052,9.0462,9.2146,2.2925,-6.9568,1.7249,5.335,-1.6243,7.9483,5.3995,-1.4418,-8.9765,8.1548,-3.9145,-1.6191,-1.4202,2.8947,-1.0626,-9.3281,4.4125,3.8035,9.825,2.1861,1.8008,1.0786,-2.0996,3.7122,8.068,-4.3392,5.5717,-5.4723,3.7069,-2.5434,1.2675,5.2438,-9.2986,-9.7735,6.4044,-7.0622,9.1633,1.8075,1.1539,8.3417,-5.8306,5.9194,2.4169,7.0484,-1.9223,6.1653,3.5005,-6.7618,-1.5228,8.1746,3.8939,-4.8271,2.9866,-6.8825,-0.8757,3.4034,6.5272,0.418,-2.4615,-9.797,-6.7418,-8.5524,-6.415,-5.8774,4.9468,6.4893,8.6089,-2.1126,3.9193,-7.6792,0.0783,3.4208,0.5178,-5.4491,2.0709,-0.895,1.5977,0.4493,-7.8766,7.149,7.4214,-9.4382,3.5916,2.1341,6.8463,-5.6625,0.9488,8.251,4.1268,-5.946,-0.6164,-9.3943,-8.0562,-6.7198,6.4216,-6.2447,-3.8999,4.2581,-8.5486
2.6932,-6.8327,-1.3529,1.2452,6.8279,-0.854,-3.4034,6.1837,3.8331,-8.1294,-6.5386,-2.8701,1.7116,8.5271,2.8467,5.1913,3.9436,-7.7885,0.4225,-1.1769,7.2896,-7.1249,2.7651,-8.5233,-7.2201,4.5817,4.3784,0.685,3.9735,2.0335,-7.5042,6.0985,-4.2362,-0.7015,4.8576,7.7761,1.7339,-4.1473,2.2194,1.0887,-4.8487,-2.7849,-4.4096,5.3266,-9.6073,-5.6576,-9.51,-1.8666,-2.587,2.6772,-9.3676,8.4058,7.6963,-7.7077,4.0482,-3.112,0.793,7.556,2.8948,7.9756,8.3846,1.1195,-5.2377,-2.2817,1.0954,4.8773,-6.6594,5.3853,0.4125,1.3346,3.304,-0.6194,-9.0942,0.4895,-0.493,9.8843,0.1842,-8.2962,-0.1281,-8.9271,7.5021,-9.1614,-5.7253,-7.8434,1.4358,-4.9908,8.4609,-6.8009,-5.615,9.8503,-4.5771,0.5365,2.603,5.396,9.045,-9.2752,2.1948,-4.7207,0.3681,-0.7593,9.9012,8.7344,9.7011,-9.9868,7.9969,-3.8737,0.3289,7.2728,4.6838,-9.1516,-0.8886,4.0909,-9.4314,-2.0878,-9.2732,-5.0381,6.1201,0.8175,-6.1758,-9.2705,-3.614,8.9092,-9.0188,4.3792,1.7352,-7.813,-4.388,-8.3302,2.9404,-0.8941,1.9113,3.724,5.8905,-8.1731,6.9277,-9.5741,-3.025,-1.4828,2.7899,4.4118,4.0325,-2.8251,4.1756,4.7672,-6.714,-5.279,4.3008,1.8502,-9.9282,1.4039,7.814,6.9083,-6.479,-6.3353,-2.6808,5.7834,0.0632,1.124,7.4922,-9.8071,7.1309,-1.0745,9.8332,-0.2762,-4.9258,-4.1411,7.1102,3.7818,0.8275,-1.7821,9.0182,-8.0886,2.5859,3.417,6.8426,-9.3852,9.5672,4.8716,-0.2758,-8.0701,5.9568,-9.4851,8.4355,7.0396,-5.948,8.4472,-7.2276,1.6751,0.6046,3.6427,1.7335,-5.984,-4.5986,0.5463,9.6098,5.0427,-8.0962,-7.4952,-6.0156,-1.6315
-9.3645,9.8216,-7.7369,3.425,6.5624,-0.4058,-9.7366,-9.2727,-3.4452,0.0166,6.1191,-4.9823,-9.0008,3.9017,1.8351,-3.3534,-3.9886,1.4427,0.2634,3.2527,-6.2608,7.3049,-4.0189,-5.0187,5.6602,-9.994,-7.1274,-5.3604,4.5342,-9.6047,6.4676,-2.5729,-7.8993,-6.2519,7.3531,-1.4945,7.7743,-5.0337,4.3616,7.5367,-6.9468,9.5436,2.0358,-7.4002,7.84,-5.7995,-8.1497,1.2688,3.7629,-1.7701,7.4407,-7.1327,-0.6,-2.9589,2.2928,7.4055,-8.2447,-8.0388,-5.2875,-2.5939,5.5804,-4.6094,-7.3046,-9.4762,-2.8142,-4.2614,-6.3341,-0.5069,-2.7172,-0.0667,7.6522,-5.0522,-3.9762,0.3654,-5.8993,-7.5748,2.1964,4.6793,3.1499,-9.0157,1.6197,-8.6392,-2.1825,1.5474,-7.7984,-5.526,1.9845,9.867,9.0105,-9.2666,2.7038,-3.7298,6.3145,7.1237,-2.7137,9.3493,-5.2336,5.615,1.0099,-9.4378,-9.0488,8.8866,3.3165,9.8833,9.9226,-4.0641,3.2194,8.0169,-4.6096,-8.4645,-8.2143,-4.9487,-3.3557,-8.5459,7.4535,5.4136,-3.2911,-1.539,7.4345,-3.9242,6.5424,-1.1495,-5.5423,3.6986,-5.4291,-2.756,9.4062,5.7101,7.8165,-3.494,5.5521,-0.048,-9.4504,7.2959,8.8745,-6.2729,0.3225,-8.1572,-4.7659,6.3579,-5.7974,-1.1086,2.4399,-2.1766,9.3209,3.272,-5.9334,3.5026,-5.0535,2.1109,1.234,-0.0203,-2.3229,0.0411,9.1233,7.8661,-5.8198,2.0975,-7.7602,0.5395,2.4012,5.0124,3.6566,5.7331,-3.2658,-0.3211,-9.4884,-7.8603,1.1815,-1.2882,5.9782,-2.3827,-3.3391,-6.5771,-1.3789,9.717,-2.0756,5.755,-4.2885,7.9418,1.9689,-9.6275,9.3431,-8.5185,2.5443,-2.4319,-1.1033,5.7049,-9.8361,-6.5213,2.0064,-0.9573,-5.0849,7.881,-2.5601,-0.7013,-5.8384,4.5055,3.04,-6.5179
9.8242,-3.5145,-8.4024,5.3248,9.2848,-1.543,-2.2609,7.6689,-7.9315,-7.2684,-6.0041,9.4613,-3.3571,-0.3642,-9.4317,8.2315,-5.265,0.9568,-5.4508,-7.1398,-5.8861,-9.6621,3.1786,-3.4938,1.9733,5.3604,3.1764,-7.096,2.0978,1.7277,7.0989,-1.8958,-0.7496,-6.0801,1.9079,7.7197,-6.0921,-2.5196,-4.505,-9.6672,-4.5192,-8.3861,6.1696,3.2978,-0.5168,3.0206,5.3569,0.2464,-3.9293,-1.1329,5.3219,-6.501,2.5743,-7.6972,-8.4487,3.9589,-7.4246,5.1966,9.8294,-4.4696,-2.9212,-8.5068,-2.7164,-2.0201,5.648,7.3645,2.2842,-7.6001,-1.1112,-3.6921,5.7394,-8.6487,-6.2083,-5.2429,-5.6094,-4.2346,-5.5429,4.2504,6.655,-3.4633,-9.9031,-7.1499,-6.0676,-7.626,7.62,-1.0709,3.7482,-9.9123,6.2993,-5.4693,2.2093,-2.1132,-3.6353,8.8986,0.8349,0.1929,-5.59,-9.524,7.0633,7.6473,4.8275,1.8681,3.2556,-0.5513,1.1092,6.1097,2.8159,-8.0832,1.3941,0.0753,3.7179,8.5985,-3.0031,-5.7237,3.1983,2.0566,-4.5591,9.4682,-3.3068,-1.7856,-1.7571,4.4498,9.8264,7.2727,-2.0642,4.6442,7.4718,9.0682,-3.3841,-8.6531,3.147,-4.9854,8.0599,8.2716,2.6923,-8.8124,-5.8611,3.3397,1.3081,7.2349,7.9814,2.1846,5.1821,6.924,0.3579,2.6263,-2.3101,0.2574,-0.4366,7.1206,1.3208,-1.3973,-9.4673,3.197,8.3943,7.6974,-3.5442,-1.4829,-2.769,-1.7674,1.0635,-9.6008,-4.3167,-1.5621,0.8589,7.5649,0.0014,1.2008,-5.7661,7.6483,6.5883,2.414,-9.3924,-3.9446,5.5949,6.8587,1.2387,9.853,2.3171,-8.8546,-7.6764,6.7598,8.7348,0.9725,6.4136,5.1559,-0.8224,-9.4282,9.1175,-6.4941,5.8948,-5.7127,-0.653,9.1535,-2.1332,-3.8276,-3.921,-8.7697,6.4863,0.9605
5.7288,-6.2069,0.1929,5.2871,-1.5613,2.5202,6.4719,-7.8843,3.2673,3.7713,-3.8562,4.2676,-3.4331,6.0463,8.0373,-9.79,5.232,-1.0242,-7.4345,-9.1927,7.0681,-2.7613,-7.9817,2.79,0.9658,5.4944,-3.5315,1.7168,-1.2567,-9.2058,-1.556,-0.1178,7.6594,-4.1002,-0.5298,-4.6642,5.908,3.7436,-0.7195,-6.1455,3.7836,6.3499,1.5329,-8.7292,-8.9422,-1.1355,-2.5376,0.4393,2.3489,-7.3877,-2.2645,-1.9807,-8.5789,0.9311,-9.8587,6.6729,-9.6847,-3.4491,5.1969,9.0951,-4.6344,6.0469,-1.2635,-4.4506,-4.775,-4.3444,9.6546,3.1835,-7.0743,-8.748,9.7601,6.1947,9.2253,-8.3326,-1.0767,-0.2109,9.4347,-3.8291,-4.2753,2.5969,9.2243,-8.7817,6.4721,3.9492,0.0805,5.6591,7.9267,-5.0609,-9.5115,-6.6779,-1.2099,-5.5921,-6.431,2.7143,3.2832,6.3999,-8.2057,-0.6043,-7.6752,-0.9817,-0.8627,7.6037,-9.9738,2.1154,-7.541,9.5056,-1.5867,-4.002,-7.6343,-8.4816,-9.6941,6.4225,-1.8723,4.9987,-6.9439,3.9502,9.3076,8.9396,-7.201,3.2658,-5.3073,-1.8848,0.3544,3.2372,2.3018,-8.4466,-9.0054,3.1904,-4.3696,-7.4825,-1.7429,7.1985,-1.6124,0.3281,-6.3877,-1.6979,-7.8338,-3.2875,2.4667,-4.4374,-8.7425,-1.3926,-9.7431,-8.9859,6.0008,0.9566,6.397,-8.724,8.5425,9.7873,-4.6161,-9.1127,9.8182,7.4264,6.3803,9.8033,1.4441,-9.235,-4.2527,3.3276,6.6611,4.8995,-5.5245,1.7776,5.5393,-2.6186,-7.6026,6.4825,-5.1834,3.6592,-0.0246,-7.9281,2.517,1.3171,6.3125,2.1463,-0.6924,2.2611,5.7206,-8.7345,-7.575,4.3277,-2.5888,9.2298,-1.6921,-4.0336,-4.6147,-1.6998,9.1984,-6.5652,-1.6512,-4.6952,-6.9784,-0.9194,-8.6388,-6.6802,-2.4429,-6.7258,-3.4497,-8.3512
5.3368,-3.7077,1.1311,-5.7384,-8.047,-5.8065,6.4824,-0.0878,-7.548,-9.9078,8.1597,-7.2303,-9.5578,0.7234,-7.4886,9.283,-8.1483,-5.6111,-6.6825,-3.3839,-8.8933,-1.0053,9.9856,1.5287,-0.2608,2.3004,3.5113,-3.8404,3.7408,5.6351,2.5129,1.6759,-0.721,4.8833,-9.7167,2.9833,5.4956,-9.3215,-6.2513,-7.5714,7.1591,4.6078,9.7363,9.1909,8.868,6.2428,-6.3863,-5.2092,-6.6091,-2.2462,-9.3077,9.1792,-2.6823,1.3224,3.4087,0.4673,-4.6357,-0.9273,4.2083,4.5749,-9.9077,-1.2124,1.144,-1.5622,-2.0681,-0.4695,-3.2999,1.7871,9.6625,8.1147,3.5814,7.2058,-9.0271,4.0789,7.5629,-9.8654,6.5557,2.4197,6.4984,-5.752,8.4092,-7.8772,4.1515,-8.8676,5.9592,8.0621,-3.4568,3.7068,-0.6354,-1.7048,-3.5077,-4.785,-7.6113,9.5741,5.5532,9.845,9.978,-4.6755,-1.2947,-4.7755,-2.9018,1.1013,-2.9155,-1.8538,-2.0666,9.2714,8.9129,-5.8133,5.9672,1.395,-1.649,-5.7447,7.1724,-7.021,-6.6046,9.1742,3.6855,0.2742,4.0868,4.3581,-7.6268,-7.7919,-6.0017,5.6844,-2.8173,7.3725,2.9004,-9.2015,-8.712,-3.9284,-2.6243,6.2903,7.8306,-1.4679,-5.6207,1.0084,4.9193,7.5997,-3.4417,8.3837,2.3149,-3.885,-5.1464,3.5622,8.8843,2.5339,-5.0629,-3.9516,6.8543,-2.3072,-9.805,7.1683,-0.4222,-1.3314,-4.293,-0.8784,-5.3008,-8.6761,-8.4524,-5.5214,-3.1048,-4.1426,3.705,-7.6924,-3.4486,2.8258,5.0886,-4.6924,-8.1506,-5.8333,-6.9569,5.5418,1.2924,4.1511,-6.0216,-7.4743,-3.372,7.7523,5.7457,-5.385,-7.3647,-8.6384,-6.6213,4.6681,2.6841,-8.305,3.3779,4.997,-9.7313,-3.6629,-0.3171,-4.1637,0.4353,-1.7351,-8.6975,9.8653,9.438,4.5168,0.9142,-5.8747
2.8774,-6.3582,0.6391,-9.1215,-8.6029,-5.7828,5.843,1.8376,4.343,-7.7103,6.4865,-3.6201,-0.5934,-4.0848,3.1967,-8.3667,3.1939,-7.0978,3.9928,-0.3207,-5.7804,-5.6123,9.3608,-3.69,4.3524,5.952,9.7295,5.2232,7.8188,-9.0515,-6.5313,-8.3689,-3.7126,7.7173,6.0644,-1.5511,8.247,-1.2546,-9.606,6.8436,-0.84,0.8206,6.939,6.3888,4.2933,7.0125,-7.9817,-3.3419,0.8578,-3.2328,-6.5858,-7.5976,-5.2347,3.7918,2.9294,-6.2474,8.5635,-1.2378,6.3688,-5.7436,-2.3176,4.5091,-3.8501,8.4716,8.6038,1.4376,-2.7599,7.7158,-9.2557,7.3204,-8.4168,-0.0587,-6.2832,4.5417,-7.0645,-5.0434,-6.3948,-1.903,-0.2377,-9.7917,-3.3948,-1.0214,-0.2522,9.3364,-3.5896,4.2541,-3.0398,5.3952,-8.3541,-6.3446,-0.4769,5.2799,-3.8425,-2.1569,7.9842,-4.8236,-8.4944,2.3053,-4.2323,5.5169,-1.3706,1.0736,-7.6449,-9.4812,3.3987,-5.3764,-0.8607,-0.4692,-5.284,-4.06,9.4695,-7.4122,-9.251,6.4787,5.763,-7.8179,-5.2556,6.6011,7.2413,-8.6434,7.965,9.3887,2.9306,9.2765,0.9255,0.798,0.179,3.4265,5.1276,-9.3017,2.4619,-5.6344,0.4122,-7.3198,1.0726,5.9575,2.0397,-4.8916,-2.4131,8.4218,1.4604,-3.2807,-8.2448,8.9966,-6.4821,7.8705,1.779,-2.3903,-7.6019,3.5413,7.7266,-2.6876,3.5997,-2.5103,-9.4602,7.0769,3.3735,-5.1892,2.8942,3.9873,6.6211,8.3009,0.8641,-3.2153,7.8433,8.2064,9.5652,-7.6811,-7.457,-1.8283,6.7004,7.749,-4.2016,6.2539,6.3124,-6.9745,-7.7935,-2.6578,5.4242,-9.5861,-0.1621,8.4473,8.8649,5.5441,8.1106,2.0495,9.5122,-7.3152,7.9451,5.9986,4.8056,6.0642,-0.9973,-9.4015,-9.025,1.3028,1.3372,6.4125,6.6254,-6.3809
2.2207,4.5891,2.7244,8.8364,6.3961,5.9358,3.5142,-6.2045,2.866,-3.1279,0.2523,-2.6207,-3.2472,-5.2271,2.9266,2.8751,-9.1701,-9.0777,5.5306,-4.6976,-4.7781,6.0735,-7.6133,3.5876,-5.1166,7.7154,-5.947,8.3089,7.2018,-1.3263,-2.9702,-1.4409,-9.4726,0.2316,3.0654,-9.536,0.3765,-7.6064,-6.3871,3.5551,2.8878,-5.3628,-3.8002,4.669,9.4627,-7.5929,7.3587,-2.8328,6.3158,-5.4573,2.2621,-8.4852,6.7639,-4.597,9.2136,-3.4142,5.9424,-5.1493,1.5568,-1.8621,-6.9768,4.2378,0.0907,-8.2891,3.6028,-3.7256,9.5901,2.5053,4.1744,0.5498,6.7016,2.8181,-5.5321,1.0865,-4.912,8.6195,2.9583,-3.248,-5.5359,7.1248,-4.5277,-4.5837,-3.7553,-5.5765,7.1764,-2.3284,-5.7469,-9.4833,-4.4296,5.8228,-1.8399,6.3619,-5.8866,-4.8911,-1.8688,5.0019,-8.0291,-9.6891,0.3881,-2.1685,5.2224,4.0911,-1.1549,-2.0967,-9.5949,1.479,-9.6485,4.1625,4.6574,-0.7105,2.6829,4.3362,4.3927,-8.4708,3.1108,5.652,1.9221,-2.7451,-1.5597,-5.9753,-2.6536,-8.5957,-7.1218,1.5913,-7.412,3.5905,2.6051,2.5992,9.9222,-1.2709,0.8774,-5.9211,-3.1355,-4.7176,2.7351,9.4638,0.022,4.4952,3.919,-6.7727,6.7936,6.9505,8.5541,-9.7498,9.3405,3.6775,-9.8622,9.0514,6.6266,3.9294,6.111,9.7547,1.9741,5.1758,3.3742,5.734,-7.174,7.5597,-0.3611,4.8226,-8.1629,3.492,0.7929,5.8956,-9.9944,7.4254,-9.3613,-4.7658,-1.709,-7.8696,-6.6247,-1.6064,-1.465,-3.7631,3.7626,-6.927,9.3901,-6.2075,2.937,6.8385,0.4298,-7.7744,8.2833,-6.433,0.7723,0.6468,-5.148,-1.117,2.5274,0.9706,7.358,-4.0011,-7.8254,6.5645,9.0613,5.3096,-1.5164,-4.3807,2.6889,4.7681
6.2064,5.9815,7.1728,-3.3886,-1.5132,6.5865,8.0815,-7.9533,1.8354,-6.8518,-4.635,8.2685,7.0705,1.1022,8.676,5.2737,9.4036,6.5129,-0.0656,8.7465,-8.1351,2.2948,9.328,-5.3959,3.8432,-3.2019,-6.9673,4.6431,-2.2287,8.9045,-3.1418,6.4116,-5.8745,8.6917,-8.0674,-0.1316,-6.1766,-6.4668,7.0421,2.4286,-5.9587,9.4497,1.9332,2.8839,-2.9427,-9.7378,9.5224,6.0823,7.0385,-5.3524,-1.7765,3.6126,-8.2092,-9.0479,8.658,-7.8423,5.8949,-0.3646,5.3138,-3.2224,-5.585,1.3007,-0.3099,-1.0564,-9.0838,-3.0551,-3.3783,1.4764,-8.0478,8.403,9.0438,2.6353,-6.5175,-2.7473,9.564,1.599,-6.2757,-5.9814,-9.7655,9.3855,-6.1933,-7.793,9.8075,1.0273,3.2249,5.8077,9.0529,-4.1136,-3.6903,0.1773,5.3716,1.3647,-1.9563,0.869,8.4281,-4.7522,8.4515,6.6981,-0.2011,4.1519,-8.3802,9.7024,6.4822,4.6375,8.9269,-8.8036,3.3579,6.6715,-2.0461,6.0007,-1.7555,-6.5887,-1.1899,-3.066,9.1097,5.4493,-3.7192,-4.6929,-0.8719,0.1234,-7.3102,-5.1624,-4.8682,-7.4411,6.8982,-1.3462,4.2005,-5.2088,-5.3145,5.4495,9.4048,-5.8957,7.9534,9.626,-1.1177,9.7457,4.485,-2.458,-0.0096,7.5571,5.4089,0.0223,2.4521,2.3126,-3.8397,0.2169,-4.9075,-7.7929,-8.6663,-1.3807,2.4052,1.9214,-2.7854,3.2432,9.7712,-3.0596,-9.3148,-5.0836,-5.4381,9.0139,-0.8462,-6.1092,5.3042,7.3794,-5.9584,5.9903,9.0265,-7.5598,-7.7701,-9.0492,8.8251,0.7578,-7.6751,-0.3733,-0.5719,1.5153,-5.8534,3.9079,0.3105,-7.1353,-4.3964,0.5677,-6.3523,0.089,-4.5372,5.9276,-6.1296,9.1339,-6.202,6.3658,3.8879,5.4959,9.5885,3.7104,1.3256,-2.5296,-4.0642,-1.4932,0.8344,9.5199
-5.8541,5.1291,8.4338,-9.8461,3.2884,-6.5933,8.3422,-6.2148,4.8296,9.7847,5.4143,-6.4133,2.6038,6.6757,-1.9929,9.3879,-1.0311,-7.0216,-9.5096,4.955,-0.5433,-0.0387,-5.8293,-4.5742,-1.5021,-7.4969,5.4187,9.9174,8.7672,-4.9941,-0.2489,6.2187,-8.0106,-5.7816,9.9794,7.1947,-2.7047,-4.4634,8.8794,5.9048,2.7307,6.6514,-0.9098,7.0263,-5.0595,-6.7394,3.2117,-2.9229,7.883,-3.2424,4.3213,5.3366,9.3598,6.263,-4.6892,-7.0422,-7.7256,-6.4588,7.4769,-4.139,-5.8065,8.5998,9.2889,8.018,3.9654,-8.8151,2.8535,8.0694,9.4721,3.0772,5.2647,0.9764,-5.562,-6.3013,-3.6128,8.2142,-9.2761,-8.0682,8.1841,-6.5014,-8.8195,7.1544,-4.2441,-0.2687,-9.7754,-5.0808,5.291,-7.4284,8.2413,2.7611,-5.9844,1.3599,9.7396,-6.2924,9.7481,6.4806,4.5267,-3.8158,-6.3506,-3.4494,6.1553,-6.1902,-6.3064,-6.0841,5.0022,7.7329,8.6324,-0.9692,4.8998,6.5483,-2.8312,-3.1376,5.387,-0.2601,-2.1842,6.606,-8.2842,7.2962,-1.7725,5.262,-7.8545,5.0255,-8.0314,-7.4402,8.3047,8.7658,8.5049,2.0771,9.6423,6.7015,-0.0486,0.805,-8.028,3.7747,-2.8285,-2.3702,1.492,7.8683,6.7066,-6.0158,2.2592,8.607,4.074,-5.6753,5.3858,-9.6341,2.6414,-6.4295,-8.5161,-9.6643,6.3461,-9.245,2.9683,9.9563,-6.2781,-1.2503,-9.8537,8.4911,-2.5115,2.5994,8.9864,0.6828,-6.0759,-1.1145,-9.967,4.6031,-2.1187,-2.6998,-9.9339,8.8458,3.1466,6.9973,8.4785,7.0355,-5.7344,-0.9168,-9.7363,-7.811,3.1004,0.8339,7.2827,0.8415,0.7075,4.6496,-5.7682,-3.3902,-5.6723,4.2641,3.3341,-6.7446,2.5491,5.4222,-2.7092,4.9313,-9.4953,5.0863,-9.0016,3.2446,-9.475,9.4967
-1.7095,5.7641,2.098,-0.8977,8.2754,-0.8395,2.6295,-8.4235,3.8591,1.4614,-5.4073,-9.2865,-3.3477,8.8566,1.8503,9.5867,-4.7484,0.7009,-9.2444,-6.8276,-2.0401,-4.458,4.342,-5.6198,-6.9121,-2.0176,-9.8058,4.7606,9.2716,6.7562,1.2173,-5.4087,2.872,4.0422,7.763,2.3197,-7.9783,-5.1531,-7.8331,8.9646,6.7854,-8.2175,7.0637,-9.3017,-4.6781,9.8332,-1.0544,-5.9337,1.5746,5.774,3.5598,3.2945,-4.0621,6.7926,-0.5921,-2.9194,7.7918,8.0832,0.6305,-6.0736,-5.4852,1.8321,-7.4143,-8.9696,3.9782,6.7296,7.5738,9.4587,5.9955,-3.4377,-4.5135,-8.0681,-1.8509,-2.9735,-3.8991,-7.2162,-0.786,5.0527,-5.7798,-8.153,-1.3558,8.2231,-1.5365,-4.9544,5.744,9.1545,-9.9547,-1.2757,2.5794,-7.7415,2.3179,7.7023,6.5484,5.6072,2.6616,8.6168,-7.4474,-4.6376,-4.5345,-7.6382,1.0638,1.9835,2.848,-1.9063,-0.2566,5.8027,4.103,2.2137,9.7011,6.6534,-9.9819,9.3775,5.2954,-9.7614,-6.6546,2.0626,6.0297,-5.2725,0.1118,-8.8926,-8.7995,-1.7832,-4.5687,6.003,0.8943,9.6507,-8.1812,-8.6429,-3.3281,-5.764,-3.7931,-4.6615,8.9001,-9.1576,-2.0953,-0.6353,9.3234,9.3114,-0.8438,8.467,9.2344,5.9124,-3.6652,9.7076,1.4612,0.3146,3.2157,4.7209,9.6554,2.0532,6.1727,2.0796,4.6255,-0.7293,-2.6251,-8.4975,-0.255,-8.0011,4.0946,-2.5919,7.2548,-3.7492,-1.192,-7.4237,-0.3099,4.9882,-8.6553,-3.4459,-7.5533,6.8802,5.294,-8.6151,3.2245,1.2711,-1.3265,6.6083,5.1792,0.3465,4.0104,1.2539,2.3076,6.4772,8.6837,-6.6405,8.1532,-5.619,-3.1831,4.4505,-7.281,8.3715,-5.087,-0.5725,7.123,-3.8651,-0.5156,-4.1911,2.0646,4.9398,6.3745,9.8895
5.0006,2.9717,-2.7674,1.9389,4.3634,2.7514,1.5753,5.7782,9.7985,-9.2032,-6.1602,-0.5623,-4.0328,4.9406,-0.154,-2.5264,7.5443,2.4318,-4.7739,-3.126,-9.6086,-1.4565,5.381,-6.1473,-8.3137,5.6247,-9.1405,-4.7966,-7.9548,7.1199,7.2444,6.2427,8.2268,0.5896,-2.5773,2.0484,-7.5678,6.3906,7.8499,3.2729,-4.3127,-8.1739,-5.2622,-0.8542,0.9551,1.1772,-4.7869,0.7923,1.6394,-2.5228,-8.8334,-6.0573,2.464,8.7126,2.7236,3.8926,1.5266,8.4361,-3.5618,1.6273,-6.6996,-5.24,3.2501,9.6166,5.5201,-1.0241,-2.9301,0.2538,2.3152,-8.5532,7.1157,8.7051,-3.3034,0.5556,7.6353,-4.1708,3.7339,2.0844,-6.8771,-4.3254,-1.236,1.6881,-1.5694,-8.6224,-0.9867,9.727,0.6488,-3.4611,-3.6353,-1.7967,-0.9727,-9.5187,6.4609,-4.7128,5.2733,-9.7579,-3.2541,-4.7629,9.0444,6.5761,9.8276,-6.8906,0.7553,7.5815,-2.35,9.2841,1.1118,-1.7129,-0.7426,6.3746,-4.6686,6.6088,-3.4426,3.3328,-9.7471,-0.4193,3.2835,6.9718,7.111,-3.8699,-3.8773,3.821,1.5261,9.4586,-5.4655,-8.361,4.0978,1.3542,4.9822,0.6417,3.5183,0.744,2.1219,0.825,5.9413,-2.6995,-1.9326,-0.4014,-7.1778,5.3427,-2.2936,3.9905,5.4384,-1.3101,0.4929,-8.6783,-8.07,-6.5475,-7.4391,5.0961,7.8889,-4.2436,-6.2875,-6.5302,4.3002,-7.3876,6.6235,-9.1209,8.3452,6.1724,5.8942,-1.5524,-6.7696,-5.8133,-9.2221,6.0292,4.3958,6.0859,4.2147,-8.6932,-7.7419,5.0167,-6.0294,-4.6879,6.637,6.5923,-6.5666,-0.7006,-0.0019,7.8334,3.0759,-0.0591,8.26,-4.6511,-9.4639,-6.1101,8.7499,4.9533,-5.6925,4.6862,-6.7558,5.688,-6.9303,-5.307,0.936,-7.1535,2.9391,-8.7779,-8.2539,1.7105
7.6657,3.0749,-9.3473,2.3124,3.1995,6.3282,-0.0143,-3.6952,-3.8409,8.9891,-5.4711,-4.7284,-9.6046,4.668,-8.1728,-8.5951,-4.1035,1.3721,-4.1876,9.807,7.2451,4.0897,-2.9747,-7.2033,-9.0455,-2.0856,4.7525,4.4731,-3.4088,-1.383,9.3723,-6.7114,4.585,3.7603,-3.634,-6.9037,7.3891,9.6725,1.3805,7.4105,-9.9654,-4.0202,-9.3841,-0.6601,-6.839,-6.7281,4.473,9.1854,2.7884,0.5887,5.4705,-7.881,-6.854,-5.4235,-7.1505,9.0124,1.7907,-3.6471,-2.8511,-2.2658,-4.2596,7.7291,-9.7655,-3.3266,-8.7741,0.5373,-6.6764,-5.6627,1.7817,-1.1872,1.7962,-8.0449,1.9621,-5.9765,-8.7022,-7.2638,4.7133,1.2411,-1.1972,6.1854,8.8682,5.9597,-7.4733,1.4308,4.0999,2.9474,9.9102,4.1571,1.2759,3.168,-8.3737,4.3967,2.3926,0.1282,5.3506,-1.9235,-0.4769,2.0096,6.9977,-5.0545,-9.4377,4.8717,-6.9264,-1.4805,-2.8389,-7.0538,-5.1794,1.6923,6.4296,9.2269,1.6882,-6.2496,3.717,3.9195,-1.4254,-6.4852,0.4809,7.3457,-2.8351,-5.9263,7.5436,8.4161,4.9908,6.8862,-3.3437,-2.7789,-3.9133,7.357,2.5344,-2.8746,6.7563,-0.116,-9.6303,7.7977,-5.7772,-9.1988,0.8772,5.1378,9.1382,-6.3008,-0.3476,-5.405,6.6885,2.7629,4.3082,-7.4623,0.6557,-6.5591,-0.6642,-4.7486,-8.346,1.5252,-3.4088,0.3848,-5.1845,-4.3049,-1.6977,-1.8339,-3.0121,5.36,-7.4986,2.3479,-8.8939,-0.091,8.1285,-7.4667,1.532,9.2679,-1.7371,-6.4368,8.3511,-4.5278,4.6057,-5.4734,-0.0313,-3.8945,-5.6821,2.3794,2.4306,0.2892,6.9484,-1.1101,7.3224,-1.9279,9.6306,-4.7005,4.7909,0.4235,3.8874,3.6276,-2.5554,5.8254,3.2116,-1.8557,-0.1345,9.5762,-3.4193,-3.9204,7.6112,-1.6851
5.6644,7.5032,-3.4236,-7.2224,-5.8182,1.9296,1.2782,7.4666,3.2302,-2.3366,-3.2125,2.6483,3.9901,-5.3081,3.303,-0.5212,-0.8025,0.8335,2.0054,-6.0231,-1.7367,-5.7097,-4.1568,-9.2888,-6.1852,6.0886,-6.0978,9.36,1.4889,5.8044,-1.1577,-8.6937,3.4264,4.7762,0.487,-6.2835,-0.8303,8.8319,1.9796,5.9642,-0.804,-9.1912,-8.7703,0.3568,-1.2021,-1.4084,8.5702,7.4252,-1.6043,-9.7894,7.9663,-6.4417,-0.6092,3.4816,2.5116,9.3911,-2.0384,4.2001,-8.0478,8.6224,4.1368,-2.5094,7.8972,7.8349,9.0088,2.2917,7.6099,-4.3044,-3.7544,4.2822,1.2755,3.86,0.7856,1.998,0.4923,-4.2075,-3.8301,-3.6933,1.8006,-9.489,-7.4337,-6.1955,-7.1163,1.363,-5.6579,-6.2695,-8.399,3.624,5.102,-0.7157,-3.3634,-1.4983,-0.3322,4.0906,3.9981,9.6321,3.6772,-3.6351,5.3335,8.0349,-3.877,2.9421,-2.0381,-0.9404,8.8578,0.7049,-8.626,-7.1666,-1.4566,-0.9878,-3.4561,2.4886,6.2956,6.8113,-2.0973,-7.4047,-4.7668,-2.0956,9.8724,-7.3592,-4.7235,-3.412,4.8703,3.9832,6.5469,-6.5197,8.1416,9.5776,-5.7213,2.7761,2.8961,-8.1625,8.8156,0.079,0.8907,6.2508,2.024,-3.8037,8.4632,6.1598,-6.784,9.7797,-4.2791,2.3429,1.0129,-9.7421,7.9052,3.8383,-0.4658,8.1579,0.4101,6.568,1.2279,-5.2983,-5.5231,-8.7199,0.5414,8.872,4.6842,-0.8196,2.4515,6.5682,-7.6098,-2.8686,6.9198,6.3741,6.513,-3.9734,4.9703,7.8136,6.1587,-2.0737,8.7787,4.3527,6.8613,-8.9398,-3.7698,-2.7969,-0.0512,-9.7837,6.643,-0.7106,-9.4343,9.3867,-5.9189,2.7814,-5.2855,1.3932,-5.4827,5.9785,1.1885,2.643,2.853,6.087,-8.0765,-1.2473,-5.607,-5.6401,4.7709,9.7065
2.589,8.527,-4.0998,6.6995,1.6316,0.4561,-9.87,8.7843,-1.0939,-4.0942,-7.591,7.0953,-3.3671,-8.4394,-4.3059,-6.4574,1.098,9.6269,3.7608,-5.2154,3.2267,8.7669,1.9158,-0.6104,1.334,-0.0025,-7.2689,1.4461,6.3658,6.36,-5.8582,-5.6255,-4.6363,-7.7854,-8.3897,-5.963,1.5853,1.7381,3.1621,4.5887,-4.3607,-7.5374,-2.8735,3.0742,-0.7396,3.7137,-0.4679,0.2811,-6.0252,0.5654,-5.1569,-6.4628,0.1326,5.9009,9.2391,2.2881,-5.7535,6.1397,-6.6657,-6.6843,0.8836,2.7258,-4.7099,5.9964,-6.1208,9.2164,4.8149,-9.7972,-8.3592,-7.8427,-0.3278,-2.365,-8.8771,0.0984,0.7667,2.4493,9.7808,0.9241,-5.9066,-7.1762,-4.2944,4.3835,-2.1733,4.0098,1.0356,-0.6238,-8.8669,1.9153,-9.2809,-2.6221,-8.9686,-9.1211,-7.1845,2.5726,1.6454,9.2195,8.0857,1.5052,9.1534,-2.2815,-3.6902,4.4769,4.9423,-5.4452,-6.5796,0.1142,9.8494,8.2378,-6.7227,-2.3806,-5.7457,9.7581,3.7252,-8.3298,8.6863,-9.5971,8.2659,-8.6233,4.1918,-3.0905,-1.6266,5.4294,-9.2546,-0.2714,-2.511,0.7964,3.5509,6.2965,-4.3443,3.2472,3.1324,-4.7486,1.2663,-8.9335,-8.1336,-8.9873,-3.0901,-1.477,5.5942,-4.8339,2.758,1.4958,-7.8473,-4.3218,-0.1426,4.6952,7.9778,8.4228,-2.7199,-7.9745,6.2143,-5.386,6.8738,-3.1562,6.08,-2.9111,1.971,-1.0077,-6.0616,4.9494,1.6173,2.2237,5.4786,2.3991,-7.6148,1.9976,8.0071,2.6349,7.0613,-3.6887,7.3049,-6.7451,7.4984,-0.2688,9.3556,-4.3837,-9.4027,-9.5765,-0.5511,-6.15,-4.3512,-5.3552,9.4034,-0.6092,-2.5455,9.0916,-8.5379,2.9863,2.5388,2.6028,-0.1262,-5.9683,7.4741,8.4801,3.4001,5.1658,4.2029,-4.8226,3.0617,-3.0712
-3.8897,-7.0793,4.8876,2.5873,0.8607,4.6222,-0.2941,-7.6954,-7.8699,5.2061,8.5248,8.2472,1.7792,-2.8289,-3.2758,-1.5327,5.0332,-5.1986,7.3014,7.0931,-6.1044,-0.0004,0.5206,5.5912,-1.1551,7.9031,1.6845,-6.4039,7.9249,5.0623,-6.8069,-8.1705,-1.8812,3.6562,4.4056,-3.9142,2.1429,-0.0884,-3.2992,2.9518,-4.0619,-5.678,-8.8936,2.1808,-6.1277,-8.7515,-5.3387,-9.6019,8.5794,-2.2939,-6.2935,8.3341,7.2395,-3.2503,-2.6435,6.77,7.9379,-8.2991,-2.4291,4.7226,9.8449,-5.4467,4.7632,-5.3439,-9.4543,7.2066,3.3534,7.8452,1.1025,5.5652,-0.6609,5.4091,-6.4307,-8.7229,-0.8139,-7.3472,1.5847,-5.8605,-2.8419,3.5672,3.5787,6.7492,-6.3988,8.7779,-8.5383,-8.4492,-3.936,0.6277,-0.8494,-8.9364,7.2163,8.0978,7.4018,-0.6486,0.7045,0.412,-6.1456,-3.8866,-0.9038,3.3056,-2.2645,1.8147,2.3026,2.7429,7.884,5.87,4.9118,9.5599,8.2165,-5.4743,-4.8506,-3.204,4.4298,-9.691,-2.5139,-8.5989,-4.2185,8.5736,4.969,5.6848,8.5026,-6.1497,-6.2591,-2.3456,-4.2766,6.0956,-9.0288,-0.3052,5.5984,1.4197,-4.9833,6.1725,1.8574,6.4168,-6.3471,3.7244,9.4955,4.7163,-0.9947,-1.0353,5.8184,-1.9185,-2.9877,0.4119,0.7673,-9.5036,2.0786,1.1926,-1.0367,2.2378,-2.0215,-1.5895,8.909,-6.3603,1.8942,0.1057,8.1251,-5.8626,-1.8414,1.2305,8.3115,-8.7047,0.5325,-8.922,-1.964,9.2367,1.9646,0.2903,7.5833,9.5639,7.448,8.9287,-9.9677,-9.9343,-8.6863,-9.5839,-2.693,-4.6753,-3.033,7.1675,-5.7687,-1.7233,-1.5856,-1.5981,5.1527,5.5679,8.874,-8.3563,-7.8764,-3.3385,5.892,-7.2151,-1.1563,8.2885,-2.8984,-0.4416,-4.3739,6.9115,1.0083,-6.395
2.2392,-9.5757,-4.1138,2.4877,-3.9504,3.9102,-4.3946,5.6692,-1.1908,9.4061,-8.3381,-0.7876,8.928,7.0612,-4.5511,-7.3615,7.4208,-6.7202,8.2383,2.5094,5.0841,-7.1673,-8.8013,-5.2162,-8.8744,8.6049,-5.7641,7.1012,7.3238,-4.4662,-9.9836,6.1217,5.5202,-1.1318,8.1771,8.0401,5.7265,0.8997,2.6149,-4.2634,-2.6171,-5.714,7.5501,-8.0173,-2.8411,7.1067,-9.5529,-9.3659,-3.9071,-5.435,7.225,-3.8045,-6.3894,4.817,4.127,4.1317,-9.7404,-9.9669,-1.6388,3.883,-6.4179,-8.7673,-8.2242,5.0605,-7.9796,3.641,9.5558,-3.823,1.9298,7.7283,1.6283,7.8069,1.2545,-0.6902,-1.3982,3.3317,0.4944,-8.6231,2.8246,-0.1759,4.7205,6.6665,0.6642,-3.3859,9.7055,9.3971,5.4933,-9.7745,-6.2219,2.4432,-8.0577,6.1463,3.5451,8.8854,-8.7948,-9.0853,-9.5065,3.2601,-1.0088,-5.5445,8.1247,7.9661,6.0879,-3.9614,-3.4441,-9.6725,3.1959,6.1096,2.4621,-2.2251,3.1718,8.0518,-7.0974,5.2969,2.3496,-9.0097,-1.986,-2.2168,4.9755,7.4442,1.561,6.4907,2.907,4.8451,-3.6317,-7.897,-6.35,-2.2364,-7.1314,-3.2184,-9.077,8.1451,-4.3403,4.1527,-5.6417,-1.0847,7.2855,4.9717,9.8789,-0.2552,1.3297,9.1678,-2.694,7.8885,4.3688,-4.8634,3.394,-1.8476,0.2239,7.0491,-2.165,-1.2616,3.8201,6.4175,6.7006,-0.9477,1.9105,1.4645,9.0219,5.8285,-9.2606,-4.0745,0.5825,-1.5937,8.4715,-7.522,-9.3626,-6.7494,-3.6638,1.0831,-3.2251,-1.8058,-2.7673,1.1494,-8.39,-1.8644,3.9671,2.7671,6.3039,0.8396,-3.2522,2.9957,0.0695,-0.0942,-5.9797,-3.5757,6.9669,-9.1773,8.4812,5.5622,-7.6452,4.1602,-2.9333,5.234,-1.8268,7.5302,9.8785,7.0789,4.0925,-5.5181
-3.6525,-6.3712,-6.7765,-0.2516,-1.0844,-8.9933,5.4447,-9.0296,-3.1042,9.0716,-7.305,5.3046,8.5412,-5.697,2.1502,-9.9114,6.1678,-2.8786,-1.8409,-7.8334,-5.0292,-7.6674,-9.9923,5.3523,7.919,9.0482,-5.0467,-6.3242,-1.5849,3.5619,4.277,3.9357,-8.8691,-7.8589,-4.2993,-9.3664,0.0357,-6.6123,-4.8374,9.4099,4.4495,-1.9315,-3.0624,-3.4601,-6.706,4.938,9.31,-9.9039,0.9972,-5.0375,5.1694,1.1763,-5.6235,-1.2162,0.3241,-7.749,6.7932,1.5717,-6.5721,-1.3405,-2.2836,6.7994,-5.6657,6.7276,-9.0905,5.195,-4.2907,8.4632,-1.2399,2.1522,2.9843,-1.2931,-4.2722,-2.1384,-5.5336,-0.2774,7.9773,9.2083,0.3408,-4.4761,0.4171,2.3718,-3.7564,9.7684,-9.3773,-6.4422,9.0895,4.7774,8.2027,1.7102,5.3525,7.3214,-6.6649,-2.1325,4.0005,5.0533,2.5043,2.5764,-5.8678,-5.0165,-2.4868,5.6774,0.345,8.6729,-9.6573,9.314,0.4182,9.2458,-0.3728,-9.5625,4.7519,-3.7453,3.6336,-6.0868,-7.8441,7.2844,5.2161,-2.0754,0.963,-2.2535,5.7654,-3.0024,8.3348,-9.3525,7.1298,-0.1604,-5.5885,-8.6773,-6.1746,0.3823,-5.2088,-3.6748,3.9788,6.7802,-2.2755,1.0921,7.667,-0.4937,0.5166,-8.1843,-3.3294,-1.1344,5.0873,3.4043,7.9164,8.1948,6.6799,-5.7229,4.199,5.9051,4.0599,-6.368,9.384,-9.3517,6.9934,3.7886,-2.8248,9.3298,0.339,1.4778,7.3582,-5.8566,-1.1368,-8.466,6.2949,7.402,1.0222,-6.8742,9.0063,6.3023,2.0469,9.3379,-0.0562,4.6578,0.2398,1.6777,-1.4475,-1.7789,-5.9644,-1.0506,9.4658,-9.6789,-1.0515,4.489,-3.4889,-7.9365,-3.8305,-6.3494,2.8165,-1.06,8.206,-4.4343,-1.3594,-4.5063,6.6992,-1.7833,-0.4737,-4.0952,-3.4492,9.863
-5.149,8.6887,-3.5138,-0.1197,2.2795,-3.9392,5.7264,7.6243,-1.8815,2.8656,-8.0963,3.5827,-1.3494,-7.7189,-2.6797,-7.161,3.327,6.5949,-0.3137,6.2057,-5.7836,-3.2927,-9.2022,-3.3066,-6.1753,6.5525,-4.6123,8.9906,-0.6781,3.1633,3.7141,-2.5751,-3.5002,4.6271,8.3954,1.3648,6.6208,9.0978,-8.6847,-2.3881,-8.9484,5.0161,7.0958,3.1239,2.5099,7.0535,7.6303,-1.9818,1.9541,-8.2228,-0.9376,4.4297,8.471,-3.0277,7.763,-5.5453,7.8807,-0.9821,-7.8038,9.025,-0.7294,3.8691,2.3573,-6.0472,4.3787,0.7743,-8.7835,-1.1434,0.5086,7.2136,3.6243,-1.0737,-7.2172,5.4193,6.3675,-1.637,4.2753,3.5637,6.9243,9.2688,2.1944,3.559,-8.0841,-8.7389,9.6078,-0.2355,-7.7407,9.8329,-9.5851,7.4869,1.0144,-0.1043,9.6681,8.7753,4.8292,-1.6564,-2.4625,-8.7739,8.4798,-5.1578,-1.6494,-9.2848,-9.0331,-9.1518,4.4632,7.5141,7.5509,5.8726,9.7927,-9.525,5.1156,0.1211,-3.637,3.8455,5.091,8.2393,9.8093,1.447,-7.8256,-7.0146,-4.6236,3.6127,2.0715,7.3266,3.1136,6.8493,-7.4693,6.9762,7.3484,0.271,-7.3497,0.4354,-6.7111,7.297,-4.8736,-9.1375,-6.1739,1.3788,-6.5463,9.6501,9.0548,6.2775,-3.4137,-6.8552,2.1524,6.3148,-4.177,-6.9849,-6.5843,-3.4971,-6.099,-2.3347,-1.281,-0.9148,8.0712,9.8263,0.0234,-1.1456,-0.2465,4.4278,6.5288,2.5598,-6.7159,-1.4456,6.5376,2.544,-4.854,-5.9754,5.6452,0.0549,-6.5368,-5.926,3.4602,-0.0669,-5.265,-4.3375,8.0249,8.8662,-7.5509,6.7841,0.0783,-1.2637,-3.5771,-4.1982,6.5446,7.3847,5.4997,-0.4015,1.1057,2.5365,9.2095,5.9655,-7.3965,3.0794,-4.9467,6.1706,-3.4037,3.406,-6.4387,9.1848
1.0033,7.8374,-0.7437,5.2121,-0.3575,3.7334,2.8379,0.7734,2.3277,9.6123,2.008,6.3851,3.6137,8.9656,3.0254,-6.6367,7.1587,9.4563,2.3608,-3.5933,-6.5007,4.4242,4.5307,6.8871,2.8849,1.5817,1.7718,7.6317,-9.2358,0.4797,-1.3484,2.9613,0.0581,7.9484,-3.7627,-2.8509,-8.0103,-8.72,-4.6596,2.2823,-4.8282,5.7522,-3.2998,-1.8379,5.7255,-7.4694,3.2494,2.2878,4.1941,-7.1986,-7.5811,2.0137,3.6827,-6.5609,-8.3424,-1.0654,6.4412,4.5498,-8.7545,2.3643,-3.307,8.1007,7.0608,2.899,-8.6125,-1.0219,-9.5274,-3.8998,-9.855,-6.5454,0.9323,4.5484,0.4233,1.9006,-7.647,-9.2883,5.0724,-6.1024,-1.6496,-9.4243,4.8506,-2.4704,-8.2198,-4.339,-7.3397,6.1195,8.9675,1.6342,7.1723,-9.9988,0.5618,5.0856,-9.3175,-5.2442,-7.0967,8.5155,-0.2704,-5.3161,-0.6016,-5.0937,2.3353,-9.3525,9.6937,6.3485,5.6808,-2.7814,6.7889,6.2308,-6.2172,-6.7273,-6.4188,2.5362,0.45,8.5205,6.6906,9.8856,-5.8834,-7.3626,-4.7077,-7.4718,2.875,3.775,-0.5894,7.7071,8.7216,0.6246,-8.1725,8.8553,7.5641,2.9914,-5.5482,5.7167,6.6679,8.3804,2.9203,1.0362,6.896,-3.5459,2.4501,0.5314,-6.7124,-4.985,-7.7583,1.3075,-8.2904,-1.7967,-6.3817,5.2529,0.6804,4.4515,5.2272,-2.2451,-5.4728,2.1441,-6.616,5.1529,-4.9193,1.5875,7.175,1.2371,2.6681,9.5894,-1.7421,8.4382,-1.9545,4.1806,-5.5019,8.5565,-7.6033,0.8139,8.7891,-3.9224,8.3404,-9.0056,5.3558,-0.9685,8.7442,0.57,-5.8179,-5.0047,-1.1226,4.7005,2.3062,6.683,2.6531,-0.4027,4.9861,-7.7349,2.697,1.4409,-0.2703,-5.7691,9.5444,4.2357,-2.0063,5.5531,-6.0165,7.8735,-5.8833,7.4106
4.2029,7.2148,-5.865,1.2757,2.5894,-0.5374,2.0079,-8.8565,-1.2182,3.1242,-0.5821,3.4866,0.3858,6.992,8.3738,7.9482,-3.837,-3.5179,3.1738,-5.4042,-3.8595,-5.7956,1.2131,-0.2759,2.1415,-1.8604,8.6991,7.9959,6.3866,-1.9671,9.0885,-4.5815,4.1029,0.1298,0.359,-9.5567,-8.0768,1.3215,2.8887,-8.5773,-8.365,0.0232,-0.2438,-6.6124,4.0307,4.0059,-8.1092,0.2935,-3.9579,3.2831,8.3065,5.9888,-5.2356,-4.0993,3.7856,-3.6668,-8.3971,9.9768,-5.1513,1.8889,6.6633,-0.1988,-6.0821,3.3722,-2.0848,4.5443,-4.5867,-1.6035,6.2726,9.8364,3.83,-3.0934,-7.5775,-4.4004,9.6912,1.5409,9.2427,4.3074,-8.6745,-5.9696,8.3344,-0.189,2.952,2.6794,-4.1154,-4.7017,-9.5831,-5.2951,1.2243,5.3708,6.3506,8.0533,8.9395,-0.4775,8.195,3.4972,-2.2007,9.6546,-2.8865,-4.885,-2.7802,6.9043,-2.4776,4.3363,-6.9898,8.2447,0.6718,6.5834,2.0359,-8.7055,-6.7926,-9.7664,1.6531,-9.2411,-2.6707,-1.3326,-2.2498,-0.0399,-7.7135,-8.8734,-9.0398,-3.964,5.1744,-3.6712,1.2457,6.4741,-3.261,4.4927,-5.5907,4.2805,8.1652,-7.0456,-9.7309,2.2955,4.6901,8.7327,8.8102,-7.8719,-6.4645,-6.8897,7.4604,-5.0886,-9.539,-8.4968,9.076,-2.4666,-5.3886,3.2093,-1.3426,1.6111,-9.6362,8.0804,-9.73,1.2763,-0.8831,0.3261,-4.569,-5.8008,-5.2397,-7.8638,-2.3796,4.1745,6.461,3.6239,-8.8708,-8.7453,7.4335,-2.1719,-5.3448,-3.1346,3.8095,0.181,6.6199,-8.8824,-7.2522,-9.5712,-0.818,-2.7467,3.6663,-3.0113,-6.2842,-9.5677,6.8871,3.6595,4.4589,-8.735,-6.0109,-8.8798,-5.0427,-8.5893,3.659,-7.4582,-0.1684,-4.2102,-1.3007,5.9142,7.9605,7.1943,-8.5855,9.5794
8.8839,-7.2408,5.0023,-3.957,6.2628,-2.3932,-3.1977,1.8477,-3.5204,1.6093,-8.0947,7.9417,8.4869,-9.2946,0.3418,1.1666,-2.4149,8.2444,0.2596,5.4505,4.0329,-1.2866,-1.7193,-1.8996,-5.3475,-0.1028,-4.7703,5.9742,7.8419,-1.273,-0.9565,-0.1747,6.4922,7.7744,4.0725,4.227,-5.3685,-1.8159,0.8194,4.8887,0.7477,-4.7448,-1.0855,-0.4137,1.6292,3.2229,-4.4529,-0.9911,-6.5683,2.3089,8.9129,3.8697,-3.94,-9.0506,7.8115,6.1151,-2.5597,-5.6194,-9.0617,-5.7496,-6.3834,-9.797,-3.3224,8.4835,-6.3705,7.605,2.4473,-4.0876,2.0985,8.9846,1.0486,-2.7015,8.079,-3.0227,-2.9757,-5.1343,-1.54,4.3249,-8.8318,-8.3516,-8.1185,0.2514,-3.6811,7.6917,-5.8234,9.2028,4.5889,0.2825,1.7013,-6.6842,7.5041,9.6909,3.1972,-1.8422,-2.5662,0.1614,8.7059,-1.2477,2.204,9.6939,-6.3475,-3.0814,-1.655,3.5603,-1.7467,-4.255,-2.7995,8.3256,6.0068,-3.5447,9.9721,-8.182,-4.6781,-8.8628,-3.4967,-9.2425,9.6444,-4.79,-2.4099,-8.9035,-4.4858,2.6683,-8.9368,6.749,9.3282,1.8351,-8.555,-5.0918,-8.8248,8.4212,-8.5349,2.769,4.7685,5.2663,-6.3302,-1.007,3.4368,-2.1422,2.4666,-6.2324,-4.5785,-8.8525,0.417,0.251,-9.3152,-9.8538,-3.8081,1.6897,7.861,-3.0493,-4.9671,2.0603,2.625,-3.8768,-5.575,-1.9728,-7.7344,-0.0265,-9.9829,-3.2413,0.922,5.8495,-4.1839,2.2979,-6.4374,3.8454,0.6208,5.65,-9.0066,-8.7476,3.2682,-4.8483,3.2404,-8.3291,-2.0064,3.2356,4.9285,2.8576,6.8874,-1.4322,7.6988,1.4949,-3.4902,9.2123,-8.9974,-2.5924,5.386,-0.8956,9.8372,-6.7563,9.3496,4.0831,-7.9404,-9.0454,9.394,-4.6698,3.2034,-0.5246,-9.0016,2.6589
-5.0297,-4.122,-7.2193,4.1034,-8.0175,2.7895,-4.7623,-0.2905,2.1343,7.1488,0.396,-2.0889,2.9018,3.5007,7.1164,5.3311,-3.8274,-1.6923,5.1882,7.0098,-6.9744,-9.8383,-6.966,6.1305,6.4833,-7.9496,-5.8164,-0.0341,-3.7602,1.8216,2.6598,3.2324,2.9593,-1.3573,-6.9234,2.3781,-9.5659,-5.8156,-8.4601,4.0021,-9.0185,-0.8058,3.6165,6.5574,-6.6741,-6.3988,7.4273,8.7836,-6.9946,3.8621,9.8381,2.2978,9.1882,8.8705,2.4831,-0.0396,2.976,-6.2702,3.8659,6.6297,-1.6714,-3.833,-5.6686,-5.9599,4.9057,-3.3937,-6.1346,6.3199,6.1176,1.093,3.2691,-4.7558,-8.0991,9.1117,6.3555,1.3403,3.8389,-0.5752,-7.9383,-5.1981,-5.4527,-6.4434,0.948,2.197,1.435,-9.7686,9.9852,3.4193,-2.0112,-6.1766,-1.6702,-0.6519,-7.3533,-2.96,-9.1162,-6.111,-9.5377,-3.9407,-7.423,6.1816,0.6181,4.4388,-1.1247,-5.6811,0.8786,6.9799,-9.2729,5.0476,7.4531,8.4519,-0.3963,-1.1553,9.6455,1.1477,-2.6054,-6.2646,-3.372,6.667,-9.4195,-6.5371,-8.6017,0.9045,0.4299,6.1243,6.3322,9.2863,-5.8374,4.7862,7.0226,-1.3522,-0.3634,0.5888,-8.8692,-1.2268,1.9648,-1.0594,6.337,3.6763,-7.6553,4.1628,-7.1347,-2.7808,0.2224,-4.023,4.7834,0.6212,-6.9037,9.6051,-9.7519,-8.909,3.3214,-7.9547,5.3836,5.5184,9.2872,-2.442,-3.9205,7.4555,-1.5489,-9.7787,-7.4573,-6.2626,0.3389,8.0734,-1.9347,-2.0786,-8.7566,-0.73,-4.9546,4.1939,4.6988,0.1171,-0.5475,0.9302,-1.9272,2.1184,1.7704,-8.8643,-2.8846,2.8806,0.5171,-7.1628,7.5245,9.7363,9.2091,-2.784,-7.7532,-9.9076,9.4141,0.1152,1.9993,8.879,3.015,-0.1401,4.9701,7.0908,-9.451,1.2533,-0.8162,-9.6797
9.2208,-5.9255,-4.6939,-9.7589,8.9384,2.0444,8.9699,0.8798,9.7494,-9.6085,1.4759,6.4042,2.3011,3.918,3.9447,-4.3599,8.0012,9.0878,8.3671,8.082,-8.4212,-0.863,9.246,-4.0937,-9.0902,4.4599,6.5952,-3.8343,-8.9447,-5.3099,-1.8386,-7.3236,-4.5307,-8.7678,1.5177,7.6884,-8.1946,0.6735,-0.2016,-9.7457,0.4186,-9.287,2.9718,3.3801,0.2112,-9.814,-3.5289,1.6873,-7.3626,2.3891,-6.3438,0.0642,-3.7687,-5.7727,-6.8934,5.8055,-0.7446,7.1053,-9.6073,-0.5401,-4.0811,2.3856,-6.9717,6.0418,9.0159,-3.5507,-7.3905,7.395,5.0162,3.3231,-5.6536,6.7412,1.2693,-2.9292,9.8096,-4.2776,4.0645,0.0594,-7.7404,-6.8026,4.6523,-8.8901,-4.667,-0.7256,3.884,4.2007,3.2986,3.469,-5.6745,-8.3802,-4.3305,9.0313,6.9755,3.0301,-4.239,1.7836,-5.0818,6.8851,-2.9607,-3.194,-9.7657,8.5389,-0.6262,5.6384,-7.8439,6.9423,-0.0254,7.1546,-8.2725,-6.1058,-7.6527,-8.6256,3.2844,8.3633,7.3296,8.6732,-2.0566,-3.8851,2.4947,2.672,8.1846,-0.4811,1.7401,3.5133,3.1036,-4.9189,-8.2814,5.6875,-5.6876,-6.6359,7.2555,2.7275,-4.2527,-7.5209,4.5252,-4.4174,-1.6164,-2.0135,-8.5121,-3.5982,7.0913,5.2726,-6.9887,2.0062,1.1063,-0.267,-2.5239,-6.119,8.8886,-2.6009,6.1964,-3.194,3.0504,-0.7449,-4.8716,-7.6236,-1.4068,-5.8503,1.7936,5.8405,5.3245,-5.137,-4.0265,7.8115,-6.0249,-9.6994,7.6394,-1.4042,4.8015,-6.071,-9.6245,-8.8833,-2.8981,1.8395,-1.0576,-7.6508,-3.1803,-8.5922,9.9252,-7.2351,-4.1379,3.1016,-2.8374,-6.3057,6.1709,-3.0152,-7.2923,-3.7722,8.404,5.4655,-2.9688,1.5741,5.5306,-0.3549,5.5376,-7.338,3.959,5.7674,6.4642,-8.2163
7.9154,-9.5202,-1.29,-3.6855,5.4291,-8.0089,3.8217,-4.8975,3.7579,2.2619,-7.2996,-4.6895,-3.4264,2.3144,-1.0288,1.0718,2.5936,-9.1289,6.3132,-5.1602,-0.7485,5.303,-6.6801,-5.6938,5.627,9.2677,-3.7242,5.3046,-3.3344,4.667,-8.9924,-6.7799,-5.3795,-3.7349,-7.2054,3.19,-1.7392,0.6497,-5.1827,-6.0879,-6.1546,7.3471,1.2999,-5.3782,6.3199,-8.5005,-4.3367,8.8811,-6.3808,7.4228,0.2936,8.4957,4.9428,-4.7587,-6.3595,8.3426,4.044,-6.7279,9.9909,-2.436,-0.5091,5.519,5.2904,-1.897,9.763,2.9539,7.5662,-8.6622,-2.4406,-7.0561,7.8727,-9.5689,-1.2607,0.5596,-1.4263,-7.1259,-9.7803,-9.9673,-0.4194,0.28,1.0442,-5.3045,2.8423,5.8465,-9.4323,-1.05,4.1759,2.4954,-1.4668,0.6094,-6.3504,-5.1272,0.9202,-2.2418,-1.2444,-0.787,4.3216,-6.4286,7.3377,-6.4562,1.4655,4.2774,-0.2563,-8.6219,5.9467,6.8612,-7.5435,-1.8207,4.7778,-3.2069,6.928,-7.1996,2.5441,-5.1617,-1.9508,-2.8659,-7.7172,-1.3132,-6.966,-1.2456,-7.0348,8.0507,-8.0397,0.8206,-0.8626,-2.8377,0.7482,8.7526,-8.9405,-3.843,-1.5374,1.99,-1.3777,8.2961,9.5078,6.4813,-8.1104,-4.6338,-7.822,-7.8942,-3.4976,-3.1266,-5.6034,2.6294,-7.2141,-9.8659,4.2263,6.0907,4.7437,1.3521,9.0609,-1.3655,9.1266,9.6201,-8.2966,-2.1478,-1.2026,4.3757,-5.9887,-2.9089,1.9281,-3.0928,-4.8143,2.5661,1.7923,-7.8715,-8.1107,-2.0255,3.1364,-7.1252,-9.9917,-8.6796,6.6143,7.6983,-3.3756,2.9351,3.4651,-2.5572,-9.7634,0.0028,-8.9069,-3.7493,4.6606,-7.7152,-0.9422,-2.5645,-5.5355,7.9974,5.6884,-0.7863,2.7132,2.6956,1.2592,-1.097,-5.583,0.3607,2.5917,-7.4912,-9.4708,5.6821
6.9471,2.3075,-3.2424,3.3517,-4.3202,6.5314,-1.3039,-4.7188,4.0606,9.9121,-6.4481,7.517,-6.2542,-7.2169,9.5065,-6.2477,-0.7733,-3.1362,-5.8663,9.0968,-7.2214,-0.577,-2.5921,-1.8026,9.7141,3.5737,4.6437,7.5285,-7.5262,1.228,6.538,1.8712,-8.5024,4.1033,-6.1277,-1.5244,-7.1418,-5.3013,2.3159,-9.715,-1.5972,-1.7432,-2.144,-0.7797,-3.0659,-1.639,-6.4673,9.6257,4.3,7.8696,-3.7636,-7.0118,1.8181,1.6247,1.5308,-2.4783,5.2799,-6.5847,1.9726,1.3833,-5.6194,-8.4839,-2.1,1.9507,6.687,7.5218,3.2242,8.4764,5.6637,-7.4405,-9.1338,5.7341,-5.1759,5.7325,7.6193,6.0757,-7.8527,2.611,1.2552,4.1154,-2.2261,4.0227,-0.4957,-6.8649,7.5195,-7.2054,-2.7051,4.662,9.2989,3.7095,-8.2332,-5.9238,-7.7684,-4.0149,5.9379,-9.2903,-3.9937,-7.0691,1.1505,-8.392,0.2608,-9.3077,2.576,-1.9645,-0.8024,0.3575,-3.4675,-6.8402,8.3685,-5.5155,6.5582,-1.2957,-8.8657,9.4024,-8.084,-9.5808,5.9829,-3.3669,9.9063,-3.6147,-4.3569,-3.4937,3.6012,-2.683,1.8624,5.3925,4.6199,-0.7802,8.022,-8.9075,0.5705,-4.6759,9.2608,-9.7082,4.3317,7.6467,7.7893,-9.0615,-9.2512,9.4374,-2.8955,5.0818,7.1409,-3.2127,2.9431,9.5042,-4.7641,-5.968,6.7571,7.2283,5.9655,0.4658,-4.1798,1.1943,-8.9666,-9.554,-6.1712,-5.6406,-0.6745,8.3875,4.8643,6.8457,-2.4585,6.3311,-8.8662,-8.7791,2.4763,-0.5712,-9.5033,-9.2406,4.1787,-2.6989,-6.0082,0.1387,9.3846,9.5597,5.5124,7.1347,5.6517,8.6468,-2.4543,8.4098,5.1791,4.3183,2.8809,1.5795,-0.2182,-6.495,-3.0586,1.4378,-5.9539,7.3965,-0.4183,7.1666,9.6885,-5.9337,3.679,8.0284,-3.3078,-6.39
-4.725,6.0509,-5.3619,-0.0043,-8.0696,3.4383,-6.8851,-2.987,3.9384,2.7537,-6.771,-4.2505,-2.3744,-8.4706,0.0729,7.3143,-7.014,-9.2391,-2.1186,-2.4524,-4.4935,5.6901,5.793,6.679,-1.3392,8.9473,-6.2696,-3.9986,-0.99,4.2412,-4.1406,5.8041,-3.7949,0.5457,-2.1216,-1.8964,0.1172,-1.2595,-9.8185,8.4202,-0.0604,3.0802,5.665,9.1,-6.2384,-6.0669,-8.0265,5.7738,9.5923,-5.4703,-1.4912,0.4529,-0.8121,-1.5223,-8.6133,0.2136,0.3729,-0.9843,7.4855,-0.0407,-2.204,-6.5857,-4.958,8.6559,8.4995,-6.0624,9.0795,7.3281,4.0807,-2.9205,9.2299,2.2911,-7.3088,-0.959,-8.0509,7.8936,3.6315,-2.0906,-5.8251,4.237,-2.6309,3.9218,9.0483,0.8517,-9.5699,0.4251,9.2545,-6.983,4.0239,-0.9344,7.5812,-6.4157,6.8164,-8.3857,-3.5627,-7.9014,4.4586,3.2646,-6.5601,-5.8887,5.6778,1.9888,-1.8389,3.8846,3.7795,7.3773,-4.7575,-0.5067,-7.428,-2.901,-6.1216,-3.0611,3.5039,6.3295,-0.1494,-5.1661,9.4553,4.5147,-2.2414,6.2022,-1.5435,-2.8992,-4.4989,-0.046,5.4473,3.8068,3.148,-8.065,-8.6225,0.2578,-7.4647,2.5362,-8.5637,-5.6935,-9.498,4.6979,-1.2706,9.3244,-5.1954,-4.6249,1.8172,-7.8195,-7.2527,5.3472,-2.9838,3.2856,-0.2368,2.7726,-5.8261,-7.8349,8.9418,-4.3471,-1.3531,3.9338,4.0881,3.9199,-7.5438,3.0953,-4.5953,-6.5188,4.9872,4.1197,-6.0139,-2.0224,-8.8944,-4.0038,0.1821,-2.4423,-3.0729,-3.9829,5.4072,6.8245,-9.0609,9.5071,6.1946,9.5677,-6.2508,-4.9386,-5.4449,2.153,-8.3456,8.3002,8.3737,-2.3883,-9.4267,-4.6102,-1.8525,7.9727,1.1188,7.8274,-0.6565,4.1941,3.563,2.4659,0.0716,-5.9869,-4.4037,-4.4678,3.9011,-3.5451
-5.1695,-3.4115,-8.2915,-3.1427,-1.6475,-5.1007,-8.9891,2.9196,-8.7651,-0.0171,-2.8139,0.3808,1.3769,-4.9995,-0.5484,9.6935,8.7439,4.6169,-2.3694,8.8296,-3.2886,7.8002,5.7608,-9.0696,0.3466,7.2697,1.9027,6.4379,1.449,-6.7237,5.6515,2.0325,1.2692,-8.7539,5.5831,-6.7112,9.1475,-7.3667,5.5964,-9.9293,8.1449,-4.6451,6.588,-0.6187,-9.4427,-1.945,7.5983,5.6205,4.3516,3.3535,-0.8427,-7.5435,9.1483,-7.8074,7.2404,-9.8725,3.0568,0.1798,-8.7182,4.8206,-9.7489,8.8229,6.4567,-2.1315,7.6516,1.6359,-6.5333,0.1686,-5.7874,5.5625,-2.5031,1.7938,2.6249,7.2862,1.1006,7.4406,-5.0436,-5.5103,-2.041,8.6025,-8.1613,-8.4009,-3.7699,9.982,3.0595,2.4306,1.7467,-5.5815,-6.6195,8.1032,0.517,-2.4604,-7.0935,2.6803,3.5962,0.1104,9.2138,-6.2753,7.1391,-5.9106,3.7012,-9.8157,2.7938,-5.1957,2.6594,9.4493,1.2958,1.9585,8.6908,8.5906,-1.7374,5.959,2.3874,-5.9635,2.4305,0.0926,-3.0854,0.6671,-9.947,-7.3033,-1.4821,1.545,-0.4285,-2.3118,-3.4081,-9.0361,-1.3646,8.0352,9.5497,-7.8152,3.5829,-6.2332,9.6319,-0.685,0.3549,5.8716,7.9176,2.4724,2.6662,-1.1965,-2.3852,7.8506,-8.5945,-2.8518,8.9207,5.2551,7.9548,-3.1642,-5.0564,7.2151,5.4331,-5.5636,0.801,-7.3892,-4.0384,-6.3244,2.1125,-0.6181,-8.149,3.7067,6.0455,-0.9652,-7.3579,6.7592,-5.4181,2.7799,4.5706,-2.8958,1.1929,2.3461,-7.673,-1.19,-7.2589,-8.5294,-3.5042,-4.1769,7.3191,4.6702,-1.4621,-6.2087,-4.9789,-3.0196,-1.0897,3.2302,7.6523,3.5034,5.3828,-9.4778,8.3015,-6.4665,6.3701,-4.9888,4.6361,-9.0697,6.5491,-0.3299,-5.5202,-8.1271,-4.1902,7.0584
4.5595,-7.7418,4.5985,-7.0409,2.3606,1.7872,2.8078,8.7348,-0.7421,-5.5401,3.3628,-4.0606,5.088,5.9531,6.1252,7.9132,-3.9271,3.2195,1.8399,5.635,-0.4869,-7.9799,4.2826,3.1414,-9.9885,9.1923,-9.5069,-2.836,9.9844,-4.3574,8.1926,7.7084,9.553,-3.9341,0.1107,2.7567,1.2539,5.34,7.0862,5.9937,9.1119,-0.3575,9.7285,5.3154,-2.6658,-0.9825,-7.5767,2.9054,6.4501,3.8342,7.5209,-1.2276,-1.9926,-3.2705,5.7214,-5.5188,-4.4818,3.5645,1.528,8.8575,-8.4416,-3.0323,-5.2967,-5.0015,-9.1735,-2.4827,-8.5565,-6.1842,-7.5967,-7.5991,0.9315,-3.2752,-5.499,-9.328,4.8892,-3.2652,-4.8455,-2.0706,-0.4864,-7.4447,7.6832,-7.3837,9.1118,-3.1852,-0.9737,-5.8524,5.8392,1.0203,3.5753,5.9514,-7.1647,5.9293,5.2085,-1.6607,-3.7268,-4.1862,7.2275,-4.1186,1.926,-7.7047,0.1396,-9.7446,7.3933,2.0703,0.4281,0.9167,-9.9046,5.4644,-4.7738,-4.1241,8.32,5.3506,-5.804,-5.5238,-8.8804,-1.2554,0.6839,6.7826,-5.9563,-7.7105,3.5772,-9.9352,-8.0202,-4.5016,0.5444,-3.0788,-2.0167,-0.4205,4.8273,-1.4111,5.2524,5.5267,-7.2279,-6.2247,9.4471,-8.3878,-3.0724,-0.2788,-1.8972,3.4596,0.2743,4.923,-4.4514,6.4613,-5.416,-7.2773,3.1311,6.0399,-6.5946,0.3723,-7.5184,-7.6058,7.8929,0.9009,-3.3706,4.6206,5.5289,-6.8331,-9.3196,4.0236,4.1867,2.5244,-8.4259,0.0659,8.8249,1.329,4.145,-3.7165,5.3435,-4.4344,3.3334,6.1295,-1.6733,-3.9145,-8.6474,4.6505,-5.663,4.7538,-2.0933,-2.3126,-9.6797,6.7136,-6.6802,5.9815,1.7696,1.9404,-7.7092,9.3989,0.7871,5.4676,0.8817,-6.802,6.0475,4.0368,-7.4455,-0.2759,5.097,-4.636,2.7687,6.4236
8.8744,7.7052,9.8428,4.2907,7.9812,1.3469,3.9619,-4.2561,6.3771,2.2464,4.4084,5.805,-1.8556,-7.0359,-3.1063,4.2988,1.4556,6.6853,-5.3958,9.7212,-5.2261,6.2956,-2.1924,5.4911,9.2836,-9.7114,3.0656,1.7712,5.3551,4.5549,-7.2038,-2.0257,0.3774,4.7235,-5.7952,3.7018,-9.1836,-7.3864,-0.6114,-9.5446,2.5535,-6.9099,0.9789,-1.1297,8.9679,9.1923,-1.5027,-4.0369,-3.2653,-6.8832,-6.8374,5.0954,-4.6616,-7.0947,-3.1341,-4.089,-6.1387,7.6849,7.7025,3.8264,1.4189,-2.0979,9.0204,-2.5739,-3.6709,-5.6911,-4.1787,-0.3281,5.2158,1.9279,9.6172,-2.8639,-1.4812,5.3637,-8.5977,9.6796,9.0367,-0.8081,0.2187,5.9502,3.5977,-5.6075,9.3741,3.2832,-0.9446,-6.2092,2.8702,3.6392,-4.1998,-6.689,7.4082,7.584,1.8716,-4.3489,-3.8725,3.3668,-5.1152,1.9145,-0.5412,3.9715,-0.5425,-4.4648,5.985,8.4497,-7.4087,0.4892,7.7343,6.0789,0.2624,-6.038,-3.3939,1.8977,-9.5467,-3.055,1.2825,-9.0,-9.4769,8.877,-4.8243,5.0178,4.6489,0.6961,-1.1378,-9.2185,0.4569,3.0875,7.4605,2.0803,0.7705,4.2535,2.6575,8.0605,2.6991,-5.7198,-0.0073,-1.9733,7.2637,2.1013,5.7108,-7.6308,-4.5796,-9.5043,7.4749,-3.0207,-1.4835,5.6302,8.9272,-4.1266,-6.189,8.1233,8.473,-8.3314,-5.1213,4.4662,-8.0545,4.2648,-4.6983,1.6786,3.2217,8.1619,-3.3661,5.5668,6.7816,-0.3607,0.8328,8.8598,5.2882,-4.9674,5.2064,-3.3695,-9.6927,-1.5371,7.2669,8.5187,-2.1583,-1.7339,-1.7926,-0.4706,-5.81,-7.6185,6.7307,0.2711,2.9412,5.4086,-0.2675,-4.6806,4.5742,-4.4459,7.5633,2.0684,-3.5242,7.6515,-8.6224,6.7414,2.0178,-2.0464,5.2931,6.1436,-5.0582,7.9391
-0.3095,-9.4883,1.9572,9.3901,-6.6959,-7.8259,-7.2598,0.8149,-1.1325,4.699,-7.4432,-5.6626,6.289,9.2543,8.8897,-2.4745,-6.1275,8.923,9.3838,3.3053,-3.2482,-4.2891,5.4715,6.6023,0.394,1.0095,2.9367,-4.9488,-4.7307,-3.6281,4.9548,-5.6404,2.2351,7.5679,8.3921,4.5603,1.2443,-0.1486,-4.4586,4.5049,-1.6804,-2.6062,7.3547,7.3924,1.829,-2.1429,-9.4749,-1.0148,-6.4044,9.3307,8.8604,-7.0033,4.6341,8.8766,5.9925,-9.8001,-7.4915,9.4711,2.6782,-5.1609,0.2913,-4.2631,5.6477,2.9542,-7.1003,0.4846,-6.0826,-9.6735,3.3414,-0.5478,-6.5358,-8.2842,0.6108,3.6008,-5.956,-6.5067,-1.7881,6.3485,6.7254,3.6804,3.7162,3.29,-1.791,5.7579,-1.8308,-0.8706,2.2246,-8.9405,-5.924,2.8645,4.3751,-1.3758,-3.5715,-6.8896,-2.988,5.3978,-7.8897,6.4366,-0.5007,6.6709,-3.3707,4.3369,5.4904,-2.3627,-8.6792,3.8032,1.7486,8.3102,7.4376,-8.5879,5.8257,-6.0572,2.2479,-8.0236,-2.308,5.8034,-2.6099,8.2156,5.4283,-5.5973,1.1734,-3.6342,6.7769,-6.3813,-5.4459,8.0848,2.6016,-3.7994,1.3987,-3.1817,-3.1267,-8.9799,2.9189,2.6981,9.8541,-5.668,8.9374,-6.3784,-9.9942,-4.8408,-5.5438,-7.3697,2.3906,5.6305,-0.374,-1.3896,2.6098,4.118,-3.1959,-4.7776,6.1781,0.1198,-7.4077,8.1648,7.3195,-7.8982,-3.8968,8.3156,-4.2388,-8.7353,-3.2085,6.8099,-0.0783,-0.2599,9.145,2.0101,4.0855,8.963,-2.0527,3.5894,4.1841,8.163,1.6437,-6.013,8.3756,4.8785,6.3486,5.0114,3.4348,3.7742,-4.8395,-1.8551,9.4213,-0.0343,-2.0564,6.9071,-5.0627,-1.6369,1.5877,7.1391,4.4738,-9.7173,-5.2555,6.0459,1.6978,2.0923,-4.1391,-8.0604,-2.9345,-7.8597
1.4579,5.6628,8.7356,0.4765,-1.3398,7.7513,-1.9382,-9.0582,0.3341,-9.6059,1.0068,-3.5262,-2.1645,7.259,-9.6991,5.0175,-3.4336,7.282,-9.6158,-0.3999,5.9648,-0.4496,1.3984,1.8742,1.6691,2.6113,-1.85,9.0581,7.4694,-4.8529,9.5748,2.9602,4.2628,4.8506,0.3585,-4.3379,-0.91,-4.2238,-5.4957,9.2771,-5.1414,-8.9381,5.6667,-8.1186,6.8866,3.9508,9.0669,-5.3456,-6.757,-6.4648,-8.0593,9.8958,-7.6919,0.8386,3.8436,5.6342,-8.3059,-4.2468,-4.0677,0.6097,-9.1205,5.2926,-3.1323,-1.8804,-7.1095,8.0651,1.9457,3.1719,-2.6407,9.0285,1.4712,6.5638,-9.9799,-7.2236,0.1746,4.4611,7.9245,-3.2287,7.9793,-4.0573,8.0279,-3.747,-0.5551,-6.325,2.1862,-9.1068,-6.1534,-7.0819,-7.3212,4.215,5.6721,3.9934,7.0129,-0.8078,-6.2627,7.5623,-9.3272,-4.224,6.8438,-2.3848,-9.3794,7.9658,3.2952,-3.9902,5.4784,-9.6576,8.5229,5.2507,0.9779,-6.9892,1.5252,-3.5686,-6.0971,-6.6976,-7.9744,1.0058,4.407,8.4508,-5.1654,2.2355,5.7459,4.3992,-6.1043,2.5452,4.239,-9.8611,-8.4819,4.4926,8.8604,8.9868,-5.8859,-9.3478,4.3291,-2.6049,6.4455,-8.9255,3.1188,-7.2917,0.4209,-2.977,9.5253,3.9012,7.8994,1.7761,9.6396,7.8306,-6.1127,-8.0156,-7.25,-3.2306,1.4629,1.6823,2.4579,9.4916,-3.4179,4.6623,2.3972,-7.8562,-8.491,2.7315,6.936,8.79,-8.3076,-5.3557,9.3718,9.2752,4.9896,-1.3492,0.3806,8.6743,-7.9227,9.2823,6.9707,0.258,8.48,1.5072,3.103,1.0643,-1.6563,-7.7651,8.0961,6.7584,-9.1801,-0.3297,-5.4356,3.8703,3.4974,4.0031,8.748,-1.9057,-2.2565,-1.4454,-4.2037,-3.5649,6.6268,8.3196,9.5373,-4.4102,7.9682,1.2569
7.2404,4.5704,-7.6829,-5.4819,0.5709,0.2225,-2.2034,-4.8519,-8.1285,8.298,0.5686,-3.6198,-2.9053,9.0739,3.6496,-9.1761,-0.866,-2.7843,5.8464,-0.0234,0.1719,3.7453,3.9633,-5.021,0.6979,-6.875,-7.9633,5.7661,8.7094,-8.7667,8.4506,-1.4591,-7.9455,-9.7222,-3.1218,-8.5681,2.1616,1.1532,6.505,-1.8394,2.7013,0.6891,-4.2387,-2.3171,2.7761,-9.973,0.2104,6.9825,4.3656,1.4918,-4.049,-5.6459,-0.5745,-5.0846,2.5711,9.7753,-6.7371,7.175,2.2774,-6.2757,-1.4239,6.1212,-1.7523,4.491,-1.4373,-0.8213,-6.6996,-4.214,1.5088,2.6896,3.1526,8.7149,-3.0089,-2.5171,1.282,-8.4123,-2.7412,-0.876,5.8215,9.5308,8.027,3.1443,5.3125,-6.971,2.1773,-1.7807,-7.6604,-5.6265,9.492,5.9334,-0.3664,-2.7218,-8.4697,-2.4073,-1.5849,-6.4903,-4.9932,9.8373,-5.2503,-5.4454,-9.3036,4.1695,-7.7081,-9.5541,2.397,1.8038,3.3339,-8.1652,2.2206,7.4887,-9.6252,-3.9274,-8.0613,4.9459,8.9691,-6.8827,0.5077,-0.7487,8.2701,-8.7619,-2.6673,5.4273,2.2273,-5.6971,-0.2425,-7.703,1.8081,1.7789,7.3767,-9.1226,-9.8635,0.8217,9.7289,-6.0055,0.4382,-2.8487,8.1982,5.8579,1.776,-7.443,7.0755,5.1721,5.0687,8.87,9.8926,1.0901,6.0741,7.5093,3.3357,4.7583,0.0372,3.6718,-8.4866,6.3818,0.1593,4.0604,-2.3973,0.7272,-4.8275,2.6288,1.0288,-2.1079,-7.7314,3.3645,-0.2752,-2.8129,6.225,5.3738,-2.9736,-9.3071,6.0482,-8.4666,-5.4521,-0.0675,1.376,1.3502,-0.9086,-6.3139,-9.0712,-6.8368,1.6917,8.9835,2.7972,3.4206,1.9996,9.428,-7.846,9.2565,-8.389,7.9045,-8.4071,3.5382,2.4513,-9.412,2.0801,-3.2032,-6.9016,6.275,-4.4607,-5.1422
8.3728,8.8426,8.5016,-0.0975,-4.2317,5.5802,-5.946,9.176,-1.4943,4.5244,8.1964,-5.6315,1.5283,-1.1937,-1.1477,0.5517,5.5253,-4.8583,-9.8091,-1.4084,-2.6319,6.3328,-2.0361,5.9282,-8.8615,7.2974,-9.4696,-2.9604,4.9267,-0.3071,6.2463,4.3536,-0.6813,-3.2349,-2.4063,5.8693,-6.9747,4.5934,5.4466,-6.1883,8.0834,7.7997,3.183,-6.8601,7.7668,1.8844,6.7412,-8.321,4.2876,5.4214,4.8717,0.8318,-8.2337,-5.537,6.9605,3.2579,2.1438,-3.6108,1.6852,0.5736,-2.3974,9.1181,-4.8392,-0.9048,7.1099,-1.8476,4.1348,-4.5943,1.7275,9.9488,-2.1661,0.8929,-0.5903,5.5766,-1.4454,3.2618,5.8265,8.3632,-0.2592,-6.2542,4.1329,-7.6854,-0.6044,6.1265,-6.2546,0.4251,4.4587,-2.5107,2.6493,-8.7121,-5.024,9.8059,-8.2765,4.2177,-6.1275,8.2833,7.5665,1.4029,-8.5014,6.8342,-5.0583,-2.8338,9.8496,-5.4047,-6.2147,-1.0248,-4.9505,-2.4999,5.3471,5.903,-5.1312,-6.1331,6.413,1.6472,-4.2678,9.102,5.7944,3.9549,1.288,7.4532,-4.8808,4.0886,4.477,3.941,-7.592,-4.9123,-7.2522,-3.4582,-3.3978,-8.3361,4.0729,5.0077,-5.8205,-6.7342,-5.7489,-4.7783,2.8744,7.5255,8.1315,9.4984,6.8463,6.4208,4.0493,9.1387,7.6505,5.5495,-9.3551,-0.9011,9.0652,3.6088,-2.4433,-2.8191,2.7536,-7.1481,0.3226,8.1201,8.6962,-7.5244,-1.9138,-8.387,-7.2377,-8.2466,3.6049,-1.832,1.9377,8.6734,4.7295,-5.0182,-0.03,-2.6909,-3.8271,-1.6859,-8.3593,7.5489,-1.7729,-0.8712,-5.2377,3.1049,-3.5013,-5.2612,-2.8621,-8.9179,4.5117,-5.912,-5.6235,6.5729,-7.1211,-4.7324,-6.5747,-1.2813,-2.2404,-0.2698,-9.274,-6.7194,8.6646,8.1407,3.52,6.8816,3.4293,-1.779
-6.3572,-2.2842,9.197,-0.9095,-2.1158,5.5024,6.1045,-7.9848,5.5247,-7.5769,1.3808,9.6643,2.0225,6.2566,5.4167,4.1507,-9.6931,8.4253,-0.2025,-3.3328,-5.4907,-8.6056,0.9082,6.4765,-4.8442,-0.7054,2.965,9.9957,2.9838,0.9586,-6.7563,8.2496,8.7721,0.8677,4.3647,-8.1867,6.0195,1.3533,-0.1485,7.4761,5.2111,-1.5137,6.5603,4.9332,-7.1738,6.6105,-9.677,-4.3623,0.2823,-7.9431,8.3968,-8.8709,-8.8264,7.4225,-6.5782,-4.4233,7.7537,2.321,-9.5741,-0.8901,-0.8226,-0.2092,-9.0165,2.2131,-9.2743,7.1416,-7.2128,2.0054,-1.4876,-8.7418,4.353,5.8315,-1.4446,-9.3831,2.48,-2.5015,9.0741,9.571,8.7789,6.863,7.7213,6.5279,-5.6299,9.8295,-4.4593,7.2311,-8.3352,8.3582,2.9906,-9.8534,-7.7314,0.6466,-8.2436,-3.4268,5.9479,0.6045,2.7328,7.2619,9.5008,-2.9368,-8.8409,2.7127,5.39,-9.2572,-6.7768,-4.0741,-7.9855,-0.0827,0.1951,-4.7342,-3.7067,-8.045,6.4956,-4.0965,-4.7761,5.2451,-4.1134,-1.2572,-8.271,-2.0959,-8.8172,-9.8766,8.5039,1.8607,-0.4401,6.7237,9.3359,6.9924,7.2523,7.1612,-5.6625,-6.7865,8.0324,2.7258,1.0822,-3.0185,-3.0201,3.889,-2.1018,-1.189,8.7639,-9.8836,-2.1264,4.5332,-4.4094,1.1502,-3.0391,-4.5122,3.7668,-7.0325,5.7211,-0.6972,4.8131,-3.721,-8.3724,-5.4057,3.0606,-7.559,4.9436,-2.4315,5.7991,-7.9982,-7.0052,-9.3061,-7.1535,-3.2073,-8.1791,-0.7453,-1.2982,-7.1453,7.7619,-9.6213,-3.2588,-8.4114,9.3623,-7.5531,2.9096,-6.0072,9.1035,-1.1859,4.3483,1.3288,-1.7366,-7.4753,3.9603,1.1792,9.012,7.2623,2.9025,0.4714,-7.6409,-8.8057,-2.5005,0.8998,9.6167,-8.3785,-4.907,7.3114,8.9044,-7.5389
-0.9925,7.3306,-7.5846,-6.6944,9.9157,3.8907,2.4592,-0.612,9.6226,0.2164,-9.2676,2.0507,0.8057,3.4326,-1.1925,-4.9791,9.9663,1.1137,9.8785,1.9199,9.2397,-2.3399,-5.7393,-9.5748,-6.6263,4.633,5.8802,-4.2548,4.8631,-2.7344,9.2833,2.8637,-4.8935,-3.3837,3.5881,-6.2035,-9.9196,9.8186,-8.2905,2.901,4.4182,5.086,0.4883,-6.1694,1.5191,2.2846,6.592,3.0404,4.6953,5.8231,-5.6398,-1.3204,5.958,-0.7686,1.1924,-7.0067,-7.5183,8.7411,-2.1557,5.3434,9.6191,6.1348,-8.7533,3.3358,-4.4052,-3.8195,-1.7456,7.2934,-7.4793,2.3291,-6.7642,2.4836,6.1173,9.6256,6.9914,9.8312,0.0378,-9.7607,-7.8511,0.7873,-4.8768,-9.3955,8.8455,4.1701,-3.443,5.3655,-8.8417,7.4493,-5.6759,-8.8823,6.1223,7.6132,-5.7492,5.7448,7.1676,2.6604,-8.9701,-7.2174,-3.9895,3.091,-5.6456,3.1994,3.4474,-2.0128,8.6503,4.3142,-4.5876,8.9739,6.783,2.261,-5.292,-3.5492,5.2329,-9.505,-7.0404,-9.0474,8.2139,-5.8861,8.201,4.7369,9.4169,-5.1219,-7.8838,5.8721,-5.7458,-1.4399,-6.8533,1.9801,8.4967,-5.2165,-0.5923,3.5371,5.8292,-0.0773,-5.1864,0.4843,9.8479,6.8727,5.2194,-6.1785,-9.5457,-3.678,-0.859,-7.4789,2.9646,2.3323,8.2462,-3.9964,-9.8951,-8.0989,9.5942,-7.0759,-8.6951,7.6922,-7.2003,9.2086,-4.1938,3.463,0.037,7.1364,-6.5866,4.8024,9.4632,7.7283,7.0399,-0.2108,-8.0717,-5.1932,-5.2503,-7.4308,-3.4432,-0.39,5.387,-4.1798,5.4922,-7.886,-5.8892,-8.3364,-3.6604,0.388,-5.3401,3.0354,-6.4109,1.5656,-5.0062,-1.9373,5.7935,1.6292,6.1118,-4.8183,2.6036,4.3659,6.531,-2.2333,-0.0088,1.3394,0.7363,-9.1267,2.0718,6.3061
1.1502,-2.3276,0.2631,-6.7549,-6.9627,1.0481,5.0825,-3.1722,-7.0138,-2.1333,4.2976,-0.0279,-6.3535,7.507,-0.1562,2.2516,-5.1765,4.7225,8.8657,0.0779,-2.2378,8.4732,3.743,-7.388,1.5228,-3.6211,8.4138,-6.8007,-1.7316,8.3294,5.5573,5.2276,8.027,-1.6888,-5.4422,-3.3244,-5.4845,-0.4153,8.2306,6.4545,-1.0051,9.3242,3.0343,-9.7807,9.0897,1.6791,7.8126,1.8464,-6.264,2.9903,2.8857,4.567,-0.0696,-8.165,-8.1794,-8.5268,-4.9785,3.4068,9.3567,-7.2264,-8.3885,9.6615,-7.5796,5.7263,2.5893,-7.876,-2.3543,0.7394,-5.9591,-3.1882,7.4585,-8.9004,1.4961,-3.6252,5.2868,7.6213,-8.5904,-2.8743,-5.4361,4.4872,9.6949,-9.4573,-9.0514,6.8834,-3.143,-2.1873,-7.9687,1.0803,7.8723,3.4084,-5.5875,6.5216,-1.3261,-1.7799,0.2257,-2.3576,-3.3799,3.0202,8.9658,-2.3381,-3.904,-1.8874,8.886,-0.2184,0.0678,-6.3328,3.9305,3.7629,1.8644,-4.1826,-2.5014,9.8769,2.6691,4.3163,-5.8708,-4.9951,0.718,9.4347,-6.8562,-9.2054,-6.3567,2.2922,-4.7064,-3.3368,-9.1883,4.8125,-4.41,-8.8871,-6.5006,2.5347,6.8575,5.7096,6.196,-8.3441,-4.0766,5.4641,9.0062,1.2148,-4.6268,-0.3408,2.2915,0.2685,-2.2141,1.0789,-4.5042,-9.8866,-3.4923,3.5551,-9.4325,8.527,-5.8218,9.5637,-6.5348,-0.088,7.3321,-7.8455,-7.5681,-7.4898,2.6228,6.5503,3.2686,-5.3295,0.5986,-3.206,-3.1686,2.259,-8.224,-9.7819,-2.4568,-2.3333,7.7594,-4.5383,-8.9409,1.0923,-6.4864,9.7222,-1.628,-2.3184,3.8655,-8.1188,-2.5478,8.852,9.3515,-6.9145,-7.2553,0.3245,-8.5161,8.3862,0.89,1.2997,5.0965,6.7147,5.9596,2.4847,-1.6641,-0.2904,-8.0066,-4.267,-2.2132,2.1074
6.5028,-3.9748,-0.3362,-2.9942,0.1675,-8.1748,-3.7505,-7.244,0.1052,-4.7282,4.7451,-2.9021,5.9666,1.9498,1.121,-6.8277,-5.7998,4.7848,5.4074,-4.093,1.6645,-2.0089,-6.581,-0.1707,-2.1358,8.8104,4.5658,7.9665,-1.268,2.9154,-1.4345,-5.4702,-4.1553,9.5003,5.4463,-0.0474,-5.0478,1.1789,-9.615,-6.5714,5.5979,1.1101,-0.4107,-8.676,-8.2495,1.7926,7.6324,1.9049,0.7657,8.7179,-3.0441,0.8254,-4.5388,-2.7217,2.1396,-2.0153,4.4138,-5.602,6.2618,-5.4194,-4.0116,-9.1761,8.8533,-8.1857,-7.0877,-9.8719,-3.8524,-3.1136,8.4391,5.4576,5.5281,5.8899,4.2173,-2.4949,1.8811,3.3078,6.6933,9.1801,-5.6083,1.6081,-2.0128,3.5443,9.4013,0.3773,-6.6559,-0.3073,-7.8456,-6.187,7.4617,-2.8687,1.7545,1.7142,-1.9046,-7.7075,7.4684,1.0135,-0.6745,1.7615,6.0612,8.1676,8.532,-3.0345,0.5762,-6.6858,-5.063,-8.4645,-4.0169,3.2375,3.2634,5.8719,9.1855,8.7425,1.2813,0.5235,-8.2112,9.9386,0.3278,4.3482,-1.7871,-7.1958,6.2921,-7.967,5.4976,0.436,-0.6202,6.0933,-2.161,-0.7713,-2.3069,0.7947,3.5098,1.9078,2.2819,1.7014,9.0954,-3.5757,-8.7928,-2.3397,7.6721,-2.5529,4.8228,1.8639,-3.494,-0.5584,6.1548,-4.2357,1.9473,-6.1981,-5.6889,-6.3922,7.9396,9.6716,-3.909,5.7065,5.5423,0.0205,-3.9376,3.7613,1.5627,-1.2863,4.1717,-2.9373,7.5317,-6.4731,8.5488,6.3638,-4.7238,-6.8586,-2.6399,0.1606,-4.4764,2.1739,-2.6195,-4.0279,-9.5185,8.8278,-4.6009,-2.5873,4.6856,4.0774,8.2496,-3.3219,-6.2448,-6.4446,-7.1447,8.4757,7.8566,-9.3629,-4.1373,5.2549,-4.511,7.774,7.9112,4.6045,-0.05,5.3425,5.4634,-2.9106,-7.5416,7.4765
1.185,-4.8157,6.0786,9.8617,-8.146,-9.0564,5.851,-2.3016,-3.4535,1.7119,-9.9442,-1.7554,-7.5527,9.0893,0.335,8.2245,-2.4186,-9.878,6.2677,5.6553,0.2312,-8.0726,1.8646,1.7594,8.0159,4.6969,6.5601,0.3337,2.888,-7.5429,3.928,3.0272,-9.1849,9.98,-7.7253,-1.4523,9.9762,-3.9836,6.0513,3.5974,-2.7769,-2.452,-4.664,-1.9556,-8.4183,5.9245,-2.487,1.501,-9.8077,-9.012,9.2801,3.4513,-0.9354,-6.9382,7.7281,5.1335,-5.1651,4.7943,-0.8819,7.8402,0.4974,-6.2014,-5.6301,1.2541,-7.487,5.0601,3.0305,-3.7817,-4.3597,3.0507,1.0546,5.657,-8.1207,8.7279,-7.631,-4.0797,-4.9538,8.704,-0.4574,0.2661,2.2838,9.3015,3.3443,6.9252,-3.3207,6.5371,9.3827,-4.4279,-5.543,5.3625,6.3947,-6.9774,4.3899,-6.1233,6.9941,1.1632,4.882,-6.9525,8.6698,1.9553,-5.9202,-8.4154,-4.5666,5.1976,9.2015,-8.4474,5.5011,6.6574,-2.3508,1.7017,3.5866,-3.002,-7.0762,1.249,-3.0466,3.3748,2.8994,6.4915,-6.4596,2.6151,6.5807,0.1665,3.4197,1.9613,5.299,0.5922,-4.9292,0.9693,-0.5695,-0.8963,8.4951,-7.6085,8.3581,0.165,-5.9373,-2.8308,2.5375,2.4498,-3.6935,0.6054,-5.0911,7.5539,1.5103,4.5465,4.7014,7.094,-8.9372,-9.4562,8.6881,-8.6521,8.3403,-9.4604,-2.3074,-3.5042,-8.0463,-3.3118,3.9669,-8.5528,2.4811,-6.5098,-1.7333,-1.8291,0.023,6.8682,-8.8404,-7.1458,1.4525,-8.4521,2.5371,0.5458,-7.0579,-0.6118,7.9351,-0.2849,-3.9449,8.2679,-5.1584,4.4449,-8.4953,0.15,-2.7378,8.3508,5.5568,-5.6144,8.035,-6.8214,2.1739,0.3172,-8.6895,2.1945,3.4428,9.5369,-9.1354,-6.6347,-6.4907,2.6874,-0.5588,9.6206,-7.0765,1.7247
4.2193,6.3323,0.8832,8.4835,-2.6284,-5.1819,-1.2789,9.4369,-6.0736,-2.2494,7.2366,1.3116,-3.6813,-7.342,-1.5282,1.3363,-4.9559,7.0723,-5.7689,-3.574,2.0462,6.3117,-3.3065,2.8035,1.0466,3.9582,-1.591,-7.0486,4.3418,4.2454,3.3101,-2.2639,-2.1292,-6.6827,-7.9384,-4.7282,-9.446,-1.2627,-3.5454,4.3221,6.2519,0.7817,-3.3517,9.8662,7.2953,9.8434,-5.317,6.3825,9.4159,-4.3832,-0.0843,0.3235,5.801,8.6328,-7.7176,8.8297,9.8764,-2.8094,9.2924,-4.5852,-6.9367,-3.1962,-2.9363,-1.833,4.439,2.393,-0.9484,-8.8429,9.8285,0.0564,2.2463,0.1699,-6.5992,-6.3855,6.6716,-6.9596,0.5526,-3.7929,3.2262,-2.235,7.5532,-8.1367,-1.0152,-0.627,3.9736,-2.1512,9.2548,-6.4878,-5.0263,3.0854,-5.5376,4.5904,-6.4749,5.2251,-9.5664,5.954,4.3495,-2.1283,4.5299,-9.857,-2.0883,3.4184,-5.2755,9.4817,5.8153,8.0239,2.7094,-9.2302,5.7663,8.8063,2.9357,-6.663,-6.9736,-6.618,3.8452,-0.7669,-6.4158,-1.9476,-5.2087,9.2095,6.5455,-8.9201,2.6313,9.0655,8.6632,4.5435,8.749,-0.7371,5.3406,5.5541,-9.9039,3.3378,-2.8276,1.8562,4.2683,1.7553,-7.7532,-8.7061,8.2676,-3.3469,-6.9065,-2.4183,-8.0388,-7.533,-7.0249,-7.0703,8.3641,0.7665,-1.4329,8.5787,-4.7803,6.5564,-2.7956,-5.9522,-4.3878,6.2294,-2.7099,2.7189,-8.2013,9.2076,6.0672,-4.9567,-0.5774,8.5564,1.479,-3.5055,2.6754,-1.3868,-4.322,5.9296,0.9518,7.9167,-6.2841,9.7402,2.0204,9.7468,6.0563,-2.1236,8.9182,6.6375,2.3438,1.7781,-8.8634,-6.2404,-0.7339,4.3764,-4.8665,-9.5294,9.9962,2.2637,0.9539,-1.6406,-9.1196,-8.5144,-5.7924,9.6097,2.4224,-0.3177,9.7246,9.7063
-9.7562,0.278,-3.2309,-9.1026,-6.9317,-2.4555,7.0037,-7.159,2.3149,-5.6499,-1.7981,-6.2012,-3.3624,9.2391,8.4959,-1.062,-3.7507,-7.6324,-4.8669,3.108,0.2775,1.0706,-9.996,-6.1225,-8.8733,2.5678,2.2592,9.9291,5.4509,4.2851,2.2997,-8.7171,-0.3191,-6.1967,3.2072,7.3234,4.9148,-7.1409,3.8333,-1.8956,-9.2379,6.0135,8.4317,-9.4274,5.2841,-0.3787,5.4546,7.2305,0.6228,8.7157,-7.6321,1.2387,0.0149,-3.3593,2.7723,-8.4105,-0.4214,4.1036,-9.1568,-4.3476,-0.1968,2.927,1.0504,2.5345,4.9007,1.0613,1.9385,-5.0302,-9.5157,-7.3914,-3.4291,1.1629,-6.6672,6.4777,3.4401,4.1583,-4.9074,9.574,4.0682,9.3369,1.893,-8.2479,7.425,7.9002,8.3729,-3.1595,-0.483,7.1146,4.5034,2.4454,-7.1488,6.804,-6.8723,5.5538,4.7289,3.7067,3.0003,3.6826,-6.5613,2.8124,1.034,-7.6055,-5.0918,-9.4124,1.6869,-5.405,9.4619,6.8774,-4.219,7.7165,-1.5947,1.6598,9.0978,-5.8017,-8.3104,-3.8608,-5.4272,-7.0763,1.598,-0.9581,0.2962,3.4747,-2.9292,-4.5246,-3.4952,6.2497,-0.9728,8.7329,8.5951,-1.3125,-4.5927,2.533,-1.3148,-2.3861,-7.4828,6.413,-5.8522,3.2168,6.4543,-7.6715,-1.5166,-4.8306,-5.2602,2.1718,-4.3887,8.3752,-8.9078,-6.124,-4.5864,-5.5141,7.9773,5.3922,3.3698,-6.0947,1.8721,-1.3932,-1.7457,3.9357,-0.0023,-5.8834,7.9386,-4.61,-5.8619,-8.367,-5.8176,-6.6799,9.4673,-1.5881,3.0213,0.5492,5.1711,7.5888,5.8926,-2.9917,-3.7721,8.1459,-7.8283,7.7052,7.9614,-4.8783,8.5373,4.9445,9.7674,-9.7396,7.4083,1.909,-2.8525,8.891,7.3331,-3.1184,-0.5274,-6.6439,-4.7727,-0.1452,2.1568,1.0353,-7.1498,4.639,9.5694,2.3997
-6.4909,9.9242,2.6988,7.3233,-7.2887,-4.6022,1.1806,5.5768,6.2328,-8.7281,9.009,-3.2072,2.5746,7.002,-7.0325,2.8175,-8.9708,8.8048,-4.817,3.9799,-5.1309,6.6486,-5.5741,-5.0081,-4.3749,-5.631,7.5276,6.6402,2.1341,-2.2045,-2.3552,-4.3202,-0.4164,-9.2183,-4.3492,8.9153,-4.2255,-7.7557,-4.5468,-5.4628,1.3506,6.836,-6.2385,-6.988,7.6658,7.1121,8.5715,5.3666,9.9058,3.9271,9.7217,-1.5341,1.7186,-9.8996,-9.6336,9.2902,-8.6898,-2.0119,5.3197,-1.543,-2.5305,3.8548,3.8763,-0.6123,-5.9569,-0.7935,7.0886,2.0062,-8.4563,1.9402,2.3667,8.7381,5.2616,4.289,-8.8422,-2.7749,-1.9293,-3.6184,2.8927,8.2592,8.2826,5.8378,9.213,2.5339,8.6068,-4.0467,5.8851,7.7011,-3.5191,3.0537,0.7838,1.1486,-8.7419,-1.6683,-8.897,3.4713,9.6795,8.3614,-4.4547,-0.9503,-5.9599,2.9514,-8.98,3.0773,8.5021,2.478,-7.0186,-0.7571,9.9296,4.2906,-7.3662,5.924,-2.0301,-2.6593,7.3676,-3.7931,-5.9651,-3.0174,7.5095,-4.4296,7.7469,-5.3447,-3.3462,-3.0717,-5.0669,0.7558,-2.5092,-7.9739,-0.2407,-0.7868,-2.8851,-4.4116,-1.1989,2.7002,-7.4332,8.3642,8.7291,8.8031,1.5565,-9.4093,-2.5468,-1.3252,-5.8722,-0.9194,6.9126,-8.0679,-9.5532,4.7851,-2.5411,-5.9989,-5.7919,-6.7257,8.1229,3.9546,4.9267,2.4102,5.3241,-8.2407,-7.1775,-1.1382,4.9228,4.6728,9.7661,6.8375,-7.1668,-0.3472,-0.442,-1.2688,6.6538,6.0062,-9.8164,8.1158,-1.4677,7.4657,-1.777,0.5618,-1.3275,5.9129,2.0988,-1.1379,2.0449,0.1744,-4.3469,-9.6373,-0.8897,-6.6534,1.7087,-9.7394,-1.661,-9.884,-8.4822,-9.4474,2.7843,-4.743,-4.2431,2.6164,-8.4598,-0.3186,-1.9773,-7.2513
-2.1605,-6.084,-9.0232,3.4181,-6.8882,-4.1901,-4.805,0.258,-5.376,0.0381,6.6662,3.9392,-5.3605,3.4112,-6.6086,3.2811,7.4851,-4.5259,8.7234,-4.1683,7.4856,2.1619,-7.6133,2.1829,8.1036,-2.7764,5.7848,-3.5555,7.6771,3.5593,4.5633,-6.682,1.6119,0.3628,-0.5877,0.3085,6.4326,-1.8398,-3.1856,-6.637,-9.2043,-4.7052,-0.0272,-5.1515,6.4156,4.365,5.7289,6.9586,-0.5313,2.4372,7.5796,-4.1455,9.7965,-8.612,9.8292,9.5417,9.438,-0.0085,-5.9142,-7.0827,8.3474,3.5522,9.3402,-4.4447,7.9046,0.8188,-1.3446,-9.2495,5.6138,4.3626,4.5385,9.2207,3.6953,0.9218,6.0572,2.0635,8.2661,-8.2392,-8.7853,1.3224,1.6617,7.8151,5.102,-2.9668,3.1787,-9.3626,9.7987,-5.9192,-9.4471,6.41,-5.8895,-8.9446,0.1241,-7.3237,-1.0562,-3.3506,8.4804,7.8185,-2.3537,7.4837,-4.4912,4.4761,-2.0547,-4.1758,3.7735,5.0157,-8.2348,2.7444,4.9051,6.6855,2.0044,-1.2072,4.4646,4.4646,7.1055,3.7515,-0.0665,-8.6753,9.8305,7.144,-9.0666,-0.3795,-2.3753,-6.7597,1.4188,5.8683,-5.9738,-1.8781,1.8634,-7.291,4.2098,-9.4401,5.5255,3.055,7.5289,2.6534,7.5836,7.8853,-5.4839,-1.7647,-1.766,3.3664,9.01,1.3911,-5.9479,-5.5808,-0.9284,4.9631,9.002,3.866,6.9039,5.3764,-3.3818,5.1038,9.7538,-0.6382,0.9758,-4.0883,-4.8118,8.6602,-8.7142,-9.5508,-0.1033,2.1727,3.3828,8.0318,-7.6601,4.5573,-2.0889,0.6181,7.0818,4.7883,0.9593,-5.9676,6.9986,-3.8421,2.5006,0.4077,-4.7387,7.1128,6.4299,6.7547,4.4672,5.9849,-7.2151,-3.2653,-1.6206,-5.0867,2.1106,-5.2085,4.0219,7.4293,-4.3535,5.8678,6.3792,-7.7299,-5.0038,2.6921,7.2801,-6.8093
-6.3966,0.9141,6.8721,-0.8315,2.3193,-9.8222,0.4589,-3.3363,-5.5125,7.1081,-2.8923,-9.307,0.1372,8.5646,-5.6192,8.9281,-3.0368,8.765,7.7865,-4.6251,-8.4706,3.6137,2.5983,7.9954,4.5941,6.3825,5.1214,6.9216,8.9224,-8.7305,9.7633,4.9723,7.5655,-6.2463,5.1517,6.6905,-7.9425,4.3293,-5.3022,-6.4997,6.7827,1.8619,-1.6371,-5.429,-0.1332,2.741,-9.1451,9.1407,5.4989,9.3877,7.5373,6.4502,-2.7242,5.4387,-0.2882,-0.2125,7.6311,-8.7997,-5.0318,-6.2581,8.0944,-5.269,4.1842,9.1387,-5.7481,4.2618,-9.3648,-0.1244,3.7784,-5.332,0.2233,-9.0287,-7.4405,5.9349,2.2933,-4.3843,-8.297,-8.837,1.992,9.4713,-2.5354,-8.3862,-1.0381,6.8501,-4.4913,-5.1198,-3.5725,6.6952,0.287,2.2707,-2.2168,-3.5708,-3.0855,-5.1809,9.2994,-2.4952,-7.0252,-7.558,1.0463,-6.5329,-9.26,-3.4637,1.4004,-6.786,-8.5614,-4.3991,5.7455,-3.7234,7.7263,5.6138,7.3145,-7.3504,-3.5578,-4.7047,-2.8371,-6.2925,7.7866,1.723,9.86,-5.0412,-4.0815,-7.708,-6.6244,9.8345,-5.8247,2.5918,5.9016,7.8435,-5.6328,-2.3619,-8.6646,3.7825,-7.2811,7.8241,1.1419,3.0876,7.0597,0.5631,-5.2836,-3.2682,-1.8273,3.0961,0.0465,-2.7322,5.6186,2.059,3.936,-8.5428,5.8541,-2.1243,1.3277,9.4858,2.0711,9.8903,7.1471,6.9626,6.3272,8.8342,8.0222,7.3524,9.7709,2.6068,1.7853,6.3012,1.6249,-8.3477,-6.8722,0.3892,-3.7343,5.8622,-7.3173,-9.6202,-1.5389,7.6778,6.3372,2.4174,5.4006,9.2006,-4.8332,9.2201,9.1815,1.2857,-2.1543,6.65,-8.7879,4.4771,4.8994,-3.424,0.9383,6.2929,-9.9112,-3.1637,-0.7608,4.801,-3.3734,2.5213,-6.8907,-5.359,-7.4698,7.3369
-2.4586,-9.9415,7.6578,4.019,2.7088,-4.0539,7.1628,-0.8552,-2.0046,7.9066,1.5284,-6.1712,-6.3376,4.2811,2.5129,2.906,-9.2451,-5.3474,-9.2787,-5.9718,2.692,6.8414,-5.2726,-4.7586,-8.58,4.6445,-6.7612,-7.8315,3.4733,-7.6834,1.6661,1.3928,-8.5121,-5.1954,9.31,-4.0892,-3.9177,9.9519,-4.6708,-5.4045,7.1276,0.9727,-3.1853,-0.2066,0.6764,-6.9363,1.6675,-7.4614,7.4385,3.4877,5.6882,0.9712,2.4799,5.8446,8.4435,5.5488,-4.8563,-9.5898,-3.7606,4.994,-5.3324,3.5593,-3.2568,6.5357,-8.6495,8.0768,7.0266,-2.1451,-1.8612,2.1867,-6.2316,-3.3753,-0.1579,7.4141,-9.8862,1.7021,-9.3989,5.8496,0.6601,-3.7972,3.9089,-2.2487,6.5267,5.8077,-8.1979,-9.4152,0.6787,-1.9197,-9.9476,4.9575,1.1923,6.438,4.2891,-5.1644,-8.1172,-3.9534,-8.6799,-8.1104,0.2235,-8.0461,8.2579,0.1946,9.4928,7.4419,0.2885,-2.4259,-1.4995,2.0109,-0.5672,8.3245,-4.101,-5.3421,8.1955,7.3595,9.2152,6.6035,0.6266,6.86,8.4521,6.456,-5.7896,7.5111,-1.6006,-9.0661,-7.5623,-1.8116,2.9049,-9.9069,-6.8914,-1.0755,-3.6671,8.085,-2.1367,-7.6697,9.7491,0.8444,7.0537,-9.5721,-8.6217,-3.9681,-5.6503,8.189,7.7943,-2.1205,0.0962,9.7065,-0.5482,6.8362,-5.7003,-0.5763,5.1753,-6.0596,9.2379,1.0965,-2.4892,-9.0479,-0.8219,9.0436,6.2842,9.4925,2.083,-0.7578,4.2614,6.8501,-8.3457,6.3166,2.1035,5.1992,-8.5997,4.031,-0.3157,-3.6574,-0.2817,9.4436,8.6558,2.9909,8.4671,7.9041,4.0012,-6.1824,-8.9359,3.8148,9.6805,0.0145,-4.4787,8.5869,5.7867,5.6641,8.0475,6.2298,4.7299,-6.0506,-3.504,9.5534,-6.7006,-0.5301,-6.7379,-3.2415,8.333,2.817
-1.4267,-4.4775,9.256,0.411,-9.8126,-2.3107,-0.092,-0.9881,-2.4982,8.4072,2.6148,-6.4859,-5.1737,-1.7304,1.9904,0.2077,-2.6487,-2.5017,1.096,-9.586,-8.5755,1.4986,-2.1585,-4.0787,-5.2779,3.752,2.7055,8.7251,4.972,-5.47,8.4695,9.5548,-2.215,9.8862,5.0388,6.2479,-0.529,6.0813,0.1655,5.8705,5.5867,1.8447,-9.1769,-9.5055,9.3154,-1.3396,5.2754,-1.2939,-5.795,-0.2507,-6.096,-8.5198,-8.0128,4.5231,-4.7218,3.1799,5.8639,-5.3327,5.3023,0.3823,-9.4758,-6.1781,6.4482,-7.9409,1.2569,-1.3522,9.3049,6.7676,-3.8927,-7.6249,5.3161,3.8102,2.2795,8.4437,1.1172,2.0722,9.8481,-3.3677,3.7606,7.0827,-8.0901,2.0556,6.1666,-9.3304,-5.7859,-6.0652,-7.7528,2.7701,4.4479,5.8868,-7.2123,-5.7974,7.4732,5.4257,-0.7752,5.1298,-8.6282,-8.6061,6.436,2.8387,-7.8667,7.7135,2.0586,-9.0973,-9.3282,-5.8181,1.287,5.3773,9.2566,-9.2473,8.0344,1.0193,2.2475,7.5453,-5.5711,-9.0437,9.709,-4.212,0.5889,7.5059,-0.7494,-0.6463,8.0076,6.8398,2.6387,8.64,-7.9673,9.3043,-5.3182,3.0561,-9.3181,-7.6682,-6.4827,4.0897,-9.7507,-1.2343,7.9699,5.6036,6.803,-9.0947,9.4108,-2.0765,-0.5701,1.1245,2.7233,8.1608,-7.1508,-3.9987,1.4667,3.5129,-9.3046,2.0382,0.2256,9.1846,2.8502,2.5217,-8.5311,-8.4693,-3.5913,-4.7696,-4.3604,-5.0224,1.7877,9.6053,7.1839,9.3872,-6.4555,-1.2552,2.1513,-8.4226,-6.391,0.3351,-9.6988,1.3098,-2.6472,8.464,7.6784,2.9605,-2.2403,9.3426,-8.5168,7.9119,4.3085,-6.7548,8.7387,-8.415,-3.6549,-1.0819,7.8024,-7.9423,9.8956,7.4061,-3.3316,3.3918,-1.0843,-6.7996,1.2372,2.3324,2.4702,3.0281
2.9156,8.8544,-9.2319,6.1955,-2.0202,0.8284,6.6599,0.7718,-4.4183,1.4373,1.6491,5.5785,-1.7776,8.6546,5.8594,9.3809,4.8918,6.2556,-6.8827,-4.2267,-3.7196,2.2841,1.0066,8.9972,4.5569,3.112,4.9148,0.502,1.2404,1.0965,7.9111,-2.0747,6.6029,-0.5372,-0.0273,2.7651,-9.8933,-5.7209,6.2968,5.7326,-2.2392,-5.0738,6.1207,6.2458,0.1624,7.9208,7.6163,3.8415,2.1775,-0.318,-8.9439,-8.7023,-4.2488,-5.1126,4.2723,3.668,7.9552,-1.7668,8.6035,2.787,8.0289,-3.1897,3.4593,-9.627,-4.1253,-9.0942,-0.2736,1.8129,3.5436,-9.3223,-4.9881,-1.6086,1.7273,7.6616,2.2033,6.7951,7.2878,-9.7244,4.2778,5.8187,7.0421,9.505,-9.0485,-7.2717,8.7156,1.5236,4.8353,1.5273,-1.7444,-4.1439,-2.1099,-2.5829,-6.6486,-3.1037,1.4004,-8.423,8.0249,-5.0005,-0.8581,-3.0438,-8.5306,-0.3606,-8.0679,-6.1914,2.4272,-7.5749,-1.4841,-4.5168,4.9862,-3.1266,7.4576,-2.4836,-3.6848,-2.3012,8.5595,6.2572,-3.0857,3.8254,-1.8457,9.6163,-3.6937,-7.0617,5.5148,3.3202,7.3573,8.7204,0.1104,-0.1238,-5.1035,-1.6927,6.2136,2.9346,-3.9103,5.5259,-5.4496,3.0817,9.1294,1.3268,-6.8179,-7.9315,-0.9004,-3.41,8.6927,3.9246,8.1064,-7.2872,-0.2948,9.3977,5.0634,-0.9881,3.5008,0.0264,-2.1323,-3.5452,-3.4072,5.7471,-7.8531,5.6791,8.3722,2.0444,1.8258,6.4886,-5.0091,2.3166,7.7079,8.1973,9.4993,-6.0351,7.3046,-2.6162,9.2087,-6.0657,-2.5458,9.5412,0.1945,-2.3399,-0.0487,-5.503,-2.8236,5.6433,-7.2433,-1.7899,1.8593,-8.5576,-2.6901,-7.6885,-1.3048,8.4086,-2.5432,1.8357,-4.9593,2.7578,2.0036,3.2235,-6.8155,-6.3622,-6.3195,-5.2255,-8.772,-1.4341
-7.2579,-5.956,3.1357,-8.6469,5.161,9.4316,0.1328,-0.5742,7.0548,4.3988,-3.4492,-3.8033,-9.7451,-0.142,-7.9304,-2.7483,2.7036,-4.4935,8.0009,-9.4011,-4.9869,-6.9223,1.3619,-5.3597,-5.0595,-4.8163,7.8412,0.0329,7.4147,4.507,-9.2718,0.8921,4.0606,-0.4357,6.8067,-6.7217,-6.8031,4.5292,4.3325,-2.1758,6.4577,-5.5059,4.8475,-9.3886,2.3262,-9.5259,0.3963,9.6339,-1.1161,-4.3939,-6.9922,-8.3809,5.1162,9.3543,2.9029,-1.3075,-7.2345,7.965,-4.0221,-8.6696,7.8789,5.8825,0.9387,1.0477,-5.7018,3.4794,-6.504,5.4932,6.1409,4.5879,-5.0067,6.4248,0.4579,0.4352,-4.9499,-1.4298,-3.091,-8.4732,-4.7119,-5.8978,-3.7114,6.3129,-9.2931,-8.5894,-0.868,2.2466,-1.2368,2.9992,-2.0717,-8.214,-2.7333,0.5339,9.9113,5.0448,9.8571,-5.5357,-9.7762,-7.0363,-3.2063,0.7168,-6.6379,0.5698,6.926,-6.7625,-0.2812,7.9403,-6.0802,3.5091,8.5009,7.0632,4.6911,5.113,-7.2667,-6.5408,2.1557,4.4325,0.028,-4.4736,-8.9942,3.6058,4.0999,8.3846,3.591,8.8587,-9.6445,-3.2917,0.9285,-7.9041,3.0404,-1.8622,3.1017,-6.6266,-2.1643,-8.2851,0.39,6.5224,9.2925,-6.9446,-9.4534,-7.798,-7.3588,-4.7553,7.5245,-4.6143,-9.8136,1.5734,-0.3046,2.5288,-7.6083,3.2028,4.597,-1.7486,7.946,7.8843,7.3321,-2.834,9.2299,5.5397,2.1706,7.7482,-6.0073,4.7323,-4.6798,4.1995,-7.5981,-3.8279,-7.8012,-5.1847,0.0502,3.9365,3.8646,-9.0402,8.7809,5.6335,-1.0711,-4.4172,-1.9729,9.0283,-2.3664,-8.4464,3.6113,9.8719,8.1215,6.7608,6.0002,6.713,-7.8983,-6.9765,3.7281,0.2199,-6.3848,5.4416,7.9899,3.7126,-9.6384,3.0459,1.7328,1.5431,-2.0768,0.2471
-5.8577,3.4661,-5.4377,-9.993,-2.4954,2.0725,4.3476,7.0874,3.6636,9.0139,3.9508,0.0838,-6.5347,0.6833,-0.568,4.5975,7.9688,8.3618,6.3568,1.652,2.0646,-4.8497,5.4677,3.6156,0.8868,4.8251,-5.7065,7.9274,9.1566,3.6116,5.6794,-9.5628,-2.7397,-6.426,4.0868,-3.3681,-9.5568,3.5485,6.0117,-1.8009,-4.1188,3.4443,7.8456,6.0183,8.2629,5.6874,-8.2511,8.1573,-7.7731,5.0453,-2.2442,-6.0667,5.2361,-6.8669,7.1516,-0.5898,5.7947,-8.4656,1.4518,-2.0978,9.6128,-9.4989,-7.6209,2.9543,8.8984,2.8771,-0.0803,4.2942,1.3997,8.2351,9.0245,4.3468,5.07,5.4899,6.7607,6.4215,-4.2838,-3.7066,6.0894,0.536,7.0212,7.2822,8.3836,1.7313,1.893,5.1811,1.4967,2.0849,-3.6616,3.8911,3.2718,4.2515,2.8877,-7.6012,1.1105,-8.661,-5.6686,7.407,-6.483,2.8812,1.5703,7.5584,7.0889,-9.5223,5.731,-6.529,6.6717,-0.2384,-5.0965,-0.6488,8.2953,-9.7407,4.9244,-1.0378,5.9698,-7.4334,-9.795,4.7168,-0.6269,-7.3531,-5.713,5.6951,-8.5438,2.8387,1.7823,4.0624,5.3491,-0.8624,-8.4808,3.1452,7.449,-6.7294,-7.8716,-3.9994,9.5815,6.5983,6.9585,-1.4871,7.2891,1.1579,3.156,9.2917,-0.4944,-2.903,-5.787,0.5816,-9.1664,0.2746,-1.0372,5.235,6.1826,-5.7545,7.128,-8.9938,0.827,-8.39,-6.4272,-0.7838,-6.121,4.4676,-4.6982,1.7067,4.303,-1.0215,-3.3285,7.2741,2.4623,-0.2634,-4.972,-8.8193,3.7644,0.5282,3.7756,-2.0408,-2.8177,4.7232,-7.0322,-2.9179,-9.933,-0.0868,7.4314,0.1219,-9.289,3.0997,-0.0555,-1.1643,-2.8408,0.8899,5.1613,1.4081,0.3091,-9.4217,-7.395,1.1613,-4.209,1.9126,3.1401,-9.4074,3.9592,5.0081
0.879,-9.9234,-9.1117,3.853,-3.0556,9.3487,-4.3714,5.9388,-4.2489,6.5229,-9.0296,-2.2842,3.058,-2.4953,-9.6606,4.4698,-3.8404,-9.0374,-8.4902,-1.459,-6.5799,4.6952,2.3884,-4.8387,-2.2495,5.2272,-8.0583,-8.3405,-5.2347,5.0669,-3.9519,0.382,6.7635,-4.9983,-6.8072,-5.3333,3.5157,-1.9053,-6.0513,-4.2373,5.5709,-7.7116,-1.2196,-6.2913,-8.4806,-7.8092,-0.3666,-0.5401,-0.6679,-8.8393,4.5936,-4.5886,6.2055,8.7199,-8.7915,-2.295,-3.4682,-9.7169,0.354,-5.7954,-6.8332,1.5664,2.0972,6.2028,-5.5866,4.142,3.7615,-4.6704,3.2948,6.5971,-6.1217,1.7744,1.2612,-9.4999,2.8397,6.2942,9.1937,-8.3443,-9.4712,-6.8019,-8.735,5.6004,9.1268,6.3675,5.7792,-1.6346,7.4309,2.3248,0.8954,-2.7511,9.1359,0.8048,8.5168,8.8904,7.156,-2.9343,9.8239,-4.3365,-8.8213,4.2328,-1.7117,3.3932,-0.5076,4.0324,1.3533,8.2682,-0.59,-5.7947,6.8594,9.4916,-6.4872,-1.2315,5.5759,0.3288,-2.6025,-2.0552,4.5991,5.2695,2.804,-6.9685,4.3781,3.3111,-6.7589,5.1929,3.6317,8.0546,0.678,0.5043,-4.4752,5.1152,7.1014,3.4482,4.2557,8.9284,-1.4701,1.936,-6.3976,7.2335,-2.1588,4.7576,-5.8871,-3.3257,-5.3446,6.2332,-0.1756,0.5451,8.3049,7.9356,1.9496,9.9786,8.3559,8.8018,7.2258,-9.5343,5.0199,7.0046,7.7304,-3.9829,2.3755,-7.9767,8.0826,-7.9898,9.3609,-6.2151,4.9669,4.4612,-7.6352,1.3613,0.6035,9.1814,-7.9171,3.089,1.4885,-9.2312,4.7554,-5.757,-0.6101,-0.8697,4.6585,-5.3359,-8.9223,-5.2881,-0.4376,1.2916,8.0328,-3.0923,2.6539,4.2979,1.2067,-5.7383,-8.0526,-5.5866,4.2104,1.2393,9.3692,-0.0167,-5.9969,-5.1117,4.7271,-7.1756
4.1568,-0.9902,7.8952,2.1773,8.2401,-4.7876,-3.8154,1.903,-7.658,6.1531,-1.3155,-6.6099,1.045,-9.7857,-7.1455,1.337,7.9948,-7.4965,-6.4351,4.7631,-8.7049,6.8419,-6.7666,9.9224,-7.3218,7.2392,-4.6623,-3.6135,-1.1709,9.9892,8.7908,8.6856,0.6218,3.6928,-5.0865,2.9505,-4.509,7.6825,9.1634,8.797,-4.1517,0.069,-7.2457,-8.1502,5.9997,7.6845,-8.636,2.4957,-9.7441,3.8951,-5.6203,-7.6721,-4.0578,2.3981,0.1239,-1.5801,-8.5541,-3.2568,9.6697,5.9734,6.0476,1.587,-2.4614,-6.9244,9.9694,-8.6463,-1.8547,-9.9211,-9.6784,2.4401,-8.8064,8.2186,5.3984,9.22,-2.0005,4.1694,-7.5642,-0.8263,-0.7044,-9.6157,8.8377,4.921,1.0256,-3.0673,-5.1429,0.6411,0.7054,-2.7171,1.7939,-8.723,0.6212,9.1047,2.6245,-0.6391,-6.0954,4.5523,-3.2844,9.4602,-5.2263,4.3278,8.2806,-9.1692,-1.576,1.8408,-3.4392,4.3187,4.3223,2.0871,-0.5993,0.9151,1.7375,-6.2671,4.9216,6.1523,-8.4674,1.744,-7.6142,4.4192,-6.7416,-6.1551,2.9742,-9.1253,9.2691,7.5872,-9.8591,0.9357,-9.9157,-7.7337,6.2617,7.4993,4.0153,-1.7481,-2.4302,0.3388,7.1216,-3.8839,4.4933,-6.4686,7.0888,-0.1941,-4.5444,4.1668,-8.107,-5.2527,-1.1519,-7.2684,-0.2885,-5.4178,-8.5962,-3.5233,-4.0494,-1.3163,-2.5596,-6.5243,-0.8494,6.4695,-2.4435,-6.9087,-0.9589,-7.6282,-3.4776,-0.6368,4.9053,-5.2829,9.5296,-7.1957,3.3802,-2.1084,6.8076,-2.1716,8.0614,9.993,-6.08,-3.4248,-9.3293,5.9977,-3.1579,6.0236,-5.7616,6.3932,-6.445,-7.1092,4.2401,8.3287,5.7908,-3.3799,8.6306,-9.6203,-5.6706,-8.7661,6.0741,2.6589,-9.1284,-7.7946,2.421,5.7103,-8.9368,1.3215,6.3502,-1.784
-6.0074,8.0543,-6.2895,3.5102,2.96,-2.9224,3.8871,-7.9764,-3.4883,1.1566,6.6473,1.1606,-9.9623,-4.5853,-3.8705,4.1479,3.3512,-5.8627,3.1037,4.1026,1.8488,2.1312,1.0098,5.4733,-7.0348,-2.5624,2.5813,9.4614,1.6394,-1.5792,-4.4029,-1.9065,9.5192,9.2904,-5.5573,3.6845,-7.5855,7.0114,3.9591,-6.207,6.9317,6.528,4.5134,-5.5737,0.9569,-8.1652,9.1481,6.0107,8.326,7.9011,4.9376,-9.669,-9.102,6.0008,6.325,-8.5436,3.4873,-2.9751,-9.7304,-3.3625,2.98,7.1883,-2.4916,7.1865,0.5591,8.7866,2.3154,9.5055,6.6148,4.4236,9.8263,-4.7897,-5.4074,0.4904,-3.0238,-9.2227,1.5373,8.0436,-9.1022,-8.8074,0.3435,-1.667,4.8221,-6.0165,-8.4802,2.0037,7.6726,-8.3776,-3.0764,-6.2708,4.9596,-3.6482,-6.3019,4.6867,1.9922,3.6452,6.3589,-8.4402,-8.6424,-6.3651,-0.1289,6.5153,0.4836,-7.4352,-8.9006,2.419,-2.3225,7.0347,-0.806,0.5654,-5.6893,-7.012,6.531,-0.7678,2.6935,-2.3907,0.6851,-3.7595,2.9409,5.5966,6.0593,-9.6539,-1.6317,-6.4154,-2.1597,2.418,-4.4721,1.449,-2.2356,6.5056,4.1196,3.5413,8.3907,7.0768,7.7376,-1.4808,-5.2032,9.6604,3.8205,-0.0893,2.8387,9.1522,-5.8886,-0.0819,1.1902,-4.7916,0.1567,9.2148,-3.3342,-1.2999,-3.2694,6.1279,9.052,-7.6321,-0.876,-6.7789,-6.4871,8.9618,-5.0586,1.6624,3.2473,4.2845,-8.0916,8.5643,8.7137,7.1336,7.1801,-1.4487,6.3455,-5.5113,-9.2642,-9.6434,5.5651,-6.7251,9.9605,3.0273,-6.4576,8.451,-6.8444,-7.1787,-8.2435,9.3332,9.129,7.5269,-2.2801,3.212,-2.9362,-8.8063,-9.3435,-1.422,4.3686,4.9013,0.58,-4.2207,-5.7479,-6.0102,-4.9489,4.7934,-9.48,8.8047
-7.33,6.2617,3.0999,9.178,-9.0138,3.6769,4.0279,7.8437,-2.9583,4.1159,3.3176,8.2208,-1.1628,-2.5904,7.4715,-2.8781,0.4741,2.4854,9.3486,1.6617,5.9344,0.5939,7.5045,-2.6881,-2.3207,7.4276,-9.3212,4.8872,-9.645,-9.2985,-1.5606,-6.9708,-6.5278,-3.4261,2.98,5.4788,0.5011,-8.2568,0.9912,-7.955,0.4115,5.4903,2.5594,-7.8431,-5.6706,-6.4338,3.502,9.4458,3.7985,3.8173,-7.4893,-6.5832,-9.2405,7.3707,7.1271,7.918,-9.9333,-7.1329,-5.1608,1.757,-9.7867,-3.7555,-7.1034,6.0648,3.5829,-9.5736,-6.8328,6.8819,0.8395,-7.8844,-8.1732,4.8065,6.3047,2.2838,-4.3226,-5.5512,5.1349,-1.2622,4.8209,-5.6625,-7.988,3.8564,1.5799,3.1601,2.6947,-8.2346,0.035,-0.9867,9.7456,-6.6034,-1.7707,2.6953,-4.7754,5.8741,4.0426,-6.9197,9.0473,9.9075,2.9383,-8.8379,4.7524,4.8452,-4.5054,-5.8191,-8.5979,0.0546,9.344,-7.0967,-7.1264,9.7924,1.9959,5.2624,4.0229,2.5402,9.6768,6.3256,-8.1739,2.8227,-9.7751,-9.8831,5.7605,-9.8574,-9.704,5.4972,2.253,6.9942,6.3116,-5.8188,0.9602,-9.1552,-3.287,6.5468,-8.2062,-9.7183,9.3811,6.6713,-4.8275,6.5245,-1.2104,-3.781,4.8516,-6.8092,-8.344,4.2702,-8.7081,0.5345,-7.4276,1.2107,8.6562,-6.2517,-1.1553,-4.7302,-8.338,-8.8212,-4.8569,-9.7103,-9.8159,3.2582,3.7741,-4.338,-4.0727,1.2307,7.5317,-9.8706,-9.3525,5.21,1.1032,-6.2192,-7.1277,4.5709,-1.7466,-4.1543,-5.4665,9.1201,2.4981,3.5459,5.5211,7.4291,0.0114,1.1898,-6.5021,5.8075,-4.7653,-6.9053,7.0412,4.1072,7.0449,-5.5715,-3.7525,-3.9347,-8.4627,-7.1711,-1.4077,5.705,2.8689,-1.5306,-0.141,-6.4778,-6.1088,-7.5423
2.9809,-9.5911,6.1781,5.1995,-9.3102,-9.0435,-9.926,3.4925,-6.9463,8.7495,2.4996,-8.0172,7.8091,-1.7381,-0.0199,7.3682,0.7268,-6.0171,0.0764,7.0066,-4.3786,1.256,5.1967,5.8529,6.2672,3.1118,9.2861,-9.5138,-6.7718,5.5602,-6.4046,-6.2287,-8.3357,-9.3868,-5.6975,0.7165,7.135,6.0083,1.5723,-8.5444,6.492,-6.7018,-4.3114,-9.8837,6.7102,-3.3246,1.7158,9.6791,-7.9643,5.6521,-1.6422,1.2441,7.6735,-0.8902,-5.5781,0.0622,-6.53,5.6157,-1.6587,7.2022,5.194,-5.7717,3.4228,5.9165,-2.5733,-2.2947,5.7835,4.0741,7.3539,6.3097,-0.1871,-1.1971,8.2383,-5.2721,-8.166,-6.2431,-4.9325,3.1521,-4.7595,8.7911,-5.1709,9.5736,8.8364,-4.088,-2.6038,-1.8128,3.4372,1.9229,6.6108,5.3913,-9.6031,0.1307,-2.7003,-3.0524,-8.0253,6.8824,-3.3051,-7.0443,2.2151,-3.9412,-3.8471,-2.1662,2.5801,-4.4128,-3.205,0.9855,-9.4726,-5.6808,-3.0468,-2.8488,-3.4141,3.216,1.834,1.365,1.5044,-0.1155,6.6383,-5.737,-3.2404,5.9705,7.8416,4.1146,7.5456,0.5331,-5.4306,-7.5704,5.3259,-0.5388,-6.3797,-6.3601,-2.5416,-4.4505,4.0102,-2.9002,-4.3514,3.0143,9.9692,6.4153,-6.1082,9.9166,2.5161,5.6461,-4.5993,-2.9523,4.3285,5.795,-7.3593,2.1956,0.2798,0.1679,4.8379,7.8156,2.3551,-5.6745,-2.5957,6.5538,7.4953,-1.0134,-7.7091,1.4093,-7.4886,-1.5864,-2.528,6.6585,4.6986,-2.0388,-6.5699,-0.5932,0.9004,-4.432,2.0848,-8.7402,4.7854,-2.8443,8.2631,6.5509,-6.2344,-0.8757,4.5315,2.0124,-3.9839,4.5005,7.5943,-9.2474,-2.2889,-5.5169,-3.8636,-5.5616,-3.3855,8.2545,-0.5847,2.1625,4.5409,6.0069,7.4614,-2.906,2.6922,-6.8332,-3.3786,-0.2798
-1.8959,8.4201,-2.6252,4.5803,6.6571,-9.5411,6.0958,4.2559,1.8467,-8.429,-4.809,7.3606,-5.2012,-3.8368,2.2047,8.3747,-0.9279,-9.4915,8.5974,-9.5857,-5.4154,-0.5041,-9.1314,-7.9373,-7.6351,-0.6036,4.1461,-5.526,2.8388,-0.2632,-9.7141,4.9665,3.4447,1.1338,0.6795,-0.4258,6.2453,-3.3061,8.1402,-3.8816,3.9671,0.8504,-8.1965,-0.0673,-1.7861,-4.3989,6.1656,-7.2744,-6.8642,-0.5539,-3.5117,9.6602,8.118,-2.2596,5.0435,0.7939,5.2723,-8.8,-7.2873,-7.8338,-2.6147,7.7756,7.0786,-1.2461,-0.8824,-9.3424,-7.2502,3.103,-5.5872,8.7213,-4.7489,-0.8812,-1.4658,-6.4874,2.8381,3.3345,-3.0394,4.2487,3.8442,-5.2095,-5.5428,1.9198,1.3523,9.5791,-2.1671,0.2373,-1.3417,-5.8935,7.2609,4.6239,8.695,2.3064,9.4836,-3.1703,7.1861,2.5525,5.5787,-7.9034,7.7855,9.3205,-6.0998,2.104,7.8696,3.7885,-4.2545,-4.628,2.5575,4.4976,-6.9961,-9.7618,1.3153,9.698,-1.809,-1.8732,0.884,-7.1443,-6.0161,-9.4566,-3.9035,-3.8531,1.0967,7.2283,-1.5886,-4.2589,-2.5964,-5.8101,0.2073,8.4126,-2.0111,9.9451,5.7409,-6.0908,7.4588,-9.6329,-0.7818,2.9386,-2.4476,-4.4281,-4.2007,-7.5567,-7.153,2.7983,-3.8662,6.186,0.9296,-8.0728,9.6647,1.1808,7.8545,3.7677,5.3009,2.8021,8.2888,-3.5973,-3.3445,8.0652,-5.0493,-0.3002,9.1682,-3.7534,-4.891,4.6736,0.2957,-3.8948,-2.4119,-6.4183,2.0752,3.3812,7.9777,1.3092,0.0182,4.7322,9.7626,-2.7459,0.7088,-2.933,-0.6523,-9.7451,3.4123,0.8668,5.6619,1.7431,0.719,8.8927,0.386,5.6319,-7.1885,-8.3055,-4.4213,-5.1074,-2.5792,6.6077,6.7963,0.2724,-7.1325,-8.674,-6.5124,8.8018,1.357,-2.3106
2.0027,-7.34,-7.9004,-4.4078,-8.5467,0.4312,-0.6067,-8.1887,6.4616,-6.9867,1.6015,3.856,7.7944,0.9046,0.2367,-5.8876,9.6999,3.5224,1.4005,-4.638,6.9987,-6.1466,-8.1886,-6.8277,6.4619,-2.6821,9.5274,-2.7008,-4.6576,-4.6066,1.6019,8.8053,-6.4094,-4.9218,-8.339,6.4244,2.6345,-9.5933,4.8607,1.2688,-8.9231,9.306,3.0399,5.2395,2.1555,-2.3392,-3.7798,-0.7092,6.5105,1.1005,-5.5598,2.8096,1.4833,2.1151,-0.5864,-8.7089,7.7341,9.2166,7.92,-5.3144,-1.1069,-1.1816,-9.0192,2.6494,-9.3681,2.4632,-6.3033,0.1156,5.5516,-0.6439,0.8457,-1.6735,2.3125,5.2942,5.6843,2.7999,-7.7201,0.2577,-2.3789,-5.6691,1.0834,-9.5635,-0.6963,-4.8971,-1.5867,-1.2994,7.2544,-8.1717,-2.9032,6.4723,7.7754,0.2527,-6.5902,6.4142,-8.3648,0.3533,-1.8453,-2.5947,-2.0271,-1.5826,-3.3504,-4.2808,1.9793,4.6358,8.2934,-6.4831,2.9447,-0.1574,-4.7058,-2.0577,6.7186,8.0332,7.9488,-3.8823,-1.2363,6.0432,-8.3701,0.6894,-2.5391,-5.4404,9.7006,-3.1656,6.9903,8.9522,-2.8106,5.4524,5.3289,-3.4556,-5.8727,-7.3982,-1.8804,5.8575,4.4948,9.0035,-7.9613,-4.1615,7.2295,-0.3917,-4.1675,-9.1133,4.3173,5.0405,4.3009,6.3841,-8.7583,1.9079,-9.2643,-2.4635,-9.3708,2.6615,-9.8255,-3.3894,-4.8793,-9.1915,-6.5393,-3.269,-5.7168,-5.9125,-5.7668,5.9857,3.1957,2.6482,-1.8551,4.437,-5.151,-4.8682,-6.229,9.1855,6.9856,3.6097,-2.6251,-6.0707,5.3347,-1.8888,-9.3408,3.0193,4.5245,-5.6687,1.6073,-4.6342,8.8709,-6.4206,1.6479,-6.8835,-2.0614,8.5987,3.2205,-0.8867,-1.9123,9.1736,8.0515,-6.7375,-1.7641,-8.0246,-6.6104,-9.2201,6.8159,6.1756,-2.6622,2.7443
3.658,4.3582,-4.2108,0.4646,-9.4001,4.1969,6.6272,-5.1604,8.007,-4.0963,2.6281,9.1461,0.7404,3.7351,2.0787,5.8702,3.4316,-9.6919,-0.1964,-9.8696,6.8308,7.1358,-2.2659,5.9333,-1.3491,5.5433,0.3052,-5.2026,5.5124,-4.8137,-8.9592,0.3453,2.6222,-7.5308,-2.0863,9.2486,-9.8515,8.7812,5.8989,7.226,-1.4612,0.0533,-9.0727,1.7746,2.9118,-4.7265,8.0502,8.2021,-9.8322,-3.6944,-0.7978,-0.0608,-3.5657,-9.6522,4.2587,-6.4189,8.4562,-8.0928,-7.9252,-9.4112,4.0078,8.2775,6.967,-5.842,8.1519,7.6979,-9.2954,4.2932,-0.2038,-3.2008,3.6716,6.4562,-9.3182,-1.4408,7.8841,-5.9061,7.9078,1.597,4.4478,9.509,-9.1127,9.0979,-5.3756,9.0385,-8.6707,5.3215,3.0862,-0.2315,-5.8245,-3.7869,9.7282,-8.8708,-2.7732,-7.3369,2.9703,0.9964,3.4999,-9.9015,5.0541,-7.5587,-7.2883,-9.9322,0.8569,-2.9145,9.5434,9.8778,9.9608,-6.3796,8.2797,6.3586,-0.0381,7.8455,-4.7828,-6.3127,-8.7798,-3.9599,-3.5655,-5.6505,-3.2952,6.7459,-2.7667,2.9538,-8.7537,-4.2356,-4.1816,-7.6261,-6.6158,4.4541,-3.9458,-1.0333,-0.6849,-2.928,-2.5942,3.1217,6.9186,6.7971,3.9083,0.8499,-6.5468,8.2449,1.6446,2.0672,6.2192,-3.5811,5.1145,-4.1103,5.4917,6.7784,2.7897,5.5689,2.2901,-2.6673,3.3432,-8.4703,-8.3354,9.6361,7.7679,4.527,3.1226,5.6902,9.9554,-0.4444,-7.5065,0.2934,4.1828,0.2414,-6.4568,5.0476,-1.821,3.0356,-6.0768,9.8192,-3.9905,-1.5572,-9.9105,-0.7239,4.291,2.2483,3.9632,3.8211,-0.3405,-1.5978,6.4766,9.9952,-9.5659,-2.1538,0.3939,-6.5446,7.5277,-2.1154,6.2104,8.1418,-3.7706,5.4992,-0.647,-7.127,-9.2418,-0.0029,-7.8445,-2.8108
7.1659,-3.6624,1.3025,-7.0641,4.2408,9.1136,4.2972,-6.7348,5.7634,-2.0068,9.425,-8.2368,7.8002,-9.0714,-2.5327,-4.5246,-5.789,4.0553,-0.5825,-5.5773,-6.0056,8.6056,-1.6462,-4.5504,5.2869,7.7532,-1.0076,-0.5082,-3.1102,-6.4866,-5.073,9.7747,2.8091,7.8475,-0.024,-1.4072,2.3799,3.8984,-6.1184,-5.0442,-6.9259,0.7329,-9.7599,-7.4019,5.915,-0.6692,-5.5765,0.9358,-6.8117,2.204,-3.2913,6.1561,8.1308,-2.1343,-6.6418,-3.1294,-8.2606,8.1901,7.0828,5.4094,-9.8229,-2.0518,8.0212,4.4347,1.0839,-3.3118,4.8466,8.7003,0.073,4.3583,-8.5331,-0.086,-5.9685,8.1518,-4.8959,0.223,1.1483,0.2174,-4.384,-0.9578,7.6131,3.8854,-8.6981,3.8096,-6.8897,1.3346,-0.1544,-4.8192,1.5631,4.5273,1.7607,7.6852,8.6944,-3.9614,2.5498,-8.6772,-3.6169,7.6416,-5.8921,-5.9846,-7.9138,-8.2073,-1.4805,7.768,1.8963,-6.3736,8.6849,-1.9055,-4.0219,-7.3743,4.9986,-0.7769,-6.2602,-2.6855,4.3851,4.617,-4.9362,-5.0537,-1.4612,-3.0751,7.6066,-7.7423,-1.1893,-2.5229,4.8134,9.4698,-6.6889,6.737,-8.9602,7.9839,-1.9663,1.5054,2.8598,0.5006,-2.9763,6.4308,-3.4901,-5.8637,-1.7633,-2.3353,4.882,0.4331,-1.2911,8.111,-6.4372,1.9892,5.3612,9.9997,9.6028,4.6259,-2.6761,8.6347,7.0182,4.452,-7.8549,1.1699,-5.4313,-9.299,-0.9165,-4.6092,-8.1235,8.8962,-3.6303,-3.6177,-6.3495,-0.3712,7.2669,4.0438,-5.2957,-5.4365,4.3105,-7.3397,1.2714,8.8488,-6.0476,-7.0557,0.0913,-2.4579,3.8739,1.2198,-9.6667,-4.9251,7.3683,-2.3801,-0.3195,9.8666,4.4035,-6.5239,-6.7603,6.6085,2.7434,9.5046,-1.2337,4.9467,-7.9053,4.4943,-8.953,6.3753,1.0296,7.146
-4.1804,6.7673,-3.7949,8.4274,-8.8274,-5.1534,2.4039,6.9278,-9.64,3.9933,5.9452,-6.1591,-8.4182,-7.2512,5.9042,0.6289,8.872,-5.3882,0.3323,-9.463,-5.5756,-0.299,6.0075,4.7455,-8.0434,9.5795,-1.4034,-5.3073,-5.0443,-1.2944,-4.4772,6.2459,1.5498,-1.3103,9.8002,-4.9214,-4.3222,1.7181,-2.6779,-9.4419,4.0344,4.7329,8.6856,4.9956,5.9019,9.2646,-3.5762,4.5862,6.8706,-6.7195,-9.9873,8.3649,8.934,9.7384,4.0721,-9.5031,-3.6102,-7.5197,2.7558,9.9015,9.3607,9.3316,5.6158,6.3201,-8.0029,-7.3926,-3.305,8.3825,1.3478,3.4031,-8.9024,-0.6622,-0.186,1.2972,-9.149,-8.4409,4.585,0.4008,3.0832,7.5271,-5.1152,-3.5587,6.7123,-5.6684,-2.0649,-7.1105,2.2709,-5.9453,6.611,9.5412,3.137,4.3298,-5.935,1.9068,6.3071,-8.9273,-9.5483,9.9571,-5.7574,-1.4822,-5.877,-1.1866,9.7416,6.1009,-9.163,-1.5815,-3.2336,6.2804,0.7713,-4.7123,4.7059,-5.4301,-9.9418,2.0005,1.2019,9.7587,5.4429,5.9061,-5.0754,-6.9614,-8.9822,-9.7574,-8.9992,9.3222,8.4087,9.345,-1.6887,3.5857,-6.1088,-2.2232,2.4246,-9.072,-9.5949,-6.5526,-8.484,-0.2256,-1.8862,-5.2506,4.5561,-5.547,-2.9968,9.4746,9.1367,0.4241,1.4256,8.253,0.9936,-0.8632,-4.8146,-7.9796,7.6864,-9.3952,-7.1425,-7.1535,-8.6055,5.9375,3.2766,-4.4559,-7.0192,3.0724,-4.9024,-7.9163,-2.4638,4.4299,-1.4029,-0.2381,-0.5438,3.5152,9.6576,1.9331,6.3784,-3.5605,-3.7417,-3.7019,2.7853,5.7544,0.5017,-1.0574,2.5657,-7.7304,1.4028,6.8435,5.9667,9.6511,-6.5968,1.6983,0.0672,6.0509,-2.8763,-7.5349,-8.2081,-0.9559,9.0008,-3.1242,-5.6785,-2.7945,-1.5338,9.5207,-2.3254,0.4666
9.372,-3.4599,-1.9516,-9.6904,5.9388,7.7622,6.1949,-3.2934,-6.1094,-2.8469,-0.2784,-9.5091,-3.0202,-8.663,-7.6631,2.5837,-5.3505,-7.431,2.6647,-8.7979,9.4887,-4.528,-8.9065,7.0205,5.2864,-2.975,8.0976,-7.4593,0.779,-4.6107,-1.4235,5.5785,9.0999,9.5268,8.9389,6.7534,-8.4622,-0.9177,9.8804,-1.5376,1.5353,1.9158,-8.1753,-3.7733,0.7154,2.7509,3.8468,1.5758,-9.1653,-8.2461,9.1496,1.3936,-7.9031,5.7623,2.0364,9.9571,9.1955,-7.5887,3.0835,-3.4886,2.0441,-1.3513,-7.4762,-8.1905,-0.0657,6.9583,1.0804,-1.685,-6.6626,4.1642,-2.9852,-1.7275,2.7305,-9.5001,6.7534,3.5871,3.435,6.1624,4.9718,-2.0988,8.2542,6.7862,-1.2145,-2.5278,-2.9065,1.2928,9.2735,-9.6355,7.5327,3.01,3.3911,6.2177,-1.9735,-0.4715,9.3986,3.6982,-9.8998,5.6311,-1.8965,-8.8835,-5.2691,5.8481,-3.6675,-2.3787,3.8338,-6.5832,-6.4558,8.0229,7.3768,6.1329,8.9082,9.5181,-7.2481,9.0422,-5.8177,-9.5838,4.9212,-6.123,-5.4442,4.9437,8.8724,-0.0852,-7.173,-9.835,4.0533,-7.9336,-4.9035,8.7015,-7.0029,7.7306,-8.3045,4.7969,4.7406,9.8527,-2.0313,-8.0472,-3.0067,1.7131,-6.9095,-1.9635,5.6586,4.2656,-1.4039,4.4024,-4.4752,-6.7646,-3.1405,3.4501,-5.2717,-1.2096,-7.2166,5.7731,4.5115,4.6064,1.441,9.979,-9.8079,0.2616,-1.1941,-9.0499,-5.4084,7.3655,2.623,4.809,-4.9841,8.162,-6.7711,-6.4228,-1.8026,-2.8287,-2.031,-2.3293,-9.6116,9.2998,6.6069,-6.1516,6.8825,5.1473,4.1921,2.8364,-6.3078,-3.764,-1.4578,4.3438,1.7396,-1.5626,2.3665,-4.6556,-3.3631,9.4296,8.6595,3.9596,5.3567,6.8935,5.7263,0.1567,-7.8091,-4.775,-7.6363,-6.2186
-1.928,-3.0926,-4.3913,-8.1146,0.0927,-6.6102,-6.2289,7.0645,1.8564,3.7084,5.0132,-7.0402,2.7094,-6.2588,1.8124,-2.3937,1.5802,2.8664,-3.7127,5.2009,-0.927,1.8726,8.8523,-4.5974,1.042,-7.4718,7.0264,3.1997,-5.7697,6.7839,5.9563,7.8505,5.3453,2.2147,5.8429,-1.3442,7.4447,-9.3891,1.1689,-2.6637,-7.6013,-2.8159,7.4291,9.366,0.1027,-9.9982,0.3999,-7.4667,4.8157,3.2844,4.0517,-2.2645,-4.0644,-5.6265,2.0549,8.1045,0.2273,4.9194,3.0518,9.4731,0.0375,8.1145,4.9005,-4.5612,7.7481,-7.2457,9.6783,-2.3131,6.2491,9.4303,3.1808,-6.0793,-4.897,1.841,-5.9146,-6.0114,8.0778,8.9889,8.7059,0.4621,6.6603,8.8778,2.3214,-2.2797,1.017,5.9761,9.8632,7.5272,-8.523,7.88,5.0056,6.8873,-4.6525,9.8042,-2.766,0.4174,9.7298,-0.3872,5.0671,5.5556,-7.842,-8.3336,5.1493,3.0367,-9.9098,-4.1013,6.267,-8.8023,2.5449,7.4573,-0.7925,0.7854,-2.8879,5.6378,5.0343,-6.2772,-6.2518,-6.651,2.381,2.2498,-2.2677,2.6692,-8.085,0.6734,-7.6101,3.2395,-8.3669,2.986,-9.3634,2.8102,8.1782,1.9845,-1.6473,-0.9284,-4.0868,-5.8851,-1.7141,7.7124,5.2428,-9.7486,-5.6308,9.2367,-1.1349,-1.9276,1.2293,1.2792,3.7789,0.8396,-9.7353,4.4445,1.9925,1.4769,5.3998,-9.5406,4.1851,6.5829,-0.2132,-8.884,-4.8168,-6.7769,-0.9517,3.9096,-3.2335,7.6888,-4.3942,-1.494,-8.2377,-6.2087,7.3944,4.2571,7.9542,-9.4214,-8.4149,-6.2182,-4.5504,7.8789,1.5208,7.1929,-0.6946,5.4555,4.5103,-5.4119,-8.365,3.508,2.037,2.6448,-9.0606,4.4404,-0.673,5.5455,-0.7189,-0.4886,-0.5856,7.867,5.6333,-0.9572,-6.0151,-1.5985,1.3921,3.8169
-7.0845,4.2585,-2.726,5.5797,-2.321,7.9633,5.419,-9.1114,-7.1603,-8.7221,-4.3363,-2.1405,-9.4601,-3.3101,-5.4838,-5.2663,9.1263,-2.3589,6.675,-7.2084,-3.5448,0.7369,2.0774,-6.2978,6.0419,-4.8174,-1.6471,3.536,-7.2999,1.089,1.8617,7.7585,-5.0707,0.4034,0.0882,-9.0168,-9.1598,-4.4005,8.3477,-4.5225,0.5781,8.4109,8.7752,-6.6819,5.76,2.7336,9.6453,-5.4832,-0.0596,-5.6937,1.7049,5.6282,-1.535,6.2086,0.587,9.328,-9.5782,8.0239,-0.6751,5.5126,9.8331,4.738,0.714,8.9685,-6.4456,3.063,-6.38,1.1617,-9.7565,-6.4774,1.0274,-9.9234,8.1247,7.3841,-0.8222,5.8462,2.7936,-5.3072,-4.9585,-5.4237,-2.4162,-9.1936,6.1885,8.0263,-9.3453,-2.3175,0.6291,5.3702,-2.4085,-8.9482,-9.4724,8.739,-6.3245,9.0809,8.3916,8.6368,0.482,-2.4579,-3.1824,8.1802,-8.6745,6.5039,5.6588,3.0342,-7.8126,-1.4698,-4.9443,-8.2624,-3.3538,-5.3052,-6.6418,8.4494,3.4207,-7.4916,-7.9231,-2.3287,8.9923,-7.1693,6.393,5.5262,2.6129,8.1376,6.2734,5.8968,7.4856,-5.6987,3.3525,-2.0697,-9.2623,-8.6783,8.3823,-1.1789,2.2387,5.9261,2.2852,-5.6555,-4.2878,-8.8625,-9.2914,-2.4619,0.6241,1.3399,6.0416,-9.6272,1.8077,-2.1168,3.6024,-1.8591,-8.7685,9.5861,-7.2869,2.7048,9.5549,4.9769,-5.4879,-3.1118,3.3191,0.9019,-1.3292,6.9499,-6.3384,-0.9375,3.8837,-0.0683,-8.524,7.7251,-4.6821,-7.6275,-3.0497,3.1261,-9.6269,-9.5496,9.2836,-7.7157,2.2919,-8.6155,0.1761,-5.8205,-4.5568,-2.3692,-3.3748,-3.6874,9.1978,8.5984,4.4282,6.3495,-5.3152,-3.2711,-3.8867,5.1284,-7.8672,-5.1626,9.9634,9.4607,6.0836,7.8085,-0.8501,1.8396,-6.2731,8.8393
-3.8742,-0.7065,8.5876,-5.6977,2.3714,4.0798,-9.4232,-9.7502,3.1088,2.8072,1.9737,2.0076,8.8154,5.6883,0.2598,-8.4403,-8.3507,-8.6651,-9.7635,6.6517,-6.9493,-3.4615,-1.0787,-2.5555,8.0534,-3.3861,8.9709,-7.0723,6.936,-7.679,5.2051,1.1943,5.1408,-6.8168,-5.8948,-0.7228,7.8121,2.4798,-8.3364,6.4941,6.4901,-6.084,-7.5323,-8.0974,6.3914,3.8058,-7.6557,1.3906,9.2545,2.344,2.8835,6.6441,0.6558,-4.7548,-9.6015,-5.5848,4.9619,6.7404,-8.8485,8.739,5.298,-5.2599,9.7301,3.1744,6.051,6.2796,7.4819,-9.6283,7.3879,1.2531,-4.3821,-7.5129,5.1444,-8.1108,-5.4532,-2.8152,7.2854,-3.2734,5.5567,-3.6455,-3.1692,2.7525,9.8529,-4.2431,-3.9795,3.3283,-3.4354,-4.4645,2.2019,2.8996,-7.1714,-1.8338,-8.3088,1.6136,-9.9054,-9.337,0.3711,-3.4767,1.5167,3.4827,2.4515,-3.8212,2.9858,8.6237,8.4426,0.5451,9.5761,4.9125,-6.6605,-2.8808,-8.1467,-5.5015,3.4254,4.2216,-4.6904,3.5178,6.925,-8.4777,-7.4524,-6.7939,3.477,8.3953,-6.4827,9.9261,-0.0024,-4.1427,6.7863,-3.463,0.7601,-5.9553,-8.0866,6.8505,-5.9995,-7.2825,-2.8657,6.1619,9.0389,-6.1176,-1.6093,-0.4992,-2.2999,-3.3604,-6.2934,-8.5707,-2.0857,4.3372,-4.5743,4.2197,0.3007,0.5892,-1.6381,-9.9326,-1.876,-8.2165,3.7323,8.1648,-1.5487,4.5377,-0.5666,-8.6179,3.6579,5.0603,4.439,-4.5389,8.209,8.418,-2.5427,3.7975,-0.3021,9.7316,-8.8439,3.2541,-1.1926,-6.2113,8.5989,9.1921,7.2379,6.0855,-5.7378,0.056,-3.6785,8.433,4.377,-3.4607,6.8718,-0.3568,1.2561,-0.3168,-5.8067,-2.7851,1.5278,-1.1152,-2.1852,-1.1398,-9.565,-2.6604,-7.0783,-6.0125,-5.064,5.6128
4.1048,-8.5883,-2.4377,2.3376,0.6448,-5.9988,3.7952,-9.5399,8.5866,-8.8942,7.7627,8.3637,2.0651,3.1367,7.879,6.1163,-8.2885,-3.3531,4.2437,-7.3947,0.778,4.5659,0.9446,-7.0098,7.7585,0.3246,0.8472,1.9377,2.0198,-6.4976,5.5328,-6.4954,8.2031,2.8832,-7.1348,1.2951,0.8031,5.1949,2.1624,-0.5037,-9.8535,-2.858,6.3331,5.004,3.0639,-1.9935,0.3831,5.6709,-3.2601,7.9099,-6.1684,-6.7611,-3.03,-0.1562,5.1086,-8.8069,-5.809,9.5302,-3.7522,2.2123,5.5211,7.944,-1.231,3.0628,-6.0424,-8.3449,-5.4814,5.9214,6.3514,-5.43,-0.7557,-3.795,9.4531,-6.9809,-4.0226,7.5451,-3.308,9.9293,-1.8131,5.1364,0.5752,2.9795,-2.3796,-1.029,-2.7627,-1.9732,9.5585,3.6716,6.7809,-6.2079,6.7134,-0.8844,7.6054,6.6454,6.2674,-4.6167,4.4887,4.4081,7.9075,4.9768,-8.551,4.3048,-2.6307,-8.8447,3.623,-3.8618,-9.1124,1.9309,-5.3887,2.6464,-7.6617,-9.7239,-4.944,-2.8918,-1.7365,-2.9155,9.104,-4.6627,3.7432,-9.896,4.3229,6.5692,-4.9685,3.0998,4.6389,-5.9817,-8.214,4.7102,1.2363,5.3176,-8.617,-3.4289,-7.4925,-7.4057,4.8181,-5.1973,-0.6369,9.0014,7.5561,6.823,-5.1133,1.0972,-2.7326,9.9297,4.0279,7.9381,5.6865,2.6822,-3.9231,-5.4459,-8.6014,0.7571,-1.9177,7.0593,-2.2803,1.8523,-9.5848,0.2264,-2.6152,-3.2022,3.1687,-3.3103,5.472,8.7277,2.4313,2.9309,4.7656,-7.7643,-1.1545,-1.835,8.1987,-6.0156,-5.2037,0.446,2.1183,2.0711,7.1147,-0.0207,-1.6469,-8.4643,8.5789,-3.5471,9.7331,-3.9191,-2.7732,-9.7328,3.268,4.2579,0.594,9.2217,7.8605,-3.0408,2.7676,0.5535,-8.6766,-6.4147,-9.5704,5.7061,-1.9387,1.4513
0.9477,-9.7965,5.7678,9.1629,5.4984,8.5049,1.4972,2.1377,2.8211,-3.3044,5.6086,-9.5088,-1.7671,-8.3648,1.1957,-6.2585,-4.603,-1.3281,6.2502,-9.7704,-8.5257,1.9372,4.1202,2.6265,-5.8316,3.9134,2.9389,-1.9672,4.4014,-2.4607,6.9631,-5.2456,1.6002,8.608,-8.8156,4.1693,-3.1547,-5.3541,0.1211,4.7261,-0.0301,-8.775,6.4198,-2.6474,-3.027,3.7036,-2.8822,-2.7876,-1.8582,-2.1876,-7.1116,0.0942,-7.3123,-5.7476,7.1064,5.4878,7.4971,-9.6398,2.7081,3.7078,-8.6677,-8.6622,-1.3476,-7.1706,-7.4795,-3.4038,-1.8474,-6.7222,-5.7116,-4.3837,1.875,-6.7503,0.6713,4.9375,-2.4865,-8.4295,6.0595,0.1023,-1.5398,-1.9609,7.6089,-1.1469,-9.2727,5.0448,-2.191,2.125,0.6277,-5.191,-0.8617,-1.0047,8.135,0.6173,-5.2499,2.1168,-7.3358,0.6365,-1.1802,-7.2355,-4.7998,6.3138,5.35,8.0558,2.5688,-3.3422,4.1942,-4.9633,-9.9287,7.85,6.3751,-8.8212,-4.8182,6.5051,3.3539,-9.8141,-2.5067,-6.7355,4.4676,3.0174,-4.4734,2.4816,7.1327,2.2572,0.0261,8.4074,-9.9025,-5.039,-5.4543,6.3021,6.329,1.6225,4.7789,1.8596,-6.6872,-7.5472,6.5885,0.3816,0.6992,-2.918,8.1377,0.9134,6.1439,-8.2549,-8.3501,-9.6111,-5.4212,7.0841,-7.9358,-6.6695,6.8458,-8.1131,7.986,4.4636,-7.8655,-1.8195,4.346,-7.8556,-0.9596,8.2556,6.3426,4.858,7.1521,0.6591,-9.1751,-4.1504,-3.5488,3.2526,-7.4124,-3.027,4.3363,-0.5187,0.0058,4.0547,2.3401,9.5883,0.3253,7.3878,1.2482,-2.5584,7.1479,-3.4168,3.7076,5.8114,4.6403,4.4881,5.3094,4.7234,8.9054,-5.7825,7.0716,-8.8979,9.1048,-1.2094,-3.8369,-3.5389,-6.5569,9.8795,-6.9532,-5.2761,-5.8752,-6.1464
-3.3972,-5.2457,4.2106,4.1239,7.4399,-0.3324,2.508,1.4162,5.9684,-0.6856,5.4735,-2.2661,-6.9822,-5.5592,-2.4418,-4.2723,-8.3054,0.3382,8.0071,0.7933,0.9878,1.9008,7.532,-3.6468,-3.05,-0.5814,-0.7395,9.6717,-8.6225,7.0772,-1.8799,0.6112,0.2619,-4.9975,7.5323,5.6436,9.581,-6.8835,-3.5608,-6.2208,6.7699,-1.8311,7.2686,-1.7781,9.3391,-7.2502,-8.4669,-0.4122,1.8339,7.9046,-0.3533,4.1772,7.4523,9.7797,-8.3027,-7.5045,-3.4287,-5.5202,-6.974,7.7149,3.8243,-8.5878,-3.5084,-7.8507,6.3274,2.4171,-8.109,8.9692,0.669,7.0692,-0.5107,8.229,7.3163,-5.7171,-4.4996,1.5253,-1.4939,-2.3065,9.8919,2.84,3.8013,4.0373,-3.7198,0.4049,6.5946,1.9957,9.854,-5.3045,-0.5154,1.8947,-0.9866,8.0601,-7.2939,8.6297,-1.4378,0.3926,2.1535,6.4176,-2.0986,7.2342,3.6292,0.7306,1.7156,6.2342,-1.1665,3.3185,9.0152,3.93,8.108,7.248,-0.2304,-3.0846,1.0187,4.2799,6.8382,9.9534,-8.8293,3.6636,5.3845,-1.0774,-5.1709,1.6687,-2.4402,-9.3113,2.6886,-9.5102,6.8845,1.6225,0.2508,-4.2749,-2.2818,2.1622,9.0384,7.3321,0.7186,-9.5079,-4.087,5.4542,3.3308,5.5813,6.3997,-0.6444,-2.0787,-7.9039,6.782,0.1089,-8.1098,-6.4072,0.1831,4.3762,-9.8615,2.0054,-8.0589,-0.7229,2.2945,-5.0876,-4.2061,3.7779,9.1116,-3.4632,2.3231,2.6306,-2.4653,-6.9851,-8.371,-6.1328,0.5803,1.6619,5.6704,8.1782,6.4844,3.7999,-9.4177,4.067,5.9679,-4.3954,-7.5837,4.859,-4.9382,1.9259,-0.1619,7.7394,9.1919,-4.7251,2.2277,-6.364,-4.6785,-3.4839,1.2507,8.7449,1.5265,7.6977,-0.7896,0.3964,-9.0729,-4.7313,-5.6118,1.9974,-9.5545,8.0904
-9.7119,5.5558,-6.1097,7.5977,4.0353,-8.7962,9.6928,7.9889,9.0235,-8.0717,-2.0218,-3.1178,-4.5681,4.1169,-1.5257,-7.9708,-4.5356,9.4114,2.0686,3.7816,-8.5831,3.8865,1.2399,-9.5954,-1.731,-0.1553,5.2394,-3.4658,-5.8122,-1.8236,-9.7738,9.334,4.6245,-8.1802,-2.6039,9.3256,-9.9689,-6.3931,9.5025,-5.4026,4.1212,-1.0505,9.8438,8.1773,-1.3122,5.5075,-1.4465,-0.3252,-2.4974,0.5963,8.0936,-7.3626,0.8852,1.772,0.6165,-9.7106,-4.7951,3.2617,-9.1076,5.4852,-8.716,8.7492,-2.3578,-1.2241,-0.4692,-9.5476,-0.8803,8.2423,-2.5903,-1.1742,3.628,9.0535,3.2806,8.0994,2.2086,-9.5357,2.6715,3.0906,-3.4417,0.8254,3.6811,6.9554,-5.381,0.9105,8.4032,-0.5902,-4.8062,-4.191,6.0278,2.2235,5.5736,-5.9304,9.7369,-4.8928,5.681,-1.4222,-1.7861,-6.18,3.6166,-5.1455,-5.346,6.8033,4.5578,-1.3726,9.0859,-7.5737,2.1873,-1.524,-1.2571,0.3955,-3.1742,-7.4788,3.7811,-9.9559,-0.2704,-1.6504,-0.7643,2.3745,5.1892,-9.2283,7.5553,6.8064,9.4967,2.0866,-7.1024,6.0916,8.2578,1.6557,-2.5788,-1.2653,6.7921,1.631,9.8568,9.705,-3.1322,-1.1513,-0.5454,3.4178,9.7877,-7.7874,5.4798,-4.3781,3.8925,9.5257,6.4713,5.1311,5.8356,3.295,-6.8195,9.1517,-2.4751,2.3322,-3.5251,-0.246,-1.982,5.1078,-2.9886,-3.9823,2.6104,2.7661,0.2695,-0.0942,4.783,7.0592,5.1817,-4.2154,0.3353,-4.7385,2.6525,-5.3621,-1.851,-2.8748,7.2405,2.846,2.2251,8.1167,5.5742,-5.0055,7.1812,6.5334,-0.6205,-3.6326,-0.7924,-1.4892,0.281,7.3429,-6.569,7.2133,9.4953,-3.3689,4.2871,6.5951,-9.1081,0.5153,-0.4576,6.6373,-7.4426,6.1031,3.3092,2.2468
-7.5367,2.2707,2.7326,6.1593,-4.0529,8.5659,2.955,-2.0508,-7.9385,-5.4834,8.49,-4.2773,-7.843,-7.59,-9.3671,-7.3248,4.3993,-7.7178,6.6286,-5.3458,-7.1429,-4.418,3.9803,8.301,0.7981,-9.6401,7.0717,-3.8874,5.7589,7.3014,-6.4884,-1.5195,9.2956,-4.1026,4.8978,-8.6921,9.4664,-3.1554,-5.9512,-6.0223,7.9833,8.584,3.7067,-8.2951,8.4067,4.8663,-9.1687,7.9283,2.7369,9.0787,9.769,-1.3179,-7.796,6.0652,-8.4796,-8.4296,9.4013,-0.2445,-7.6077,7.7387,4.5703,5.667,1.5823,-5.9588,-8.5391,-8.7767,-1.0622,5.073,-5.3994,-9.6994,-0.2437,5.494,-3.8422,-1.4894,-3.7302,5.4467,-5.3598,-0.1158,3.5027,-8.9078,6.3226,9.864,-6.6519,3.1577,-7.9687,5.9369,5.2855,3.2043,9.5963,-4.4512,3.1633,-7.2296,-2.4705,-5.7939,8.9185,4.2392,-3.8411,-9.0694,2.6985,8.4846,-1.2466,3.2589,-4.9014,0.1478,-7.4852,-7.3147,8.5111,5.7371,-0.615,0.4046,0.13,-2.1476,8.343,4.9468,-7.5125,-0.1016,0.846,-1.6638,2.5063,8.4937,-4.3307,-8.0305,-6.2586,-7.3747,-6.4532,-4.8036,6.0361,4.3238,-6.1561,-7.6415,6.0626,2.9214,-2.9477,3.8215,6.979,-7.7273,-4.7295,0.792,3.0352,-8.0129,9.9179,-8.9623,7.9505,4.6306,6.4901,0.9959,-4.1734,7.8995,-6.1299,-6.9111,-2.0077,6.4818,-6.189,7.3774,8.0565,-3.843,-5.7643,2.5052,-8.9402,-6.4743,5.3641,2.9273,7.5519,8.9153,8.926,-7.7045,-6.6136,-3.4014,-1.2686,-6.1154,-3.6619,-5.0849,-0.9444,-8.4409,6.1128,-4.035,1.492,4.9706,-5.3543,7.7491,0.8239,-5.3159,7.4322,1.2281,5.9111,-8.8515,9.3831,7.7426,-5.324,-0.172,-2.4703,-1.7605,-0.0722,-0.4116,-5.7599,0.7343,9.2644,7.5642,0.4016,7.4146
0.0495,-0.1979,2.7461,2.9616,3.5463,7.4401,7.733,-0.8522,-0.9701,-4.1031,-2.7803,-8.3024,6.9305,3.4857,-5.0344,2.2489,-7.6974,-9.4515,-8.8463,-6.3009,-1.2091,-4.015,2.5333,-9.4081,0.0471,-8.7241,6.6431,-0.623,3.3799,-1.3998,-9.5017,-7.9504,-8.2788,6.6693,-6.6218,-4.5003,-6.6147,-0.5218,-6.5481,-7.3527,3.1537,-9.3703,2.3146,-3.4029,-6.3708,0.8073,5.0238,0.7347,6.0625,-9.5695,-9.3102,3.3188,-6.0168,6.3598,3.5895,-7.37,-9.2677,-9.0979,-9.2079,-8.0801,-9.4173,9.7916,3.9651,6.8971,-8.6608,9.4836,-2.7104,-6.7245,-4.7208,8.9169,3.5219,1.4883,5.303,9.014,1.4868,-2.1551,-5.9554,3.9037,0.727,6.9915,-7.7356,1.3516,-2.843,-7.0547,-7.9324,-2.1836,-5.3917,1.6107,0.2396,-0.0116,-6.7515,5.3901,-6.5408,-9.7759,7.1499,-7.0152,6.8467,-9.4537,-9.1261,3.4005,-3.0968,0.6033,-0.6155,1.0231,-0.529,-3.28,3.2316,9.4888,6.3828,3.7229,5.0918,7.6573,-9.5656,2.1777,2.8229,4.0035,-8.2355,-6.185,8.7235,7.5333,4.6124,-4.4642,6.4943,-6.444,-0.0055,1.4283,2.6105,-7.9387,4.9629,0.6754,-7.8401,6.2734,-3.122,-5.8533,-1.242,8.0557,-7.4821,-5.9566,-9.3041,5.1164,3.6458,2.3595,1.4238,-6.2887,6.6937,-0.4301,-3.2485,-8.2832,-2.7647,0.0779,4.2338,-7.9392,-4.6341,9.3197,-2.4037,7.1734,-7.0983,-2.8739,-4.4711,-8.3316,-5.0989,6.7855,-1.4848,4.8184,-6.6161,1.4474,7.5748,2.6662,5.2416,-9.2134,3.7285,-2.3673,-1.8226,-5.1099,2.3174,-2.9797,1.7943,6.8498,1.5471,1.9874,4.2298,-4.4122,-8.3205,-1.8964,-3.9767,-5.9086,-3.4139,-0.4514,-7.5103,2.5802,7.653,-5.3043,-7.6691,-6.1603,-8.0381,-7.7122,5.8378,-0.6329,5.1518,0.176
7.786,9.644,-7.7153,-7.9633,7.5473,-0.3508,-0.1265,-5.6214,7.4526,8.8942,7.7349,3.3539,-5.3469,6.9023,3.4457,-3.2724,-8.6373,2.4673,-6.0706,-1.9938,-7.9789,4.3299,-9.0839,-6.7966,9.2868,-4.7173,-8.1153,6.513,-9.2779,4.8659,1.2941,-0.7901,4.1715,-7.3684,-0.0641,6.4058,-6.2438,-8.2983,-1.2849,7.3134,2.3469,4.3513,-4.7528,8.2083,-0.9772,-1.9359,6.3403,9.7311,3.7114,6.5919,-0.4751,1.5455,7.2254,-4.9786,-9.6547,2.8927,4.0337,-0.0409,-0.5338,-3.8487,3.7481,6.7823,2.1585,-9.3256,4.4548,4.8199,-9.1687,6.4344,-9.7981,6.6703,5.4815,6.0669,7.206,9.2933,-0.1771,9.4133,0.6725,-4.1433,1.1281,1.0659,1.0088,-4.2502,-5.3518,-3.9461,-5.2758,1.5081,3.7113,-3.774,6.449,-2.1009,6.8494,2.4485,6.1085,6.2627,-1.7621,-7.5591,-2.4534,5.6625,-8.408,9.7115,4.2066,-1.6529,1.5251,-3.8152,4.6918,-7.2251,8.7101,-7.9543,-5.9694,6.5958,9.089,0.3161,9.1912,-1.5552,2.4962,-8.9591,-4.4986,-6.0439,6.1506,-6.3795,1.2452,-6.2076,6.5056,-3.5586,-0.6016,9.2092,-3.2684,6.4798,9.5221,2.9991,-8.2168,-6.7657,-2.3609,0.935,-5.5466,5.9731,1.3346,-4.6908,1.5894,7.9273,-2.9365,8.4239,3.0073,-0.5088,-8.0423,0.859,-7.0476,-4.9182,-0.9283,3.4286,-9.8637,-0.5249,-4.206,3.1319,-8.0438,6.5534,8.6985,-0.1634,-6.1337,-3.4235,7.1153,-8.1607,3.0461,0.1333,-3.8978,-1.9211,-4.1815,-4.3793,-0.7883,-3.645,8.6511,0.2636,5.4084,-6.7076,1.9065,7.3201,7.4501,-7.6486,0.7262,3.8402,4.8613,-4.8917,9.7213,-8.5705,-8.3406,3.6725,4.5527,-1.1091,-1.2975,-7.9024,2.8384,5.1826,-5.0741,-4.6858,-1.2395,6.222,9.692,2.7465,5.7309,3.4013
5.0575,-9.9614,-3.5741,1.5338,5.9364,2.4729,-0.9997,-5.3845,-8.6211,-9.391,5.2822,-4.7664,-4.405,-7.8704,3.4935,-2.1678,-5.2944,-4.4428,3.9557,3.5463,9.6556,0.8835,-7.306,4.7732,9.2011,6.3313,1.4275,-7.7549,4.9248,-7.1526,0.705,-3.3121,-7.1872,-1.216,-3.8933,2.6329,9.101,8.9688,6.4577,4.2101,6.2826,-9.1322,6.5753,-8.4548,0.6416,-9.6307,-9.0643,7.4298,6.2645,1.6531,2.3077,5.7716,-9.8276,3.4872,-7.3423,2.7722,7.4746,-8.8299,-1.6904,-6.6579,-8.4175,8.8775,0.1983,-5.2479,2.3544,-2.7189,9.2906,9.8203,7.5138,-7.0965,-0.7748,4.8234,5.0341,9.6899,-7.5228,6.8351,3.3372,2.5389,-8.6222,5.054,0.9395,-6.31,-2.6257,-8.9503,-3.2003,-4.3443,9.0,7.8232,3.3899,-2.6596,-0.2733,8.0804,-8.1427,2.5598,-3.4809,9.8641,-1.7836,2.0978,2.5087,2.4447,-1.6035,1.1532,2.9794,4.978,1.8317,7.7017,-3.0595,-5.8112,4.3176,5.3348,9.0422,7.821,2.1924,2.6978,1.8522,6.3852,7.8712,-6.9455,-4.4942,-3.4744,6.3132,-5.7731,-9.022,0.8938,8.1879,-5.3941,2.455,-6.2001,-1.6958,5.1041,-8.168,-4.1532,4.7058,-6.2928,8.296,6.131,2.2889,-4.3529,-6.5503,3.5996,-7.3348,6.9249,9.0708,-2.6597,-6.2079,-5.6845,2.8088,-2.0334,9.3267,-8.2419,-6.4764,4.249,0.1486,-4.4822,0.5402,6.3829,-6.5192,-0.4843,6.6098,7.0657,1.1302,-0.5086,8.0606,-6.2621,-1.2226,-6.7331,6.4588,2.703,-0.9527,7.1124,4.4345,-3.6289,-5.1127,-0.8405,-3.0495,-7.8828,-0.9116,4.7733,-4.9741,-1.3712,-9.9822,-0.1221,7.6255,-1.0044,-5.0142,-3.2867,1.8635,1.5501,-0.0417,0.0117,6.3241,8.5378,-9.1383,3.592,-4.5872,8.4199,-2.7702,2.9413,8.4878,2.9199
-9.5271,6.8269,-5.8521,-4.32,-9.0618,9.583,-4.9171,-7.1267,6.6417,0.7976,-1.347,-8.5905,-7.9149,7.541,-5.1341,-6.2802,-8.2568,9.6577,-4.1788,2.5137,-9.352,-0.0911,1.1933,4.9339,1.046,3.3995,-3.0119,1.6431,2.5373,-6.9863,7.8678,5.8597,7.7595,-5.4848,-0.9233,1.6056,3.8362,1.387,-4.4264,9.6889,3.7226,-4.705,0.3015,1.7748,4.1029,2.7692,-1.4135,-6.1127,-2.2589,3.6367,5.813,-7.4621,-6.045,2.0096,-9.7905,-3.7771,-1.6278,-9.2805,4.3034,-4.0127,-7.6724,-7.0206,2.8148,-4.7228,2.9495,-7.9325,1.5175,5.369,9.161,-3.3566,-8.3178,4.6644,6.5707,0.7394,5.6937,-6.1959,7.2325,-7.3338,-2.502,-2.1888,4.9038,0.9945,4.1651,0.6266,-5.746,-4.9355,1.2127,4.1454,-8.1557,1.6413,-6.3156,5.3891,7.916,-4.7081,8.6385,5.9255,-0.2011,6.9545,-8.6272,2.051,-9.2811,-9.9952,7.4069,5.6088,-6.1461,6.1415,6.8685,7.3273,9.0222,3.1398,-3.2331,7.9724,8.6794,9.38,-2.8719,3.7527,2.3714,-9.8061,-2.3385,1.6631,-3.3582,-3.9632,1.7903,-4.4086,6.2491,-2.4666,1.558,3.4769,-3.2354,7.8777,-8.5186,2.7897,1.7424,5.3061,7.4185,-3.9681,-1.9524,9.0768,-5.1101,-9.6582,2.4334,-0.4297,3.7635,-0.4869,8.4619,8.0623,5.4648,-8.1275,1.5017,-7.0377,-1.7323,4.0758,7.7063,-0.4942,-2.2648,-6.9363,4.9086,9.6934,7.6148,-4.5411,-6.9165,-7.2139,-8.6517,1.5954,-7.3767,3.8277,8.1746,-7.5257,-0.0109,-2.0233,4.4396,-8.8901,7.6626,6.3798,4.1482,-7.2235,7.8599,4.0488,4.2112,7.6542,0.4139,-2.1862,5.6871,-7.1263,1.9461,-3.4277,1.3429,1.8631,-5.8946,-4.8192,8.41,7.6334,-5.3452,4.8455,1.2384,0.4064,-9.0949,-6.4825,-9.8204,-2.7913
-0.0848,1.3309,-7.6212,-4.0244,2.7559,-4.4188,9.8265,-7.7513,9.419,-3.4868,3.5288,1.9225,-9.2561,1.3122,0.6077,-1.8671,-1.4645,7.299,1.6193,-5.0861,-9.3428,-1.1981,3.7965,1.2822,5.6855,4.1378,-2.1001,1.8786,1.243,-9.774,9.8773,-3.1461,-8.76,-0.0266,7.0899,-1.2228,-9.6344,-7.0295,6.9974,-3.7367,-7.6202,4.7523,-9.9723,-6.3044,-7.6341,-9.4442,0.9676,-9.6752,8.394,-2.3973,-1.3065,1.3853,-7.1247,5.8375,5.4463,-6.8844,-3.2599,-0.1414,-0.5536,-8.9772,-5.1464,3.5666,1.1589,-8.305,-9.3347,1.5001,0.7016,-7.7459,6.068,4.352,-0.9251,-7.2012,3.7442,5.1198,5.6439,6.6391,-8.9724,1.5616,8.9208,-4.6181,-1.4339,-2.5249,-9.9753,-5.0233,8.1711,7.3356,-6.4937,5.3432,9.267,5.9734,-3.6405,-9.1442,8.2879,-7.0266,-6.0392,-6.2472,3.1105,1.5396,-1.8617,4.245,2.601,-7.851,-2.7331,9.0962,-6.9876,-9.9325,3.5104,3.3477,4.028,3.9964,9.3634,5.2112,4.7641,9.4934,0.7894,-6.4404,-7.7173,-9.8137,-4.8266,-9.9403,5.6772,9.9093,2.3363,-7.9735,-7.6186,-6.7184,7.2587,1.852,5.4384,4.4981,8.5406,-4.723,-6.8071,4.6495,9.7114,-2.2163,9.9231,5.1224,5.1391,9.5981,1.1462,-7.728,9.9816,-7.4465,4.2099,3.5945,7.1149,-3.5767,5.3549,-7.099,0.1741,-8.5887,5.3878,3.0846,9.6934,2.2229,-3.7871,-3.9203,6.763,-4.0256,7.4696,-7.7667,7.9389,-0.5379,1.7358,-9.6306,-9.3774,3.4907,1.7204,6.2579,-1.4914,2.4315,3.1346,1.3151,5.1584,5.2014,1.5039,-2.1048,3.6105,7.5385,-1.1484,-6.9752,2.5279,9.3806,1.4364,6.9196,-7.3773,-6.9862,0.3292,-9.7342,-1.7428,-6.4075,5.3774,-7.411,9.3948,-1.2542,1.5456,4.3927,4.2513,-6.6784
-7.7273,-6.9753,7.6421,-6.3608,-6.2968,-1.7725,-8.8963,-3.4956,-2.0641,-1.0432,-9.4924,0.7968,-7.1562,9.7151,5.562,-1.7466,0.3692,-7.8443,2.7208,3.4491,1.1397,3.6016,5.9362,-4.6866,-6.6111,-3.7499,-1.2323,5.3124,5.8585,-9.5452,0.9779,5.1902,1.1627,-8.6336,8.3324,-3.2389,3.3127,3.6914,3.0629,-0.0309,9.9756,9.5752,3.0057,0.1372,5.594,3.2395,-5.5506,5.6414,3.1344,-1.6207,2.9501,1.6352,1.1494,-0.5339,-4.1763,-3.0191,-5.5255,7.938,-5.1472,0.0958,-5.7179,5.1726,-0.7594,-2.9817,8.1344,-0.6407,0.9731,9.8023,8.2409,9.4658,-4.8478,8.2229,8.2739,8.3899,-0.4406,-8.8288,0.0502,3.1832,-8.7265,9.1115,5.7972,4.4716,3.0858,4.2992,1.6779,-7.1692,-4.3614,-2.5869,8.3324,8.1047,1.703,-7.601,-7.8037,8.9057,6.8648,5.903,-1.943,8.4048,7.5853,-9.0919,1.916,7.9048,-3.262,8.7147,-6.7217,7.9624,8.0395,-9.3041,-6.5688,-3.6406,-4.3155,-4.2366,-4.0596,4.0434,-6.3629,2.4651,-9.5414,2.8931,8.9407,1.2118,1.5551,2.5103,-5.0512,-5.307,-3.9699,-4.7361,-5.777,-1.2109,0.6419,-7.7827,4.6599,-7.4829,8.3044,-7.496,3.8177,-8.4724,3.4801,9.0317,6.1073,-0.7366,-2.5825,-7.3139,9.6193,0.7678,1.0063,-6.7237,-6.7386,5.1782,-2.5284,-4.575,-9.5649,5.0564,-4.8755,3.7942,-4.2641,-4.0336,8.0629,-7.3071,4.0452,0.012,-6.5389,-1.5176,9.2351,-3.5343,2.2192,-9.7878,-7.9213,7.147,0.4261,2.158,-7.9155,-7.1511,-5.2924,-3.2728,0.2965,-8.6989,6.991,2.1497,4.6409,-3.3491,1.5555,5.7225,-1.3517,0.4974,0.5437,6.3795,5.3868,-4.3533,-6.9861,-0.125,2.6358,-2.9635,4.1987,-1.1966,8.155,8.344,7.5793,-4.3455,-8.0219,-2.9449
-7.668,-8.6593,-9.8415,-8.343,-0.2696,-8.8342,-4.3935,-8.824,7.8785,8.1381,-4.9609,-3.5963,2.2168,-3.3327,6.1676,-9.809,-1.202,4.4813,5.6379,-9.9364,9.6727,8.7923,2.7502,-3.8316,-7.7781,-6.0667,-3.6853,-9.0375,-5.7985,3.2328,-0.2339,6.8551,8.2155,2.4792,1.3105,0.2435,-8.9348,0.7794,3.6624,1.3787,-3.3498,-9.4238,4.5874,-7.1719,-3.9121,-6.8952,-7.4789,5.8203,-5.6291,-3.2184,-8.8421,4.0847,3.3809,-3.6507,-9.5633,1.2949,5.9343,-0.2071,-3.5153,-2.9904,-2.4336,-6.0939,-5.4094,-0.915,-8.4658,1.9346,4.3304,2.5842,5.3541,-7.6204,-3.8443,8.5219,-5.822,-2.0852,-4.9834,-1.51,8.9324,9.8142,-0.1212,3.6233,-2.7136,9.1116,-7.0387,-1.8528,-8.9758,-8.1774,-5.8305,6.3547,-0.1417,-4.2678,-7.7075,-9.6628,-4.1309,0.4243,-4.8246,5.8593,-1.1138,-1.6173,-3.6801,-6.6888,4.733,-0.0495,-6.5809,2.9657,-9.8589,7.4442,-4.5579,-9.5062,2.4863,-4.7857,2.7516,-8.5956,-0.6485,-4.7235,-5.8412,0.111,8.5081,-5.6385,8.0583,-3.0432,2.3361,-3.8953,4.974,-4.5962,-0.3923,5.7826,-3.6305,3.4069,6.0031,4.0214,-5.4192,0.6968,-9.0125,-6.389,7.6478,6.6608,5.0094,-4.7591,-5.5095,-1.5484,0.718,6.0544,-1.435,7.1131,-4.0163,5.6458,6.5425,-1.8494,3.9607,2.4094,-6.4244,-2.3453,3.4877,8.8587,-3.7784,-7.825,8.7564,5.7328,6.0647,-9.9077,4.9742,-6.9489,-0.6183,-0.7426,-2.8529,-8.474,2.6766,-2.5951,6.3263,4.7082,7.9917,-4.2653,-4.4691,-3.2446,-3.4397,6.113,-0.1091,-4.9671,6.4003,-7.793,0.3751,-5.9642,6.4107,-8.2576,-9.2018,6.1403,7.0087,-3.0898,6.2886,-0.9076,-3.2889,0.9542,-7.3241,-6.5013,0.6517,3.1006,3.6589,-4.9689,-0.9251,4.939
3.6603,2.6041,-8.0735,4.529,3.4633,2.2396,0.7719,4.3589,-6.4271,-3.3584,-3.3521,-4.4296,2.6368,4.1602,7.0891,1.7386,-6.5455,8.7976,1.5457,0.5255,-5.241,-1.2015,2.4837,9.8953,-1.3068,-9.752,-7.7608,-4.2256,-2.3609,8.8663,2.6941,-5.9941,6.6571,-6.2978,-6.8513,8.5489,1.5311,-3.9975,-4.5295,-0.9013,6.4048,-2.4774,-7.9425,-1.6559,3.5281,7.4972,8.2174,4.9441,6.4031,7.2428,-4.3494,-3.8771,3.3244,8.7704,2.1171,8.0304,3.8393,-3.3905,-7.3221,-7.675,-2.7996,4.0138,8.1042,5.8718,9.5801,-2.5645,8.4095,0.3486,0.0872,6.5086,-7.4745,1.9319,-0.4013,-4.5063,1.3311,-5.4439,-3.9303,6.9131,-3.1471,1.2655,7.4638,3.8916,4.8362,0.6465,-9.6588,8.0493,5.5119,8.5853,-9.5848,4.3651,-0.9465,-3.7894,-8.8885,-7.8114,9.8402,-7.5276,-1.7697,3.7221,3.2499,-1.3645,-5.2183,-3.8284,1.8788,7.6317,6.1302,7.0385,-8.4939,1.5272,-1.9024,4.9152,7.6433,-2.1799,5.0841,-0.7538,-3.7342,-1.7984,-7.4814,2.5283,-8.0506,-6.049,-4.4224,-0.4328,-8.9321,-2.5416,-7.7004,-9.713,-7.8521,-1.1855,-5.9067,-3.1066,-0.7116,-8.2267,-6.6544,-5.5457,-6.7255,7.474,-7.7152,-0.084,-4.9866,7.4231,-4.5486,0.8931,-3.4654,-7.779,0.385,7.4575,-3.6626,-9.7954,5.0491,3.1489,0.9449,-7.9788,-3.456,-1.0272,-7.1666,-7.9375,2.2752,-2.4698,2.7657,-1.3907,-2.8635,4.8504,4.5514,-4.7894,9.2764,7.2794,-3.5804,1.01,-5.7154,0.5252,6.558,6.7796,-7.0019,9.9829,-8.5137,9.7201,-5.92,-0.147,9.4948,-9.5056,0.1892,-8.9241,-0.9735,-2.593,-6.9965,0.4108,5.4385,-2.8681,5.9548,8.5995,-0.7896,-9.4227,7.1732,2.0846,-2.2872,-2.6971,6.2048,7.784,6.048,-5.7408
5.1102,-3.4628,-4.5549,6.7634,9.5523,-0.1744,-1.7351,-6.1025,1.8109,-7.8901,8.9451,7.5895,-6.5851,-7.9768,-6.2445,-2.1132,5.9309,-1.6982,8.8377,-4.6773,6.427,5.3599,-8.8671,7.9725,3.9812,-2.8082,8.6045,7.3774,2.3242,1.3159,-9.4972,-8.8161,-7.451,2.2307,-3.2319,-7.9978,6.1937,0.0758,6.1848,4.0468,5.4503,0.9393,6.8964,-1.0937,-7.7366,-6.5735,-0.3672,-5.6062,3.0549,4.6466,1.6953,-7.7101,5.6086,-8.217,-3.7412,-4.5211,4.8972,-0.48,-3.4176,-5.2386,1.6802,-6.1986,-9.094,-6.9788,-5.5438,7.0941,-6.6396,2.6123,-9.0427,-9.1682,-4.6501,-9.6178,5.7657,-9.9968,3.3011,-1.3527,7.0718,-6.6504,6.1409,-9.115,6.5116,-5.9306,9.3003,9.1482,-7.1725,2.4646,9.8535,4.1644,-9.8563,7.0712,-1.6532,-8.8591,5.0296,-6.5588,-8.5703,-2.2934,-5.2808,-7.0799,-9.2977,-4.3197,-7.478,-6.8558,2.0706,-5.8864,-7.3639,7.4477,9.1632,-8.4676,-4.9039,7.9872,7.517,9.3592,2.5359,7.1649,3.6723,8.095,-7.9041,7.8236,-5.1096,1.5089,8.6806,-5.7916,-0.192,4.3263,-0.6826,6.2356,1.5662,8.4903,-8.6743,0.5002,-0.0023,3.4871,-1.2601,8.7196,9.4889,-5.934,6.797,8.3456,5.7835,3.1248,9.7712,6.2292,8.9187,-4.2255,7.2644,5.8139,-4.9671,-7.4884,8.3844,2.5532,2.8471,9.1307,-2.3196,1.8063,3.3671,-1.1633,-5.5247,-4.7761,-0.0444,9.7585,8.4255,3.7665,1.96,-2.0954,9.3094,0.6277,-6.1858,-9.2813,1.1013,-6.2843,3.6459,-6.2614,-5.2456,4.9122,1.7278,-9.9407,9.8108,-4.9693,-7.3816,2.9866,4.8417,-8.8463,1.936,5.1248,5.773,0.3588,-3.2714,-2.7383,-9.7028,-9.3354,-5.3687,-2.7608,-0.8826,3.4623,8.5416,-1.3206,0.0644,8.9897,3.514,3.4666
-0.6385,6.3938,3.0908,9.9124,9.1798,-6.9021,5.5271,-2.2228,-5.1642,3.6092,7.9351,-5.2091,9.2773,5.2385,-9.3521,-0.0256,4.7952,8.7843,-5.8231,8.7432,-0.7031,-8.0849,-6.1609,1.4344,-8.2105,0.0258,2.1932,5.7629,8.7837,2.7133,-9.0604,1.6356,-9.5002,-4.6918,3.8605,9.5187,-1.7578,1.7251,5.9816,1.9151,7.9125,-4.1403,2.2015,4.3182,3.2106,1.4086,-0.2161,-6.0027,-6.2604,0.503,2.2513,-8.6893,0.2582,0.8859,1.0073,-7.0053,9.0695,-6.9509,-2.8021,-5.0622,7.3384,7.278,-5.3984,1.2128,3.9315,-6.4696,2.1917,-9.7713,-0.2189,-5.2463,-5.5126,-1.4606,-2.7292,3.4298,8.8172,-9.5695,-1.9203,-4.9419,-1.5721,-2.1657,-6.7401,2.7893,6.0519,-8.493,-6.3768,0.4254,5.7853,-5.7498,1.0038,9.3962,-4.1303,7.2278,0.0742,6.5392,-3.2482,8.8598,-5.8182,7.9346,-9.9819,-1.4005,9.2649,4.0256,2.6199,-4.3774,2.4656,-1.2208,0.8036,-9.8571,-6.4508,6.316,-4.1781,-8.8404,8.2753,-3.1024,8.7377,-6.0368,-8.0926,5.5781,-1.9316,7.9941,-6.9599,-8.3257,-7.4632,1.4395,-2.0618,6.0573,3.7312,-3.3759,-9.4424,-9.5165,-7.9395,3.8043,-0.5079,2.3389,-7.1234,-5.1768,2.6645,-0.2859,-2.8853,0.8742,9.7016,5.2637,4.8458,-9.7637,-9.6575,-0.3881,-7.8775,7.0548,-9.5155,-5.0284,7.0042,-1.8927,-5.2807,6.0564,-0.2539,0.7949,-7.1704,-2.2764,-6.5095,-3.6615,7.6121,-4.3452,-2.6617,9.9598,7.5001,-4.4009,8.9926,8.3946,-3.2998,-2.3201,-4.5974,-8.905,5.2333,-5.5043,-1.4526,9.0795,-8.5494,1.8155,1.2412,-2.3257,-5.8407,5.2378,-9.0618,8.6502,-9.3005,5.6986,-0.3331,-8.228,-4.9927,8.1285,0.4211,8.5218,5.0207,-6.8818,-5.9347,-4.0275,3.8743,-6.6847,-6.9897,-9.7091
-4.3728,-7.0723,-9.7143,1.0405,4.8751,6.2095,1.1915,4.6462,-4.8859,-8.0814,7.2095,6.0588,6.0708,3.7891,4.0564,5.8409,1.9781,0.9986,4.4119,9.7707,4.8923,4.0222,-4.3641,-4.4397,4.173,-9.0177,0.6641,4.1451,-9.7394,-0.8505,-2.94,-3.1948,-8.9678,5.017,-6.8073,-2.4691,0.0854,-9.5711,4.2104,1.1203,0.7274,-4.8938,-1.8249,1.7803,6.3119,1.9669,-5.1299,9.2904,-2.2096,-8.4636,-4.6509,2.5084,-1.0921,-0.133,8.7457,5.6824,-9.9961,-6.5263,-9.7365,1.3403,2.3659,-9.8409,5.5846,-2.5673,1.5346,6.1971,-5.6808,-0.8523,-8.4583,-2.0882,-0.1069,-4.6453,-0.9742,4.0447,-7.9344,-6.7639,-3.5707,7.6212,8.7421,0.2006,7.8359,-9.1134,6.3936,-3.7585,7.6811,-7.6684,2.4396,-1.2487,5.6665,-2.8645,3.569,0.3964,6.6524,2.6869,9.0252,-8.4609,0.7385,5.2841,-4.307,-4.3681,5.3091,-6.6581,-4.4698,2.0405,-7.8906,9.4493,-8.4071,5.6341,-7.1469,-0.2258,-9.1361,8.6051,4.7748,-0.1563,7.9115,9.492,-9.8754,6.2797,-2.3166,-8.6,-1.6149,-4.1188,9.476,-6.0202,-8.1283,9.5335,7.6145,-2.5261,-0.3329,-6.4284,5.4279,1.5449,-5.7478,8.8004,-3.3674,-3.7956,-8.9946,-3.615,-3.2815,-5.2859,7.1259,1.2831,-4.3075,-3.4613,2.1239,3.0111,-9.6894,-1.4883,-7.0167,-5.523,9.9232,7.9897,-0.9223,-9.4594,3.3268,-9.0909,1.0011,-7.6712,-0.7734,-2.2056,-9.1607,-7.3085,0.5872,8.2852,6.2184,-7.2445,6.5451,-4.1482,-5.6625,0.0581,1.6807,9.6466,2.534,6.2439,8.6154,8.3142,-7.5532,-8.6285,-0.8373,-3.9431,-4.1032,3.7504,-7.5506,8.8861,-7.2219,7.2047,-6.9587,-8.3032,-3.5743,-7.1505,-6.2092,1.2247,-3.7177,9.1665,-6.352,4.1497,6.8879,9.1704,-9.1633,-9.6083
-4.299,8.6027,0.1319,2.9451,-1.4704,-0.8582,9.0797,7.4011,6.6532,3.4485,-0.8593,-3.6676,-2.3874,-0.5616,-0.9744,1.016,2.7829,5.2817,3.3372,6.4271,5.0762,-6.3311,-8.0909,-3.111,-6.0095,-6.4369,8.4201,2.1189,-8.0578,-0.96,2.8997,-1.985,5.4599,-1.5439,5.0772,-5.963,6.4915,-4.1896,-6.6328,0.2384,9.0323,-1.1946,-3.9317,-8.9585,-0.4083,-4.6165,-7.3655,-2.2879,-4.314,-5.5601,0.8473,1.3214,-3.2679,-6.5499,-5.4126,0.12,-4.7465,-8.6814,-7.3676,-2.534,7.0447,-2.1469,-3.7214,9.5023,2.3846,8.2597,3.4385,-2.0935,-0.4247,-0.2348,7.5579,-9.3234,-6.2892,3.3961,-2.0951,1.8778,1.5567,-2.2177,7.4334,4.2172,5.8551,-9.0847,-4.4579,3.6182,3.0326,-4.7887,-7.7435,5.0887,-5.6523,-2.5886,4.4315,-3.3398,5.8449,1.3483,9.2463,-1.6476,-8.0963,-7.8841,6.3154,7.1356,-9.944,3.522,4.3255,9.8817,-4.854,-2.3916,-4.2095,3.9827,-6.3778,5.5878,-2.8926,-1.3375,-5.0714,-0.7357,-2.4105,6.0371,9.3878,3.3443,-3.908,-2.8605,-2.8978,-6.0701,-4.5153,7.2112,9.7266,2.7269,8.2624,6.0235,-4.9068,-1.879,5.8652,-4.0056,1.2876,1.7631,0.2629,8.115,9.9984,-7.9199,-1.7026,6.7123,-3.7566,9.7011,-4.7067,-1.866,9.2139,-8.8104,7.1333,-0.9193,6.3062,-4.6208,2.3119,-6.5112,-1.0278,7.9923,5.8562,3.9253,9.0688,8.2318,9.6602,4.0049,-0.3017,9.4523,-5.3525,-6.4316,5.942,-5.6339,-9.9597,-8.0289,-4.2226,7.5924,-9.5395,7.2023,-6.6854,0.3156,-8.8048,-4.1072,9.9159,8.6973,-3.4216,-4.4218,4.7648,-1.639,-1.263,-0.9185,9.4322,-9.0982,-5.5041,-2.0145,4.4457,2.8275,7.8784,-1.2916,0.6868,1.0457,4.1128,7.7988,6.5363,6.5142,-2.2637,-6.4238
2.8701,9.7843,6.633,-8.9995,3.191,8.8807,-1.5967,-3.1812,-4.3309,-9.1221,0.9326,-0.8865,-5.9658,2.6145,5.1069,-8.4814,-8.0572,0.3487,-4.6758,3.7303,-6.6536,0.6119,-7.1446,2.5021,6.1876,4.2159,-4.8285,3.7664,-0.4968,7.208,-0.778,5.6003,9.0215,1.0527,3.419,0.8032,-4.012,6.9486,-4.7559,-2.8326,-3.7804,4.001,7.5394,1.2356,-1.8042,5.4358,-2.9239,3.0442,0.5401,-2.3059,1.775,5.306,-6.0087,0.6353,-2.0874,7.4087,-9.4148,-5.313,-9.112,0.1322,3.7494,-0.7064,8.8128,-2.5146,-0.2769,-2.6186,-4.9056,-3.7818,-4.4952,5.9741,6.3842,5.0986,9.2791,-5.0781,2.3746,9.13,-4.7807,-4.5695,-6.9629,0.2811,-8.436,-3.8505,8.2436,-9.845,-0.4302,-6.0896,-6.9096,1.1511,-0.2014,-0.7053,-4.678,6.4207,-4.8054,-7.8719,-9.4124,7.2939,-3.6061,-8.0989,2.4256,-7.2665,-4.0237,4.6214,-9.1812,-2.383,-4.3114,-0.3288,9.3865,-5.7938,-1.274,1.0167,2.278,-6.1729,-0.9944,-2.9063,-8.5244,-1.3189,-2.5041,1.4768,-0.6264,-8.5575,8.5883,7.5252,-7.6576,-6.0004,9.03,-4.1436,6.8939,4.4649,-1.223,-1.8622,7.4595,-2.1188,3.6785,9.6364,-0.3122,-7.0053,-4.6769,7.3274,-6.5726,8.9662,4.9636,-8.7115,-1.2643,-9.1022,8.5273,3.814,-0.2979,-9.8314,-0.634,-2.8922,-4.2744,-1.5131,-3.5695,-5.185,-7.6612,2.9789,-9.5217,6.3955,5.7717,6.5433,7.9822,-3.4285,6.9728,-8.9524,4.0369,8.2145,8.1728,4.3358,7.5536,2.6703,0.1971,-8.1765,4.9326,4.3346,4.161,9.2292,9.5611,-7.8413,9.9621,6.0205,8.4775,-7.4806,-5.6551,-0.7871,-8.8383,-0.8148,-6.2218,5.652,-2.3411,2.8485,8.8673,-1.0674,-3.6252,0.4013,5.9857,5.7219,4.4533,5.686,-1.0941,-9.1655
1.4111,-3.1473,4.8423,-5.8945,6.6721,5.0952,2.7303,-1.8589,-1.906,-6.7448,1.9845,9.9086,-9.9782,4.7965,6.8169,4.5045,-1.301,2.9612,6.486,-8.0019,-4.2415,3.1584,-2.3959,-4.8204,2.6557,2.2552,-5.4648,-4.3941,-2.5628,-9.8313,-5.2737,-8.051,3.898,-8.6656,-8.5137,1.5184,-8.2559,-0.3336,3.7285,1.7496,-0.1222,-7.9512,-2.2281,1.1236,9.9595,9.3399,-4.3917,0.0389,-1.4809,-8.3363,5.3495,1.2732,4.3378,0.1151,6.7562,-5.5833,8.3603,-3.0468,-6.6674,-7.2778,-0.8353,0.6802,-5.0096,0.5915,3.8689,-9.403,-2.774,-2.6962,8.6824,-9.7898,4.0802,6.6911,3.5863,3.4522,-7.4951,0.8438,7.1668,-9.0821,6.4585,4.4448,0.6504,0.4514,-3.5795,-8.062,7.0303,0.2486,6.6464,4.8508,-7.8306,-1.5577,7.337,-3.0979,-6.9767,-0.7293,-8.2392,6.9784,-7.0911,8.4672,3.797,-9.4433,-0.5207,-8.5523,0.4672,9.7575,4.5955,-9.4153,2.5866,-0.5631,5.6001,0.591,-7.1543,-0.9861,-2.592,1.3752,-8.9556,-2.2171,-8.4657,-2.7971,7.5829,-7.7894,4.9017,-2.2923,-1.2634,-6.2422,4.1388,8.3541,-9.3215,2.6867,0.7491,9.7734,7.7312,-4.6627,-4.7901,7.1521,-2.6971,-1.4354,6.4476,-9.6467,0.129,-1.6054,3.7691,-1.5395,6.428,-3.4378,7.0168,8.1511,-0.3224,1.2566,0.382,-7.3277,-8.508,7.2916,9.2374,-7.3789,6.656,-6.3868,5.0613,-9.4992,-1.3199,7.7656,7.9727,-0.5157,1.641,-3.2672,-6.0591,0.849,-0.7191,-5.6122,-6.2397,5.6834,-2.6742,6.16,-8.7302,9.1841,6.4834,6.382,5.239,5.8684,1.8985,8.8088,-5.3123,2.5605,-3.7662,-0.5144,4.5,1.2435,1.3182,-1.7023,4.2291,-4.5322,1.5309,-1.6488,-9.3751,9.2217,5.4012,-9.7994,2.0974,4.5249,0.2553,-3.9647
-0.9494,-3.8347,-1.1198,-9.4241,3.0569,2.8103,8.894,7.4598,-6.5978,-7.8245,5.1792,-2.5521,8.8115,9.8715,-9.9996,-5.3173,-4.91,5.0267,-9.8693,2.2099,8.876,4.686,-3.6614,5.1637,-1.19,-3.5972,-1.7912,-4.4066,6.4582,-1.1544,8.6599,-1.3124,4.1915,-4.4794,1.2203,1.1033,-1.9994,2.4974,7.5611,5.0673,-3.3813,2.759,-2.5564,-7.3132,4.6137,0.8282,-2.717,2.5877,-9.367,5.0602,7.4406,-4.9434,5.5266,5.7006,4.6984,6.0131,4.5712,0.5372,7.5538,-6.1685,5.6012,5.3007,-9.3072,-0.5379,-2.2785,-9.9073,9.4822,-7.2637,-1.6702,3.8706,-4.7535,-3.0584,-2.548,5.6612,6.924,-2.8985,-4.5609,2.4793,9.1744,1.9122,9.9634,5.896,5.602,-9.9549,6.5644,9.253,0.4202,3.425,-0.1555,-3.3253,-5.3943,-0.1455,-1.1929,-1.4997,-0.1966,-4.996,-5.11,0.6193,-0.1409,3.0526,-7.574,-9.1329,2.5627,9.9987,-9.4881,0.963,7.079,-4.4867,4.607,-0.8276,-5.3484,4.3252,0.9817,2.9733,-3.6984,-2.0346,1.0363,-6.3716,4.8441,1.9827,0.9833,7.1734,-4.2201,-7.0744,-7.4003,-9.7164,-4.245,9.7834,-2.9081,-5.5852,7.9214,-2.2205,-9.0718,-7.9481,2.56,8.6548,-1.664,-7.1487,0.8759,8.4494,8.462,4.8611,7.3175,9.3269,-5.6963,-0.3446,-7.7136,9.6128,-6.5388,-9.3627,6.5299,8.4998,2.5202,-3.5394,-2.6207,-1.0428,9.1915,9.7889,-9.5775,-9.6293,4.0124,-6.8962,3.6839,-9.5781,-0.3785,-6.12,7.3465,2.8524,-1.4896,-2.3392,-7.0594,-2.7555,-2.0105,4.0825,-4.7165,-7.0818,0.3165,5.0665,-9.8181,5.469,-3.6534,2.0076,1.2855,8.4289,-8.1855,3.991,3.5088,1.2199,6.8204,-4.9016,3.3477,-7.494,-0.6375,0.0782,-6.1572,-1.8609,2.915,9.4746,-9.0631,-7.0151
6.9538,5.2729,3.006,-1.9866,-0.074,8.14,7.7623,-5.4247,-0.7517,1.7226,7.8744,5.8411,-4.959,3.6222,0.1815,7.9221,-7.5097,7.6778,-5.4731,2.9854,1.0902,-1.6788,6.9139,-5.5441,-5.2738,-2.8938,-4.5414,-6.4066,-3.1079,9.3895,-1.4705,5.5498,1.1348,9.7594,-1.539,-5.2854,-1.6012,-4.4029,9.7332,0.0208,-9.1999,0.7124,-9.6421,-8.1113,-8.1007,-6.3442,6.1307,6.2212,-7.8485,5.5395,4.9771,-9.614,-3.9336,-5.612,2.8014,4.6996,-6.6977,1.8313,9.1131,0.2171,3.5924,-9.9112,6.605,-2.3128,6.2137,7.7134,-9.2963,-4.2517,4.2179,-2.9844,-7.5485,-9.4944,3.5965,-5.9456,5.3787,1.6277,4.5494,-4.2273,5.026,-0.3192,-2.9274,1.3629,5.1113,7.1065,-2.6159,-3.0321,-9.9879,9.8797,7.5151,9.24,4.9681,-6.909,-8.2787,2.8539,1.4193,2.8707,1.5507,0.159,8.8528,3.4103,-7.6111,-2.3687,-7.9464,2.1994,-6.0212,-4.497,-1.2923,7.3486,7.9191,1.8295,2.1803,3.9547,4.193,9.5015,-9.3809,-0.244,0.2058,-3.1999,-2.1213,-7.1037,9.5905,-3.3196,1.7078,8.5013,-6.7964,-7.9414,-3.9206,9.2457,-7.8297,3.0833,-3.7789,4.8583,3.2608,6.0027,1.45,9.6905,-2.3195,8.6932,8.6711,-4.4813,9.5567,-5.2821,-0.0445,-9.0075,-4.8089,-1.958,-2.4003,9.0219,-6.5464,9.0928,1.0303,3.7664,-5.6213,-2.1017,-5.1809,-5.5807,-1.8471,3.1152,9.6454,-8.6632,-9.3895,-1.1368,-8.3483,-7.4461,-2.9452,-3.7247,6.1063,-9.2672,-2.6711,-0.2952,8.2296,5.2945,-6.1974,-3.4985,-5.1697,8.3539,2.8129,-4.5048,-0.5126,-0.3618,9.4274,-0.0012,-2.5532,5.4551,1.8232,8.7802,0.1223,5.6527,9.5499,-8.5934,6.0669,6.0316,4.1957,-7.7127,3.3859,-6.6839,-1.2867,2.3831,-3.9038,4.2854
-8.9076,-8.6052,3.0451,-7.3842,-1.4183,9.1844,2.3149,3.5769,-8.7344,9.2593,9.3765,-9.4776,-7.3912,0.661,-4.3249,6.6942,-7.5136,9.7046,-6.165,-7.5506,1.3018,-8.4651,-9.1662,8.6489,-6.754,-4.1096,-3.2885,3.569,1.1176,0.4694,-1.1597,9.8433,1.9854,-5.0947,3.2911,3.4558,-7.0037,6.4696,-6.7899,9.6822,3.5742,-2.0426,2.2049,2.6545,-5.1161,-7.3751,-8.1118,4.0597,-1.9477,9.9536,-3.5881,7.9212,0.8276,-8.6882,5.9821,-8.0455,-5.1249,3.7228,-8.8681,1.1359,2.2611,-7.0075,-9.431,8.5812,-6.3012,-3.7412,2.4367,-2.2663,4.5629,2.093,-7.6818,-1.3391,1.6794,9.5765,-8.1006,-8.5541,-3.68,4.9756,-0.4519,-1.2104,4.484,3.2684,-8.8299,0.673,-1.2577,-4.9743,0.8457,-7.2487,-0.5666,-2.8432,-3.2966,-4.239,-9.9514,-0.9174,9.1811,4.774,4.272,-0.4996,-4.437,0.6357,9.4223,9.922,-8.1159,7.6967,-0.3012,-6.9633,-4.7171,0.8626,-7.2497,-4.8398,6.9155,-4.409,8.776,3.7532,-6.7605,7.9903,-6.4214,-3.7626,0.7274,-6.1249,9.5712,0.8136,1.5803,-6.9608,4.6053,-5.4671,-4.5475,9.9657,-7.2929,-0.8187,0.0535,2.1263,-1.6753,-3.647,3.9157,5.7741,4.3194,-2.798,8.2971,-8.5835,7.2316,6.0751,-9.6119,-4.1304,2.6162,-3.24,-5.1401,9.4133,-0.0172,-8.1836,8.6854,-9.3324,8.4683,-3.3629,-4.1876,4.5714,1.7368,-3.9935,3.1999,4.686,-5.9271,-3.5717,0.414,-5.9498,2.7558,7.5435,4.2303,4.0054,3.048,-2.245,-1.9002,-3.0554,3.0473,2.2709,6.382,6.9959,1.4993,9.1513,5.9745,7.5673,-9.827,-8.1337,6.2686,5.0777,-8.5418,6.9614,-4.0112,-8.4642,-5.8992,0.2526,-7.531,5.051,0.2026,-0.1355,1.5722,-6.6865,4.6912,3.3859,-9.7917,2.0303
5.1944,-9.5375,-4.7714,5.2045,-6.0137,-5.1473,5.0928,-9.0867,0.3054,0.1758,5.2257,1.4783,-7.9733,-6.117,-9.5524,-8.3195,3.9902,0.7945,-7.4888,2.6638,9.0254,-5.2545,-5.5195,-9.221,-6.279,-1.9705,-4.0722,2.0609,7.6495,3.1828,-2.2208,3.4896,0.5694,5.3701,4.9554,2.0192,2.6638,-1.2854,-0.7275,4.5379,5.9631,8.7134,-2.9044,4.01,-7.3277,9.0284,4.1356,-6.2792,-3.9272,-9.2716,7.7856,-2.3959,-0.1986,-1.6188,3.9565,3.7705,-9.2899,9.5871,-4.2091,-9.0432,5.8008,9.5402,-5.5702,-8.2136,-3.3017,8.3586,8.9097,-9.5948,0.9679,6.1512,-4.1025,-5.4369,-3.442,0.3695,4.1162,1.296,4.9559,-0.0786,-4.6163,9.6303,0.5096,-9.9356,9.1357,1.2582,-6.1644,8.2007,-9.0263,9.8461,4.6163,5.3706,9.3718,8.5651,5.9531,-5.2943,4.4155,-6.2234,-0.6488,-6.4941,0.8379,2.6167,9.472,8.4642,5.5567,2.2668,1.923,4.8223,6.8078,7.7418,-9.2757,9.9787,1.7658,-3.492,-3.8649,-7.798,-3.212,8.1287,-1.8541,-8.8725,-8.464,7.2425,8.7535,-6.7056,2.4441,8.2283,-8.5828,-9.4874,-6.3013,8.0568,-4.6016,-6.2065,4.8825,-7.2903,-4.6162,-1.8081,0.1285,-5.8015,1.8338,-8.256,4.0465,9.3125,7.9374,-0.8731,7.0364,-1.8444,6.7693,2.3569,1.4204,4.2207,-1.3864,-7.319,-1.6691,-2.2829,-2.6025,3.2639,9.9862,-2.3911,-6.9221,-0.0258,4.5907,-6.2091,4.2716,1.5204,-7.981,-7.9053,-1.4945,9.7706,-0.4002,-9.9145,5.3751,6.7448,-0.3746,8.0785,1.0442,-9.7424,-1.2417,-1.592,-4.1298,9.5817,7.9691,-1.0058,-2.3039,3.9992,-6.8753,8.7088,-2.7057,-9.0012,-6.0143,-9.5841,-4.5906,-3.7938,0.1508,-6.2037,6.2434,4.5326,8.9884,9.4466,-8.9047,-5.5763,-9.7126,4.3458
7.1749,-0.6222,-2.4026,-3.6547,0.1573,-8.9754,-0.5779,-6.8886,3.1977,6.14,-0.4071,-1.1606,6.7222,-4.8521,-5.8342,-0.9651,-6.2424,-0.3705,3.5588,2.7639,-0.4435,-0.9323,3.4253,2.2561,6.4868,-2.2105,2.6036,5.1083,-9.6881,0.5034,-9.4806,2.26,-7.1166,5.0006,-7.7444,8.0201,2.1523,6.7989,3.4795,4.93,-5.5481,-7.4314,-6.7958,-3.575,-8.0208,3.7177,-7.8545,-0.1729,9.8142,-9.7511,7.7494,-8.4595,-5.5829,-9.9375,-9.2674,1.2184,0.2805,1.32,3.0082,-6.9464,4.4141,-4.8234,2.7562,-2.6527,-6.5869,-8.7154,3.6778,-9.541,-6.5466,-2.37,7.162,-0.25,4.6586,2.0997,-9.8159,-1.7806,-8.931,-8.6557,-3.1695,-4.0982,-7.6042,-2.9351,-7.6398,6.9449,-6.9725,0.8752,6.0473,6.2419,9.6696,2.2035,0.9199,1.5554,5.3059,-5.7864,4.1154,-2.5111,-1.6654,-6.3515,0.299,-8.4619,7.1497,9.4767,4.4107,6.0573,0.1896,1.0125,-4.0206,0.0882,4.1893,6.9015,-9.5976,4.6374,-3.0446,-1.3555,-9.1227,-7.0201,-8.2381,0.183,-6.181,-2.0755,7.5627,-7.6391,9.3832,-5.3308,-9.5793,2.9433,8.3996,2.3941,-6.2542,-1.0084,2.238,-3.8144,0.8182,9.0273,3.1924,3.5346,1.9863,7.8113,3.796,-4.8831,-2.0459,7.1819,-4.6341,9.8036,-6.1723,2.9817,-3.3595,-8.5676,0.635,2.0144,-4.0219,2.894,-3.944,8.6808,8.3131,4.8425,5.9064,-2.0461,-6.885,-1.3076,-5.7145,2.1504,-2.9933,4.3942,-2.0089,-9.1378,-8.0172,5.8428,2.4399,9.7604,3.097,9.5752,-5.6167,4.4024,-0.9893,7.2229,6.4852,3.9172,2.4552,-4.5828,-3.0578,-6.7759,-1.8003,-4.5069,9.7231,-0.054,9.6727,4.6088,-8.7661,2.1966,0.5933,8.641,-3.5493,-7.68,0.1554,5.7451,5.1613,1.7955,7.713,0.8897
-3.8613,8.3188,8.1227,7.2743,9.5695,4.3371,-3.2809,6.9791,-5.0808,8.1582,-0.6695,4.68,2.1139,0.7704,0.6952,2.5912,9.0636,-3.1025,8.1632,-2.8754,-7.917,-3.493,-7.9442,-5.4761,-3.7272,-1.8869,-3.6145,-2.4917,4.7359,-7.4435,-9.1993,-3.1186,-9.5258,-2.5975,-0.6151,8.6207,-8.2008,9.3649,6.41,-1.0226,1.3158,4.6768,0.3173,-0.5324,-6.6383,9.2432,-0.8445,-2.6344,3.9329,4.1704,-4.481,4.2796,-5.6844,9.5656,-2.567,-3.7413,1.5673,8.1223,-1.9502,2.5075,-9.8627,-0.6133,-7.8472,6.5461,2.6543,-5.2613,-6.4928,-0.7552,-5.7137,0.2027,2.804,-8.2146,-4.515,3.6768,-9.8203,0.264,-1.6346,-5.3875,-4.0094,-2.8167,0.0467,-0.1163,9.6443,-9.4842,5.6755,-8.718,-4.634,0.4111,1.828,-5.4217,7.573,-9.2809,-1.7537,-0.9646,-8.7562,3.5629,9.9831,5.6778,-1.983,-7.5867,-2.9991,9.3581,-9.9638,4.2033,-9.4033,-4.6084,-2.1334,3.5908,-9.6615,-2.774,1.3107,-9.195,2.4465,-5.0781,8.565,-5.7561,-8.0137,-8.7832,8.4205,0.4097,-6.2405,-0.6307,8.3573,-2.5299,6.0547,-3.2275,4.8054,6.1603,8.771,-0.9448,3.7866,4.7505,6.1016,4.0305,6.7299,2.8517,-7.9482,-2.3289,-0.4962,-7.2162,9.0773,0.7708,4.0285,0.1941,-0.4187,-8.9661,-3.2149,-0.8236,5.3565,4.3087,7.6977,5.9904,-9.6097,4.9724,-2.3454,-2.938,6.4347,0.2346,-2.7423,4.8857,-3.069,-7.0151,-2.5334,6.648,4.8382,8.0243,-3.7241,4.8141,-2.9456,5.0056,5.8148,-0.631,-3.1593,-1.3502,3.864,3.8909,-8.2626,6.3837,7.9841,9.6607,3.7718,9.4211,9.4456,7.86,-9.3109,2.6657,-6.6352,8.8597,-8.5819,9.8529,9.6435,-3.2449,7.794,6.102,2.9587,-9.6883,7.3246,-8.1079,-0.815,7.1148
-5.4738,6.8888,5.7943,-8.9962,-9.0051,4.5335,-7.4616,4.8921,-8.559,6.1212,-1.2371,3.6156,6.2647,0.8215,0.0621,3.692,-1.6869,-9.6785,-7.4137,-2.9495,5.283,8.6457,-6.0468,-6.6665,0.7468,-1.8449,2.5752,-2.5954,-1.7676,9.6876,-6.9312,-4.3558,-2.1872,-5.8546,4.1531,2.0407,-4.2127,-1.4302,0.6855,-5.0423,-0.7807,-2.6285,5.6672,2.0917,5.9943,-4.2374,-9.9764,-2.8731,-1.7362,9.3406,2.8876,1.2588,3.6395,-3.4668,-8.6771,9.6164,7.5937,4.1268,-6.8069,2.174,-9.1917,5.4523,5.7724,-1.2008,2.0289,6.497,4.1471,-3.7398,4.7474,-4.6992,-2.0385,0.6671,-2.0843,6.7884,-9.3897,7.5918,2.5248,4.5138,-5.9512,6.0495,8.3603,6.1433,-4.1359,-6.4954,6.7706,9.9622,1.4536,-8.1906,-5.6889,1.1029,5.6615,0.2521,-0.0569,3.5191,0.5579,-9.4174,3.1481,2.2277,1.9653,1.8941,-8.9114,-4.2894,-7.3557,0.9918,-8.2258,-8.6686,-1.4753,-9.6275,-1.011,1.7317,5.7179,-0.1008,1.9983,7.1391,-0.6054,6.6643,7.2111,-5.5624,7.7916,-1.2088,-4.4461,8.3819,-6.2855,5.2665,-3.2899,-6.6677,-1.3819,9.1718,7.5082,-3.1138,1.7538,9.311,4.3033,-3.0731,7.0775,-6.104,-0.6097,-3.0592,-7.077,-5.0275,2.7003,3.2551,8.3716,2.8538,7.7135,-8.8846,-2.6601,2.4362,-3.2007,-9.2672,2.3539,-5.5152,5.5977,4.5379,-6.9542,1.2089,-0.1131,-6.9452,-4.6161,0.8946,-5.7061,-6.6458,-3.9617,-1.3298,8.4158,3.2727,7.4264,7.6258,-5.0431,2.4352,7.5231,-3.5113,2.4354,-6.138,2.0086,3.35,-6.7069,-9.4642,-4.656,0.14,-0.9753,-7.4605,7.4178,1.6604,8.6102,-8.8955,0.5756,-4.7467,4.7325,0.811,-6.1435,9.0519,-1.9185,3.6517,-1.7256,8.0556,-5.1733,-1.4849,6.1744,-0.4833
5.3308,-4.6957,-1.3047,6.2161,2.0885,8.9672,-1.1321,-1.4001,-6.3798,3.3472,5.9517,7.9913,0.5652,2.8552,-9.0483,5.8982,-5.5754,3.8103,0.0041,0.4826,-4.7301,-2.5369,-1.5076,-7.5539,-1.5215,-6.1781,-8.4644,5.821,-0.0073,6.0143,0.3096,-6.5203,-1.8956,4.8301,-7.0634,-6.5114,8.2782,-2.3581,4.7557,-4.4599,4.0842,4.652,-4.3405,8.0005,-0.9762,6.632,5.3362,-7.4853,-5.7599,-9.8298,9.5044,-9.9457,-3.0648,-3.5775,-5.0154,-1.3989,-3.1683,-6.7908,-0.0864,5.6397,-3.9204,-9.7796,-9.4939,-2.8207,0.5661,-4.2512,-4.0866,-1.1879,8.5169,-1.9366,-1.8185,6.1469,7.4234,3.3319,7.7849,4.2409,-5.5119,-8.2544,-3.6141,7.6272,-6.2599,-6.7469,8.9996,0.8398,-4.5804,8.6459,1.8384,1.0665,7.1058,-1.5766,5.5669,-5.4669,-7.4745,-1.0762,6.7869,4.7162,-2.4637,9.3583,-1.4172,-2.9002,-7.0362,-9.6352,1.5434,7.4823,0.5915,-2.2002,1.3763,9.1234,7.0431,4.9259,-6.2521,-4.5133,2.2692,8.672,-7.1079,9.1602,-1.7667,-8.4184,6.0387,9.3177,6.8306,7.9723,-6.6874,4.7764,-1.6804,-7.6598,7.2932,4.8457,-9.579,5.9377,-7.6314,3.1714,6.6528,-5.2187,-2.1399,-8.1527,-8.6167,-0.6506,-3.0074,-9.008,9.5823,-7.7949,2.1038,-1.7802,7.7136,8.5697,0.8041,2.7928,-4.1635,4.1643,0.7313,-0.4358,0.2968,-8.0241,-0.0423,-3.5688,-5.2458,5.5487,-4.7009,8.2344,8.6971,6.7543,2.8025,6.9079,6.053,-5.1691,0.905,4.6638,1.6638,7.2775,-1.407,-9.914,-1.6776,9.6061,-2.7066,1.6635,6.8469,-2.5294,0.8971,2.0683,6.1554,8.5915,-1.2047,-4.3491,9.7011,1.6413,-0.5059,-6.3811,-2.3672,4.009,9.0155,-6.2905,2.7054,7.5405,7.6996,7.4063,-8.5127,-9.0492,2.913,-3.876
8.2271,0.5183,5.4481,-5.6658,7.9627,3.4509,5.7675,-6.8052,-7.3832,0.2504,2.6326,-7.6582,4.2479,0.9315,7.2251,-5.781,-7.5091,2.5486,-9.9722,4.1566,8.4565,-0.5882,-5.1615,4.3973,-2.6748,-4.5897,9.1428,-3.9072,3.9646,-7.8863,-9.782,7.5377,7.3467,9.2825,7.6241,2.1451,-1.97,-5.9213,6.3074,-1.5845,-9.7458,6.5941,4.1245,-1.8767,-8.5418,0.8881,-3.5673,-6.9379,5.3054,4.1909,-3.9099,-7.7086,3.2042,-0.1121,3.3619,-3.0816,-4.4524,2.902,6.2613,-1.0259,-8.7952,7.3173,-7.8463,4.3825,-8.2311,-9.6256,4.5935,5.1911,-8.4241,-8.7035,8.9195,-4.1973,3.98,-6.7588,0.5772,-0.4546,0.1125,5.8796,4.6425,0.5722,-5.6174,-5.9733,-5.0476,-7.12,0.1641,-5.8724,5.0602,-7.4635,0.4627,-6.7502,-0.101,-3.1081,-9.2094,-8.9432,0.7191,8.1968,-4.4883,-1.0428,-5.5158,-2.8818,9.3101,-2.431,-0.4034,-9.4398,0.479,-3.515,-5.6179,-3.7499,-7.0343,1.6594,-4.319,7.791,3.5021,-5.5522,-3.0174,4.5122,-4.6115,-2.875,3.9487,4.9896,-6.8866,2.4114,-4.9563,3.4808,-0.3491,-3.0878,7.6902,5.0429,-9.4009,2.1136,5.8156,5.1049,-4.3703,-2.0804,1.6323,-4.6036,6.7528,8.0745,-7.1964,5.6461,8.2527,8.2547,-6.6647,0.6614,-7.924,6.9018,-0.7415,-3.6112,-2.8158,-6.3879,-2.2765,-9.8556,-7.2664,5.97,2.7556,-0.7678,-2.2358,-4.9604,0.475,0.3756,1.9473,3.4557,4.2472,4.2715,-6.6052,-4.1611,-1.7311,2.1658,5.1507,8.3534,-0.8887,0.5264,-5.1559,-7.9414,4.9913,-3.9096,-6.5034,-3.8853,-6.5989,4.5779,9.5626,-3.4733,-9.0182,4.7616,6.2575,-7.0802,-7.3943,7.9265,-8.6519,5.2802,-1.0527,0.2163,-9.8998,-9.566,3.7687,-4.6551,4.5069,7.3265,3.9978,2.7318
2.915,-1.3928,6.6463,5.7342,0.9223,-9.574,8.0742,-2.9275,2.6241,-9.5603,3.3904,4.8764,7.3764,0.4811,-4.1017,-6.6997,4.4074,-9.515,-6.9624,3.55,9.7627,-3.9432,1.6754,-2.8695,6.6697,3.2317,3.0853,8.1292,4.7985,-8.7631,2.882,9.0436,6.0093,0.854,-4.3802,6.6585,-5.7069,2.4266,-8.8157,4.5988,-1.5788,8.1112,-6.7286,4.4771,0.1367,9.1516,5.5807,-5.8187,4.5705,5.7497,-0.5062,7.3202,6.9863,-0.9394,-1.1114,9.2588,3.1887,-2.5738,4.9058,1.8432,-1.868,-9.0118,0.8339,6.245,7.1412,7.3378,6.23,3.0403,-1.8571,5.2751,4.8047,1.7828,-1.266,-1.2001,1.8433,5.6683,-3.1812,1.5821,6.0588,-0.7968,0.8692,-3.7077,7.5776,-9.3202,-5.6618,-1.2903,-8.1308,9.0486,-1.125,-7.6452,-5.5876,-9.2353,7.3315,2.7075,1.395,-1.7466,-7.3769,6.7107,-1.3417,-1.1866,-0.5271,2.4651,-7.1193,6.4486,7.2271,-2.0553,-1.8901,6.932,-4.9034,8.1589,-3.3732,1.8114,-4.7952,-2.1955,-2.6451,1.7843,4.8665,0.8687,-1.6256,-7.0735,7.2214,4.3308,-4.9527,1.8272,-9.9485,-2.3979,-2.3518,3.4958,9.1016,2.4533,-7.5306,-7.6531,7.6999,-2.1276,7.1336,-5.1266,-3.302,-0.5948,4.0585,6.9237,5.088,9.0367,6.8656,-2.8467,7.5091,8.2739,4.2522,-7.6066,-8.7883,-6.1924,3.6215,-1.8488,-9.1526,9.8306,-5.9813,-5.7154,9.0521,9.3282,1.459,8.6022,3.468,-2.2298,-0.9667,-5.467,-2.9046,-6.454,6.3185,0.4329,-7.8979,-6.8095,9.6859,-6.9605,0.4322,4.9073,-7.646,-8.6804,-2.7911,8.404,-8.4509,-2.4955,-4.4335,1.3979,6.6238,4.296,-2.1332,7.3639,-1.666,2.8916,4.8973,1.7577,5.4544,-8.5864,-5.5867,5.4556,-3.3189,8.6789,-3.3278,-3.6531,4.7337,3.2108
-9.4606,-5.3177,-3.8022,2.5721,7.6288,-9.9138,3.8326,-7.4673,3.6777,0.9342,-4.1633,1.4276,9.2567,-6.4858,6.6316,-2.8279,-8.3386,0.8308,-9.0401,-1.3942,-2.4641,6.1928,-4.1967,8.2676,-6.7563,-6.9827,-8.6762,-0.8477,-3.2776,6.7679,1.2366,-3.7273,4.2799,8.8922,-2.6012,1.2767,-7.4552,-0.7935,0.3867,-1.6357,-2.3166,-2.9014,9.4041,-2.9381,-0.4086,5.2133,7.2149,5.6585,-9.2816,-6.2157,6.2753,0.5687,-6.1291,-0.9182,5.1758,-4.7836,-0.1136,1.5389,-3.5193,3.6791,-5.6802,-4.3604,-5.5168,-8.8872,-7.9052,2.7502,-2.4517,-9.1127,-6.8042,-2.2245,-1.2064,9.8381,-9.4018,6.1353,5.8974,1.5093,-2.9145,-6.2368,-4.2242,2.4521,-0.317,6.6893,8.6596,3.5038,8.8546,-9.5915,2.9189,8.3081,1.4227,5.8225,5.1793,8.8032,0.7483,9.6207,7.9243,7.4593,-8.6269,5.1384,1.5543,-8.9856,9.949,6.7261,5.9738,-1.2227,-9.4048,0.6338,3.4926,-2.1212,-5.7835,-6.6655,3.6319,2.7081,4.9232,4.5496,-0.208,-4.5104,2.5707,8.5839,-1.74,9.582,1.0881,-5.6639,-9.3624,4.7251,0.4506,-9.1612,-0.5321,1.2553,6.0129,1.7671,9.7764,-4.5225,-8.7825,-5.0266,-4.2482,-2.8674,5.4716,-2.9689,2.9266,4.2213,-7.2805,3.2033,-5.1395,5.1156,-2.3466,-4.8648,-1.1891,-8.8316,-8.078,3.2817,-1.9338,7.2419,-9.3211,8.8328,6.5996,-4.3305,-3.2309,-0.6939,9.0815,-8.1822,1.6006,2.9867,-6.1935,4.5304,-7.9464,-9.0712,5.7628,6.289,8.588,9.1939,-5.2849,-5.4936,-6.8907,-5.0697,0.7392,8.5692,8.0549,-1.1049,-9.7558,8.4122,-6.7228,4.5842,3.4957,-9.0373,-8.201,-7.7405,-5.3535,-6.9241,7.4986,8.0498,-6.7777,-9.655,-7.1808,-9.0385,-3.9965,-0.847,-8.246,-0.618,6.4662,-8.0907
